Filename,ID,mge_params,fasta_header,sample_taxid,ref_accession,ref_rank,n_reads_in,n_reads_aligned,n_reads_skipped,ref_length,cov_min,cov_max,cov_avg,cov_med,cleaning_removed_human,cleaning_removed_at,cleaning_removed_outlier,cleaning_removed_reference,cleaning_ambig_bases,cleaning_cov_percent
BGSNH294-24_r_1.5_s_100_BGSNH294-24,BGSNH294-24,r_1.5_s_100_merge,>BGSNH294-24_r_1.5_s_100_BGSNH294-24_merge,1929793,YP_009019993.1,genus:Adelphocoris,,2,null,1536,0.0,2.0,0.12,0.0,null,null,null,null,null,null
BGSNH333-24_r_1.3_s_50_BGSNH333-24,BGSNH333-24,r_1.3_s_50_merge,>BGSNH333-24_r_1.3_s_50_BGSNH333-24_merge,2315913,QDI94090.1,tribe:Phylini,,18204,null,1533,0.0,2548.0,853.74,896.0,null,null,null,null,null,null
BGSNH329-24_r_1.3_s_50_BGSNH329-24,BGSNH329-24,r_1.3_s_50_merge,>BGSNH329-24_r_1.3_s_50_BGSNH329-24_merge,237212,QDI94090.1,tribe:Phylini,,8329,null,1533,0.0,1153.0,427.09,377.0,null,null,null,null,null,null
BGSNH345-24_r_1.3_s_100_BGSNH345-24,BGSNH345-24,r_1.3_s_100_merge,>BGSNH345-24_r_1.3_s_100_BGSNH345-24_merge,2212857,YP_009019993.1,tribe:Mirini,,69349,null,1536,2545.0,8127.0,5022.52,4807.5,null,null,null,null,null,null
BGSNH353-24_r_1_s_100_BGSNH353-24,BGSNH353-24,r_1_s_100_merge,>BGSNH353-24_r_1_s_100_BGSNH353-24_merge,2212857,YP_009019993.1,tribe:Mirini,,8065,null,1536,92.0,1142.0,522.91,515.0,null,null,null,null,null,null
BGSNH341-24_r_1_s_100_BGSNH341-24,BGSNH341-24,r_1_s_100_merge,>BGSNH341-24_r_1_s_100_BGSNH341-24_merge,1336454,QDI94090.1,tribe:Phylini,,1273,null,1533,0.0,203.0,70.53,73.0,null,null,null,null,null,null
BGSNH357-24_r_1.3_s_100_BGSNH357-24,BGSNH357-24,r_1.3_s_100_merge,>BGSNH357-24_r_1.3_s_100_BGSNH357-24_merge,2212857,YP_009019993.1,tribe:Mirini,,2286,null,1536,38.0,341.0,151.77,135.0,null,null,null,null,null,null
BGSNH298-24_r_1.5_s_100_BGSNH298-24,BGSNH298-24,r_1.5_s_100_merge,>BGSNH298-24_r_1.5_s_100_BGSNH298-24_merge,981263,UPL65908.1,subfamily:Phylinae,,23729,null,1536,0.0,3618.0,1377.02,1330.0,null,null,null,null,null,null
BGSNH354-24_r_1_s_50_BGSNH354-24,BGSNH354-24,r_1_s_50_merge,>BGSNH354-24_r_1_s_50_BGSNH354-24_merge,2212857,YP_009019993.1,tribe:Mirini,,429,null,1536,0.0,92.0,30.38,30.0,null,null,null,null,null,null
BGSNH297-24_r_1_s_50_BGSNH297-24,BGSNH297-24,r_1_s_50_merge,>BGSNH297-24_r_1_s_50_BGSNH297-24_merge,1929793,YP_009019993.1,genus:Adelphocoris,,11340,null,1536,266.0,1138.0,674.69,670.0,null,null,null,null,null,null
BGSNH363-24_r_1.5_s_100_BGSNH363-24,BGSNH363-24,r_1.5_s_100_merge,>BGSNH363-24_r_1.5_s_100_BGSNH363-24_merge,1545085,YP_010424628.1,tribe:Orthotylini,,27014,null,1533,0.0,2974.0,1688.83,1906.0,null,null,null,null,null,null
BGSNH335-24_r_1.5_s_100_BGSNH335-24,BGSNH335-24,r_1.5_s_100_merge,>BGSNH335-24_r_1.5_s_100_BGSNH335-24_merge,2315913,QDI94090.1,tribe:Phylini,,1099,null,1533,0.0,154.0,66.92,72.0,null,null,null,null,null,null
BGSNH343-24_r_1_s_100_BGSNH343-24,BGSNH343-24,r_1_s_100_merge,>BGSNH343-24_r_1_s_100_BGSNH343-24_merge,2212857,YP_009019993.1,tribe:Mirini,,22800,null,1536,737.0,2374.0,1664.33,1602.0,null,null,null,null,null,null
BGSNH296-24_r_1.3_s_100_BGSNH296-24,BGSNH296-24,r_1.3_s_100_merge,>BGSNH296-24_r_1.3_s_100_BGSNH296-24_merge,1929793,YP_009019993.1,genus:Adelphocoris,,33851,null,1536,996.0,4401.0,2305.54,2226.0,null,null,null,null,null,null
BGSNH377-24_r_1.5_s_50_BGSNH377-24,BGSNH377-24,r_1.5_s_50_merge,>BGSNH377-24_r_1.5_s_50_BGSNH377-24_merge,2026309,YP_009019993.1,tribe:Mirini,,2868,null,1536,0.0,477.0,154.02,131.0,null,null,null,null,null,null
BGSNH358-24_r_1.5_s_50_BGSNH358-24,BGSNH358-24,r_1.5_s_50_merge,>BGSNH358-24_r_1.5_s_50_BGSNH358-24_merge,2212857,YP_009019993.1,tribe:Mirini,,811,null,1536,0.0,152.0,39.0,34.0,null,null,null,null,null,null
BGSNH367-24_r_1_s_100_BGSNH367-24,BGSNH367-24,r_1_s_100_merge,>BGSNH367-24_r_1_s_100_BGSNH367-24_merge,2358427,QDI94090.1,tribe:Phylini,,2591,null,1533,0.0,367.0,162.17,152.0,null,null,null,null,null,null
BGSNH327-24_r_1.5_s_100_BGSNH327-24,BGSNH327-24,r_1.5_s_100_merge,>BGSNH327-24_r_1.5_s_100_BGSNH327-24_merge,237212,QDI94090.1,tribe:Phylini,,221,null,1533,0.0,52.0,15.69,15.0,null,null,null,null,null,null
BGSNH355-24_r_1.5_s_50_BGSNH355-24,BGSNH355-24,r_1.5_s_50_merge,>BGSNH355-24_r_1.5_s_50_BGSNH355-24_merge,2212857,YP_009019993.1,tribe:Mirini,,8868,null,1536,1.0,859.0,453.02,478.0,null,null,null,null,null,null
BGSNH291-24_r_1.5_s_50_BGSNH291-24,BGSNH291-24,r_1.5_s_50_merge,>BGSNH291-24_r_1.5_s_50_BGSNH291-24_merge,1545070,AHN95687.1,tribe:Stenodemini,,8456,null,1533,115.0,1042.0,535.64,496.0,null,null,null,null,null,null
BGSNH340-24_r_1.5_s_50_BGSNH340-24,BGSNH340-24,r_1.5_s_50_merge,>BGSNH340-24_r_1.5_s_50_BGSNH340-24_merge,1336454,QDI94090.1,tribe:Phylini,,994,null,1533,0.0,122.0,41.4,40.0,null,null,null,null,null,null
BGSNH312-24_r_1.3_s_100_BGSNH312-24,BGSNH312-24,r_1.3_s_100_merge,>BGSNH312-24_r_1.3_s_100_BGSNH312-24_merge,236347,XSG68089.1,subfamily:Bryocorinae,,72821,null,1536,1627.0,7144.0,4460.21,4458.0,null,null,null,null,null,null
BGSNH311-24_r_1.3_s_50_BGSNH311-24,BGSNH311-24,r_1.3_s_50_merge,>BGSNH311-24_r_1.3_s_50_BGSNH311-24_merge,236347,XSG68089.1,subfamily:Bryocorinae,,191722,null,1536,4013.0,17350.0,10249.22,9841.0,null,null,null,null,null,null
BGSNH313-24_r_1.5_s_100_BGSNH313-24,BGSNH313-24,r_1.5_s_100_merge,>BGSNH313-24_r_1.5_s_100_BGSNH313-24_merge,236347,XSG68089.1,subfamily:Bryocorinae,,17254,null,1536,0.0,2231.0,1096.03,1190.0,null,null,null,null,null,null
BGSNH300-24_r_1_s_50_BGSNH300-24,BGSNH300-24,r_1_s_50_merge,>BGSNH300-24_r_1_s_50_BGSNH300-24_merge,2868303,YP_009019993.1,tribe:Mirini,,1045,null,1536,0.0,199.0,69.95,49.0,null,null,null,null,null,null
BGSNH312-24_r_1.5_s_50_BGSNH312-24,BGSNH312-24,r_1.5_s_50_merge,>BGSNH312-24_r_1.5_s_50_BGSNH312-24_merge,236347,XSG68089.1,subfamily:Bryocorinae,,80736,null,1536,20.0,7639.0,4318.88,4736.0,null,null,null,null,null,null
BGSNH342-24_r_1_s_50_BGSNH342-24,BGSNH342-24,r_1_s_50_merge,>BGSNH342-24_r_1_s_50_BGSNH342-24_merge,2212857,YP_009019993.1,tribe:Mirini,,12196,null,1536,411.0,1188.0,751.22,731.0,null,null,null,null,null,null
BGSNH316-24_r_1_s_50_BGSNH316-24,BGSNH316-24,r_1_s_50_merge,>BGSNH316-24_r_1_s_50_BGSNH316-24_merge,236347,XSG68089.1,subfamily:Bryocorinae,,38402,null,1536,1624.0,4767.0,2852.89,2382.0,null,null,null,null,null,null
BGSNH362-24_r_1_s_100_BGSNH362-24,BGSNH362-24,r_1_s_100_merge,>BGSNH362-24_r_1_s_100_BGSNH362-24_merge,1545085,YP_010424628.1,tribe:Orthotylini,,5948,null,1533,183.0,818.0,410.06,374.0,null,null,null,null,null,null
BGSNH315-24_r_1.3_s_50_BGSNH315-24,BGSNH315-24,r_1.3_s_50_merge,>BGSNH315-24_r_1.3_s_50_BGSNH315-24_merge,236347,XSG68089.1,subfamily:Bryocorinae,,6066,null,1536,220.0,886.0,479.79,414.0,null,null,null,null,null,null
BGSNH360-24_r_1.5_s_100_BGSNH360-24,BGSNH360-24,r_1.5_s_100_merge,>BGSNH360-24_r_1.5_s_100_BGSNH360-24_merge,2212857,YP_009019993.1,tribe:Mirini,,2858,null,1536,0.0,487.0,154.23,146.0,null,null,null,null,null,null
BGSNH314-24_r_1.5_s_50_BGSNH314-24,BGSNH314-24,r_1.5_s_50_merge,>BGSNH314-24_r_1.5_s_50_BGSNH314-24_merge,236347,XSG68089.1,subfamily:Bryocorinae,,1626,null,1536,0.0,241.0,120.36,139.0,null,null,null,null,null,null
BGSNH324-24_r_1.5_s_100_BGSNH324-24,BGSNH324-24,r_1.5_s_100_merge,>BGSNH324-24_r_1.5_s_100_BGSNH324-24_merge,237212,QDI94090.1,tribe:Phylini,,7443,null,1533,0.0,1162.0,452.06,472.0,null,null,null,null,null,null
BGSNH313-24_r_1_s_50_BGSNH313-24,BGSNH313-24,r_1_s_50_merge,>BGSNH313-24_r_1_s_50_BGSNH313-24_merge,236347,XSG68089.1,subfamily:Bryocorinae,,28641,null,1536,823.0,2546.0,1637.7,1522.5,null,null,null,null,null,null
BGSNH328-24_r_1.5_s_50_BGSNH328-24,BGSNH328-24,r_1.5_s_50_merge,>BGSNH328-24_r_1.5_s_50_BGSNH328-24_merge,237212,QDI94090.1,tribe:Phylini,,11953,null,1533,0.0,1584.0,804.88,914.0,null,null,null,null,null,null
BGSNH360-24_r_1.5_s_50_BGSNH360-24,BGSNH360-24,r_1.5_s_50_merge,>BGSNH360-24_r_1.5_s_50_BGSNH360-24_merge,2212857,YP_009019993.1,tribe:Mirini,,4684,null,1536,0.0,666.0,210.05,206.0,null,null,null,null,null,null
BGSNH353-24_r_1_s_50_BGSNH353-24,BGSNH353-24,r_1_s_50_merge,>BGSNH353-24_r_1_s_50_BGSNH353-24_merge,2212857,YP_009019993.1,tribe:Mirini,,10821,null,1536,288.0,1265.0,616.34,581.5,null,null,null,null,null,null
BGSNH337-24_r_1_s_50_BGSNH337-24,BGSNH337-24,r_1_s_50_merge,>BGSNH337-24_r_1_s_50_BGSNH337-24_merge,1336454,QDI94090.1,tribe:Phylini,,2936,null,1533,0.0,290.0,173.67,197.0,null,null,null,null,null,null
BGSNH323-24_r_1_s_50_BGSNH323-24,BGSNH323-24,r_1_s_50_merge,>BGSNH323-24_r_1_s_50_BGSNH323-24_merge,237212,QDI94090.1,tribe:Phylini,,27023,null,1533,0.0,4008.0,1533.97,1520.0,null,null,null,null,null,null
BGSNH322-24_r_1.3_s_50_BGSNH322-24,BGSNH322-24,r_1.3_s_50_merge,>BGSNH322-24_r_1.3_s_50_BGSNH322-24_merge,237212,QDI94090.1,tribe:Phylini,,12282,null,1533,0.0,1319.0,652.73,691.0,null,null,null,null,null,null
BGSNH328-24_r_1.3_s_50_BGSNH328-24,BGSNH328-24,r_1.3_s_50_merge,>BGSNH328-24_r_1.3_s_50_BGSNH328-24_merge,237212,QDI94090.1,tribe:Phylini,,13219,null,1533,0.0,1594.0,917.16,995.0,null,null,null,null,null,null
BGSNH368-24_r_1.3_s_50_BGSNH368-24,BGSNH368-24,r_1.3_s_50_merge,>BGSNH368-24_r_1.3_s_50_BGSNH368-24_merge,2358427,QDI94090.1,tribe:Phylini,,3896,null,1533,0.0,512.0,217.24,222.0,null,null,null,null,null,null
BGSNH332-24_r_1.5_s_100_BGSNH332-24,BGSNH332-24,r_1.5_s_100_merge,>BGSNH332-24_r_1.5_s_100_BGSNH332-24_merge,2315913,QDI94090.1,tribe:Phylini,,7790,null,1533,0.0,1094.0,554.91,592.0,null,null,null,null,null,null
BGSNH378-24_r_1.5_s_100_BGSNH378-24,BGSNH378-24,r_1.5_s_100_merge,>BGSNH378-24_r_1.5_s_100_BGSNH378-24_merge,2026309,YP_009019993.1,tribe:Mirini,,56,null,1536,0.0,29.0,3.0,0.0,null,null,null,null,null,null
BGSNH355-24_r_1.3_s_100_BGSNH355-24,BGSNH355-24,r_1.3_s_100_merge,>BGSNH355-24_r_1.3_s_100_BGSNH355-24_merge,2212857,YP_009019993.1,tribe:Mirini,,7866,null,1536,113.0,791.0,462.96,460.5,null,null,null,null,null,null
BGSNH359-24_r_1_s_100_BGSNH359-24,BGSNH359-24,r_1_s_100_merge,>BGSNH359-24_r_1_s_100_BGSNH359-24_merge,2212857,YP_009019993.1,tribe:Mirini,,1206,null,1536,0.0,548.0,118.9,75.0,null,null,null,null,null,null
BGSNH369-24_r_1_s_100_BGSNH369-24,BGSNH369-24,r_1_s_100_merge,>BGSNH369-24_r_1_s_100_BGSNH369-24_merge,2358427,QDI94090.1,tribe:Phylini,,467,null,1533,0.0,116.0,40.41,35.0,null,null,null,null,null,null
BGSNH319-24_r_1_s_100_BGSNH319-24,BGSNH319-24,r_1_s_100_merge,>BGSNH319-24_r_1_s_100_BGSNH319-24_merge,236347,XSG68089.1,subfamily:Bryocorinae,,137,null,1536,0.0,23.0,10.06,11.0,null,null,null,null,null,null
BGSNH359-24_r_1.3_s_50_BGSNH359-24,BGSNH359-24,r_1.3_s_50_merge,>BGSNH359-24_r_1.3_s_50_BGSNH359-24_merge,2212857,YP_009019993.1,tribe:Mirini,,430,null,1536,0.0,93.0,19.6,14.0,null,null,null,null,null,null
BGSNH360-24_r_1_s_100_BGSNH360-24,BGSNH360-24,r_1_s_100_merge,>BGSNH360-24_r_1_s_100_BGSNH360-24_merge,2212857,YP_009019993.1,tribe:Mirini,,3672,null,1536,39.0,494.0,214.57,197.0,null,null,null,null,null,null
BGSNH334-24_r_1.5_s_50_BGSNH334-24,BGSNH334-24,r_1.5_s_50_merge,>BGSNH334-24_r_1.5_s_50_BGSNH334-24_merge,2315913,QDI94090.1,tribe:Phylini,,48969,null,1533,0.0,5103.0,2491.53,2743.0,null,null,null,null,null,null
BGSNH290-24_r_1_s_100_BGSNH290-24,BGSNH290-24,r_1_s_100_merge,>BGSNH290-24_r_1_s_100_BGSNH290-24_merge,1545070,AHN95687.1,tribe:Stenodemini,,27428,null,1533,479.0,3885.0,1930.86,1661.0,null,null,null,null,null,null
BGSNH287-24_r_1.5_s_100_BGSNH287-24,BGSNH287-24,r_1.5_s_100_merge,>BGSNH287-24_r_1.5_s_100_BGSNH287-24_merge,1545070,AHN95687.1,tribe:Stenodemini,,2601,null,1533,2.0,341.0,166.64,150.0,null,null,null,null,null,null
BGSNH345-24_r_1.5_s_100_BGSNH345-24,BGSNH345-24,r_1.5_s_100_merge,>BGSNH345-24_r_1.5_s_100_BGSNH345-24_merge,2212857,YP_009019993.1,tribe:Mirini,,59512,null,1536,40.0,8125.0,4289.27,4221.0,null,null,null,null,null,null
BGSNH353-24_r_1.3_s_50_BGSNH353-24,BGSNH353-24,r_1.3_s_50_merge,>BGSNH353-24_r_1.3_s_50_BGSNH353-24_merge,2212857,YP_009019993.1,tribe:Mirini,,9485,null,1536,246.0,1257.0,520.25,471.0,null,null,null,null,null,null
BGSNH298-24_r_1_s_50_BGSNH298-24,BGSNH298-24,r_1_s_50_merge,>BGSNH298-24_r_1_s_50_BGSNH298-24_merge,981263,UPL65908.1,subfamily:Phylinae,,43691,null,1536,7.0,4305.0,2186.43,2105.5,null,null,null,null,null,null
BGSNH318-24_r_1_s_50_BGSNH318-24,BGSNH318-24,r_1_s_50_merge,>BGSNH318-24_r_1_s_50_BGSNH318-24_merge,236347,XSG68089.1,subfamily:Bryocorinae,,30712,null,1536,0.0,4356.0,2272.2,1879.0,null,null,null,null,null,null
BGSNH333-24_r_1_s_50_BGSNH333-24,BGSNH333-24,r_1_s_50_merge,>BGSNH333-24_r_1_s_50_BGSNH333-24_merge,2315913,QDI94090.1,tribe:Phylini,,19024,null,1533,0.0,2881.0,893.36,908.0,null,null,null,null,null,null
BGSNH328-24_r_1_s_50_BGSNH328-24,BGSNH328-24,r_1_s_50_merge,>BGSNH328-24_r_1_s_50_BGSNH328-24_merge,237212,QDI94090.1,tribe:Phylini,,14339,null,1533,0.0,2109.0,988.01,1030.0,null,null,null,null,null,null
BGSNH339-24_r_1.3_s_100_BGSNH339-24,BGSNH339-24,r_1.3_s_100_merge,>BGSNH339-24_r_1.3_s_100_BGSNH339-24_merge,1336454,QDI94090.1,tribe:Phylini,,2278,null,1533,0.0,293.0,138.53,150.0,null,null,null,null,null,null
BGSNH310-24_r_1.5_s_100_BGSNH310-24,BGSNH310-24,r_1.5_s_100_merge,>BGSNH310-24_r_1.5_s_100_BGSNH310-24_merge,236347,XSG68089.1,subfamily:Bryocorinae,,10507,null,1536,0.0,1438.0,633.33,664.5,null,null,null,null,null,null
BGSNH291-24_r_1_s_100_BGSNH291-24,BGSNH291-24,r_1_s_100_merge,>BGSNH291-24_r_1_s_100_BGSNH291-24_merge,1545070,AHN95687.1,tribe:Stenodemini,,8540,null,1533,164.0,1000.0,588.95,549.0,null,null,null,null,null,null
BGSNH354-24_r_1.3_s_100_BGSNH354-24,BGSNH354-24,r_1.3_s_100_merge,>BGSNH354-24_r_1.3_s_100_BGSNH354-24_merge,2212857,YP_009019993.1,tribe:Mirini,,134,null,1536,0.0,41.0,8.98,8.0,null,null,null,null,null,null
BGSNH306-24_r_1.5_s_50_BGSNH306-24,BGSNH306-24,r_1.5_s_50_merge,>BGSNH306-24_r_1.5_s_50_BGSNH306-24_merge,981266,QDI94090.1,tribe:Phylini,,6975,null,1533,0.0,1124.0,372.72,364.0,null,null,null,null,null,null
BGSNH314-24_r_1.5_s_100_BGSNH314-24,BGSNH314-24,r_1.5_s_100_merge,>BGSNH314-24_r_1.5_s_100_BGSNH314-24_merge,236347,XSG68089.1,subfamily:Bryocorinae,,1381,null,1536,0.0,205.0,113.37,134.0,null,null,null,null,null,null
BGSNH326-24_r_1_s_50_BGSNH326-24,BGSNH326-24,r_1_s_50_merge,>BGSNH326-24_r_1_s_50_BGSNH326-24_merge,237212,QDI94090.1,tribe:Phylini,,569,null,1533,0.0,94.0,27.54,25.0,null,null,null,null,null,null
BGSNH298-24_r_1.3_s_100_BGSNH298-24,BGSNH298-24,r_1.3_s_100_merge,>BGSNH298-24_r_1.3_s_100_BGSNH298-24_merge,981263,UPL65908.1,subfamily:Phylinae,,27730,null,1536,0.0,3642.0,1632.94,1563.0,null,null,null,null,null,null
BGSNH295-24_r_1_s_50_BGSNH295-24,BGSNH295-24,r_1_s_50_merge,>BGSNH295-24_r_1_s_50_BGSNH295-24_merge,1929793,YP_009019993.1,genus:Adelphocoris,,49079,null,1536,1513.0,6513.0,2902.41,2689.0,null,null,null,null,null,null
BGSNH359-24_r_1.5_s_100_BGSNH359-24,BGSNH359-24,r_1.5_s_100_merge,>BGSNH359-24_r_1.5_s_100_BGSNH359-24_merge,2212857,YP_009019993.1,tribe:Mirini,,211,null,1536,0.0,51.0,12.47,8.0,null,null,null,null,null,null
BGSNH371-24_r_1_s_100_BGSNH371-24,BGSNH371-24,r_1_s_100_merge,>BGSNH371-24_r_1_s_100_BGSNH371-24_merge,1837210,QDI94090.1,tribe:Phylini,,946,null,1533,0.0,196.0,53.86,48.0,null,null,null,null,null,null
BGSNH300-24_r_1_s_100_BGSNH300-24,BGSNH300-24,r_1_s_100_merge,>BGSNH300-24_r_1_s_100_BGSNH300-24_merge,2868303,YP_009019993.1,tribe:Mirini,,593,null,1536,0.0,169.0,54.54,33.0,null,null,null,null,null,null
BGSNH375-24_r_1.3_s_100_BGSNH375-24,BGSNH375-24,r_1.3_s_100_merge,>BGSNH375-24_r_1.3_s_100_BGSNH375-24_merge,1837210,QDI94090.1,tribe:Phylini,,18957,null,1533,0.0,2974.0,1088.34,1052.0,null,null,null,null,null,null
BGSNH302-24_r_1_s_100_BGSNH302-24,BGSNH302-24,r_1_s_100_merge,>BGSNH302-24_r_1_s_100_BGSNH302-24_merge,981266,QDI94090.1,tribe:Phylini,,6160,null,1533,0.0,1089.0,379.09,363.0,null,null,null,null,null,null
BGSNH338-24_r_1_s_50_BGSNH338-24,BGSNH338-24,r_1_s_50_merge,>BGSNH338-24_r_1_s_50_BGSNH338-24_merge,1336454,QDI94090.1,tribe:Phylini,,744,null,1533,0.0,71.0,29.5,29.0,null,null,null,null,null,null
BGSNH344-24_r_1.5_s_100_BGSNH344-24,BGSNH344-24,r_1.5_s_100_merge,>BGSNH344-24_r_1.5_s_100_BGSNH344-24_merge,2212857,YP_009019993.1,tribe:Mirini,,9991,null,1536,21.0,1363.0,609.82,563.0,null,null,null,null,null,null
BGSNH308-24_r_1_s_50_BGSNH308-24,BGSNH308-24,r_1_s_50_merge,>BGSNH308-24_r_1_s_50_BGSNH308-24_merge,981266,QDI94090.1,tribe:Phylini,,6740,null,1533,0.0,1068.0,369.97,322.0,null,null,null,null,null,null
BGSNH296-24_r_1.5_s_50_BGSNH296-24,BGSNH296-24,r_1.5_s_50_merge,>BGSNH296-24_r_1.5_s_50_BGSNH296-24_merge,1929793,YP_009019993.1,genus:Adelphocoris,,37752,null,1536,982.0,4685.0,2404.89,2309.5,null,null,null,null,null,null
BGSNH362-24_r_1.3_s_50_BGSNH362-24,BGSNH362-24,r_1.3_s_50_merge,>BGSNH362-24_r_1.3_s_50_BGSNH362-24_merge,1545085,YP_010424628.1,tribe:Orthotylini,,6703,null,1533,184.0,859.0,422.76,388.0,null,null,null,null,null,null
BGSNH378-24_r_1_s_100_BGSNH378-24,BGSNH378-24,r_1_s_100_merge,>BGSNH378-24_r_1_s_100_BGSNH378-24_merge,2026309,YP_009019993.1,tribe:Mirini,,1054,null,1536,0.0,519.0,105.87,50.0,null,null,null,null,null,null
BGSNH374-24_r_1.3_s_50_BGSNH374-24,BGSNH374-24,r_1.3_s_50_merge,>BGSNH374-24_r_1.3_s_50_BGSNH374-24_merge,1837210,QDI94090.1,tribe:Phylini,,1340,null,1533,0.0,160.0,70.94,75.0,null,null,null,null,null,null
BGSNH337-24_r_1.3_s_50_BGSNH337-24,BGSNH337-24,r_1.3_s_50_merge,>BGSNH337-24_r_1.3_s_50_BGSNH337-24_merge,1336454,QDI94090.1,tribe:Phylini,,2761,null,1533,0.0,272.0,165.03,188.0,null,null,null,null,null,null
BGSNH295-24_r_1_s_100_BGSNH295-24,BGSNH295-24,r_1_s_100_merge,>BGSNH295-24_r_1_s_100_BGSNH295-24_merge,1929793,YP_009019993.1,genus:Adelphocoris,,41061,null,1536,1245.0,5799.0,2652.44,2427.5,null,null,null,null,null,null
BGSNH321-24_r_1.5_s_50_BGSNH321-24,BGSNH321-24,r_1.5_s_50_merge,>BGSNH321-24_r_1.5_s_50_BGSNH321-24_merge,237212,QDI94090.1,tribe:Phylini,,8478,null,1533,0.0,1037.0,469.69,508.0,null,null,null,null,null,null
BGSNH307-24_r_1.3_s_50_BGSNH307-24,BGSNH307-24,r_1.3_s_50_merge,>BGSNH307-24_r_1.3_s_50_BGSNH307-24_merge,981266,QDI94090.1,tribe:Phylini,,8774,null,1533,0.0,1299.0,442.9,424.0,null,null,null,null,null,null
BGSNH370-24_r_1_s_100_BGSNH370-24,BGSNH370-24,r_1_s_100_merge,>BGSNH370-24_r_1_s_100_BGSNH370-24_merge,1837210,QDI94090.1,tribe:Phylini,,942,null,1533,0.0,126.0,54.68,57.0,null,null,null,null,null,null
BGSNH309-24_r_1_s_100_BGSNH309-24,BGSNH309-24,r_1_s_100_merge,>BGSNH309-24_r_1_s_100_BGSNH309-24_merge,981266,QDI94090.1,tribe:Phylini,,25420,null,1533,0.0,3959.0,1526.35,1373.0,null,null,null,null,null,null
BGSNH364-24_r_1.3_s_50_BGSNH364-24,BGSNH364-24,r_1.3_s_50_merge,>BGSNH364-24_r_1.3_s_50_BGSNH364-24_merge,236347,XSG68089.1,subfamily:Bryocorinae,,20566,null,1536,0.0,2126.0,1193.57,1196.0,null,null,null,null,null,null
BGSNH303-24_r_1.3_s_100_BGSNH303-24,BGSNH303-24,r_1.3_s_100_merge,>BGSNH303-24_r_1.3_s_100_BGSNH303-24_merge,981266,QDI94090.1,tribe:Phylini,,4605,null,1533,0.0,973.0,272.65,224.0,null,null,null,null,null,null
BGSNH293-24_r_1.5_s_100_BGSNH293-24,BGSNH293-24,r_1.5_s_100_merge,>BGSNH293-24_r_1.5_s_100_BGSNH293-24_merge,236347,XSG68089.1,subfamily:Bryocorinae,,1811,null,1536,0.0,246.0,109.5,102.0,null,null,null,null,null,null
BGSNH318-24_r_1.3_s_50_BGSNH318-24,BGSNH318-24,r_1.3_s_50_merge,>BGSNH318-24_r_1.3_s_50_BGSNH318-24_merge,236347,XSG68089.1,subfamily:Bryocorinae,,29070,null,1536,0.0,4355.0,2163.87,1788.0,null,null,null,null,null,null
BGSNH298-24_r_1.5_s_50_BGSNH298-24,BGSNH298-24,r_1.5_s_50_merge,>BGSNH298-24_r_1.5_s_50_BGSNH298-24_merge,981263,UPL65908.1,subfamily:Phylinae,,34463,null,1536,0.0,4242.0,1712.88,1661.0,null,null,null,null,null,null
BGSNH316-24_r_1.3_s_100_BGSNH316-24,BGSNH316-24,r_1.3_s_100_merge,>BGSNH316-24_r_1.3_s_100_BGSNH316-24_merge,236347,XSG68089.1,subfamily:Bryocorinae,,30797,null,1536,1471.0,4558.0,2473.33,2166.5,null,null,null,null,null,null
BGSNH319-24_r_1.5_s_50_BGSNH319-24,BGSNH319-24,r_1.5_s_50_merge,>BGSNH319-24_r_1.5_s_50_BGSNH319-24_merge,236347,XSG68089.1,subfamily:Bryocorinae,,102,null,1536,0.0,21.0,5.34,4.0,null,null,null,null,null,null
BGSNH351-24_r_1.5_s_100_BGSNH351-24,BGSNH351-24,r_1.5_s_100_merge,>BGSNH351-24_r_1.5_s_100_BGSNH351-24_merge,2212857,YP_009019993.1,tribe:Mirini,,99,null,1536,0.0,24.0,4.76,3.0,null,null,null,null,null,null
BGSNH374-24_r_1_s_100_BGSNH374-24,BGSNH374-24,r_1_s_100_merge,>BGSNH374-24_r_1_s_100_BGSNH374-24_merge,1837210,QDI94090.1,tribe:Phylini,,979,null,1533,0.0,130.0,60.43,63.0,null,null,null,null,null,null
BGSNH372-24_r_1.3_s_100_BGSNH372-24,BGSNH372-24,r_1.3_s_100_merge,>BGSNH372-24_r_1.3_s_100_BGSNH372-24_merge,1837210,QDI94090.1,tribe:Phylini,,576,null,1533,0.0,83.0,31.83,32.0,null,null,null,null,null,null
BGSNH287-24_r_1.5_s_50_BGSNH287-24,BGSNH287-24,r_1.5_s_50_merge,>BGSNH287-24_r_1.5_s_50_BGSNH287-24_merge,1545070,AHN95687.1,tribe:Stenodemini,,3146,null,1533,2.0,392.0,183.11,164.0,null,null,null,null,null,null
BGSNH371-24_r_1.3_s_100_BGSNH371-24,BGSNH371-24,r_1.3_s_100_merge,>BGSNH371-24_r_1.3_s_100_BGSNH371-24_merge,1837210,QDI94090.1,tribe:Phylini,,918,null,1533,0.0,187.0,51.05,47.0,null,null,null,null,null,null
BGSNH303-24_r_1_s_100_BGSNH303-24,BGSNH303-24,r_1_s_100_merge,>BGSNH303-24_r_1_s_100_BGSNH303-24_merge,981266,QDI94090.1,tribe:Phylini,,4769,null,1533,0.0,974.0,282.71,229.0,null,null,null,null,null,null
BGSNH376-24_r_1.3_s_100_BGSNH376-24,BGSNH376-24,r_1.3_s_100_merge,>BGSNH376-24_r_1.3_s_100_BGSNH376-24_merge,1837210,QDI94090.1,tribe:Phylini,,974,null,1533,0.0,149.0,53.44,53.0,null,null,null,null,null,null
BGSNH367-24_r_1.3_s_100_BGSNH367-24,BGSNH367-24,r_1.3_s_100_merge,>BGSNH367-24_r_1.3_s_100_BGSNH367-24_merge,2358427,QDI94090.1,tribe:Phylini,,2458,null,1533,0.0,340.0,149.71,135.0,null,null,null,null,null,null
BGSNH379-24_r_1_s_50_BGSNH379-24,BGSNH379-24,r_1_s_50_merge,>BGSNH379-24_r_1_s_50_BGSNH379-24_merge,2026309,YP_009019993.1,tribe:Mirini,,2287,null,1536,15.0,692.0,169.68,140.0,null,null,null,null,null,null
BGSNH373-24_r_1.5_s_100_BGSNH373-24,BGSNH373-24,r_1.5_s_100_merge,>BGSNH373-24_r_1.5_s_100_BGSNH373-24_merge,1837210,QDI94090.1,tribe:Phylini,,1243,null,1533,0.0,190.0,67.27,68.0,null,null,null,null,null,null
BGSNH354-24_r_1_s_100_BGSNH354-24,BGSNH354-24,r_1_s_100_merge,>BGSNH354-24_r_1_s_100_BGSNH354-24_merge,2212857,YP_009019993.1,tribe:Mirini,,290,null,1536,0.0,76.0,25.54,25.0,null,null,null,null,null,null
BGSNH367-24_r_1.3_s_50_BGSNH367-24,BGSNH367-24,r_1.3_s_50_merge,>BGSNH367-24_r_1.3_s_50_BGSNH367-24_merge,2358427,QDI94090.1,tribe:Phylini,,3348,null,1533,0.0,371.0,176.25,168.0,null,null,null,null,null,null
BGSNH368-24_r_1.3_s_100_BGSNH368-24,BGSNH368-24,r_1.3_s_100_merge,>BGSNH368-24_r_1.3_s_100_BGSNH368-24_merge,2358427,QDI94090.1,tribe:Phylini,,2947,null,1533,0.0,489.0,187.89,183.0,null,null,null,null,null,null
BGSNH369-24_r_1.3_s_50_BGSNH369-24,BGSNH369-24,r_1.3_s_50_merge,>BGSNH369-24_r_1.3_s_50_BGSNH369-24_merge,2358427,QDI94090.1,tribe:Phylini,,387,null,1533,0.0,102.0,23.4,14.0,null,null,null,null,null,null
BGSNH354-24_r_1.5_s_100_BGSNH354-24,BGSNH354-24,r_1.5_s_100_merge,>BGSNH354-24_r_1.5_s_100_BGSNH354-24_merge,2212857,YP_009019993.1,tribe:Mirini,,65,null,1536,0.0,11.0,3.25,2.0,null,null,null,null,null,null
BGSNH319-24_r_1.3_s_100_BGSNH319-24,BGSNH319-24,r_1.3_s_100_merge,>BGSNH319-24_r_1.3_s_100_BGSNH319-24_merge,236347,XSG68089.1,subfamily:Bryocorinae,,109,null,1536,0.0,20.0,7.24,7.0,null,null,null,null,null,null
BGSNH349-24_r_1_s_50_BGSNH349-24,BGSNH349-24,r_1_s_50_merge,>BGSNH349-24_r_1_s_50_BGSNH349-24_merge,2212857,YP_009019993.1,tribe:Mirini,,1790,null,1536,4.0,415.0,124.2,79.5,null,null,null,null,null,null
BGSNH374-24_r_1.5_s_50_BGSNH374-24,BGSNH374-24,r_1.5_s_50_merge,>BGSNH374-24_r_1.5_s_50_BGSNH374-24_merge,1837210,QDI94090.1,tribe:Phylini,,1126,null,1533,0.0,126.0,57.47,61.0,null,null,null,null,null,null
BGSNH310-24_r_1.3_s_100_BGSNH310-24,BGSNH310-24,r_1.3_s_100_merge,>BGSNH310-24_r_1.3_s_100_BGSNH310-24_merge,236347,XSG68089.1,subfamily:Bryocorinae,,12401,null,1536,240.0,1438.0,759.1,715.5,null,null,null,null,null,null
BGSNH358-24_r_1_s_100_BGSNH358-24,BGSNH358-24,r_1_s_100_merge,>BGSNH358-24_r_1_s_100_BGSNH358-24_merge,2212857,YP_009019993.1,tribe:Mirini,,1167,null,1536,0.0,339.0,92.8,47.0,null,null,null,null,null,null
BGSNH321-24_r_1.3_s_50_BGSNH321-24,BGSNH321-24,r_1.3_s_50_merge,>BGSNH321-24_r_1.3_s_50_BGSNH321-24_merge,237212,QDI94090.1,tribe:Phylini,,9438,null,1533,0.0,1064.0,534.78,561.0,null,null,null,null,null,null
BGSNH286-24_r_1.5_s_50_BGSNH286-24,BGSNH286-24,r_1.5_s_50_merge,>BGSNH286-24_r_1.5_s_50_BGSNH286-24_merge,1545070,AHN95687.1,tribe:Stenodemini,,4362,null,1533,24.0,517.0,248.14,229.0,null,null,null,null,null,null
BGSNH328-24_r_1_s_100_BGSNH328-24,BGSNH328-24,r_1_s_100_merge,>BGSNH328-24_r_1_s_100_BGSNH328-24_merge,237212,QDI94090.1,tribe:Phylini,,11798,null,1533,0.0,1882.0,911.29,963.0,null,null,null,null,null,null
BGSNH319-24_r_1_s_50_BGSNH319-24,BGSNH319-24,r_1_s_50_merge,>BGSNH319-24_r_1_s_50_BGSNH319-24_merge,236347,XSG68089.1,subfamily:Bryocorinae,,219,null,1536,0.0,39.0,12.87,13.0,null,null,null,null,null,null
BGSNH368-24_r_1_s_100_BGSNH368-24,BGSNH368-24,r_1_s_100_merge,>BGSNH368-24_r_1_s_100_BGSNH368-24_merge,2358427,QDI94090.1,tribe:Phylini,,3364,null,1533,0.0,489.0,220.41,246.0,null,null,null,null,null,null
BGSNH340-24_r_1.5_s_100_BGSNH340-24,BGSNH340-24,r_1.5_s_100_merge,>BGSNH340-24_r_1.5_s_100_BGSNH340-24_merge,1336454,QDI94090.1,tribe:Phylini,,523,null,1533,0.0,102.0,27.18,22.0,null,null,null,null,null,null
BGSNH374-24_r_1_s_50_BGSNH374-24,BGSNH374-24,r_1_s_50_merge,>BGSNH374-24_r_1_s_50_BGSNH374-24_merge,1837210,QDI94090.1,tribe:Phylini,,1438,null,1533,0.0,172.0,75.1,77.0,null,null,null,null,null,null
BGSNH353-24_r_1.5_s_50_BGSNH353-24,BGSNH353-24,r_1.5_s_50_merge,>BGSNH353-24_r_1.5_s_50_BGSNH353-24_merge,2212857,YP_009019993.1,tribe:Mirini,,8216,null,1536,0.0,1257.0,449.05,396.0,null,null,null,null,null,null
BGSNH338-24_r_1.5_s_100_BGSNH338-24,BGSNH338-24,r_1.5_s_100_merge,>BGSNH338-24_r_1.5_s_100_BGSNH338-24_merge,1336454,QDI94090.1,tribe:Phylini,,264,null,1533,0.0,46.0,13.17,10.0,null,null,null,null,null,null
BGSNH306-24_r_1.5_s_100_BGSNH306-24,BGSNH306-24,r_1.5_s_100_merge,>BGSNH306-24_r_1.5_s_100_BGSNH306-24_merge,981266,QDI94090.1,tribe:Phylini,,5289,null,1533,0.0,1056.0,321.83,302.0,null,null,null,null,null,null
BGSNH361-24_r_1.5_s_100_BGSNH361-24,BGSNH361-24,r_1.5_s_100_merge,>BGSNH361-24_r_1.5_s_100_BGSNH361-24_merge,1545085,YP_010424628.1,tribe:Orthotylini,,507,null,1533,0.0,71.0,34.32,35.0,null,null,null,null,null,null
BGSNH299-24_r_1_s_100_BGSNH299-24,BGSNH299-24,r_1_s_100_merge,>BGSNH299-24_r_1_s_100_BGSNH299-24_merge,2868303,YP_009019993.1,tribe:Mirini,,8551,null,1536,78.0,1625.0,470.88,423.0,null,null,null,null,null,null
BGSNH302-24_r_1.5_s_50_BGSNH302-24,BGSNH302-24,r_1.5_s_50_merge,>BGSNH302-24_r_1.5_s_50_BGSNH302-24_merge,981266,QDI94090.1,tribe:Phylini,,7031,null,1533,0.0,967.0,365.77,371.0,null,null,null,null,null,null
BGSNH325-24_r_1_s_50_BGSNH325-24,BGSNH325-24,r_1_s_50_merge,>BGSNH325-24_r_1_s_50_BGSNH325-24_merge,237212,QDI94090.1,tribe:Phylini,,831,null,1533,0.0,135.0,50.61,54.0,null,null,null,null,null,null
BGSNH363-24_r_1.3_s_50_BGSNH363-24,BGSNH363-24,r_1.3_s_50_merge,>BGSNH363-24_r_1.3_s_50_BGSNH363-24_merge,1545085,YP_010424628.1,tribe:Orthotylini,,39458,null,1533,793.0,3236.0,2262.32,2241.0,null,null,null,null,null,null
BGSNH288-24_r_1.3_s_50_BGSNH288-24,BGSNH288-24,r_1.3_s_50_merge,>BGSNH288-24_r_1.3_s_50_BGSNH288-24_merge,1545070,AHN95687.1,tribe:Stenodemini,,132529,null,1533,2839.0,14825.0,7444.88,6676.0,null,null,null,null,null,null
BGSNH341-24_r_1.5_s_50_BGSNH341-24,BGSNH341-24,r_1.5_s_50_merge,>BGSNH341-24_r_1.5_s_50_BGSNH341-24_merge,1336454,QDI94090.1,tribe:Phylini,,1815,null,1533,0.0,268.0,80.51,81.0,null,null,null,null,null,null
BGSNH356-24_r_1_s_50_BGSNH356-24,BGSNH356-24,r_1_s_50_merge,>BGSNH356-24_r_1_s_50_BGSNH356-24_merge,2212857,YP_009019993.1,tribe:Mirini,,12861,null,1536,227.0,1361.0,666.6,636.0,null,null,null,null,null,null
BGSNH320-24_r_1.5_s_50_BGSNH320-24,BGSNH320-24,r_1.5_s_50_merge,>BGSNH320-24_r_1.5_s_50_BGSNH320-24_merge,237212,QDI94090.1,tribe:Phylini,,33734,null,1533,0.0,4412.0,1995.02,2211.0,null,null,null,null,null,null
BGSNH326-24_r_1.3_s_50_BGSNH326-24,BGSNH326-24,r_1.3_s_50_merge,>BGSNH326-24_r_1.3_s_50_BGSNH326-24_merge,237212,QDI94090.1,tribe:Phylini,,410,null,1533,0.0,54.0,20.89,22.0,null,null,null,null,null,null
BGSNH355-24_r_1.5_s_100_BGSNH355-24,BGSNH355-24,r_1.5_s_100_merge,>BGSNH355-24_r_1.5_s_100_BGSNH355-24_merge,2212857,YP_009019993.1,tribe:Mirini,,6744,null,1536,1.0,791.0,386.82,394.5,null,null,null,null,null,null
BGSNH360-24_r_1.3_s_100_BGSNH360-24,BGSNH360-24,r_1.3_s_100_merge,>BGSNH360-24_r_1.3_s_100_BGSNH360-24_merge,2212857,YP_009019993.1,tribe:Mirini,,3322,null,1536,39.0,488.0,184.93,171.0,null,null,null,null,null,null
BGSNH355-24_r_1_s_50_BGSNH355-24,BGSNH355-24,r_1_s_50_merge,>BGSNH355-24_r_1_s_50_BGSNH355-24_merge,2212857,YP_009019993.1,tribe:Mirini,,11554,null,1536,280.0,948.0,604.26,609.0,null,null,null,null,null,null
BGSNH290-24_r_1.3_s_100_BGSNH290-24,BGSNH290-24,r_1.3_s_100_merge,>BGSNH290-24_r_1.3_s_100_BGSNH290-24_merge,1545070,AHN95687.1,tribe:Stenodemini,,27410,null,1533,479.0,3884.0,1929.72,1661.0,null,null,null,null,null,null
BGSNH357-24_r_1.5_s_100_BGSNH357-24,BGSNH357-24,r_1.5_s_100_merge,>BGSNH357-24_r_1.5_s_100_BGSNH357-24_merge,2212857,YP_009019993.1,tribe:Mirini,,1976,null,1536,0.0,338.0,129.62,113.5,null,null,null,null,null,null
BGSNH361-24_r_1.3_s_100_BGSNH361-24,BGSNH361-24,r_1.3_s_100_merge,>BGSNH361-24_r_1.3_s_100_BGSNH361-24_merge,1545085,YP_010424628.1,tribe:Orthotylini,,624,null,1533,12.0,72.0,42.19,41.0,null,null,null,null,null,null
BGSNH344-24_r_1.3_s_50_BGSNH344-24,BGSNH344-24,r_1.3_s_50_merge,>BGSNH344-24_r_1.3_s_50_BGSNH344-24_merge,2212857,YP_009019993.1,tribe:Mirini,,15081,null,1536,279.0,1524.0,840.75,808.0,null,null,null,null,null,null
BGSNH299-24_r_1.3_s_50_BGSNH299-24,BGSNH299-24,r_1.3_s_50_merge,>BGSNH299-24_r_1.3_s_50_BGSNH299-24_merge,2868303,YP_009019993.1,tribe:Mirini,,12469,null,1536,172.0,1934.0,566.38,464.5,null,null,null,null,null,null
BGSNH365-24_r_1.3_s_50_BGSNH365-24,BGSNH365-24,r_1.3_s_50_merge,>BGSNH365-24_r_1.3_s_50_BGSNH365-24_merge,236347,XSG68089.1,subfamily:Bryocorinae,,6786,null,1536,0.0,682.0,464.2,465.0,null,null,null,null,null,null
BGSNH327-24_r_1_s_50_BGSNH327-24,BGSNH327-24,r_1_s_50_merge,>BGSNH327-24_r_1_s_50_BGSNH327-24_merge,237212,QDI94090.1,tribe:Phylini,,476,null,1533,0.0,104.0,27.09,24.0,null,null,null,null,null,null
BGSNH368-24_r_1.5_s_100_BGSNH368-24,BGSNH368-24,r_1.5_s_100_merge,>BGSNH368-24_r_1.5_s_100_BGSNH368-24_merge,2358427,QDI94090.1,tribe:Phylini,,2526,null,1533,0.0,463.0,156.94,142.0,null,null,null,null,null,null
BGSNH333-24_r_1_s_100_BGSNH333-24,BGSNH333-24,r_1_s_100_merge,>BGSNH333-24_r_1_s_100_BGSNH333-24_merge,2315913,QDI94090.1,tribe:Phylini,,11436,null,1533,0.0,1744.0,647.39,665.0,null,null,null,null,null,null
BGSNH287-24_r_1.3_s_50_BGSNH287-24,BGSNH287-24,r_1.3_s_50_merge,>BGSNH287-24_r_1.3_s_50_BGSNH287-24_merge,1545070,AHN95687.1,tribe:Stenodemini,,3754,null,1533,101.0,423.0,215.53,189.0,null,null,null,null,null,null
BGSNH304-24_r_1.5_s_100_BGSNH304-24,BGSNH304-24,r_1.5_s_100_merge,>BGSNH304-24_r_1.5_s_100_BGSNH304-24_merge,981266,QDI94090.1,tribe:Phylini,,14701,null,1533,0.0,2447.0,928.36,895.0,null,null,null,null,null,null
BGSNH320-24_r_1_s_100_BGSNH320-24,BGSNH320-24,r_1_s_100_merge,>BGSNH320-24_r_1_s_100_BGSNH320-24_merge,237212,QDI94090.1,tribe:Phylini,,32991,null,1533,0.0,5030.0,2259.08,2342.0,null,null,null,null,null,null
BGSNH305-24_r_1_s_100_BGSNH305-24,BGSNH305-24,r_1_s_100_merge,>BGSNH305-24_r_1_s_100_BGSNH305-24_merge,981266,QDI94090.1,tribe:Phylini,,52408,null,1533,0.0,9850.0,3710.17,3582.0,null,null,null,null,null,null
BGSNH352-24_r_1.3_s_100_BGSNH352-24,BGSNH352-24,r_1.3_s_100_merge,>BGSNH352-24_r_1.3_s_100_BGSNH352-24_merge,2212857,YP_009019993.1,tribe:Mirini,,67,null,1536,0.0,18.0,3.14,1.0,null,null,null,null,null,null
BGSNH324-24_r_1.3_s_50_BGSNH324-24,BGSNH324-24,r_1.3_s_50_merge,>BGSNH324-24_r_1.3_s_50_BGSNH324-24_merge,237212,QDI94090.1,tribe:Phylini,,10963,null,1533,0.0,1245.0,591.47,591.0,null,null,null,null,null,null
BGSNH366-24_r_1_s_100_BGSNH366-24,BGSNH366-24,r_1_s_100_merge,>BGSNH366-24_r_1_s_100_BGSNH366-24_merge,236347,XSG68089.1,subfamily:Bryocorinae,,37800,null,1536,0.0,4980.0,2792.53,2614.5,null,null,null,null,null,null
BGSNH307-24_r_1_s_50_BGSNH307-24,BGSNH307-24,r_1_s_50_merge,>BGSNH307-24_r_1_s_50_BGSNH307-24_merge,981266,QDI94090.1,tribe:Phylini,,9206,null,1533,0.0,1303.0,464.3,433.0,null,null,null,null,null,null
BGSNH304-24_r_1_s_50_BGSNH304-24,BGSNH304-24,r_1_s_50_merge,>BGSNH304-24_r_1_s_50_BGSNH304-24_merge,981266,QDI94090.1,tribe:Phylini,,22895,null,1533,0.0,3472.0,1291.63,1258.0,null,null,null,null,null,null
BGSNH376-24_r_1_s_50_BGSNH376-24,BGSNH376-24,r_1_s_50_merge,>BGSNH376-24_r_1_s_50_BGSNH376-24_merge,1837210,QDI94090.1,tribe:Phylini,,1677,null,1533,0.0,197.0,76.7,74.0,null,null,null,null,null,null
BGSNH297-24_r_1.5_s_100_BGSNH297-24,BGSNH297-24,r_1.5_s_100_merge,>BGSNH297-24_r_1.5_s_100_BGSNH297-24_merge,1929793,YP_009019993.1,genus:Adelphocoris,,7068,null,1536,76.0,805.0,438.18,434.0,null,null,null,null,null,null
BGSNH320-24_r_1.5_s_100_BGSNH320-24,BGSNH320-24,r_1.5_s_100_merge,>BGSNH320-24_r_1.5_s_100_BGSNH320-24_merge,237212,QDI94090.1,tribe:Phylini,,27305,null,1533,0.0,4281.0,1809.5,1991.0,null,null,null,null,null,null
BGSNH305-24_r_1.3_s_50_BGSNH305-24,BGSNH305-24,r_1.3_s_50_merge,>BGSNH305-24_r_1.3_s_50_BGSNH305-24_merge,981266,QDI94090.1,tribe:Phylini,,61603,null,1533,0.0,9515.0,3948.84,3760.0,null,null,null,null,null,null
BGSNH324-24_r_1.5_s_50_BGSNH324-24,BGSNH324-24,r_1.5_s_50_merge,>BGSNH324-24_r_1.5_s_50_BGSNH324-24_merge,237212,QDI94090.1,tribe:Phylini,,9896,null,1533,0.0,1243.0,524.68,552.0,null,null,null,null,null,null
BGSNH343-24_r_1_s_50_BGSNH343-24,BGSNH343-24,r_1_s_50_merge,>BGSNH343-24_r_1_s_50_BGSNH343-24_merge,2212857,YP_009019993.1,tribe:Mirini,,25739,null,1536,1205.0,2627.0,1758.33,1714.0,null,null,null,null,null,null
BGSNH289-24_r_1.5_s_100_BGSNH289-24,BGSNH289-24,r_1.5_s_100_merge,>BGSNH289-24_r_1.5_s_100_BGSNH289-24_merge,1545070,AHN95687.1,tribe:Stenodemini,,7094,null,1533,44.0,955.0,465.71,423.0,null,null,null,null,null,null
BGSNH354-24_r_1.5_s_50_BGSNH354-24,BGSNH354-24,r_1.5_s_50_merge,>BGSNH354-24_r_1.5_s_50_BGSNH354-24_merge,2212857,YP_009019993.1,tribe:Mirini,,133,null,1536,0.0,15.0,5.35,5.0,null,null,null,null,null,null
BGSNH336-24_r_1.5_s_100_BGSNH336-24,BGSNH336-24,r_1.5_s_100_merge,>BGSNH336-24_r_1.5_s_100_BGSNH336-24_merge,2315913,QDI94090.1,tribe:Phylini,,1039,null,1533,0.0,136.0,66.83,76.0,null,null,null,null,null,null
BGSNH371-24_r_1.3_s_50_BGSNH371-24,BGSNH371-24,r_1.3_s_50_merge,>BGSNH371-24_r_1.3_s_50_BGSNH371-24_merge,1837210,QDI94090.1,tribe:Phylini,,1490,null,1533,0.0,201.0,69.58,68.0,null,null,null,null,null,null
BGSNH375-24_r_1.5_s_50_BGSNH375-24,BGSNH375-24,r_1.5_s_50_merge,>BGSNH375-24_r_1.5_s_50_BGSNH375-24_merge,1837210,QDI94090.1,tribe:Phylini,,23964,null,1533,0.0,3586.0,1164.69,1116.0,null,null,null,null,null,null
BGSNH362-24_r_1.5_s_100_BGSNH362-24,BGSNH362-24,r_1.5_s_100_merge,>BGSNH362-24_r_1.5_s_100_BGSNH362-24_merge,1545085,YP_010424628.1,tribe:Orthotylini,,4783,null,1533,0.0,817.0,324.89,316.0,null,null,null,null,null,null
BGSNH340-24_r_1_s_100_BGSNH340-24,BGSNH340-24,r_1_s_100_merge,>BGSNH340-24_r_1_s_100_BGSNH340-24_merge,1336454,QDI94090.1,tribe:Phylini,,586,null,1533,0.0,102.0,30.73,27.0,null,null,null,null,null,null
BGSNH301-24_r_1_s_100_BGSNH301-24,BGSNH301-24,r_1_s_100_merge,>BGSNH301-24_r_1_s_100_BGSNH301-24_merge,2868303,YP_009019993.1,tribe:Mirini,,1661,null,1536,10.0,288.0,113.3,101.0,null,null,null,null,null,null
BGSNH309-24_r_1.5_s_50_BGSNH309-24,BGSNH309-24,r_1.5_s_50_merge,>BGSNH309-24_r_1.5_s_50_BGSNH309-24_merge,981266,QDI94090.1,tribe:Phylini,,30744,null,1533,0.0,4281.0,1544.39,1395.0,null,null,null,null,null,null
BGSNH338-24_r_1_s_100_BGSNH338-24,BGSNH338-24,r_1_s_100_merge,>BGSNH338-24_r_1_s_100_BGSNH338-24_merge,1336454,QDI94090.1,tribe:Phylini,,300,null,1533,0.0,46.0,15.39,15.0,null,null,null,null,null,null
BGSNH289-24_r_1_s_50_BGSNH289-24,BGSNH289-24,r_1_s_50_merge,>BGSNH289-24_r_1_s_50_BGSNH289-24_merge,1545070,AHN95687.1,tribe:Stenodemini,,10628,null,1533,311.0,1211.0,623.38,563.0,null,null,null,null,null,null
BGSNH367-24_r_1.5_s_50_BGSNH367-24,BGSNH367-24,r_1.5_s_50_merge,>BGSNH367-24_r_1.5_s_50_BGSNH367-24_merge,2358427,QDI94090.1,tribe:Phylini,,2998,null,1533,0.0,361.0,156.73,133.0,null,null,null,null,null,null
BGSNH366-24_r_1.5_s_50_BGSNH366-24,BGSNH366-24,r_1.5_s_50_merge,>BGSNH366-24_r_1.5_s_50_BGSNH366-24_merge,236347,XSG68089.1,subfamily:Bryocorinae,,33025,null,1536,0.0,3920.0,2240.95,2497.0,null,null,null,null,null,null
BGSNH357-24_r_1_s_100_BGSNH357-24,BGSNH357-24,r_1_s_100_merge,>BGSNH357-24_r_1_s_100_BGSNH357-24_merge,2212857,YP_009019993.1,tribe:Mirini,,2369,null,1536,38.0,341.0,160.98,156.5,null,null,null,null,null,null
BGSNH342-24_r_1.3_s_50_BGSNH342-24,BGSNH342-24,r_1.3_s_50_merge,>BGSNH342-24_r_1.3_s_50_BGSNH342-24_merge,2212857,YP_009019993.1,tribe:Mirini,,11763,null,1536,339.0,1184.0,714.68,678.0,null,null,null,null,null,null
BGSNH325-24_r_1.3_s_50_BGSNH325-24,BGSNH325-24,r_1.3_s_50_merge,>BGSNH325-24_r_1.3_s_50_BGSNH325-24_merge,237212,QDI94090.1,tribe:Phylini,,638,null,1533,0.0,77.0,41.47,47.0,null,null,null,null,null,null
BGSNH304-24_r_1_s_100_BGSNH304-24,BGSNH304-24,r_1_s_100_merge,>BGSNH304-24_r_1_s_100_BGSNH304-24_merge,981266,QDI94090.1,tribe:Phylini,,17334,null,1533,0.0,2911.0,1115.91,1053.0,null,null,null,null,null,null
BGSNH379-24_r_1.5_s_50_BGSNH379-24,BGSNH379-24,r_1.5_s_50_merge,>BGSNH379-24_r_1.5_s_50_BGSNH379-24_merge,2026309,YP_009019993.1,tribe:Mirini,,996,null,1536,0.0,172.0,60.42,48.0,null,null,null,null,null,null
BGSNH322-24_r_1.5_s_100_BGSNH322-24,BGSNH322-24,r_1.5_s_100_merge,>BGSNH322-24_r_1.5_s_100_BGSNH322-24_merge,237212,QDI94090.1,tribe:Phylini,,8525,null,1533,0.0,1231.0,512.1,567.0,null,null,null,null,null,null
BGSNH288-24_r_1.5_s_50_BGSNH288-24,BGSNH288-24,r_1.5_s_50_merge,>BGSNH288-24_r_1.5_s_50_BGSNH288-24_merge,1545070,AHN95687.1,tribe:Stenodemini,,111107,null,1533,960.0,14797.0,6316.45,5713.0,null,null,null,null,null,null
BGSNH379-24_r_1.3_s_50_BGSNH379-24,BGSNH379-24,r_1.3_s_50_merge,>BGSNH379-24_r_1.3_s_50_BGSNH379-24_merge,2026309,YP_009019993.1,tribe:Mirini,,1257,null,1536,15.0,235.0,77.58,69.5,null,null,null,null,null,null
BGSNH369-24_r_1.3_s_100_BGSNH369-24,BGSNH369-24,r_1.3_s_100_merge,>BGSNH369-24_r_1.3_s_100_BGSNH369-24_merge,2358427,QDI94090.1,tribe:Phylini,,254,null,1533,0.0,66.0,19.7,12.0,null,null,null,null,null,null
BGSNH298-24_r_1_s_100_BGSNH298-24,BGSNH298-24,r_1_s_100_merge,>BGSNH298-24_r_1_s_100_BGSNH298-24_merge,981263,UPL65908.1,subfamily:Phylinae,,28454,null,1536,1.0,3673.0,1685.32,1595.0,null,null,null,null,null,null
BGSNH329-24_r_1.3_s_100_BGSNH329-24,BGSNH329-24,r_1.3_s_100_merge,>BGSNH329-24_r_1.3_s_100_BGSNH329-24_merge,237212,QDI94090.1,tribe:Phylini,,5843,null,1533,0.0,1048.0,353.03,323.0,null,null,null,null,null,null
BGSNH309-24_r_1.3_s_50_BGSNH309-24,BGSNH309-24,r_1.3_s_50_merge,>BGSNH309-24_r_1.3_s_50_BGSNH309-24_merge,981266,QDI94090.1,tribe:Phylini,,35240,null,1533,0.0,4683.0,1813.91,1588.0,null,null,null,null,null,null
BGSNH373-24_r_1.3_s_50_BGSNH373-24,BGSNH373-24,r_1.3_s_50_merge,>BGSNH373-24_r_1.3_s_50_BGSNH373-24_merge,1837210,QDI94090.1,tribe:Phylini,,2093,null,1533,0.0,202.0,97.66,105.0,null,null,null,null,null,null
BGSNH321-24_r_1_s_100_BGSNH321-24,BGSNH321-24,r_1_s_100_merge,>BGSNH321-24_r_1_s_100_BGSNH321-24_merge,237212,QDI94090.1,tribe:Phylini,,7803,null,1533,0.0,1258.0,510.04,527.0,null,null,null,null,null,null
BGSNH304-24_r_1.3_s_50_BGSNH304-24,BGSNH304-24,r_1.3_s_50_merge,>BGSNH304-24_r_1.3_s_50_BGSNH304-24_merge,981266,QDI94090.1,tribe:Phylini,,21582,null,1533,0.0,2898.0,1223.36,1217.0,null,null,null,null,null,null
BGSNH370-24_r_1.5_s_100_BGSNH370-24,BGSNH370-24,r_1.5_s_100_merge,>BGSNH370-24_r_1.5_s_100_BGSNH370-24_merge,1837210,QDI94090.1,tribe:Phylini,,820,null,1533,0.0,125.0,45.62,46.0,null,null,null,null,null,null
BGSNH374-24_r_1.5_s_100_BGSNH374-24,BGSNH374-24,r_1.5_s_100_merge,>BGSNH374-24_r_1.5_s_100_BGSNH374-24_merge,1837210,QDI94090.1,tribe:Phylini,,818,null,1533,0.0,116.0,47.86,48.0,null,null,null,null,null,null
BGSNH315-24_r_1_s_50_BGSNH315-24,BGSNH315-24,r_1_s_50_merge,>BGSNH315-24_r_1_s_50_BGSNH315-24_merge,236347,XSG68089.1,subfamily:Bryocorinae,,6839,null,1536,233.0,895.0,528.75,467.5,null,null,null,null,null,null
BGSNH341-24_r_1.5_s_100_BGSNH341-24,BGSNH341-24,r_1.5_s_100_merge,>BGSNH341-24_r_1.5_s_100_BGSNH341-24_merge,1336454,QDI94090.1,tribe:Phylini,,1104,null,1533,0.0,185.0,58.63,58.0,null,null,null,null,null,null
BGSNH361-24_r_1_s_50_BGSNH361-24,BGSNH361-24,r_1_s_50_merge,>BGSNH361-24_r_1_s_50_BGSNH361-24_merge,1545085,YP_010424628.1,tribe:Orthotylini,,1091,null,1533,20.0,185.0,60.42,57.0,null,null,null,null,null,null
BGSNH350-24_r_1_s_100_BGSNH350-24,BGSNH350-24,r_1_s_100_merge,>BGSNH350-24_r_1_s_100_BGSNH350-24_merge,2212857,YP_009019993.1,tribe:Mirini,,275,null,1536,0.0,101.0,24.29,7.0,null,null,null,null,null,null
BGSNH341-24_r_1.3_s_100_BGSNH341-24,BGSNH341-24,r_1.3_s_100_merge,>BGSNH341-24_r_1.3_s_100_BGSNH341-24_merge,1336454,QDI94090.1,tribe:Phylini,,1217,null,1533,0.0,197.0,66.43,67.0,null,null,null,null,null,null
BGSNH341-24_r_1.3_s_50_BGSNH341-24,BGSNH341-24,r_1.3_s_50_merge,>BGSNH341-24_r_1.3_s_50_BGSNH341-24_merge,1336454,QDI94090.1,tribe:Phylini,,2146,null,1533,0.0,308.0,96.0,98.0,null,null,null,null,null,null
BGSNH311-24_r_1.5_s_50_BGSNH311-24,BGSNH311-24,r_1.5_s_50_merge,>BGSNH311-24_r_1.5_s_50_BGSNH311-24_merge,236347,XSG68089.1,subfamily:Bryocorinae,,157315,null,1536,69.0,15584.0,8359.9,8763.5,null,null,null,null,null,null
BGSNH365-24_r_1.5_s_50_BGSNH365-24,BGSNH365-24,r_1.5_s_50_merge,>BGSNH365-24_r_1.5_s_50_BGSNH365-24_merge,236347,XSG68089.1,subfamily:Bryocorinae,,5186,null,1536,0.0,675.0,353.26,385.0,null,null,null,null,null,null
BGSNH296-24_r_1.3_s_50_BGSNH296-24,BGSNH296-24,r_1.3_s_50_merge,>BGSNH296-24_r_1.3_s_50_BGSNH296-24_merge,1929793,YP_009019993.1,genus:Adelphocoris,,38315,null,1536,1028.0,4690.0,2443.35,2352.0,null,null,null,null,null,null
BGSNH359-24_r_1.3_s_100_BGSNH359-24,BGSNH359-24,r_1.3_s_100_merge,>BGSNH359-24_r_1.3_s_100_BGSNH359-24_merge,2212857,YP_009019993.1,tribe:Mirini,,234,null,1536,0.0,51.0,13.73,10.0,null,null,null,null,null,null
BGSNH320-24_r_1.3_s_50_BGSNH320-24,BGSNH320-24,r_1.3_s_50_merge,>BGSNH320-24_r_1.3_s_50_BGSNH320-24_merge,237212,QDI94090.1,tribe:Phylini,,37594,null,1533,0.0,4415.0,2276.01,2366.0,null,null,null,null,null,null
BGSNH327-24_r_1.5_s_50_BGSNH327-24,BGSNH327-24,r_1.5_s_50_merge,>BGSNH327-24_r_1.5_s_50_BGSNH327-24_merge,237212,QDI94090.1,tribe:Phylini,,290,null,1533,0.0,56.0,17.62,16.0,null,null,null,null,null,null
BGSNH326-24_r_1.3_s_100_BGSNH326-24,BGSNH326-24,r_1.3_s_100_merge,>BGSNH326-24_r_1.3_s_100_BGSNH326-24_merge,237212,QDI94090.1,tribe:Phylini,,275,null,1533,0.0,42.0,16.96,16.0,null,null,null,null,null,null
BGSNH372-24_r_1.5_s_50_BGSNH372-24,BGSNH372-24,r_1.5_s_50_merge,>BGSNH372-24_r_1.5_s_50_BGSNH372-24_merge,1837210,QDI94090.1,tribe:Phylini,,779,null,1533,0.0,92.0,36.67,37.0,null,null,null,null,null,null
BGSNH312-24_r_1_s_50_BGSNH312-24,BGSNH312-24,r_1_s_50_merge,>BGSNH312-24_r_1_s_50_BGSNH312-24_merge,236347,XSG68089.1,subfamily:Bryocorinae,,106311,null,1536,3311.0,8896.0,5751.56,5594.0,null,null,null,null,null,null
BGSNH339-24_r_1_s_50_BGSNH339-24,BGSNH339-24,r_1_s_50_merge,>BGSNH339-24_r_1_s_50_BGSNH339-24_merge,1336454,QDI94090.1,tribe:Phylini,,3470,null,1533,0.0,333.0,179.53,200.0,null,null,null,null,null,null
BGSNH354-24_r_1.3_s_50_BGSNH354-24,BGSNH354-24,r_1.3_s_50_merge,>BGSNH354-24_r_1.3_s_50_BGSNH354-24_merge,2212857,YP_009019993.1,tribe:Mirini,,222,null,1536,0.0,47.0,11.81,10.0,null,null,null,null,null,null
BGSNH325-24_r_1.5_s_50_BGSNH325-24,BGSNH325-24,r_1.5_s_50_merge,>BGSNH325-24_r_1.5_s_50_BGSNH325-24_merge,237212,QDI94090.1,tribe:Phylini,,522,null,1533,0.0,75.0,33.61,39.0,null,null,null,null,null,null
BGSNH295-24_r_1.5_s_100_BGSNH295-24,BGSNH295-24,r_1.5_s_100_merge,>BGSNH295-24_r_1.5_s_100_BGSNH295-24_merge,1929793,YP_009019993.1,genus:Adelphocoris,,40413,null,1536,1245.0,5770.0,2584.82,2338.5,null,null,null,null,null,null
BGSNH329-24_r_1_s_50_BGSNH329-24,BGSNH329-24,r_1_s_50_merge,>BGSNH329-24_r_1_s_50_BGSNH329-24_merge,237212,QDI94090.1,tribe:Phylini,,9369,null,1533,0.0,1512.0,485.42,402.0,null,null,null,null,null,null
BGSNH331-24_r_1_s_100_BGSNH331-24,BGSNH331-24,r_1_s_100_merge,>BGSNH331-24_r_1_s_100_BGSNH331-24_merge,2315913,QDI94090.1,tribe:Phylini,,54605,null,1533,0.0,9464.0,3455.57,3336.0,null,null,null,null,null,null
BGSNH330-24_r_1.5_s_50_BGSNH330-24,BGSNH330-24,r_1.5_s_50_merge,>BGSNH330-24_r_1.5_s_50_BGSNH330-24_merge,237212,QDI94090.1,tribe:Phylini,,377,null,1533,0.0,67.0,23.07,25.0,null,null,null,null,null,null
BGSNH321-24_r_1.3_s_100_BGSNH321-24,BGSNH321-24,r_1.3_s_100_merge,>BGSNH321-24_r_1.3_s_100_BGSNH321-24_merge,237212,QDI94090.1,tribe:Phylini,,7264,null,1533,0.0,996.0,469.88,505.0,null,null,null,null,null,null
BGSNH319-24_r_1.3_s_50_BGSNH319-24,BGSNH319-24,r_1.3_s_50_merge,>BGSNH319-24_r_1.3_s_50_BGSNH319-24_merge,236347,XSG68089.1,subfamily:Bryocorinae,,142,null,1536,0.0,21.0,8.34,8.0,null,null,null,null,null,null
BGSNH314-24_r_1.3_s_100_BGSNH314-24,BGSNH314-24,r_1.3_s_100_merge,>BGSNH314-24_r_1.3_s_100_BGSNH314-24_merge,236347,XSG68089.1,subfamily:Bryocorinae,,1673,null,1536,60.0,205.0,138.13,142.5,null,null,null,null,null,null
BGSNH308-24_r_1.5_s_50_BGSNH308-24,BGSNH308-24,r_1.5_s_50_merge,>BGSNH308-24_r_1.5_s_50_BGSNH308-24_merge,981266,QDI94090.1,tribe:Phylini,,5415,null,1533,0.0,1045.0,293.06,245.0,null,null,null,null,null,null
BGSNH300-24_r_1.3_s_50_BGSNH300-24,BGSNH300-24,r_1.3_s_50_merge,>BGSNH300-24_r_1.3_s_50_BGSNH300-24_merge,2868303,YP_009019993.1,tribe:Mirini,,400,null,1536,0.0,61.0,19.41,14.0,null,null,null,null,null,null
BGSNH322-24_r_1_s_50_BGSNH322-24,BGSNH322-24,r_1_s_50_merge,>BGSNH322-24_r_1_s_50_BGSNH322-24_merge,237212,QDI94090.1,tribe:Phylini,,13354,null,1533,0.0,1638.0,714.72,728.0,null,null,null,null,null,null
BGSNH372-24_r_1_s_50_BGSNH372-24,BGSNH372-24,r_1_s_50_merge,>BGSNH372-24_r_1_s_50_BGSNH372-24_merge,1837210,QDI94090.1,tribe:Phylini,,999,null,1533,0.0,95.0,46.5,48.0,null,null,null,null,null,null
BGSNH295-24_r_1.5_s_50_BGSNH295-24,BGSNH295-24,r_1.5_s_50_merge,>BGSNH295-24_r_1.5_s_50_BGSNH295-24_merge,1929793,YP_009019993.1,genus:Adelphocoris,,47942,null,1536,1415.0,6475.0,2816.29,2585.0,null,null,null,null,null,null
BGSNH375-24_r_1.3_s_50_BGSNH375-24,BGSNH375-24,r_1.3_s_50_merge,>BGSNH375-24_r_1.3_s_50_BGSNH375-24_merge,1837210,QDI94090.1,tribe:Phylini,,27887,null,1533,0.0,3600.0,1376.85,1376.0,null,null,null,null,null,null
BGSNH361-24_r_1_s_100_BGSNH361-24,BGSNH361-24,r_1_s_100_merge,>BGSNH361-24_r_1_s_100_BGSNH361-24_merge,1545085,YP_010424628.1,tribe:Orthotylini,,685,null,1533,13.0,79.0,47.02,45.0,null,null,null,null,null,null
BGSNH314-24_r_1_s_100_BGSNH314-24,BGSNH314-24,r_1_s_100_merge,>BGSNH314-24_r_1_s_100_BGSNH314-24_merge,236347,XSG68089.1,subfamily:Bryocorinae,,1793,null,1536,70.0,225.0,146.83,148.0,null,null,null,null,null,null
BGSNH370-24_r_1.3_s_100_BGSNH370-24,BGSNH370-24,r_1.3_s_100_merge,>BGSNH370-24_r_1.3_s_100_BGSNH370-24_merge,1837210,QDI94090.1,tribe:Phylini,,920,null,1533,0.0,125.0,52.86,55.0,null,null,null,null,null,null
BGSNH363-24_r_1_s_50_BGSNH363-24,BGSNH363-24,r_1_s_50_merge,>BGSNH363-24_r_1_s_50_BGSNH363-24_merge,1545085,YP_010424628.1,tribe:Orthotylini,,43077,null,1533,1367.0,3625.0,2479.4,2419.0,null,null,null,null,null,null
BGSNH352-24_r_1.5_s_100_BGSNH352-24,BGSNH352-24,r_1.5_s_100_merge,>BGSNH352-24_r_1.5_s_100_BGSNH352-24_merge,2212857,YP_009019993.1,tribe:Mirini,,67,null,1536,0.0,18.0,3.14,1.0,null,null,null,null,null,null
BGSNH312-24_r_1_s_100_BGSNH312-24,BGSNH312-24,r_1_s_100_merge,>BGSNH312-24_r_1_s_100_BGSNH312-24_merge,236347,XSG68089.1,subfamily:Bryocorinae,,76520,null,1536,1800.0,7188.0,4722.66,4697.0,null,null,null,null,null,null
BGSNH337-24_r_1.5_s_50_BGSNH337-24,BGSNH337-24,r_1.5_s_50_merge,>BGSNH337-24_r_1.5_s_50_BGSNH337-24_merge,1336454,QDI94090.1,tribe:Phylini,,2403,null,1533,0.0,272.0,143.41,167.0,null,null,null,null,null,null
BGSNH294-24_r_1.5_s_50_BGSNH294-24,BGSNH294-24,r_1.5_s_50_merge,>BGSNH294-24_r_1.5_s_50_BGSNH294-24_merge,1929793,YP_009019993.1,genus:Adelphocoris,,7,null,1536,0.0,3.0,0.31,0.0,null,null,null,null,null,null
BGSNH343-24_r_1.5_s_100_BGSNH343-24,BGSNH343-24,r_1.5_s_100_merge,>BGSNH343-24_r_1.5_s_100_BGSNH343-24_merge,2212857,YP_009019993.1,tribe:Mirini,,19446,null,1536,25.0,2301.0,1417.05,1404.5,null,null,null,null,null,null
BGSNH299-24_r_1.5_s_50_BGSNH299-24,BGSNH299-24,r_1.5_s_50_merge,>BGSNH299-24_r_1.5_s_50_BGSNH299-24_merge,2868303,YP_009019993.1,tribe:Mirini,,10701,null,1536,108.0,1931.0,482.66,395.0,null,null,null,null,null,null
BGSNH346-24_r_1.5_s_50_BGSNH346-24,BGSNH346-24,r_1.5_s_50_merge,>BGSNH346-24_r_1.5_s_50_BGSNH346-24_merge,2212857,YP_009019993.1,tribe:Mirini,,2208,null,1536,0.0,264.0,105.41,93.0,null,null,null,null,null,null
BGSNH297-24_r_1_s_100_BGSNH297-24,BGSNH297-24,r_1_s_100_merge,>BGSNH297-24_r_1_s_100_BGSNH297-24_merge,1929793,YP_009019993.1,genus:Adelphocoris,,8468,null,1536,76.0,939.0,580.14,578.5,null,null,null,null,null,null
BGSNH350-24_r_1.5_s_50_BGSNH350-24,BGSNH350-24,r_1.5_s_50_merge,>BGSNH350-24_r_1.5_s_50_BGSNH350-24_merge,2212857,YP_009019993.1,tribe:Mirini,,130,null,1536,0.0,26.0,5.15,3.0,null,null,null,null,null,null
BGSNH296-24_r_1.5_s_100_BGSNH296-24,BGSNH296-24,r_1.5_s_100_merge,>BGSNH296-24_r_1.5_s_100_BGSNH296-24_merge,1929793,YP_009019993.1,genus:Adelphocoris,,33477,null,1536,950.0,4353.0,2273.58,2178.0,null,null,null,null,null,null
BGSNH313-24_r_1.3_s_50_BGSNH313-24,BGSNH313-24,r_1.3_s_50_merge,>BGSNH313-24_r_1.3_s_50_BGSNH313-24_merge,236347,XSG68089.1,subfamily:Bryocorinae,,26397,null,1536,600.0,2475.0,1513.22,1425.5,null,null,null,null,null,null
BGSNH325-24_r_1_s_100_BGSNH325-24,BGSNH325-24,r_1_s_100_merge,>BGSNH325-24_r_1_s_100_BGSNH325-24_merge,237212,QDI94090.1,tribe:Phylini,,534,null,1533,0.0,84.0,40.44,45.0,null,null,null,null,null,null
BGSNH370-24_r_1.5_s_50_BGSNH370-24,BGSNH370-24,r_1.5_s_50_merge,>BGSNH370-24_r_1.5_s_50_BGSNH370-24_merge,1837210,QDI94090.1,tribe:Phylini,,1218,null,1533,0.0,142.0,58.03,62.0,null,null,null,null,null,null
BGSNH351-24_r_1.5_s_50_BGSNH351-24,BGSNH351-24,r_1.5_s_50_merge,>BGSNH351-24_r_1.5_s_50_BGSNH351-24_merge,2212857,YP_009019993.1,tribe:Mirini,,191,null,1536,0.0,32.0,7.59,5.0,null,null,null,null,null,null
BGSNH346-24_r_1.3_s_100_BGSNH346-24,BGSNH346-24,r_1.3_s_100_merge,>BGSNH346-24_r_1.3_s_100_BGSNH346-24_merge,2212857,YP_009019993.1,tribe:Mirini,,1868,null,1536,7.0,337.0,115.5,108.0,null,null,null,null,null,null
BGSNH323-24_r_1.3_s_50_BGSNH323-24,BGSNH323-24,r_1.3_s_50_merge,>BGSNH323-24_r_1.3_s_50_BGSNH323-24_merge,237212,QDI94090.1,tribe:Phylini,,24318,null,1533,0.0,3113.0,1371.6,1430.0,null,null,null,null,null,null
BGSNH350-24_r_1_s_50_BGSNH350-24,BGSNH350-24,r_1_s_50_merge,>BGSNH350-24_r_1_s_50_BGSNH350-24_merge,2212857,YP_009019993.1,tribe:Mirini,,469,null,1536,0.0,108.0,31.48,25.5,null,null,null,null,null,null
BGSNH377-24_r_1.3_s_50_BGSNH377-24,BGSNH377-24,r_1.3_s_50_merge,>BGSNH377-24_r_1.3_s_50_BGSNH377-24_merge,2026309,YP_009019993.1,tribe:Mirini,,3368,null,1536,38.0,478.0,185.07,155.0,null,null,null,null,null,null
BGSNH362-24_r_1_s_50_BGSNH362-24,BGSNH362-24,r_1_s_50_merge,>BGSNH362-24_r_1_s_50_BGSNH362-24_merge,1545085,YP_010424628.1,tribe:Orthotylini,,7380,null,1533,193.0,863.0,458.29,421.0,null,null,null,null,null,null
BGSNH365-24_r_1_s_50_BGSNH365-24,BGSNH365-24,r_1_s_50_merge,>BGSNH365-24_r_1_s_50_BGSNH365-24_merge,236347,XSG68089.1,subfamily:Bryocorinae,,7111,null,1536,0.0,700.0,483.13,468.0,null,null,null,null,null,null
BGSNH363-24_r_1.3_s_100_BGSNH363-24,BGSNH363-24,r_1.3_s_100_merge,>BGSNH363-24_r_1.3_s_100_BGSNH363-24_merge,1545085,YP_010424628.1,tribe:Orthotylini,,31899,null,1533,761.0,2981.0,2014.53,1998.0,null,null,null,null,null,null
BGSNH336-24_r_1.3_s_50_BGSNH336-24,BGSNH336-24,r_1.3_s_50_merge,>BGSNH336-24_r_1.3_s_50_BGSNH336-24_merge,2315913,QDI94090.1,tribe:Phylini,,1517,null,1533,0.0,195.0,86.28,96.0,null,null,null,null,null,null
BGSNH338-24_r_1.5_s_50_BGSNH338-24,BGSNH338-24,r_1.5_s_50_merge,>BGSNH338-24_r_1.5_s_50_BGSNH338-24_merge,1336454,QDI94090.1,tribe:Phylini,,554,null,1533,0.0,59.0,21.89,22.0,null,null,null,null,null,null
BGSNH378-24_r_1_s_50_BGSNH378-24,BGSNH378-24,r_1_s_50_merge,>BGSNH378-24_r_1_s_50_BGSNH378-24_merge,2026309,YP_009019993.1,tribe:Mirini,,1283,null,1536,0.0,539.0,114.7,62.0,null,null,null,null,null,null
BGSNH307-24_r_1_s_100_BGSNH307-24,BGSNH307-24,r_1_s_100_merge,>BGSNH307-24_r_1_s_100_BGSNH307-24_merge,981266,QDI94090.1,tribe:Phylini,,6526,null,1533,0.0,1176.0,377.78,364.0,null,null,null,null,null,null
BGSNH297-24_r_1.5_s_50_BGSNH297-24,BGSNH297-24,r_1.5_s_50_merge,>BGSNH297-24_r_1.5_s_50_BGSNH297-24_merge,1929793,YP_009019993.1,genus:Adelphocoris,,9064,null,1536,256.0,936.0,497.7,484.0,null,null,null,null,null,null
BGSNH366-24_r_1.3_s_50_BGSNH366-24,BGSNH366-24,r_1.3_s_50_merge,>BGSNH366-24_r_1.3_s_50_BGSNH366-24_merge,236347,XSG68089.1,subfamily:Bryocorinae,,42227,null,1536,0.0,4802.0,2886.84,2770.0,null,null,null,null,null,null
BGSNH327-24_r_1.3_s_50_BGSNH327-24,BGSNH327-24,r_1.3_s_50_merge,>BGSNH327-24_r_1.3_s_50_BGSNH327-24_merge,237212,QDI94090.1,tribe:Phylini,,350,null,1533,0.0,61.0,21.14,21.0,null,null,null,null,null,null
BGSNH352-24_r_1_s_50_BGSNH352-24,BGSNH352-24,r_1_s_50_merge,>BGSNH352-24_r_1_s_50_BGSNH352-24_merge,2212857,YP_009019993.1,tribe:Mirini,,382,null,1536,0.0,117.0,23.53,18.0,null,null,null,null,null,null
BGSNH291-24_r_1.3_s_100_BGSNH291-24,BGSNH291-24,r_1.3_s_100_merge,>BGSNH291-24_r_1.3_s_100_BGSNH291-24_merge,1545070,AHN95687.1,tribe:Stenodemini,,8490,null,1533,164.0,996.0,584.92,545.0,null,null,null,null,null,null
BGSNH331-24_r_1.5_s_50_BGSNH331-24,BGSNH331-24,r_1.5_s_50_merge,>BGSNH331-24_r_1.5_s_50_BGSNH331-24_merge,2315913,QDI94090.1,tribe:Phylini,,60393,null,1533,0.0,7651.0,3288.17,3515.0,null,null,null,null,null,null
BGSNH320-24_r_1_s_50_BGSNH320-24,BGSNH320-24,r_1_s_50_merge,>BGSNH320-24_r_1_s_50_BGSNH320-24_merge,237212,QDI94090.1,tribe:Phylini,,41537,null,1533,0.0,5854.0,2531.88,2544.0,null,null,null,null,null,null
BGSNH339-24_r_1.5_s_100_BGSNH339-24,BGSNH339-24,r_1.5_s_100_merge,>BGSNH339-24_r_1.5_s_100_BGSNH339-24_merge,1336454,QDI94090.1,tribe:Phylini,,2061,null,1533,0.0,290.0,122.5,131.0,null,null,null,null,null,null
BGSNH318-24_r_1.3_s_100_BGSNH318-24,BGSNH318-24,r_1.3_s_100_merge,>BGSNH318-24_r_1.3_s_100_BGSNH318-24_merge,236347,XSG68089.1,subfamily:Bryocorinae,,26126,null,1536,0.0,4286.0,2066.62,1730.0,null,null,null,null,null,null
BGSNH355-24_r_1_s_100_BGSNH355-24,BGSNH355-24,r_1_s_100_merge,>BGSNH355-24_r_1_s_100_BGSNH355-24_merge,2212857,YP_009019993.1,tribe:Mirini,,8276,null,1536,113.0,823.0,496.99,507.0,null,null,null,null,null,null
BGSNH315-24_r_1_s_100_BGSNH315-24,BGSNH315-24,r_1_s_100_merge,>BGSNH315-24_r_1_s_100_BGSNH315-24_merge,236347,XSG68089.1,subfamily:Bryocorinae,,5811,null,1536,216.0,879.0,496.45,444.5,null,null,null,null,null,null
BGSNH302-24_r_1.3_s_50_BGSNH302-24,BGSNH302-24,r_1.3_s_50_merge,>BGSNH302-24_r_1.3_s_50_BGSNH302-24_merge,981266,QDI94090.1,tribe:Phylini,,8157,null,1533,0.0,1117.0,428.93,412.0,null,null,null,null,null,null
BGSNH374-24_r_1.3_s_100_BGSNH374-24,BGSNH374-24,r_1.3_s_100_merge,>BGSNH374-24_r_1.3_s_100_BGSNH374-24_merge,1837210,QDI94090.1,tribe:Phylini,,959,null,1533,0.0,127.0,58.78,61.0,null,null,null,null,null,null
BGSNH363-24_r_1_s_100_BGSNH363-24,BGSNH363-24,r_1_s_100_merge,>BGSNH363-24_r_1_s_100_BGSNH363-24_merge,1545085,YP_010424628.1,tribe:Orthotylini,,33690,null,1533,1184.0,3044.0,2153.69,2078.0,null,null,null,null,null,null
BGSNH380-24_r_1.5_s_100_BGSNH380-24,BGSNH380-24,r_1.5_s_100_merge,>BGSNH380-24_r_1.5_s_100_BGSNH380-24_merge,2026309,YP_009019993.1,tribe:Mirini,,18002,null,1536,18.0,1988.0,1134.27,1187.5,null,null,null,null,null,null
BGSNH378-24_r_1.3_s_100_BGSNH378-24,BGSNH378-24,r_1.3_s_100_merge,>BGSNH378-24_r_1.3_s_100_BGSNH378-24_merge,2026309,YP_009019993.1,tribe:Mirini,,308,null,1536,0.0,281.0,28.79,0.0,null,null,null,null,null,null
BGSNH312-24_r_1.5_s_100_BGSNH312-24,BGSNH312-24,r_1.5_s_100_merge,>BGSNH312-24_r_1.5_s_100_BGSNH312-24_merge,236347,XSG68089.1,subfamily:Bryocorinae,,61412,null,1536,0.0,7049.0,3697.06,4067.5,null,null,null,null,null,null
BGSNH311-24_r_1.5_s_100_BGSNH311-24,BGSNH311-24,r_1.5_s_100_merge,>BGSNH311-24_r_1.5_s_100_BGSNH311-24_merge,236347,XSG68089.1,subfamily:Bryocorinae,,118616,null,1536,0.0,14417.0,7127.75,7624.0,null,null,null,null,null,null
BGSNH355-24_r_1.3_s_50_BGSNH355-24,BGSNH355-24,r_1.3_s_50_merge,>BGSNH355-24_r_1.3_s_50_BGSNH355-24_merge,2212857,YP_009019993.1,tribe:Mirini,,10747,null,1536,271.0,862.0,555.55,566.0,null,null,null,null,null,null
BGSNH366-24_r_1.5_s_100_BGSNH366-24,BGSNH366-24,r_1.5_s_100_merge,>BGSNH366-24_r_1.5_s_100_BGSNH366-24_merge,236347,XSG68089.1,subfamily:Bryocorinae,,28693,null,1536,0.0,3780.0,2102.05,2325.5,null,null,null,null,null,null
BGSNH366-24_r_1_s_50_BGSNH366-24,BGSNH366-24,r_1_s_50_merge,>BGSNH366-24_r_1_s_50_BGSNH366-24_merge,236347,XSG68089.1,subfamily:Bryocorinae,,44468,null,1536,0.0,5541.0,3021.62,2781.0,null,null,null,null,null,null
BGSNH370-24_r_1.3_s_50_BGSNH370-24,BGSNH370-24,r_1.3_s_50_merge,>BGSNH370-24_r_1.3_s_50_BGSNH370-24_merge,1837210,QDI94090.1,tribe:Phylini,,1455,null,1533,0.0,142.0,69.99,74.0,null,null,null,null,null,null
BGSNH358-24_r_1_s_50_BGSNH358-24,BGSNH358-24,r_1_s_50_merge,>BGSNH358-24_r_1_s_50_BGSNH358-24_merge,2212857,YP_009019993.1,tribe:Mirini,,1851,null,1536,0.0,448.0,114.27,73.0,null,null,null,null,null,null
BGSNH330-24_r_1.5_s_100_BGSNH330-24,BGSNH330-24,r_1.5_s_100_merge,>BGSNH330-24_r_1.5_s_100_BGSNH330-24_merge,237212,QDI94090.1,tribe:Phylini,,297,null,1533,0.0,61.0,20.75,22.0,null,null,null,null,null,null
BGSNH371-24_r_1.5_s_100_BGSNH371-24,BGSNH371-24,r_1.5_s_100_merge,>BGSNH371-24_r_1.5_s_100_BGSNH371-24_merge,1837210,QDI94090.1,tribe:Phylini,,844,null,1533,0.0,186.0,45.84,40.0,null,null,null,null,null,null
BGSNH296-24_r_1_s_50_BGSNH296-24,BGSNH296-24,r_1_s_50_merge,>BGSNH296-24_r_1_s_50_BGSNH296-24_merge,1929793,YP_009019993.1,genus:Adelphocoris,,39288,null,1536,1227.0,4712.0,2535.35,2422.0,null,null,null,null,null,null
BGSNH378-24_r_1.3_s_50_BGSNH378-24,BGSNH378-24,r_1.3_s_50_merge,>BGSNH378-24_r_1.3_s_50_BGSNH378-24_merge,2026309,YP_009019993.1,tribe:Mirini,,374,null,1536,0.0,283.0,30.82,0.0,null,null,null,null,null,null
BGSNH373-24_r_1_s_50_BGSNH373-24,BGSNH373-24,r_1_s_50_merge,>BGSNH373-24_r_1_s_50_BGSNH373-24_merge,1837210,QDI94090.1,tribe:Phylini,,2195,null,1533,0.0,212.0,102.74,108.0,null,null,null,null,null,null
BGSNH329-24_r_1.5_s_50_BGSNH329-24,BGSNH329-24,r_1.5_s_50_merge,>BGSNH329-24_r_1.5_s_50_BGSNH329-24_merge,237212,QDI94090.1,tribe:Phylini,,7568,null,1533,0.0,1151.0,384.27,345.0,null,null,null,null,null,null
BGSNH340-24_r_1_s_50_BGSNH340-24,BGSNH340-24,r_1_s_50_merge,>BGSNH340-24_r_1_s_50_BGSNH340-24_merge,1336454,QDI94090.1,tribe:Phylini,,1336,null,1533,0.0,125.0,54.54,58.0,null,null,null,null,null,null
BGSNH316-24_r_1_s_100_BGSNH316-24,BGSNH316-24,r_1_s_100_merge,>BGSNH316-24_r_1_s_100_BGSNH316-24_merge,236347,XSG68089.1,subfamily:Bryocorinae,,33315,null,1536,1566.0,4603.0,2679.8,2279.5,null,null,null,null,null,null
BGSNH307-24_r_1.5_s_50_BGSNH307-24,BGSNH307-24,r_1.5_s_50_merge,>BGSNH307-24_r_1.5_s_50_BGSNH307-24_merge,981266,QDI94090.1,tribe:Phylini,,7647,null,1533,0.0,1290.0,378.96,380.0,null,null,null,null,null,null
BGSNH340-24_r_1.3_s_100_BGSNH340-24,BGSNH340-24,r_1.3_s_100_merge,>BGSNH340-24_r_1.3_s_100_BGSNH340-24_merge,1336454,QDI94090.1,tribe:Phylini,,570,null,1533,0.0,102.0,29.75,25.0,null,null,null,null,null,null
BGSNH311-24_r_1_s_100_BGSNH311-24,BGSNH311-24,r_1_s_100_merge,>BGSNH311-24_r_1_s_100_BGSNH311-24_merge,236347,XSG68089.1,subfamily:Bryocorinae,,148243,null,1536,2962.0,15063.0,9083.24,8753.5,null,null,null,null,null,null
BGSNH305-24_r_1.3_s_100_BGSNH305-24,BGSNH305-24,r_1.3_s_100_merge,>BGSNH305-24_r_1.3_s_100_BGSNH305-24_merge,981266,QDI94090.1,tribe:Phylini,,51406,null,1533,0.0,8976.0,3646.68,3582.0,null,null,null,null,null,null
BGSNH367-24_r_1.5_s_100_BGSNH367-24,BGSNH367-24,r_1.5_s_100_merge,>BGSNH367-24_r_1.5_s_100_BGSNH367-24_merge,2358427,QDI94090.1,tribe:Phylini,,2233,null,1533,0.0,340.0,134.14,110.0,null,null,null,null,null,null
BGSNH369-24_r_1_s_50_BGSNH369-24,BGSNH369-24,r_1_s_50_merge,>BGSNH369-24_r_1_s_50_BGSNH369-24_merge,2358427,QDI94090.1,tribe:Phylini,,721,null,1533,0.0,139.0,48.17,40.0,null,null,null,null,null,null
BGSNH336-24_r_1_s_100_BGSNH336-24,BGSNH336-24,r_1_s_100_merge,>BGSNH336-24_r_1_s_100_BGSNH336-24_merge,2315913,QDI94090.1,tribe:Phylini,,1217,null,1533,0.0,191.0,80.58,86.0,null,null,null,null,null,null
BGSNH339-24_r_1.3_s_50_BGSNH339-24,BGSNH339-24,r_1.3_s_50_merge,>BGSNH339-24_r_1.3_s_50_BGSNH339-24_merge,1336454,QDI94090.1,tribe:Phylini,,3277,null,1533,0.0,333.0,170.51,189.0,null,null,null,null,null,null
BGSNH345-24_r_1.5_s_50_BGSNH345-24,BGSNH345-24,r_1.5_s_50_merge,>BGSNH345-24_r_1.5_s_50_BGSNH345-24_merge,2212857,YP_009019993.1,tribe:Mirini,,67777,null,1536,436.0,8295.0,4546.23,4420.0,null,null,null,null,null,null
BGSNH333-24_r_1.3_s_100_BGSNH333-24,BGSNH333-24,r_1.3_s_100_merge,>BGSNH333-24_r_1.3_s_100_BGSNH333-24_merge,2315913,QDI94090.1,tribe:Phylini,,11172,null,1533,0.0,1592.0,630.08,654.0,null,null,null,null,null,null
BGSNH335-24_r_1_s_100_BGSNH335-24,BGSNH335-24,r_1_s_100_merge,>BGSNH335-24_r_1_s_100_BGSNH335-24_merge,2315913,QDI94090.1,tribe:Phylini,,1192,null,1533,0.0,154.0,73.17,81.0,null,null,null,null,null,null
BGSNH292-24_r_1.5_s_100_BGSNH292-24,BGSNH292-24,r_1.5_s_100_merge,>BGSNH292-24_r_1.5_s_100_BGSNH292-24_merge,236347,XSG68089.1,subfamily:Bryocorinae,,378,null,1536,0.0,98.0,20.95,11.0,null,null,null,null,null,null
BGSNH347-24_r_1_s_50_BGSNH347-24,BGSNH347-24,r_1_s_50_merge,>BGSNH347-24_r_1_s_50_BGSNH347-24_merge,2212857,YP_009019993.1,tribe:Mirini,,5572,null,1536,54.0,577.0,262.76,242.5,null,null,null,null,null,null
BGSNH362-24_r_1.5_s_50_BGSNH362-24,BGSNH362-24,r_1.5_s_50_merge,>BGSNH362-24_r_1.5_s_50_BGSNH362-24_merge,1545085,YP_010424628.1,tribe:Orthotylini,,5632,null,1533,0.0,858.0,350.85,335.0,null,null,null,null,null,null
BGSNH351-24_r_1.3_s_50_BGSNH351-24,BGSNH351-24,r_1.3_s_50_merge,>BGSNH351-24_r_1.3_s_50_BGSNH351-24_merge,2212857,YP_009019993.1,tribe:Mirini,,415,null,1536,0.0,78.0,23.0,14.0,null,null,null,null,null,null
BGSNH302-24_r_1.3_s_100_BGSNH302-24,BGSNH302-24,r_1.3_s_100_merge,>BGSNH302-24_r_1.3_s_100_BGSNH302-24_merge,981266,QDI94090.1,tribe:Phylini,,5906,null,1533,0.0,905.0,360.63,355.0,null,null,null,null,null,null
BGSNH331-24_r_1_s_50_BGSNH331-24,BGSNH331-24,r_1_s_50_merge,>BGSNH331-24_r_1_s_50_BGSNH331-24_merge,2315913,QDI94090.1,tribe:Phylini,,73026,null,1533,0.0,11888.0,4045.88,3884.0,null,null,null,null,null,null
BGSNH326-24_r_1_s_100_BGSNH326-24,BGSNH326-24,r_1_s_100_merge,>BGSNH326-24_r_1_s_100_BGSNH326-24_merge,237212,QDI94090.1,tribe:Phylini,,301,null,1533,0.0,47.0,18.8,19.0,null,null,null,null,null,null
BGSNH353-24_r_1.5_s_100_BGSNH353-24,BGSNH353-24,r_1.5_s_100_merge,>BGSNH353-24_r_1.5_s_100_BGSNH353-24_merge,2212857,YP_009019993.1,tribe:Mirini,,6443,null,1536,0.0,1142.0,393.54,348.0,null,null,null,null,null,null
BGSNH371-24_r_1_s_50_BGSNH371-24,BGSNH371-24,r_1_s_50_merge,>BGSNH371-24_r_1_s_50_BGSNH371-24_merge,1837210,QDI94090.1,tribe:Phylini,,1588,null,1533,0.0,210.0,74.91,75.0,null,null,null,null,null,null
BGSNH303-24_r_1_s_50_BGSNH303-24,BGSNH303-24,r_1_s_50_merge,>BGSNH303-24_r_1_s_50_BGSNH303-24_merge,981266,QDI94090.1,tribe:Phylini,,6969,null,1533,0.0,1383.0,353.17,283.0,null,null,null,null,null,null
BGSNH298-24_r_1.3_s_50_BGSNH298-24,BGSNH298-24,r_1.3_s_50_merge,>BGSNH298-24_r_1.3_s_50_BGSNH298-24_merge,981263,UPL65908.1,subfamily:Phylinae,,41813,null,1536,0.0,4274.0,2087.28,2036.0,null,null,null,null,null,null
BGSNH321-24_r_1.5_s_100_BGSNH321-24,BGSNH321-24,r_1.5_s_100_merge,>BGSNH321-24_r_1.5_s_100_BGSNH321-24_merge,237212,QDI94090.1,tribe:Phylini,,6592,null,1533,0.0,993.0,414.82,449.0,null,null,null,null,null,null
BGSNH327-24_r_1_s_100_BGSNH327-24,BGSNH327-24,r_1_s_100_merge,>BGSNH327-24_r_1_s_100_BGSNH327-24_merge,237212,QDI94090.1,tribe:Phylini,,291,null,1533,0.0,59.0,21.0,19.0,null,null,null,null,null,null
BGSNH349-24_r_1.5_s_50_BGSNH349-24,BGSNH349-24,r_1.5_s_50_merge,>BGSNH349-24_r_1.5_s_50_BGSNH349-24_merge,2212857,YP_009019993.1,tribe:Mirini,,725,null,1536,0.0,117.0,29.44,25.0,null,null,null,null,null,null
BGSNH343-24_r_1.3_s_50_BGSNH343-24,BGSNH343-24,r_1.3_s_50_merge,>BGSNH343-24_r_1.3_s_50_BGSNH343-24_merge,2212857,YP_009019993.1,tribe:Mirini,,25385,null,1536,1202.0,2544.0,1735.73,1699.0,null,null,null,null,null,null
BGSNH315-24_r_1.5_s_50_BGSNH315-24,BGSNH315-24,r_1.5_s_50_merge,>BGSNH315-24_r_1.5_s_50_BGSNH315-24_merge,236347,XSG68089.1,subfamily:Bryocorinae,,4968,null,1536,1.0,853.0,395.18,354.0,null,null,null,null,null,null
BGSNH316-24_r_1.5_s_100_BGSNH316-24,BGSNH316-24,r_1.5_s_100_merge,>BGSNH316-24_r_1.5_s_100_BGSNH316-24_merge,236347,XSG68089.1,subfamily:Bryocorinae,,25040,null,1536,0.0,4332.0,2000.89,1966.5,null,null,null,null,null,null
BGSNH339-24_r_1_s_100_BGSNH339-24,BGSNH339-24,r_1_s_100_merge,>BGSNH339-24_r_1_s_100_BGSNH339-24_merge,1336454,QDI94090.1,tribe:Phylini,,2328,null,1533,0.0,293.0,141.86,155.0,null,null,null,null,null,null
BGSNH347-24_r_1.5_s_100_BGSNH347-24,BGSNH347-24,r_1.5_s_100_merge,>BGSNH347-24_r_1.5_s_100_BGSNH347-24_merge,2212857,YP_009019993.1,tribe:Mirini,,2074,null,1536,0.0,265.0,104.41,98.0,null,null,null,null,null,null
BGSNH306-24_r_1.3_s_100_BGSNH306-24,BGSNH306-24,r_1.3_s_100_merge,>BGSNH306-24_r_1.3_s_100_BGSNH306-24_merge,981266,QDI94090.1,tribe:Phylini,,5710,null,1533,0.0,1065.0,350.53,333.0,null,null,null,null,null,null
BGSNH342-24_r_1.5_s_100_BGSNH342-24,BGSNH342-24,r_1.5_s_100_merge,>BGSNH342-24_r_1.5_s_100_BGSNH342-24_merge,2212857,YP_009019993.1,tribe:Mirini,,8455,null,1536,3.0,1114.0,552.12,537.5,null,null,null,null,null,null
BGSNH347-24_r_1.3_s_50_BGSNH347-24,BGSNH347-24,r_1.3_s_50_merge,>BGSNH347-24_r_1.3_s_50_BGSNH347-24_merge,2212857,YP_009019993.1,tribe:Mirini,,5165,null,1536,54.0,515.0,231.91,211.0,null,null,null,null,null,null
BGSNH342-24_r_1_s_100_BGSNH342-24,BGSNH342-24,r_1_s_100_merge,>BGSNH342-24_r_1_s_100_BGSNH342-24_merge,2212857,YP_009019993.1,tribe:Mirini,,10154,null,1536,330.0,1114.0,683.68,662.0,null,null,null,null,null,null
BGSNH352-24_r_1.3_s_50_BGSNH352-24,BGSNH352-24,r_1.3_s_50_merge,>BGSNH352-24_r_1.3_s_50_BGSNH352-24_merge,2212857,YP_009019993.1,tribe:Mirini,,148,null,1536,0.0,21.0,5.61,5.0,null,null,null,null,null,null
BGSNH293-24_r_1.3_s_50_BGSNH293-24,BGSNH293-24,r_1.3_s_50_merge,>BGSNH293-24_r_1.3_s_50_BGSNH293-24_merge,236347,XSG68089.1,subfamily:Bryocorinae,,3359,null,1536,0.0,397.0,179.54,179.0,null,null,null,null,null,null
BGSNH330-24_r_1.3_s_100_BGSNH330-24,BGSNH330-24,r_1.3_s_100_merge,>BGSNH330-24_r_1.3_s_100_BGSNH330-24_merge,237212,QDI94090.1,tribe:Phylini,,321,null,1533,0.0,61.0,22.82,24.0,null,null,null,null,null,null
BGSNH334-24_r_1.3_s_50_BGSNH334-24,BGSNH334-24,r_1.3_s_50_merge,>BGSNH334-24_r_1.3_s_50_BGSNH334-24_merge,2315913,QDI94090.1,tribe:Phylini,,54306,null,1533,0.0,6166.0,2781.41,2923.0,null,null,null,null,null,null
BGSNH301-24_r_1_s_50_BGSNH301-24,BGSNH301-24,r_1_s_50_merge,>BGSNH301-24_r_1_s_50_BGSNH301-24_merge,2868303,YP_009019993.1,tribe:Mirini,,2696,null,1536,23.0,302.0,145.8,137.0,null,null,null,null,null,null
BGSNH347-24_r_1_s_100_BGSNH347-24,BGSNH347-24,r_1_s_100_merge,>BGSNH347-24_r_1_s_100_BGSNH347-24_merge,2212857,YP_009019993.1,tribe:Mirini,,2946,null,1536,0.0,390.0,178.93,174.5,null,null,null,null,null,null
BGSNH377-24_r_1.5_s_100_BGSNH377-24,BGSNH377-24,r_1.5_s_100_merge,>BGSNH377-24_r_1.5_s_100_BGSNH377-24_merge,2026309,YP_009019993.1,tribe:Mirini,,2115,null,1536,0.0,348.0,131.39,114.0,null,null,null,null,null,null
BGSNH344-24_r_1_s_50_BGSNH344-24,BGSNH344-24,r_1_s_50_merge,>BGSNH344-24_r_1_s_50_BGSNH344-24_merge,2212857,YP_009019993.1,tribe:Mirini,,16213,null,1536,415.0,1672.0,936.41,839.5,null,null,null,null,null,null
BGSNH329-24_r_1_s_100_BGSNH329-24,BGSNH329-24,r_1_s_100_merge,>BGSNH329-24_r_1_s_100_BGSNH329-24_merge,237212,QDI94090.1,tribe:Phylini,,6337,null,1533,0.0,1048.0,388.16,348.0,null,null,null,null,null,null
BGSNH310-24_r_1.5_s_50_BGSNH310-24,BGSNH310-24,r_1.5_s_50_merge,>BGSNH310-24_r_1.5_s_50_BGSNH310-24_merge,236347,XSG68089.1,subfamily:Bryocorinae,,13931,null,1536,0.0,1553.0,742.03,752.0,null,null,null,null,null,null
BGSNH330-24_r_1_s_50_BGSNH330-24,BGSNH330-24,r_1_s_50_merge,>BGSNH330-24_r_1_s_50_BGSNH330-24_merge,237212,QDI94090.1,tribe:Phylini,,544,null,1533,0.0,81.0,31.54,31.0,null,null,null,null,null,null
BGSNH375-24_r_1.5_s_100_BGSNH375-24,BGSNH375-24,r_1.5_s_100_merge,>BGSNH375-24_r_1.5_s_100_BGSNH375-24_merge,1837210,QDI94090.1,tribe:Phylini,,16626,null,1533,0.0,2971.0,933.64,867.0,null,null,null,null,null,null
BGSNH307-24_r_1.3_s_100_BGSNH307-24,BGSNH307-24,r_1.3_s_100_merge,>BGSNH307-24_r_1.3_s_100_BGSNH307-24_merge,981266,QDI94090.1,tribe:Phylini,,6372,null,1533,0.0,1176.0,367.24,360.0,null,null,null,null,null,null
BGSNH345-24_r_1_s_50_BGSNH345-24,BGSNH345-24,r_1_s_50_merge,>BGSNH345-24_r_1_s_50_BGSNH345-24_merge,2212857,YP_009019993.1,tribe:Mirini,,83002,null,1536,3331.0,8616.0,5539.68,5354.5,null,null,null,null,null,null
BGSNH335-24_r_1.3_s_100_BGSNH335-24,BGSNH335-24,r_1.3_s_100_merge,>BGSNH335-24_r_1.3_s_100_BGSNH335-24_merge,2315913,QDI94090.1,tribe:Phylini,,1180,null,1533,0.0,154.0,72.5,80.0,null,null,null,null,null,null
BGSNH369-24_r_1.5_s_50_BGSNH369-24,BGSNH369-24,r_1.5_s_50_merge,>BGSNH369-24_r_1.5_s_50_BGSNH369-24_merge,2358427,QDI94090.1,tribe:Phylini,,263,null,1533,0.0,98.0,12.49,7.0,null,null,null,null,null,null
BGSNH347-24_r_1.3_s_100_BGSNH347-24,BGSNH347-24,r_1.3_s_100_merge,>BGSNH347-24_r_1.3_s_100_BGSNH347-24_merge,2212857,YP_009019993.1,tribe:Mirini,,2694,null,1536,0.0,338.0,153.59,146.0,null,null,null,null,null,null
BGSNH288-24_r_1.5_s_100_BGSNH288-24,BGSNH288-24,r_1.5_s_100_merge,>BGSNH288-24_r_1.5_s_100_BGSNH288-24_merge,1545070,AHN95687.1,tribe:Stenodemini,,93192,null,1533,671.0,13641.0,5745.59,5098.0,null,null,null,null,null,null
BGSNH299-24_r_1.5_s_100_BGSNH299-24,BGSNH299-24,r_1.5_s_100_merge,>BGSNH299-24_r_1.5_s_100_BGSNH299-24_merge,2868303,YP_009019993.1,tribe:Mirini,,7203,null,1536,61.0,1582.0,372.86,298.0,null,null,null,null,null,null
BGSNH297-24_r_1.3_s_100_BGSNH297-24,BGSNH297-24,r_1.3_s_100_merge,>BGSNH297-24_r_1.3_s_100_BGSNH297-24_merge,1929793,YP_009019993.1,genus:Adelphocoris,,7535,null,1536,76.0,811.0,480.22,472.5,null,null,null,null,null,null
BGSNH356-24_r_1.3_s_50_BGSNH356-24,BGSNH356-24,r_1.3_s_50_merge,>BGSNH356-24_r_1.3_s_50_BGSNH356-24_merge,2212857,YP_009019993.1,tribe:Mirini,,11793,null,1536,191.0,1179.0,603.32,560.0,null,null,null,null,null,null
BGSNH304-24_r_1.3_s_100_BGSNH304-24,BGSNH304-24,r_1.3_s_100_merge,>BGSNH304-24_r_1.3_s_100_BGSNH304-24_merge,981266,QDI94090.1,tribe:Phylini,,16735,null,1533,0.0,2543.0,1076.53,1035.0,null,null,null,null,null,null
BGSNH287-24_r_1_s_50_BGSNH287-24,BGSNH287-24,r_1_s_50_merge,>BGSNH287-24_r_1_s_50_BGSNH287-24_merge,1545070,AHN95687.1,tribe:Stenodemini,,4131,null,1533,103.0,465.0,239.65,195.0,null,null,null,null,null,null
BGSNH310-24_r_1.3_s_50_BGSNH310-24,BGSNH310-24,r_1.3_s_50_merge,>BGSNH310-24_r_1.3_s_50_BGSNH310-24_merge,236347,XSG68089.1,subfamily:Bryocorinae,,17014,null,1536,347.0,1554.0,911.51,886.0,null,null,null,null,null,null
BGSNH299-24_r_1_s_50_BGSNH299-24,BGSNH299-24,r_1_s_50_merge,>BGSNH299-24_r_1_s_50_BGSNH299-24_merge,2868303,YP_009019993.1,tribe:Mirini,,13353,null,1536,172.0,1975.0,629.17,541.0,null,null,null,null,null,null
BGSNH313-24_r_1.3_s_100_BGSNH313-24,BGSNH313-24,r_1.3_s_100_merge,>BGSNH313-24_r_1.3_s_100_BGSNH313-24_merge,236347,XSG68089.1,subfamily:Bryocorinae,,20595,null,1536,497.0,2241.0,1320.96,1232.5,null,null,null,null,null,null
BGSNH331-24_r_1.5_s_100_BGSNH331-24,BGSNH331-24,r_1.5_s_100_merge,>BGSNH331-24_r_1.5_s_100_BGSNH331-24_merge,2315913,QDI94090.1,tribe:Phylini,,46449,null,1533,0.0,6777.0,2863.73,3024.0,null,null,null,null,null,null
BGSNH300-24_r_1.5_s_100_BGSNH300-24,BGSNH300-24,r_1.5_s_100_merge,>BGSNH300-24_r_1.5_s_100_BGSNH300-24_merge,2868303,YP_009019993.1,tribe:Mirini,,124,null,1536,0.0,30.0,6.04,4.0,null,null,null,null,null,null
BGSNH292-24_r_1.5_s_50_BGSNH292-24,BGSNH292-24,r_1.5_s_50_merge,>BGSNH292-24_r_1.5_s_50_BGSNH292-24_merge,236347,XSG68089.1,subfamily:Bryocorinae,,625,null,1536,0.0,113.0,28.8,20.0,null,null,null,null,null,null
BGSNH379-24_r_1_s_100_BGSNH379-24,BGSNH379-24,r_1_s_100_merge,>BGSNH379-24_r_1_s_100_BGSNH379-24_merge,2026309,YP_009019993.1,tribe:Mirini,,1749,null,1536,15.0,505.0,151.52,101.0,null,null,null,null,null,null
BGSNH289-24_r_1.3_s_100_BGSNH289-24,BGSNH289-24,r_1.3_s_100_merge,>BGSNH289-24_r_1.3_s_100_BGSNH289-24_merge,1545070,AHN95687.1,tribe:Stenodemini,,8255,null,1533,109.0,1007.0,541.97,496.0,null,null,null,null,null,null
BGSNH379-24_r_1.3_s_100_BGSNH379-24,BGSNH379-24,r_1.3_s_100_merge,>BGSNH379-24_r_1.3_s_100_BGSNH379-24_merge,2026309,YP_009019993.1,tribe:Mirini,,1051,null,1536,15.0,191.0,71.96,65.0,null,null,null,null,null,null
BGSNH294-24_r_1_s_50_BGSNH294-24,BGSNH294-24,r_1_s_50_merge,>BGSNH294-24_r_1_s_50_BGSNH294-24_merge,1929793,YP_009019993.1,genus:Adelphocoris,,8,null,1536,0.0,3.0,0.37,0.0,null,null,null,null,null,null
BGSNH322-24_r_1.3_s_100_BGSNH322-24,BGSNH322-24,r_1.3_s_100_merge,>BGSNH322-24_r_1.3_s_100_BGSNH322-24_merge,237212,QDI94090.1,tribe:Phylini,,9157,null,1533,0.0,1231.0,557.88,600.0,null,null,null,null,null,null
BGSNH301-24_r_1.5_s_50_BGSNH301-24,BGSNH301-24,r_1.5_s_50_merge,>BGSNH301-24_r_1.5_s_50_BGSNH301-24_merge,2868303,YP_009019993.1,tribe:Mirini,,1886,null,1536,0.0,152.0,79.86,76.5,null,null,null,null,null,null
BGSNH326-24_r_1.5_s_50_BGSNH326-24,BGSNH326-24,r_1.5_s_50_merge,>BGSNH326-24_r_1.5_s_50_BGSNH326-24_merge,237212,QDI94090.1,tribe:Phylini,,321,null,1533,0.0,49.0,16.72,16.0,null,null,null,null,null,null
BGSNH292-24_r_1.3_s_100_BGSNH292-24,BGSNH292-24,r_1.3_s_100_merge,>BGSNH292-24_r_1.3_s_100_BGSNH292-24_merge,236347,XSG68089.1,subfamily:Bryocorinae,,561,null,1536,0.0,99.0,36.39,26.0,null,null,null,null,null,null
BGSNH371-24_r_1.5_s_50_BGSNH371-24,BGSNH371-24,r_1.5_s_50_merge,>BGSNH371-24_r_1.5_s_50_BGSNH371-24_merge,1837210,QDI94090.1,tribe:Phylini,,1308,null,1533,0.0,195.0,60.63,59.0,null,null,null,null,null,null
BGSNH317-24_r_1.5_s_100_BGSNH317-24,BGSNH317-24,r_1.5_s_100_merge,>BGSNH317-24_r_1.5_s_100_BGSNH317-24_merge,236347,XSG68089.1,subfamily:Bryocorinae,,25447,null,1536,0.0,4541.0,1810.74,1720.5,null,null,null,null,null,null
BGSNH358-24_r_1.3_s_50_BGSNH358-24,BGSNH358-24,r_1.3_s_50_merge,>BGSNH358-24_r_1.3_s_50_BGSNH358-24_merge,2212857,YP_009019993.1,tribe:Mirini,,1123,null,1536,0.0,282.0,57.74,39.5,null,null,null,null,null,null
BGSNH380-24_r_1_s_50_BGSNH380-24,BGSNH380-24,r_1_s_50_merge,>BGSNH380-24_r_1_s_50_BGSNH380-24_merge,2026309,YP_009019993.1,tribe:Mirini,,26720,null,1536,755.0,2729.0,1528.73,1481.0,null,null,null,null,null,null
BGSNH295-24_r_1.3_s_100_BGSNH295-24,BGSNH295-24,r_1.3_s_100_merge,>BGSNH295-24_r_1.3_s_100_BGSNH295-24_merge,1929793,YP_009019993.1,genus:Adelphocoris,,40565,null,1536,1245.0,5799.0,2597.81,2348.0,null,null,null,null,null,null
BGSNH348-24_r_1.5_s_50_BGSNH348-24,BGSNH348-24,r_1.5_s_50_merge,>BGSNH348-24_r_1.5_s_50_BGSNH348-24_merge,2212857,YP_009019993.1,tribe:Mirini,,1760,null,1536,0.0,178.0,73.4,74.0,null,null,null,null,null,null
BGSNH325-24_r_1.3_s_100_BGSNH325-24,BGSNH325-24,r_1.3_s_100_merge,>BGSNH325-24_r_1.3_s_100_BGSNH325-24_merge,237212,QDI94090.1,tribe:Phylini,,484,null,1533,0.0,72.0,36.86,41.0,null,null,null,null,null,null
BGSNH356-24_r_1.5_s_100_BGSNH356-24,BGSNH356-24,r_1.5_s_100_merge,>BGSNH356-24_r_1.5_s_100_BGSNH356-24_merge,2212857,YP_009019993.1,tribe:Mirini,,6609,null,1536,14.0,960.0,398.56,358.5,null,null,null,null,null,null
BGSNH377-24_r_1.3_s_100_BGSNH377-24,BGSNH377-24,r_1.3_s_100_merge,>BGSNH377-24_r_1.3_s_100_BGSNH377-24_merge,2026309,YP_009019993.1,tribe:Mirini,,2377,null,1536,37.0,348.0,155.07,135.0,null,null,null,null,null,null
BGSNH342-24_r_1.3_s_100_BGSNH342-24,BGSNH342-24,r_1.3_s_100_merge,>BGSNH342-24_r_1.3_s_100_BGSNH342-24_merge,2212857,YP_009019993.1,tribe:Mirini,,9861,null,1536,306.0,1114.0,652.25,614.0,null,null,null,null,null,null
BGSNH293-24_r_1.3_s_100_BGSNH293-24,BGSNH293-24,r_1.3_s_100_merge,>BGSNH293-24_r_1.3_s_100_BGSNH293-24_merge,236347,XSG68089.1,subfamily:Bryocorinae,,2371,null,1536,0.0,246.0,146.91,155.0,null,null,null,null,null,null
BGSNH337-24_r_1_s_100_BGSNH337-24,BGSNH337-24,r_1_s_100_merge,>BGSNH337-24_r_1_s_100_BGSNH337-24_merge,1336454,QDI94090.1,tribe:Phylini,,2208,null,1533,0.0,264.0,150.45,171.0,null,null,null,null,null,null
BGSNH337-24_r_1.5_s_100_BGSNH337-24,BGSNH337-24,r_1.5_s_100_merge,>BGSNH337-24_r_1.5_s_100_BGSNH337-24_merge,1336454,QDI94090.1,tribe:Phylini,,1933,null,1533,0.0,264.0,129.26,148.0,null,null,null,null,null,null
BGSNH290-24_r_1.3_s_50_BGSNH290-24,BGSNH290-24,r_1.3_s_50_merge,>BGSNH290-24_r_1.3_s_50_BGSNH290-24_merge,1545070,AHN95687.1,tribe:Stenodemini,,31187,null,1533,845.0,3967.0,2054.37,1782.0,null,null,null,null,null,null
BGSNH290-24_r_1_s_50_BGSNH290-24,BGSNH290-24,r_1_s_50_merge,>BGSNH290-24_r_1_s_50_BGSNH290-24_merge,1545070,AHN95687.1,tribe:Stenodemini,,31379,null,1533,864.0,3983.0,2061.57,1783.0,null,null,null,null,null,null
BGSNH332-24_r_1.3_s_100_BGSNH332-24,BGSNH332-24,r_1.3_s_100_merge,>BGSNH332-24_r_1.3_s_100_BGSNH332-24_merge,2315913,QDI94090.1,tribe:Phylini,,8676,null,1533,0.0,1252.0,626.74,649.0,null,null,null,null,null,null
BGSNH339-24_r_1.5_s_50_BGSNH339-24,BGSNH339-24,r_1.5_s_50_merge,>BGSNH339-24_r_1.5_s_50_BGSNH339-24_merge,1336454,QDI94090.1,tribe:Phylini,,2830,null,1533,0.0,323.0,146.21,156.0,null,null,null,null,null,null
BGSNH368-24_r_1_s_50_BGSNH368-24,BGSNH368-24,r_1_s_50_merge,>BGSNH368-24_r_1_s_50_BGSNH368-24_merge,2358427,QDI94090.1,tribe:Phylini,,4733,null,1533,0.0,517.0,267.69,301.0,null,null,null,null,null,null
BGSNH376-24_r_1_s_100_BGSNH376-24,BGSNH376-24,r_1_s_100_merge,>BGSNH376-24_r_1_s_100_BGSNH376-24_merge,1837210,QDI94090.1,tribe:Phylini,,1003,null,1533,0.0,153.0,55.34,54.0,null,null,null,null,null,null
BGSNH364-24_r_1_s_100_BGSNH364-24,BGSNH364-24,r_1_s_100_merge,>BGSNH364-24_r_1_s_100_BGSNH364-24_merge,236347,XSG68089.1,subfamily:Bryocorinae,,16839,null,1536,0.0,2054.0,1090.56,1070.0,null,null,null,null,null,null
BGSNH311-24_r_1.3_s_100_BGSNH311-24,BGSNH311-24,r_1.3_s_100_merge,>BGSNH311-24_r_1.3_s_100_BGSNH311-24_merge,236347,XSG68089.1,subfamily:Bryocorinae,,140324,null,1536,2933.0,15013.0,8547.03,8122.0,null,null,null,null,null,null
BGSNH358-24_r_1.3_s_100_BGSNH358-24,BGSNH358-24,r_1.3_s_100_merge,>BGSNH358-24_r_1.3_s_100_BGSNH358-24_merge,2212857,YP_009019993.1,tribe:Mirini,,707,null,1536,0.0,236.0,46.12,32.0,null,null,null,null,null,null
BGSNH286-24_r_1_s_100_BGSNH286-24,BGSNH286-24,r_1_s_100_merge,>BGSNH286-24_r_1_s_100_BGSNH286-24_merge,1545070,AHN95687.1,tribe:Stenodemini,,4146,null,1533,91.0,570.0,267.88,244.0,null,null,null,null,null,null
BGSNH303-24_r_1.3_s_50_BGSNH303-24,BGSNH303-24,r_1.3_s_50_merge,>BGSNH303-24_r_1.3_s_50_BGSNH303-24_merge,981266,QDI94090.1,tribe:Phylini,,6513,null,1533,0.0,1085.0,331.46,278.0,null,null,null,null,null,null
BGSNH305-24_r_1_s_50_BGSNH305-24,BGSNH305-24,r_1_s_50_merge,>BGSNH305-24_r_1_s_50_BGSNH305-24_merge,981266,QDI94090.1,tribe:Phylini,,63493,null,1533,0.0,10791.0,4048.25,3768.0,null,null,null,null,null,null
BGSNH332-24_r_1.5_s_50_BGSNH332-24,BGSNH332-24,r_1.5_s_50_merge,>BGSNH332-24_r_1.5_s_50_BGSNH332-24_merge,2315913,QDI94090.1,tribe:Phylini,,9196,null,1533,0.0,1220.0,596.51,644.0,null,null,null,null,null,null
BGSNH358-24_r_1.5_s_100_BGSNH358-24,BGSNH358-24,r_1.5_s_100_merge,>BGSNH358-24_r_1.5_s_100_BGSNH358-24_merge,2212857,YP_009019993.1,tribe:Mirini,,526,null,1536,0.0,110.0,31.41,29.0,null,null,null,null,null,null
BGSNH309-24_r_1.5_s_100_BGSNH309-24,BGSNH309-24,r_1.5_s_100_merge,>BGSNH309-24_r_1.5_s_100_BGSNH309-24_merge,981266,QDI94090.1,tribe:Phylini,,21895,null,1533,0.0,3744.0,1281.55,1162.0,null,null,null,null,null,null
BGSNH340-24_r_1.3_s_50_BGSNH340-24,BGSNH340-24,r_1.3_s_50_merge,>BGSNH340-24_r_1.3_s_50_BGSNH340-24_merge,1336454,QDI94090.1,tribe:Phylini,,1196,null,1533,0.0,124.0,49.27,50.0,null,null,null,null,null,null
BGSNH348-24_r_1.3_s_100_BGSNH348-24,BGSNH348-24,r_1.3_s_100_merge,>BGSNH348-24_r_1.3_s_100_BGSNH348-24_merge,2212857,YP_009019993.1,tribe:Mirini,,1123,null,1536,3.0,182.0,61.53,50.0,null,null,null,null,null,null
BGSNH333-24_r_1.5_s_50_BGSNH333-24,BGSNH333-24,r_1.5_s_50_merge,>BGSNH333-24_r_1.5_s_50_BGSNH333-24_merge,2315913,QDI94090.1,tribe:Phylini,,15832,null,1533,0.0,1715.0,735.39,780.0,null,null,null,null,null,null
BGSNH334-24_r_1.5_s_100_BGSNH334-24,BGSNH334-24,r_1.5_s_100_merge,>BGSNH334-24_r_1.5_s_100_BGSNH334-24_merge,2315913,QDI94090.1,tribe:Phylini,,35649,null,1533,0.0,4690.0,2084.84,2343.0,null,null,null,null,null,null
BGSNH324-24_r_1_s_50_BGSNH324-24,BGSNH324-24,r_1_s_50_merge,>BGSNH324-24_r_1_s_50_BGSNH324-24_merge,237212,QDI94090.1,tribe:Phylini,,12279,null,1533,0.0,1620.0,667.26,660.0,null,null,null,null,null,null
BGSNH345-24_r_1.3_s_50_BGSNH345-24,BGSNH345-24,r_1.3_s_50_merge,>BGSNH345-24_r_1.3_s_50_BGSNH345-24_merge,2212857,YP_009019993.1,tribe:Mirini,,81001,null,1536,3181.0,8305.0,5397.92,5288.0,null,null,null,null,null,null
BGSNH360-24_r_1_s_50_BGSNH360-24,BGSNH360-24,r_1_s_50_merge,>BGSNH360-24_r_1_s_50_BGSNH360-24_merge,2212857,YP_009019993.1,tribe:Mirini,,6262,null,1536,65.0,673.0,298.86,286.5,null,null,null,null,null,null
BGSNH303-24_r_1.5_s_50_BGSNH303-24,BGSNH303-24,r_1.5_s_50_merge,>BGSNH303-24_r_1.5_s_50_BGSNH303-24_merge,981266,QDI94090.1,tribe:Phylini,,5493,null,1533,0.0,1076.0,272.24,235.0,null,null,null,null,null,null
BGSNH325-24_r_1.5_s_100_BGSNH325-24,BGSNH325-24,r_1.5_s_100_merge,>BGSNH325-24_r_1.5_s_100_BGSNH325-24_merge,237212,QDI94090.1,tribe:Phylini,,406,null,1533,0.0,70.0,30.35,33.0,null,null,null,null,null,null
BGSNH332-24_r_1_s_50_BGSNH332-24,BGSNH332-24,r_1_s_50_merge,>BGSNH332-24_r_1_s_50_BGSNH332-24_merge,2315913,QDI94090.1,tribe:Phylini,,10602,null,1533,0.0,1444.0,689.19,692.0,null,null,null,null,null,null
BGSNH334-24_r_1_s_100_BGSNH334-24,BGSNH334-24,r_1_s_100_merge,>BGSNH334-24_r_1_s_100_BGSNH334-24_merge,2315913,QDI94090.1,tribe:Phylini,,39242,null,1533,0.0,4767.0,2323.24,2471.0,null,null,null,null,null,null
BGSNH317-24_r_1_s_50_BGSNH317-24,BGSNH317-24,r_1_s_50_merge,>BGSNH317-24_r_1_s_50_BGSNH317-24_merge,236347,XSG68089.1,subfamily:Bryocorinae,,38553,null,1536,1185.0,5187.0,2561.17,2125.0,null,null,null,null,null,null
BGSNH349-24_r_1_s_100_BGSNH349-24,BGSNH349-24,r_1_s_100_merge,>BGSNH349-24_r_1_s_100_BGSNH349-24_merge,2212857,YP_009019993.1,tribe:Mirini,,927,null,1536,0.0,301.0,96.41,50.0,null,null,null,null,null,null
BGSNH331-24_r_1.3_s_50_BGSNH331-24,BGSNH331-24,r_1.3_s_50_merge,>BGSNH331-24_r_1.3_s_50_BGSNH331-24_merge,2315913,QDI94090.1,tribe:Phylini,,70974,null,1533,0.0,10719.0,3942.0,3880.0,null,null,null,null,null,null
BGSNH287-24_r_1_s_100_BGSNH287-24,BGSNH287-24,r_1_s_100_merge,>BGSNH287-24_r_1_s_100_BGSNH287-24_merge,1545070,AHN95687.1,tribe:Stenodemini,,3198,null,1533,15.0,459.0,209.17,167.0,null,null,null,null,null,null
BGSNH310-24_r_1_s_50_BGSNH310-24,BGSNH310-24,r_1_s_50_merge,>BGSNH310-24_r_1_s_50_BGSNH310-24_merge,236347,XSG68089.1,subfamily:Bryocorinae,,18627,null,1536,360.0,1645.0,1002.74,964.5,null,null,null,null,null,null
BGSNH372-24_r_1.3_s_50_BGSNH372-24,BGSNH372-24,r_1.3_s_50_merge,>BGSNH372-24_r_1.3_s_50_BGSNH372-24_merge,1837210,QDI94090.1,tribe:Phylini,,908,null,1533,0.0,95.0,42.55,42.0,null,null,null,null,null,null
BGSNH352-24_r_1_s_100_BGSNH352-24,BGSNH352-24,r_1_s_100_merge,>BGSNH352-24_r_1_s_100_BGSNH352-24_merge,2212857,YP_009019993.1,tribe:Mirini,,207,null,1536,0.0,50.0,17.94,13.0,null,null,null,null,null,null
BGSNH286-24_r_1.5_s_100_BGSNH286-24,BGSNH286-24,r_1.5_s_100_merge,>BGSNH286-24_r_1.5_s_100_BGSNH286-24_merge,1545070,AHN95687.1,tribe:Stenodemini,,3511,null,1533,21.0,469.0,220.99,208.0,null,null,null,null,null,null
BGSNH322-24_r_1.5_s_50_BGSNH322-24,BGSNH322-24,r_1.5_s_50_merge,>BGSNH322-24_r_1.5_s_50_BGSNH322-24_merge,237212,QDI94090.1,tribe:Phylini,,11208,null,1533,0.0,1315.0,591.19,656.0,null,null,null,null,null,null
BGSNH343-24_r_1.3_s_100_BGSNH343-24,BGSNH343-24,r_1.3_s_100_merge,>BGSNH343-24_r_1.3_s_100_BGSNH343-24_merge,2212857,YP_009019993.1,tribe:Mirini,,22637,null,1536,731.0,2349.0,1648.67,1592.5,null,null,null,null,null,null
BGSNH310-24_r_1_s_100_BGSNH310-24,BGSNH310-24,r_1_s_100_merge,>BGSNH310-24_r_1_s_100_BGSNH310-24_merge,236347,XSG68089.1,subfamily:Bryocorinae,,13260,null,1536,257.0,1456.0,820.62,773.5,null,null,null,null,null,null
BGSNH367-24_r_1_s_50_BGSNH367-24,BGSNH367-24,r_1_s_50_merge,>BGSNH367-24_r_1_s_50_BGSNH367-24_merge,2358427,QDI94090.1,tribe:Phylini,,3674,null,1533,0.0,412.0,195.48,185.0,null,null,null,null,null,null
BGSNH342-24_r_1.5_s_50_BGSNH342-24,BGSNH342-24,r_1.5_s_50_merge,>BGSNH342-24_r_1.5_s_50_BGSNH342-24_merge,2212857,YP_009019993.1,tribe:Mirini,,9880,null,1536,3.0,1181.0,597.16,569.0,null,null,null,null,null,null
BGSNH378-24_r_1.5_s_50_BGSNH378-24,BGSNH378-24,r_1.5_s_50_merge,>BGSNH378-24_r_1.5_s_50_BGSNH378-24_merge,2026309,YP_009019993.1,tribe:Mirini,,93,null,1536,0.0,31.0,3.95,0.0,null,null,null,null,null,null
BGSNH291-24_r_1_s_50_BGSNH291-24,BGSNH291-24,r_1_s_50_merge,>BGSNH291-24_r_1_s_50_BGSNH291-24_merge,1545070,AHN95687.1,tribe:Stenodemini,,10551,null,1533,327.0,1069.0,654.84,615.0,null,null,null,null,null,null
BGSNH352-24_r_1.5_s_50_BGSNH352-24,BGSNH352-24,r_1.5_s_50_merge,>BGSNH352-24_r_1.5_s_50_BGSNH352-24_merge,2212857,YP_009019993.1,tribe:Mirini,,125,null,1536,0.0,21.0,4.85,4.0,null,null,null,null,null,null
BGSNH344-24_r_1.3_s_100_BGSNH344-24,BGSNH344-24,r_1.3_s_100_merge,>BGSNH344-24_r_1.3_s_100_BGSNH344-24_merge,2212857,YP_009019993.1,tribe:Mirini,,11772,null,1536,239.0,1368.0,732.4,697.5,null,null,null,null,null,null
BGSNH348-24_r_1.3_s_50_BGSNH348-24,BGSNH348-24,r_1.3_s_50_merge,>BGSNH348-24_r_1.3_s_50_BGSNH348-24_merge,2212857,YP_009019993.1,tribe:Mirini,,2257,null,1536,18.0,214.0,97.69,93.0,null,null,null,null,null,null
BGSNH323-24_r_1.5_s_100_BGSNH323-24,BGSNH323-24,r_1.5_s_100_merge,>BGSNH323-24_r_1.5_s_100_BGSNH323-24_merge,237212,QDI94090.1,tribe:Phylini,,17390,null,1533,0.0,2930.0,1088.43,1239.0,null,null,null,null,null,null
BGSNH286-24_r_1.3_s_100_BGSNH286-24,BGSNH286-24,r_1.3_s_100_merge,>BGSNH286-24_r_1.3_s_100_BGSNH286-24_merge,1545070,AHN95687.1,tribe:Stenodemini,,3993,null,1533,91.0,569.0,250.68,220.0,null,null,null,null,null,null
BGSNH363-24_r_1.5_s_50_BGSNH363-24,BGSNH363-24,r_1.5_s_50_merge,>BGSNH363-24_r_1.5_s_50_BGSNH363-24_merge,1545085,YP_010424628.1,tribe:Orthotylini,,33225,null,1533,0.0,3200.0,1885.11,2061.0,null,null,null,null,null,null
BGSNH288-24_r_1_s_50_BGSNH288-24,BGSNH288-24,r_1_s_50_merge,>BGSNH288-24_r_1_s_50_BGSNH288-24_merge,1545070,AHN95687.1,tribe:Stenodemini,,133378,null,1533,2868.0,14853.0,7481.42,6711.0,null,null,null,null,null,null
BGSNH348-24_r_1_s_100_BGSNH348-24,BGSNH348-24,r_1_s_100_merge,>BGSNH348-24_r_1_s_100_BGSNH348-24_merge,2212857,YP_009019993.1,tribe:Mirini,,1602,null,1536,3.0,296.0,111.32,94.0,null,null,null,null,null,null
BGSNH316-24_r_1.3_s_50_BGSNH316-24,BGSNH316-24,r_1.3_s_50_merge,>BGSNH316-24_r_1.3_s_50_BGSNH316-24_merge,236347,XSG68089.1,subfamily:Bryocorinae,,34622,null,1536,1476.0,4721.0,2596.24,2262.5,null,null,null,null,null,null
BGSNH380-24_r_1_s_100_BGSNH380-24,BGSNH380-24,r_1_s_100_merge,>BGSNH380-24_r_1_s_100_BGSNH380-24_merge,2026309,YP_009019993.1,tribe:Mirini,,20880,null,1536,391.0,2400.0,1337.12,1281.0,null,null,null,null,null,null
BGSNH364-24_r_1.3_s_100_BGSNH364-24,BGSNH364-24,r_1.3_s_100_merge,>BGSNH364-24_r_1.3_s_100_BGSNH364-24_merge,236347,XSG68089.1,subfamily:Bryocorinae,,16125,null,1536,0.0,1815.0,1043.21,1064.5,null,null,null,null,null,null
BGSNH324-24_r_1.3_s_100_BGSNH324-24,BGSNH324-24,r_1.3_s_100_merge,>BGSNH324-24_r_1.3_s_100_BGSNH324-24_merge,237212,QDI94090.1,tribe:Phylini,,8180,null,1533,0.0,1164.0,506.88,517.0,null,null,null,null,null,null
BGSNH308-24_r_1.3_s_50_BGSNH308-24,BGSNH308-24,r_1.3_s_50_merge,>BGSNH308-24_r_1.3_s_50_BGSNH308-24_merge,981266,QDI94090.1,tribe:Phylini,,6268,null,1533,0.0,1068.0,346.19,285.0,null,null,null,null,null,null
BGSNH373-24_r_1.3_s_100_BGSNH373-24,BGSNH373-24,r_1.3_s_100_merge,>BGSNH373-24_r_1.3_s_100_BGSNH373-24_merge,1837210,QDI94090.1,tribe:Phylini,,1341,null,1533,0.0,190.0,73.89,75.0,null,null,null,null,null,null
BGSNH365-24_r_1_s_100_BGSNH365-24,BGSNH365-24,r_1_s_100_merge,>BGSNH365-24_r_1_s_100_BGSNH365-24_merge,236347,XSG68089.1,subfamily:Bryocorinae,,5972,null,1536,0.0,659.0,443.75,433.5,null,null,null,null,null,null
BGSNH293-24_r_1_s_50_BGSNH293-24,BGSNH293-24,r_1_s_50_merge,>BGSNH293-24_r_1_s_50_BGSNH293-24_merge,236347,XSG68089.1,subfamily:Bryocorinae,,4157,null,1536,0.0,509.0,248.98,229.0,null,null,null,null,null,null
BGSNH296-24_r_1_s_100_BGSNH296-24,BGSNH296-24,r_1_s_100_merge,>BGSNH296-24_r_1_s_100_BGSNH296-24_merge,1929793,YP_009019993.1,genus:Adelphocoris,,34609,null,1536,1092.0,4564.0,2389.0,2302.0,null,null,null,null,null,null
BGSNH307-24_r_1.5_s_100_BGSNH307-24,BGSNH307-24,r_1.5_s_100_merge,>BGSNH307-24_r_1.5_s_100_BGSNH307-24_merge,981266,QDI94090.1,tribe:Phylini,,5634,null,1533,0.0,1172.0,317.48,312.0,null,null,null,null,null,null
BGSNH334-24_r_1_s_50_BGSNH334-24,BGSNH334-24,r_1_s_50_merge,>BGSNH334-24_r_1_s_50_BGSNH334-24_merge,2315913,QDI94090.1,tribe:Phylini,,55734,null,1533,0.0,6731.0,2846.86,2924.0,null,null,null,null,null,null
BGSNH359-24_r_1_s_50_BGSNH359-24,BGSNH359-24,r_1_s_50_merge,>BGSNH359-24_r_1_s_50_BGSNH359-24_merge,2212857,YP_009019993.1,tribe:Mirini,,1745,null,1536,4.0,580.0,139.23,91.0,null,null,null,null,null,null
BGSNH301-24_r_1.3_s_50_BGSNH301-24,BGSNH301-24,r_1.3_s_50_merge,>BGSNH301-24_r_1.3_s_50_BGSNH301-24_merge,2868303,YP_009019993.1,tribe:Mirini,,2191,null,1536,23.0,198.0,97.67,92.5,null,null,null,null,null,null
BGSNH364-24_r_1_s_50_BGSNH364-24,BGSNH364-24,r_1_s_50_merge,>BGSNH364-24_r_1_s_50_BGSNH364-24_merge,236347,XSG68089.1,subfamily:Bryocorinae,,21894,null,1536,0.0,2532.0,1266.73,1205.0,null,null,null,null,null,null
BGSNH309-24_r_1_s_50_BGSNH309-24,BGSNH309-24,r_1_s_50_merge,>BGSNH309-24_r_1_s_50_BGSNH309-24_merge,981266,QDI94090.1,tribe:Phylini,,36224,null,1533,0.0,5116.0,1861.45,1599.0,null,null,null,null,null,null
BGSNH292-24_r_1_s_100_BGSNH292-24,BGSNH292-24,r_1_s_100_merge,>BGSNH292-24_r_1_s_100_BGSNH292-24_merge,236347,XSG68089.1,subfamily:Bryocorinae,,645,null,1536,0.0,119.0,42.36,32.0,null,null,null,null,null,null
BGSNH338-24_r_1.3_s_100_BGSNH338-24,BGSNH338-24,r_1.3_s_100_merge,>BGSNH338-24_r_1.3_s_100_BGSNH338-24_merge,1336454,QDI94090.1,tribe:Phylini,,291,null,1533,0.0,46.0,14.71,12.0,null,null,null,null,null,null
BGSNH380-24_r_1.3_s_100_BGSNH380-24,BGSNH380-24,r_1.3_s_100_merge,>BGSNH380-24_r_1.3_s_100_BGSNH380-24_merge,2026309,YP_009019993.1,tribe:Mirini,,20249,null,1536,380.0,2381.0,1280.48,1224.5,null,null,null,null,null,null
BGSNH293-24_r_1.5_s_50_BGSNH293-24,BGSNH293-24,r_1.5_s_50_merge,>BGSNH293-24_r_1.5_s_50_BGSNH293-24_merge,236347,XSG68089.1,subfamily:Bryocorinae,,2527,null,1536,0.0,360.0,132.15,126.0,null,null,null,null,null,null
BGSNH305-24_r_1.5_s_50_BGSNH305-24,BGSNH305-24,r_1.5_s_50_merge,>BGSNH305-24_r_1.5_s_50_BGSNH305-24_merge,981266,QDI94090.1,tribe:Phylini,,54145,null,1533,0.0,7944.0,3402.71,3454.0,null,null,null,null,null,null
BGSNH315-24_r_1.3_s_100_BGSNH315-24,BGSNH315-24,r_1.3_s_100_merge,>BGSNH315-24_r_1.3_s_100_BGSNH315-24_merge,236347,XSG68089.1,subfamily:Bryocorinae,,5342,null,1536,216.0,877.0,458.29,406.0,null,null,null,null,null,null
BGSNH290-24_r_1.5_s_50_BGSNH290-24,BGSNH290-24,r_1.5_s_50_merge,>BGSNH290-24_r_1.5_s_50_BGSNH290-24_merge,1545070,AHN95687.1,tribe:Stenodemini,,26176,null,1533,406.0,3954.0,1755.74,1482.0,null,null,null,null,null,null
BGSNH368-24_r_1.5_s_50_BGSNH368-24,BGSNH368-24,r_1.5_s_50_merge,>BGSNH368-24_r_1.5_s_50_BGSNH368-24_merge,2358427,QDI94090.1,tribe:Phylini,,3283,null,1533,0.0,484.0,179.5,180.0,null,null,null,null,null,null
BGSNH361-24_r_1.3_s_50_BGSNH361-24,BGSNH361-24,r_1.3_s_50_merge,>BGSNH361-24_r_1.3_s_50_BGSNH361-24_merge,1545085,YP_010424628.1,tribe:Orthotylini,,864,null,1533,16.0,107.0,49.54,49.0,null,null,null,null,null,null
BGSNH305-24_r_1.5_s_100_BGSNH305-24,BGSNH305-24,r_1.5_s_100_merge,>BGSNH305-24_r_1.5_s_100_BGSNH305-24_merge,981266,QDI94090.1,tribe:Phylini,,44955,null,1533,0.0,7671.0,3134.63,3227.0,null,null,null,null,null,null
BGSNH289-24_r_1.5_s_50_BGSNH289-24,BGSNH289-24,r_1.5_s_50_merge,>BGSNH289-24_r_1.5_s_50_BGSNH289-24_merge,1545070,AHN95687.1,tribe:Stenodemini,,8396,null,1533,88.0,1018.0,506.44,463.0,null,null,null,null,null,null
BGSNH318-24_r_1_s_100_BGSNH318-24,BGSNH318-24,r_1_s_100_merge,>BGSNH318-24_r_1_s_100_BGSNH318-24_merge,236347,XSG68089.1,subfamily:Bryocorinae,,27320,null,1536,0.0,4286.0,2157.23,1798.0,null,null,null,null,null,null
BGSNH356-24_r_1.5_s_50_BGSNH356-24,BGSNH356-24,r_1.5_s_50_merge,>BGSNH356-24_r_1.5_s_50_BGSNH356-24_merge,2212857,YP_009019993.1,tribe:Mirini,,9650,null,1536,48.0,1065.0,491.96,423.0,null,null,null,null,null,null
BGSNH365-24_r_1.3_s_100_BGSNH365-24,BGSNH365-24,r_1.3_s_100_merge,>BGSNH365-24_r_1.3_s_100_BGSNH365-24_merge,236347,XSG68089.1,subfamily:Bryocorinae,,5778,null,1536,0.0,651.0,429.95,432.0,null,null,null,null,null,null
BGSNH346-24_r_1.3_s_50_BGSNH346-24,BGSNH346-24,r_1.3_s_50_merge,>BGSNH346-24_r_1.3_s_50_BGSNH346-24_merge,2212857,YP_009019993.1,tribe:Mirini,,2879,null,1536,26.0,363.0,148.84,142.0,null,null,null,null,null,null
BGSNH300-24_r_1.5_s_50_BGSNH300-24,BGSNH300-24,r_1.5_s_50_merge,>BGSNH300-24_r_1.5_s_50_BGSNH300-24_merge,2868303,YP_009019993.1,tribe:Mirini,,250,null,1536,0.0,51.0,9.36,7.0,null,null,null,null,null,null
BGSNH287-24_r_1.3_s_100_BGSNH287-24,BGSNH287-24,r_1.3_s_100_merge,>BGSNH287-24_r_1.3_s_100_BGSNH287-24_merge,1545070,AHN95687.1,tribe:Stenodemini,,2954,null,1533,15.0,341.0,189.79,163.0,null,null,null,null,null,null
BGSNH357-24_r_1.5_s_50_BGSNH357-24,BGSNH357-24,r_1.5_s_50_merge,>BGSNH357-24_r_1.5_s_50_BGSNH357-24_merge,2212857,YP_009019993.1,tribe:Mirini,,2413,null,1536,8.0,344.0,142.49,128.5,null,null,null,null,null,null
BGSNH335-24_r_1_s_50_BGSNH335-24,BGSNH335-24,r_1_s_50_merge,>BGSNH335-24_r_1_s_50_BGSNH335-24_merge,2315913,QDI94090.1,tribe:Phylini,,1695,null,1533,0.0,168.0,88.7,98.0,null,null,null,null,null,null
BGSNH300-24_r_1.3_s_100_BGSNH300-24,BGSNH300-24,r_1.3_s_100_merge,>BGSNH300-24_r_1.3_s_100_BGSNH300-24_merge,2868303,YP_009019993.1,tribe:Mirini,,224,null,1536,0.0,56.0,14.28,8.0,null,null,null,null,null,null
BGSNH377-24_r_1_s_100_BGSNH377-24,BGSNH377-24,r_1_s_100_merge,>BGSNH377-24_r_1_s_100_BGSNH377-24_merge,2026309,YP_009019993.1,tribe:Mirini,,2941,null,1536,37.0,511.0,213.07,197.5,null,null,null,null,null,null
BGSNH343-24_r_1.5_s_50_BGSNH343-24,BGSNH343-24,r_1.5_s_50_merge,>BGSNH343-24_r_1.5_s_50_BGSNH343-24_merge,2212857,YP_009019993.1,tribe:Mirini,,21381,null,1536,106.0,2354.0,1475.9,1461.5,null,null,null,null,null,null
BGSNH349-24_r_1.5_s_100_BGSNH349-24,BGSNH349-24,r_1.5_s_100_merge,>BGSNH349-24_r_1.5_s_100_BGSNH349-24_merge,2212857,YP_009019993.1,tribe:Mirini,,245,null,1536,0.0,64.0,15.76,8.0,null,null,null,null,null,null
BGSNH346-24_r_1_s_50_BGSNH346-24,BGSNH346-24,r_1_s_50_merge,>BGSNH346-24_r_1_s_50_BGSNH346-24_merge,2212857,YP_009019993.1,tribe:Mirini,,4329,null,1536,26.0,800.0,259.05,221.0,null,null,null,null,null,null
BGSNH326-24_r_1.5_s_100_BGSNH326-24,BGSNH326-24,r_1.5_s_100_merge,>BGSNH326-24_r_1.5_s_100_BGSNH326-24_merge,237212,QDI94090.1,tribe:Phylini,,231,null,1533,0.0,40.0,14.17,14.0,null,null,null,null,null,null
BGSNH350-24_r_1.5_s_100_BGSNH350-24,BGSNH350-24,r_1.5_s_100_merge,>BGSNH350-24_r_1.5_s_100_BGSNH350-24_merge,2212857,YP_009019993.1,tribe:Mirini,,73,null,1536,0.0,22.0,3.41,1.0,null,null,null,null,null,null
BGSNH291-24_r_1.5_s_100_BGSNH291-24,BGSNH291-24,r_1.5_s_100_merge,>BGSNH291-24_r_1.5_s_100_BGSNH291-24_merge,1545070,AHN95687.1,tribe:Stenodemini,,7201,null,1533,65.0,988.0,496.95,469.0,null,null,null,null,null,null
BGSNH330-24_r_1_s_100_BGSNH330-24,BGSNH330-24,r_1_s_100_merge,>BGSNH330-24_r_1_s_100_BGSNH330-24_merge,237212,QDI94090.1,tribe:Phylini,,351,null,1533,0.0,61.0,25.25,26.0,null,null,null,null,null,null
BGSNH315-24_r_1.5_s_100_BGSNH315-24,BGSNH315-24,r_1.5_s_100_merge,>BGSNH315-24_r_1.5_s_100_BGSNH315-24_merge,236347,XSG68089.1,subfamily:Bryocorinae,,4456,null,1536,0.0,846.0,380.65,344.5,null,null,null,null,null,null
BGSNH336-24_r_1.5_s_50_BGSNH336-24,BGSNH336-24,r_1.5_s_50_merge,>BGSNH336-24_r_1.5_s_50_BGSNH336-24_merge,2315913,QDI94090.1,tribe:Phylini,,1336,null,1533,0.0,147.0,75.55,87.0,null,null,null,null,null,null
BGSNH332-24_r_1.3_s_50_BGSNH332-24,BGSNH332-24,r_1.3_s_50_merge,>BGSNH332-24_r_1.3_s_50_BGSNH332-24_merge,2315913,QDI94090.1,tribe:Phylini,,10409,null,1533,0.0,1359.0,679.32,689.0,null,null,null,null,null,null
BGSNH344-24_r_1_s_100_BGSNH344-24,BGSNH344-24,r_1_s_100_merge,>BGSNH344-24_r_1_s_100_BGSNH344-24_merge,2212857,YP_009019993.1,tribe:Mirini,,12652,null,1536,319.0,1441.0,817.68,731.5,null,null,null,null,null,null
BGSNH350-24_r_1.3_s_50_BGSNH350-24,BGSNH350-24,r_1.3_s_50_merge,>BGSNH350-24_r_1.3_s_50_BGSNH350-24_merge,2212857,YP_009019993.1,tribe:Mirini,,192,null,1536,0.0,67.0,10.08,5.0,null,null,null,null,null,null
BGSNH361-24_r_1.5_s_50_BGSNH361-24,BGSNH361-24,r_1.5_s_50_merge,>BGSNH361-24_r_1.5_s_50_BGSNH361-24_merge,1545085,YP_010424628.1,tribe:Orthotylini,,648,null,1533,0.0,79.0,38.49,40.0,null,null,null,null,null,null
BGSNH366-24_r_1.3_s_100_BGSNH366-24,BGSNH366-24,r_1.3_s_100_merge,>BGSNH366-24_r_1.3_s_100_BGSNH366-24_merge,236347,XSG68089.1,subfamily:Bryocorinae,,36315,null,1536,0.0,4485.0,2688.81,2611.5,null,null,null,null,null,null
BGSNH304-24_r_1.5_s_50_BGSNH304-24,BGSNH304-24,r_1.5_s_50_merge,>BGSNH304-24_r_1.5_s_50_BGSNH304-24_merge,981266,QDI94090.1,tribe:Phylini,,18846,null,1533,0.0,2547.0,1050.65,988.0,null,null,null,null,null,null
BGSNH306-24_r_1.3_s_50_BGSNH306-24,BGSNH306-24,r_1.3_s_50_merge,>BGSNH306-24_r_1.3_s_50_BGSNH306-24_merge,981266,QDI94090.1,tribe:Phylini,,7645,null,1533,0.0,1133.0,409.98,414.0,null,null,null,null,null,null
BGSNH335-24_r_1.3_s_50_BGSNH335-24,BGSNH335-24,r_1.3_s_50_merge,>BGSNH335-24_r_1.3_s_50_BGSNH335-24_merge,2315913,QDI94090.1,tribe:Phylini,,1624,null,1533,0.0,168.0,85.99,96.0,null,null,null,null,null,null
BGSNH380-24_r_1.3_s_50_BGSNH380-24,BGSNH380-24,r_1.3_s_50_merge,>BGSNH380-24_r_1.3_s_50_BGSNH380-24_merge,2026309,YP_009019993.1,tribe:Mirini,,25476,null,1536,724.0,2715.0,1447.74,1359.5,null,null,null,null,null,null
BGSNH331-24_r_1.3_s_100_BGSNH331-24,BGSNH331-24,r_1.3_s_100_merge,>BGSNH331-24_r_1.3_s_100_BGSNH331-24_merge,2315913,QDI94090.1,tribe:Phylini,,53694,null,1533,0.0,8756.0,3400.01,3333.0,null,null,null,null,null,null
BGSNH297-24_r_1.3_s_50_BGSNH297-24,BGSNH297-24,r_1.3_s_50_merge,>BGSNH297-24_r_1.3_s_50_BGSNH297-24_merge,1929793,YP_009019993.1,genus:Adelphocoris,,9715,null,1536,266.0,947.0,545.49,529.0,null,null,null,null,null,null
BGSNH379-24_r_1.5_s_100_BGSNH379-24,BGSNH379-24,r_1.5_s_100_merge,>BGSNH379-24_r_1.5_s_100_BGSNH379-24_merge,2026309,YP_009019993.1,tribe:Mirini,,851,null,1536,0.0,168.0,56.62,43.0,null,null,null,null,null,null
BGSNH301-24_r_1.3_s_100_BGSNH301-24,BGSNH301-24,r_1.3_s_100_merge,>BGSNH301-24_r_1.3_s_100_BGSNH301-24_merge,2868303,YP_009019993.1,tribe:Mirini,,1314,null,1536,6.0,183.0,70.45,66.0,null,null,null,null,null,null
BGSNH302-24_r_1.5_s_100_BGSNH302-24,BGSNH302-24,r_1.5_s_100_merge,>BGSNH302-24_r_1.5_s_100_BGSNH302-24_merge,981266,QDI94090.1,tribe:Phylini,,5190,null,1533,0.0,883.0,310.94,314.0,null,null,null,null,null,null
BGSNH308-24_r_1.3_s_100_BGSNH308-24,BGSNH308-24,r_1.3_s_100_merge,>BGSNH308-24_r_1.3_s_100_BGSNH308-24_merge,981266,QDI94090.1,tribe:Phylini,,4875,null,1533,0.0,1007.0,303.76,253.0,null,null,null,null,null,null
BGSNH292-24_r_1.3_s_50_BGSNH292-24,BGSNH292-24,r_1.3_s_50_merge,>BGSNH292-24_r_1.3_s_50_BGSNH292-24_merge,236347,XSG68089.1,subfamily:Bryocorinae,,994,null,1536,0.0,162.0,50.16,42.0,null,null,null,null,null,null
BGSNH376-24_r_1.3_s_50_BGSNH376-24,BGSNH376-24,r_1.3_s_50_merge,>BGSNH376-24_r_1.3_s_50_BGSNH376-24_merge,1837210,QDI94090.1,tribe:Phylini,,1591,null,1533,0.0,193.0,72.63,70.0,null,null,null,null,null,null
BGSNH291-24_r_1.3_s_50_BGSNH291-24,BGSNH291-24,r_1.3_s_50_merge,>BGSNH291-24_r_1.3_s_50_BGSNH291-24_merge,1545070,AHN95687.1,tribe:Stenodemini,,10314,null,1533,312.0,1065.0,644.11,609.0,null,null,null,null,null,null
BGSNH373-24_r_1_s_100_BGSNH373-24,BGSNH373-24,r_1_s_100_merge,>BGSNH373-24_r_1_s_100_BGSNH373-24_merge,1837210,QDI94090.1,tribe:Phylini,,1367,null,1533,0.0,199.0,76.28,76.0,null,null,null,null,null,null
BGSNH349-24_r_1.3_s_50_BGSNH349-24,BGSNH349-24,r_1.3_s_50_merge,>BGSNH349-24_r_1.3_s_50_BGSNH349-24_merge,2212857,YP_009019993.1,tribe:Mirini,,926,null,1536,1.0,185.0,40.13,32.0,null,null,null,null,null,null
BGSNH292-24_r_1_s_50_BGSNH292-24,BGSNH292-24,r_1_s_50_merge,>BGSNH292-24_r_1_s_50_BGSNH292-24_merge,236347,XSG68089.1,subfamily:Bryocorinae,,1336,null,1536,0.0,250.0,67.32,61.5,null,null,null,null,null,null
BGSNH327-24_r_1.3_s_100_BGSNH327-24,BGSNH327-24,r_1.3_s_100_merge,>BGSNH327-24_r_1.3_s_100_BGSNH327-24_merge,237212,QDI94090.1,tribe:Phylini,,254,null,1533,0.0,56.0,18.28,18.0,null,null,null,null,null,null
BGSNH364-24_r_1.5_s_100_BGSNH364-24,BGSNH364-24,r_1.5_s_100_merge,>BGSNH364-24_r_1.5_s_100_BGSNH364-24_merge,236347,XSG68089.1,subfamily:Bryocorinae,,12859,null,1536,0.0,1598.0,814.52,926.0,null,null,null,null,null,null
BGSNH351-24_r_1_s_50_BGSNH351-24,BGSNH351-24,r_1_s_50_merge,>BGSNH351-24_r_1_s_50_BGSNH351-24_merge,2212857,YP_009019993.1,tribe:Mirini,,789,null,1536,0.0,269.0,49.76,29.0,null,null,null,null,null,null
BGSNH372-24_r_1.5_s_100_BGSNH372-24,BGSNH372-24,r_1.5_s_100_merge,>BGSNH372-24_r_1.5_s_100_BGSNH372-24_merge,1837210,QDI94090.1,tribe:Phylini,,521,null,1533,0.0,80.0,28.42,29.0,null,null,null,null,null,null
BGSNH369-24_r_1.5_s_100_BGSNH369-24,BGSNH369-24,r_1.5_s_100_merge,>BGSNH369-24_r_1.5_s_100_BGSNH369-24_merge,2358427,QDI94090.1,tribe:Phylini,,150,null,1533,0.0,44.0,9.54,0.0,null,null,null,null,null,null
BGSNH302-24_r_1_s_50_BGSNH302-24,BGSNH302-24,r_1_s_50_merge,>BGSNH302-24_r_1_s_50_BGSNH302-24_merge,981266,QDI94090.1,tribe:Phylini,,8804,null,1533,0.0,1403.0,462.04,430.0,null,null,null,null,null,null
BGSNH321-24_r_1_s_50_BGSNH321-24,BGSNH321-24,r_1_s_50_merge,>BGSNH321-24_r_1_s_50_BGSNH321-24_merge,237212,QDI94090.1,tribe:Phylini,,10473,null,1533,0.0,1635.0,596.42,582.0,null,null,null,null,null,null
BGSNH353-24_r_1.3_s_100_BGSNH353-24,BGSNH353-24,r_1.3_s_100_merge,>BGSNH353-24_r_1.3_s_100_BGSNH353-24_merge,2212857,YP_009019993.1,tribe:Mirini,,7219,null,1536,92.0,1142.0,446.6,406.0,null,null,null,null,null,null
BGSNH286-24_r_1_s_50_BGSNH286-24,BGSNH286-24,r_1_s_50_merge,>BGSNH286-24_r_1_s_50_BGSNH286-24_merge,1545070,AHN95687.1,tribe:Stenodemini,,7044,null,1533,104.0,2178.0,357.17,293.0,null,null,null,null,null,null
BGSNH306-24_r_1_s_50_BGSNH306-24,BGSNH306-24,r_1_s_50_merge,>BGSNH306-24_r_1_s_50_BGSNH306-24_merge,981266,QDI94090.1,tribe:Phylini,,7937,null,1533,0.0,1141.0,423.21,418.0,null,null,null,null,null,null
BGSNH317-24_r_1.3_s_100_BGSNH317-24,BGSNH317-24,r_1.3_s_100_merge,>BGSNH317-24_r_1.3_s_100_BGSNH317-24_merge,236347,XSG68089.1,subfamily:Bryocorinae,,30027,null,1536,832.0,4871.0,2150.28,1887.0,null,null,null,null,null,null
BGSNH323-24_r_1.5_s_50_BGSNH323-24,BGSNH323-24,r_1.5_s_50_merge,>BGSNH323-24_r_1.5_s_50_BGSNH323-24_merge,237212,QDI94090.1,tribe:Phylini,,22119,null,1533,0.0,3101.0,1228.34,1362.0,null,null,null,null,null,null
BGSNH338-24_r_1.3_s_50_BGSNH338-24,BGSNH338-24,r_1.3_s_50_merge,>BGSNH338-24_r_1.3_s_50_BGSNH338-24_merge,1336454,QDI94090.1,tribe:Phylini,,663,null,1533,0.0,70.0,26.18,26.0,null,null,null,null,null,null
BGSNH320-24_r_1.3_s_100_BGSNH320-24,BGSNH320-24,r_1.3_s_100_merge,>BGSNH320-24_r_1.3_s_100_BGSNH320-24_merge,237212,QDI94090.1,tribe:Phylini,,30359,null,1533,0.0,4282.0,2060.84,2179.0,null,null,null,null,null,null
BGSNH301-24_r_1.5_s_100_BGSNH301-24,BGSNH301-24,r_1.5_s_100_merge,>BGSNH301-24_r_1.5_s_100_BGSNH301-24_merge,2868303,YP_009019993.1,tribe:Mirini,,1149,null,1536,0.0,140.0,57.54,51.0,null,null,null,null,null,null
BGSNH294-24_r_1.3_s_50_BGSNH294-24,BGSNH294-24,r_1.3_s_50_merge,>BGSNH294-24_r_1.3_s_50_BGSNH294-24_merge,1929793,YP_009019993.1,genus:Adelphocoris,,7,null,1536,0.0,3.0,0.31,0.0,null,null,null,null,null,null
BGSNH318-24_r_1.5_s_50_BGSNH318-24,BGSNH318-24,r_1.5_s_50_merge,>BGSNH318-24_r_1.5_s_50_BGSNH318-24_merge,236347,XSG68089.1,subfamily:Bryocorinae,,23182,null,1536,0.0,4289.0,1727.1,1520.5,null,null,null,null,null,null
BGSNH308-24_r_1_s_100_BGSNH308-24,BGSNH308-24,r_1_s_100_merge,>BGSNH308-24_r_1_s_100_BGSNH308-24_merge,981266,QDI94090.1,tribe:Phylini,,5026,null,1533,0.0,1007.0,315.87,272.0,null,null,null,null,null,null
BGSNH323-24_r_1.3_s_100_BGSNH323-24,BGSNH323-24,r_1.3_s_100_merge,>BGSNH323-24_r_1.3_s_100_BGSNH323-24_merge,237212,QDI94090.1,tribe:Phylini,,18944,null,1533,0.0,2939.0,1208.53,1289.0,null,null,null,null,null,null
BGSNH351-24_r_1.3_s_100_BGSNH351-24,BGSNH351-24,r_1.3_s_100_merge,>BGSNH351-24_r_1.3_s_100_BGSNH351-24_merge,2212857,YP_009019993.1,tribe:Mirini,,269,null,1536,0.0,71.0,18.33,5.5,null,null,null,null,null,null
BGSNH341-24_r_1_s_50_BGSNH341-24,BGSNH341-24,r_1_s_50_merge,>BGSNH341-24_r_1_s_50_BGSNH341-24_merge,1336454,QDI94090.1,tribe:Phylini,,2372,null,1533,0.0,318.0,106.65,105.0,null,null,null,null,null,null
BGSNH376-24_r_1.5_s_100_BGSNH376-24,BGSNH376-24,r_1.5_s_100_merge,>BGSNH376-24_r_1.5_s_100_BGSNH376-24_merge,1837210,QDI94090.1,tribe:Phylini,,868,null,1533,0.0,149.0,46.67,42.0,null,null,null,null,null,null
BGSNH323-24_r_1_s_100_BGSNH323-24,BGSNH323-24,r_1_s_100_merge,>BGSNH323-24_r_1_s_100_BGSNH323-24_merge,237212,QDI94090.1,tribe:Phylini,,20418,null,1533,0.0,2945.0,1316.03,1339.0,null,null,null,null,null,null
BGSNH289-24_r_1.3_s_50_BGSNH289-24,BGSNH289-24,r_1.3_s_50_merge,>BGSNH289-24_r_1.3_s_50_BGSNH289-24_merge,1545070,AHN95687.1,tribe:Stenodemini,,10252,null,1533,309.0,1180.0,607.49,558.0,null,null,null,null,null,null
BGSNH362-24_r_1.3_s_100_BGSNH362-24,BGSNH362-24,r_1.3_s_100_merge,>BGSNH362-24_r_1.3_s_100_BGSNH362-24_merge,1545085,YP_010424628.1,tribe:Orthotylini,,5676,null,1533,177.0,818.0,390.24,356.0,null,null,null,null,null,null
BGSNH364-24_r_1.5_s_50_BGSNH364-24,BGSNH364-24,r_1.5_s_50_merge,>BGSNH364-24_r_1.5_s_50_BGSNH364-24_merge,236347,XSG68089.1,subfamily:Bryocorinae,,16014,null,1536,0.0,1818.0,915.51,1020.5,null,null,null,null,null,null
BGSNH288-24_r_1_s_100_BGSNH288-24,BGSNH288-24,r_1_s_100_merge,>BGSNH288-24_r_1_s_100_BGSNH288-24_merge,1545070,AHN95687.1,tribe:Stenodemini,,106935,null,1533,984.0,13662.0,6587.86,6007.0,null,null,null,null,null,null
BGSNH359-24_r_1.5_s_50_BGSNH359-24,BGSNH359-24,r_1.5_s_50_merge,>BGSNH359-24_r_1.5_s_50_BGSNH359-24_merge,2212857,YP_009019993.1,tribe:Mirini,,344,null,1536,0.0,93.0,16.28,11.0,null,null,null,null,null,null
BGSNH336-24_r_1.3_s_100_BGSNH336-24,BGSNH336-24,r_1.3_s_100_merge,>BGSNH336-24_r_1.3_s_100_BGSNH336-24_merge,2315913,QDI94090.1,tribe:Phylini,,1153,null,1533,0.0,175.0,75.09,84.0,null,null,null,null,null,null
BGSNH332-24_r_1_s_100_BGSNH332-24,BGSNH332-24,r_1_s_100_merge,>BGSNH332-24_r_1_s_100_BGSNH332-24_merge,2315913,QDI94090.1,tribe:Phylini,,8762,null,1533,0.0,1324.0,632.74,653.0,null,null,null,null,null,null
BGSNH348-24_r_1.5_s_100_BGSNH348-24,BGSNH348-24,r_1.5_s_100_merge,>BGSNH348-24_r_1.5_s_100_BGSNH348-24_merge,2212857,YP_009019993.1,tribe:Mirini,,911,null,1536,0.0,150.0,47.38,44.0,null,null,null,null,null,null
BGSNH319-24_r_1.5_s_100_BGSNH319-24,BGSNH319-24,r_1.5_s_100_merge,>BGSNH319-24_r_1.5_s_100_BGSNH319-24_merge,236347,XSG68089.1,subfamily:Bryocorinae,,78,null,1536,0.0,20.0,4.58,3.0,null,null,null,null,null,null
BGSNH373-24_r_1.5_s_50_BGSNH373-24,BGSNH373-24,r_1.5_s_50_merge,>BGSNH373-24_r_1.5_s_50_BGSNH373-24_merge,1837210,QDI94090.1,tribe:Phylini,,1841,null,1533,0.0,202.0,85.8,92.0,null,null,null,null,null,null
BGSNH356-24_r_1_s_100_BGSNH356-24,BGSNH356-24,r_1_s_100_merge,>BGSNH356-24_r_1_s_100_BGSNH356-24_merge,2212857,YP_009019993.1,tribe:Mirini,,8142,null,1536,37.0,1010.0,511.97,507.0,null,null,null,null,null,null
BGSNH336-24_r_1_s_50_BGSNH336-24,BGSNH336-24,r_1_s_50_merge,>BGSNH336-24_r_1_s_50_BGSNH336-24_merge,2315913,QDI94090.1,tribe:Phylini,,1658,null,1533,0.0,221.0,94.74,102.0,null,null,null,null,null,null
BGSNH293-24_r_1_s_100_BGSNH293-24,BGSNH293-24,r_1_s_100_merge,>BGSNH293-24_r_1_s_100_BGSNH293-24_merge,236347,XSG68089.1,subfamily:Bryocorinae,,2965,null,1536,0.0,492.0,208.01,196.0,null,null,null,null,null,null
BGSNH299-24_r_1.3_s_100_BGSNH299-24,BGSNH299-24,r_1.3_s_100_merge,>BGSNH299-24_r_1.3_s_100_BGSNH299-24_merge,2868303,YP_009019993.1,tribe:Mirini,,8054,null,1536,78.0,1584.0,422.84,356.5,null,null,null,null,null,null
BGSNH328-24_r_1.5_s_100_BGSNH328-24,BGSNH328-24,r_1.5_s_100_merge,>BGSNH328-24_r_1.5_s_100_BGSNH328-24_merge,237212,QDI94090.1,tribe:Phylini,,9996,null,1533,0.0,1462.0,750.45,886.0,null,null,null,null,null,null
BGSNH311-24_r_1_s_50_BGSNH311-24,BGSNH311-24,r_1_s_50_merge,>BGSNH311-24_r_1_s_50_BGSNH311-24_merge,236347,XSG68089.1,subfamily:Bryocorinae,,207416,null,1536,6088.0,17407.0,11107.99,10472.0,null,null,null,null,null,null
BGSNH376-24_r_1.5_s_50_BGSNH376-24,BGSNH376-24,r_1.5_s_50_merge,>BGSNH376-24_r_1.5_s_50_BGSNH376-24_merge,1837210,QDI94090.1,tribe:Phylini,,1397,null,1533,0.0,190.0,62.86,59.0,null,null,null,null,null,null
BGSNH312-24_r_1.3_s_50_BGSNH312-24,BGSNH312-24,r_1.3_s_50_merge,>BGSNH312-24_r_1.3_s_50_BGSNH312-24_merge,236347,XSG68089.1,subfamily:Bryocorinae,,98662,null,1536,1851.0,8331.0,5323.23,5362.5,null,null,null,null,null,null
BGSNH316-24_r_1.5_s_50_BGSNH316-24,BGSNH316-24,r_1.5_s_50_merge,>BGSNH316-24_r_1.5_s_50_BGSNH316-24_merge,236347,XSG68089.1,subfamily:Bryocorinae,,27815,null,1536,0.0,4437.0,2085.89,2000.5,null,null,null,null,null,null
BGSNH330-24_r_1.3_s_50_BGSNH330-24,BGSNH330-24,r_1.3_s_50_merge,>BGSNH330-24_r_1.3_s_50_BGSNH330-24_merge,237212,QDI94090.1,tribe:Phylini,,418,null,1533,0.0,67.0,25.66,26.0,null,null,null,null,null,null
BGSNH313-24_r_1_s_100_BGSNH313-24,BGSNH313-24,r_1_s_100_merge,>BGSNH313-24_r_1_s_100_BGSNH313-24_merge,236347,XSG68089.1,subfamily:Bryocorinae,,21782,null,1536,520.0,2241.0,1402.35,1322.0,null,null,null,null,null,null
BGSNH290-24_r_1.5_s_100_BGSNH290-24,BGSNH290-24,r_1.5_s_100_merge,>BGSNH290-24_r_1.5_s_100_BGSNH290-24_merge,1545070,AHN95687.1,tribe:Stenodemini,,23672,null,1533,274.0,3877.0,1679.05,1406.0,null,null,null,null,null,null
BGSNH306-24_r_1_s_100_BGSNH306-24,BGSNH306-24,r_1_s_100_merge,>BGSNH306-24_r_1_s_100_BGSNH306-24_merge,981266,QDI94090.1,tribe:Phylini,,5791,null,1533,0.0,1065.0,355.76,334.0,null,null,null,null,null,null
BGSNH289-24_r_1_s_100_BGSNH289-24,BGSNH289-24,r_1_s_100_merge,>BGSNH289-24_r_1_s_100_BGSNH289-24_merge,1545070,AHN95687.1,tribe:Stenodemini,,8348,null,1533,109.0,1013.0,547.91,499.0,null,null,null,null,null,null
BGSNH318-24_r_1.5_s_100_BGSNH318-24,BGSNH318-24,r_1.5_s_100_merge,>BGSNH318-24_r_1.5_s_100_BGSNH318-24_merge,236347,XSG68089.1,subfamily:Bryocorinae,,20896,null,1536,0.0,4220.0,1655.59,1452.0,null,null,null,null,null,null
BGSNH375-24_r_1_s_50_BGSNH375-24,BGSNH375-24,r_1_s_50_merge,>BGSNH375-24_r_1_s_50_BGSNH375-24_merge,1837210,QDI94090.1,tribe:Phylini,,29322,null,1533,0.0,3842.0,1448.37,1417.0,null,null,null,null,null,null
BGSNH372-24_r_1_s_100_BGSNH372-24,BGSNH372-24,r_1_s_100_merge,>BGSNH372-24_r_1_s_100_BGSNH372-24_merge,1837210,QDI94090.1,tribe:Phylini,,592,null,1533,0.0,85.0,33.01,33.0,null,null,null,null,null,null
BGSNH295-24_r_1.3_s_50_BGSNH295-24,BGSNH295-24,r_1.3_s_50_merge,>BGSNH295-24_r_1.3_s_50_BGSNH295-24_merge,1929793,YP_009019993.1,genus:Adelphocoris,,48266,null,1536,1433.0,6513.0,2835.54,2598.0,null,null,null,null,null,null
BGSNH328-24_r_1.3_s_100_BGSNH328-24,BGSNH328-24,r_1.3_s_100_merge,>BGSNH328-24_r_1.3_s_100_BGSNH328-24_merge,237212,QDI94090.1,tribe:Phylini,,11120,null,1533,0.0,1469.0,857.7,947.0,null,null,null,null,null,null
BGSNH346-24_r_1_s_100_BGSNH346-24,BGSNH346-24,r_1_s_100_merge,>BGSNH346-24_r_1_s_100_BGSNH346-24_merge,2212857,YP_009019993.1,tribe:Mirini,,2601,null,1536,7.0,562.0,198.09,140.5,null,null,null,null,null,null
BGSNH322-24_r_1_s_100_BGSNH322-24,BGSNH322-24,r_1_s_100_merge,>BGSNH322-24_r_1_s_100_BGSNH322-24_merge,237212,QDI94090.1,tribe:Phylini,,9704,null,1533,0.0,1234.0,597.29,631.0,null,null,null,null,null,null
BGSNH314-24_r_1_s_50_BGSNH314-24,BGSNH314-24,r_1_s_50_merge,>BGSNH314-24_r_1_s_50_BGSNH314-24_merge,236347,XSG68089.1,subfamily:Bryocorinae,,2350,null,1536,83.0,247.0,164.37,163.0,null,null,null,null,null,null
BGSNH356-24_r_1.3_s_100_BGSNH356-24,BGSNH356-24,r_1.3_s_100_merge,>BGSNH356-24_r_1.3_s_100_BGSNH356-24_merge,2212857,YP_009019993.1,tribe:Mirini,,7660,null,1536,37.0,968.0,471.07,443.5,null,null,null,null,null,null
BGSNH345-24_r_1_s_100_BGSNH345-24,BGSNH345-24,r_1_s_100_merge,>BGSNH345-24_r_1_s_100_BGSNH345-24_merge,2212857,YP_009019993.1,tribe:Mirini,,70695,null,1536,2561.0,8270.0,5137.95,4918.5,null,null,null,null,null,null
BGSNH377-24_r_1_s_50_BGSNH377-24,BGSNH377-24,r_1_s_50_merge,>BGSNH377-24_r_1_s_50_BGSNH377-24_merge,2026309,YP_009019993.1,tribe:Mirini,,4089,null,1536,83.0,630.0,249.02,235.0,null,null,null,null,null,null
BGSNH360-24_r_1.3_s_50_BGSNH360-24,BGSNH360-24,r_1.3_s_50_merge,>BGSNH360-24_r_1.3_s_50_BGSNH360-24_merge,2212857,YP_009019993.1,tribe:Mirini,,5494,null,1536,65.0,667.0,252.76,240.0,null,null,null,null,null,null
BGSNH317-24_r_1.5_s_50_BGSNH317-24,BGSNH317-24,r_1.5_s_50_merge,>BGSNH317-24_r_1.5_s_50_BGSNH317-24_merge,236347,XSG68089.1,subfamily:Bryocorinae,,28858,null,1536,0.0,4767.0,1919.41,1793.0,null,null,null,null,null,null
BGSNH344-24_r_1.5_s_50_BGSNH344-24,BGSNH344-24,r_1.5_s_50_merge,>BGSNH344-24_r_1.5_s_50_BGSNH344-24_merge,2212857,YP_009019993.1,tribe:Mirini,,12379,null,1536,52.0,1519.0,685.51,662.5,null,null,null,null,null,null
BGSNH333-24_r_1.5_s_100_BGSNH333-24,BGSNH333-24,r_1.5_s_100_merge,>BGSNH333-24_r_1.5_s_100_BGSNH333-24_merge,2315913,QDI94090.1,tribe:Phylini,,10049,null,1533,0.0,1410.0,556.22,561.0,null,null,null,null,null,null
BGSNH303-24_r_1.5_s_100_BGSNH303-24,BGSNH303-24,r_1.5_s_100_merge,>BGSNH303-24_r_1.5_s_100_BGSNH303-24_merge,981266,QDI94090.1,tribe:Phylini,,3909,null,1533,0.0,968.0,224.77,196.0,null,null,null,null,null,null
BGSNH357-24_r_1.3_s_50_BGSNH357-24,BGSNH357-24,r_1.3_s_50_merge,>BGSNH357-24_r_1.3_s_50_BGSNH357-24_merge,2212857,YP_009019993.1,tribe:Mirini,,2866,null,1536,53.0,347.0,169.75,151.0,null,null,null,null,null,null
BGSNH357-24_r_1_s_50_BGSNH357-24,BGSNH357-24,r_1_s_50_merge,>BGSNH357-24_r_1_s_50_BGSNH357-24_merge,2212857,YP_009019993.1,tribe:Mirini,,3064,null,1536,53.0,351.0,182.84,176.0,null,null,null,null,null,null
BGSNH375-24_r_1_s_100_BGSNH375-24,BGSNH375-24,r_1_s_100_merge,>BGSNH375-24_r_1_s_100_BGSNH375-24_merge,1837210,QDI94090.1,tribe:Phylini,,19501,null,1533,0.0,2980.0,1122.27,1065.0,null,null,null,null,null,null
BGSNH350-24_r_1.3_s_100_BGSNH350-24,BGSNH350-24,r_1.3_s_100_merge,>BGSNH350-24_r_1.3_s_100_BGSNH350-24_merge,2212857,YP_009019993.1,tribe:Mirini,,120,null,1536,0.0,60.0,7.86,2.0,null,null,null,null,null,null
BGSNH347-24_r_1.5_s_50_BGSNH347-24,BGSNH347-24,r_1.5_s_50_merge,>BGSNH347-24_r_1.5_s_50_BGSNH347-24_merge,2212857,YP_009019993.1,tribe:Mirini,,3911,null,1536,0.0,444.0,160.04,155.0,null,null,null,null,null,null
BGSNH335-24_r_1.5_s_50_BGSNH335-24,BGSNH335-24,r_1.5_s_50_merge,>BGSNH335-24_r_1.5_s_50_BGSNH335-24_merge,2315913,QDI94090.1,tribe:Phylini,,1477,null,1533,0.0,168.0,78.21,87.0,null,null,null,null,null,null
BGSNH286-24_r_1.3_s_50_BGSNH286-24,BGSNH286-24,r_1.3_s_50_merge,>BGSNH286-24_r_1.3_s_50_BGSNH286-24_merge,1545070,AHN95687.1,tribe:Stenodemini,,5240,null,1533,104.0,619.0,291.42,263.0,null,null,null,null,null,null
BGSNH351-24_r_1_s_100_BGSNH351-24,BGSNH351-24,r_1_s_100_merge,>BGSNH351-24_r_1_s_100_BGSNH351-24_merge,2212857,YP_009019993.1,tribe:Mirini,,483,null,1536,0.0,165.0,39.47,22.0,null,null,null,null,null,null
BGSNH317-24_r_1.3_s_50_BGSNH317-24,BGSNH317-24,r_1.3_s_50_merge,>BGSNH317-24_r_1.3_s_50_BGSNH317-24_merge,236347,XSG68089.1,subfamily:Bryocorinae,,34485,null,1536,1046.0,5180.0,2297.65,1970.5,null,null,null,null,null,null
BGSNH349-24_r_1.3_s_100_BGSNH349-24,BGSNH349-24,r_1.3_s_100_merge,>BGSNH349-24_r_1.3_s_100_BGSNH349-24_merge,2212857,YP_009019993.1,tribe:Mirini,,309,null,1536,0.0,112.0,21.84,8.0,null,null,null,null,null,null
BGSNH309-24_r_1.3_s_100_BGSNH309-24,BGSNH309-24,r_1.3_s_100_merge,>BGSNH309-24_r_1.3_s_100_BGSNH309-24_merge,981266,QDI94090.1,tribe:Phylini,,25087,null,1533,0.0,3748.0,1505.11,1365.0,null,null,null,null,null,null
BGSNH317-24_r_1_s_100_BGSNH317-24,BGSNH317-24,r_1_s_100_merge,>BGSNH317-24_r_1_s_100_BGSNH317-24_merge,236347,XSG68089.1,subfamily:Bryocorinae,,32784,null,1536,1023.0,4878.0,2357.35,1997.0,null,null,null,null,null,null
BGSNH313-24_r_1.5_s_50_BGSNH313-24,BGSNH313-24,r_1.5_s_50_merge,>BGSNH313-24_r_1.5_s_50_BGSNH313-24_merge,236347,XSG68089.1,subfamily:Bryocorinae,,21587,null,1536,17.0,2357.0,1234.22,1294.0,null,null,null,null,null,null
BGSNH314-24_r_1.3_s_50_BGSNH314-24,BGSNH314-24,r_1.3_s_50_merge,>BGSNH314-24_r_1.3_s_50_BGSNH314-24_merge,236347,XSG68089.1,subfamily:Bryocorinae,,2043,null,1536,63.0,246.0,149.11,150.5,null,null,null,null,null,null
BGSNH294-24_r_1.3_s_100_BGSNH294-24,BGSNH294-24,r_1.3_s_100_merge,>BGSNH294-24_r_1.3_s_100_BGSNH294-24_merge,1929793,YP_009019993.1,genus:Adelphocoris,,2,null,1536,0.0,2.0,0.12,0.0,null,null,null,null,null,null
BGSNH380-24_r_1.5_s_50_BGSNH380-24,BGSNH380-24,r_1.5_s_50_merge,>BGSNH380-24_r_1.5_s_50_BGSNH380-24_merge,2026309,YP_009019993.1,tribe:Mirini,,22180,null,1536,18.0,2144.0,1264.79,1280.0,null,null,null,null,null,null
BGSNH365-24_r_1.5_s_100_BGSNH365-24,BGSNH365-24,r_1.5_s_100_merge,>BGSNH365-24_r_1.5_s_100_BGSNH365-24_merge,236347,XSG68089.1,subfamily:Bryocorinae,,4485,null,1536,0.0,644.0,330.68,360.5,null,null,null,null,null,null
BGSNH334-24_r_1.3_s_100_BGSNH334-24,BGSNH334-24,r_1.3_s_100_merge,>BGSNH334-24_r_1.3_s_100_BGSNH334-24_merge,2315913,QDI94090.1,tribe:Phylini,,38921,null,1533,0.0,4694.0,2303.86,2467.0,null,null,null,null,null,null
BGSNH308-24_r_1.5_s_100_BGSNH308-24,BGSNH308-24,r_1.5_s_100_merge,>BGSNH308-24_r_1.5_s_100_BGSNH308-24_merge,981266,QDI94090.1,tribe:Phylini,,4236,null,1533,0.0,994.0,257.88,184.0,null,null,null,null,null,null
BGSNH370-24_r_1_s_50_BGSNH370-24,BGSNH370-24,r_1_s_50_merge,>BGSNH370-24_r_1_s_50_BGSNH370-24_merge,1837210,QDI94090.1,tribe:Phylini,,1557,null,1533,0.0,148.0,74.75,80.0,null,null,null,null,null,null
BGSNH346-24_r_1.5_s_100_BGSNH346-24,BGSNH346-24,r_1.5_s_100_merge,>BGSNH346-24_r_1.5_s_100_BGSNH346-24_merge,2212857,YP_009019993.1,tribe:Mirini,,1470,null,1536,0.0,247.0,81.62,75.0,null,null,null,null,null,null
BGSNH294-24_r_1_s_100_BGSNH294-24,BGSNH294-24,r_1_s_100_merge,>BGSNH294-24_r_1_s_100_BGSNH294-24_merge,1929793,YP_009019993.1,genus:Adelphocoris,,2,null,1536,0.0,2.0,0.12,0.0,null,null,null,null,null,null
BGSNH324-24_r_1_s_100_BGSNH324-24,BGSNH324-24,r_1_s_100_merge,>BGSNH324-24_r_1_s_100_BGSNH324-24_merge,237212,QDI94090.1,tribe:Phylini,,8854,null,1533,0.0,1193.0,555.64,566.0,null,null,null,null,null,null
BGSNH348-24_r_1_s_50_BGSNH348-24,BGSNH348-24,r_1_s_50_merge,>BGSNH348-24_r_1_s_50_BGSNH348-24_merge,2212857,YP_009019993.1,tribe:Mirini,,2969,null,1536,18.0,372.0,157.07,139.0,null,null,null,null,null,null
BGSNH329-24_r_1.5_s_100_BGSNH329-24,BGSNH329-24,r_1.5_s_100_merge,>BGSNH329-24_r_1.5_s_100_BGSNH329-24_merge,237212,QDI94090.1,tribe:Phylini,,5430,null,1533,0.0,1047.0,322.65,297.0,null,null,null,null,null,null
BGSNH337-24_r_1.3_s_100_BGSNH337-24,BGSNH337-24,r_1.3_s_100_merge,>BGSNH337-24_r_1.3_s_100_BGSNH337-24_merge,1336454,QDI94090.1,tribe:Phylini,,2140,null,1533,0.0,264.0,145.66,165.0,null,null,null,null,null,null
BGSNH288-24_r_1.3_s_100_BGSNH288-24,BGSNH288-24,r_1.3_s_100_merge,>BGSNH288-24_r_1.3_s_100_BGSNH288-24_merge,1545070,AHN95687.1,tribe:Stenodemini,,106803,null,1533,984.0,13650.0,6578.38,5995.0,null,null,null,null,null,null
BGSNH300-24_r_1_s_50_BGSNH300-24_fcleaner_merge,BGSNH300-24,r_1_s_50_fcleaner_merge,>BGSNH300-24_r_1_s_50_BGSNH300-24_fcleaner_merge,2868303,YP_009019993.1,tribe:Mirini,null,609,null,null,0.0,155.0,44.83,33.0,0,414,22,0,0,65.82
BGSNH334-24_r_1.3_s_100_BGSNH334-24_fcleaner_merge,BGSNH334-24,r_1.3_s_100_fcleaner_merge,>BGSNH334-24_r_1.3_s_100_BGSNH334-24_fcleaner_merge,2315913,QDI94090.1,tribe:Phylini,null,36039,null,null,0.0,4597.0,2154.84,2395.0,0,2479,403,0,0,83.37
BGSNH363-24_r_1_s_50_BGSNH363-24_fcleaner_merge,BGSNH363-24,r_1_s_50_fcleaner_merge,>BGSNH363-24_r_1_s_50_BGSNH363-24_fcleaner_merge,1545085,YP_010424628.1,tribe:Orthotylini,null,38803,null,null,801.0,3625.0,2255.15,2210.0,0,3823,451,0,0,100.0
BGSNH377-24_r_1.5_s_100_BGSNH377-24_fcleaner_merge,BGSNH377-24,r_1.5_s_100_fcleaner_merge,>BGSNH377-24_r_1.5_s_100_BGSNH377-24_fcleaner_merge,2026309,YP_009019993.1,tribe:Mirini,null,1918,null,null,0.0,279.0,118.44,110.0,0,174,23,0,0,99.41
BGSNH374-24_r_1_s_100_BGSNH374-24_fcleaner_merge,BGSNH374-24,r_1_s_100_fcleaner_merge,>BGSNH374-24_r_1_s_100_BGSNH374-24_fcleaner_merge,1837210,QDI94090.1,tribe:Phylini,null,928,null,null,0.0,127.0,57.06,58.0,0,41,10,0,0,83.37
BGSNH345-24_r_1.5_s_50_BGSNH345-24_fcleaner_merge,BGSNH345-24,r_1.5_s_50_fcleaner_merge,>BGSNH345-24_r_1.5_s_50_BGSNH345-24_fcleaner_merge,2212857,YP_009019993.1,tribe:Mirini,null,63073,null,null,435.0,7559.0,4340.25,4372.0,0,4238,466,0,0,100.0
BGSNH380-24_r_1.3_s_50_BGSNH380-24_fcleaner_merge,BGSNH380-24,r_1.3_s_50_fcleaner_merge,>BGSNH380-24_r_1.3_s_50_BGSNH380-24_fcleaner_merge,2026309,YP_009019993.1,tribe:Mirini,null,23493,null,null,635.0,2374.0,1364.26,1300.5,0,1799,184,0,0,100.0
BGSNH288-24_r_1.3_s_50_BGSNH288-24_fcleaner_merge,BGSNH288-24,r_1.3_s_50_fcleaner_merge,>BGSNH288-24_r_1.3_s_50_BGSNH288-24_fcleaner_merge,1545070,AHN95687.1,tribe:Stenodemini,null,115624,null,null,937.0,12810.0,6673.14,6347.0,0,15631,1274,0,0,100.0
BGSNH286-24_r_1.5_s_100_BGSNH286-24_fcleaner_merge,BGSNH286-24,r_1.5_s_100_fcleaner_merge,>BGSNH286-24_r_1.5_s_100_BGSNH286-24_fcleaner_merge,1545070,AHN95687.1,tribe:Stenodemini,null,3323,null,null,21.0,454.0,211.87,205.0,0,172,16,0,0,100.0
BGSNH376-24_r_1.5_s_50_BGSNH376-24_fcleaner_merge,BGSNH376-24,r_1.5_s_50_fcleaner_merge,>BGSNH376-24_r_1.5_s_50_BGSNH376-24_fcleaner_merge,1837210,QDI94090.1,tribe:Phylini,null,1249,null,null,0.0,189.0,58.1,55.0,0,137,11,0,0,82.19
BGSNH337-24_r_1.3_s_100_BGSNH337-24_fcleaner_merge,BGSNH337-24,r_1.3_s_100_fcleaner_merge,>BGSNH337-24_r_1.3_s_100_BGSNH337-24_fcleaner_merge,1336454,QDI94090.1,tribe:Phylini,null,1994,null,null,0.0,257.0,137.39,153.0,0,118,28,0,0,83.37
BGSNH322-24_r_1.3_s_50_BGSNH322-24_fcleaner_merge,BGSNH322-24,r_1.3_s_50_fcleaner_merge,>BGSNH322-24_r_1.3_s_50_BGSNH322-24_fcleaner_merge,237212,QDI94090.1,tribe:Phylini,null,10548,null,null,0.0,1297.0,585.49,632.0,0,1614,120,0,0,83.17
BGSNH350-24_r_1_s_50_BGSNH350-24_fcleaner_merge,BGSNH350-24,r_1_s_50_fcleaner_merge,>BGSNH350-24_r_1_s_50_BGSNH350-24_fcleaner_merge,2212857,YP_009019993.1,tribe:Mirini,null,189,null,null,0.0,91.0,13.29,0.0,0,267,13,0,0,45.9
BGSNH297-24_r_1_s_100_BGSNH297-24_fcleaner_merge,BGSNH297-24,r_1_s_100_fcleaner_merge,>BGSNH297-24_r_1_s_100_BGSNH297-24_fcleaner_merge,1929793,YP_009019993.1,genus:Adelphocoris,null,6911,null,null,76.0,725.0,437.21,441.0,0,1458,99,0,0,100.0
BGSNH351-24_r_1.5_s_100_BGSNH351-24_fcleaner_merge,BGSNH351-24,r_1.5_s_100_fcleaner_merge,>BGSNH351-24_r_1.5_s_100_BGSNH351-24_fcleaner_merge,2212857,YP_009019993.1,tribe:Mirini,null,87,null,null,0.0,20.0,4.29,3.0,0,12,0,0,0,59.38
BGSNH360-24_r_1_s_100_BGSNH360-24_fcleaner_merge,BGSNH360-24,r_1_s_100_fcleaner_merge,>BGSNH360-24_r_1_s_100_BGSNH360-24_fcleaner_merge,2212857,YP_009019993.1,tribe:Mirini,null,2987,null,null,25.0,485.0,165.26,150.5,0,669,16,0,0,100.0
BGSNH333-24_r_1.3_s_50_BGSNH333-24_fcleaner_merge,BGSNH333-24,r_1.3_s_50_fcleaner_merge,>BGSNH333-24_r_1.3_s_50_BGSNH333-24_fcleaner_merge,2315913,QDI94090.1,tribe:Phylini,null,15361,null,null,0.0,2285.0,749.13,729.0,0,2672,171,0,0,83.37
BGSNH373-24_r_1.3_s_50_BGSNH373-24_fcleaner_merge,BGSNH373-24,r_1.3_s_50_fcleaner_merge,>BGSNH373-24_r_1.3_s_50_BGSNH373-24_fcleaner_merge,1837210,QDI94090.1,tribe:Phylini,null,1907,null,null,0.0,201.0,90.82,94.0,0,168,18,0,0,83.37
BGSNH375-24_r_1_s_50_BGSNH375-24_fcleaner_merge,BGSNH375-24,r_1_s_50_fcleaner_merge,>BGSNH375-24_r_1_s_50_BGSNH375-24_fcleaner_merge,1837210,QDI94090.1,tribe:Phylini,null,26465,null,null,0.0,3577.0,1335.99,1300.0,0,2646,211,0,0,83.37
BGSNH344-24_r_1_s_100_BGSNH344-24_fcleaner_merge,BGSNH344-24,r_1_s_100_fcleaner_merge,>BGSNH344-24_r_1_s_100_BGSNH344-24_fcleaner_merge,2212857,YP_009019993.1,tribe:Mirini,null,11163,null,null,239.0,1356.0,702.28,670.5,0,1397,92,0,0,100.0
BGSNH327-24_r_1.5_s_50_BGSNH327-24_fcleaner_merge,BGSNH327-24,r_1.5_s_50_fcleaner_merge,>BGSNH327-24_r_1.5_s_50_BGSNH327-24_fcleaner_merge,237212,QDI94090.1,tribe:Phylini,null,248,null,null,0.0,45.0,15.83,16.0,0,26,16,0,0,83.37
BGSNH342-24_r_1_s_100_BGSNH342-24_fcleaner_merge,BGSNH342-24,r_1_s_100_fcleaner_merge,>BGSNH342-24_r_1_s_100_BGSNH342-24_fcleaner_merge,2212857,YP_009019993.1,tribe:Mirini,null,9251,null,null,305.0,1113.0,613.13,573.5,0,836,67,0,0,100.0
BGSNH356-24_r_1.3_s_100_BGSNH356-24_fcleaner_merge,BGSNH356-24,r_1.3_s_100_fcleaner_merge,>BGSNH356-24_r_1.3_s_100_BGSNH356-24_fcleaner_merge,2212857,YP_009019993.1,tribe:Mirini,null,6833,null,null,37.0,917.0,419.75,375.0,0,767,60,0,0,100.0
BGSNH350-24_r_1.3_s_100_BGSNH350-24_fcleaner_merge,BGSNH350-24,r_1.3_s_100_fcleaner_merge,>BGSNH350-24_r_1.3_s_100_BGSNH350-24_fcleaner_merge,2212857,YP_009019993.1,tribe:Mirini,null,52,null,null,0.0,19.0,2.47,1.0,0,67,1,0,0,51.17
BGSNH314-24_r_1_s_100_BGSNH314-24_fcleaner_merge,BGSNH314-24,r_1_s_100_fcleaner_merge,>BGSNH314-24_r_1_s_100_BGSNH314-24_fcleaner_merge,236347,XSG68089.1,subfamily:Bryocorinae,null,1748,null,null,70.0,225.0,143.28,144.0,0,15,30,0,0,100.0
BGSNH312-24_r_1.5_s_50_BGSNH312-24_fcleaner_merge,BGSNH312-24,r_1.5_s_50_fcleaner_merge,>BGSNH312-24_r_1.5_s_50_BGSNH312-24_fcleaner_merge,236347,XSG68089.1,subfamily:Bryocorinae,null,72462,null,null,20.0,7288.0,3959.69,4453.5,0,7675,599,0,0,100.0
BGSNH375-24_r_1.5_s_100_BGSNH375-24_fcleaner_merge,BGSNH375-24,r_1.5_s_100_fcleaner_merge,>BGSNH375-24_r_1.5_s_100_BGSNH375-24_fcleaner_merge,1837210,QDI94090.1,tribe:Phylini,null,15989,null,null,0.0,2944.0,902.4,814.0,0,506,131,0,0,83.37
BGSNH304-24_r_1_s_50_BGSNH304-24_fcleaner_merge,BGSNH304-24,r_1_s_50_fcleaner_merge,>BGSNH304-24_r_1_s_50_BGSNH304-24_fcleaner_merge,981266,QDI94090.1,tribe:Phylini,null,19019,null,null,0.0,2869.0,1136.65,1051.0,0,3579,297,0,0,83.37
BGSNH314-24_r_1.5_s_100_BGSNH314-24_fcleaner_merge,BGSNH314-24,r_1.5_s_100_fcleaner_merge,>BGSNH314-24_r_1.5_s_100_BGSNH314-24_fcleaner_merge,236347,XSG68089.1,subfamily:Bryocorinae,null,1350,null,null,0.0,198.0,111.33,130.0,0,10,21,0,0,92.19
BGSNH323-24_r_1.5_s_50_BGSNH323-24_fcleaner_merge,BGSNH323-24,r_1.5_s_50_fcleaner_merge,>BGSNH323-24_r_1.5_s_50_BGSNH323-24_fcleaner_merge,237212,QDI94090.1,tribe:Phylini,null,19031,null,null,0.0,3064.0,1103.43,1254.0,0,2896,192,0,0,83.17
BGSNH355-24_r_1.5_s_50_BGSNH355-24_fcleaner_merge,BGSNH355-24,r_1.5_s_50_fcleaner_merge,>BGSNH355-24_r_1.5_s_50_BGSNH355-24_fcleaner_merge,2212857,YP_009019993.1,tribe:Mirini,null,8217,null,null,1.0,825.0,426.03,442.0,0,588,63,0,0,100.0
BGSNH293-24_r_1.3_s_50_BGSNH293-24_fcleaner_merge,BGSNH293-24,r_1.3_s_50_fcleaner_merge,>BGSNH293-24_r_1.3_s_50_BGSNH293-24_fcleaner_merge,236347,XSG68089.1,subfamily:Bryocorinae,null,2910,null,null,0.0,278.0,161.92,164.5,0,422,27,0,0,99.61
BGSNH366-24_r_1.3_s_50_BGSNH366-24_fcleaner_merge,BGSNH366-24,r_1.3_s_50_fcleaner_merge,>BGSNH366-24_r_1.3_s_50_BGSNH366-24_fcleaner_merge,236347,XSG68089.1,subfamily:Bryocorinae,null,41215,null,null,0.0,4661.0,2840.93,2728.5,0,644,368,0,0,99.61
BGSNH323-24_r_1.3_s_50_BGSNH323-24_fcleaner_merge,BGSNH323-24,r_1.3_s_50_fcleaner_merge,>BGSNH323-24_r_1.3_s_50_BGSNH323-24_fcleaner_merge,237212,QDI94090.1,tribe:Phylini,null,21143,null,null,0.0,3078.0,1242.71,1332.0,0,2938,237,0,0,83.17
BGSNH318-24_r_1.5_s_100_BGSNH318-24_fcleaner_merge,BGSNH318-24,r_1.5_s_100_fcleaner_merge,>BGSNH318-24_r_1.5_s_100_BGSNH318-24_fcleaner_merge,236347,XSG68089.1,subfamily:Bryocorinae,null,20191,null,null,0.0,4192.0,1615.81,1434.0,0,623,82,0,0,95.12
BGSNH319-24_r_1_s_100_BGSNH319-24_fcleaner_merge,BGSNH319-24,r_1_s_100_fcleaner_merge,>BGSNH319-24_r_1_s_100_BGSNH319-24_fcleaner_merge,236347,XSG68089.1,subfamily:Bryocorinae,null,65,null,null,0.0,14.0,4.56,4.0,0,68,4,0,0,98.05
BGSNH318-24_r_1_s_50_BGSNH318-24_fcleaner_merge,BGSNH318-24,r_1_s_50_fcleaner_merge,>BGSNH318-24_r_1_s_50_BGSNH318-24_fcleaner_merge,236347,XSG68089.1,subfamily:Bryocorinae,null,29257,null,null,0.0,4267.0,2182.8,1802.0,0,1325,130,0,0,99.61
BGSNH315-24_r_1.5_s_100_BGSNH315-24_fcleaner_merge,BGSNH315-24,r_1.5_s_100_fcleaner_merge,>BGSNH315-24_r_1.5_s_100_BGSNH315-24_fcleaner_merge,236347,XSG68089.1,subfamily:Bryocorinae,null,4282,null,null,0.0,835.0,371.15,331.5,0,139,35,0,0,96.29
BGSNH347-24_r_1.5_s_50_BGSNH347-24_fcleaner_merge,BGSNH347-24,r_1.5_s_50_fcleaner_merge,>BGSNH347-24_r_1.5_s_50_BGSNH347-24_fcleaner_merge,2212857,YP_009019993.1,tribe:Mirini,null,3423,null,null,0.0,442.0,140.42,126.5,0,466,22,0,0,98.24
BGSNH370-24_r_1_s_50_BGSNH370-24_fcleaner_merge,BGSNH370-24,r_1_s_50_fcleaner_merge,>BGSNH370-24_r_1_s_50_BGSNH370-24_fcleaner_merge,1837210,QDI94090.1,tribe:Phylini,null,1366,null,null,0.0,145.0,66.93,72.0,0,172,19,0,0,83.37
BGSNH368-24_r_1.5_s_100_BGSNH368-24_fcleaner_merge,BGSNH368-24,r_1.5_s_100_fcleaner_merge,>BGSNH368-24_r_1.5_s_100_BGSNH368-24_fcleaner_merge,2358427,QDI94090.1,tribe:Phylini,null,2439,null,null,0.0,433.0,152.24,141.0,0,40,47,0,0,83.17
BGSNH292-24_r_1.3_s_50_BGSNH292-24_fcleaner_merge,BGSNH292-24,r_1.3_s_50_fcleaner_merge,>BGSNH292-24_r_1.3_s_50_BGSNH292-24_fcleaner_merge,236347,XSG68089.1,subfamily:Bryocorinae,null,605,null,null,0.0,92.0,28.25,20.0,0,383,6,0,0,95.12
BGSNH305-24_r_1.3_s_100_BGSNH305-24_fcleaner_merge,BGSNH305-24,r_1.3_s_100_fcleaner_merge,>BGSNH305-24_r_1.3_s_100_BGSNH305-24_fcleaner_merge,981266,QDI94090.1,tribe:Phylini,null,48434,null,null,0.0,8756.0,3497.68,3425.0,0,2559,413,0,0,83.37
BGSNH304-24_r_1.3_s_100_BGSNH304-24_fcleaner_merge,BGSNH304-24,r_1.3_s_100_fcleaner_merge,>BGSNH304-24_r_1.3_s_100_BGSNH304-24_fcleaner_merge,981266,QDI94090.1,tribe:Phylini,null,15254,null,null,0.0,2443.0,999.29,926.0,0,1288,193,0,0,83.37
BGSNH318-24_r_1.5_s_50_BGSNH318-24_fcleaner_merge,BGSNH318-24,r_1.5_s_50_fcleaner_merge,>BGSNH318-24_r_1.5_s_50_BGSNH318-24_fcleaner_merge,236347,XSG68089.1,subfamily:Bryocorinae,null,22364,null,null,0.0,4264.0,1684.66,1512.0,0,727,91,0,0,99.22
BGSNH294-24_r_1_s_50_BGSNH294-24_fcleaner_merge,BGSNH294-24,r_1_s_50_fcleaner_merge,>BGSNH294-24_r_1_s_50_BGSNH294-24_fcleaner_merge,1929793,YP_009019993.1,genus:Adelphocoris,null,4,null,null,0.0,2.0,0.2,0.0,0,4,0,0,0,10.16
BGSNH312-24_r_1.3_s_50_BGSNH312-24_fcleaner_merge,BGSNH312-24,r_1.3_s_50_fcleaner_merge,>BGSNH312-24_r_1.3_s_50_BGSNH312-24_fcleaner_merge,236347,XSG68089.1,subfamily:Bryocorinae,null,88783,null,null,1846.0,7902.0,4898.2,4942.0,0,9079,800,0,0,100.0
BGSNH351-24_r_1_s_50_BGSNH351-24_fcleaner_merge,BGSNH351-24,r_1_s_50_fcleaner_merge,>BGSNH351-24_r_1_s_50_BGSNH351-24_fcleaner_merge,2212857,YP_009019993.1,tribe:Mirini,null,186,null,null,0.0,82.0,11.33,4.0,0,597,6,0,0,59.77
BGSNH307-24_r_1_s_50_BGSNH307-24_fcleaner_merge,BGSNH307-24,r_1_s_50_fcleaner_merge,>BGSNH307-24_r_1_s_50_BGSNH307-24_fcleaner_merge,981266,QDI94090.1,tribe:Phylini,null,6744,null,null,0.0,851.0,354.05,376.0,0,2353,109,0,0,83.37
BGSNH319-24_r_1.3_s_50_BGSNH319-24_fcleaner_merge,BGSNH319-24,r_1.3_s_50_fcleaner_merge,>BGSNH319-24_r_1.3_s_50_BGSNH319-24_fcleaner_merge,236347,XSG68089.1,subfamily:Bryocorinae,null,115,null,null,0.0,17.0,6.71,6.0,0,24,3,0,0,98.63
BGSNH379-24_r_1.5_s_100_BGSNH379-24_fcleaner_merge,BGSNH379-24,r_1.5_s_100_fcleaner_merge,>BGSNH379-24_r_1.5_s_100_BGSNH379-24_fcleaner_merge,2026309,YP_009019993.1,tribe:Mirini,null,737,null,null,0.0,153.0,49.84,40.0,0,110,4,0,0,98.24
BGSNH316-24_r_1.3_s_100_BGSNH316-24_fcleaner_merge,BGSNH316-24,r_1.3_s_100_fcleaner_merge,>BGSNH316-24_r_1.3_s_100_BGSNH316-24_fcleaner_merge,236347,XSG68089.1,subfamily:Bryocorinae,null,29490,null,null,1399.0,4508.0,2389.86,2105.0,0,1054,253,0,0,100.0
BGSNH340-24_r_1_s_100_BGSNH340-24_fcleaner_merge,BGSNH340-24,r_1_s_100_fcleaner_merge,>BGSNH340-24_r_1_s_100_BGSNH340-24_fcleaner_merge,1336454,QDI94090.1,tribe:Phylini,null,516,null,null,0.0,85.0,27.02,23.0,0,53,17,0,0,83.37
BGSNH368-24_r_1_s_50_BGSNH368-24_fcleaner_merge,BGSNH368-24,r_1_s_50_fcleaner_merge,>BGSNH368-24_r_1_s_50_BGSNH368-24_fcleaner_merge,2358427,QDI94090.1,tribe:Phylini,null,3737,null,null,0.0,475.0,218.42,233.0,0,913,83,0,0,83.37
BGSNH347-24_r_1.5_s_100_BGSNH347-24_fcleaner_merge,BGSNH347-24,r_1.5_s_100_fcleaner_merge,>BGSNH347-24_r_1.5_s_100_BGSNH347-24_fcleaner_merge,2212857,YP_009019993.1,tribe:Mirini,null,1806,null,null,0.0,262.0,90.21,78.0,0,253,15,0,0,92.97
BGSNH371-24_r_1_s_100_BGSNH371-24_fcleaner_merge,BGSNH371-24,r_1_s_100_fcleaner_merge,>BGSNH371-24_r_1_s_100_BGSNH371-24_fcleaner_merge,1837210,QDI94090.1,tribe:Phylini,null,878,null,null,0.0,181.0,48.88,45.0,0,59,9,0,0,83.37
BGSNH338-24_r_1.5_s_100_BGSNH338-24_fcleaner_merge,BGSNH338-24,r_1.5_s_100_fcleaner_merge,>BGSNH338-24_r_1.5_s_100_BGSNH338-24_fcleaner_merge,1336454,QDI94090.1,tribe:Phylini,null,246,null,null,0.0,39.0,12.28,10.0,0,15,3,0,0,78.67
BGSNH375-24_r_1.3_s_50_BGSNH375-24_fcleaner_merge,BGSNH375-24,r_1.3_s_50_fcleaner_merge,>BGSNH375-24_r_1.3_s_50_BGSNH375-24_fcleaner_merge,1837210,QDI94090.1,tribe:Phylini,null,25620,null,null,0.0,3577.0,1292.71,1279.0,0,2067,200,0,0,83.37
BGSNH302-24_r_1_s_50_BGSNH302-24_fcleaner_merge,BGSNH302-24,r_1_s_50_fcleaner_merge,>BGSNH302-24_r_1_s_50_BGSNH302-24_fcleaner_merge,981266,QDI94090.1,tribe:Phylini,null,7317,null,null,0.0,1211.0,404.36,372.0,0,1371,116,0,0,83.37
BGSNH367-24_r_1.3_s_50_BGSNH367-24_fcleaner_merge,BGSNH367-24,r_1.3_s_50_fcleaner_merge,>BGSNH367-24_r_1.3_s_50_BGSNH367-24_fcleaner_merge,2358427,QDI94090.1,tribe:Phylini,null,3090,null,null,0.0,366.0,167.81,161.0,0,230,28,0,0,83.37
BGSNH296-24_r_1.3_s_50_BGSNH296-24_fcleaner_merge,BGSNH296-24,r_1.3_s_50_fcleaner_merge,>BGSNH296-24_r_1.3_s_50_BGSNH296-24_fcleaner_merge,1929793,YP_009019993.1,genus:Adelphocoris,null,35609,null,null,966.0,4325.0,2301.8,2233.0,0,2272,434,0,0,100.0
BGSNH286-24_r_1.3_s_50_BGSNH286-24_fcleaner_merge,BGSNH286-24,r_1.3_s_50_fcleaner_merge,>BGSNH286-24_r_1.3_s_50_BGSNH286-24_fcleaner_merge,1545070,AHN95687.1,tribe:Stenodemini,null,4779,null,null,89.0,522.0,269.06,247.0,0,460,1,0,0,100.0
BGSNH342-24_r_1.5_s_50_BGSNH342-24_fcleaner_merge,BGSNH342-24,r_1.5_s_50_fcleaner_merge,>BGSNH342-24_r_1.5_s_50_BGSNH342-24_fcleaner_merge,2212857,YP_009019993.1,tribe:Mirini,null,9357,null,null,3.0,1172.0,575.2,554.0,0,470,53,0,0,100.0
BGSNH346-24_r_1.5_s_50_BGSNH346-24_fcleaner_merge,BGSNH346-24,r_1.5_s_50_fcleaner_merge,>BGSNH346-24_r_1.5_s_50_BGSNH346-24_fcleaner_merge,2212857,YP_009019993.1,tribe:Mirini,null,1845,null,null,0.0,213.0,88.56,87.0,0,341,22,0,0,97.46
BGSNH321-24_r_1_s_50_BGSNH321-24_fcleaner_merge,BGSNH321-24,r_1_s_50_fcleaner_merge,>BGSNH321-24_r_1_s_50_BGSNH321-24_fcleaner_merge,237212,QDI94090.1,tribe:Phylini,null,9008,null,null,0.0,1570.0,537.39,542.0,0,1345,120,0,0,83.17
BGSNH351-24_r_1.3_s_100_BGSNH351-24_fcleaner_merge,BGSNH351-24,r_1.3_s_100_fcleaner_merge,>BGSNH351-24_r_1.3_s_100_BGSNH351-24_fcleaner_merge,2212857,YP_009019993.1,tribe:Mirini,null,47,null,null,0.0,8.0,2.37,0.0,0,221,1,0,0,47.66
BGSNH304-24_r_1_s_100_BGSNH304-24_fcleaner_merge,BGSNH304-24,r_1_s_100_fcleaner_merge,>BGSNH304-24_r_1_s_100_BGSNH304-24_fcleaner_merge,981266,QDI94090.1,tribe:Phylini,null,15580,null,null,0.0,2584.0,1019.77,930.0,0,1537,217,0,0,83.37
BGSNH299-24_r_1_s_50_BGSNH299-24_fcleaner_merge,BGSNH299-24,r_1_s_50_fcleaner_merge,>BGSNH299-24_r_1_s_50_BGSNH299-24_fcleaner_merge,2868303,YP_009019993.1,tribe:Mirini,null,10791,null,null,133.0,1921.0,494.68,420.5,0,2455,107,0,0,100.0
BGSNH286-24_r_1.5_s_50_BGSNH286-24_fcleaner_merge,BGSNH286-24,r_1.5_s_50_fcleaner_merge,>BGSNH286-24_r_1.5_s_50_BGSNH286-24_fcleaner_merge,1545070,AHN95687.1,tribe:Stenodemini,null,4087,null,null,24.0,488.0,236.64,220.0,0,258,17,0,0,100.0
BGSNH341-24_r_1.5_s_100_BGSNH341-24_fcleaner_merge,BGSNH341-24,r_1.5_s_100_fcleaner_merge,>BGSNH341-24_r_1.5_s_100_BGSNH341-24_fcleaner_merge,1336454,QDI94090.1,tribe:Phylini,null,950,null,null,0.0,136.0,51.05,51.0,0,144,10,0,0,82.19
BGSNH350-24_r_1_s_100_BGSNH350-24_fcleaner_merge,BGSNH350-24,r_1_s_100_fcleaner_merge,>BGSNH350-24_r_1_s_100_BGSNH350-24_fcleaner_merge,2212857,YP_009019993.1,tribe:Mirini,null,32,null,null,0.0,20.0,1.83,0.0,0,241,2,0,0,27.54
BGSNH362-24_r_1.5_s_100_BGSNH362-24_fcleaner_merge,BGSNH362-24,r_1.5_s_100_fcleaner_merge,>BGSNH362-24_r_1.5_s_100_BGSNH362-24_fcleaner_merge,1545085,YP_010424628.1,tribe:Orthotylini,null,4351,null,null,0.0,802.0,299.87,289.0,0,373,59,0,0,98.04
BGSNH377-24_r_1.3_s_50_BGSNH377-24_fcleaner_merge,BGSNH377-24,r_1.3_s_50_fcleaner_merge,>BGSNH377-24_r_1.3_s_50_BGSNH377-24_fcleaner_merge,2026309,YP_009019993.1,tribe:Mirini,null,2650,null,null,30.0,308.0,147.52,137.0,0,690,28,0,0,100.0
BGSNH359-24_r_1.5_s_50_BGSNH359-24_fcleaner_merge,BGSNH359-24,r_1.5_s_50_fcleaner_merge,>BGSNH359-24_r_1.5_s_50_BGSNH359-24_fcleaner_merge,2212857,YP_009019993.1,tribe:Mirini,null,294,null,null,0.0,79.0,14.35,10.0,0,50,0,0,0,84.18
BGSNH290-24_r_1.3_s_50_BGSNH290-24_fcleaner_merge,BGSNH290-24,r_1.3_s_50_fcleaner_merge,>BGSNH290-24_r_1.3_s_50_BGSNH290-24_fcleaner_merge,1545070,AHN95687.1,tribe:Stenodemini,null,28227,null,null,311.0,3363.0,1913.68,1754.0,0,2623,337,0,0,100.0
BGSNH315-24_r_1_s_100_BGSNH315-24_fcleaner_merge,BGSNH315-24,r_1_s_100_fcleaner_merge,>BGSNH315-24_r_1_s_100_BGSNH315-24_fcleaner_merge,236347,XSG68089.1,subfamily:Bryocorinae,null,5590,null,null,212.0,865.0,483.81,422.0,0,167,54,0,0,100.0
BGSNH374-24_r_1.3_s_50_BGSNH374-24_fcleaner_merge,BGSNH374-24,r_1.3_s_50_fcleaner_merge,>BGSNH374-24_r_1.3_s_50_BGSNH374-24_fcleaner_merge,1837210,QDI94090.1,tribe:Phylini,null,1224,null,null,0.0,153.0,66.65,69.0,0,103,13,0,0,83.37
BGSNH351-24_r_1.3_s_50_BGSNH351-24_fcleaner_merge,BGSNH351-24,r_1.3_s_50_fcleaner_merge,>BGSNH351-24_r_1.3_s_50_BGSNH351-24_fcleaner_merge,2212857,YP_009019993.1,tribe:Mirini,null,132,null,null,0.0,21.0,5.45,4.0,0,282,1,0,0,69.73
BGSNH379-24_r_1.5_s_50_BGSNH379-24_fcleaner_merge,BGSNH379-24,r_1.5_s_50_fcleaner_merge,>BGSNH379-24_r_1.5_s_50_BGSNH379-24_fcleaner_merge,2026309,YP_009019993.1,tribe:Mirini,null,776,null,null,0.0,154.0,51.07,41.0,0,216,4,0,0,98.24
BGSNH353-24_r_1_s_100_BGSNH353-24_fcleaner_merge,BGSNH353-24,r_1_s_100_fcleaner_merge,>BGSNH353-24_r_1_s_100_BGSNH353-24_fcleaner_merge,2212857,YP_009019993.1,tribe:Mirini,null,6463,null,null,92.0,1142.0,407.67,354.0,0,1524,78,0,0,100.0
BGSNH303-24_r_1_s_50_BGSNH303-24_fcleaner_merge,BGSNH303-24,r_1_s_50_fcleaner_merge,>BGSNH303-24_r_1_s_50_BGSNH303-24_fcleaner_merge,981266,QDI94090.1,tribe:Phylini,null,5790,null,null,0.0,1096.0,307.46,266.0,0,1110,69,0,0,83.37
BGSNH336-24_r_1.3_s_100_BGSNH336-24_fcleaner_merge,BGSNH336-24,r_1.3_s_100_fcleaner_merge,>BGSNH336-24_r_1.3_s_100_BGSNH336-24_fcleaner_merge,2315913,QDI94090.1,tribe:Phylini,null,1077,null,null,0.0,155.0,69.75,80.0,0,48,28,0,0,83.37
BGSNH332-24_r_1_s_100_BGSNH332-24_fcleaner_merge,BGSNH332-24,r_1_s_100_fcleaner_merge,>BGSNH332-24_r_1_s_100_BGSNH332-24_fcleaner_merge,2315913,QDI94090.1,tribe:Phylini,null,8260,null,null,0.0,1299.0,602.94,634.0,0,422,80,0,0,83.37
BGSNH330-24_r_1.3_s_50_BGSNH330-24_fcleaner_merge,BGSNH330-24,r_1.3_s_50_fcleaner_merge,>BGSNH330-24_r_1.3_s_50_BGSNH330-24_fcleaner_merge,237212,QDI94090.1,tribe:Phylini,null,366,null,null,0.0,67.0,23.58,24.0,0,45,7,0,0,83.17
BGSNH341-24_r_1.3_s_100_BGSNH341-24_fcleaner_merge,BGSNH341-24,r_1.3_s_100_fcleaner_merge,>BGSNH341-24_r_1.3_s_100_BGSNH341-24_fcleaner_merge,1336454,QDI94090.1,tribe:Phylini,null,1054,null,null,0.0,141.0,57.85,59.0,0,152,11,0,0,83.37
BGSNH296-24_r_1.5_s_100_BGSNH296-24_fcleaner_merge,BGSNH296-24,r_1.5_s_100_fcleaner_merge,>BGSNH296-24_r_1.5_s_100_BGSNH296-24_fcleaner_merge,1929793,YP_009019993.1,genus:Adelphocoris,null,31858,null,null,949.0,4246.0,2179.2,2138.5,0,1240,379,0,0,100.0
BGSNH294-24_r_1_s_100_BGSNH294-24_fcleaner_merge,BGSNH294-24,r_1_s_100_fcleaner_merge,>BGSNH294-24_r_1_s_100_BGSNH294-24_fcleaner_merge,1929793,YP_009019993.1,genus:Adelphocoris,null,2,null,null,0.0,2.0,0.12,0.0,0,0,0,0,0,6.25
BGSNH314-24_r_1.3_s_100_BGSNH314-24_fcleaner_merge,BGSNH314-24,r_1.3_s_100_fcleaner_merge,>BGSNH314-24_r_1.3_s_100_BGSNH314-24_fcleaner_merge,236347,XSG68089.1,subfamily:Bryocorinae,null,1633,null,null,60.0,201.0,135.1,139.5,0,13,27,0,0,100.0
BGSNH348-24_r_1_s_50_BGSNH348-24_fcleaner_merge,BGSNH348-24,r_1_s_50_fcleaner_merge,>BGSNH348-24_r_1_s_50_BGSNH348-24_fcleaner_merge,2212857,YP_009019993.1,tribe:Mirini,null,1187,null,null,0.0,130.0,48.25,50.5,0,1773,9,0,0,90.62
BGSNH355-24_r_1.3_s_50_BGSNH355-24_fcleaner_merge,BGSNH355-24,r_1.3_s_50_fcleaner_merge,>BGSNH355-24_r_1.3_s_50_BGSNH355-24_fcleaner_merge,2212857,YP_009019993.1,tribe:Mirini,null,9627,null,null,236.0,825.0,501.84,497.0,0,1050,70,0,0,100.0
BGSNH320-24_r_1.3_s_50_BGSNH320-24_fcleaner_merge,BGSNH320-24,r_1.3_s_50_fcleaner_merge,>BGSNH320-24_r_1.3_s_50_BGSNH320-24_fcleaner_merge,237212,QDI94090.1,tribe:Phylini,null,32691,null,null,0.0,4381.0,2076.3,2202.0,0,4455,448,0,0,83.17
BGSNH377-24_r_1_s_50_BGSNH377-24_fcleaner_merge,BGSNH377-24,r_1_s_50_fcleaner_merge,>BGSNH377-24_r_1_s_50_BGSNH377-24_fcleaner_merge,2026309,YP_009019993.1,tribe:Mirini,null,2691,null,null,51.0,312.0,152.55,145.0,0,1345,53,0,0,100.0
BGSNH304-24_r_1.5_s_100_BGSNH304-24_fcleaner_merge,BGSNH304-24,r_1.5_s_100_fcleaner_merge,>BGSNH304-24_r_1.5_s_100_BGSNH304-24_fcleaner_merge,981266,QDI94090.1,tribe:Phylini,null,13457,null,null,0.0,2437.0,867.0,835.0,0,1079,165,0,0,83.37
BGSNH308-24_r_1.5_s_50_BGSNH308-24_fcleaner_merge,BGSNH308-24,r_1.5_s_50_fcleaner_merge,>BGSNH308-24_r_1.5_s_50_BGSNH308-24_fcleaner_merge,981266,QDI94090.1,tribe:Phylini,null,4891,null,null,0.0,1013.0,275.43,236.0,0,472,52,0,0,83.37
BGSNH335-24_r_1.5_s_50_BGSNH335-24_fcleaner_merge,BGSNH335-24,r_1.5_s_50_fcleaner_merge,>BGSNH335-24_r_1.5_s_50_BGSNH335-24_fcleaner_merge,2315913,QDI94090.1,tribe:Phylini,null,1311,null,null,0.0,164.0,72.5,81.0,0,152,14,0,0,83.37
BGSNH297-24_r_1_s_50_BGSNH297-24_fcleaner_merge,BGSNH297-24,r_1_s_50_fcleaner_merge,>BGSNH297-24_r_1_s_50_BGSNH297-24_fcleaner_merge,1929793,YP_009019993.1,genus:Adelphocoris,null,8962,null,null,256.0,842.0,505.69,510.0,0,2264,114,0,0,100.0
BGSNH373-24_r_1_s_50_BGSNH373-24_fcleaner_merge,BGSNH373-24,r_1_s_50_fcleaner_merge,>BGSNH373-24_r_1_s_50_BGSNH373-24_fcleaner_merge,1837210,QDI94090.1,tribe:Phylini,null,1941,null,null,0.0,202.0,92.43,96.0,0,234,20,0,0,83.37
BGSNH367-24_r_1.5_s_100_BGSNH367-24_fcleaner_merge,BGSNH367-24,r_1.5_s_100_fcleaner_merge,>BGSNH367-24_r_1.5_s_100_BGSNH367-24_fcleaner_merge,2358427,QDI94090.1,tribe:Phylini,null,2162,null,null,0.0,337.0,130.4,109.0,0,52,19,0,0,83.37
BGSNH372-24_r_1_s_50_BGSNH372-24_fcleaner_merge,BGSNH372-24,r_1_s_50_fcleaner_merge,>BGSNH372-24_r_1_s_50_BGSNH372-24_fcleaner_merge,1837210,QDI94090.1,tribe:Phylini,null,848,null,null,0.0,95.0,40.24,39.0,0,141,10,0,0,83.37
BGSNH347-24_r_1_s_100_BGSNH347-24_fcleaner_merge,BGSNH347-24,r_1_s_100_fcleaner_merge,>BGSNH347-24_r_1_s_100_BGSNH347-24_fcleaner_merge,2212857,YP_009019993.1,tribe:Mirini,null,1866,null,null,0.0,298.0,97.22,84.0,0,1061,19,0,0,98.63
BGSNH322-24_r_1_s_100_BGSNH322-24_fcleaner_merge,BGSNH322-24,r_1_s_100_fcleaner_merge,>BGSNH322-24_r_1_s_100_BGSNH322-24_fcleaner_merge,237212,QDI94090.1,tribe:Phylini,null,8695,null,null,0.0,1208.0,546.37,580.0,0,904,105,0,0,83.17
BGSNH369-24_r_1_s_50_BGSNH369-24_fcleaner_merge,BGSNH369-24,r_1_s_50_fcleaner_merge,>BGSNH369-24_r_1_s_50_BGSNH369-24_fcleaner_merge,2358427,QDI94090.1,tribe:Phylini,null,147,null,null,0.0,55.0,9.31,1.0,0,561,13,0,0,52.05
BGSNH321-24_r_1.5_s_50_BGSNH321-24_fcleaner_merge,BGSNH321-24,r_1.5_s_50_fcleaner_merge,>BGSNH321-24_r_1.5_s_50_BGSNH321-24_fcleaner_merge,237212,QDI94090.1,tribe:Phylini,null,7238,null,null,0.0,1020.0,420.39,462.0,0,1164,76,0,0,83.17
BGSNH325-24_r_1.3_s_50_BGSNH325-24_fcleaner_merge,BGSNH325-24,r_1.3_s_50_fcleaner_merge,>BGSNH325-24_r_1.3_s_50_BGSNH325-24_fcleaner_merge,237212,QDI94090.1,tribe:Phylini,null,558,null,null,0.0,68.0,38.32,44.0,0,48,32,0,0,83.37
BGSNH376-24_r_1.5_s_100_BGSNH376-24_fcleaner_merge,BGSNH376-24,r_1.5_s_100_fcleaner_merge,>BGSNH376-24_r_1.5_s_100_BGSNH376-24_fcleaner_merge,1837210,QDI94090.1,tribe:Phylini,null,835,null,null,0.0,149.0,45.04,41.0,0,26,7,0,0,82.19
BGSNH380-24_r_1_s_50_BGSNH380-24_fcleaner_merge,BGSNH380-24,r_1_s_50_fcleaner_merge,>BGSNH380-24_r_1_s_50_BGSNH380-24_fcleaner_merge,2026309,YP_009019993.1,tribe:Mirini,null,23778,null,null,635.0,2380.0,1377.98,1311.5,0,2737,205,0,0,100.0
BGSNH375-24_r_1.5_s_50_BGSNH375-24_fcleaner_merge,BGSNH375-24,r_1.5_s_50_fcleaner_merge,>BGSNH375-24_r_1.5_s_50_BGSNH375-24_fcleaner_merge,1837210,QDI94090.1,tribe:Phylini,null,22251,null,null,0.0,3572.0,1103.86,1073.0,0,1560,153,0,0,83.37
BGSNH359-24_r_1_s_100_BGSNH359-24_fcleaner_merge,BGSNH359-24,r_1_s_100_fcleaner_merge,>BGSNH359-24_r_1_s_100_BGSNH359-24_fcleaner_merge,2212857,YP_009019993.1,tribe:Mirini,null,483,null,null,0.0,436.0,52.5,0.0,0,723,0,0,0,28.52
BGSNH333-24_r_1_s_100_BGSNH333-24_fcleaner_merge,BGSNH333-24,r_1_s_100_fcleaner_merge,>BGSNH333-24_r_1_s_100_BGSNH333-24_fcleaner_merge,2315913,QDI94090.1,tribe:Phylini,null,10437,null,null,0.0,1695.0,592.26,536.0,0,870,129,0,0,83.37
BGSNH287-24_r_1_s_50_BGSNH287-24_fcleaner_merge,BGSNH287-24,r_1_s_50_fcleaner_merge,>BGSNH287-24_r_1_s_50_BGSNH287-24_fcleaner_merge,1545070,AHN95687.1,tribe:Stenodemini,null,3438,null,null,51.0,378.0,201.6,177.0,0,688,5,0,0,100.0
BGSNH289-24_r_1.3_s_50_BGSNH289-24_fcleaner_merge,BGSNH289-24,r_1.3_s_50_fcleaner_merge,>BGSNH289-24_r_1.3_s_50_BGSNH289-24_fcleaner_merge,1545070,AHN95687.1,tribe:Stenodemini,null,8482,null,null,110.0,1014.0,520.94,480.0,0,967,803,0,0,100.0
BGSNH355-24_r_1_s_50_BGSNH355-24_fcleaner_merge,BGSNH355-24,r_1_s_50_fcleaner_merge,>BGSNH355-24_r_1_s_50_BGSNH355-24_fcleaner_merge,2212857,YP_009019993.1,tribe:Mirini,null,9742,null,null,236.0,837.0,506.09,502.0,0,1738,74,0,0,100.0
BGSNH302-24_r_1.3_s_100_BGSNH302-24_fcleaner_merge,BGSNH302-24,r_1.3_s_100_fcleaner_merge,>BGSNH302-24_r_1.3_s_100_BGSNH302-24_fcleaner_merge,981266,QDI94090.1,tribe:Phylini,null,5468,null,null,0.0,885.0,338.67,322.0,0,361,77,0,0,83.37
BGSNH360-24_r_1_s_50_BGSNH360-24_fcleaner_merge,BGSNH360-24,r_1_s_50_fcleaner_merge,>BGSNH360-24_r_1_s_50_BGSNH360-24_fcleaner_merge,2212857,YP_009019993.1,tribe:Mirini,null,4857,null,null,25.0,660.0,226.48,213.0,0,1405,0,0,0,100.0
BGSNH295-24_r_1.5_s_50_BGSNH295-24_fcleaner_merge,BGSNH295-24,r_1.5_s_50_fcleaner_merge,>BGSNH295-24_r_1.5_s_50_BGSNH295-24_fcleaner_merge,1929793,YP_009019993.1,genus:Adelphocoris,null,44996,null,null,1405.0,5412.0,2692.84,2516.0,0,2582,364,0,0,100.0
BGSNH343-24_r_1_s_50_BGSNH343-24_fcleaner_merge,BGSNH343-24,r_1_s_50_fcleaner_merge,>BGSNH343-24_r_1_s_50_BGSNH343-24_fcleaner_merge,2212857,YP_009019993.1,tribe:Mirini,null,23928,null,null,1103.0,2330.0,1663.82,1653.0,0,1577,234,0,0,100.0
BGSNH340-24_r_1.5_s_100_BGSNH340-24_fcleaner_merge,BGSNH340-24,r_1.5_s_100_fcleaner_merge,>BGSNH340-24_r_1.5_s_100_BGSNH340-24_fcleaner_merge,1336454,QDI94090.1,tribe:Phylini,null,475,null,null,0.0,83.0,24.79,21.0,0,37,11,0,0,82.19
BGSNH306-24_r_1.5_s_50_BGSNH306-24_fcleaner_merge,BGSNH306-24,r_1.5_s_50_fcleaner_merge,>BGSNH306-24_r_1.5_s_50_BGSNH306-24_fcleaner_merge,981266,QDI94090.1,tribe:Phylini,null,5640,null,null,0.0,924.0,318.78,318.0,0,1261,74,0,0,83.37
BGSNH363-24_r_1.5_s_50_BGSNH363-24_fcleaner_merge,BGSNH363-24,r_1.5_s_50_fcleaner_merge,>BGSNH363-24_r_1.5_s_50_BGSNH363-24_fcleaner_merge,1545085,YP_010424628.1,tribe:Orthotylini,null,29544,null,null,0.0,3136.0,1707.26,1776.0,0,3395,286,0,0,99.8
BGSNH380-24_r_1.5_s_50_BGSNH380-24_fcleaner_merge,BGSNH380-24,r_1.5_s_50_fcleaner_merge,>BGSNH380-24_r_1.5_s_50_BGSNH380-24_fcleaner_merge,2026309,YP_009019993.1,tribe:Mirini,null,20820,null,null,18.0,2073.0,1214.31,1239.5,0,1219,141,0,0,100.0
BGSNH301-24_r_1_s_100_BGSNH301-24_fcleaner_merge,BGSNH301-24,r_1_s_100_fcleaner_merge,>BGSNH301-24_r_1_s_100_BGSNH301-24_fcleaner_merge,2868303,YP_009019993.1,tribe:Mirini,null,255,null,null,0.0,58.0,11.38,5.5,0,1405,1,0,0,55.08
BGSNH326-24_r_1.3_s_50_BGSNH326-24_fcleaner_merge,BGSNH326-24,r_1.3_s_50_fcleaner_merge,>BGSNH326-24_r_1.3_s_50_BGSNH326-24_fcleaner_merge,237212,QDI94090.1,tribe:Phylini,null,350,null,null,0.0,47.0,18.8,19.0,0,36,24,0,0,83.37
BGSNH352-24_r_1.3_s_100_BGSNH352-24_fcleaner_merge,BGSNH352-24,r_1.3_s_100_fcleaner_merge,>BGSNH352-24_r_1.3_s_100_BGSNH352-24_fcleaner_merge,2212857,YP_009019993.1,tribe:Mirini,null,67,null,null,0.0,18.0,3.14,1.0,0,0,0,0,0,60.55
BGSNH307-24_r_1.3_s_50_BGSNH307-24_fcleaner_merge,BGSNH307-24,r_1.3_s_50_fcleaner_merge,>BGSNH307-24_r_1.3_s_50_BGSNH307-24_fcleaner_merge,981266,QDI94090.1,tribe:Phylini,null,6540,null,null,0.0,849.0,342.93,367.0,0,2130,104,0,0,83.37
BGSNH370-24_r_1.3_s_50_BGSNH370-24_fcleaner_merge,BGSNH370-24,r_1.3_s_50_fcleaner_merge,>BGSNH370-24_r_1.3_s_50_BGSNH370-24_fcleaner_merge,1837210,QDI94090.1,tribe:Phylini,null,1320,null,null,0.0,142.0,65.17,69.0,0,119,16,0,0,83.37
BGSNH311-24_r_1.5_s_100_BGSNH311-24_fcleaner_merge,BGSNH311-24,r_1.5_s_100_fcleaner_merge,>BGSNH311-24_r_1.5_s_100_BGSNH311-24_fcleaner_merge,236347,XSG68089.1,subfamily:Bryocorinae,null,109623,null,null,0.0,13693.0,6650.06,7388.0,0,7981,1012,0,0,99.61
BGSNH333-24_r_1.5_s_50_BGSNH333-24_fcleaner_merge,BGSNH333-24,r_1.5_s_50_fcleaner_merge,>BGSNH333-24_r_1.5_s_50_BGSNH333-24_fcleaner_merge,2315913,QDI94090.1,tribe:Phylini,null,13679,null,null,0.0,1510.0,657.99,675.0,0,2023,130,0,0,83.37
BGSNH287-24_r_1.3_s_100_BGSNH287-24_fcleaner_merge,BGSNH287-24,r_1.3_s_100_fcleaner_merge,>BGSNH287-24_r_1.3_s_100_BGSNH287-24_fcleaner_merge,1545070,AHN95687.1,tribe:Stenodemini,null,2759,null,null,15.0,341.0,178.82,154.0,0,184,11,0,0,100.0
BGSNH339-24_r_1.3_s_50_BGSNH339-24_fcleaner_merge,BGSNH339-24,r_1.3_s_50_fcleaner_merge,>BGSNH339-24_r_1.3_s_50_BGSNH339-24_fcleaner_merge,1336454,QDI94090.1,tribe:Phylini,null,2932,null,null,0.0,302.0,156.35,175.0,0,294,51,0,0,83.37
BGSNH342-24_r_1.3_s_100_BGSNH342-24_fcleaner_merge,BGSNH342-24,r_1.3_s_100_fcleaner_merge,>BGSNH342-24_r_1.3_s_100_BGSNH342-24_fcleaner_merge,2212857,YP_009019993.1,tribe:Mirini,null,9238,null,null,305.0,1112.0,612.18,573.5,0,558,65,0,0,100.0
BGSNH308-24_r_1.3_s_50_BGSNH308-24_fcleaner_merge,BGSNH308-24,r_1.3_s_50_fcleaner_merge,>BGSNH308-24_r_1.3_s_50_BGSNH308-24_fcleaner_merge,981266,QDI94090.1,tribe:Phylini,null,5653,null,null,0.0,1013.0,324.83,279.0,0,552,63,0,0,83.37
BGSNH310-24_r_1.5_s_100_BGSNH310-24_fcleaner_merge,BGSNH310-24,r_1.5_s_100_fcleaner_merge,>BGSNH310-24_r_1.5_s_100_BGSNH310-24_fcleaner_merge,236347,XSG68089.1,subfamily:Bryocorinae,null,9584,null,null,0.0,1257.0,583.71,641.0,0,834,89,0,0,97.27
BGSNH301-24_r_1.5_s_50_BGSNH301-24_fcleaner_merge,BGSNH301-24,r_1.5_s_50_fcleaner_merge,>BGSNH301-24_r_1.5_s_50_BGSNH301-24_fcleaner_merge,2868303,YP_009019993.1,tribe:Mirini,null,1655,null,null,0.0,142.0,71.98,68.0,0,213,18,0,0,98.83
BGSNH358-24_r_1.5_s_50_BGSNH358-24_fcleaner_merge,BGSNH358-24,r_1.5_s_50_fcleaner_merge,>BGSNH358-24_r_1.5_s_50_BGSNH358-24_fcleaner_merge,2212857,YP_009019993.1,tribe:Mirini,null,496,null,null,0.0,72.0,27.52,28.0,0,298,17,0,0,90.82
BGSNH292-24_r_1_s_100_BGSNH292-24_fcleaner_merge,BGSNH292-24,r_1_s_100_fcleaner_merge,>BGSNH292-24_r_1_s_100_BGSNH292-24_fcleaner_merge,236347,XSG68089.1,subfamily:Bryocorinae,null,275,null,null,0.0,67.0,16.26,11.0,0,367,3,0,0,78.32
BGSNH289-24_r_1_s_50_BGSNH289-24_fcleaner_merge,BGSNH289-24,r_1_s_50_fcleaner_merge,>BGSNH289-24_r_1_s_50_BGSNH289-24_fcleaner_merge,1545070,AHN95687.1,tribe:Stenodemini,null,8838,null,null,116.0,1081.0,540.52,500.0,0,1000,790,0,0,100.0
BGSNH293-24_r_1.5_s_100_BGSNH293-24_fcleaner_merge,BGSNH293-24,r_1.5_s_100_fcleaner_merge,>BGSNH293-24_r_1.5_s_100_BGSNH293-24_fcleaner_merge,236347,XSG68089.1,subfamily:Bryocorinae,null,1737,null,null,0.0,246.0,105.09,95.0,0,56,18,0,0,96.09
BGSNH363-24_r_1_s_100_BGSNH363-24_fcleaner_merge,BGSNH363-24,r_1_s_100_fcleaner_merge,>BGSNH363-24_r_1_s_100_BGSNH363-24_fcleaner_merge,1545085,YP_010424628.1,tribe:Orthotylini,null,30487,null,null,787.0,2947.0,1956.98,1952.0,0,2840,363,0,0,100.0
BGSNH288-24_r_1_s_100_BGSNH288-24_fcleaner_merge,BGSNH288-24,r_1_s_100_fcleaner_merge,>BGSNH288-24_r_1_s_100_BGSNH288-24_fcleaner_merge,1545070,AHN95687.1,tribe:Stenodemini,null,95858,null,null,931.0,11918.0,5990.97,5789.0,0,9941,1136,0,0,100.0
BGSNH366-24_r_1.5_s_50_BGSNH366-24_fcleaner_merge,BGSNH366-24,r_1.5_s_50_fcleaner_merge,>BGSNH366-24_r_1.5_s_50_BGSNH366-24_fcleaner_merge,236347,XSG68089.1,subfamily:Bryocorinae,null,32389,null,null,0.0,3893.0,2213.83,2457.0,0,365,271,0,0,99.61
BGSNH334-24_r_1.5_s_100_BGSNH334-24_fcleaner_merge,BGSNH334-24,r_1.5_s_100_fcleaner_merge,>BGSNH334-24_r_1.5_s_100_BGSNH334-24_fcleaner_merge,2315913,QDI94090.1,tribe:Phylini,null,33055,null,null,0.0,4591.0,1953.05,2290.0,0,2241,353,0,0,83.37
BGSNH354-24_r_1.5_s_100_BGSNH354-24_fcleaner_merge,BGSNH354-24,r_1.5_s_100_fcleaner_merge,>BGSNH354-24_r_1.5_s_100_BGSNH354-24_fcleaner_merge,2212857,YP_009019993.1,tribe:Mirini,null,53,null,null,0.0,11.0,2.59,1.0,0,11,1,0,0,70.9
BGSNH358-24_r_1.3_s_100_BGSNH358-24_fcleaner_merge,BGSNH358-24,r_1.3_s_100_fcleaner_merge,>BGSNH358-24_r_1.3_s_100_BGSNH358-24_fcleaner_merge,2212857,YP_009019993.1,tribe:Mirini,null,416,null,null,0.0,70.0,25.41,26.0,0,277,14,0,0,93.75
BGSNH311-24_r_1_s_50_BGSNH311-24_fcleaner_merge,BGSNH311-24,r_1_s_50_fcleaner_merge,>BGSNH311-24_r_1_s_50_BGSNH311-24_fcleaner_merge,236347,XSG68089.1,subfamily:Bryocorinae,null,183334,null,null,4729.0,16501.0,10034.45,9862.0,0,22402,1680,0,0,100.0
BGSNH380-24_r_1.3_s_100_BGSNH380-24_fcleaner_merge,BGSNH380-24,r_1.3_s_100_fcleaner_merge,>BGSNH380-24_r_1.3_s_100_BGSNH380-24_fcleaner_merge,2026309,YP_009019993.1,tribe:Mirini,null,19271,null,null,380.0,2070.0,1223.34,1169.0,0,820,158,0,0,100.0
BGSNH322-24_r_1.3_s_100_BGSNH322-24_fcleaner_merge,BGSNH322-24,r_1.3_s_100_fcleaner_merge,>BGSNH322-24_r_1.3_s_100_BGSNH322-24_fcleaner_merge,237212,QDI94090.1,tribe:Phylini,null,8162,null,null,0.0,1206.0,508.43,556.0,0,899,96,0,0,83.17
BGSNH378-24_r_1.5_s_100_BGSNH378-24_fcleaner,BGSNH378-24,r_1.5_s_100_fcleaner_merge,null,2026309,YP_009019993.1,tribe:Mirini,null,0,null,null,0.0,0.0,0.0,0.0,0,56,0,0,0,0.0
BGSNH309-24_r_1_s_100_BGSNH309-24_fcleaner_merge,BGSNH309-24,r_1_s_100_fcleaner_merge,>BGSNH309-24_r_1_s_100_BGSNH309-24_fcleaner_merge,981266,QDI94090.1,tribe:Phylini,null,22250,null,null,0.0,3861.0,1379.19,1257.0,0,2926,244,0,0,83.37
BGSNH297-24_r_1.5_s_50_BGSNH297-24_fcleaner_merge,BGSNH297-24,r_1.5_s_50_fcleaner_merge,>BGSNH297-24_r_1.5_s_50_BGSNH297-24_fcleaner_merge,1929793,YP_009019993.1,genus:Adelphocoris,null,8308,null,null,247.0,746.0,466.14,471.0,0,690,66,0,0,100.0
BGSNH349-24_r_1.3_s_100_BGSNH349-24_fcleaner_merge,BGSNH349-24,r_1.3_s_100_fcleaner_merge,>BGSNH349-24_r_1.3_s_100_BGSNH349-24_fcleaner_merge,2212857,YP_009019993.1,tribe:Mirini,null,226,null,null,0.0,73.0,16.46,7.0,0,74,9,0,0,70.7
BGSNH333-24_r_1_s_50_BGSNH333-24_fcleaner_merge,BGSNH333-24,r_1_s_50_fcleaner_merge,>BGSNH333-24_r_1_s_50_BGSNH333-24_fcleaner_merge,2315913,QDI94090.1,tribe:Phylini,null,15801,null,null,0.0,2436.0,770.79,732.0,0,3042,181,0,0,83.37
BGSNH299-24_r_1.3_s_100_BGSNH299-24_fcleaner_merge,BGSNH299-24,r_1.3_s_100_fcleaner_merge,>BGSNH299-24_r_1.3_s_100_BGSNH299-24_fcleaner_merge,2868303,YP_009019993.1,tribe:Mirini,null,7248,null,null,58.0,1577.0,378.87,328.0,0,729,77,0,0,100.0
BGSNH289-24_r_1.3_s_100_BGSNH289-24_fcleaner_merge,BGSNH289-24,r_1.3_s_100_fcleaner_merge,>BGSNH289-24_r_1.3_s_100_BGSNH289-24_fcleaner_merge,1545070,AHN95687.1,tribe:Stenodemini,null,6978,null,null,102.0,961.0,467.22,429.0,0,607,670,0,0,100.0
BGSNH303-24_r_1_s_100_BGSNH303-24_fcleaner_merge,BGSNH303-24,r_1_s_100_fcleaner_merge,>BGSNH303-24_r_1_s_100_BGSNH303-24_fcleaner_merge,981266,QDI94090.1,tribe:Phylini,null,4309,null,null,0.0,970.0,258.47,214.0,0,418,42,0,0,83.37
BGSNH380-24_r_1.5_s_100_BGSNH380-24_fcleaner_merge,BGSNH380-24,r_1.5_s_100_fcleaner_merge,>BGSNH380-24_r_1.5_s_100_BGSNH380-24_fcleaner_merge,2026309,YP_009019993.1,tribe:Mirini,null,17437,null,null,18.0,1957.0,1103.89,1150.5,0,437,128,0,0,100.0
BGSNH293-24_r_1.3_s_100_BGSNH293-24_fcleaner_merge,BGSNH293-24,r_1.3_s_100_fcleaner_merge,>BGSNH293-24_r_1.3_s_100_BGSNH293-24_fcleaner_merge,236347,XSG68089.1,subfamily:Bryocorinae,null,2253,null,null,0.0,246.0,139.61,148.0,0,96,22,0,0,99.61
BGSNH317-24_r_1_s_50_BGSNH317-24_fcleaner_merge,BGSNH317-24,r_1_s_50_fcleaner_merge,>BGSNH317-24_r_1_s_50_BGSNH317-24_fcleaner_merge,236347,XSG68089.1,subfamily:Bryocorinae,null,35821,null,null,1158.0,5069.0,2441.33,2066.5,0,2410,322,0,0,100.0
BGSNH329-24_r_1_s_100_BGSNH329-24_fcleaner_merge,BGSNH329-24,r_1_s_100_fcleaner_merge,>BGSNH329-24_r_1_s_100_BGSNH329-24_fcleaner_merge,237212,QDI94090.1,tribe:Phylini,null,5572,null,null,0.0,1023.0,350.43,308.0,0,699,66,0,0,83.17
BGSNH364-24_r_1.5_s_100_BGSNH364-24_fcleaner_merge,BGSNH364-24,r_1.5_s_100_fcleaner_merge,>BGSNH364-24_r_1.5_s_100_BGSNH364-24_fcleaner_merge,236347,XSG68089.1,subfamily:Bryocorinae,null,12689,null,null,0.0,1585.0,805.03,915.5,0,53,117,0,0,98.83
BGSNH323-24_r_1_s_100_BGSNH323-24_fcleaner_merge,BGSNH323-24,r_1_s_100_fcleaner_merge,>BGSNH323-24_r_1_s_100_BGSNH323-24_fcleaner_merge,237212,QDI94090.1,tribe:Phylini,null,18420,null,null,0.0,2905.0,1213.15,1235.0,0,1766,232,0,0,83.17
BGSNH372-24_r_1_s_100_BGSNH372-24_fcleaner_merge,BGSNH372-24,r_1_s_100_fcleaner_merge,>BGSNH372-24_r_1_s_100_BGSNH372-24_fcleaner_merge,1837210,QDI94090.1,tribe:Phylini,null,546,null,null,0.0,80.0,30.12,30.0,0,40,6,0,0,83.37
BGSNH320-24_r_1.5_s_100_BGSNH320-24_fcleaner_merge,BGSNH320-24,r_1.5_s_100_fcleaner_merge,>BGSNH320-24_r_1.5_s_100_BGSNH320-24_fcleaner_merge,237212,QDI94090.1,tribe:Phylini,null,24584,null,null,0.0,4255.0,1670.88,1844.0,0,2420,301,0,0,83.17
BGSNH353-24_r_1.3_s_50_BGSNH353-24_fcleaner_merge,BGSNH353-24,r_1.3_s_50_fcleaner_merge,>BGSNH353-24_r_1.3_s_50_BGSNH353-24_fcleaner_merge,2212857,YP_009019993.1,tribe:Mirini,null,8161,null,null,148.0,1257.0,458.11,402.5,0,1264,60,0,0,100.0
BGSNH314-24_r_1.3_s_50_BGSNH314-24_fcleaner_merge,BGSNH314-24,r_1.3_s_50_fcleaner_merge,>BGSNH314-24_r_1.3_s_50_BGSNH314-24_fcleaner_merge,236347,XSG68089.1,subfamily:Bryocorinae,null,1948,null,null,63.0,226.0,145.8,148.0,0,55,40,0,0,100.0
BGSNH287-24_r_1_s_100_BGSNH287-24_fcleaner_merge,BGSNH287-24,r_1_s_100_fcleaner_merge,>BGSNH287-24_r_1_s_100_BGSNH287-24_fcleaner_merge,1545070,AHN95687.1,tribe:Stenodemini,null,2793,null,null,15.0,341.0,180.68,157.0,0,405,0,0,0,100.0
BGSNH328-24_r_1_s_50_BGSNH328-24_fcleaner_merge,BGSNH328-24,r_1_s_50_fcleaner_merge,>BGSNH328-24_r_1_s_50_BGSNH328-24_fcleaner_merge,237212,QDI94090.1,tribe:Phylini,null,12532,null,null,0.0,2105.0,920.1,933.0,0,1634,173,0,0,83.37
BGSNH325-24_r_1_s_50_BGSNH325-24_fcleaner_merge,BGSNH325-24,r_1_s_50_fcleaner_merge,>BGSNH325-24_r_1_s_50_BGSNH325-24_fcleaner_merge,237212,QDI94090.1,tribe:Phylini,null,679,null,null,0.0,123.0,44.32,47.0,0,99,53,0,0,83.37
BGSNH300-24_r_1.5_s_100_BGSNH300-24_fcleaner_merge,BGSNH300-24,r_1.5_s_100_fcleaner_merge,>BGSNH300-24_r_1.5_s_100_BGSNH300-24_fcleaner_merge,2868303,YP_009019993.1,tribe:Mirini,null,118,null,null,0.0,30.0,5.79,4.0,0,5,1,0,0,50.2
BGSNH354-24_r_1.3_s_50_BGSNH354-24_fcleaner_merge,BGSNH354-24,r_1.3_s_50_fcleaner_merge,>BGSNH354-24_r_1.3_s_50_BGSNH354-24_fcleaner_merge,2212857,YP_009019993.1,tribe:Mirini,null,166,null,null,0.0,32.0,9.34,8.0,0,42,14,0,3,89.84
BGSNH311-24_r_1_s_100_BGSNH311-24_fcleaner_merge,BGSNH311-24,r_1_s_100_fcleaner_merge,>BGSNH311-24_r_1_s_100_BGSNH311-24_fcleaner_merge,236347,XSG68089.1,subfamily:Bryocorinae,null,136029,null,null,2955.0,14546.0,8401.88,8412.0,0,10823,1391,0,0,100.0
BGSNH378-24_r_1_s_100_BGSNH378-24_fcleaner_merge,BGSNH378-24,r_1_s_100_fcleaner_merge,>BGSNH378-24_r_1_s_100_BGSNH378-24_fcleaner_merge,2026309,YP_009019993.1,tribe:Mirini,null,989,null,null,0.0,514.0,102.04,50.0,0,32,33,0,3,58.4
BGSNH354-24_r_1_s_50_BGSNH354-24_fcleaner_merge,BGSNH354-24,r_1_s_50_fcleaner_merge,>BGSNH354-24_r_1_s_50_BGSNH354-24_fcleaner_merge,2212857,YP_009019993.1,tribe:Mirini,null,191,null,null,0.0,42.0,13.83,14.0,0,218,20,0,3,85.16
BGSNH305-24_r_1_s_100_BGSNH305-24_fcleaner_merge,BGSNH305-24,r_1_s_100_fcleaner_merge,>BGSNH305-24_r_1_s_100_BGSNH305-24_fcleaner_merge,981266,QDI94090.1,tribe:Phylini,null,48878,null,null,0.0,9137.0,3525.26,3425.0,0,3117,413,0,0,83.37
BGSNH322-24_r_1_s_50_BGSNH322-24_fcleaner_merge,BGSNH322-24,r_1_s_50_fcleaner_merge,>BGSNH322-24_r_1_s_50_BGSNH322-24_fcleaner_merge,237212,QDI94090.1,tribe:Phylini,null,11457,null,null,0.0,1570.0,639.93,664.0,0,1751,146,0,0,83.17
BGSNH295-24_r_1_s_100_BGSNH295-24_fcleaner_merge,BGSNH295-24,r_1_s_100_fcleaner_merge,>BGSNH295-24_r_1_s_100_BGSNH295-24_fcleaner_merge,1929793,YP_009019993.1,genus:Adelphocoris,null,38631,null,null,1244.0,4911.0,2493.66,2319.0,0,2089,341,0,0,100.0
BGSNH299-24_r_1.3_s_50_BGSNH299-24_fcleaner_merge,BGSNH299-24,r_1.3_s_50_fcleaner_merge,>BGSNH299-24_r_1.3_s_50_BGSNH299-24_fcleaner_merge,2868303,YP_009019993.1,tribe:Mirini,null,10681,null,null,133.0,1919.0,490.67,416.5,0,1685,103,0,0,100.0
BGSNH355-24_r_1.3_s_100_BGSNH355-24_fcleaner_merge,BGSNH355-24,r_1.3_s_100_fcleaner_merge,>BGSNH355-24_r_1.3_s_100_BGSNH355-24_fcleaner_merge,2212857,YP_009019993.1,tribe:Mirini,null,7151,null,null,113.0,763.0,421.01,421.0,0,658,57,0,0,100.0
BGSNH348-24_r_1.5_s_50_BGSNH348-24_fcleaner_merge,BGSNH348-24,r_1.5_s_50_fcleaner_merge,>BGSNH348-24_r_1.5_s_50_BGSNH348-24_fcleaner_merge,2212857,YP_009019993.1,tribe:Mirini,null,1417,null,null,0.0,158.0,58.92,54.5,0,338,5,0,0,95.7
BGSNH358-24_r_1.3_s_50_BGSNH358-24_fcleaner_merge,BGSNH358-24,r_1.3_s_50_fcleaner_merge,>BGSNH358-24_r_1.3_s_50_BGSNH358-24_fcleaner_merge,2212857,YP_009019993.1,tribe:Mirini,null,544,null,null,0.0,70.0,29.96,30.0,0,559,20,0,0,95.9
BGSNH312-24_r_1_s_100_BGSNH312-24_fcleaner_merge,BGSNH312-24,r_1_s_100_fcleaner_merge,>BGSNH312-24_r_1_s_100_BGSNH312-24_fcleaner_merge,236347,XSG68089.1,subfamily:Bryocorinae,null,70162,null,null,1255.0,6938.0,4365.87,4433.0,0,5639,719,0,0,100.0
BGSNH295-24_r_1.3_s_50_BGSNH295-24_fcleaner_merge,BGSNH295-24,r_1.3_s_50_fcleaner_merge,>BGSNH295-24_r_1.3_s_50_BGSNH295-24_fcleaner_merge,1929793,YP_009019993.1,genus:Adelphocoris,null,45188,null,null,1405.0,5427.0,2700.56,2516.0,0,2702,376,0,0,100.0
BGSNH346-24_r_1.3_s_100_BGSNH346-24_fcleaner_merge,BGSNH346-24,r_1.3_s_100_fcleaner_merge,>BGSNH346-24_r_1.3_s_100_BGSNH346-24_fcleaner_merge,2212857,YP_009019993.1,tribe:Mirini,null,1429,null,null,0.0,169.0,82.7,78.0,0,431,8,0,0,99.61
BGSNH374-24_r_1.3_s_100_BGSNH374-24_fcleaner_merge,BGSNH374-24,r_1.3_s_100_fcleaner_merge,>BGSNH374-24_r_1.3_s_100_BGSNH374-24_fcleaner_merge,1837210,QDI94090.1,tribe:Phylini,null,919,null,null,0.0,126.0,56.53,58.0,0,30,10,0,0,83.37
BGSNH317-24_r_1.3_s_50_BGSNH317-24_fcleaner_merge,BGSNH317-24,r_1.3_s_50_fcleaner_merge,>BGSNH317-24_r_1.3_s_50_BGSNH317-24_fcleaner_merge,236347,XSG68089.1,subfamily:Bryocorinae,null,32115,null,null,1040.0,5067.0,2194.82,1917.0,0,2087,283,0,0,100.0
BGSNH348-24_r_1.5_s_100_BGSNH348-24_fcleaner_merge,BGSNH348-24,r_1.5_s_100_fcleaner_merge,>BGSNH348-24_r_1.5_s_100_BGSNH348-24_fcleaner_merge,2212857,YP_009019993.1,tribe:Mirini,null,694,null,null,0.0,131.0,36.31,32.0,0,217,0,0,0,88.67
BGSNH341-24_r_1_s_50_BGSNH341-24_fcleaner_merge,BGSNH341-24,r_1_s_50_fcleaner_merge,>BGSNH341-24_r_1_s_50_BGSNH341-24_fcleaner_merge,1336454,QDI94090.1,tribe:Phylini,null,1825,null,null,0.0,220.0,83.37,88.0,0,520,27,0,0,83.37
BGSNH317-24_r_1.5_s_100_BGSNH317-24_fcleaner_merge,BGSNH317-24,r_1.5_s_100_fcleaner_merge,>BGSNH317-24_r_1.5_s_100_BGSNH317-24_fcleaner_merge,236347,XSG68089.1,subfamily:Bryocorinae,null,24347,null,null,0.0,4513.0,1752.36,1680.0,0,902,198,0,0,93.75
BGSNH377-24_r_1.5_s_50_BGSNH377-24_fcleaner_merge,BGSNH377-24,r_1.5_s_50_fcleaner_merge,>BGSNH377-24_r_1.5_s_50_BGSNH377-24_fcleaner_merge,2026309,YP_009019993.1,tribe:Mirini,null,2393,null,null,0.0,308.0,134.17,125.0,0,450,25,0,0,99.61
BGSNH362-24_r_1.5_s_50_BGSNH362-24_fcleaner_merge,BGSNH362-24,r_1.5_s_50_fcleaner_merge,>BGSNH362-24_r_1.5_s_50_BGSNH362-24_fcleaner_merge,1545085,YP_010424628.1,tribe:Orthotylini,null,5061,null,null,0.0,854.0,323.29,309.0,0,504,67,0,0,98.04
BGSNH374-24_r_1.5_s_100_BGSNH374-24_fcleaner_merge,BGSNH374-24,r_1.5_s_100_fcleaner_merge,>BGSNH374-24_r_1.5_s_100_BGSNH374-24_fcleaner_merge,1837210,QDI94090.1,tribe:Phylini,null,784,null,null,0.0,112.0,46.13,46.0,0,26,8,0,0,82.0
BGSNH315-24_r_1_s_50_BGSNH315-24_fcleaner_merge,BGSNH315-24,r_1_s_50_fcleaner_merge,>BGSNH315-24_r_1_s_50_BGSNH315-24_fcleaner_merge,236347,XSG68089.1,subfamily:Bryocorinae,null,6342,null,null,217.0,894.0,509.79,451.5,0,405,92,0,0,100.0
BGSNH337-24_r_1.5_s_100_BGSNH337-24_fcleaner_merge,BGSNH337-24,r_1.5_s_100_fcleaner_merge,>BGSNH337-24_r_1.5_s_100_BGSNH337-24_fcleaner_merge,1336454,QDI94090.1,tribe:Phylini,null,1801,null,null,0.0,256.0,121.86,136.0,0,109,23,0,0,83.37
BGSNH350-24_r_1.3_s_50_BGSNH350-24_fcleaner_merge,BGSNH350-24,r_1.3_s_50_fcleaner_merge,>BGSNH350-24_r_1.3_s_50_BGSNH350-24_fcleaner_merge,2212857,YP_009019993.1,tribe:Mirini,null,107,null,null,0.0,25.0,4.17,2.0,0,85,0,0,0,63.28
BGSNH361-24_r_1_s_100_BGSNH361-24_fcleaner_merge,BGSNH361-24,r_1_s_100_fcleaner_merge,>BGSNH361-24_r_1_s_100_BGSNH361-24_fcleaner_merge,1545085,YP_010424628.1,tribe:Orthotylini,null,617,null,null,9.0,70.0,42.03,41.0,0,51,17,0,0,100.0
BGSNH307-24_r_1_s_100_BGSNH307-24_fcleaner_merge,BGSNH307-24,r_1_s_100_fcleaner_merge,>BGSNH307-24_r_1_s_100_BGSNH307-24_fcleaner_merge,981266,QDI94090.1,tribe:Phylini,null,5066,null,null,0.0,799.0,295.73,305.0,0,1373,87,0,0,83.37
BGSNH377-24_r_1.3_s_100_BGSNH377-24_fcleaner_merge,BGSNH377-24,r_1.3_s_100_fcleaner_merge,>BGSNH377-24_r_1.3_s_100_BGSNH377-24_fcleaner_merge,2026309,YP_009019993.1,tribe:Mirini,null,2062,null,null,16.0,304.0,127.39,115.0,0,283,32,0,0,100.0
BGSNH300-24_r_1.5_s_50_BGSNH300-24_fcleaner_merge,BGSNH300-24,r_1.5_s_50_fcleaner_merge,>BGSNH300-24_r_1.5_s_50_BGSNH300-24_fcleaner_merge,2868303,YP_009019993.1,tribe:Mirini,null,182,null,null,0.0,43.0,7.74,5.0,0,66,2,0,0,69.34
BGSNH334-24_r_1.5_s_50_BGSNH334-24_fcleaner_merge,BGSNH334-24,r_1.5_s_50_fcleaner_merge,>BGSNH334-24_r_1.5_s_50_BGSNH334-24_fcleaner_merge,2315913,QDI94090.1,tribe:Phylini,null,43227,null,null,0.0,5018.0,2278.08,2603.0,0,5344,398,0,0,83.37
BGSNH355-24_r_1_s_100_BGSNH355-24_fcleaner_merge,BGSNH355-24,r_1_s_100_fcleaner_merge,>BGSNH355-24_r_1_s_100_BGSNH355-24_fcleaner_merge,2212857,YP_009019993.1,tribe:Mirini,null,7096,null,null,113.0,763.0,417.89,413.0,0,1123,57,0,0,100.0
BGSNH380-24_r_1_s_100_BGSNH380-24_fcleaner_merge,BGSNH380-24,r_1_s_100_fcleaner_merge,>BGSNH380-24_r_1_s_100_BGSNH380-24_fcleaner_merge,2026309,YP_009019993.1,tribe:Mirini,null,19373,null,null,380.0,2072.0,1230.32,1179.0,0,1338,169,0,0,100.0
BGSNH322-24_r_1.5_s_100_BGSNH322-24_fcleaner_merge,BGSNH322-24,r_1.5_s_100_fcleaner_merge,>BGSNH322-24_r_1.5_s_100_BGSNH322-24_fcleaner_merge,237212,QDI94090.1,tribe:Phylini,null,7550,null,null,0.0,1206.0,463.96,520.0,0,895,80,0,0,83.17
BGSNH357-24_r_1.3_s_100_BGSNH357-24_fcleaner_merge,BGSNH357-24,r_1.3_s_100_fcleaner_merge,>BGSNH357-24_r_1.3_s_100_BGSNH357-24_fcleaner_merge,2212857,YP_009019993.1,tribe:Mirini,null,2131,null,null,38.0,285.0,142.68,132.0,0,130,25,0,0,100.0
BGSNH324-24_r_1_s_100_BGSNH324-24_fcleaner_merge,BGSNH324-24,r_1_s_100_fcleaner_merge,>BGSNH324-24_r_1_s_100_BGSNH324-24_fcleaner_merge,237212,QDI94090.1,tribe:Phylini,null,7852,null,null,0.0,1190.0,502.46,507.0,0,862,140,0,0,83.17
BGSNH362-24_r_1_s_100_BGSNH362-24_fcleaner_merge,BGSNH362-24,r_1_s_100_fcleaner_merge,>BGSNH362-24_r_1_s_100_BGSNH362-24_fcleaner_merge,1545085,YP_010424628.1,tribe:Orthotylini,null,5493,null,null,135.0,814.0,383.31,352.0,0,375,80,0,0,100.0
BGSNH336-24_r_1_s_100_BGSNH336-24_fcleaner_merge,BGSNH336-24,r_1_s_100_fcleaner_merge,>BGSNH336-24_r_1_s_100_BGSNH336-24_fcleaner_merge,2315913,QDI94090.1,tribe:Phylini,null,1131,null,null,0.0,180.0,73.94,82.0,0,52,34,0,0,83.37
BGSNH345-24_r_1.3_s_100_BGSNH345-24_fcleaner_merge,BGSNH345-24,r_1.3_s_100_fcleaner_merge,>BGSNH345-24_r_1.3_s_100_BGSNH345-24_fcleaner_merge,2212857,YP_009019993.1,tribe:Mirini,null,65848,null,null,2542.0,7259.0,4817.14,4731.5,0,2961,540,0,0,100.0
BGSNH332-24_r_1.3_s_50_BGSNH332-24_fcleaner_merge,BGSNH332-24,r_1.3_s_50_fcleaner_merge,>BGSNH332-24_r_1.3_s_50_BGSNH332-24_fcleaner_merge,2315913,QDI94090.1,tribe:Phylini,null,9377,null,null,0.0,1322.0,637.44,668.0,0,942,90,0,0,83.37
BGSNH352-24_r_1.5_s_100_BGSNH352-24_fcleaner_merge,BGSNH352-24,r_1.5_s_100_fcleaner_merge,>BGSNH352-24_r_1.5_s_100_BGSNH352-24_fcleaner_merge,2212857,YP_009019993.1,tribe:Mirini,null,67,null,null,0.0,18.0,3.14,1.0,0,0,0,0,0,60.55
BGSNH302-24_r_1.5_s_100_BGSNH302-24_fcleaner_merge,BGSNH302-24,r_1.5_s_100_fcleaner_merge,>BGSNH302-24_r_1.5_s_100_BGSNH302-24_fcleaner_merge,981266,QDI94090.1,tribe:Phylini,null,4817,null,null,0.0,883.0,292.71,291.0,0,309,64,0,0,83.37
BGSNH359-24_r_1.3_s_50_BGSNH359-24_fcleaner_merge,BGSNH359-24,r_1.3_s_50_fcleaner_merge,>BGSNH359-24_r_1.3_s_50_BGSNH359-24_fcleaner_merge,2212857,YP_009019993.1,tribe:Mirini,null,359,null,null,0.0,79.0,16.81,11.0,0,71,0,0,0,93.55
BGSNH333-24_r_1.3_s_100_BGSNH333-24_fcleaner_merge,BGSNH333-24,r_1.3_s_100_fcleaner_merge,>BGSNH333-24_r_1.3_s_100_BGSNH333-24_fcleaner_merge,2315913,QDI94090.1,tribe:Phylini,null,10268,null,null,0.0,1581.0,582.01,536.0,0,780,124,0,0,83.37
BGSNH290-24_r_1_s_50_BGSNH290-24_fcleaner_merge,BGSNH290-24,r_1_s_50_fcleaner_merge,>BGSNH290-24_r_1_s_50_BGSNH290-24_fcleaner_merge,1545070,AHN95687.1,tribe:Stenodemini,null,28349,null,null,311.0,3365.0,1919.27,1757.0,0,2678,352,0,0,100.0
BGSNH298-24_r_1.5_s_50_BGSNH298-24_fcleaner_merge,BGSNH298-24,r_1.5_s_50_fcleaner_merge,>BGSNH298-24_r_1.5_s_50_BGSNH298-24_fcleaner_merge,981263,UPL65908.1,subfamily:Phylinae,null,29963,null,null,0.0,3571.0,1536.92,1490.5,0,3896,604,0,0,99.61
BGSNH339-24_r_1_s_50_BGSNH339-24_fcleaner_merge,BGSNH339-24,r_1_s_50_fcleaner_merge,>BGSNH339-24_r_1_s_50_BGSNH339-24_fcleaner_merge,1336454,QDI94090.1,tribe:Phylini,null,3022,null,null,0.0,306.0,160.78,182.0,0,391,57,0,0,83.37
BGSNH330-24_r_1_s_50_BGSNH330-24_fcleaner_merge,BGSNH330-24,r_1_s_50_fcleaner_merge,>BGSNH330-24_r_1_s_50_BGSNH330-24_fcleaner_merge,237212,QDI94090.1,tribe:Phylini,null,430,null,null,0.0,69.0,27.3,28.0,0,99,15,0,0,83.17
BGSNH375-24_r_1.3_s_100_BGSNH375-24_fcleaner_merge,BGSNH375-24,r_1.3_s_100_fcleaner_merge,>BGSNH375-24_r_1.3_s_100_BGSNH375-24_fcleaner_merge,1837210,QDI94090.1,tribe:Phylini,null,18203,null,null,0.0,2947.0,1049.85,1012.0,0,592,162,0,0,83.37
BGSNH298-24_r_1.3_s_50_BGSNH298-24_fcleaner_merge,BGSNH298-24,r_1.3_s_50_fcleaner_merge,>BGSNH298-24_r_1.3_s_50_BGSNH298-24_fcleaner_merge,981263,UPL65908.1,subfamily:Phylinae,null,35610,null,null,0.0,3629.0,1833.06,1842.5,0,5374,829,0,0,99.8
BGSNH376-24_r_1_s_50_BGSNH376-24_fcleaner_merge,BGSNH376-24,r_1_s_50_fcleaner_merge,>BGSNH376-24_r_1_s_50_BGSNH376-24_fcleaner_merge,1837210,QDI94090.1,tribe:Phylini,null,1470,null,null,0.0,191.0,69.4,68.0,0,191,16,0,0,83.37
BGSNH364-24_r_1.5_s_50_BGSNH364-24_fcleaner_merge,BGSNH364-24,r_1.5_s_50_fcleaner_merge,>BGSNH364-24_r_1.5_s_50_BGSNH364-24_fcleaner_merge,236347,XSG68089.1,subfamily:Bryocorinae,null,15534,null,null,0.0,1754.0,898.5,1010.0,0,358,122,0,0,99.8
BGSNH370-24_r_1.5_s_50_BGSNH370-24_fcleaner_merge,BGSNH370-24,r_1.5_s_50_fcleaner_merge,>BGSNH370-24_r_1.5_s_50_BGSNH370-24_fcleaner_merge,1837210,QDI94090.1,tribe:Phylini,null,1137,null,null,0.0,142.0,55.16,58.0,0,69,12,0,0,82.39
BGSNH313-24_r_1.3_s_50_BGSNH313-24_fcleaner_merge,BGSNH313-24,r_1.3_s_50_fcleaner_merge,>BGSNH313-24_r_1.3_s_50_BGSNH313-24_fcleaner_merge,236347,XSG68089.1,subfamily:Bryocorinae,null,23884,null,null,598.0,2381.0,1399.75,1347.5,0,2246,267,0,0,100.0
BGSNH315-24_r_1.5_s_50_BGSNH315-24_fcleaner_merge,BGSNH315-24,r_1.5_s_50_fcleaner_merge,>BGSNH315-24_r_1.5_s_50_BGSNH315-24_fcleaner_merge,236347,XSG68089.1,subfamily:Bryocorinae,null,4636,null,null,1.0,853.0,382.18,340.5,0,286,46,0,0,100.0
BGSNH378-24_r_1.3_s_50_BGSNH378-24_fcleaner_merge,BGSNH378-24,r_1.3_s_50_fcleaner_merge,>BGSNH378-24_r_1.3_s_50_BGSNH378-24_fcleaner_merge,2026309,YP_009019993.1,tribe:Mirini,null,30,null,null,0.0,15.0,1.11,0.0,0,343,1,0,0,10.16
BGSNH324-24_r_1.3_s_100_BGSNH324-24_fcleaner_merge,BGSNH324-24,r_1.3_s_100_fcleaner_merge,>BGSNH324-24_r_1.3_s_100_BGSNH324-24_fcleaner_merge,237212,QDI94090.1,tribe:Phylini,null,7258,null,null,0.0,1140.0,460.45,480.0,0,805,117,0,0,83.17
BGSNH353-24_r_1_s_50_BGSNH353-24_fcleaner_merge,BGSNH353-24,r_1_s_50_fcleaner_merge,>BGSNH353-24_r_1_s_50_BGSNH353-24_fcleaner_merge,2212857,YP_009019993.1,tribe:Mirini,null,8425,null,null,158.0,1265.0,477.38,420.5,0,2333,63,0,0,100.0
BGSNH362-24_r_1.3_s_50_BGSNH362-24_fcleaner_merge,BGSNH362-24,r_1.3_s_50_fcleaner_merge,>BGSNH362-24_r_1.3_s_50_BGSNH362-24_fcleaner_merge,1545085,YP_010424628.1,tribe:Orthotylini,null,6105,null,null,137.0,859.0,394.35,365.0,0,516,82,0,0,100.0
BGSNH330-24_r_1.3_s_100_BGSNH330-24_fcleaner_merge,BGSNH330-24,r_1.3_s_100_fcleaner_merge,>BGSNH330-24_r_1.3_s_100_BGSNH330-24_fcleaner_merge,237212,QDI94090.1,tribe:Phylini,null,289,null,null,0.0,60.0,21.03,22.0,0,26,6,0,0,83.17
BGSNH308-24_r_1_s_50_BGSNH308-24_fcleaner_merge,BGSNH308-24,r_1_s_50_fcleaner_merge,>BGSNH308-24_r_1_s_50_BGSNH308-24_fcleaner_merge,981266,QDI94090.1,tribe:Phylini,null,5926,null,null,0.0,1013.0,337.23,287.0,0,724,90,0,0,83.37
BGSNH376-24_r_1.3_s_100_BGSNH376-24_fcleaner_merge,BGSNH376-24,r_1.3_s_100_fcleaner_merge,>BGSNH376-24_r_1.3_s_100_BGSNH376-24_fcleaner_merge,1837210,QDI94090.1,tribe:Phylini,null,931,null,null,0.0,149.0,51.22,50.0,0,32,11,0,0,83.37
BGSNH304-24_r_1.3_s_50_BGSNH304-24_fcleaner_merge,BGSNH304-24,r_1.3_s_50_fcleaner_merge,>BGSNH304-24_r_1.3_s_50_BGSNH304-24_fcleaner_merge,981266,QDI94090.1,tribe:Phylini,null,18350,null,null,0.0,2651.0,1098.86,1046.0,0,3001,231,0,0,83.37
BGSNH313-24_r_1.3_s_100_BGSNH313-24_fcleaner_merge,BGSNH313-24,r_1.3_s_100_fcleaner_merge,>BGSNH313-24_r_1.3_s_100_BGSNH313-24_fcleaner_merge,236347,XSG68089.1,subfamily:Bryocorinae,null,19044,null,null,497.0,2179.0,1236.06,1186.0,0,1308,243,0,0,100.0
BGSNH379-24_r_1_s_50_BGSNH379-24_fcleaner_merge,BGSNH379-24,r_1_s_50_fcleaner_merge,>BGSNH379-24_r_1_s_50_BGSNH379-24_fcleaner_merge,2026309,YP_009019993.1,tribe:Mirini,null,593,null,null,0.0,175.0,44.54,26.0,0,1661,33,0,3,73.24
BGSNH344-24_r_1.5_s_100_BGSNH344-24_fcleaner_merge,BGSNH344-24,r_1.5_s_100_fcleaner_merge,>BGSNH344-24_r_1.5_s_100_BGSNH344-24_fcleaner_merge,2212857,YP_009019993.1,tribe:Mirini,null,9333,null,null,21.0,1355.0,575.71,550.5,0,653,5,0,0,100.0
BGSNH366-24_r_1_s_50_BGSNH366-24_fcleaner_merge,BGSNH366-24,r_1_s_50_fcleaner_merge,>BGSNH366-24_r_1_s_50_BGSNH366-24_fcleaner_merge,236347,XSG68089.1,subfamily:Bryocorinae,null,43190,null,null,0.0,5368.0,2960.53,2730.0,0,882,396,0,0,99.61
BGSNH343-24_r_1_s_100_BGSNH343-24_fcleaner_merge,BGSNH343-24,r_1_s_100_fcleaner_merge,>BGSNH343-24_r_1_s_100_BGSNH343-24_fcleaner_merge,2212857,YP_009019993.1,tribe:Mirini,null,21511,null,null,731.0,2276.0,1581.77,1564.5,0,1085,204,0,0,100.0
BGSNH319-24_r_1.5_s_50_BGSNH319-24_fcleaner_merge,BGSNH319-24,r_1.5_s_50_fcleaner_merge,>BGSNH319-24_r_1.5_s_50_BGSNH319-24_fcleaner_merge,236347,XSG68089.1,subfamily:Bryocorinae,null,83,null,null,0.0,14.0,4.45,4.0,0,17,2,0,0,91.99
BGSNH292-24_r_1_s_50_BGSNH292-24_fcleaner_merge,BGSNH292-24,r_1_s_50_fcleaner_merge,>BGSNH292-24_r_1_s_50_BGSNH292-24_fcleaner_merge,236347,XSG68089.1,subfamily:Bryocorinae,null,559,null,null,0.0,190.0,25.86,15.0,0,764,13,0,0,86.13
BGSNH297-24_r_1.5_s_100_BGSNH297-24_fcleaner_merge,BGSNH297-24,r_1.5_s_100_fcleaner_merge,>BGSNH297-24_r_1.5_s_100_BGSNH297-24_fcleaner_merge,1929793,YP_009019993.1,genus:Adelphocoris,null,6661,null,null,76.0,671.0,413.08,403.5,0,358,49,0,0,100.0
BGSNH326-24_r_1.3_s_100_BGSNH326-24_fcleaner_merge,BGSNH326-24,r_1.3_s_100_fcleaner_merge,>BGSNH326-24_r_1.3_s_100_BGSNH326-24_fcleaner_merge,237212,QDI94090.1,tribe:Phylini,null,243,null,null,0.0,39.0,15.24,15.0,0,11,21,0,0,83.37
BGSNH335-24_r_1.3_s_50_BGSNH335-24_fcleaner_merge,BGSNH335-24,r_1.3_s_50_fcleaner_merge,>BGSNH335-24_r_1.3_s_50_BGSNH335-24_fcleaner_merge,2315913,QDI94090.1,tribe:Phylini,null,1427,null,null,0.0,165.0,79.23,88.0,0,181,16,0,0,83.37
BGSNH328-24_r_1.3_s_50_BGSNH328-24_fcleaner_merge,BGSNH328-24,r_1.3_s_50_fcleaner_merge,>BGSNH328-24_r_1.3_s_50_BGSNH328-24_fcleaner_merge,237212,QDI94090.1,tribe:Phylini,null,11577,null,null,0.0,1481.0,856.06,920.0,0,1501,141,0,0,83.17
BGSNH360-24_r_1.3_s_100_BGSNH360-24_fcleaner_merge,BGSNH360-24,r_1.3_s_100_fcleaner_merge,>BGSNH360-24_r_1.3_s_100_BGSNH360-24_fcleaner_merge,2212857,YP_009019993.1,tribe:Mirini,null,3036,null,null,25.0,485.0,167.5,154.5,0,286,0,0,0,100.0
BGSNH296-24_r_1_s_50_BGSNH296-24_fcleaner_merge,BGSNH296-24,r_1_s_50_fcleaner_merge,>BGSNH296-24_r_1_s_50_BGSNH296-24_fcleaner_merge,1929793,YP_009019993.1,genus:Adelphocoris,null,35717,null,null,967.0,4346.0,2308.87,2234.5,0,3124,447,0,0,100.0
BGSNH337-24_r_1_s_100_BGSNH337-24_fcleaner_merge,BGSNH337-24,r_1_s_100_fcleaner_merge,>BGSNH337-24_r_1_s_100_BGSNH337-24_fcleaner_merge,1336454,QDI94090.1,tribe:Phylini,null,2037,null,null,0.0,257.0,140.36,158.0,0,141,30,0,0,83.37
BGSNH321-24_r_1.5_s_100_BGSNH321-24_fcleaner_merge,BGSNH321-24,r_1.5_s_100_fcleaner_merge,>BGSNH321-24_r_1.5_s_100_BGSNH321-24_fcleaner_merge,237212,QDI94090.1,tribe:Phylini,null,5871,null,null,0.0,972.0,378.0,417.0,0,648,73,0,0,83.17
BGSNH312-24_r_1.5_s_100_BGSNH312-24_fcleaner_merge,BGSNH312-24,r_1.5_s_100_fcleaner_merge,>BGSNH312-24_r_1.5_s_100_BGSNH312-24_fcleaner_merge,236347,XSG68089.1,subfamily:Bryocorinae,null,56429,null,null,0.0,6596.0,3437.32,3871.5,0,4464,519,0,0,99.61
BGSNH299-24_r_1.5_s_100_BGSNH299-24_fcleaner_merge,BGSNH299-24,r_1.5_s_100_fcleaner_merge,>BGSNH299-24_r_1.5_s_100_BGSNH299-24_fcleaner_merge,2868303,YP_009019993.1,tribe:Mirini,null,6887,null,null,41.0,1577.0,359.1,290.5,0,244,72,0,0,100.0
BGSNH333-24_r_1.5_s_100_BGSNH333-24_fcleaner_merge,BGSNH333-24,r_1.5_s_100_fcleaner_merge,>BGSNH333-24_r_1.5_s_100_BGSNH333-24_fcleaner_merge,2315913,QDI94090.1,tribe:Phylini,null,9231,null,null,0.0,1382.0,513.99,506.0,0,711,107,0,0,83.37
BGSNH328-24_r_1.5_s_50_BGSNH328-24_fcleaner_merge,BGSNH328-24,r_1.5_s_50_fcleaner_merge,>BGSNH328-24_r_1.5_s_50_BGSNH328-24_fcleaner_merge,237212,QDI94090.1,tribe:Phylini,null,10362,null,null,0.0,1474.0,746.18,853.0,0,1480,111,0,0,83.17
BGSNH347-24_r_1_s_50_BGSNH347-24_fcleaner_merge,BGSNH347-24,r_1_s_50_fcleaner_merge,>BGSNH347-24_r_1_s_50_BGSNH347-24_fcleaner_merge,2212857,YP_009019993.1,tribe:Mirini,null,4163,null,null,0.0,470.0,176.28,164.0,0,1372,37,0,0,99.61
BGSNH338-24_r_1_s_50_BGSNH338-24_fcleaner_merge,BGSNH338-24,r_1_s_50_fcleaner_merge,>BGSNH338-24_r_1_s_50_BGSNH338-24_fcleaner_merge,1336454,QDI94090.1,tribe:Phylini,null,637,null,null,0.0,71.0,25.84,26.0,0,87,20,0,0,83.37
BGSNH334-24_r_1.3_s_50_BGSNH334-24_fcleaner_merge,BGSNH334-24,r_1.3_s_50_fcleaner_merge,>BGSNH334-24_r_1.3_s_50_BGSNH334-24_fcleaner_merge,2315913,QDI94090.1,tribe:Phylini,null,47409,null,null,0.0,5593.0,2523.76,2812.0,0,6416,481,0,0,83.37
BGSNH309-24_r_1.3_s_100_BGSNH309-24_fcleaner_merge,BGSNH309-24,r_1.3_s_100_fcleaner_merge,>BGSNH309-24_r_1.3_s_100_BGSNH309-24_fcleaner_merge,981266,QDI94090.1,tribe:Phylini,null,21962,null,null,0.0,3696.0,1361.88,1256.0,0,2888,237,0,0,83.37
BGSNH347-24_r_1.3_s_50_BGSNH347-24_fcleaner_merge,BGSNH347-24,r_1.3_s_50_fcleaner_merge,>BGSNH347-24_r_1.3_s_50_BGSNH347-24_fcleaner_merge,2212857,YP_009019993.1,tribe:Mirini,null,4331,null,null,1.0,468.0,184.71,178.5,0,815,19,0,0,100.0
BGSNH379-24_r_1_s_100_BGSNH379-24_fcleaner_merge,BGSNH379-24,r_1_s_100_fcleaner_merge,>BGSNH379-24_r_1_s_100_BGSNH379-24_fcleaner_merge,2026309,YP_009019993.1,tribe:Mirini,null,219,null,null,0.0,66.0,14.71,13.0,0,1521,9,0,3,65.43
BGSNH372-24_r_1.3_s_100_BGSNH372-24_fcleaner_merge,BGSNH372-24,r_1.3_s_100_fcleaner_merge,>BGSNH372-24_r_1.3_s_100_BGSNH372-24_fcleaner_merge,1837210,QDI94090.1,tribe:Phylini,null,539,null,null,0.0,80.0,29.65,29.0,0,31,6,0,0,83.37
BGSNH352-24_r_1.5_s_50_BGSNH352-24_fcleaner_merge,BGSNH352-24,r_1.5_s_50_fcleaner_merge,>BGSNH352-24_r_1.5_s_50_BGSNH352-24_fcleaner_merge,2212857,YP_009019993.1,tribe:Mirini,null,111,null,null,0.0,21.0,4.5,3.0,0,13,1,0,0,78.52
BGSNH377-24_r_1_s_100_BGSNH377-24_fcleaner_merge,BGSNH377-24,r_1_s_100_fcleaner_merge,>BGSNH377-24_r_1_s_100_BGSNH377-24_fcleaner_merge,2026309,YP_009019993.1,tribe:Mirini,null,2088,null,null,37.0,308.0,132.72,125.0,0,798,55,0,0,100.0
BGSNH364-24_r_1.3_s_50_BGSNH364-24_fcleaner_merge,BGSNH364-24,r_1.3_s_50_fcleaner_merge,>BGSNH364-24_r_1.3_s_50_BGSNH364-24_fcleaner_merge,236347,XSG68089.1,subfamily:Bryocorinae,null,19762,null,null,0.0,1988.0,1161.52,1177.5,0,636,168,0,0,99.8
BGSNH305-24_r_1.5_s_50_BGSNH305-24_fcleaner_merge,BGSNH305-24,r_1.5_s_50_fcleaner_merge,>BGSNH305-24_r_1.5_s_50_BGSNH305-24_fcleaner_merge,981266,QDI94090.1,tribe:Phylini,null,48531,null,null,0.0,7745.0,3208.45,3230.0,0,5247,367,0,0,83.37
BGSNH363-24_r_1.3_s_100_BGSNH363-24_fcleaner_merge,BGSNH363-24,r_1.3_s_100_fcleaner_merge,>BGSNH363-24_r_1.3_s_100_BGSNH363-24_fcleaner_merge,1545085,YP_010424628.1,tribe:Orthotylini,null,28991,null,null,757.0,2925.0,1851.34,1829.0,0,2578,330,0,0,100.0
BGSNH371-24_r_1.5_s_50_BGSNH371-24_fcleaner_merge,BGSNH371-24,r_1.5_s_50_fcleaner_merge,>BGSNH371-24_r_1.5_s_50_BGSNH371-24_fcleaner_merge,1837210,QDI94090.1,tribe:Phylini,null,1199,null,null,0.0,193.0,57.17,56.0,0,99,10,0,0,81.41
BGSNH342-24_r_1_s_50_BGSNH342-24_fcleaner_merge,BGSNH342-24,r_1_s_50_fcleaner_merge,>BGSNH342-24_r_1_s_50_BGSNH342-24_fcleaner_merge,2212857,YP_009019993.1,tribe:Mirini,null,10881,null,null,339.0,1173.0,669.5,632.0,0,1251,64,0,0,100.0
BGSNH290-24_r_1_s_100_BGSNH290-24_fcleaner_merge,BGSNH290-24,r_1_s_100_fcleaner_merge,>BGSNH290-24_r_1_s_100_BGSNH290-24_fcleaner_merge,1545070,AHN95687.1,tribe:Stenodemini,null,25338,null,null,307.0,3341.0,1812.35,1627.0,0,1779,311,0,0,100.0
BGSNH321-24_r_1.3_s_100_BGSNH321-24_fcleaner_merge,BGSNH321-24,r_1.3_s_100_fcleaner_merge,>BGSNH321-24_r_1.3_s_100_BGSNH321-24_fcleaner_merge,237212,QDI94090.1,tribe:Phylini,null,6528,null,null,0.0,977.0,432.2,467.0,0,654,82,0,0,83.17
BGSNH323-24_r_1_s_50_BGSNH323-24_fcleaner_merge,BGSNH323-24,r_1_s_50_fcleaner_merge,>BGSNH323-24_r_1_s_50_BGSNH323-24_fcleaner_merge,237212,QDI94090.1,tribe:Phylini,null,23482,null,null,0.0,3840.0,1386.3,1372.0,0,3255,286,0,0,83.17
BGSNH319-24_r_1.5_s_100_BGSNH319-24_fcleaner_merge,BGSNH319-24,r_1.5_s_100_fcleaner_merge,>BGSNH319-24_r_1.5_s_100_BGSNH319-24_fcleaner_merge,236347,XSG68089.1,subfamily:Bryocorinae,null,66,null,null,0.0,14.0,3.9,3.0,0,11,1,0,0,83.59
BGSNH310-24_r_1.3_s_100_BGSNH310-24_fcleaner_merge,BGSNH310-24,r_1.3_s_100_fcleaner_merge,>BGSNH310-24_r_1.3_s_100_BGSNH310-24_fcleaner_merge,236347,XSG68089.1,subfamily:Bryocorinae,null,11378,null,null,228.0,1302.0,703.47,691.5,0,904,119,0,0,100.0
BGSNH374-24_r_1.5_s_50_BGSNH374-24_fcleaner_merge,BGSNH374-24,r_1.5_s_50_fcleaner_merge,>BGSNH374-24_r_1.5_s_50_BGSNH374-24_fcleaner_merge,1837210,QDI94090.1,tribe:Phylini,null,1049,null,null,0.0,122.0,54.76,56.0,0,67,10,0,0,82.0
BGSNH358-24_r_1_s_100_BGSNH358-24_fcleaner_merge,BGSNH358-24,r_1_s_100_fcleaner_merge,>BGSNH358-24_r_1_s_100_BGSNH358-24_fcleaner_merge,2212857,YP_009019993.1,tribe:Mirini,null,229,null,null,0.0,58.0,13.3,8.5,0,937,1,0,0,70.7
BGSNH332-24_r_1.5_s_100_BGSNH332-24_fcleaner_merge,BGSNH332-24,r_1.5_s_100_fcleaner_merge,>BGSNH332-24_r_1.5_s_100_BGSNH332-24_fcleaner_merge,2315913,QDI94090.1,tribe:Phylini,null,7342,null,null,0.0,1048.0,529.15,574.0,0,383,65,0,0,83.37
BGSNH309-24_r_1_s_50_BGSNH309-24_fcleaner_merge,BGSNH309-24,r_1_s_50_fcleaner_merge,>BGSNH309-24_r_1_s_50_BGSNH309-24_fcleaner_merge,981266,QDI94090.1,tribe:Phylini,null,29145,null,null,0.0,4907.0,1613.45,1465.0,0,6792,287,0,0,83.37
BGSNH288-24_r_1_s_50_BGSNH288-24_fcleaner_merge,BGSNH288-24,r_1_s_50_fcleaner_merge,>BGSNH288-24_r_1_s_50_BGSNH288-24_fcleaner_merge,1545070,AHN95687.1,tribe:Stenodemini,null,116210,null,null,948.0,12814.0,6697.76,6356.0,0,15854,1314,0,0,100.0
BGSNH344-24_r_1.3_s_50_BGSNH344-24_fcleaner_merge,BGSNH344-24,r_1.3_s_50_fcleaner_merge,>BGSNH344-24_r_1.3_s_50_BGSNH344-24_fcleaner_merge,2212857,YP_009019993.1,tribe:Mirini,null,13435,null,null,279.0,1450.0,767.9,733.0,0,1544,102,0,0,100.0
BGSNH305-24_r_1_s_50_BGSNH305-24_fcleaner_merge,BGSNH305-24,r_1_s_50_fcleaner_merge,>BGSNH305-24_r_1_s_50_BGSNH305-24_fcleaner_merge,981266,QDI94090.1,tribe:Phylini,null,55771,null,null,0.0,9637.0,3754.18,3592.0,0,7244,478,0,0,83.37
BGSNH303-24_r_1.3_s_50_BGSNH303-24_fcleaner_merge,BGSNH303-24,r_1.3_s_50_fcleaner_merge,>BGSNH303-24_r_1.3_s_50_BGSNH303-24_fcleaner_merge,981266,QDI94090.1,tribe:Phylini,null,5589,null,null,0.0,1057.0,297.4,259.0,0,875,49,0,0,83.37
BGSNH331-24_r_1.3_s_50_BGSNH331-24_fcleaner_merge,BGSNH331-24,r_1.3_s_50_fcleaner_merge,>BGSNH331-24_r_1.3_s_50_BGSNH331-24_fcleaner_merge,2315913,QDI94090.1,tribe:Phylini,null,62341,null,null,0.0,10093.0,3604.91,3622.0,0,7971,662,0,0,83.37
BGSNH328-24_r_1.3_s_100_BGSNH328-24_fcleaner_merge,BGSNH328-24,r_1.3_s_100_fcleaner_merge,>BGSNH328-24_r_1.3_s_100_BGSNH328-24_fcleaner_merge,237212,QDI94090.1,tribe:Phylini,null,10328,null,null,0.0,1416.0,815.21,898.0,0,662,130,0,0,83.17
BGSNH375-24_r_1_s_100_BGSNH375-24_fcleaner_merge,BGSNH375-24,r_1_s_100_fcleaner_merge,>BGSNH375-24_r_1_s_100_BGSNH375-24_fcleaner_merge,1837210,QDI94090.1,tribe:Phylini,null,18573,null,null,0.0,2948.0,1073.2,1026.0,0,758,170,0,0,83.37
BGSNH349-24_r_1_s_50_BGSNH349-24_fcleaner_merge,BGSNH349-24,r_1_s_50_fcleaner_merge,>BGSNH349-24_r_1_s_50_BGSNH349-24_fcleaner_merge,2212857,YP_009019993.1,tribe:Mirini,null,334,null,null,0.0,102.0,13.57,7.0,0,1445,11,0,0,68.55
BGSNH336-24_r_1.5_s_100_BGSNH336-24_fcleaner_merge,BGSNH336-24,r_1.5_s_100_fcleaner_merge,>BGSNH336-24_r_1.5_s_100_BGSNH336-24_fcleaner_merge,2315913,QDI94090.1,tribe:Phylini,null,978,null,null,0.0,133.0,63.09,72.0,0,45,16,0,0,83.37
BGSNH366-24_r_1.3_s_100_BGSNH366-24_fcleaner_merge,BGSNH366-24,r_1.3_s_100_fcleaner_merge,>BGSNH366-24_r_1.3_s_100_BGSNH366-24_fcleaner_merge,236347,XSG68089.1,subfamily:Bryocorinae,null,35749,null,null,0.0,4380.0,2653.44,2583.5,0,221,345,0,0,99.61
BGSNH373-24_r_1_s_100_BGSNH373-24_fcleaner_merge,BGSNH373-24,r_1_s_100_fcleaner_merge,>BGSNH373-24_r_1_s_100_BGSNH373-24_fcleaner_merge,1837210,QDI94090.1,tribe:Phylini,null,1278,null,null,0.0,186.0,70.58,70.0,0,76,13,0,0,83.37
BGSNH327-24_r_1.3_s_50_BGSNH327-24_fcleaner_merge,BGSNH327-24,r_1.3_s_50_fcleaner_merge,>BGSNH327-24_r_1.3_s_50_BGSNH327-24_fcleaner_merge,237212,QDI94090.1,tribe:Phylini,null,294,null,null,0.0,49.0,18.78,20.0,0,38,18,0,0,83.37
BGSNH365-24_r_1_s_100_BGSNH365-24_fcleaner_merge,BGSNH365-24,r_1_s_100_fcleaner_merge,>BGSNH365-24_r_1_s_100_BGSNH365-24_fcleaner_merge,236347,XSG68089.1,subfamily:Bryocorinae,null,5851,null,null,0.0,637.0,435.49,425.5,0,58,63,0,0,99.61
BGSNH371-24_r_1.3_s_50_BGSNH371-24_fcleaner_merge,BGSNH371-24,r_1.3_s_50_fcleaner_merge,>BGSNH371-24_r_1.3_s_50_BGSNH371-24_fcleaner_merge,1837210,QDI94090.1,tribe:Phylini,null,1337,null,null,0.0,193.0,64.21,63.0,0,141,12,0,0,83.37
BGSNH356-24_r_1.3_s_50_BGSNH356-24_fcleaner_merge,BGSNH356-24,r_1.3_s_50_fcleaner_merge,>BGSNH356-24_r_1.3_s_50_BGSNH356-24_fcleaner_merge,2212857,YP_009019993.1,tribe:Mirini,null,10245,null,null,178.0,1022.0,529.12,497.0,0,1469,79,0,0,100.0
BGSNH335-24_r_1_s_50_BGSNH335-24_fcleaner_merge,BGSNH335-24,r_1_s_50_fcleaner_merge,>BGSNH335-24_r_1_s_50_BGSNH335-24_fcleaner_merge,2315913,QDI94090.1,tribe:Phylini,null,1472,null,null,0.0,165.0,80.83,90.0,0,204,19,0,0,83.37
BGSNH305-24_r_1.5_s_100_BGSNH305-24_fcleaner_merge,BGSNH305-24,r_1.5_s_100_fcleaner_merge,>BGSNH305-24_r_1.5_s_100_BGSNH305-24_fcleaner_merge,981266,QDI94090.1,tribe:Phylini,null,42432,null,null,0.0,7621.0,3013.82,3077.0,0,2187,336,0,0,83.37
BGSNH368-24_r_1.5_s_50_BGSNH368-24_fcleaner_merge,BGSNH368-24,r_1.5_s_50_fcleaner_merge,>BGSNH368-24_r_1.5_s_50_BGSNH368-24_fcleaner_merge,2358427,QDI94090.1,tribe:Phylini,null,3056,null,null,0.0,449.0,171.42,168.0,0,178,49,0,0,83.17
BGSNH331-24_r_1_s_50_BGSNH331-24_fcleaner_merge,BGSNH331-24,r_1_s_50_fcleaner_merge,>BGSNH331-24_r_1_s_50_BGSNH331-24_fcleaner_merge,2315913,QDI94090.1,tribe:Phylini,null,63616,null,null,0.0,10678.0,3671.94,3622.0,0,8713,697,0,0,83.37
BGSNH296-24_r_1.5_s_50_BGSNH296-24_fcleaner_merge,BGSNH296-24,r_1.5_s_50_fcleaner_merge,>BGSNH296-24_r_1.5_s_50_BGSNH296-24_fcleaner_merge,1929793,YP_009019993.1,genus:Adelphocoris,null,35277,null,null,966.0,4305.0,2288.54,2229.5,0,2069,406,0,0,100.0
BGSNH359-24_r_1.5_s_100_BGSNH359-24_fcleaner_merge,BGSNH359-24,r_1.5_s_100_fcleaner_merge,>BGSNH359-24_r_1.5_s_100_BGSNH359-24_fcleaner_merge,2212857,YP_009019993.1,tribe:Mirini,null,173,null,null,0.0,51.0,10.71,7.0,0,38,0,0,0,77.93
BGSNH360-24_r_1.5_s_50_BGSNH360-24_fcleaner_merge,BGSNH360-24,r_1.5_s_50_fcleaner_merge,>BGSNH360-24_r_1.5_s_50_BGSNH360-24_fcleaner_merge,2212857,YP_009019993.1,tribe:Mirini,null,4114,null,null,0.0,659.0,189.38,178.0,0,570,0,0,0,96.68
BGSNH348-24_r_1_s_100_BGSNH348-24_fcleaner_merge,BGSNH348-24,r_1_s_100_fcleaner_merge,>BGSNH348-24_r_1_s_100_BGSNH348-24_fcleaner_merge,2212857,YP_009019993.1,tribe:Mirini,null,407,null,null,0.0,86.0,20.17,16.0,0,1195,0,0,0,77.15
BGSNH326-24_r_1.5_s_100_BGSNH326-24_fcleaner_merge,BGSNH326-24,r_1.5_s_100_fcleaner_merge,>BGSNH326-24_r_1.5_s_100_BGSNH326-24_fcleaner_merge,237212,QDI94090.1,tribe:Phylini,null,208,null,null,0.0,35.0,13.02,13.0,0,9,14,0,0,81.6
BGSNH350-24_r_1.5_s_100_BGSNH350-24_fcleaner_merge,BGSNH350-24,r_1.5_s_100_fcleaner_merge,>BGSNH350-24_r_1.5_s_100_BGSNH350-24_fcleaner_merge,2212857,YP_009019993.1,tribe:Mirini,null,53,null,null,0.0,19.0,2.5,1.0,0,19,1,0,0,54.88
BGSNH367-24_r_1_s_50_BGSNH367-24_fcleaner_merge,BGSNH367-24,r_1_s_50_fcleaner_merge,>BGSNH367-24_r_1_s_50_BGSNH367-24_fcleaner_merge,2358427,QDI94090.1,tribe:Phylini,null,3248,null,null,0.0,382.0,175.34,168.0,0,394,32,0,0,83.37
BGSNH340-24_r_1.5_s_50_BGSNH340-24_fcleaner_merge,BGSNH340-24,r_1.5_s_50_fcleaner_merge,>BGSNH340-24_r_1.5_s_50_BGSNH340-24_fcleaner_merge,1336454,QDI94090.1,tribe:Phylini,null,857,null,null,0.0,106.0,36.66,35.0,0,124,13,0,0,82.19
BGSNH366-24_r_1.5_s_100_BGSNH366-24_fcleaner_merge,BGSNH366-24,r_1.5_s_100_fcleaner_merge,>BGSNH366-24_r_1.5_s_100_BGSNH366-24_fcleaner_merge,236347,XSG68089.1,subfamily:Bryocorinae,null,28352,null,null,0.0,3750.0,2081.53,2312.5,0,89,252,0,0,98.44
BGSNH311-24_r_1.3_s_50_BGSNH311-24_fcleaner_merge,BGSNH311-24,r_1.3_s_50_fcleaner_merge,>BGSNH311-24_r_1.3_s_50_BGSNH311-24_fcleaner_merge,236347,XSG68089.1,subfamily:Bryocorinae,null,173393,null,null,3965.0,16504.0,9449.21,9419.5,0,16804,1525,0,0,100.0
BGSNH305-24_r_1.3_s_50_BGSNH305-24_fcleaner_merge,BGSNH305-24,r_1.3_s_50_fcleaner_merge,>BGSNH305-24_r_1.3_s_50_BGSNH305-24_fcleaner_merge,981266,QDI94090.1,tribe:Phylini,null,54994,null,null,0.0,9162.0,3711.15,3586.0,0,6156,453,0,0,83.37
BGSNH335-24_r_1.3_s_100_BGSNH335-24_fcleaner_merge,BGSNH335-24,r_1.3_s_100_fcleaner_merge,>BGSNH335-24_r_1.3_s_100_BGSNH335-24_fcleaner_merge,2315913,QDI94090.1,tribe:Phylini,null,1102,null,null,0.0,151.0,68.46,77.0,0,66,12,0,0,83.37
BGSNH286-24_r_1_s_50_BGSNH286-24_fcleaner_merge,BGSNH286-24,r_1_s_50_fcleaner_merge,>BGSNH286-24_r_1_s_50_BGSNH286-24_fcleaner_merge,1545070,AHN95687.1,tribe:Stenodemini,null,4802,null,null,89.0,522.0,270.32,247.0,0,2241,1,0,0,100.0
BGSNH369-24_r_1_s_100_BGSNH369-24_fcleaner_merge,BGSNH369-24,r_1_s_100_fcleaner_merge,>BGSNH369-24_r_1_s_100_BGSNH369-24_fcleaner_merge,2358427,QDI94090.1,tribe:Phylini,null,100,null,null,0.0,54.0,8.05,0.0,0,367,0,0,0,33.86
BGSNH367-24_r_1_s_100_BGSNH367-24_fcleaner_merge,BGSNH367-24,r_1_s_100_fcleaner_merge,>BGSNH367-24_r_1_s_100_BGSNH367-24_fcleaner_merge,2358427,QDI94090.1,tribe:Phylini,null,2427,null,null,0.0,338.0,148.52,132.0,0,142,22,0,0,83.37
BGSNH374-24_r_1_s_50_BGSNH374-24_fcleaner_merge,BGSNH374-24,r_1_s_50_fcleaner_merge,>BGSNH374-24_r_1_s_50_BGSNH374-24_fcleaner_merge,1837210,QDI94090.1,tribe:Phylini,null,1268,null,null,0.0,161.0,68.4,70.0,0,154,16,0,0,83.37
BGSNH325-24_r_1.3_s_100_BGSNH325-24_fcleaner_merge,BGSNH325-24,r_1.3_s_100_fcleaner_merge,>BGSNH325-24_r_1.3_s_100_BGSNH325-24_fcleaner_merge,237212,QDI94090.1,tribe:Phylini,null,448,null,null,0.0,61.0,34.7,40.0,0,12,24,0,0,83.37
BGSNH306-24_r_1_s_50_BGSNH306-24_fcleaner_merge,BGSNH306-24,r_1_s_50_fcleaner_merge,>BGSNH306-24_r_1_s_50_BGSNH306-24_fcleaner_merge,981266,QDI94090.1,tribe:Phylini,null,6290,null,null,0.0,925.0,356.04,368.0,0,1555,92,0,0,83.37
BGSNH345-24_r_1_s_50_BGSNH345-24_fcleaner_merge,BGSNH345-24,r_1_s_50_fcleaner_merge,>BGSNH345-24_r_1_s_50_BGSNH345-24_fcleaner_merge,2212857,YP_009019993.1,tribe:Mirini,null,76135,null,null,2782.0,8230.0,5190.66,5173.0,0,6247,620,0,0,100.0
BGSNH344-24_r_1.3_s_100_BGSNH344-24_fcleaner_merge,BGSNH344-24,r_1.3_s_100_fcleaner_merge,>BGSNH344-24_r_1.3_s_100_BGSNH344-24_fcleaner_merge,2212857,YP_009019993.1,tribe:Mirini,null,10877,null,null,239.0,1294.0,680.24,666.0,0,809,86,0,0,100.0
BGSNH298-24_r_1_s_50_BGSNH298-24_fcleaner_merge,BGSNH298-24,r_1_s_50_fcleaner_merge,>BGSNH298-24_r_1_s_50_BGSNH298-24_fcleaner_merge,981263,UPL65908.1,subfamily:Phylinae,null,36395,null,null,7.0,3660.0,1869.21,1860.5,0,6474,822,0,0,100.0
BGSNH299-24_r_1.5_s_50_BGSNH299-24_fcleaner_merge,BGSNH299-24,r_1.5_s_50_fcleaner_merge,>BGSNH299-24_r_1.5_s_50_BGSNH299-24_fcleaner_merge,2868303,YP_009019993.1,tribe:Mirini,null,9883,null,null,95.0,1916.0,455.03,380.0,0,732,86,0,0,100.0
BGSNH294-24_r_1.3_s_50_BGSNH294-24_fcleaner_merge,BGSNH294-24,r_1.3_s_50_fcleaner_merge,>BGSNH294-24_r_1.3_s_50_BGSNH294-24_fcleaner_merge,1929793,YP_009019993.1,genus:Adelphocoris,null,5,null,null,0.0,2.0,0.24,0.0,0,2,0,0,0,13.48
BGSNH354-24_r_1.3_s_100_BGSNH354-24_fcleaner_merge,BGSNH354-24,r_1.3_s_100_fcleaner_merge,>BGSNH354-24_r_1.3_s_100_BGSNH354-24_fcleaner_merge,2212857,YP_009019993.1,tribe:Mirini,null,111,null,null,0.0,30.0,7.5,6.0,0,19,4,0,3,78.32
BGSNH289-24_r_1_s_100_BGSNH289-24_fcleaner_merge,BGSNH289-24,r_1_s_100_fcleaner_merge,>BGSNH289-24_r_1_s_100_BGSNH289-24_fcleaner_merge,1545070,AHN95687.1,tribe:Stenodemini,null,7091,null,null,108.0,964.0,474.72,435.0,0,626,631,0,0,100.0
BGSNH346-24_r_1.3_s_50_BGSNH346-24_fcleaner_merge,BGSNH346-24,r_1.3_s_50_fcleaner_merge,>BGSNH346-24_r_1.3_s_50_BGSNH346-24_fcleaner_merge,2212857,YP_009019993.1,tribe:Mirini,null,2156,null,null,0.0,223.0,107.07,102.5,0,701,22,0,0,99.61
BGSNH289-24_r_1.5_s_100_BGSNH289-24_fcleaner_merge,BGSNH289-24,r_1.5_s_100_fcleaner_merge,>BGSNH289-24_r_1.5_s_100_BGSNH289-24_fcleaner_merge,1545070,AHN95687.1,tribe:Stenodemini,null,5987,null,null,44.0,890.0,402.21,370.0,0,523,584,0,0,100.0
BGSNH336-24_r_1_s_50_BGSNH336-24_fcleaner_merge,BGSNH336-24,r_1_s_50_fcleaner_merge,>BGSNH336-24_r_1_s_50_BGSNH336-24_fcleaner_merge,2315913,QDI94090.1,tribe:Phylini,null,1463,null,null,0.0,202.0,86.4,96.0,0,144,51,0,0,83.37
BGSNH370-24_r_1.3_s_100_BGSNH370-24_fcleaner_merge,BGSNH370-24,r_1.3_s_100_fcleaner_merge,>BGSNH370-24_r_1.3_s_100_BGSNH370-24_fcleaner_merge,1837210,QDI94090.1,tribe:Phylini,null,877,null,null,0.0,124.0,50.55,52.0,0,32,11,0,0,83.37
BGSNH356-24_r_1_s_50_BGSNH356-24_fcleaner_merge,BGSNH356-24,r_1_s_50_fcleaner_merge,>BGSNH356-24_r_1_s_50_BGSNH356-24_fcleaner_merge,2212857,YP_009019993.1,tribe:Mirini,null,10437,null,null,178.0,1024.0,538.07,502.0,0,2341,83,0,0,100.0
BGSNH369-24_r_1.5_s_50_BGSNH369-24_fcleaner_merge,BGSNH369-24,r_1.5_s_50_fcleaner_merge,>BGSNH369-24_r_1.5_s_50_BGSNH369-24_fcleaner_merge,2358427,QDI94090.1,tribe:Phylini,null,175,null,null,0.0,44.0,9.45,2.0,0,88,0,0,0,54.6
BGSNH359-24_r_1_s_50_BGSNH359-24_fcleaner_merge,BGSNH359-24,r_1_s_50_fcleaner_merge,>BGSNH359-24_r_1_s_50_BGSNH359-24_fcleaner_merge,2212857,YP_009019993.1,tribe:Mirini,null,839,null,null,0.0,462.0,67.42,0.0,0,906,0,0,0,45.9
BGSNH361-24_r_1.5_s_100_BGSNH361-24_fcleaner_merge,BGSNH361-24,r_1.5_s_100_fcleaner_merge,>BGSNH361-24_r_1.5_s_100_BGSNH361-24_fcleaner_merge,1545085,YP_010424628.1,tribe:Orthotylini,null,466,null,null,0.0,66.0,31.95,35.0,0,32,9,0,0,95.5
BGSNH311-24_r_1.3_s_100_BGSNH311-24_fcleaner_merge,BGSNH311-24,r_1.3_s_100_fcleaner_merge,>BGSNH311-24_r_1.3_s_100_BGSNH311-24_fcleaner_merge,236347,XSG68089.1,subfamily:Bryocorinae,null,129952,null,null,2927.0,14551.0,7987.19,7870.0,0,9079,1293,0,0,100.0
BGSNH356-24_r_1_s_100_BGSNH356-24_fcleaner_merge,BGSNH356-24,r_1_s_100_fcleaner_merge,>BGSNH356-24_r_1_s_100_BGSNH356-24_fcleaner_merge,2212857,YP_009019993.1,tribe:Mirini,null,6834,null,null,37.0,917.0,419.8,375.0,0,1248,60,0,0,100.0
BGSNH372-24_r_1.5_s_50_BGSNH372-24_fcleaner_merge,BGSNH372-24,r_1.5_s_50_fcleaner_merge,>BGSNH372-24_r_1.5_s_50_BGSNH372-24_fcleaner_merge,1837210,QDI94090.1,tribe:Phylini,null,721,null,null,0.0,92.0,34.32,33.0,0,54,4,0,0,82.39
BGSNH323-24_r_1.3_s_100_BGSNH323-24_fcleaner_merge,BGSNH323-24,r_1.3_s_100_fcleaner_merge,>BGSNH323-24_r_1.3_s_100_BGSNH323-24_fcleaner_merge,237212,QDI94090.1,tribe:Phylini,null,17008,null,null,0.0,2889.0,1111.09,1207.0,0,1731,205,0,0,83.17
BGSNH300-24_r_1.3_s_100_BGSNH300-24_fcleaner_merge,BGSNH300-24,r_1.3_s_100_fcleaner_merge,>BGSNH300-24_r_1.3_s_100_BGSNH300-24_fcleaner_merge,2868303,YP_009019993.1,tribe:Mirini,null,128,null,null,0.0,51.0,9.79,4.0,0,96,0,0,0,52.93
BGSNH324-24_r_1.5_s_50_BGSNH324-24_fcleaner_merge,BGSNH324-24,r_1.5_s_50_fcleaner_merge,>BGSNH324-24_r_1.5_s_50_BGSNH324-24_fcleaner_merge,237212,QDI94090.1,tribe:Phylini,null,8367,null,null,0.0,1215.0,464.92,500.0,0,1418,111,0,0,83.17
BGSNH293-24_r_1_s_50_BGSNH293-24_fcleaner_merge,BGSNH293-24,r_1_s_50_fcleaner_merge,>BGSNH293-24_r_1_s_50_BGSNH293-24_fcleaner_merge,236347,XSG68089.1,subfamily:Bryocorinae,null,2656,null,null,0.0,247.0,148.9,154.0,0,1468,33,0,0,99.61
BGSNH297-24_r_1.3_s_50_BGSNH297-24_fcleaner_merge,BGSNH297-24,r_1.3_s_50_fcleaner_merge,>BGSNH297-24_r_1.3_s_50_BGSNH297-24_fcleaner_merge,1929793,YP_009019993.1,genus:Adelphocoris,null,8643,null,null,254.0,800.0,489.78,488.5,0,942,130,0,0,100.0
BGSNH308-24_r_1.5_s_100_BGSNH308-24_fcleaner_merge,BGSNH308-24,r_1.5_s_100_fcleaner_merge,>BGSNH308-24_r_1.5_s_100_BGSNH308-24_fcleaner_merge,981266,QDI94090.1,tribe:Phylini,null,4001,null,null,0.0,973.0,246.86,181.0,0,194,41,0,0,83.37
BGSNH335-24_r_1_s_100_BGSNH335-24_fcleaner_merge,BGSNH335-24,r_1_s_100_fcleaner_merge,>BGSNH335-24_r_1_s_100_BGSNH335-24_fcleaner_merge,2315913,QDI94090.1,tribe:Phylini,null,1108,null,null,0.0,152.0,68.78,77.0,0,71,13,0,0,83.37
BGSNH379-24_r_1.3_s_100_BGSNH379-24_fcleaner_merge,BGSNH379-24,r_1.3_s_100_fcleaner_merge,>BGSNH379-24_r_1.3_s_100_BGSNH379-24_fcleaner_merge,2026309,YP_009019993.1,tribe:Mirini,null,773,null,null,0.0,153.0,52.64,43.0,0,269,9,0,0,98.24
BGSNH331-24_r_1.3_s_100_BGSNH331-24_fcleaner_merge,BGSNH331-24,r_1.3_s_100_fcleaner_merge,>BGSNH331-24_r_1.3_s_100_BGSNH331-24_fcleaner_merge,2315913,QDI94090.1,tribe:Phylini,null,50161,null,null,0.0,8679.0,3203.24,3245.0,0,2956,577,0,0,83.37
BGSNH370-24_r_1_s_100_BGSNH370-24_fcleaner_merge,BGSNH370-24,r_1_s_100_fcleaner_merge,>BGSNH370-24_r_1_s_100_BGSNH370-24_fcleaner_merge,1837210,QDI94090.1,tribe:Phylini,null,882,null,null,0.0,124.0,50.85,53.0,0,46,14,0,0,83.37
BGSNH334-24_r_1_s_50_BGSNH334-24_fcleaner_merge,BGSNH334-24,r_1_s_50_fcleaner_merge,>BGSNH334-24_r_1_s_50_BGSNH334-24_fcleaner_merge,2315913,QDI94090.1,tribe:Phylini,null,48467,null,null,0.0,6019.0,2574.32,2816.0,0,6770,497,0,0,83.37
BGSNH324-24_r_1.3_s_50_BGSNH324-24_fcleaner_merge,BGSNH324-24,r_1.3_s_50_fcleaner_merge,>BGSNH324-24_r_1.3_s_50_BGSNH324-24_fcleaner_merge,237212,QDI94090.1,tribe:Phylini,null,9355,null,null,0.0,1217.0,527.56,539.0,0,1458,150,0,0,83.17
BGSNH306-24_r_1_s_100_BGSNH306-24_fcleaner_merge,BGSNH306-24,r_1_s_100_fcleaner_merge,>BGSNH306-24_r_1_s_100_BGSNH306-24_fcleaner_merge,981266,QDI94090.1,tribe:Phylini,null,4951,null,null,0.0,872.0,310.85,301.0,0,762,78,0,0,83.37
BGSNH313-24_r_1_s_50_BGSNH313-24_fcleaner_merge,BGSNH313-24,r_1_s_50_fcleaner_merge,>BGSNH313-24_r_1_s_50_BGSNH313-24_fcleaner_merge,236347,XSG68089.1,subfamily:Bryocorinae,null,25292,null,null,682.0,2383.0,1485.9,1423.0,0,3054,295,0,0,100.0
BGSNH352-24_r_1_s_100_BGSNH352-24_fcleaner_merge,BGSNH352-24,r_1_s_100_fcleaner_merge,>BGSNH352-24_r_1_s_100_BGSNH352-24_fcleaner_merge,2212857,YP_009019993.1,tribe:Mirini,null,44,null,null,0.0,36.0,4.71,0.0,0,163,0,0,0,24.8
BGSNH291-24_r_1.3_s_50_BGSNH291-24_fcleaner_merge,BGSNH291-24,r_1.3_s_50_fcleaner_merge,>BGSNH291-24_r_1.3_s_50_BGSNH291-24_fcleaner_merge,1545070,AHN95687.1,tribe:Stenodemini,null,8979,null,null,63.0,1020.0,581.78,585.0,0,956,379,0,0,100.0
BGSNH338-24_r_1.5_s_50_BGSNH338-24_fcleaner_merge,BGSNH338-24,r_1.5_s_50_fcleaner_merge,>BGSNH338-24_r_1.5_s_50_BGSNH338-24_fcleaner_merge,1336454,QDI94090.1,tribe:Phylini,null,485,null,null,0.0,59.0,19.64,20.0,0,59,10,0,0,81.21
BGSNH378-24_r_1_s_50_BGSNH378-24_fcleaner_merge,BGSNH378-24,r_1_s_50_fcleaner_merge,>BGSNH378-24_r_1_s_50_BGSNH378-24_fcleaner_merge,2026309,YP_009019993.1,tribe:Mirini,null,1173,null,null,0.0,532.0,109.53,61.0,0,81,29,0,3,66.21
BGSNH343-24_r_1.3_s_50_BGSNH343-24_fcleaner_merge,BGSNH343-24,r_1.3_s_50_fcleaner_merge,>BGSNH343-24_r_1.3_s_50_BGSNH343-24_fcleaner_merge,2212857,YP_009019993.1,tribe:Mirini,null,23798,null,null,1099.0,2330.0,1657.53,1647.0,0,1362,225,0,0,100.0
BGSNH310-24_r_1.3_s_50_BGSNH310-24_fcleaner_merge,BGSNH310-24,r_1.3_s_50_fcleaner_merge,>BGSNH310-24_r_1.3_s_50_BGSNH310-24_fcleaner_merge,236347,XSG68089.1,subfamily:Bryocorinae,null,15158,null,null,319.0,1453.0,831.2,837.0,0,1708,148,0,0,100.0
BGSNH316-24_r_1.3_s_50_BGSNH316-24_fcleaner_merge,BGSNH316-24,r_1.3_s_50_fcleaner_merge,>BGSNH316-24_r_1.3_s_50_BGSNH316-24_fcleaner_merge,236347,XSG68089.1,subfamily:Bryocorinae,null,32241,null,null,1440.0,4661.0,2484.7,2222.5,0,2097,284,0,0,100.0
BGSNH349-24_r_1_s_100_BGSNH349-24_fcleaner_merge,BGSNH349-24,r_1_s_100_fcleaner_merge,>BGSNH349-24_r_1_s_100_BGSNH349-24_fcleaner_merge,2212857,YP_009019993.1,tribe:Mirini,null,220,null,null,0.0,170.0,25.14,0.0,0,702,5,0,0,42.97
BGSNH352-24_r_1_s_50_BGSNH352-24_fcleaner_merge,BGSNH352-24,r_1_s_50_fcleaner_merge,>BGSNH352-24_r_1_s_50_BGSNH352-24_fcleaner_merge,2212857,YP_009019993.1,tribe:Mirini,null,39,null,null,0.0,19.0,1.8,0.0,0,343,0,0,0,31.45
BGSNH316-24_r_1.5_s_100_BGSNH316-24_fcleaner_merge,BGSNH316-24,r_1.5_s_100_fcleaner_merge,>BGSNH316-24_r_1.5_s_100_BGSNH316-24_fcleaner_merge,236347,XSG68089.1,subfamily:Bryocorinae,null,23986,null,null,0.0,4302.0,1938.71,1884.0,0,860,194,0,0,94.14
BGSNH304-24_r_1.5_s_50_BGSNH304-24_fcleaner_merge,BGSNH304-24,r_1.5_s_50_fcleaner_merge,>BGSNH304-24_r_1.5_s_50_BGSNH304-24_fcleaner_merge,981266,QDI94090.1,tribe:Phylini,null,16224,null,null,0.0,2519.0,956.4,895.0,0,2432,190,0,0,83.37
BGSNH301-24_r_1_s_50_BGSNH301-24_fcleaner_merge,BGSNH301-24,r_1_s_50_fcleaner_merge,>BGSNH301-24_r_1_s_50_BGSNH301-24_fcleaner_merge,2868303,YP_009019993.1,tribe:Mirini,null,898,null,null,0.0,111.0,35.0,35.0,0,1789,9,0,0,80.47
BGSNH288-24_r_1.3_s_100_BGSNH288-24_fcleaner_merge,BGSNH288-24,r_1.3_s_100_fcleaner_merge,>BGSNH288-24_r_1.3_s_100_BGSNH288-24_fcleaner_merge,1545070,AHN95687.1,tribe:Stenodemini,null,95794,null,null,931.0,11918.0,5987.27,5784.0,0,9879,1130,0,0,100.0
BGSNH350-24_r_1.5_s_50_BGSNH350-24_fcleaner_merge,BGSNH350-24,r_1.5_s_50_fcleaner_merge,>BGSNH350-24_r_1.5_s_50_BGSNH350-24_fcleaner_merge,2212857,YP_009019993.1,tribe:Mirini,null,104,null,null,0.0,25.0,4.11,2.0,0,26,0,0,0,70.51
BGSNH319-24_r_1.3_s_100_BGSNH319-24_fcleaner_merge,BGSNH319-24,r_1.3_s_100_fcleaner_merge,>BGSNH319-24_r_1.3_s_100_BGSNH319-24_fcleaner_merge,236347,XSG68089.1,subfamily:Bryocorinae,null,92,null,null,0.0,15.0,5.93,4.0,0,14,3,0,0,98.63
BGSNH303-24_r_1.5_s_50_BGSNH303-24_fcleaner_merge,BGSNH303-24,r_1.5_s_50_fcleaner_merge,>BGSNH303-24_r_1.5_s_50_BGSNH303-24_fcleaner_merge,981266,QDI94090.1,tribe:Phylini,null,4787,null,null,0.0,1055.0,248.22,218.0,0,660,46,0,0,83.37
BGSNH320-24_r_1_s_50_BGSNH320-24_fcleaner_merge,BGSNH320-24,r_1_s_50_fcleaner_merge,>BGSNH320-24_r_1_s_50_BGSNH320-24_fcleaner_merge,237212,QDI94090.1,tribe:Phylini,null,36078,null,null,0.0,5704.0,2299.84,2335.0,0,4815,644,0,0,83.17
BGSNH337-24_r_1_s_50_BGSNH337-24_fcleaner_merge,BGSNH337-24,r_1_s_50_fcleaner_merge,>BGSNH337-24_r_1_s_50_BGSNH337-24_fcleaner_merge,1336454,QDI94090.1,tribe:Phylini,null,2605,null,null,0.0,268.0,159.26,182.0,0,292,39,0,0,83.37
BGSNH368-24_r_1.3_s_100_BGSNH368-24_fcleaner_merge,BGSNH368-24,r_1.3_s_100_fcleaner_merge,>BGSNH368-24_r_1.3_s_100_BGSNH368-24_fcleaner_merge,2358427,QDI94090.1,tribe:Phylini,null,2789,null,null,0.0,444.0,177.09,177.0,0,115,43,0,0,83.37
BGSNH353-24_r_1.5_s_50_BGSNH353-24_fcleaner_merge,BGSNH353-24,r_1.5_s_50_fcleaner_merge,>BGSNH353-24_r_1.5_s_50_BGSNH353-24_fcleaner_merge,2212857,YP_009019993.1,tribe:Mirini,null,7347,null,null,0.0,1257.0,413.78,364.5,0,827,42,0,0,99.22
BGSNH324-24_r_1_s_50_BGSNH324-24_fcleaner_merge,BGSNH324-24,r_1_s_50_fcleaner_merge,>BGSNH324-24_r_1_s_50_BGSNH324-24_fcleaner_merge,237212,QDI94090.1,tribe:Phylini,null,10376,null,null,0.0,1542.0,589.61,582.0,0,1706,197,0,0,83.17
BGSNH302-24_r_1.3_s_50_BGSNH302-24_fcleaner_merge,BGSNH302-24,r_1.3_s_50_fcleaner_merge,>BGSNH302-24_r_1.3_s_50_BGSNH302-24_fcleaner_merge,981266,QDI94090.1,tribe:Phylini,null,7028,null,null,0.0,1049.0,389.48,366.0,0,1024,105,0,0,83.37
BGSNH301-24_r_1.5_s_100_BGSNH301-24_fcleaner_merge,BGSNH301-24,r_1.5_s_100_fcleaner_merge,>BGSNH301-24_r_1.5_s_100_BGSNH301-24_fcleaner_merge,2868303,YP_009019993.1,tribe:Mirini,null,1068,null,null,0.0,135.0,53.62,48.0,0,67,14,0,0,98.83
BGSNH298-24_r_1.5_s_100_BGSNH298-24_fcleaner_merge,BGSNH298-24,r_1.5_s_100_fcleaner_merge,>BGSNH298-24_r_1.5_s_100_BGSNH298-24_fcleaner_merge,981263,UPL65908.1,subfamily:Phylinae,null,21399,null,null,0.0,3253.0,1261.08,1193.5,0,1853,477,0,0,99.61
BGSNH342-24_r_1.3_s_50_BGSNH342-24_fcleaner_merge,BGSNH342-24,r_1.3_s_50_fcleaner_merge,>BGSNH342-24_r_1.3_s_50_BGSNH342-24_fcleaner_merge,2212857,YP_009019993.1,tribe:Mirini,null,10818,null,null,339.0,1173.0,666.82,630.0,0,886,59,0,0,100.0
BGSNH299-24_r_1_s_100_BGSNH299-24_fcleaner_merge,BGSNH299-24,r_1_s_100_fcleaner_merge,>BGSNH299-24_r_1_s_100_BGSNH299-24_fcleaner_merge,2868303,YP_009019993.1,tribe:Mirini,null,7146,null,null,58.0,1550.0,373.83,320.0,0,1329,76,0,0,100.0
BGSNH330-24_r_1_s_100_BGSNH330-24_fcleaner_merge,BGSNH330-24,r_1_s_100_fcleaner_merge,>BGSNH330-24_r_1_s_100_BGSNH330-24_fcleaner_merge,237212,QDI94090.1,tribe:Phylini,null,314,null,null,0.0,60.0,23.08,24.0,0,28,9,0,0,83.17
BGSNH332-24_r_1.5_s_50_BGSNH332-24_fcleaner_merge,BGSNH332-24,r_1.5_s_50_fcleaner_merge,>BGSNH332-24_r_1.5_s_50_BGSNH332-24_fcleaner_merge,2315913,QDI94090.1,tribe:Phylini,null,8394,null,null,0.0,1095.0,562.91,627.0,0,726,76,0,0,83.37
BGSNH301-24_r_1.3_s_100_BGSNH301-24_fcleaner_merge,BGSNH301-24,r_1.3_s_100_fcleaner_merge,>BGSNH301-24_r_1.3_s_100_BGSNH301-24_fcleaner_merge,2868303,YP_009019993.1,tribe:Mirini,null,1100,null,null,1.0,135.0,55.25,49.0,0,200,14,0,0,100.0
BGSNH369-24_r_1.3_s_50_BGSNH369-24_fcleaner_merge,BGSNH369-24,r_1.3_s_50_fcleaner_merge,>BGSNH369-24_r_1.3_s_50_BGSNH369-24_fcleaner_merge,2358427,QDI94090.1,tribe:Phylini,null,194,null,null,0.0,44.0,10.74,6.0,0,186,7,0,0,63.99
BGSNH306-24_r_1.5_s_100_BGSNH306-24_fcleaner_merge,BGSNH306-24,r_1.5_s_100_fcleaner_merge,>BGSNH306-24_r_1.5_s_100_BGSNH306-24_fcleaner_merge,981266,QDI94090.1,tribe:Phylini,null,4573,null,null,0.0,869.0,284.39,278.0,0,650,66,0,0,83.37
BGSNH358-24_r_1.5_s_100_BGSNH358-24_fcleaner_merge,BGSNH358-24,r_1.5_s_100_fcleaner_merge,>BGSNH358-24_r_1.5_s_100_BGSNH358-24_fcleaner_merge,2212857,YP_009019993.1,tribe:Mirini,null,398,null,null,0.0,69.0,24.33,26.0,0,114,14,0,0,86.72
BGSNH367-24_r_1.5_s_50_BGSNH367-24_fcleaner_merge,BGSNH367-24,r_1.5_s_50_fcleaner_merge,>BGSNH367-24_r_1.5_s_50_BGSNH367-24_fcleaner_merge,2358427,QDI94090.1,tribe:Phylini,null,2787,null,null,0.0,357.0,149.61,133.0,0,190,21,0,0,83.37
BGSNH363-24_r_1.3_s_50_BGSNH363-24_fcleaner_merge,BGSNH363-24,r_1.3_s_50_fcleaner_merge,>BGSNH363-24_r_1.3_s_50_BGSNH363-24_fcleaner_merge,1545085,YP_010424628.1,tribe:Orthotylini,null,35589,null,null,793.0,3229.0,2075.94,2108.0,0,3484,385,0,0,100.0
BGSNH309-24_r_1.3_s_50_BGSNH309-24_fcleaner_merge,BGSNH309-24,r_1.3_s_50_fcleaner_merge,>BGSNH309-24_r_1.3_s_50_BGSNH309-24_fcleaner_merge,981266,QDI94090.1,tribe:Phylini,null,28268,null,null,0.0,4500.0,1572.37,1465.0,0,6697,275,0,0,83.37
BGSNH303-24_r_1.5_s_100_BGSNH303-24_fcleaner_merge,BGSNH303-24,r_1.5_s_100_fcleaner_merge,>BGSNH303-24_r_1.5_s_100_BGSNH303-24_fcleaner_merge,981266,QDI94090.1,tribe:Phylini,null,3617,null,null,0.0,967.0,210.87,183.0,0,262,30,0,0,83.37
BGSNH294-24_r_1.5_s_100_BGSNH294-24_fcleaner_merge,BGSNH294-24,r_1.5_s_100_fcleaner_merge,>BGSNH294-24_r_1.5_s_100_BGSNH294-24_fcleaner_merge,1929793,YP_009019993.1,genus:Adelphocoris,null,2,null,null,0.0,2.0,0.12,0.0,0,0,0,0,0,6.25
BGSNH287-24_r_1.5_s_100_BGSNH287-24_fcleaner_merge,BGSNH287-24,r_1.5_s_100_fcleaner_merge,>BGSNH287-24_r_1.5_s_100_BGSNH287-24_fcleaner_merge,1545070,AHN95687.1,tribe:Stenodemini,null,2465,null,null,2.0,341.0,159.25,146.0,0,128,8,0,0,100.0
BGSNH341-24_r_1_s_100_BGSNH341-24_fcleaner_merge,BGSNH341-24,r_1_s_100_fcleaner_merge,>BGSNH341-24_r_1_s_100_BGSNH341-24_fcleaner_merge,1336454,QDI94090.1,tribe:Phylini,null,1064,null,null,0.0,141.0,58.43,60.0,0,195,14,0,0,83.37
BGSNH288-24_r_1.5_s_50_BGSNH288-24_fcleaner_merge,BGSNH288-24,r_1.5_s_50_fcleaner_merge,>BGSNH288-24_r_1.5_s_50_BGSNH288-24_fcleaner_merge,1545070,AHN95687.1,tribe:Stenodemini,null,97196,null,null,922.0,12809.0,5692.88,5353.0,0,12937,974,0,0,100.0
BGSNH303-24_r_1.3_s_100_BGSNH303-24_fcleaner_merge,BGSNH303-24,r_1.3_s_100_fcleaner_merge,>BGSNH303-24_r_1.3_s_100_BGSNH303-24_fcleaner_merge,981266,QDI94090.1,tribe:Phylini,null,4225,null,null,0.0,970.0,253.4,214.0,0,342,38,0,0,83.37
BGSNH356-24_r_1.5_s_100_BGSNH356-24_fcleaner_merge,BGSNH356-24,r_1.5_s_100_fcleaner_merge,>BGSNH356-24_r_1.5_s_100_BGSNH356-24_fcleaner_merge,2212857,YP_009019993.1,tribe:Mirini,null,6218,null,null,14.0,917.0,377.86,333.5,0,342,49,0,0,100.0
BGSNH307-24_r_1.3_s_100_BGSNH307-24_fcleaner_merge,BGSNH307-24,r_1.3_s_100_fcleaner_merge,>BGSNH307-24_r_1.3_s_100_BGSNH307-24_fcleaner_merge,981266,QDI94090.1,tribe:Phylini,null,5011,null,null,0.0,799.0,292.31,305.0,0,1280,81,0,0,83.37
BGSNH310-24_r_1_s_100_BGSNH310-24_fcleaner_merge,BGSNH310-24,r_1_s_100_fcleaner_merge,>BGSNH310-24_r_1_s_100_BGSNH310-24_fcleaner_merge,236347,XSG68089.1,subfamily:Bryocorinae,null,11943,null,null,250.0,1306.0,743.84,734.0,0,1186,131,0,0,100.0
BGSNH306-24_r_1.3_s_50_BGSNH306-24_fcleaner_merge,BGSNH306-24,r_1.3_s_50_fcleaner_merge,>BGSNH306-24_r_1.3_s_50_BGSNH306-24_fcleaner_merge,981266,QDI94090.1,tribe:Phylini,null,6163,null,null,0.0,924.0,349.68,358.0,0,1396,86,0,0,83.37
BGSNH318-24_r_1.3_s_50_BGSNH318-24_fcleaner_merge,BGSNH318-24,r_1.3_s_50_fcleaner_merge,>BGSNH318-24_r_1.3_s_50_BGSNH318-24_fcleaner_merge,236347,XSG68089.1,subfamily:Bryocorinae,null,28111,null,null,0.0,4266.0,2111.35,1776.5,0,835,124,0,0,99.61
BGSNH361-24_r_1_s_50_BGSNH361-24_fcleaner_merge,BGSNH361-24,r_1_s_50_fcleaner_merge,>BGSNH361-24_r_1_s_50_BGSNH361-24_fcleaner_merge,1545085,YP_010424628.1,tribe:Orthotylini,null,931,null,null,11.0,154.0,53.06,49.0,0,110,50,0,0,100.0
BGSNH315-24_r_1.3_s_100_BGSNH315-24_fcleaner_merge,BGSNH315-24,r_1.3_s_100_fcleaner_merge,>BGSNH315-24_r_1.3_s_100_BGSNH315-24_fcleaner_merge,236347,XSG68089.1,subfamily:Bryocorinae,null,5131,null,null,212.0,865.0,446.53,400.0,0,163,48,0,0,100.0
BGSNH326-24_r_1.5_s_50_BGSNH326-24_fcleaner_merge,BGSNH326-24,r_1.5_s_50_fcleaner_merge,>BGSNH326-24_r_1.5_s_50_BGSNH326-24_fcleaner_merge,237212,QDI94090.1,tribe:Phylini,null,282,null,null,0.0,45.0,15.48,14.0,0,20,19,0,0,81.6
BGSNH316-24_r_1.5_s_50_BGSNH316-24_fcleaner_merge,BGSNH316-24,r_1.5_s_50_fcleaner_merge,>BGSNH316-24_r_1.5_s_50_BGSNH316-24_fcleaner_merge,236347,XSG68089.1,subfamily:Bryocorinae,null,26035,null,null,0.0,4389.0,2005.88,1948.5,0,1569,211,0,0,98.83
BGSNH349-24_r_1.5_s_100_BGSNH349-24_fcleaner_merge,BGSNH349-24,r_1.5_s_100_fcleaner_merge,>BGSNH349-24_r_1.5_s_100_BGSNH349-24_fcleaner_merge,2212857,YP_009019993.1,tribe:Mirini,null,196,null,null,0.0,57.0,13.06,6.0,0,39,10,0,0,62.5
BGSNH339-24_r_1.5_s_100_BGSNH339-24_fcleaner_merge,BGSNH339-24,r_1.5_s_100_fcleaner_merge,>BGSNH339-24_r_1.5_s_100_BGSNH339-24_fcleaner_merge,1336454,QDI94090.1,tribe:Phylini,null,1930,null,null,0.0,272.0,115.49,125.0,0,102,29,0,0,83.17
BGSNH335-24_r_1.5_s_100_BGSNH335-24_fcleaner_merge,BGSNH335-24,r_1.5_s_100_fcleaner_merge,>BGSNH335-24_r_1.5_s_100_BGSNH335-24_fcleaner_merge,2315913,QDI94090.1,tribe:Phylini,null,1028,null,null,0.0,151.0,63.34,68.0,0,60,11,0,0,83.37
BGSNH291-24_r_1_s_100_BGSNH291-24_fcleaner_merge,BGSNH291-24,r_1_s_100_fcleaner_merge,>BGSNH291-24_r_1_s_100_BGSNH291-24_fcleaner_merge,1545070,AHN95687.1,tribe:Stenodemini,null,7606,null,null,60.0,971.0,533.64,518.0,0,621,313,0,0,100.0
BGSNH331-24_r_1.5_s_100_BGSNH331-24_fcleaner_merge,BGSNH331-24,r_1.5_s_100_fcleaner_merge,>BGSNH331-24_r_1.5_s_100_BGSNH331-24_fcleaner_merge,2315913,QDI94090.1,tribe:Phylini,null,43173,null,null,0.0,6357.0,2683.38,2751.0,0,2820,456,0,0,83.37
BGSNH345-24_r_1_s_100_BGSNH345-24_fcleaner_merge,BGSNH345-24,r_1_s_100_fcleaner_merge,>BGSNH345-24_r_1_s_100_BGSNH345-24_fcleaner_merge,2212857,YP_009019993.1,tribe:Mirini,null,66515,null,null,2554.0,7311.0,4859.49,4737.0,0,3619,561,0,0,100.0
BGSNH323-24_r_1.5_s_100_BGSNH323-24_fcleaner_merge,BGSNH323-24,r_1.5_s_100_fcleaner_merge,>BGSNH323-24_r_1.5_s_100_BGSNH323-24_fcleaner_merge,237212,QDI94090.1,tribe:Phylini,null,15500,null,null,0.0,2878.0,993.66,1085.0,0,1721,169,0,0,83.17
BGSNH340-24_r_1.3_s_50_BGSNH340-24_fcleaner_merge,BGSNH340-24,r_1.3_s_50_fcleaner_merge,>BGSNH340-24_r_1.3_s_50_BGSNH340-24_fcleaner_merge,1336454,QDI94090.1,tribe:Phylini,null,1008,null,null,0.0,109.0,42.79,44.0,0,167,21,0,0,83.37
BGSNH318-24_r_1.3_s_100_BGSNH318-24_fcleaner_merge,BGSNH318-24,r_1.3_s_100_fcleaner_merge,>BGSNH318-24_r_1.3_s_100_BGSNH318-24_fcleaner_merge,236347,XSG68089.1,subfamily:Bryocorinae,null,25317,null,null,0.0,4192.0,2017.48,1724.5,0,692,117,0,0,99.61
BGSNH364-24_r_1_s_50_BGSNH364-24_fcleaner_merge,BGSNH364-24,r_1_s_50_fcleaner_merge,>BGSNH364-24_r_1_s_50_BGSNH364-24_fcleaner_merge,236347,XSG68089.1,subfamily:Bryocorinae,null,20916,null,null,0.0,2373.0,1226.21,1179.0,0,802,176,0,0,99.8
BGSNH302-24_r_1_s_100_BGSNH302-24_fcleaner_merge,BGSNH302-24,r_1_s_100_fcleaner_merge,>BGSNH302-24_r_1_s_100_BGSNH302-24_fcleaner_merge,981266,QDI94090.1,tribe:Phylini,null,5601,null,null,0.0,1006.0,347.31,322.0,0,481,78,0,0,83.37
BGSNH290-24_r_1.5_s_50_BGSNH290-24_fcleaner_merge,BGSNH290-24,r_1.5_s_50_fcleaner_merge,>BGSNH290-24_r_1.5_s_50_BGSNH290-24_fcleaner_merge,1545070,AHN95687.1,tribe:Stenodemini,null,23794,null,null,308.0,3359.0,1643.97,1432.0,0,2124,258,0,0,100.0
BGSNH337-24_r_1.3_s_50_BGSNH337-24_fcleaner_merge,BGSNH337-24,r_1.3_s_50_fcleaner_merge,>BGSNH337-24_r_1.3_s_50_BGSNH337-24_fcleaner_merge,1336454,QDI94090.1,tribe:Phylini,null,2504,null,null,0.0,264.0,153.6,176.0,0,223,34,0,0,83.37
BGSNH347-24_r_1.3_s_100_BGSNH347-24_fcleaner_merge,BGSNH347-24,r_1.3_s_100_fcleaner_merge,>BGSNH347-24_r_1.3_s_100_BGSNH347-24_fcleaner_merge,2212857,YP_009019993.1,tribe:Mirini,null,2078,null,null,0.0,286.0,109.58,99.5,0,599,17,0,0,98.83
BGSNH365-24_r_1_s_50_BGSNH365-24_fcleaner_merge,BGSNH365-24,r_1_s_50_fcleaner_merge,>BGSNH365-24_r_1_s_50_BGSNH365-24_fcleaner_merge,236347,XSG68089.1,subfamily:Bryocorinae,null,6869,null,null,0.0,697.0,472.96,463.0,0,168,74,0,0,99.61
BGSNH292-24_r_1.5_s_100_BGSNH292-24_fcleaner_merge,BGSNH292-24,r_1.5_s_100_fcleaner_merge,>BGSNH292-24_r_1.5_s_100_BGSNH292-24_fcleaner_merge,236347,XSG68089.1,subfamily:Bryocorinae,null,376,null,null,0.0,97.0,20.83,11.0,0,0,2,0,0,81.25
BGSNH295-24_r_1_s_50_BGSNH295-24_fcleaner_merge,BGSNH295-24,r_1_s_50_fcleaner_merge,>BGSNH295-24_r_1_s_50_BGSNH295-24_fcleaner_merge,1929793,YP_009019993.1,genus:Adelphocoris,null,45252,null,null,1405.0,5430.0,2703.86,2516.0,0,3443,384,0,0,100.0
BGSNH338-24_r_1.3_s_100_BGSNH338-24_fcleaner_merge,BGSNH338-24,r_1.3_s_100_fcleaner_merge,>BGSNH338-24_r_1.3_s_100_BGSNH338-24_fcleaner_merge,1336454,QDI94090.1,tribe:Phylini,null,271,null,null,0.0,42.0,13.71,12.0,0,13,7,0,0,77.69
BGSNH365-24_r_1.5_s_100_BGSNH365-24_fcleaner_merge,BGSNH365-24,r_1.5_s_100_fcleaner_merge,>BGSNH365-24_r_1.5_s_100_BGSNH365-24_fcleaner_merge,236347,XSG68089.1,subfamily:Bryocorinae,null,4423,null,null,0.0,635.0,327.11,358.0,0,19,43,0,0,98.44
BGSNH286-24_r_1_s_100_BGSNH286-24_fcleaner_merge,BGSNH286-24,r_1_s_100_fcleaner_merge,>BGSNH286-24_r_1_s_100_BGSNH286-24_fcleaner_merge,1545070,AHN95687.1,tribe:Stenodemini,null,3656,null,null,79.0,455.0,232.17,217.0,0,471,19,0,0,100.0
BGSNH362-24_r_1_s_50_BGSNH362-24_fcleaner_merge,BGSNH362-24,r_1_s_50_fcleaner_merge,>BGSNH362-24_r_1_s_50_BGSNH362-24_fcleaner_merge,1545085,YP_010424628.1,tribe:Orthotylini,null,6711,null,null,137.0,859.0,427.28,389.0,0,532,137,0,0,100.0
BGSNH329-24_r_1.3_s_100_BGSNH329-24_fcleaner_merge,BGSNH329-24,r_1.3_s_100_fcleaner_merge,>BGSNH329-24_r_1.3_s_100_BGSNH329-24_fcleaner_merge,237212,QDI94090.1,tribe:Phylini,null,5097,null,null,0.0,1021.0,316.58,295.0,0,689,57,0,0,83.17
BGSNH318-24_r_1_s_100_BGSNH318-24_fcleaner_merge,BGSNH318-24,r_1_s_100_fcleaner_merge,>BGSNH318-24_r_1_s_100_BGSNH318-24_fcleaner_merge,236347,XSG68089.1,subfamily:Bryocorinae,null,26206,null,null,0.0,4193.0,2078.43,1729.5,0,990,124,0,0,99.61
BGSNH325-24_r_1.5_s_100_BGSNH325-24_fcleaner_merge,BGSNH325-24,r_1.5_s_100_fcleaner_merge,>BGSNH325-24_r_1.5_s_100_BGSNH325-24_fcleaner_merge,237212,QDI94090.1,tribe:Phylini,null,382,null,null,0.0,57.0,29.04,32.0,0,4,20,0,0,83.37
BGSNH361-24_r_1.3_s_100_BGSNH361-24_fcleaner_merge,BGSNH361-24,r_1.3_s_100_fcleaner_merge,>BGSNH361-24_r_1.3_s_100_BGSNH361-24_fcleaner_merge,1545085,YP_010424628.1,tribe:Orthotylini,null,577,null,null,9.0,68.0,39.35,38.0,0,33,14,0,0,100.0
BGSNH376-24_r_1.3_s_50_BGSNH376-24_fcleaner_merge,BGSNH376-24,r_1.3_s_50_fcleaner_merge,>BGSNH376-24_r_1.3_s_50_BGSNH376-24_fcleaner_merge,1837210,QDI94090.1,tribe:Phylini,null,1424,null,null,0.0,189.0,67.2,66.0,0,152,15,0,0,83.37
BGSNH371-24_r_1.3_s_100_BGSNH371-24_fcleaner_merge,BGSNH371-24,r_1.3_s_100_fcleaner_merge,>BGSNH371-24_r_1.3_s_100_BGSNH371-24_fcleaner_merge,1837210,QDI94090.1,tribe:Phylini,null,874,null,null,0.0,181.0,48.62,44.0,0,35,9,0,0,83.37
BGSNH317-24_r_1.3_s_100_BGSNH317-24_fcleaner_merge,BGSNH317-24,r_1.3_s_100_fcleaner_merge,>BGSNH317-24_r_1.3_s_100_BGSNH317-24_fcleaner_merge,236347,XSG68089.1,subfamily:Bryocorinae,null,28701,null,null,828.0,4818.0,2078.27,1844.0,0,1068,258,0,0,100.0
BGSNH295-24_r_1.3_s_100_BGSNH295-24_fcleaner_merge,BGSNH295-24,r_1.3_s_100_fcleaner_merge,>BGSNH295-24_r_1.3_s_100_BGSNH295-24_fcleaner_merge,1929793,YP_009019993.1,genus:Adelphocoris,null,38569,null,null,1244.0,4911.0,2489.33,2314.0,0,1653,343,0,0,100.0
BGSNH369-24_r_1.3_s_100_BGSNH369-24_fcleaner_merge,BGSNH369-24,r_1.3_s_100_fcleaner_merge,>BGSNH369-24_r_1.3_s_100_BGSNH369-24_fcleaner_merge,2358427,QDI94090.1,tribe:Phylini,null,132,null,null,0.0,44.0,8.69,0.0,0,120,2,0,0,41.88
BGSNH313-24_r_1.5_s_100_BGSNH313-24_fcleaner_merge,BGSNH313-24,r_1.5_s_100_fcleaner_merge,>BGSNH313-24_r_1.5_s_100_BGSNH313-24_fcleaner_merge,236347,XSG68089.1,subfamily:Bryocorinae,null,15840,null,null,0.0,2134.0,1019.53,1121.5,0,1222,192,0,0,99.61
BGSNH361-24_r_1.3_s_50_BGSNH361-24_fcleaner_merge,BGSNH361-24,r_1.3_s_50_fcleaner_merge,>BGSNH361-24_r_1.3_s_50_BGSNH361-24_fcleaner_merge,1545085,YP_010424628.1,tribe:Orthotylini,null,754,null,null,9.0,75.0,45.07,44.0,0,78,32,0,0,100.0
BGSNH292-24_r_1.3_s_100_BGSNH292-24_fcleaner_merge,BGSNH292-24,r_1.3_s_100_fcleaner_merge,>BGSNH292-24_r_1.3_s_100_BGSNH292-24_fcleaner_merge,236347,XSG68089.1,subfamily:Bryocorinae,null,377,null,null,0.0,81.0,21.74,17.0,0,181,3,0,0,88.28
BGSNH365-24_r_1.3_s_50_BGSNH365-24_fcleaner_merge,BGSNH365-24,r_1.3_s_50_fcleaner_merge,>BGSNH365-24_r_1.3_s_50_BGSNH365-24_fcleaner_merge,236347,XSG68089.1,subfamily:Bryocorinae,null,6601,null,null,0.0,670.0,456.71,462.5,0,118,67,0,0,99.61
BGSNH322-24_r_1.5_s_50_BGSNH322-24_fcleaner_merge,BGSNH322-24,r_1.5_s_50_fcleaner_merge,>BGSNH322-24_r_1.5_s_50_BGSNH322-24_fcleaner_merge,237212,QDI94090.1,tribe:Phylini,null,9533,null,null,0.0,1288.0,526.23,596.0,0,1583,92,0,0,83.17
BGSNH344-24_r_1.5_s_50_BGSNH344-24_fcleaner_merge,BGSNH344-24,r_1.5_s_50_fcleaner_merge,>BGSNH344-24_r_1.5_s_50_BGSNH344-24_fcleaner_merge,2212857,YP_009019993.1,tribe:Mirini,null,11226,null,null,52.0,1511.0,637.92,639.5,0,1138,15,0,0,100.0
BGSNH354-24_r_1_s_100_BGSNH354-24_fcleaner_merge,BGSNH354-24,r_1_s_100_fcleaner_merge,>BGSNH354-24_r_1_s_100_BGSNH354-24_fcleaner_merge,2212857,YP_009019993.1,tribe:Mirini,null,150,null,null,0.0,38.0,12.42,12.0,0,127,13,0,3,86.33
BGSNH360-24_r_1.3_s_50_BGSNH360-24_fcleaner_merge,BGSNH360-24,r_1.3_s_50_fcleaner_merge,>BGSNH360-24_r_1.3_s_50_BGSNH360-24_fcleaner_merge,2212857,YP_009019993.1,tribe:Mirini,null,4815,null,null,25.0,660.0,224.49,215.0,0,679,0,0,0,100.0
BGSNH308-24_r_1.3_s_100_BGSNH308-24_fcleaner_merge,BGSNH308-24,r_1.3_s_100_fcleaner_merge,>BGSNH308-24_r_1.3_s_100_BGSNH308-24_fcleaner_merge,981266,QDI94090.1,tribe:Phylini,null,4589,null,null,0.0,971.0,289.61,244.0,0,239,47,0,0,83.37
BGSNH339-24_r_1_s_100_BGSNH339-24_fcleaner_merge,BGSNH339-24,r_1_s_100_fcleaner_merge,>BGSNH339-24_r_1_s_100_BGSNH339-24_fcleaner_merge,1336454,QDI94090.1,tribe:Phylini,null,2140,null,null,0.0,272.0,131.47,147.0,0,150,38,0,0,83.37
BGSNH291-24_r_1.5_s_100_BGSNH291-24_fcleaner_merge,BGSNH291-24,r_1.5_s_100_fcleaner_merge,>BGSNH291-24_r_1.5_s_100_BGSNH291-24_fcleaner_merge,1545070,AHN95687.1,tribe:Stenodemini,null,6488,null,null,54.0,870.0,455.6,453.0,0,457,256,0,0,100.0
BGSNH290-24_r_1.5_s_100_BGSNH290-24_fcleaner_merge,BGSNH290-24,r_1.5_s_100_fcleaner_merge,>BGSNH290-24_r_1.5_s_100_BGSNH290-24_fcleaner_merge,1545070,AHN95687.1,tribe:Stenodemini,null,21991,null,null,269.0,3340.0,1584.36,1366.0,0,1436,245,0,0,100.0
BGSNH315-24_r_1.3_s_50_BGSNH315-24_fcleaner_merge,BGSNH315-24,r_1.3_s_50_fcleaner_merge,>BGSNH315-24_r_1.3_s_50_BGSNH315-24_fcleaner_merge,236347,XSG68089.1,subfamily:Bryocorinae,null,5664,null,null,217.0,885.0,464.58,411.0,0,336,66,0,0,100.0
BGSNH351-24_r_1.5_s_50_BGSNH351-24_fcleaner_merge,BGSNH351-24,r_1.5_s_50_fcleaner_merge,>BGSNH351-24_r_1.5_s_50_BGSNH351-24_fcleaner_merge,2212857,YP_009019993.1,tribe:Mirini,null,172,null,null,0.0,28.0,6.88,5.0,0,16,3,0,0,77.73
BGSNH346-24_r_1_s_50_BGSNH346-24_fcleaner_merge,BGSNH346-24,r_1_s_50_fcleaner_merge,>BGSNH346-24_r_1_s_50_BGSNH346-24_fcleaner_merge,2212857,YP_009019993.1,tribe:Mirini,null,1510,null,null,0.0,206.0,67.36,70.0,0,2753,66,0,0,87.11
BGSNH317-24_r_1.5_s_50_BGSNH317-24_fcleaner_merge,BGSNH317-24,r_1.5_s_50_fcleaner_merge,>BGSNH317-24_r_1.5_s_50_BGSNH317-24_fcleaner_merge,236347,XSG68089.1,subfamily:Bryocorinae,null,26993,null,null,0.0,4724.0,1838.19,1759.5,0,1655,210,0,0,99.8
BGSNH296-24_r_1.3_s_100_BGSNH296-24_fcleaner_merge,BGSNH296-24,r_1.3_s_100_fcleaner_merge,>BGSNH296-24_r_1.3_s_100_BGSNH296-24_fcleaner_merge,1929793,YP_009019993.1,genus:Adelphocoris,null,32062,null,null,950.0,4261.0,2189.94,2148.0,0,1401,388,0,0,100.0
BGSNH286-24_r_1.3_s_100_BGSNH286-24_fcleaner_merge,BGSNH286-24,r_1.3_s_100_fcleaner_merge,>BGSNH286-24_r_1.3_s_100_BGSNH286-24_fcleaner_merge,1545070,AHN95687.1,tribe:Stenodemini,null,3656,null,null,79.0,455.0,232.17,217.0,0,318,19,0,0,100.0
BGSNH348-24_r_1.3_s_100_BGSNH348-24_fcleaner_merge,BGSNH348-24,r_1.3_s_100_fcleaner_merge,>BGSNH348-24_r_1.3_s_100_BGSNH348-24_fcleaner_merge,2212857,YP_009019993.1,tribe:Mirini,null,733,null,null,0.0,144.0,38.45,33.0,0,389,1,0,0,95.9
BGSNH291-24_r_1_s_50_BGSNH291-24_fcleaner_merge,BGSNH291-24,r_1_s_50_fcleaner_merge,>BGSNH291-24_r_1_s_50_BGSNH291-24_fcleaner_merge,1545070,AHN95687.1,tribe:Stenodemini,null,9129,null,null,64.0,1024.0,589.53,589.0,0,1055,367,0,0,100.0
BGSNH290-24_r_1.3_s_100_BGSNH290-24_fcleaner_merge,BGSNH290-24,r_1.3_s_100_fcleaner_merge,>BGSNH290-24_r_1.3_s_100_BGSNH290-24_fcleaner_merge,1545070,AHN95687.1,tribe:Stenodemini,null,25325,null,null,307.0,3341.0,1811.65,1627.0,0,1773,312,0,0,100.0
BGSNH327-24_r_1.5_s_100_BGSNH327-24_fcleaner_merge,BGSNH327-24,r_1.5_s_100_fcleaner_merge,>BGSNH327-24_r_1.5_s_100_BGSNH327-24_fcleaner_merge,237212,QDI94090.1,tribe:Phylini,null,196,null,null,0.0,40.0,14.14,15.0,0,12,13,0,0,83.37
BGSNH369-24_r_1.5_s_100_BGSNH369-24_fcleaner_merge,BGSNH369-24,r_1.5_s_100_fcleaner_merge,>BGSNH369-24_r_1.5_s_100_BGSNH369-24_fcleaner_merge,2358427,QDI94090.1,tribe:Phylini,null,129,null,null,0.0,44.0,8.21,0.0,0,19,2,0,0,47.55
BGSNH372-24_r_1.5_s_100_BGSNH372-24_fcleaner_merge,BGSNH372-24,r_1.5_s_100_fcleaner_merge,>BGSNH372-24_r_1.5_s_100_BGSNH372-24_fcleaner_merge,1837210,QDI94090.1,tribe:Phylini,null,493,null,null,0.0,80.0,26.85,26.0,0,25,3,0,0,82.39
BGSNH364-24_r_1.3_s_100_BGSNH364-24_fcleaner_merge,BGSNH364-24,r_1.3_s_100_fcleaner_merge,>BGSNH364-24_r_1.3_s_100_BGSNH364-24_fcleaner_merge,236347,XSG68089.1,subfamily:Bryocorinae,null,15805,null,null,0.0,1729.0,1024.75,1049.0,0,170,150,0,0,99.61
BGSNH339-24_r_1.5_s_50_BGSNH339-24_fcleaner_merge,BGSNH339-24,r_1.5_s_50_fcleaner_merge,>BGSNH339-24_r_1.5_s_50_BGSNH339-24_fcleaner_merge,1336454,QDI94090.1,tribe:Phylini,null,2592,null,null,0.0,299.0,136.44,150.0,0,202,36,0,0,83.17
BGSNH363-24_r_1.5_s_100_BGSNH363-24_fcleaner_merge,BGSNH363-24,r_1.5_s_100_fcleaner_merge,>BGSNH363-24_r_1.5_s_100_BGSNH363-24_fcleaner_merge,1545085,YP_010424628.1,tribe:Orthotylini,null,24190,null,null,0.0,2909.0,1531.39,1612.0,0,2576,248,0,0,99.8
BGSNH343-24_r_1.3_s_100_BGSNH343-24_fcleaner_merge,BGSNH343-24,r_1.3_s_100_fcleaner_merge,>BGSNH343-24_r_1.3_s_100_BGSNH343-24_fcleaner_merge,2212857,YP_009019993.1,tribe:Mirini,null,21483,null,null,731.0,2276.0,1579.8,1564.5,0,948,206,0,0,100.0
BGSNH319-24_r_1_s_50_BGSNH319-24_fcleaner_merge,BGSNH319-24,r_1_s_50_fcleaner_merge,>BGSNH319-24_r_1_s_50_BGSNH319-24_fcleaner_merge,236347,XSG68089.1,subfamily:Bryocorinae,null,80,null,null,0.0,16.0,5.13,4.0,0,133,6,0,0,98.05
BGSNH371-24_r_1.5_s_100_BGSNH371-24_fcleaner_merge,BGSNH371-24,r_1.5_s_100_fcleaner_merge,>BGSNH371-24_r_1.5_s_100_BGSNH371-24_fcleaner_merge,1837210,QDI94090.1,tribe:Phylini,null,808,null,null,0.0,181.0,44.11,38.0,0,29,7,0,0,81.21
BGSNH327-24_r_1_s_50_BGSNH327-24_fcleaner_merge,BGSNH327-24,r_1_s_50_fcleaner_merge,>BGSNH327-24_r_1_s_50_BGSNH327-24_fcleaner_merge,237212,QDI94090.1,tribe:Phylini,null,358,null,null,0.0,75.0,22.48,22.0,0,92,26,0,0,83.37
BGSNH300-24_r_1.3_s_50_BGSNH300-24_fcleaner_merge,BGSNH300-24,r_1.3_s_50_fcleaner_merge,>BGSNH300-24_r_1.3_s_50_BGSNH300-24_fcleaner_merge,2868303,YP_009019993.1,tribe:Mirini,null,214,null,null,0.0,54.0,12.53,9.0,0,180,6,0,0,72.07
BGSNH294-24_r_1.5_s_50_BGSNH294-24_fcleaner_merge,BGSNH294-24,r_1.5_s_50_fcleaner_merge,>BGSNH294-24_r_1.5_s_50_BGSNH294-24_fcleaner_merge,1929793,YP_009019993.1,genus:Adelphocoris,null,5,null,null,0.0,2.0,0.24,0.0,0,2,0,0,0,13.48
BGSNH311-24_r_1.5_s_50_BGSNH311-24_fcleaner_merge,BGSNH311-24,r_1.5_s_50_fcleaner_merge,>BGSNH311-24_r_1.5_s_50_BGSNH311-24_fcleaner_merge,236347,XSG68089.1,subfamily:Bryocorinae,null,142253,null,null,69.0,15091.0,7702.2,8538.0,0,13922,1140,0,0,100.0
BGSNH325-24_r_1_s_100_BGSNH325-24_fcleaner_merge,BGSNH325-24,r_1_s_100_fcleaner_merge,>BGSNH325-24_r_1_s_100_BGSNH325-24_fcleaner_merge,237212,QDI94090.1,tribe:Phylini,null,480,null,null,0.0,80.0,36.61,41.0,0,28,26,0,0,83.37
BGSNH325-24_r_1.5_s_50_BGSNH325-24_fcleaner_merge,BGSNH325-24,r_1.5_s_50_fcleaner_merge,>BGSNH325-24_r_1.5_s_50_BGSNH325-24_fcleaner_merge,237212,QDI94090.1,tribe:Phylini,null,467,null,null,0.0,62.0,31.86,37.0,0,28,27,0,0,83.37
BGSNH298-24_r_1.3_s_100_BGSNH298-24_fcleaner_merge,BGSNH298-24,r_1.3_s_100_fcleaner_merge,>BGSNH298-24_r_1.3_s_100_BGSNH298-24_fcleaner_merge,981263,UPL65908.1,subfamily:Phylinae,null,24708,null,null,0.0,3258.0,1473.08,1420.5,0,2453,569,0,0,99.8
BGSNH310-24_r_1.5_s_50_BGSNH310-24_fcleaner_merge,BGSNH310-24,r_1.5_s_50_fcleaner_merge,>BGSNH310-24_r_1.5_s_50_BGSNH310-24_fcleaner_merge,236347,XSG68089.1,subfamily:Bryocorinae,null,12386,null,null,0.0,1406.0,674.6,736.5,0,1434,111,0,0,97.85
BGSNH298-24_r_1_s_100_BGSNH298-24_fcleaner_merge,BGSNH298-24,r_1_s_100_fcleaner_merge,>BGSNH298-24_r_1_s_100_BGSNH298-24_fcleaner_merge,981263,UPL65908.1,subfamily:Phylinae,null,24829,null,null,1.0,3233.0,1482.11,1410.0,0,3019,606,0,0,100.0
BGSNH373-24_r_1.3_s_100_BGSNH373-24_fcleaner_merge,BGSNH373-24,r_1.3_s_100_fcleaner_merge,>BGSNH373-24_r_1.3_s_100_BGSNH373-24_fcleaner_merge,1837210,QDI94090.1,tribe:Phylini,null,1266,null,null,0.0,186.0,69.77,70.0,0,62,13,0,0,83.37
BGSNH307-24_r_1.5_s_50_BGSNH307-24_fcleaner_merge,BGSNH307-24,r_1.5_s_50_fcleaner_merge,>BGSNH307-24_r_1.5_s_50_BGSNH307-24_fcleaner_merge,981266,QDI94090.1,tribe:Phylini,null,5775,null,null,0.0,848.0,297.97,331.0,0,1794,78,0,0,83.37
BGSNH306-24_r_1.3_s_100_BGSNH306-24_fcleaner_merge,BGSNH306-24,r_1.3_s_100_fcleaner_merge,>BGSNH306-24_r_1.3_s_100_BGSNH306-24_fcleaner_merge,981266,QDI94090.1,tribe:Phylini,null,4921,null,null,0.0,873.0,308.84,301.0,0,712,77,0,0,83.37
BGSNH358-24_r_1_s_50_BGSNH358-24_fcleaner_merge,BGSNH358-24,r_1_s_50_fcleaner_merge,>BGSNH358-24_r_1_s_50_BGSNH358-24_fcleaner_merge,2212857,YP_009019993.1,tribe:Mirini,null,307,null,null,0.0,71.0,15.92,8.0,0,1530,14,0,0,77.15
BGSNH313-24_r_1_s_100_BGSNH313-24_fcleaner_merge,BGSNH313-24,r_1_s_100_fcleaner_merge,>BGSNH313-24_r_1_s_100_BGSNH313-24_fcleaner_merge,236347,XSG68089.1,subfamily:Bryocorinae,null,19947,null,null,520.0,2179.0,1299.24,1265.5,0,1577,258,0,0,100.0
BGSNH354-24_r_1.5_s_50_BGSNH354-24_fcleaner_merge,BGSNH354-24,r_1.5_s_50_fcleaner_merge,>BGSNH354-24_r_1.5_s_50_BGSNH354-24_fcleaner_merge,2212857,YP_009019993.1,tribe:Mirini,null,107,null,null,0.0,14.0,4.38,4.0,0,24,2,0,0,85.94
BGSNH343-24_r_1.5_s_100_BGSNH343-24_fcleaner_merge,BGSNH343-24,r_1.5_s_100_fcleaner_merge,>BGSNH343-24_r_1.5_s_100_BGSNH343-24_fcleaner_merge,2212857,YP_009019993.1,tribe:Mirini,null,18806,null,null,25.0,2276.0,1381.08,1391.5,0,463,177,0,0,100.0
BGSNH364-24_r_1_s_100_BGSNH364-24_fcleaner_merge,BGSNH364-24,r_1_s_100_fcleaner_merge,>BGSNH364-24_r_1_s_100_BGSNH364-24_fcleaner_merge,236347,XSG68089.1,subfamily:Bryocorinae,null,16467,null,null,0.0,1964.0,1067.87,1053.5,0,215,157,0,0,99.61
BGSNH321-24_r_1_s_100_BGSNH321-24_fcleaner_merge,BGSNH321-24,r_1_s_100_fcleaner_merge,>BGSNH321-24_r_1_s_100_BGSNH321-24_fcleaner_merge,237212,QDI94090.1,tribe:Phylini,null,7051,null,null,0.0,1254.0,470.34,483.0,0,659,93,0,0,83.17
BGSNH328-24_r_1_s_100_BGSNH328-24_fcleaner_merge,BGSNH328-24,r_1_s_100_fcleaner_merge,>BGSNH328-24_r_1_s_100_BGSNH328-24_fcleaner_merge,237212,QDI94090.1,tribe:Phylini,null,10976,null,null,0.0,1874.0,865.56,906.0,0,672,150,0,0,83.17
BGSNH360-24_r_1.5_s_100_BGSNH360-24_fcleaner_merge,BGSNH360-24,r_1.5_s_100_fcleaner_merge,>BGSNH360-24_r_1.5_s_100_BGSNH360-24_fcleaner_merge,2212857,YP_009019993.1,tribe:Mirini,null,2643,null,null,0.0,484.0,143.31,137.0,0,215,0,0,0,96.09
BGSNH349-24_r_1.5_s_50_BGSNH349-24_fcleaner_merge,BGSNH349-24,r_1.5_s_50_fcleaner_merge,>BGSNH349-24_r_1.5_s_50_BGSNH349-24_fcleaner_merge,2212857,YP_009019993.1,tribe:Mirini,null,559,null,null,0.0,117.0,23.19,20.0,0,145,21,0,0,88.48
BGSNH357-24_r_1_s_50_BGSNH357-24_fcleaner_merge,BGSNH357-24,r_1_s_50_fcleaner_merge,>BGSNH357-24_r_1_s_50_BGSNH357-24_fcleaner_merge,2212857,YP_009019993.1,tribe:Mirini,null,2629,null,null,48.0,288.0,159.55,150.0,0,393,42,0,0,100.0
BGSNH301-24_r_1.3_s_50_BGSNH301-24_fcleaner_merge,BGSNH301-24,r_1.3_s_50_fcleaner_merge,>BGSNH301-24_r_1.3_s_50_BGSNH301-24_fcleaner_merge,2868303,YP_009019993.1,tribe:Mirini,null,1768,null,null,10.0,142.0,76.35,76.0,0,404,19,0,0,100.0
BGSNH291-24_r_1.3_s_100_BGSNH291-24_fcleaner_merge,BGSNH291-24,r_1.3_s_100_fcleaner_merge,>BGSNH291-24_r_1.3_s_100_BGSNH291-24_fcleaner_merge,1545070,AHN95687.1,tribe:Stenodemini,null,7584,null,null,60.0,968.0,531.91,518.0,0,592,314,0,0,100.0
BGSNH365-24_r_1.5_s_50_BGSNH365-24_fcleaner_merge,BGSNH365-24,r_1.5_s_50_fcleaner_merge,>BGSNH365-24_r_1.5_s_50_BGSNH365-24_fcleaner_merge,236347,XSG68089.1,subfamily:Bryocorinae,null,5072,null,null,0.0,669.0,349.04,381.5,0,67,47,0,0,99.61
BGSNH342-24_r_1.5_s_100_BGSNH342-24_fcleaner_merge,BGSNH342-24,r_1.5_s_100_fcleaner_merge,>BGSNH342-24_r_1.5_s_100_BGSNH342-24_fcleaner_merge,2212857,YP_009019993.1,tribe:Mirini,null,8126,null,null,3.0,1110.0,534.28,520.0,0,280,49,0,0,100.0
BGSNH292-24_r_1.5_s_50_BGSNH292-24_fcleaner_merge,BGSNH292-24,r_1.5_s_50_fcleaner_merge,>BGSNH292-24_r_1.5_s_50_BGSNH292-24_fcleaner_merge,236347,XSG68089.1,subfamily:Bryocorinae,null,579,null,null,0.0,106.0,27.34,19.0,0,39,7,0,0,91.99
BGSNH340-24_r_1_s_50_BGSNH340-24_fcleaner_merge,BGSNH340-24,r_1_s_50_fcleaner_merge,>BGSNH340-24_r_1_s_50_BGSNH340-24_fcleaner_merge,1336454,QDI94090.1,tribe:Phylini,null,1074,null,null,0.0,110.0,45.0,47.0,0,236,26,0,0,83.37
BGSNH366-24_r_1_s_100_BGSNH366-24_fcleaner_merge,BGSNH366-24,r_1_s_100_fcleaner_merge,>BGSNH366-24_r_1_s_100_BGSNH366-24_fcleaner_merge,236347,XSG68089.1,subfamily:Bryocorinae,null,37097,null,null,0.0,4869.0,2745.68,2583.5,0,342,361,0,0,99.61
BGSNH287-24_r_1.3_s_50_BGSNH287-24_fcleaner_merge,BGSNH287-24,r_1.3_s_50_fcleaner_merge,>BGSNH287-24_r_1.3_s_50_BGSNH287-24_fcleaner_merge,1545070,AHN95687.1,tribe:Stenodemini,null,3404,null,null,51.0,377.0,199.73,177.0,0,339,11,0,0,100.0
BGSNH308-24_r_1_s_100_BGSNH308-24_fcleaner_merge,BGSNH308-24,r_1_s_100_fcleaner_merge,>BGSNH308-24_r_1_s_100_BGSNH308-24_fcleaner_merge,981266,QDI94090.1,tribe:Phylini,null,4671,null,null,0.0,973.0,294.83,245.0,0,304,51,0,0,83.37
BGSNH309-24_r_1.5_s_50_BGSNH309-24_fcleaner_merge,BGSNH309-24,r_1.5_s_50_fcleaner_merge,>BGSNH309-24_r_1.5_s_50_BGSNH309-24_fcleaner_merge,981266,QDI94090.1,tribe:Phylini,null,24295,null,null,0.0,4107.0,1321.59,1294.0,0,6237,212,0,0,83.37
BGSNH348-24_r_1.3_s_50_BGSNH348-24_fcleaner_merge,BGSNH348-24,r_1.3_s_50_fcleaner_merge,>BGSNH348-24_r_1.3_s_50_BGSNH348-24_fcleaner_merge,2212857,YP_009019993.1,tribe:Mirini,null,1668,null,null,0.0,170.0,68.8,69.0,0,588,1,0,0,99.22
BGSNH314-24_r_1.5_s_50_BGSNH314-24_fcleaner_merge,BGSNH314-24,r_1.5_s_50_fcleaner_merge,>BGSNH314-24_r_1.5_s_50_BGSNH314-24_fcleaner_merge,236347,XSG68089.1,subfamily:Bryocorinae,null,1564,null,null,0.0,225.0,118.74,138.0,0,33,29,0,0,98.83
BGSNH338-24_r_1_s_100_BGSNH338-24_fcleaner_merge,BGSNH338-24,r_1_s_100_fcleaner_merge,>BGSNH338-24_r_1_s_100_BGSNH338-24_fcleaner_merge,1336454,QDI94090.1,tribe:Phylini,null,279,null,null,0.0,42.0,14.13,12.0,0,13,8,0,0,82.0
BGSNH371-24_r_1_s_50_BGSNH371-24_fcleaner_merge,BGSNH371-24,r_1_s_50_fcleaner_merge,>BGSNH371-24_r_1_s_50_BGSNH371-24_fcleaner_merge,1837210,QDI94090.1,tribe:Phylini,null,1369,null,null,0.0,194.0,65.55,65.0,0,205,14,0,0,83.37
BGSNH331-24_r_1.5_s_50_BGSNH331-24_fcleaner_merge,BGSNH331-24,r_1.5_s_50_fcleaner_merge,>BGSNH331-24_r_1.5_s_50_BGSNH331-24_fcleaner_merge,2315913,QDI94090.1,tribe:Phylini,null,53754,null,null,0.0,6787.0,3025.74,3193.0,0,6130,509,0,0,83.37
BGSNH316-24_r_1_s_50_BGSNH316-24_fcleaner_merge,BGSNH316-24,r_1_s_50_fcleaner_merge,>BGSNH316-24_r_1_s_50_BGSNH316-24_fcleaner_merge,236347,XSG68089.1,subfamily:Bryocorinae,null,35315,null,null,1511.0,4695.0,2698.87,2299.0,0,2752,335,0,0,100.0
BGSNH332-24_r_1_s_50_BGSNH332-24_fcleaner_merge,BGSNH332-24,r_1_s_50_fcleaner_merge,>BGSNH332-24_r_1_s_50_BGSNH332-24_fcleaner_merge,2315913,QDI94090.1,tribe:Phylini,null,9498,null,null,0.0,1384.0,643.86,669.0,0,1010,94,0,0,83.37
BGSNH327-24_r_1.3_s_100_BGSNH327-24_fcleaner_merge,BGSNH327-24,r_1.3_s_100_fcleaner_merge,>BGSNH327-24_r_1.3_s_100_BGSNH327-24_fcleaner_merge,237212,QDI94090.1,tribe:Phylini,null,223,null,null,0.0,40.0,16.28,17.0,0,16,15,0,0,83.37
BGSNH293-24_r_1_s_100_BGSNH293-24_fcleaner_merge,BGSNH293-24,r_1_s_100_fcleaner_merge,>BGSNH293-24_r_1_s_100_BGSNH293-24_fcleaner_merge,236347,XSG68089.1,subfamily:Bryocorinae,null,2003,null,null,0.0,225.0,126.24,132.5,0,951,11,0,0,99.61
BGSNH362-24_r_1.3_s_100_BGSNH362-24_fcleaner_merge,BGSNH362-24,r_1.3_s_100_fcleaner_merge,>BGSNH362-24_r_1.3_s_100_BGSNH362-24_fcleaner_merge,1545085,YP_010424628.1,tribe:Orthotylini,null,5226,null,null,135.0,804.0,364.02,333.0,0,374,76,0,0,100.0
BGSNH361-24_r_1.5_s_50_BGSNH361-24_fcleaner_merge,BGSNH361-24,r_1.5_s_50_fcleaner_merge,>BGSNH361-24_r_1.5_s_50_BGSNH361-24_fcleaner_merge,1545085,YP_010424628.1,tribe:Orthotylini,null,570,null,null,0.0,73.0,35.31,38.0,0,64,14,0,0,95.89
BGSNH334-24_r_1_s_100_BGSNH334-24_fcleaner_merge,BGSNH334-24,r_1_s_100_fcleaner_merge,>BGSNH334-24_r_1_s_100_BGSNH334-24_fcleaner_merge,2315913,QDI94090.1,tribe:Phylini,null,36350,null,null,0.0,4601.0,2173.22,2396.0,0,2482,410,0,0,83.37
BGSNH346-24_r_1_s_100_BGSNH346-24_fcleaner_merge,BGSNH346-24,r_1_s_100_fcleaner_merge,>BGSNH346-24_r_1_s_100_BGSNH346-24_fcleaner_merge,2212857,YP_009019993.1,tribe:Mirini,null,949,null,null,0.0,205.0,53.9,43.0,0,1644,8,0,0,83.98
BGSNH378-24_r_1.5_s_50_BGSNH378-24_fcleaner_merge,BGSNH378-24,r_1.5_s_50_fcleaner_merge,>BGSNH378-24_r_1.5_s_50_BGSNH378-24_fcleaner_merge,2026309,YP_009019993.1,tribe:Mirini,null,29,null,null,0.0,27.0,1.6,0.0,0,64,0,0,0,9.18
BGSNH330-24_r_1.5_s_50_BGSNH330-24_fcleaner_merge,BGSNH330-24,r_1.5_s_50_fcleaner_merge,>BGSNH330-24_r_1.5_s_50_BGSNH330-24_fcleaner_merge,237212,QDI94090.1,tribe:Phylini,null,327,null,null,0.0,65.0,21.22,22.0,0,43,7,0,0,83.17
BGSNH339-24_r_1.3_s_100_BGSNH339-24_fcleaner_merge,BGSNH339-24,r_1.3_s_100_fcleaner_merge,>BGSNH339-24_r_1.3_s_100_BGSNH339-24_fcleaner_merge,1336454,QDI94090.1,tribe:Phylini,null,2119,null,null,0.0,272.0,129.93,142.0,0,122,37,0,0,83.37
BGSNH289-24_r_1.5_s_50_BGSNH289-24_fcleaner_merge,BGSNH289-24,r_1.5_s_50_fcleaner_merge,>BGSNH289-24_r_1.5_s_50_BGSNH289-24_fcleaner_merge,1545070,AHN95687.1,tribe:Stenodemini,null,7072,null,null,85.0,925.0,442.1,407.0,0,732,592,0,0,100.0
BGSNH372-24_r_1.3_s_50_BGSNH372-24_fcleaner_merge,BGSNH372-24,r_1.3_s_50_fcleaner_merge,>BGSNH372-24_r_1.3_s_50_BGSNH372-24_fcleaner_merge,1837210,QDI94090.1,tribe:Phylini,null,820,null,null,0.0,92.0,38.98,38.0,0,82,6,0,0,83.37
BGSNH307-24_r_1.5_s_100_BGSNH307-24_fcleaner_merge,BGSNH307-24,r_1.5_s_100_fcleaner_merge,>BGSNH307-24_r_1.5_s_100_BGSNH307-24_fcleaner_merge,981266,QDI94090.1,tribe:Phylini,null,4465,null,null,0.0,798.0,254.99,269.0,0,1104,65,0,0,83.37
BGSNH320-24_r_1.5_s_50_BGSNH320-24_fcleaner_merge,BGSNH320-24,r_1.5_s_50_fcleaner_merge,>BGSNH320-24_r_1.5_s_50_BGSNH320-24_fcleaner_merge,237212,QDI94090.1,tribe:Phylini,null,29002,null,null,0.0,4379.0,1807.73,2012.0,0,4393,339,0,0,83.17
BGSNH345-24_r_1.3_s_50_BGSNH345-24_fcleaner_merge,BGSNH345-24,r_1.3_s_50_fcleaner_merge,>BGSNH345-24_r_1.3_s_50_BGSNH345-24_fcleaner_merge,2212857,YP_009019993.1,tribe:Mirini,null,75231,null,null,2774.0,7561.0,5139.74,5169.5,0,5176,594,0,0,100.0
BGSNH320-24_r_1_s_100_BGSNH320-24_fcleaner_merge,BGSNH320-24,r_1_s_100_fcleaner_merge,>BGSNH320-24_r_1_s_100_BGSNH320-24_fcleaner_merge,237212,QDI94090.1,tribe:Phylini,null,29987,null,null,0.0,5025.0,2093.92,2138.0,0,2502,502,0,0,83.17
BGSNH329-24_r_1.3_s_50_BGSNH329-24_fcleaner_merge,BGSNH329-24,r_1.3_s_50_fcleaner_merge,>BGSNH329-24_r_1.3_s_50_BGSNH329-24_fcleaner_merge,237212,QDI94090.1,tribe:Phylini,null,6699,null,null,0.0,1122.0,369.06,337.0,0,1563,67,0,0,83.17
BGSNH293-24_r_1.5_s_50_BGSNH293-24_fcleaner_merge,BGSNH293-24,r_1.5_s_50_fcleaner_merge,>BGSNH293-24_r_1.5_s_50_BGSNH293-24_fcleaner_merge,236347,XSG68089.1,subfamily:Bryocorinae,null,2220,null,null,0.0,260.0,121.06,110.0,0,288,19,0,0,98.05
BGSNH326-24_r_1_s_50_BGSNH326-24_fcleaner_merge,BGSNH326-24,r_1_s_50_fcleaner_merge,>BGSNH326-24_r_1_s_50_BGSNH326-24_fcleaner_merge,237212,QDI94090.1,tribe:Phylini,null,430,null,null,0.0,79.0,22.62,22.0,0,105,34,0,0,83.37
BGSNH357-24_r_1.5_s_50_BGSNH357-24_fcleaner_merge,BGSNH357-24,r_1.5_s_50_fcleaner_merge,>BGSNH357-24_r_1.5_s_50_BGSNH357-24_fcleaner_merge,2212857,YP_009019993.1,tribe:Mirini,null,2221,null,null,8.0,287.0,136.04,124.5,0,163,29,0,0,100.0
BGSNH346-24_r_1.5_s_100_BGSNH346-24_fcleaner_merge,BGSNH346-24,r_1.5_s_100_fcleaner_merge,>BGSNH346-24_r_1.5_s_100_BGSNH346-24_fcleaner_merge,2212857,YP_009019993.1,tribe:Mirini,null,1234,null,null,0.0,169.0,68.9,66.5,0,228,8,0,0,93.36
BGSNH300-24_r_1_s_100_BGSNH300-24_fcleaner_merge,BGSNH300-24,r_1_s_100_fcleaner_merge,>BGSNH300-24_r_1_s_100_BGSNH300-24_fcleaner_merge,2868303,YP_009019993.1,tribe:Mirini,null,354,null,null,0.0,142.0,39.1,24.0,0,239,0,0,3,56.25
BGSNH357-24_r_1_s_100_BGSNH357-24_fcleaner_merge,BGSNH357-24,r_1_s_100_fcleaner_merge,>BGSNH357-24_r_1_s_100_BGSNH357-24_fcleaner_merge,2212857,YP_009019993.1,tribe:Mirini,null,2132,null,null,38.0,285.0,142.79,132.0,0,211,26,0,0,100.0
BGSNH312-24_r_1_s_50_BGSNH312-24_fcleaner_merge,BGSNH312-24,r_1_s_50_fcleaner_merge,>BGSNH312-24_r_1_s_50_BGSNH312-24_fcleaner_merge,236347,XSG68089.1,subfamily:Bryocorinae,null,93658,null,null,2521.0,7902.0,5184.38,5148.0,0,11786,867,0,0,100.0
BGSNH302-24_r_1.5_s_50_BGSNH302-24_fcleaner_merge,BGSNH302-24,r_1.5_s_50_fcleaner_merge,>BGSNH302-24_r_1.5_s_50_BGSNH302-24_fcleaner_merge,981266,QDI94090.1,tribe:Phylini,null,6145,null,null,0.0,951.0,334.69,336.0,0,807,79,0,0,83.37
BGSNH355-24_r_1.5_s_100_BGSNH355-24_fcleaner_merge,BGSNH355-24,r_1.5_s_100_fcleaner_merge,>BGSNH355-24_r_1.5_s_100_BGSNH355-24_fcleaner_merge,2212857,YP_009019993.1,tribe:Mirini,null,6340,null,null,1.0,763.0,366.85,377.0,0,356,48,0,0,100.0
BGSNH341-24_r_1.3_s_50_BGSNH341-24_fcleaner_merge,BGSNH341-24,r_1.3_s_50_fcleaner_merge,>BGSNH341-24_r_1.3_s_50_BGSNH341-24_fcleaner_merge,1336454,QDI94090.1,tribe:Phylini,null,1756,null,null,0.0,220.0,80.23,85.0,0,369,21,0,0,83.37
BGSNH370-24_r_1.5_s_100_BGSNH370-24_fcleaner_merge,BGSNH370-24,r_1.5_s_100_fcleaner_merge,>BGSNH370-24_r_1.5_s_100_BGSNH370-24_fcleaner_merge,1837210,QDI94090.1,tribe:Phylini,null,785,null,null,0.0,124.0,43.65,43.0,0,27,8,0,0,82.39
BGSNH294-24_r_1.3_s_100_BGSNH294-24_fcleaner_merge,BGSNH294-24,r_1.3_s_100_fcleaner_merge,>BGSNH294-24_r_1.3_s_100_BGSNH294-24_fcleaner_merge,1929793,YP_009019993.1,genus:Adelphocoris,null,2,null,null,0.0,2.0,0.12,0.0,0,0,0,0,0,6.25
BGSNH296-24_r_1_s_100_BGSNH296-24_fcleaner_merge,BGSNH296-24,r_1_s_100_fcleaner_merge,>BGSNH296-24_r_1_s_100_BGSNH296-24_fcleaner_merge,1929793,YP_009019993.1,genus:Adelphocoris,null,32102,null,null,950.0,4261.0,2192.72,2148.0,0,2108,399,0,0,100.0
BGSNH312-24_r_1.3_s_100_BGSNH312-24_fcleaner_merge,BGSNH312-24,r_1.3_s_100_fcleaner_merge,>BGSNH312-24_r_1.3_s_100_BGSNH312-24_fcleaner_merge,236347,XSG68089.1,subfamily:Bryocorinae,null,67307,null,null,1255.0,6938.0,4168.36,4236.5,0,4838,676,0,0,100.0
BGSNH337-24_r_1.5_s_50_BGSNH337-24_fcleaner_merge,BGSNH337-24,r_1.5_s_50_fcleaner_merge,>BGSNH337-24_r_1.5_s_50_BGSNH337-24_fcleaner_merge,1336454,QDI94090.1,tribe:Phylini,null,2220,null,null,0.0,262.0,134.7,156.0,0,157,26,0,0,83.37
BGSNH330-24_r_1.5_s_100_BGSNH330-24_fcleaner_merge,BGSNH330-24,r_1.5_s_100_fcleaner_merge,>BGSNH330-24_r_1.5_s_100_BGSNH330-24_fcleaner_merge,237212,QDI94090.1,tribe:Phylini,null,270,null,null,0.0,60.0,19.44,20.0,0,24,3,0,0,83.17
BGSNH343-24_r_1.5_s_50_BGSNH343-24_fcleaner_merge,BGSNH343-24,r_1.5_s_50_fcleaner_merge,>BGSNH343-24_r_1.5_s_50_BGSNH343-24_fcleaner_merge,2212857,YP_009019993.1,tribe:Mirini,null,20537,null,null,106.0,2329.0,1437.23,1442.5,0,654,190,0,0,100.0
BGSNH368-24_r_1_s_100_BGSNH368-24_fcleaner_merge,BGSNH368-24,r_1_s_100_fcleaner_merge,>BGSNH368-24_r_1_s_100_BGSNH368-24_fcleaner_merge,2358427,QDI94090.1,tribe:Phylini,null,2866,null,null,0.0,451.0,184.17,190.0,0,431,67,0,0,83.37
BGSNH326-24_r_1_s_100_BGSNH326-24_fcleaner_merge,BGSNH326-24,r_1_s_100_fcleaner_merge,>BGSNH326-24_r_1_s_100_BGSNH326-24_fcleaner_merge,237212,QDI94090.1,tribe:Phylini,null,268,null,null,0.0,40.0,16.7,16.0,0,13,20,0,0,83.37
BGSNH365-24_r_1.3_s_100_BGSNH365-24_fcleaner_merge,BGSNH365-24,r_1.3_s_100_fcleaner_merge,>BGSNH365-24_r_1.3_s_100_BGSNH365-24_fcleaner_merge,236347,XSG68089.1,subfamily:Bryocorinae,null,5676,null,null,0.0,636.0,423.52,425.5,0,41,61,0,0,99.61
BGSNH291-24_r_1.5_s_50_BGSNH291-24_fcleaner_merge,BGSNH291-24,r_1.5_s_50_fcleaner_merge,>BGSNH291-24_r_1.5_s_50_BGSNH291-24_fcleaner_merge,1545070,AHN95687.1,tribe:Stenodemini,null,7428,null,null,54.0,894.0,488.5,477.0,0,734,294,0,0,100.0
BGSNH329-24_r_1.5_s_100_BGSNH329-24_fcleaner_merge,BGSNH329-24,r_1.5_s_100_fcleaner_merge,>BGSNH329-24_r_1.5_s_100_BGSNH329-24_fcleaner_merge,237212,QDI94090.1,tribe:Phylini,null,4701,null,null,0.0,1021.0,287.5,277.0,0,680,49,0,0,83.17
BGSNH345-24_r_1.5_s_100_BGSNH345-24_fcleaner_merge,BGSNH345-24,r_1.5_s_100_fcleaner_merge,>BGSNH345-24_r_1.5_s_100_BGSNH345-24_fcleaner_merge,2212857,YP_009019993.1,tribe:Mirini,null,56462,null,null,39.0,7259.0,4119.83,4178.0,0,2601,449,0,0,100.0
BGSNH349-24_r_1.3_s_50_BGSNH349-24_fcleaner_merge,BGSNH349-24,r_1.3_s_50_fcleaner_merge,>BGSNH349-24_r_1.3_s_50_BGSNH349-24_fcleaner_merge,2212857,YP_009019993.1,tribe:Mirini,null,677,null,null,0.0,139.0,29.45,23.0,0,239,10,0,0,95.51
BGSNH352-24_r_1.3_s_50_BGSNH352-24_fcleaner_merge,BGSNH352-24,r_1.3_s_50_fcleaner_merge,>BGSNH352-24_r_1.3_s_50_BGSNH352-24_fcleaner_merge,2212857,YP_009019993.1,tribe:Mirini,null,117,null,null,0.0,21.0,4.72,4.0,0,30,1,0,0,82.23
BGSNH316-24_r_1_s_100_BGSNH316-24_fcleaner_merge,BGSNH316-24,r_1_s_100_fcleaner_merge,>BGSNH316-24_r_1_s_100_BGSNH316-24_fcleaner_merge,236347,XSG68089.1,subfamily:Bryocorinae,null,31750,null,null,1426.0,4510.0,2566.39,2194.0,0,1286,279,0,0,100.0
BGSNH353-24_r_1.5_s_100_BGSNH353-24_fcleaner_merge,BGSNH353-24,r_1.5_s_100_fcleaner_merge,>BGSNH353-24_r_1.5_s_100_BGSNH353-24_fcleaner_merge,2212857,YP_009019993.1,tribe:Mirini,null,5950,null,null,0.0,1142.0,368.5,330.5,0,458,35,0,0,99.22
BGSNH378-24_r_1.3_s_100_BGSNH378-24_fcleaner_merge,BGSNH378-24,r_1.3_s_100_fcleaner_merge,>BGSNH378-24_r_1.3_s_100_BGSNH378-24_fcleaner_merge,2026309,YP_009019993.1,tribe:Mirini,null,100,null,null,0.0,100.0,9.09,0.0,0,207,1,0,0,10.94
BGSNH329-24_r_1_s_50_BGSNH329-24_fcleaner_merge,BGSNH329-24,r_1_s_50_fcleaner_merge,>BGSNH329-24_r_1_s_50_BGSNH329-24_fcleaner_merge,237212,QDI94090.1,tribe:Phylini,null,7636,null,null,0.0,1504.0,423.39,348.0,0,1651,82,0,0,83.17
BGSNH336-24_r_1.5_s_50_BGSNH336-24_fcleaner_merge,BGSNH336-24,r_1.5_s_50_fcleaner_merge,>BGSNH336-24_r_1.5_s_50_BGSNH336-24_fcleaner_merge,2315913,QDI94090.1,tribe:Phylini,null,1205,null,null,0.0,142.0,70.3,83.0,0,112,19,0,0,83.37
BGSNH332-24_r_1.3_s_100_BGSNH332-24_fcleaner_merge,BGSNH332-24,r_1.3_s_100_fcleaner_merge,>BGSNH332-24_r_1.3_s_100_BGSNH332-24_fcleaner_merge,2315913,QDI94090.1,tribe:Phylini,null,8194,null,null,0.0,1247.0,598.69,634.0,0,401,81,0,0,83.37
BGSNH331-24_r_1_s_100_BGSNH331-24_fcleaner_merge,BGSNH331-24,r_1_s_100_fcleaner_merge,>BGSNH331-24_r_1_s_100_BGSNH331-24_fcleaner_merge,2315913,QDI94090.1,tribe:Phylini,null,50806,null,null,0.0,9173.0,3242.81,3245.0,0,3207,592,0,0,83.37
BGSNH341-24_r_1.5_s_50_BGSNH341-24_fcleaner_merge,BGSNH341-24,r_1.5_s_50_fcleaner_merge,>BGSNH341-24_r_1.5_s_50_BGSNH341-24_fcleaner_merge,1336454,QDI94090.1,tribe:Phylini,null,1519,null,null,0.0,200.0,68.76,70.0,0,282,14,0,0,82.19
BGSNH340-24_r_1.3_s_100_BGSNH340-24_fcleaner_merge,BGSNH340-24,r_1.3_s_100_fcleaner_merge,>BGSNH340-24_r_1.3_s_100_BGSNH340-24_fcleaner_merge,1336454,QDI94090.1,tribe:Phylini,null,515,null,null,0.0,85.0,26.96,23.0,0,38,17,0,0,83.37
BGSNH324-24_r_1.5_s_100_BGSNH324-24_fcleaner_merge,BGSNH324-24,r_1.5_s_100_fcleaner_merge,>BGSNH324-24_r_1.5_s_100_BGSNH324-24_fcleaner_merge,237212,QDI94090.1,tribe:Phylini,null,6559,null,null,0.0,1135.0,407.74,441.0,0,790,94,0,0,83.17
BGSNH314-24_r_1_s_50_BGSNH314-24_fcleaner_merge,BGSNH314-24,r_1_s_50_fcleaner_merge,>BGSNH314-24_r_1_s_50_BGSNH314-24_fcleaner_merge,236347,XSG68089.1,subfamily:Bryocorinae,null,2190,null,null,78.0,231.0,158.45,160.0,0,103,57,0,0,100.0
BGSNH373-24_r_1.5_s_50_BGSNH373-24_fcleaner_merge,BGSNH373-24,r_1.5_s_50_fcleaner_merge,>BGSNH373-24_r_1.5_s_50_BGSNH373-24_fcleaner_merge,1837210,QDI94090.1,tribe:Phylini,null,1716,null,null,0.0,201.0,81.57,88.0,0,112,13,0,0,82.0
BGSNH357-24_r_1.3_s_50_BGSNH357-24_fcleaner_merge,BGSNH357-24,r_1.3_s_50_fcleaner_merge,>BGSNH357-24_r_1.3_s_50_BGSNH357-24_fcleaner_merge,2212857,YP_009019993.1,tribe:Mirini,null,2575,null,null,48.0,288.0,157.92,147.5,0,253,38,0,0,100.0
BGSNH313-24_r_1.5_s_50_BGSNH313-24_fcleaner_merge,BGSNH313-24,r_1.5_s_50_fcleaner_merge,>BGSNH313-24_r_1.5_s_50_BGSNH313-24_fcleaner_merge,236347,XSG68089.1,subfamily:Bryocorinae,null,19476,null,null,17.0,2244.0,1138.01,1257.5,0,1902,209,0,0,100.0
BGSNH353-24_r_1.3_s_100_BGSNH353-24_fcleaner_merge,BGSNH353-24,r_1.3_s_100_fcleaner_merge,>BGSNH353-24_r_1.3_s_100_BGSNH353-24_fcleaner_merge,2212857,YP_009019993.1,tribe:Mirini,null,6437,null,null,92.0,1142.0,400.61,347.0,0,744,38,0,0,100.0
BGSNH351-24_r_1_s_100_BGSNH351-24_fcleaner_merge,BGSNH351-24,r_1_s_100_fcleaner_merge,>BGSNH351-24_r_1_s_100_BGSNH351-24_fcleaner_merge,2212857,YP_009019993.1,tribe:Mirini,null,107,null,null,0.0,56.0,7.4,0.0,0,376,0,0,0,44.34
BGSNH336-24_r_1.3_s_50_BGSNH336-24_fcleaner_merge,BGSNH336-24,r_1.3_s_50_fcleaner_merge,>BGSNH336-24_r_1.3_s_50_BGSNH336-24_fcleaner_merge,2315913,QDI94090.1,tribe:Phylini,null,1372,null,null,0.0,189.0,80.6,93.0,0,128,17,0,0,83.37
BGSNH288-24_r_1.5_s_100_BGSNH288-24_fcleaner_merge,BGSNH288-24,r_1.5_s_100_fcleaner_merge,>BGSNH288-24_r_1.5_s_100_BGSNH288-24_fcleaner_merge,1545070,AHN95687.1,tribe:Stenodemini,null,84004,null,null,662.0,11917.0,5258.23,4729.0,0,8284,904,0,0,100.0
BGSNH328-24_r_1.5_s_100_BGSNH328-24_fcleaner_merge,BGSNH328-24,r_1.5_s_100_fcleaner_merge,>BGSNH328-24_r_1.5_s_100_BGSNH328-24_fcleaner_merge,237212,QDI94090.1,tribe:Phylini,null,9233,null,null,0.0,1406.0,710.12,840.0,0,659,104,0,0,83.17
BGSNH359-24_r_1.3_s_100_BGSNH359-24_fcleaner_merge,BGSNH359-24,r_1.3_s_100_fcleaner_merge,>BGSNH359-24_r_1.3_s_100_BGSNH359-24_fcleaner_merge,2212857,YP_009019993.1,tribe:Mirini,null,196,null,null,0.0,51.0,11.97,8.0,0,38,0,0,0,84.77
BGSNH287-24_r_1.5_s_50_BGSNH287-24_fcleaner_merge,BGSNH287-24,r_1.5_s_50_fcleaner_merge,>BGSNH287-24_r_1.5_s_50_BGSNH287-24_fcleaner_merge,1545070,AHN95687.1,tribe:Stenodemini,null,2944,null,null,2.0,349.0,174.23,161.0,0,194,8,0,0,100.0
BGSNH356-24_r_1.5_s_50_BGSNH356-24_fcleaner_merge,BGSNH356-24,r_1.5_s_50_fcleaner_merge,>BGSNH356-24_r_1.5_s_50_BGSNH356-24_fcleaner_merge,2212857,YP_009019993.1,tribe:Mirini,null,8883,null,null,48.0,1013.0,460.79,401.5,0,703,64,0,0,100.0
BGSNH373-24_r_1.5_s_100_BGSNH373-24_fcleaner_merge,BGSNH373-24,r_1.5_s_100_fcleaner_merge,>BGSNH373-24_r_1.5_s_100_BGSNH373-24_fcleaner_merge,1837210,QDI94090.1,tribe:Phylini,null,1187,null,null,0.0,186.0,64.48,66.0,0,46,10,0,0,82.0
BGSNH344-24_r_1_s_50_BGSNH344-24_fcleaner_merge,BGSNH344-24,r_1_s_50_fcleaner_merge,>BGSNH344-24_r_1_s_50_BGSNH344-24_fcleaner_merge,2212857,YP_009019993.1,tribe:Mirini,null,13767,null,null,279.0,1512.0,791.29,735.0,0,2332,114,0,0,100.0
BGSNH295-24_r_1.5_s_100_BGSNH295-24_fcleaner_merge,BGSNH295-24,r_1.5_s_100_fcleaner_merge,>BGSNH295-24_r_1.5_s_100_BGSNH295-24_fcleaner_merge,1929793,YP_009019993.1,genus:Adelphocoris,null,38518,null,null,1243.0,4895.0,2486.32,2308.5,0,1560,335,0,0,100.0
BGSNH320-24_r_1.3_s_100_BGSNH320-24_fcleaner_merge,BGSNH320-24,r_1.3_s_100_fcleaner_merge,>BGSNH320-24_r_1.3_s_100_BGSNH320-24_fcleaner_merge,237212,QDI94090.1,tribe:Phylini,null,27520,null,null,0.0,4263.0,1912.84,2044.0,0,2439,400,0,0,83.17
BGSNH310-24_r_1_s_50_BGSNH310-24_fcleaner_merge,BGSNH310-24,r_1_s_50_fcleaner_merge,>BGSNH310-24_r_1_s_50_BGSNH310-24_fcleaner_merge,236347,XSG68089.1,subfamily:Bryocorinae,null,16070,null,null,319.0,1458.0,886.33,888.0,0,2381,176,0,0,100.0
BGSNH327-24_r_1_s_100_BGSNH327-24_fcleaner_merge,BGSNH327-24,r_1_s_100_fcleaner_merge,>BGSNH327-24_r_1_s_100_BGSNH327-24_fcleaner_merge,237212,QDI94090.1,tribe:Phylini,null,250,null,null,0.0,49.0,17.94,18.0,0,22,19,0,0,83.37
BGSNH357-24_r_1.5_s_100_BGSNH357-24_fcleaner_merge,BGSNH357-24,r_1.5_s_100_fcleaner_merge,>BGSNH357-24_r_1.5_s_100_BGSNH357-24_fcleaner_merge,2212857,YP_009019993.1,tribe:Mirini,null,1881,null,null,0.0,285.0,124.72,110.5,0,73,22,0,0,98.24
BGSNH379-24_r_1.3_s_50_BGSNH379-24_fcleaner_merge,BGSNH379-24,r_1.3_s_50_fcleaner_merge,>BGSNH379-24_r_1.3_s_50_BGSNH379-24_fcleaner_merge,2026309,YP_009019993.1,tribe:Mirini,null,844,null,null,0.0,154.0,54.9,45.0,0,412,1,0,0,99.02
BGSNH329-24_r_1.5_s_50_BGSNH329-24_fcleaner_merge,BGSNH329-24,r_1.5_s_50_fcleaner_merge,>BGSNH329-24_r_1.5_s_50_BGSNH329-24_fcleaner_merge,237212,QDI94090.1,tribe:Phylini,null,5976,null,null,0.0,1121.0,327.92,309.0,0,1537,55,0,0,83.17
BGSNH368-24_r_1.3_s_50_BGSNH368-24_fcleaner_merge,BGSNH368-24,r_1.3_s_50_fcleaner_merge,>BGSNH368-24_r_1.3_s_50_BGSNH368-24_fcleaner_merge,2358427,QDI94090.1,tribe:Phylini,null,3565,null,null,0.0,468.0,203.78,206.0,0,261,70,0,0,83.37
BGSNH321-24_r_1.3_s_50_BGSNH321-24_fcleaner_merge,BGSNH321-24,r_1.3_s_50_fcleaner_merge,>BGSNH321-24_r_1.3_s_50_BGSNH321-24_fcleaner_merge,237212,QDI94090.1,tribe:Phylini,null,8144,null,null,0.0,1064.0,483.86,524.0,0,1195,99,0,0,83.17
BGSNH367-24_r_1.3_s_100_BGSNH367-24_fcleaner_merge,BGSNH367-24,r_1.3_s_100_fcleaner_merge,>BGSNH367-24_r_1.3_s_100_BGSNH367-24_fcleaner_merge,2358427,QDI94090.1,tribe:Phylini,null,2372,null,null,0.0,337.0,145.18,131.0,0,65,21,0,0,83.37
BGSNH376-24_r_1_s_100_BGSNH376-24_fcleaner_merge,BGSNH376-24,r_1_s_100_fcleaner_merge,>BGSNH376-24_r_1_s_100_BGSNH376-24_fcleaner_merge,1837210,QDI94090.1,tribe:Phylini,null,948,null,null,0.0,149.0,52.35,50.0,0,43,12,0,0,83.37
BGSNH317-24_r_1_s_100_BGSNH317-24_fcleaner_merge,BGSNH317-24,r_1_s_100_fcleaner_merge,>BGSNH317-24_r_1_s_100_BGSNH317-24_fcleaner_merge,236347,XSG68089.1,subfamily:Bryocorinae,null,31357,null,null,1017.0,4812.0,2275.96,1929.5,0,1137,290,0,0,100.0
BGSNH297-24_r_1.3_s_100_BGSNH297-24_fcleaner_merge,BGSNH297-24,r_1.3_s_100_fcleaner_merge,>BGSNH297-24_r_1.3_s_100_BGSNH297-24_fcleaner_merge,1929793,YP_009019993.1,genus:Adelphocoris,null,6873,null,null,76.0,725.0,434.45,437.5,0,571,91,0,0,100.0
BGSNH338-24_r_1.3_s_50_BGSNH338-24_fcleaner_merge,BGSNH338-24,r_1.3_s_50_fcleaner_merge,>BGSNH338-24_r_1.3_s_50_BGSNH338-24_fcleaner_merge,1336454,QDI94090.1,tribe:Phylini,null,574,null,null,0.0,70.0,23.29,23.0,0,73,16,0,0,83.37
BGSNH309-24_r_1.5_s_100_BGSNH309-24_fcleaner_merge,BGSNH309-24,r_1.5_s_100_fcleaner_merge,>BGSNH309-24_r_1.5_s_100_BGSNH309-24_fcleaner_merge,981266,QDI94090.1,tribe:Phylini,null,18894,null,null,0.0,3696.0,1146.41,1105.0,0,2810,191,0,0,83.37
BGSNH294-24_r_1.5_s_100_BGSNH294-24,BGSNH294-24,r_1.5_s_100,>BGSNH294-24_r_1.5_s_100_BGSNH294-24,1929793,YP_009019993.1,genus:Adelphocoris,,2,null,1536,0.0,2.0,0.12,0.0,null,null,null,null,null,null
BGSNH333-24_r_1.3_s_50_BGSNH333-24,BGSNH333-24,r_1.3_s_50,>BGSNH333-24_r_1.3_s_50_BGSNH333-24,2315913,QDI94090.1,tribe:Phylini,,31628,null,1533,0.0,4204.0,1386.34,1418.0,null,null,null,null,null,null
BGSNH329-24_r_1.3_s_50_BGSNH329-24,BGSNH329-24,r_1.3_s_50,>BGSNH329-24_r_1.3_s_50_BGSNH329-24,237212,QDI94090.1,tribe:Phylini,,14792,null,1533,0.0,1964.0,722.16,639.0,null,null,null,null,null,null
BGSNH345-24_r_1.3_s_100_BGSNH345-24,BGSNH345-24,r_1.3_s_100,>BGSNH345-24_r_1.3_s_100_BGSNH345-24,2212857,YP_009019993.1,tribe:Mirini,,63844,null,1536,898.0,6125.0,3715.99,3678.5,null,null,null,null,null,null
BGSNH353-24_r_1_s_100_BGSNH353-24,BGSNH353-24,r_1_s_100,>BGSNH353-24_r_1_s_100_BGSNH353-24,2212857,YP_009019993.1,tribe:Mirini,,9041,null,1536,38.0,1131.0,488.89,447.5,null,null,null,null,null,null
BGSNH341-24_r_1_s_100_BGSNH341-24,BGSNH341-24,r_1_s_100,>BGSNH341-24_r_1_s_100_BGSNH341-24,1336454,QDI94090.1,tribe:Phylini,,2309,null,1533,0.0,368.0,124.23,124.0,null,null,null,null,null,null
BGSNH357-24_r_1.3_s_100_BGSNH357-24,BGSNH357-24,r_1.3_s_100,>BGSNH357-24_r_1.3_s_100_BGSNH357-24,2212857,YP_009019993.1,tribe:Mirini,,3241,null,1536,30.0,436.0,191.21,181.5,null,null,null,null,null,null
BGSNH298-24_r_1.5_s_100_BGSNH298-24,BGSNH298-24,r_1.5_s_100,>BGSNH298-24_r_1.5_s_100_BGSNH298-24,981263,UPL65908.1,subfamily:Phylinae,,36959,null,1536,0.0,5353.0,1927.25,1832.5,null,null,null,null,null,null
BGSNH354-24_r_1_s_50_BGSNH354-24,BGSNH354-24,r_1_s_50,>BGSNH354-24_r_1_s_50_BGSNH354-24,2212857,YP_009019993.1,tribe:Mirini,,575,null,1536,0.0,93.0,31.84,31.0,null,null,null,null,null,null
BGSNH297-24_r_1_s_50_BGSNH297-24,BGSNH297-24,r_1_s_50,>BGSNH297-24_r_1_s_50_BGSNH297-24,1929793,YP_009019993.1,genus:Adelphocoris,,14321,null,1536,300.0,1192.0,688.12,669.5,null,null,null,null,null,null
BGSNH363-24_r_1.5_s_100_BGSNH363-24,BGSNH363-24,r_1.5_s_100,>BGSNH363-24_r_1.5_s_100_BGSNH363-24,1545085,YP_010424628.1,tribe:Orthotylini,,39139,null,1533,0.0,3882.0,2178.53,2462.0,null,null,null,null,null,null
BGSNH335-24_r_1.5_s_100_BGSNH335-24,BGSNH335-24,r_1.5_s_100,>BGSNH335-24_r_1.5_s_100_BGSNH335-24,2315913,QDI94090.1,tribe:Phylini,,1950,null,1533,0.0,263.0,114.16,124.0,null,null,null,null,null,null
BGSNH343-24_r_1_s_100_BGSNH343-24,BGSNH343-24,r_1_s_100,>BGSNH343-24_r_1_s_100_BGSNH343-24,2212857,YP_009019993.1,tribe:Mirini,,29495,null,1536,614.0,2638.0,1886.49,1861.0,null,null,null,null,null,null
BGSNH296-24_r_1.3_s_100_BGSNH296-24,BGSNH296-24,r_1.3_s_100,>BGSNH296-24_r_1.3_s_100_BGSNH296-24,1929793,YP_009019993.1,genus:Adelphocoris,,32211,null,1536,416.0,3806.0,1784.12,1661.0,null,null,null,null,null,null
BGSNH377-24_r_1.5_s_50_BGSNH377-24,BGSNH377-24,r_1.5_s_50,>BGSNH377-24_r_1.5_s_50_BGSNH377-24,2026309,YP_009019993.1,tribe:Mirini,,3557,null,1536,0.0,437.0,170.49,164.0,null,null,null,null,null,null
BGSNH358-24_r_1.5_s_50_BGSNH358-24,BGSNH358-24,r_1.5_s_50,>BGSNH358-24_r_1.5_s_50_BGSNH358-24,2212857,YP_009019993.1,tribe:Mirini,,1147,null,1536,0.0,169.0,50.44,44.0,null,null,null,null,null,null
BGSNH367-24_r_1_s_100_BGSNH367-24,BGSNH367-24,r_1_s_100,>BGSNH367-24_r_1_s_100_BGSNH367-24,2358427,QDI94090.1,tribe:Phylini,,3505,null,1533,0.0,484.0,196.22,179.0,null,null,null,null,null,null
BGSNH327-24_r_1.5_s_100_BGSNH327-24,BGSNH327-24,r_1.5_s_100,>BGSNH327-24_r_1.5_s_100_BGSNH327-24,237212,QDI94090.1,tribe:Phylini,,362,null,1533,0.0,79.0,23.67,22.0,null,null,null,null,null,null
BGSNH355-24_r_1.5_s_50_BGSNH355-24,BGSNH355-24,r_1.5_s_50,>BGSNH355-24_r_1.5_s_50_BGSNH355-24,2212857,YP_009019993.1,tribe:Mirini,,13837,null,1536,2.0,1161.0,624.54,671.5,null,null,null,null,null,null
BGSNH291-24_r_1.5_s_50_BGSNH291-24,BGSNH291-24,r_1.5_s_50,>BGSNH291-24_r_1.5_s_50_BGSNH291-24,1545070,AHN95687.1,tribe:Stenodemini,,12615,null,1533,140.0,1399.0,715.66,669.0,null,null,null,null,null,null
BGSNH340-24_r_1.5_s_50_BGSNH340-24,BGSNH340-24,r_1.5_s_50,>BGSNH340-24_r_1.5_s_50_BGSNH340-24,1336454,QDI94090.1,tribe:Phylini,,1875,null,1533,0.0,224.0,75.73,76.0,null,null,null,null,null,null
BGSNH312-24_r_1.3_s_100_BGSNH312-24,BGSNH312-24,r_1.3_s_100,>BGSNH312-24_r_1.3_s_100_BGSNH312-24,236347,XSG68089.1,subfamily:Bryocorinae,,92099,null,1536,1067.0,8215.0,4889.82,4974.5,null,null,null,null,null,null
BGSNH311-24_r_1.3_s_50_BGSNH311-24,BGSNH311-24,r_1.3_s_50,>BGSNH311-24_r_1.3_s_50_BGSNH311-24,236347,XSG68089.1,subfamily:Bryocorinae,,281197,null,1536,2995.0,21616.0,13087.05,12992.5,null,null,null,null,null,null
BGSNH313-24_r_1.5_s_100_BGSNH313-24,BGSNH313-24,r_1.5_s_100,>BGSNH313-24_r_1.5_s_100_BGSNH313-24,236347,XSG68089.1,subfamily:Bryocorinae,,26498,null,1536,0.0,3218.0,1548.11,1682.0,null,null,null,null,null,null
BGSNH300-24_r_1_s_50_BGSNH300-24,BGSNH300-24,r_1_s_50,>BGSNH300-24_r_1_s_50_BGSNH300-24,2868303,YP_009019993.1,tribe:Mirini,,1177,null,1536,0.0,208.0,61.37,57.0,null,null,null,null,null,null
BGSNH312-24_r_1.5_s_50_BGSNH312-24,BGSNH312-24,r_1.5_s_50,>BGSNH312-24_r_1.5_s_50_BGSNH312-24,236347,XSG68089.1,subfamily:Bryocorinae,,116239,null,1536,0.0,9192.0,5376.1,5814.0,null,null,null,null,null,null
BGSNH342-24_r_1_s_50_BGSNH342-24,BGSNH342-24,r_1_s_50,>BGSNH342-24_r_1_s_50_BGSNH342-24,2212857,YP_009019993.1,tribe:Mirini,,14385,null,1536,298.0,1270.0,719.73,697.0,null,null,null,null,null,null
BGSNH316-24_r_1_s_50_BGSNH316-24,BGSNH316-24,r_1_s_50,>BGSNH316-24_r_1_s_50_BGSNH316-24,236347,XSG68089.1,subfamily:Bryocorinae,,34356,null,1536,1098.0,3811.0,2061.45,1830.5,null,null,null,null,null,null
BGSNH362-24_r_1_s_100_BGSNH362-24,BGSNH362-24,r_1_s_100,>BGSNH362-24_r_1_s_100_BGSNH362-24,1545085,YP_010424628.1,tribe:Orthotylini,,7024,null,1533,130.0,835.0,420.27,389.0,null,null,null,null,null,null
BGSNH315-24_r_1.3_s_50_BGSNH315-24,BGSNH315-24,r_1.3_s_50,>BGSNH315-24_r_1.3_s_50_BGSNH315-24,236347,XSG68089.1,subfamily:Bryocorinae,,7444,null,1536,219.0,1059.0,512.63,428.5,null,null,null,null,null,null
BGSNH360-24_r_1.5_s_100_BGSNH360-24,BGSNH360-24,r_1.5_s_100,>BGSNH360-24_r_1.5_s_100_BGSNH360-24,2212857,YP_009019993.1,tribe:Mirini,,4715,null,1536,0.0,727.0,233.6,214.5,null,null,null,null,null,null
BGSNH314-24_r_1.5_s_50_BGSNH314-24,BGSNH314-24,r_1.5_s_50,>BGSNH314-24_r_1.5_s_50_BGSNH314-24,236347,XSG68089.1,subfamily:Bryocorinae,,1936,null,1536,0.0,266.0,122.48,134.0,null,null,null,null,null,null
BGSNH324-24_r_1.5_s_100_BGSNH324-24,BGSNH324-24,r_1.5_s_100,>BGSNH324-24_r_1.5_s_100_BGSNH324-24,237212,QDI94090.1,tribe:Phylini,,12260,null,1533,0.0,1847.0,711.15,738.0,null,null,null,null,null,null
BGSNH313-24_r_1_s_50_BGSNH313-24,BGSNH313-24,r_1_s_50,>BGSNH313-24_r_1_s_50_BGSNH313-24,236347,XSG68089.1,subfamily:Bryocorinae,,46007,null,1536,1267.0,3785.0,2409.35,2265.5,null,null,null,null,null,null
BGSNH328-24_r_1.5_s_50_BGSNH328-24,BGSNH328-24,r_1.5_s_50,>BGSNH328-24_r_1.5_s_50_BGSNH328-24,237212,QDI94090.1,tribe:Phylini,,18275,null,1533,0.0,2178.0,1115.18,1252.0,null,null,null,null,null,null
BGSNH360-24_r_1.5_s_50_BGSNH360-24,BGSNH360-24,r_1.5_s_50,>BGSNH360-24_r_1.5_s_50_BGSNH360-24,2212857,YP_009019993.1,tribe:Mirini,,8152,null,1536,0.0,1091.0,339.14,328.5,null,null,null,null,null,null
BGSNH353-24_r_1_s_50_BGSNH353-24,BGSNH353-24,r_1_s_50,>BGSNH353-24_r_1_s_50_BGSNH353-24,2212857,YP_009019993.1,tribe:Mirini,,13710,null,1536,279.0,1552.0,648.24,591.0,null,null,null,null,null,null
BGSNH337-24_r_1_s_50_BGSNH337-24,BGSNH337-24,r_1_s_50,>BGSNH337-24_r_1_s_50_BGSNH337-24,1336454,QDI94090.1,tribe:Phylini,,4956,null,1533,0.0,482.0,277.18,322.0,null,null,null,null,null,null
BGSNH323-24_r_1_s_50_BGSNH323-24,BGSNH323-24,r_1_s_50,>BGSNH323-24_r_1_s_50_BGSNH323-24,237212,QDI94090.1,tribe:Phylini,,44194,null,1533,0.0,6163.0,2356.5,2391.0,null,null,null,null,null,null
BGSNH322-24_r_1.3_s_50_BGSNH322-24,BGSNH322-24,r_1.3_s_50,>BGSNH322-24_r_1.3_s_50_BGSNH322-24,237212,QDI94090.1,tribe:Phylini,,21904,null,1533,0.0,2247.0,1115.98,1214.0,null,null,null,null,null,null
BGSNH328-24_r_1.3_s_50_BGSNH328-24,BGSNH328-24,r_1.3_s_50,>BGSNH328-24_r_1.3_s_50_BGSNH328-24,237212,QDI94090.1,tribe:Phylini,,19886,null,1533,0.0,2195.0,1230.74,1352.0,null,null,null,null,null,null
BGSNH368-24_r_1.3_s_50_BGSNH368-24,BGSNH368-24,r_1.3_s_50,>BGSNH368-24_r_1.3_s_50_BGSNH368-24,2358427,QDI94090.1,tribe:Phylini,,5275,null,1533,0.0,656.0,249.28,266.0,null,null,null,null,null,null
BGSNH332-24_r_1.5_s_100_BGSNH332-24,BGSNH332-24,r_1.5_s_100,>BGSNH332-24_r_1.5_s_100_BGSNH332-24,2315913,QDI94090.1,tribe:Phylini,,11248,null,1533,0.0,1424.0,732.05,818.0,null,null,null,null,null,null
BGSNH378-24_r_1.5_s_100_BGSNH378-24,BGSNH378-24,r_1.5_s_100,>BGSNH378-24_r_1.5_s_100_BGSNH378-24,2026309,YP_009019993.1,tribe:Mirini,,88,null,1536,0.0,80.0,4.83,0.0,null,null,null,null,null,null
BGSNH355-24_r_1.3_s_100_BGSNH355-24,BGSNH355-24,r_1.3_s_100,>BGSNH355-24_r_1.3_s_100_BGSNH355-24,2212857,YP_009019993.1,tribe:Mirini,,11027,null,1536,67.0,997.0,569.07,554.0,null,null,null,null,null,null
BGSNH359-24_r_1_s_100_BGSNH359-24,BGSNH359-24,r_1_s_100,>BGSNH359-24_r_1_s_100_BGSNH359-24,2212857,YP_009019993.1,tribe:Mirini,,1062,null,1536,0.0,245.0,77.53,46.0,null,null,null,null,null,null
BGSNH369-24_r_1_s_100_BGSNH369-24,BGSNH369-24,r_1_s_100,>BGSNH369-24_r_1_s_100_BGSNH369-24,2358427,QDI94090.1,tribe:Phylini,,348,null,1533,0.0,88.0,24.27,22.0,null,null,null,null,null,null
BGSNH319-24_r_1_s_100_BGSNH319-24,BGSNH319-24,r_1_s_100,>BGSNH319-24_r_1_s_100_BGSNH319-24,236347,XSG68089.1,subfamily:Bryocorinae,,257,null,1536,0.0,53.0,17.35,16.0,null,null,null,null,null,null
BGSNH359-24_r_1.3_s_50_BGSNH359-24,BGSNH359-24,r_1.3_s_50,>BGSNH359-24_r_1.3_s_50_BGSNH359-24,2212857,YP_009019993.1,tribe:Mirini,,941,null,1536,0.0,253.0,44.62,28.0,null,null,null,null,null,null
BGSNH360-24_r_1_s_100_BGSNH360-24,BGSNH360-24,r_1_s_100,>BGSNH360-24_r_1_s_100_BGSNH360-24,2212857,YP_009019993.1,tribe:Mirini,,5699,null,1536,50.0,737.0,296.76,277.0,null,null,null,null,null,null
BGSNH334-24_r_1.5_s_50_BGSNH334-24,BGSNH334-24,r_1.5_s_50,>BGSNH334-24_r_1.5_s_50_BGSNH334-24,2315913,QDI94090.1,tribe:Phylini,,76571,null,1533,0.0,7195.0,3593.28,4019.0,null,null,null,null,null,null
BGSNH290-24_r_1_s_100_BGSNH290-24,BGSNH290-24,r_1_s_100,>BGSNH290-24_r_1_s_100_BGSNH290-24,1545070,AHN95687.1,tribe:Stenodemini,,34579,null,1533,339.0,4547.0,2133.65,1926.0,null,null,null,null,null,null
BGSNH287-24_r_1.5_s_100_BGSNH287-24,BGSNH287-24,r_1.5_s_100,>BGSNH287-24_r_1.5_s_100_BGSNH287-24,1545070,AHN95687.1,tribe:Stenodemini,,3257,null,1533,2.0,351.0,174.37,180.0,null,null,null,null,null,null
BGSNH345-24_r_1.5_s_100_BGSNH345-24,BGSNH345-24,r_1.5_s_100,>BGSNH345-24_r_1.5_s_100_BGSNH345-24,2212857,YP_009019993.1,tribe:Mirini,,56589,null,1536,12.0,6120.0,3254.77,3298.5,null,null,null,null,null,null
BGSNH353-24_r_1.3_s_50_BGSNH353-24,BGSNH353-24,r_1.3_s_50,>BGSNH353-24_r_1.3_s_50_BGSNH353-24,2212857,YP_009019993.1,tribe:Mirini,,12252,null,1536,254.0,1357.0,572.33,543.0,null,null,null,null,null,null
BGSNH298-24_r_1_s_50_BGSNH298-24,BGSNH298-24,r_1_s_50,>BGSNH298-24_r_1_s_50_BGSNH298-24,981263,UPL65908.1,subfamily:Phylinae,,73336,null,1536,14.0,6728.0,3289.63,3103.0,null,null,null,null,null,null
BGSNH318-24_r_1_s_50_BGSNH318-24,BGSNH318-24,r_1_s_50,>BGSNH318-24_r_1_s_50_BGSNH318-24,236347,XSG68089.1,subfamily:Bryocorinae,,26997,null,1536,0.0,3052.0,1488.57,1292.0,null,null,null,null,null,null
BGSNH333-24_r_1_s_50_BGSNH333-24,BGSNH333-24,r_1_s_50,>BGSNH333-24_r_1_s_50_BGSNH333-24,2315913,QDI94090.1,tribe:Phylini,,33162,null,1533,0.0,4814.0,1458.03,1439.0,null,null,null,null,null,null
BGSNH328-24_r_1_s_50_BGSNH328-24,BGSNH328-24,r_1_s_50,>BGSNH328-24_r_1_s_50_BGSNH328-24,237212,QDI94090.1,tribe:Phylini,,21854,null,1533,0.0,2867.0,1357.93,1425.0,null,null,null,null,null,null
BGSNH339-24_r_1.3_s_100_BGSNH339-24,BGSNH339-24,r_1.3_s_100,>BGSNH339-24_r_1.3_s_100_BGSNH339-24,1336454,QDI94090.1,tribe:Phylini,,3851,null,1533,0.0,475.0,220.83,246.0,null,null,null,null,null,null
BGSNH310-24_r_1.5_s_100_BGSNH310-24,BGSNH310-24,r_1.5_s_100,>BGSNH310-24_r_1.5_s_100_BGSNH310-24,236347,XSG68089.1,subfamily:Bryocorinae,,15132,null,1536,0.0,1860.0,808.65,828.0,null,null,null,null,null,null
BGSNH291-24_r_1_s_100_BGSNH291-24,BGSNH291-24,r_1_s_100,>BGSNH291-24_r_1_s_100_BGSNH291-24,1545070,AHN95687.1,tribe:Stenodemini,,12289,null,1533,149.0,1301.0,766.24,720.0,null,null,null,null,null,null
BGSNH354-24_r_1.3_s_100_BGSNH354-24,BGSNH354-24,r_1.3_s_100,>BGSNH354-24_r_1.3_s_100_BGSNH354-24,2212857,YP_009019993.1,tribe:Mirini,,214,null,1536,0.0,58.0,13.04,12.0,null,null,null,null,null,null
BGSNH306-24_r_1.5_s_50_BGSNH306-24,BGSNH306-24,r_1.5_s_50,>BGSNH306-24_r_1.5_s_50_BGSNH306-24,981266,QDI94090.1,tribe:Phylini,,10423,null,1533,0.0,1457.0,498.6,500.0,null,null,null,null,null,null
BGSNH314-24_r_1.5_s_100_BGSNH314-24,BGSNH314-24,r_1.5_s_100,>BGSNH314-24_r_1.5_s_100_BGSNH314-24,236347,XSG68089.1,subfamily:Bryocorinae,,1598,null,1536,0.0,210.0,112.7,124.0,null,null,null,null,null,null
BGSNH326-24_r_1_s_50_BGSNH326-24,BGSNH326-24,r_1_s_50,>BGSNH326-24_r_1_s_50_BGSNH326-24,237212,QDI94090.1,tribe:Phylini,,987,null,1533,0.0,162.0,45.77,40.0,null,null,null,null,null,null
BGSNH298-24_r_1.3_s_100_BGSNH298-24,BGSNH298-24,r_1.3_s_100,>BGSNH298-24_r_1.3_s_100_BGSNH298-24,981263,UPL65908.1,subfamily:Phylinae,,42550,null,1536,0.0,5398.0,2249.68,2139.0,null,null,null,null,null,null
BGSNH295-24_r_1_s_50_BGSNH295-24,BGSNH295-24,r_1_s_50,>BGSNH295-24_r_1_s_50_BGSNH295-24,1929793,YP_009019993.1,genus:Adelphocoris,,63341,null,1536,1628.0,7685.0,3113.34,2879.5,null,null,null,null,null,null
BGSNH359-24_r_1.5_s_100_BGSNH359-24,BGSNH359-24,r_1.5_s_100,>BGSNH359-24_r_1.5_s_100_BGSNH359-24,2212857,YP_009019993.1,tribe:Mirini,,369,null,1536,0.0,79.0,19.9,16.0,null,null,null,null,null,null
BGSNH371-24_r_1_s_100_BGSNH371-24,BGSNH371-24,r_1_s_100,>BGSNH371-24_r_1_s_100_BGSNH371-24,1837210,QDI94090.1,tribe:Phylini,,1683,null,1533,0.0,337.0,90.49,83.0,null,null,null,null,null,null
BGSNH300-24_r_1_s_100_BGSNH300-24,BGSNH300-24,r_1_s_100,>BGSNH300-24_r_1_s_100_BGSNH300-24,2868303,YP_009019993.1,tribe:Mirini,,643,null,1536,0.0,117.0,42.37,38.0,null,null,null,null,null,null
BGSNH375-24_r_1.3_s_100_BGSNH375-24,BGSNH375-24,r_1.3_s_100,>BGSNH375-24_r_1.3_s_100_BGSNH375-24,1837210,QDI94090.1,tribe:Phylini,,33172,null,1533,0.0,4955.0,1829.92,1740.0,null,null,null,null,null,null
BGSNH302-24_r_1_s_100_BGSNH302-24,BGSNH302-24,r_1_s_100,>BGSNH302-24_r_1_s_100_BGSNH302-24,981266,QDI94090.1,tribe:Phylini,,7615,null,1533,0.0,1210.0,422.6,411.0,null,null,null,null,null,null
BGSNH338-24_r_1_s_50_BGSNH338-24,BGSNH338-24,r_1_s_50,>BGSNH338-24_r_1_s_50_BGSNH338-24,1336454,QDI94090.1,tribe:Phylini,,1446,null,1533,0.0,140.0,57.37,57.0,null,null,null,null,null,null
BGSNH344-24_r_1.5_s_100_BGSNH344-24,BGSNH344-24,r_1.5_s_100,>BGSNH344-24_r_1.5_s_100_BGSNH344-24,2212857,YP_009019993.1,tribe:Mirini,,13358,null,1536,16.0,1540.0,704.45,668.5,null,null,null,null,null,null
BGSNH308-24_r_1_s_50_BGSNH308-24,BGSNH308-24,r_1_s_50,>BGSNH308-24_r_1_s_50_BGSNH308-24,981266,QDI94090.1,tribe:Phylini,,9063,null,1533,0.0,1319.0,444.78,351.0,null,null,null,null,null,null
BGSNH296-24_r_1.5_s_50_BGSNH296-24,BGSNH296-24,r_1.5_s_50,>BGSNH296-24_r_1.5_s_50_BGSNH296-24,1929793,YP_009019993.1,genus:Adelphocoris,,39260,null,1536,900.0,4149.0,1990.34,1844.0,null,null,null,null,null,null
BGSNH362-24_r_1.3_s_50_BGSNH362-24,BGSNH362-24,r_1.3_s_50,>BGSNH362-24_r_1.3_s_50_BGSNH362-24,1545085,YP_010424628.1,tribe:Orthotylini,,8404,null,1533,76.0,914.0,451.85,425.0,null,null,null,null,null,null
BGSNH378-24_r_1_s_100_BGSNH378-24,BGSNH378-24,r_1_s_100,>BGSNH378-24_r_1_s_100_BGSNH378-24,2026309,YP_009019993.1,tribe:Mirini,,803,null,1536,0.0,270.0,62.55,29.0,null,null,null,null,null,null
BGSNH374-24_r_1.3_s_50_BGSNH374-24,BGSNH374-24,r_1.3_s_50,>BGSNH374-24_r_1.3_s_50_BGSNH374-24,1837210,QDI94090.1,tribe:Phylini,,2156,null,1533,0.0,222.0,104.36,107.0,null,null,null,null,null,null
BGSNH337-24_r_1.3_s_50_BGSNH337-24,BGSNH337-24,r_1.3_s_50,>BGSNH337-24_r_1.3_s_50_BGSNH337-24,1336454,QDI94090.1,tribe:Phylini,,4638,null,1533,0.0,411.0,262.05,301.0,null,null,null,null,null,null
BGSNH295-24_r_1_s_100_BGSNH295-24,BGSNH295-24,r_1_s_100,>BGSNH295-24_r_1_s_100_BGSNH295-24,1929793,YP_009019993.1,genus:Adelphocoris,,49226,null,1536,510.0,6295.0,2665.61,2524.5,null,null,null,null,null,null
BGSNH321-24_r_1.5_s_50_BGSNH321-24,BGSNH321-24,r_1.5_s_50,>BGSNH321-24_r_1.5_s_50_BGSNH321-24,237212,QDI94090.1,tribe:Phylini,,13915,null,1533,0.0,1606.0,726.08,804.0,null,null,null,null,null,null
BGSNH307-24_r_1.3_s_50_BGSNH307-24,BGSNH307-24,r_1.3_s_50,>BGSNH307-24_r_1.3_s_50_BGSNH307-24,981266,QDI94090.1,tribe:Phylini,,14311,null,1533,0.0,1933.0,670.33,662.0,null,null,null,null,null,null
BGSNH370-24_r_1_s_100_BGSNH370-24,BGSNH370-24,r_1_s_100,>BGSNH370-24_r_1_s_100_BGSNH370-24,1837210,QDI94090.1,tribe:Phylini,,1706,null,1533,0.0,233.0,95.92,100.0,null,null,null,null,null,null
BGSNH309-24_r_1_s_100_BGSNH309-24,BGSNH309-24,r_1_s_100,>BGSNH309-24_r_1_s_100_BGSNH309-24,981266,QDI94090.1,tribe:Phylini,,38688,null,1533,0.0,5517.0,2178.29,2040.0,null,null,null,null,null,null
BGSNH364-24_r_1.3_s_50_BGSNH364-24,BGSNH364-24,r_1.3_s_50,>BGSNH364-24_r_1.3_s_50_BGSNH364-24,236347,XSG68089.1,subfamily:Bryocorinae,,30583,null,1536,0.0,2497.0,1570.09,1590.5,null,null,null,null,null,null
BGSNH303-24_r_1.3_s_100_BGSNH303-24,BGSNH303-24,r_1.3_s_100,>BGSNH303-24_r_1.3_s_100_BGSNH303-24,981266,QDI94090.1,tribe:Phylini,,7949,null,1533,0.0,1642.0,451.07,386.0,null,null,null,null,null,null
BGSNH293-24_r_1.5_s_100_BGSNH293-24,BGSNH293-24,r_1.5_s_100,>BGSNH293-24_r_1.5_s_100_BGSNH293-24,236347,XSG68089.1,subfamily:Bryocorinae,,2529,null,1536,0.0,308.0,133.3,129.0,null,null,null,null,null,null
BGSNH318-24_r_1.3_s_50_BGSNH318-24,BGSNH318-24,r_1.3_s_50,>BGSNH318-24_r_1.3_s_50_BGSNH318-24,236347,XSG68089.1,subfamily:Bryocorinae,,25002,null,1536,0.0,3046.0,1372.16,1196.5,null,null,null,null,null,null
BGSNH298-24_r_1.5_s_50_BGSNH298-24,BGSNH298-24,r_1.5_s_50,>BGSNH298-24_r_1.5_s_50_BGSNH298-24,981263,UPL65908.1,subfamily:Phylinae,,57931,null,1536,0.0,6622.0,2583.5,2414.5,null,null,null,null,null,null
BGSNH316-24_r_1.3_s_100_BGSNH316-24,BGSNH316-24,r_1.3_s_100,>BGSNH316-24_r_1.3_s_100_BGSNH316-24,236347,XSG68089.1,subfamily:Bryocorinae,,25929,null,1536,641.0,3461.0,1688.87,1502.5,null,null,null,null,null,null
BGSNH319-24_r_1.5_s_50_BGSNH319-24,BGSNH319-24,r_1.5_s_50,>BGSNH319-24_r_1.5_s_50_BGSNH319-24,236347,XSG68089.1,subfamily:Bryocorinae,,184,null,1536,0.0,42.0,9.02,6.0,null,null,null,null,null,null
BGSNH351-24_r_1.5_s_100_BGSNH351-24,BGSNH351-24,r_1.5_s_100,>BGSNH351-24_r_1.5_s_100_BGSNH351-24,2212857,YP_009019993.1,tribe:Mirini,,210,null,1536,0.0,48.0,10.66,6.0,null,null,null,null,null,null
BGSNH374-24_r_1_s_100_BGSNH374-24,BGSNH374-24,r_1_s_100,>BGSNH374-24_r_1_s_100_BGSNH374-24,1837210,QDI94090.1,tribe:Phylini,,1505,null,1533,0.0,194.0,85.0,88.0,null,null,null,null,null,null
BGSNH372-24_r_1.3_s_100_BGSNH372-24,BGSNH372-24,r_1.3_s_100,>BGSNH372-24_r_1.3_s_100_BGSNH372-24,1837210,QDI94090.1,tribe:Phylini,,955,null,1533,0.0,126.0,50.61,50.0,null,null,null,null,null,null
BGSNH287-24_r_1.5_s_50_BGSNH287-24,BGSNH287-24,r_1.5_s_50,>BGSNH287-24_r_1.5_s_50_BGSNH287-24,1545070,AHN95687.1,tribe:Stenodemini,,4267,null,1533,2.0,380.0,205.36,205.0,null,null,null,null,null,null
BGSNH371-24_r_1.3_s_100_BGSNH371-24,BGSNH371-24,r_1.3_s_100,>BGSNH371-24_r_1.3_s_100_BGSNH371-24,1837210,QDI94090.1,tribe:Phylini,,1653,null,1533,0.0,335.0,88.53,80.0,null,null,null,null,null,null
BGSNH303-24_r_1_s_100_BGSNH303-24,BGSNH303-24,r_1_s_100,>BGSNH303-24_r_1_s_100_BGSNH303-24,981266,QDI94090.1,tribe:Phylini,,8248,null,1533,0.0,1643.0,469.65,393.0,null,null,null,null,null,null
BGSNH376-24_r_1.3_s_100_BGSNH376-24,BGSNH376-24,r_1.3_s_100,>BGSNH376-24_r_1.3_s_100_BGSNH376-24,1837210,QDI94090.1,tribe:Phylini,,1813,null,1533,0.0,281.0,97.14,92.0,null,null,null,null,null,null
BGSNH367-24_r_1.3_s_100_BGSNH367-24,BGSNH367-24,r_1.3_s_100,>BGSNH367-24_r_1.3_s_100_BGSNH367-24,2358427,QDI94090.1,tribe:Phylini,,3354,null,1533,0.0,434.0,186.32,174.0,null,null,null,null,null,null
BGSNH379-24_r_1_s_50_BGSNH379-24,BGSNH379-24,r_1_s_50,>BGSNH379-24_r_1_s_50_BGSNH379-24,2026309,YP_009019993.1,tribe:Mirini,,2099,null,1536,18.0,459.0,123.64,98.5,null,null,null,null,null,null
BGSNH373-24_r_1.5_s_100_BGSNH373-24,BGSNH373-24,r_1.5_s_100,>BGSNH373-24_r_1.5_s_100_BGSNH373-24,1837210,QDI94090.1,tribe:Phylini,,2284,null,1533,0.0,335.0,120.6,120.0,null,null,null,null,null,null
BGSNH354-24_r_1_s_100_BGSNH354-24,BGSNH354-24,r_1_s_100,>BGSNH354-24_r_1_s_100_BGSNH354-24,2212857,YP_009019993.1,tribe:Mirini,,344,null,1536,0.0,75.0,23.94,23.0,null,null,null,null,null,null
BGSNH367-24_r_1.3_s_50_BGSNH367-24,BGSNH367-24,r_1.3_s_50,>BGSNH367-24_r_1.3_s_50_BGSNH367-24,2358427,QDI94090.1,tribe:Phylini,,4853,null,1533,0.0,518.0,231.66,233.0,null,null,null,null,null,null
BGSNH368-24_r_1.3_s_100_BGSNH368-24,BGSNH368-24,r_1.3_s_100,>BGSNH368-24_r_1.3_s_100_BGSNH368-24,2358427,QDI94090.1,tribe:Phylini,,3622,null,1533,0.0,580.0,197.05,203.0,null,null,null,null,null,null
BGSNH369-24_r_1.3_s_50_BGSNH369-24,BGSNH369-24,r_1.3_s_50,>BGSNH369-24_r_1.3_s_50_BGSNH369-24,2358427,QDI94090.1,tribe:Phylini,,403,null,1533,0.0,60.0,19.78,18.0,null,null,null,null,null,null
BGSNH354-24_r_1.5_s_100_BGSNH354-24,BGSNH354-24,r_1.5_s_100,>BGSNH354-24_r_1.5_s_100_BGSNH354-24,2212857,YP_009019993.1,tribe:Mirini,,135,null,1536,0.0,27.0,7.19,6.0,null,null,null,null,null,null
BGSNH319-24_r_1.3_s_100_BGSNH319-24,BGSNH319-24,r_1.3_s_100,>BGSNH319-24_r_1.3_s_100_BGSNH319-24,236347,XSG68089.1,subfamily:Bryocorinae,,183,null,1536,0.0,41.0,11.07,10.0,null,null,null,null,null,null
BGSNH349-24_r_1_s_50_BGSNH349-24,BGSNH349-24,r_1_s_50,>BGSNH349-24_r_1_s_50_BGSNH349-24,2212857,YP_009019993.1,tribe:Mirini,,2284,null,1536,8.0,291.0,105.74,93.0,null,null,null,null,null,null
BGSNH374-24_r_1.5_s_50_BGSNH374-24,BGSNH374-24,r_1.5_s_50,>BGSNH374-24_r_1.5_s_50_BGSNH374-24,1837210,QDI94090.1,tribe:Phylini,,1836,null,1533,0.0,211.0,87.66,93.0,null,null,null,null,null,null
BGSNH310-24_r_1.3_s_100_BGSNH310-24,BGSNH310-24,r_1.3_s_100,>BGSNH310-24_r_1.3_s_100_BGSNH310-24,236347,XSG68089.1,subfamily:Bryocorinae,,17491,null,1536,195.0,1861.0,945.17,912.5,null,null,null,null,null,null
BGSNH358-24_r_1_s_100_BGSNH358-24,BGSNH358-24,r_1_s_100,>BGSNH358-24_r_1_s_100_BGSNH358-24,2212857,YP_009019993.1,tribe:Mirini,,1229,null,1536,0.0,270.0,78.6,60.0,null,null,null,null,null,null
BGSNH321-24_r_1.3_s_50_BGSNH321-24,BGSNH321-24,r_1.3_s_50,>BGSNH321-24_r_1.3_s_50_BGSNH321-24,237212,QDI94090.1,tribe:Phylini,,15346,null,1533,0.0,1612.0,806.82,860.0,null,null,null,null,null,null
BGSNH286-24_r_1.5_s_50_BGSNH286-24,BGSNH286-24,r_1.5_s_50,>BGSNH286-24_r_1.5_s_50_BGSNH286-24,1545070,AHN95687.1,tribe:Stenodemini,,6101,null,1533,2.0,720.0,293.5,286.0,null,null,null,null,null,null
BGSNH328-24_r_1_s_100_BGSNH328-24,BGSNH328-24,r_1_s_100,>BGSNH328-24_r_1_s_100_BGSNH328-24,237212,QDI94090.1,tribe:Phylini,,17451,null,1533,0.0,2442.0,1223.44,1315.0,null,null,null,null,null,null
BGSNH319-24_r_1_s_50_BGSNH319-24,BGSNH319-24,r_1_s_50,>BGSNH319-24_r_1_s_50_BGSNH319-24,236347,XSG68089.1,subfamily:Bryocorinae,,379,null,1536,0.0,70.0,21.62,20.5,null,null,null,null,null,null
BGSNH368-24_r_1_s_100_BGSNH368-24,BGSNH368-24,r_1_s_100,>BGSNH368-24_r_1_s_100_BGSNH368-24,2358427,QDI94090.1,tribe:Phylini,,3854,null,1533,0.0,591.0,213.11,221.0,null,null,null,null,null,null
BGSNH340-24_r_1.5_s_100_BGSNH340-24,BGSNH340-24,r_1.5_s_100,>BGSNH340-24_r_1.5_s_100_BGSNH340-24,1336454,QDI94090.1,tribe:Phylini,,946,null,1533,0.0,182.0,47.67,42.0,null,null,null,null,null,null
BGSNH374-24_r_1_s_50_BGSNH374-24,BGSNH374-24,r_1_s_50,>BGSNH374-24_r_1_s_50_BGSNH374-24,1837210,QDI94090.1,tribe:Phylini,,2337,null,1533,0.0,239.0,111.8,118.0,null,null,null,null,null,null
BGSNH353-24_r_1.5_s_50_BGSNH353-24,BGSNH353-24,r_1.5_s_50,>BGSNH353-24_r_1.5_s_50_BGSNH353-24,2212857,YP_009019993.1,tribe:Mirini,,10734,null,1536,3.0,1354.0,497.27,469.0,null,null,null,null,null,null
BGSNH338-24_r_1.5_s_100_BGSNH338-24,BGSNH338-24,r_1.5_s_100,>BGSNH338-24_r_1.5_s_100_BGSNH338-24,1336454,QDI94090.1,tribe:Phylini,,492,null,1533,0.0,83.0,24.34,22.0,null,null,null,null,null,null
BGSNH306-24_r_1.5_s_100_BGSNH306-24,BGSNH306-24,r_1.5_s_100,>BGSNH306-24_r_1.5_s_100_BGSNH306-24,981266,QDI94090.1,tribe:Phylini,,7376,null,1533,0.0,1316.0,406.0,398.0,null,null,null,null,null,null
BGSNH361-24_r_1.5_s_100_BGSNH361-24,BGSNH361-24,r_1.5_s_100,>BGSNH361-24_r_1.5_s_100_BGSNH361-24,1545085,YP_010424628.1,tribe:Orthotylini,,786,null,1533,0.0,100.0,47.75,50.0,null,null,null,null,null,null
BGSNH299-24_r_1_s_100_BGSNH299-24,BGSNH299-24,r_1_s_100,>BGSNH299-24_r_1_s_100_BGSNH299-24,2868303,YP_009019993.1,tribe:Mirini,,13687,null,1536,82.0,2521.0,687.9,591.5,null,null,null,null,null,null
BGSNH302-24_r_1.5_s_50_BGSNH302-24,BGSNH302-24,r_1.5_s_50,>BGSNH302-24_r_1.5_s_50_BGSNH302-24,981266,QDI94090.1,tribe:Phylini,,9529,null,1533,0.0,1161.0,444.67,452.0,null,null,null,null,null,null
BGSNH325-24_r_1_s_50_BGSNH325-24,BGSNH325-24,r_1_s_50,>BGSNH325-24_r_1_s_50_BGSNH325-24,237212,QDI94090.1,tribe:Phylini,,1407,null,1533,0.0,217.0,77.35,80.0,null,null,null,null,null,null
BGSNH363-24_r_1.3_s_50_BGSNH363-24,BGSNH363-24,r_1.3_s_50,>BGSNH363-24_r_1.3_s_50_BGSNH363-24,1545085,YP_010424628.1,tribe:Orthotylini,,59206,null,1533,625.0,4333.0,3016.88,3069.0,null,null,null,null,null,null
BGSNH288-24_r_1.3_s_50_BGSNH288-24,BGSNH288-24,r_1.3_s_50,>BGSNH288-24_r_1.3_s_50_BGSNH288-24,1545070,AHN95687.1,tribe:Stenodemini,,190671,null,1533,3113.0,18846.0,9502.38,8828.0,null,null,null,null,null,null
BGSNH341-24_r_1.5_s_50_BGSNH341-24,BGSNH341-24,r_1.5_s_50,>BGSNH341-24_r_1.5_s_50_BGSNH341-24,1336454,QDI94090.1,tribe:Phylini,,3331,null,1533,0.0,502.0,144.16,141.0,null,null,null,null,null,null
BGSNH356-24_r_1_s_50_BGSNH356-24,BGSNH356-24,r_1_s_50,>BGSNH356-24_r_1_s_50_BGSNH356-24,2212857,YP_009019993.1,tribe:Mirini,,19172,null,1536,286.0,2055.0,834.38,780.0,null,null,null,null,null,null
BGSNH320-24_r_1.5_s_50_BGSNH320-24,BGSNH320-24,r_1.5_s_50,>BGSNH320-24_r_1.5_s_50_BGSNH320-24,237212,QDI94090.1,tribe:Phylini,,48939,null,1533,0.0,5723.0,2679.51,3039.0,null,null,null,null,null,null
BGSNH326-24_r_1.3_s_50_BGSNH326-24,BGSNH326-24,r_1.3_s_50,>BGSNH326-24_r_1.3_s_50_BGSNH326-24,237212,QDI94090.1,tribe:Phylini,,716,null,1533,0.0,104.0,34.68,35.0,null,null,null,null,null,null
BGSNH355-24_r_1.5_s_100_BGSNH355-24,BGSNH355-24,r_1.5_s_100,>BGSNH355-24_r_1.5_s_100_BGSNH355-24,2212857,YP_009019993.1,tribe:Mirini,,9820,null,1536,2.0,987.0,499.02,513.5,null,null,null,null,null,null
BGSNH360-24_r_1.3_s_100_BGSNH360-24,BGSNH360-24,r_1.3_s_100,>BGSNH360-24_r_1.3_s_100_BGSNH360-24,2212857,YP_009019993.1,tribe:Mirini,,5313,null,1536,50.0,729.0,268.13,240.5,null,null,null,null,null,null
BGSNH355-24_r_1_s_50_BGSNH355-24,BGSNH355-24,r_1_s_50,>BGSNH355-24_r_1_s_50_BGSNH355-24,2212857,YP_009019993.1,tribe:Mirini,,17251,null,1536,252.0,1247.0,792.56,795.0,null,null,null,null,null,null
BGSNH290-24_r_1.3_s_100_BGSNH290-24,BGSNH290-24,r_1.3_s_100,>BGSNH290-24_r_1.3_s_100_BGSNH290-24,1545070,AHN95687.1,tribe:Stenodemini,,34539,null,1533,338.0,4546.0,2131.13,1925.0,null,null,null,null,null,null
BGSNH357-24_r_1.5_s_100_BGSNH357-24,BGSNH357-24,r_1.5_s_100,>BGSNH357-24_r_1.5_s_100_BGSNH357-24,2212857,YP_009019993.1,tribe:Mirini,,2828,null,1536,0.0,432.0,164.13,148.0,null,null,null,null,null,null
BGSNH361-24_r_1.3_s_100_BGSNH361-24,BGSNH361-24,r_1.3_s_100,>BGSNH361-24_r_1.3_s_100_BGSNH361-24,1545085,YP_010424628.1,tribe:Orthotylini,,973,null,1533,18.0,101.0,59.46,60.0,null,null,null,null,null,null
BGSNH344-24_r_1.3_s_50_BGSNH344-24,BGSNH344-24,r_1.3_s_50,>BGSNH344-24_r_1.3_s_50_BGSNH344-24,2212857,YP_009019993.1,tribe:Mirini,,21334,null,1536,459.0,1776.0,1018.61,969.0,null,null,null,null,null,null
BGSNH299-24_r_1.3_s_50_BGSNH299-24,BGSNH299-24,r_1.3_s_50,>BGSNH299-24_r_1.3_s_50_BGSNH299-24,2868303,YP_009019993.1,tribe:Mirini,,21881,null,1536,328.0,3219.0,932.89,772.0,null,null,null,null,null,null
BGSNH365-24_r_1.3_s_50_BGSNH365-24,BGSNH365-24,r_1.3_s_50,>BGSNH365-24_r_1.3_s_50_BGSNH365-24,236347,XSG68089.1,subfamily:Bryocorinae,,10518,null,1536,0.0,989.0,646.6,645.5,null,null,null,null,null,null
BGSNH327-24_r_1_s_50_BGSNH327-24,BGSNH327-24,r_1_s_50,>BGSNH327-24_r_1_s_50_BGSNH327-24,237212,QDI94090.1,tribe:Phylini,,791,null,1533,0.0,154.0,42.08,36.0,null,null,null,null,null,null
BGSNH368-24_r_1.5_s_100_BGSNH368-24,BGSNH368-24,r_1.5_s_100,>BGSNH368-24_r_1.5_s_100_BGSNH368-24,2358427,QDI94090.1,tribe:Phylini,,3180,null,1533,0.0,542.0,168.88,171.0,null,null,null,null,null,null
BGSNH333-24_r_1_s_100_BGSNH333-24,BGSNH333-24,r_1_s_100,>BGSNH333-24_r_1_s_100_BGSNH333-24,2315913,QDI94090.1,tribe:Phylini,,18559,null,1533,0.0,2571.0,983.46,995.0,null,null,null,null,null,null
BGSNH287-24_r_1.3_s_50_BGSNH287-24,BGSNH287-24,r_1.3_s_50,>BGSNH287-24_r_1.3_s_50_BGSNH287-24,1545070,AHN95687.1,tribe:Stenodemini,,5178,null,1533,103.0,475.0,249.35,239.0,null,null,null,null,null,null
BGSNH304-24_r_1.5_s_100_BGSNH304-24,BGSNH304-24,r_1.5_s_100,>BGSNH304-24_r_1.5_s_100_BGSNH304-24,981266,QDI94090.1,tribe:Phylini,,21740,null,1533,0.0,3363.0,1286.92,1259.0,null,null,null,null,null,null
BGSNH320-24_r_1_s_100_BGSNH320-24,BGSNH320-24,r_1_s_100,>BGSNH320-24_r_1_s_100_BGSNH320-24,237212,QDI94090.1,tribe:Phylini,,45620,null,1533,0.0,5881.0,2885.68,3101.0,null,null,null,null,null,null
BGSNH305-24_r_1_s_100_BGSNH305-24,BGSNH305-24,r_1_s_100,>BGSNH305-24_r_1_s_100_BGSNH305-24,981266,QDI94090.1,tribe:Phylini,,43556,null,1533,0.0,6874.0,2644.03,2677.0,null,null,null,null,null,null
BGSNH352-24_r_1.3_s_100_BGSNH352-24,BGSNH352-24,r_1.3_s_100,>BGSNH352-24_r_1.3_s_100_BGSNH352-24,2212857,YP_009019993.1,tribe:Mirini,,132,null,1536,0.0,33.0,6.28,3.5,null,null,null,null,null,null
BGSNH324-24_r_1.3_s_50_BGSNH324-24,BGSNH324-24,r_1.3_s_50,>BGSNH324-24_r_1.3_s_50_BGSNH324-24,237212,QDI94090.1,tribe:Phylini,,18481,null,1533,0.0,2019.0,942.69,961.0,null,null,null,null,null,null
BGSNH366-24_r_1_s_100_BGSNH366-24,BGSNH366-24,r_1_s_100,>BGSNH366-24_r_1_s_100_BGSNH366-24,236347,XSG68089.1,subfamily:Bryocorinae,,36476,null,1536,0.0,3517.0,2231.33,2203.0,null,null,null,null,null,null
BGSNH307-24_r_1_s_50_BGSNH307-24,BGSNH307-24,r_1_s_50,>BGSNH307-24_r_1_s_50_BGSNH307-24,981266,QDI94090.1,tribe:Phylini,,15108,null,1533,0.0,1941.0,708.31,674.0,null,null,null,null,null,null
BGSNH304-24_r_1_s_50_BGSNH304-24,BGSNH304-24,r_1_s_50,>BGSNH304-24_r_1_s_50_BGSNH304-24,981266,QDI94090.1,tribe:Phylini,,34869,null,1533,0.0,4857.0,1839.18,1778.0,null,null,null,null,null,null
BGSNH376-24_r_1_s_50_BGSNH376-24,BGSNH376-24,r_1_s_50,>BGSNH376-24_r_1_s_50_BGSNH376-24,1837210,QDI94090.1,tribe:Phylini,,3222,null,1533,0.0,380.0,144.07,141.0,null,null,null,null,null,null
BGSNH297-24_r_1.5_s_100_BGSNH297-24,BGSNH297-24,r_1.5_s_100,>BGSNH297-24_r_1.5_s_100_BGSNH297-24,1929793,YP_009019993.1,genus:Adelphocoris,,8737,null,1536,37.0,943.0,458.18,444.5,null,null,null,null,null,null
BGSNH320-24_r_1.5_s_100_BGSNH320-24,BGSNH320-24,r_1.5_s_100,>BGSNH320-24_r_1.5_s_100_BGSNH320-24,237212,QDI94090.1,tribe:Phylini,,38603,null,1533,0.0,5460.0,2377.5,2693.0,null,null,null,null,null,null
BGSNH305-24_r_1.3_s_50_BGSNH305-24,BGSNH305-24,r_1.3_s_50,>BGSNH305-24_r_1.3_s_50_BGSNH305-24,981266,QDI94090.1,tribe:Phylini,,55060,null,1533,0.0,6758.0,2956.35,3068.0,null,null,null,null,null,null
BGSNH324-24_r_1.5_s_50_BGSNH324-24,BGSNH324-24,r_1.5_s_50,>BGSNH324-24_r_1.5_s_50_BGSNH324-24,237212,QDI94090.1,tribe:Phylini,,16728,null,1533,0.0,2010.0,844.27,894.0,null,null,null,null,null,null
BGSNH343-24_r_1_s_50_BGSNH343-24,BGSNH343-24,r_1_s_50,>BGSNH343-24_r_1_s_50_BGSNH343-24,2212857,YP_009019993.1,tribe:Mirini,,34677,null,1536,1309.0,3010.0,2055.73,2034.0,null,null,null,null,null,null
BGSNH289-24_r_1.5_s_100_BGSNH289-24,BGSNH289-24,r_1.5_s_100,>BGSNH289-24_r_1.5_s_100_BGSNH289-24,1545070,AHN95687.1,tribe:Stenodemini,,9526,null,1533,41.0,1185.0,554.42,499.0,null,null,null,null,null,null
BGSNH354-24_r_1.5_s_50_BGSNH354-24,BGSNH354-24,r_1.5_s_50,>BGSNH354-24_r_1.5_s_50_BGSNH354-24,2212857,YP_009019993.1,tribe:Mirini,,264,null,1536,0.0,39.0,11.15,12.0,null,null,null,null,null,null
BGSNH336-24_r_1.5_s_100_BGSNH336-24,BGSNH336-24,r_1.5_s_100,>BGSNH336-24_r_1.5_s_100_BGSNH336-24,2315913,QDI94090.1,tribe:Phylini,,1802,null,1533,0.0,228.0,109.03,123.0,null,null,null,null,null,null
BGSNH371-24_r_1.3_s_50_BGSNH371-24,BGSNH371-24,r_1.3_s_50,>BGSNH371-24_r_1.3_s_50_BGSNH371-24,1837210,QDI94090.1,tribe:Phylini,,2757,null,1533,0.0,362.0,124.32,125.0,null,null,null,null,null,null
BGSNH375-24_r_1.5_s_50_BGSNH375-24,BGSNH375-24,r_1.5_s_50,>BGSNH375-24_r_1.5_s_50_BGSNH375-24,1837210,QDI94090.1,tribe:Phylini,,43611,null,1533,0.0,6175.0,2038.51,1979.0,null,null,null,null,null,null
BGSNH362-24_r_1.5_s_100_BGSNH362-24,BGSNH362-24,r_1.5_s_100,>BGSNH362-24_r_1.5_s_100_BGSNH362-24,1545085,YP_010424628.1,tribe:Orthotylini,,5735,null,1533,0.0,832.0,336.92,341.0,null,null,null,null,null,null
BGSNH340-24_r_1_s_100_BGSNH340-24,BGSNH340-24,r_1_s_100,>BGSNH340-24_r_1_s_100_BGSNH340-24,1336454,QDI94090.1,tribe:Phylini,,1062,null,1533,0.0,182.0,54.18,48.0,null,null,null,null,null,null
BGSNH301-24_r_1_s_100_BGSNH301-24,BGSNH301-24,r_1_s_100,>BGSNH301-24_r_1_s_100_BGSNH301-24,2868303,YP_009019993.1,tribe:Mirini,,2352,null,1536,12.0,255.0,120.24,118.0,null,null,null,null,null,null
BGSNH309-24_r_1.5_s_50_BGSNH309-24,BGSNH309-24,r_1.5_s_50,>BGSNH309-24_r_1.5_s_50_BGSNH309-24,981266,QDI94090.1,tribe:Phylini,,49622,null,1533,0.0,6664.0,2330.99,2126.0,null,null,null,null,null,null
BGSNH338-24_r_1_s_100_BGSNH338-24,BGSNH338-24,r_1_s_100,>BGSNH338-24_r_1_s_100_BGSNH338-24,1336454,QDI94090.1,tribe:Phylini,,569,null,1533,0.0,86.0,29.44,28.0,null,null,null,null,null,null
BGSNH289-24_r_1_s_50_BGSNH289-24,BGSNH289-24,r_1_s_50,>BGSNH289-24_r_1_s_50_BGSNH289-24,1545070,AHN95687.1,tribe:Stenodemini,,15318,null,1533,327.0,1461.0,796.58,762.0,null,null,null,null,null,null
BGSNH367-24_r_1.5_s_50_BGSNH367-24,BGSNH367-24,r_1.5_s_50,>BGSNH367-24_r_1.5_s_50_BGSNH367-24,2358427,QDI94090.1,tribe:Phylini,,4324,null,1533,0.0,480.0,205.08,191.0,null,null,null,null,null,null
BGSNH366-24_r_1.5_s_50_BGSNH366-24,BGSNH366-24,r_1.5_s_50,>BGSNH366-24_r_1.5_s_50_BGSNH366-24,236347,XSG68089.1,subfamily:Bryocorinae,,35273,null,1536,0.0,3472.0,1927.9,2116.5,null,null,null,null,null,null
BGSNH357-24_r_1_s_100_BGSNH357-24,BGSNH357-24,r_1_s_100,>BGSNH357-24_r_1_s_100_BGSNH357-24,2212857,YP_009019993.1,tribe:Mirini,,3386,null,1536,30.0,445.0,203.92,197.0,null,null,null,null,null,null
BGSNH342-24_r_1.3_s_50_BGSNH342-24,BGSNH342-24,r_1.3_s_50,>BGSNH342-24_r_1.3_s_50_BGSNH342-24,2212857,YP_009019993.1,tribe:Mirini,,13892,null,1536,297.0,1243.0,689.27,661.0,null,null,null,null,null,null
BGSNH325-24_r_1.3_s_50_BGSNH325-24,BGSNH325-24,r_1.3_s_50,>BGSNH325-24_r_1.3_s_50_BGSNH325-24,237212,QDI94090.1,tribe:Phylini,,1072,null,1533,0.0,125.0,62.12,69.0,null,null,null,null,null,null
BGSNH304-24_r_1_s_100_BGSNH304-24,BGSNH304-24,r_1_s_100,>BGSNH304-24_r_1_s_100_BGSNH304-24,981266,QDI94090.1,tribe:Phylini,,25421,null,1533,0.0,3809.0,1536.3,1494.0,null,null,null,null,null,null
BGSNH379-24_r_1.5_s_50_BGSNH379-24,BGSNH379-24,r_1.5_s_50,>BGSNH379-24_r_1.5_s_50_BGSNH379-24,2026309,YP_009019993.1,tribe:Mirini,,1074,null,1536,0.0,177.0,56.59,52.0,null,null,null,null,null,null
BGSNH322-24_r_1.5_s_100_BGSNH322-24,BGSNH322-24,r_1.5_s_100,>BGSNH322-24_r_1.5_s_100_BGSNH322-24,237212,QDI94090.1,tribe:Phylini,,14927,null,1533,0.0,2066.0,866.13,970.0,null,null,null,null,null,null
BGSNH288-24_r_1.5_s_50_BGSNH288-24,BGSNH288-24,r_1.5_s_50,>BGSNH288-24_r_1.5_s_50_BGSNH288-24,1545070,AHN95687.1,tribe:Stenodemini,,157171,null,1533,790.0,18786.0,7858.24,7245.0,null,null,null,null,null,null
BGSNH379-24_r_1.3_s_50_BGSNH379-24,BGSNH379-24,r_1.3_s_50,>BGSNH379-24_r_1.3_s_50_BGSNH379-24,2026309,YP_009019993.1,tribe:Mirini,,1393,null,1536,13.0,306.0,76.27,64.0,null,null,null,null,null,null
BGSNH369-24_r_1.3_s_100_BGSNH369-24,BGSNH369-24,r_1.3_s_100,>BGSNH369-24_r_1.3_s_100_BGSNH369-24,2358427,QDI94090.1,tribe:Phylini,,237,null,1533,0.0,60.0,14.62,8.0,null,null,null,null,null,null
BGSNH298-24_r_1_s_100_BGSNH298-24,BGSNH298-24,r_1_s_100,>BGSNH298-24_r_1_s_100_BGSNH298-24,981263,UPL65908.1,subfamily:Phylinae,,43414,null,1536,1.0,5429.0,2305.87,2164.0,null,null,null,null,null,null
BGSNH329-24_r_1.3_s_100_BGSNH329-24,BGSNH329-24,r_1.3_s_100,>BGSNH329-24_r_1.3_s_100_BGSNH329-24,237212,QDI94090.1,tribe:Phylini,,10102,null,1533,0.0,1752.0,581.74,542.0,null,null,null,null,null,null
BGSNH309-24_r_1.3_s_50_BGSNH309-24,BGSNH309-24,r_1.3_s_50,>BGSNH309-24_r_1.3_s_50_BGSNH309-24,981266,QDI94090.1,tribe:Phylini,,56563,null,1533,0.0,6921.0,2708.98,2445.0,null,null,null,null,null,null
BGSNH373-24_r_1.3_s_50_BGSNH373-24,BGSNH373-24,r_1.3_s_50,>BGSNH373-24_r_1.3_s_50_BGSNH373-24,1837210,QDI94090.1,tribe:Phylini,,3917,null,1533,0.0,359.0,177.31,189.0,null,null,null,null,null,null
BGSNH321-24_r_1_s_100_BGSNH321-24,BGSNH321-24,r_1_s_100,>BGSNH321-24_r_1_s_100_BGSNH321-24,237212,QDI94090.1,tribe:Phylini,,12281,null,1533,0.0,1683.0,749.58,788.0,null,null,null,null,null,null
BGSNH304-24_r_1.3_s_50_BGSNH304-24,BGSNH304-24,r_1.3_s_50,>BGSNH304-24_r_1.3_s_50_BGSNH304-24,981266,QDI94090.1,tribe:Phylini,,32656,null,1533,0.0,3940.0,1726.53,1733.0,null,null,null,null,null,null
BGSNH370-24_r_1.5_s_100_BGSNH370-24,BGSNH370-24,r_1.5_s_100,>BGSNH370-24_r_1.5_s_100_BGSNH370-24,1837210,QDI94090.1,tribe:Phylini,,1497,null,1533,0.0,228.0,81.45,82.0,null,null,null,null,null,null
BGSNH374-24_r_1.5_s_100_BGSNH374-24,BGSNH374-24,r_1.5_s_100,>BGSNH374-24_r_1.5_s_100_BGSNH374-24,1837210,QDI94090.1,tribe:Phylini,,1296,null,1533,0.0,192.0,70.78,68.0,null,null,null,null,null,null
BGSNH315-24_r_1_s_50_BGSNH315-24,BGSNH315-24,r_1_s_50,>BGSNH315-24_r_1_s_50_BGSNH315-24,236347,XSG68089.1,subfamily:Bryocorinae,,8457,null,1536,269.0,1065.0,575.4,484.0,null,null,null,null,null,null
BGSNH341-24_r_1.5_s_100_BGSNH341-24,BGSNH341-24,r_1.5_s_100,>BGSNH341-24_r_1.5_s_100_BGSNH341-24,1336454,QDI94090.1,tribe:Phylini,,1992,null,1533,0.0,337.0,102.88,100.0,null,null,null,null,null,null
BGSNH361-24_r_1_s_50_BGSNH361-24,BGSNH361-24,r_1_s_50,>BGSNH361-24_r_1_s_50_BGSNH361-24,1545085,YP_010424628.1,tribe:Orthotylini,,1776,null,1533,36.0,289.0,89.92,83.0,null,null,null,null,null,null
BGSNH350-24_r_1_s_100_BGSNH350-24,BGSNH350-24,r_1_s_100,>BGSNH350-24_r_1_s_100_BGSNH350-24,2212857,YP_009019993.1,tribe:Mirini,,315,null,1536,0.0,77.0,22.16,17.0,null,null,null,null,null,null
BGSNH341-24_r_1.3_s_100_BGSNH341-24,BGSNH341-24,r_1.3_s_100,>BGSNH341-24_r_1.3_s_100_BGSNH341-24,1336454,QDI94090.1,tribe:Phylini,,2170,null,1533,0.0,344.0,113.74,114.0,null,null,null,null,null,null
BGSNH341-24_r_1.3_s_50_BGSNH341-24,BGSNH341-24,r_1.3_s_50,>BGSNH341-24_r_1.3_s_50_BGSNH341-24,1336454,QDI94090.1,tribe:Phylini,,3934,null,1533,0.0,562.0,170.02,176.0,null,null,null,null,null,null
BGSNH311-24_r_1.5_s_50_BGSNH311-24,BGSNH311-24,r_1.5_s_50,>BGSNH311-24_r_1.5_s_50_BGSNH311-24,236347,XSG68089.1,subfamily:Bryocorinae,,232685,null,1536,0.0,19299.0,10801.59,11613.0,null,null,null,null,null,null
BGSNH365-24_r_1.5_s_50_BGSNH365-24,BGSNH365-24,r_1.5_s_50,>BGSNH365-24_r_1.5_s_50_BGSNH365-24,236347,XSG68089.1,subfamily:Bryocorinae,,8087,null,1536,0.0,979.0,494.69,526.0,null,null,null,null,null,null
BGSNH296-24_r_1.3_s_50_BGSNH296-24,BGSNH296-24,r_1.3_s_50,>BGSNH296-24_r_1.3_s_50_BGSNH296-24,1929793,YP_009019993.1,genus:Adelphocoris,,40008,null,1536,909.0,4169.0,2027.12,1896.0,null,null,null,null,null,null
BGSNH359-24_r_1.3_s_100_BGSNH359-24,BGSNH359-24,r_1.3_s_100,>BGSNH359-24_r_1.3_s_100_BGSNH359-24,2212857,YP_009019993.1,tribe:Mirini,,520,null,1536,0.0,160.0,32.07,20.0,null,null,null,null,null,null
BGSNH320-24_r_1.3_s_50_BGSNH320-24,BGSNH320-24,r_1.3_s_50,>BGSNH320-24_r_1.3_s_50_BGSNH320-24,237212,QDI94090.1,tribe:Phylini,,54029,null,1533,0.0,5771.0,2989.7,3235.0,null,null,null,null,null,null
BGSNH327-24_r_1.5_s_50_BGSNH327-24,BGSNH327-24,r_1.5_s_50,>BGSNH327-24_r_1.5_s_50_BGSNH327-24,237212,QDI94090.1,tribe:Phylini,,485,null,1533,0.0,85.0,27.21,25.0,null,null,null,null,null,null
BGSNH326-24_r_1.3_s_100_BGSNH326-24,BGSNH326-24,r_1.3_s_100,>BGSNH326-24_r_1.3_s_100_BGSNH326-24,237212,QDI94090.1,tribe:Phylini,,463,null,1533,0.0,81.0,27.33,26.0,null,null,null,null,null,null
BGSNH372-24_r_1.5_s_50_BGSNH372-24,BGSNH372-24,r_1.5_s_50,>BGSNH372-24_r_1.5_s_50_BGSNH372-24,1837210,QDI94090.1,tribe:Phylini,,1359,null,1533,0.0,146.0,60.85,64.0,null,null,null,null,null,null
BGSNH312-24_r_1_s_50_BGSNH312-24,BGSNH312-24,r_1_s_50,>BGSNH312-24_r_1_s_50_BGSNH312-24,236347,XSG68089.1,subfamily:Bryocorinae,,150886,null,1536,4024.0,10244.0,7023.12,6980.0,null,null,null,null,null,null
BGSNH339-24_r_1_s_50_BGSNH339-24,BGSNH339-24,r_1_s_50,>BGSNH339-24_r_1_s_50_BGSNH339-24,1336454,QDI94090.1,tribe:Phylini,,6108,null,1533,0.0,550.0,298.45,338.0,null,null,null,null,null,null
BGSNH354-24_r_1.3_s_50_BGSNH354-24,BGSNH354-24,r_1.3_s_50,>BGSNH354-24_r_1.3_s_50_BGSNH354-24,2212857,YP_009019993.1,tribe:Mirini,,381,null,1536,0.0,70.0,18.39,16.0,null,null,null,null,null,null
BGSNH325-24_r_1.5_s_50_BGSNH325-24,BGSNH325-24,r_1.5_s_50,>BGSNH325-24_r_1.5_s_50_BGSNH325-24,237212,QDI94090.1,tribe:Phylini,,889,null,1533,0.0,125.0,51.77,57.0,null,null,null,null,null,null
BGSNH295-24_r_1.5_s_100_BGSNH295-24,BGSNH295-24,r_1.5_s_100,>BGSNH295-24_r_1.5_s_100_BGSNH295-24,1929793,YP_009019993.1,genus:Adelphocoris,,48452,null,1536,510.0,6245.0,2606.81,2445.0,null,null,null,null,null,null
BGSNH329-24_r_1_s_50_BGSNH329-24,BGSNH329-24,r_1_s_50,>BGSNH329-24_r_1_s_50_BGSNH329-24,237212,QDI94090.1,tribe:Phylini,,16681,null,1533,0.0,2614.0,825.2,697.0,null,null,null,null,null,null
BGSNH331-24_r_1_s_100_BGSNH331-24,BGSNH331-24,r_1_s_100,>BGSNH331-24_r_1_s_100_BGSNH331-24,2315913,QDI94090.1,tribe:Phylini,,70653,null,1533,0.0,9887.0,4026.08,4069.0,null,null,null,null,null,null
BGSNH330-24_r_1.5_s_50_BGSNH330-24,BGSNH330-24,r_1.5_s_50,>BGSNH330-24_r_1.5_s_50_BGSNH330-24,237212,QDI94090.1,tribe:Phylini,,591,null,1533,0.0,80.0,33.55,36.0,null,null,null,null,null,null
BGSNH321-24_r_1.3_s_100_BGSNH321-24,BGSNH321-24,r_1.3_s_100,>BGSNH321-24_r_1.3_s_100_BGSNH321-24,237212,QDI94090.1,tribe:Phylini,,11446,null,1533,0.0,1525.0,688.56,745.0,null,null,null,null,null,null
BGSNH319-24_r_1.3_s_50_BGSNH319-24,BGSNH319-24,r_1.3_s_50,>BGSNH319-24_r_1.3_s_50_BGSNH319-24,236347,XSG68089.1,subfamily:Bryocorinae,,247,null,1536,0.0,43.0,13.18,12.0,null,null,null,null,null,null
BGSNH314-24_r_1.3_s_100_BGSNH314-24,BGSNH314-24,r_1.3_s_100,>BGSNH314-24_r_1.3_s_100_BGSNH314-24,236347,XSG68089.1,subfamily:Bryocorinae,,1907,null,1536,45.0,223.0,136.07,134.0,null,null,null,null,null,null
BGSNH308-24_r_1.5_s_50_BGSNH308-24,BGSNH308-24,r_1.5_s_50,>BGSNH308-24_r_1.5_s_50_BGSNH308-24,981266,QDI94090.1,tribe:Phylini,,7370,null,1533,0.0,1224.0,357.51,279.0,null,null,null,null,null,null
BGSNH300-24_r_1.3_s_50_BGSNH300-24,BGSNH300-24,r_1.3_s_50,>BGSNH300-24_r_1.3_s_50_BGSNH300-24,2868303,YP_009019993.1,tribe:Mirini,,640,null,1536,0.0,134.0,28.73,22.0,null,null,null,null,null,null
BGSNH322-24_r_1_s_50_BGSNH322-24,BGSNH322-24,r_1_s_50,>BGSNH322-24_r_1_s_50_BGSNH322-24,237212,QDI94090.1,tribe:Phylini,,23822,null,1533,0.0,2777.0,1224.45,1288.0,null,null,null,null,null,null
BGSNH372-24_r_1_s_50_BGSNH372-24,BGSNH372-24,r_1_s_50,>BGSNH372-24_r_1_s_50_BGSNH372-24,1837210,QDI94090.1,tribe:Phylini,,1730,null,1533,0.0,155.0,77.03,82.0,null,null,null,null,null,null
BGSNH295-24_r_1.5_s_50_BGSNH295-24,BGSNH295-24,r_1.5_s_50,>BGSNH295-24_r_1.5_s_50_BGSNH295-24,1929793,YP_009019993.1,genus:Adelphocoris,,61645,null,1536,1564.0,7613.0,3018.44,2801.5,null,null,null,null,null,null
BGSNH375-24_r_1.3_s_50_BGSNH375-24,BGSNH375-24,r_1.3_s_50,>BGSNH375-24_r_1.3_s_50_BGSNH375-24,1837210,QDI94090.1,tribe:Phylini,,50495,null,1533,0.0,6207.0,2390.24,2397.0,null,null,null,null,null,null
BGSNH361-24_r_1_s_100_BGSNH361-24,BGSNH361-24,r_1_s_100,>BGSNH361-24_r_1_s_100_BGSNH361-24,1545085,YP_010424628.1,tribe:Orthotylini,,1067,null,1533,22.0,101.0,66.2,66.0,null,null,null,null,null,null
BGSNH314-24_r_1_s_100_BGSNH314-24,BGSNH314-24,r_1_s_100,>BGSNH314-24_r_1_s_100_BGSNH314-24,236347,XSG68089.1,subfamily:Bryocorinae,,2067,null,1536,46.0,227.0,147.47,141.0,null,null,null,null,null,null
BGSNH370-24_r_1.3_s_100_BGSNH370-24,BGSNH370-24,r_1.3_s_100,>BGSNH370-24_r_1.3_s_100_BGSNH370-24,1837210,QDI94090.1,tribe:Phylini,,1659,null,1533,0.0,228.0,92.26,95.0,null,null,null,null,null,null
BGSNH363-24_r_1_s_50_BGSNH363-24,BGSNH363-24,r_1_s_50,>BGSNH363-24_r_1_s_50_BGSNH363-24,1545085,YP_010424628.1,tribe:Orthotylini,,64883,null,1533,1852.0,4924.0,3309.1,3257.0,null,null,null,null,null,null
BGSNH352-24_r_1.5_s_100_BGSNH352-24,BGSNH352-24,r_1.5_s_100,>BGSNH352-24_r_1.5_s_100_BGSNH352-24,2212857,YP_009019993.1,tribe:Mirini,,129,null,1536,0.0,32.0,5.99,2.0,null,null,null,null,null,null
BGSNH312-24_r_1_s_100_BGSNH312-24,BGSNH312-24,r_1_s_100,>BGSNH312-24_r_1_s_100_BGSNH312-24,236347,XSG68089.1,subfamily:Bryocorinae,,95534,null,1536,1269.0,8244.0,5108.15,5119.5,null,null,null,null,null,null
BGSNH337-24_r_1.5_s_50_BGSNH337-24,BGSNH337-24,r_1.5_s_50,>BGSNH337-24_r_1.5_s_50_BGSNH337-24,1336454,QDI94090.1,tribe:Phylini,,4005,null,1533,0.0,410.0,226.33,263.0,null,null,null,null,null,null
BGSNH294-24_r_1.5_s_50_BGSNH294-24,BGSNH294-24,r_1.5_s_50,>BGSNH294-24_r_1.5_s_50_BGSNH294-24,1929793,YP_009019993.1,genus:Adelphocoris,,12,null,1536,0.0,6.0,0.5,0.0,null,null,null,null,null,null
BGSNH343-24_r_1.5_s_100_BGSNH343-24,BGSNH343-24,r_1.5_s_100,>BGSNH343-24_r_1.5_s_100_BGSNH343-24,2212857,YP_009019993.1,tribe:Mirini,,25288,null,1536,2.0,2624.0,1600.79,1647.0,null,null,null,null,null,null
BGSNH299-24_r_1.5_s_50_BGSNH299-24,BGSNH299-24,r_1.5_s_50,>BGSNH299-24_r_1.5_s_50_BGSNH299-24,2868303,YP_009019993.1,tribe:Mirini,,18800,null,1536,80.0,3212.0,794.8,662.5,null,null,null,null,null,null
BGSNH346-24_r_1.5_s_50_BGSNH346-24,BGSNH346-24,r_1.5_s_50,>BGSNH346-24_r_1.5_s_50_BGSNH346-24,2212857,YP_009019993.1,tribe:Mirini,,3490,null,1536,0.0,401.0,149.42,138.0,null,null,null,null,null,null
BGSNH297-24_r_1_s_100_BGSNH297-24,BGSNH297-24,r_1_s_100,>BGSNH297-24_r_1_s_100_BGSNH297-24,1929793,YP_009019993.1,genus:Adelphocoris,,9773,null,1536,37.0,1044.0,542.38,518.5,null,null,null,null,null,null
BGSNH350-24_r_1.5_s_50_BGSNH350-24,BGSNH350-24,r_1.5_s_50,>BGSNH350-24_r_1.5_s_50_BGSNH350-24,2212857,YP_009019993.1,tribe:Mirini,,261,null,1536,0.0,45.0,9.85,6.0,null,null,null,null,null,null
BGSNH296-24_r_1.5_s_100_BGSNH296-24,BGSNH296-24,r_1.5_s_100,>BGSNH296-24_r_1.5_s_100_BGSNH296-24,1929793,YP_009019993.1,genus:Adelphocoris,,31838,null,1536,416.0,3771.0,1760.53,1639.0,null,null,null,null,null,null
BGSNH313-24_r_1.3_s_50_BGSNH313-24,BGSNH313-24,r_1.3_s_50,>BGSNH313-24_r_1.3_s_50_BGSNH313-24,236347,XSG68089.1,subfamily:Bryocorinae,,42308,null,1536,713.0,3500.0,2211.85,2117.0,null,null,null,null,null,null
BGSNH325-24_r_1_s_100_BGSNH325-24,BGSNH325-24,r_1_s_100,>BGSNH325-24_r_1_s_100_BGSNH325-24,237212,QDI94090.1,tribe:Phylini,,859,null,1533,0.0,117.0,58.47,65.0,null,null,null,null,null,null
BGSNH370-24_r_1.5_s_50_BGSNH370-24,BGSNH370-24,r_1.5_s_50,>BGSNH370-24_r_1.5_s_50_BGSNH370-24,1837210,QDI94090.1,tribe:Phylini,,2263,null,1533,0.0,261.0,105.42,114.0,null,null,null,null,null,null
BGSNH351-24_r_1.5_s_50_BGSNH351-24,BGSNH351-24,r_1.5_s_50,>BGSNH351-24_r_1.5_s_50_BGSNH351-24,2212857,YP_009019993.1,tribe:Mirini,,405,null,1536,0.0,72.0,16.66,13.5,null,null,null,null,null,null
BGSNH346-24_r_1.3_s_100_BGSNH346-24,BGSNH346-24,r_1.3_s_100,>BGSNH346-24_r_1.3_s_100_BGSNH346-24,2212857,YP_009019993.1,tribe:Mirini,,2464,null,1536,5.0,401.0,126.23,106.0,null,null,null,null,null,null
BGSNH323-24_r_1.3_s_50_BGSNH323-24,BGSNH323-24,r_1.3_s_50,>BGSNH323-24_r_1.3_s_50_BGSNH323-24,237212,QDI94090.1,tribe:Phylini,,39639,null,1533,0.0,4755.0,2093.59,2265.0,null,null,null,null,null,null
BGSNH350-24_r_1_s_50_BGSNH350-24,BGSNH350-24,r_1_s_50,>BGSNH350-24_r_1_s_50_BGSNH350-24,2212857,YP_009019993.1,tribe:Mirini,,573,null,1536,0.0,83.0,30.98,24.0,null,null,null,null,null,null
BGSNH377-24_r_1.3_s_50_BGSNH377-24,BGSNH377-24,r_1.3_s_50,>BGSNH377-24_r_1.3_s_50_BGSNH377-24,2026309,YP_009019993.1,tribe:Mirini,,4210,null,1536,24.0,480.0,201.73,186.0,null,null,null,null,null,null
BGSNH362-24_r_1_s_50_BGSNH362-24,BGSNH362-24,r_1_s_50,>BGSNH362-24_r_1_s_50_BGSNH362-24,1545085,YP_010424628.1,tribe:Orthotylini,,9420,null,1533,200.0,921.0,503.09,473.0,null,null,null,null,null,null
BGSNH365-24_r_1_s_50_BGSNH365-24,BGSNH365-24,r_1_s_50,>BGSNH365-24_r_1_s_50_BGSNH365-24,236347,XSG68089.1,subfamily:Bryocorinae,,11101,null,1536,0.0,1015.0,678.83,652.0,null,null,null,null,null,null
BGSNH363-24_r_1.3_s_100_BGSNH363-24,BGSNH363-24,r_1.3_s_100,>BGSNH363-24_r_1.3_s_100_BGSNH363-24,1545085,YP_010424628.1,tribe:Orthotylini,,45468,null,1533,569.0,3899.0,2561.21,2583.0,null,null,null,null,null,null
BGSNH336-24_r_1.3_s_50_BGSNH336-24,BGSNH336-24,r_1.3_s_50,>BGSNH336-24_r_1.3_s_50_BGSNH336-24,2315913,QDI94090.1,tribe:Phylini,,2674,null,1533,0.0,333.0,143.8,160.0,null,null,null,null,null,null
BGSNH338-24_r_1.5_s_50_BGSNH338-24,BGSNH338-24,r_1.5_s_50,>BGSNH338-24_r_1.5_s_50_BGSNH338-24,1336454,QDI94090.1,tribe:Phylini,,1048,null,1533,0.0,114.0,41.07,42.0,null,null,null,null,null,null
BGSNH378-24_r_1_s_50_BGSNH378-24,BGSNH378-24,r_1_s_50,>BGSNH378-24_r_1_s_50_BGSNH378-24,2026309,YP_009019993.1,tribe:Mirini,,1140,null,1536,0.0,368.0,75.24,43.0,null,null,null,null,null,null
BGSNH307-24_r_1_s_100_BGSNH307-24,BGSNH307-24,r_1_s_100,>BGSNH307-24_r_1_s_100_BGSNH307-24,981266,QDI94090.1,tribe:Phylini,,10043,null,1533,0.0,1699.0,544.0,541.0,null,null,null,null,null,null
BGSNH297-24_r_1.5_s_50_BGSNH297-24,BGSNH297-24,r_1.5_s_50,>BGSNH297-24_r_1.5_s_50_BGSNH297-24,1929793,YP_009019993.1,genus:Adelphocoris,,12361,null,1536,270.0,1159.0,567.44,545.5,null,null,null,null,null,null
BGSNH366-24_r_1.3_s_50_BGSNH366-24,BGSNH366-24,r_1.3_s_50,>BGSNH366-24_r_1.3_s_50_BGSNH366-24,236347,XSG68089.1,subfamily:Bryocorinae,,44689,null,1536,0.0,3750.0,2459.88,2454.5,null,null,null,null,null,null
BGSNH327-24_r_1.3_s_50_BGSNH327-24,BGSNH327-24,r_1.3_s_50,>BGSNH327-24_r_1.3_s_50_BGSNH327-24,237212,QDI94090.1,tribe:Phylini,,591,null,1533,0.0,94.0,33.04,31.0,null,null,null,null,null,null
BGSNH352-24_r_1_s_50_BGSNH352-24,BGSNH352-24,r_1_s_50,>BGSNH352-24_r_1_s_50_BGSNH352-24,2212857,YP_009019993.1,tribe:Mirini,,517,null,1536,0.0,70.0,25.15,23.0,null,null,null,null,null,null
BGSNH291-24_r_1.3_s_100_BGSNH291-24,BGSNH291-24,r_1.3_s_100,>BGSNH291-24_r_1.3_s_100_BGSNH291-24,1545070,AHN95687.1,tribe:Stenodemini,,12213,null,1533,149.0,1301.0,760.8,719.0,null,null,null,null,null,null
BGSNH331-24_r_1.5_s_50_BGSNH331-24,BGSNH331-24,r_1.5_s_50,>BGSNH331-24_r_1.5_s_50_BGSNH331-24,2315913,QDI94090.1,tribe:Phylini,,85629,null,1533,0.0,9284.0,4174.79,4523.0,null,null,null,null,null,null
BGSNH320-24_r_1_s_50_BGSNH320-24,BGSNH320-24,r_1_s_50,>BGSNH320-24_r_1_s_50_BGSNH320-24,237212,QDI94090.1,tribe:Phylini,,60022,null,1533,0.0,7500.0,3355.95,3486.0,null,null,null,null,null,null
BGSNH339-24_r_1.5_s_100_BGSNH339-24,BGSNH339-24,r_1.5_s_100,>BGSNH339-24_r_1.5_s_100_BGSNH339-24,1336454,QDI94090.1,tribe:Phylini,,3532,null,1533,0.0,468.0,200.48,218.0,null,null,null,null,null,null
BGSNH318-24_r_1.3_s_100_BGSNH318-24,BGSNH318-24,r_1.3_s_100,>BGSNH318-24_r_1.3_s_100_BGSNH318-24,236347,XSG68089.1,subfamily:Bryocorinae,,20615,null,1536,0.0,2906.0,1225.36,1046.5,null,null,null,null,null,null
BGSNH355-24_r_1_s_100_BGSNH355-24,BGSNH355-24,r_1_s_100,>BGSNH355-24_r_1_s_100_BGSNH355-24,2212857,YP_009019993.1,tribe:Mirini,,11437,null,1536,67.0,1017.0,602.15,588.5,null,null,null,null,null,null
BGSNH315-24_r_1_s_100_BGSNH315-24,BGSNH315-24,r_1_s_100,>BGSNH315-24_r_1_s_100_BGSNH315-24,236347,XSG68089.1,subfamily:Bryocorinae,,7081,null,1536,221.0,1043.0,531.28,463.0,null,null,null,null,null,null
BGSNH302-24_r_1.3_s_50_BGSNH302-24,BGSNH302-24,r_1.3_s_50,>BGSNH302-24_r_1.3_s_50_BGSNH302-24,981266,QDI94090.1,tribe:Phylini,,10946,null,1533,0.0,1358.0,513.97,518.0,null,null,null,null,null,null
BGSNH374-24_r_1.3_s_100_BGSNH374-24,BGSNH374-24,r_1.3_s_100,>BGSNH374-24_r_1.3_s_100_BGSNH374-24,1837210,QDI94090.1,tribe:Phylini,,1468,null,1533,0.0,192.0,82.34,86.0,null,null,null,null,null,null
BGSNH363-24_r_1_s_100_BGSNH363-24,BGSNH363-24,r_1_s_100,>BGSNH363-24_r_1_s_100_BGSNH363-24,1545085,YP_010424628.1,tribe:Orthotylini,,47476,null,1533,1055.0,3930.0,2697.03,2652.0,null,null,null,null,null,null
BGSNH380-24_r_1.5_s_100_BGSNH380-24,BGSNH380-24,r_1.5_s_100,>BGSNH380-24_r_1.5_s_100_BGSNH380-24,2026309,YP_009019993.1,tribe:Mirini,,22672,null,1536,0.0,2073.0,1223.08,1308.0,null,null,null,null,null,null
BGSNH378-24_r_1.3_s_100_BGSNH378-24,BGSNH378-24,r_1.3_s_100,>BGSNH378-24_r_1.3_s_100_BGSNH378-24,2026309,YP_009019993.1,tribe:Mirini,,181,null,1536,0.0,173.0,13.12,0.0,null,null,null,null,null,null
BGSNH312-24_r_1.5_s_100_BGSNH312-24,BGSNH312-24,r_1.5_s_100,>BGSNH312-24_r_1.5_s_100_BGSNH312-24,236347,XSG68089.1,subfamily:Bryocorinae,,80193,null,1536,0.0,8186.0,4213.6,4608.0,null,null,null,null,null,null
BGSNH311-24_r_1.5_s_100_BGSNH311-24,BGSNH311-24,r_1.5_s_100,>BGSNH311-24_r_1.5_s_100_BGSNH311-24,236347,XSG68089.1,subfamily:Bryocorinae,,160302,null,1536,0.0,17160.0,8488.38,9047.0,null,null,null,null,null,null
BGSNH355-24_r_1.3_s_50_BGSNH355-24,BGSNH355-24,r_1.3_s_50,>BGSNH355-24_r_1.3_s_50_BGSNH355-24,2212857,YP_009019993.1,tribe:Mirini,,16415,null,1536,252.0,1186.0,743.42,751.5,null,null,null,null,null,null
BGSNH366-24_r_1.5_s_100_BGSNH366-24,BGSNH366-24,r_1.5_s_100,>BGSNH366-24_r_1.5_s_100_BGSNH366-24,236347,XSG68089.1,subfamily:Bryocorinae,,28373,null,1536,0.0,3023.0,1705.0,1917.5,null,null,null,null,null,null
BGSNH366-24_r_1_s_50_BGSNH366-24,BGSNH366-24,r_1_s_50,>BGSNH366-24_r_1_s_50_BGSNH366-24,236347,XSG68089.1,subfamily:Bryocorinae,,47743,null,1536,0.0,4721.0,2628.62,2503.5,null,null,null,null,null,null
BGSNH370-24_r_1.3_s_50_BGSNH370-24,BGSNH370-24,r_1.3_s_50,>BGSNH370-24_r_1.3_s_50_BGSNH370-24,1837210,QDI94090.1,tribe:Phylini,,2688,null,1533,0.0,262.0,125.36,133.0,null,null,null,null,null,null
BGSNH358-24_r_1_s_50_BGSNH358-24,BGSNH358-24,r_1_s_50,>BGSNH358-24_r_1_s_50_BGSNH358-24,2212857,YP_009019993.1,tribe:Mirini,,2064,null,1536,0.0,358.0,105.07,93.5,null,null,null,null,null,null
BGSNH330-24_r_1.5_s_100_BGSNH330-24,BGSNH330-24,r_1.5_s_100,>BGSNH330-24_r_1.5_s_100_BGSNH330-24,237212,QDI94090.1,tribe:Phylini,,456,null,1533,0.0,73.0,29.58,33.0,null,null,null,null,null,null
BGSNH371-24_r_1.5_s_100_BGSNH371-24,BGSNH371-24,r_1.5_s_100,>BGSNH371-24_r_1.5_s_100_BGSNH371-24,1837210,QDI94090.1,tribe:Phylini,,1527,null,1533,0.0,331.0,80.61,72.0,null,null,null,null,null,null
BGSNH296-24_r_1_s_50_BGSNH296-24,BGSNH296-24,r_1_s_50,>BGSNH296-24_r_1_s_50_BGSNH296-24,1929793,YP_009019993.1,genus:Adelphocoris,,40853,null,1536,1031.0,4180.0,2083.05,1954.5,null,null,null,null,null,null
BGSNH378-24_r_1.3_s_50_BGSNH378-24,BGSNH378-24,r_1.3_s_50,>BGSNH378-24_r_1.3_s_50_BGSNH378-24,2026309,YP_009019993.1,tribe:Mirini,,286,null,1536,0.0,191.0,16.66,0.0,null,null,null,null,null,null
BGSNH373-24_r_1_s_50_BGSNH373-24,BGSNH373-24,r_1_s_50,>BGSNH373-24_r_1_s_50_BGSNH373-24,1837210,QDI94090.1,tribe:Phylini,,4109,null,1533,0.0,368.0,185.5,196.0,null,null,null,null,null,null
BGSNH329-24_r_1.5_s_50_BGSNH329-24,BGSNH329-24,r_1.5_s_50,>BGSNH329-24_r_1.5_s_50_BGSNH329-24,237212,QDI94090.1,tribe:Phylini,,13465,null,1533,0.0,1960.0,654.96,594.0,null,null,null,null,null,null
BGSNH340-24_r_1_s_50_BGSNH340-24,BGSNH340-24,r_1_s_50,>BGSNH340-24_r_1_s_50_BGSNH340-24,1336454,QDI94090.1,tribe:Phylini,,2527,null,1533,0.0,230.0,100.64,107.0,null,null,null,null,null,null
BGSNH316-24_r_1_s_100_BGSNH316-24,BGSNH316-24,r_1_s_100,>BGSNH316-24_r_1_s_100_BGSNH316-24,236347,XSG68089.1,subfamily:Bryocorinae,,28000,null,1536,864.0,3492.0,1835.43,1662.5,null,null,null,null,null,null
BGSNH307-24_r_1.5_s_50_BGSNH307-24,BGSNH307-24,r_1.5_s_50,>BGSNH307-24_r_1.5_s_50_BGSNH307-24,981266,QDI94090.1,tribe:Phylini,,12548,null,1533,0.0,1924.0,580.67,590.0,null,null,null,null,null,null
BGSNH340-24_r_1.3_s_100_BGSNH340-24,BGSNH340-24,r_1.3_s_100,>BGSNH340-24_r_1.3_s_100_BGSNH340-24,1336454,QDI94090.1,tribe:Phylini,,1031,null,1533,0.0,182.0,52.22,46.0,null,null,null,null,null,null
BGSNH311-24_r_1_s_100_BGSNH311-24,BGSNH311-24,r_1_s_100,>BGSNH311-24_r_1_s_100_BGSNH311-24,236347,XSG68089.1,subfamily:Bryocorinae,,193468,null,1536,2123.0,17224.0,10430.12,10112.5,null,null,null,null,null,null
BGSNH305-24_r_1.3_s_100_BGSNH305-24,BGSNH305-24,r_1.3_s_100,>BGSNH305-24_r_1.3_s_100_BGSNH305-24,981266,QDI94090.1,tribe:Phylini,,42287,null,1533,0.0,5697.0,2565.89,2677.0,null,null,null,null,null,null
BGSNH367-24_r_1.5_s_100_BGSNH367-24,BGSNH367-24,r_1.5_s_100,>BGSNH367-24_r_1.5_s_100_BGSNH367-24,2358427,QDI94090.1,tribe:Phylini,,3051,null,1533,0.0,414.0,167.03,143.0,null,null,null,null,null,null
BGSNH369-24_r_1_s_50_BGSNH369-24,BGSNH369-24,r_1_s_50,>BGSNH369-24_r_1_s_50_BGSNH369-24,2358427,QDI94090.1,tribe:Phylini,,609,null,1533,0.0,95.0,32.79,29.0,null,null,null,null,null,null
BGSNH336-24_r_1_s_100_BGSNH336-24,BGSNH336-24,r_1_s_100,>BGSNH336-24_r_1_s_100_BGSNH336-24,2315913,QDI94090.1,tribe:Phylini,,2102,null,1533,0.0,309.0,130.64,142.0,null,null,null,null,null,null
BGSNH339-24_r_1.3_s_50_BGSNH339-24,BGSNH339-24,r_1.3_s_50,>BGSNH339-24_r_1.3_s_50_BGSNH339-24,1336454,QDI94090.1,tribe:Phylini,,5751,null,1533,0.0,550.0,281.84,316.0,null,null,null,null,null,null
BGSNH345-24_r_1.5_s_50_BGSNH345-24,BGSNH345-24,r_1.5_s_50,>BGSNH345-24_r_1.5_s_50_BGSNH345-24,2212857,YP_009019993.1,tribe:Mirini,,70124,null,1536,21.0,6459.0,3680.12,3683.0,null,null,null,null,null,null
BGSNH333-24_r_1.3_s_100_BGSNH333-24,BGSNH333-24,r_1.3_s_100,>BGSNH333-24_r_1.3_s_100_BGSNH333-24,2315913,QDI94090.1,tribe:Phylini,,18113,null,1533,0.0,2387.0,955.74,961.0,null,null,null,null,null,null
BGSNH335-24_r_1_s_100_BGSNH335-24,BGSNH335-24,r_1_s_100,>BGSNH335-24_r_1_s_100_BGSNH335-24,2315913,QDI94090.1,tribe:Phylini,,2104,null,1533,0.0,263.0,124.38,139.0,null,null,null,null,null,null
BGSNH292-24_r_1.5_s_100_BGSNH292-24,BGSNH292-24,r_1.5_s_100,>BGSNH292-24_r_1.5_s_100_BGSNH292-24,236347,XSG68089.1,subfamily:Bryocorinae,,603,null,1536,0.0,127.0,30.28,18.0,null,null,null,null,null,null
BGSNH347-24_r_1_s_50_BGSNH347-24,BGSNH347-24,r_1_s_50,>BGSNH347-24_r_1_s_50_BGSNH347-24,2212857,YP_009019993.1,tribe:Mirini,,10026,null,1536,94.0,900.0,422.4,404.0,null,null,null,null,null,null
BGSNH362-24_r_1.5_s_50_BGSNH362-24,BGSNH362-24,r_1.5_s_50,>BGSNH362-24_r_1.5_s_50_BGSNH362-24,1545085,YP_010424628.1,tribe:Orthotylini,,7102,null,1533,0.0,912.0,379.71,384.0,null,null,null,null,null,null
BGSNH351-24_r_1.3_s_50_BGSNH351-24,BGSNH351-24,r_1.3_s_50,>BGSNH351-24_r_1.3_s_50_BGSNH351-24,2212857,YP_009019993.1,tribe:Mirini,,650,null,1536,0.0,93.0,30.23,24.0,null,null,null,null,null,null
BGSNH302-24_r_1.3_s_100_BGSNH302-24,BGSNH302-24,r_1.3_s_100,>BGSNH302-24_r_1.3_s_100_BGSNH302-24,981266,QDI94090.1,tribe:Phylini,,7296,null,1533,0.0,1002.0,401.67,402.0,null,null,null,null,null,null
BGSNH331-24_r_1_s_50_BGSNH331-24,BGSNH331-24,r_1_s_50,>BGSNH331-24_r_1_s_50_BGSNH331-24,2315913,QDI94090.1,tribe:Phylini,,102324,null,1533,0.0,14513.0,5052.41,5121.0,null,null,null,null,null,null
BGSNH326-24_r_1_s_100_BGSNH326-24,BGSNH326-24,r_1_s_100,>BGSNH326-24_r_1_s_100_BGSNH326-24,237212,QDI94090.1,tribe:Phylini,,502,null,1533,0.0,84.0,29.95,30.0,null,null,null,null,null,null
BGSNH353-24_r_1.5_s_100_BGSNH353-24,BGSNH353-24,r_1.5_s_100,>BGSNH353-24_r_1.5_s_100_BGSNH353-24,2212857,YP_009019993.1,tribe:Mirini,,7696,null,1536,3.0,1124.0,401.48,377.0,null,null,null,null,null,null
BGSNH371-24_r_1_s_50_BGSNH371-24,BGSNH371-24,r_1_s_50,>BGSNH371-24_r_1_s_50_BGSNH371-24,1837210,QDI94090.1,tribe:Phylini,,2927,null,1533,0.0,364.0,131.25,134.0,null,null,null,null,null,null
BGSNH303-24_r_1_s_50_BGSNH303-24,BGSNH303-24,r_1_s_50,>BGSNH303-24_r_1_s_50_BGSNH303-24,981266,QDI94090.1,tribe:Phylini,,12479,null,1533,0.0,2383.0,605.91,493.0,null,null,null,null,null,null
BGSNH298-24_r_1.3_s_50_BGSNH298-24,BGSNH298-24,r_1.3_s_50,>BGSNH298-24_r_1.3_s_50_BGSNH298-24,981263,UPL65908.1,subfamily:Phylinae,,70235,null,1536,1.0,6697.0,3143.82,3018.5,null,null,null,null,null,null
BGSNH321-24_r_1.5_s_100_BGSNH321-24,BGSNH321-24,r_1.5_s_100,>BGSNH321-24_r_1.5_s_100_BGSNH321-24,237212,QDI94090.1,tribe:Phylini,,10578,null,1533,0.0,1519.0,627.62,691.0,null,null,null,null,null,null
BGSNH327-24_r_1_s_100_BGSNH327-24,BGSNH327-24,r_1_s_100,>BGSNH327-24_r_1_s_100_BGSNH327-24,237212,QDI94090.1,tribe:Phylini,,470,null,1533,0.0,89.0,31.4,28.0,null,null,null,null,null,null
BGSNH349-24_r_1.5_s_50_BGSNH349-24,BGSNH349-24,r_1.5_s_50,>BGSNH349-24_r_1.5_s_50_BGSNH349-24,2212857,YP_009019993.1,tribe:Mirini,,1135,null,1536,0.0,92.0,38.76,42.0,null,null,null,null,null,null
BGSNH343-24_r_1.3_s_50_BGSNH343-24,BGSNH343-24,r_1.3_s_50,>BGSNH343-24_r_1.3_s_50_BGSNH343-24,2212857,YP_009019993.1,tribe:Mirini,,34007,null,1536,1300.0,2837.0,2018.91,2005.0,null,null,null,null,null,null
BGSNH315-24_r_1.5_s_50_BGSNH315-24,BGSNH315-24,r_1.5_s_50,>BGSNH315-24_r_1.5_s_50_BGSNH315-24,236347,XSG68089.1,subfamily:Bryocorinae,,6111,null,1536,2.0,989.0,424.03,363.0,null,null,null,null,null,null
BGSNH316-24_r_1.5_s_100_BGSNH316-24,BGSNH316-24,r_1.5_s_100,>BGSNH316-24_r_1.5_s_100_BGSNH316-24,236347,XSG68089.1,subfamily:Bryocorinae,,21963,null,1536,0.0,3185.0,1420.49,1416.0,null,null,null,null,null,null
BGSNH339-24_r_1_s_100_BGSNH339-24,BGSNH339-24,r_1_s_100,>BGSNH339-24_r_1_s_100_BGSNH339-24,1336454,QDI94090.1,tribe:Phylini,,3941,null,1533,0.0,475.0,226.78,250.0,null,null,null,null,null,null
BGSNH347-24_r_1.5_s_100_BGSNH347-24,BGSNH347-24,r_1.5_s_100,>BGSNH347-24_r_1.5_s_100_BGSNH347-24,2212857,YP_009019993.1,tribe:Mirini,,3646,null,1536,0.0,504.0,175.24,165.5,null,null,null,null,null,null
BGSNH306-24_r_1.3_s_100_BGSNH306-24,BGSNH306-24,r_1.3_s_100,>BGSNH306-24_r_1.3_s_100_BGSNH306-24,981266,QDI94090.1,tribe:Phylini,,7900,null,1533,0.0,1321.0,438.77,440.0,null,null,null,null,null,null
BGSNH342-24_r_1.5_s_100_BGSNH342-24,BGSNH342-24,r_1.5_s_100,>BGSNH342-24_r_1.5_s_100_BGSNH342-24,2212857,YP_009019993.1,tribe:Mirini,,9283,null,1536,5.0,1119.0,505.5,483.0,null,null,null,null,null,null
BGSNH347-24_r_1.3_s_50_BGSNH347-24,BGSNH347-24,r_1.3_s_50,>BGSNH347-24_r_1.3_s_50_BGSNH347-24,2212857,YP_009019993.1,tribe:Mirini,,9193,null,1536,94.0,878.0,370.69,348.0,null,null,null,null,null,null
BGSNH342-24_r_1_s_100_BGSNH342-24,BGSNH342-24,r_1_s_100,>BGSNH342-24_r_1_s_100_BGSNH342-24,2212857,YP_009019993.1,tribe:Mirini,,10743,null,1536,118.0,1125.0,599.01,570.0,null,null,null,null,null,null
BGSNH352-24_r_1.3_s_50_BGSNH352-24,BGSNH352-24,r_1.3_s_50,>BGSNH352-24_r_1.3_s_50_BGSNH352-24,2212857,YP_009019993.1,tribe:Mirini,,314,null,1536,0.0,38.0,11.85,10.0,null,null,null,null,null,null
BGSNH293-24_r_1.3_s_50_BGSNH293-24,BGSNH293-24,r_1.3_s_50,>BGSNH293-24_r_1.3_s_50_BGSNH293-24,236347,XSG68089.1,subfamily:Bryocorinae,,5138,null,1536,0.0,497.0,245.3,249.0,null,null,null,null,null,null
BGSNH330-24_r_1.3_s_100_BGSNH330-24,BGSNH330-24,r_1.3_s_100,>BGSNH330-24_r_1.3_s_100_BGSNH330-24,237212,QDI94090.1,tribe:Phylini,,497,null,1533,0.0,77.0,32.89,35.0,null,null,null,null,null,null
BGSNH334-24_r_1.3_s_50_BGSNH334-24,BGSNH334-24,r_1.3_s_50,>BGSNH334-24_r_1.3_s_50_BGSNH334-24,2315913,QDI94090.1,tribe:Phylini,,84707,null,1533,0.0,9018.0,3993.04,4383.0,null,null,null,null,null,null
BGSNH301-24_r_1_s_50_BGSNH301-24,BGSNH301-24,r_1_s_50,>BGSNH301-24_r_1_s_50_BGSNH301-24,2868303,YP_009019993.1,tribe:Mirini,,4332,null,1536,46.0,340.0,182.42,176.0,null,null,null,null,null,null
BGSNH347-24_r_1_s_100_BGSNH347-24,BGSNH347-24,r_1_s_100,>BGSNH347-24_r_1_s_100_BGSNH347-24,2212857,YP_009019993.1,tribe:Mirini,,4727,null,1536,0.0,520.0,252.8,241.0,null,null,null,null,null,null
BGSNH377-24_r_1.5_s_100_BGSNH377-24,BGSNH377-24,r_1.5_s_100,>BGSNH377-24_r_1.5_s_100_BGSNH377-24,2026309,YP_009019993.1,tribe:Mirini,,2650,null,1536,0.0,375.0,142.14,134.5,null,null,null,null,null,null
BGSNH344-24_r_1_s_50_BGSNH344-24,BGSNH344-24,r_1_s_50,>BGSNH344-24_r_1_s_50_BGSNH344-24,2212857,YP_009019993.1,tribe:Mirini,,22513,null,1536,495.0,1957.0,1085.35,1010.0,null,null,null,null,null,null
BGSNH329-24_r_1_s_100_BGSNH329-24,BGSNH329-24,r_1_s_100,>BGSNH329-24_r_1_s_100_BGSNH329-24,237212,QDI94090.1,tribe:Phylini,,10907,null,1533,0.0,1754.0,638.63,598.0,null,null,null,null,null,null
BGSNH310-24_r_1.5_s_50_BGSNH310-24,BGSNH310-24,r_1.5_s_50,>BGSNH310-24_r_1.5_s_50_BGSNH310-24,236347,XSG68089.1,subfamily:Bryocorinae,,21615,null,1536,0.0,2094.0,1014.95,1042.0,null,null,null,null,null,null
BGSNH330-24_r_1_s_50_BGSNH330-24,BGSNH330-24,r_1_s_50,>BGSNH330-24_r_1_s_50_BGSNH330-24,237212,QDI94090.1,tribe:Phylini,,867,null,1533,0.0,141.0,47.14,47.0,null,null,null,null,null,null
BGSNH375-24_r_1.5_s_100_BGSNH375-24,BGSNH375-24,r_1.5_s_100,>BGSNH375-24_r_1.5_s_100_BGSNH375-24,1837210,QDI94090.1,tribe:Phylini,,29416,null,1533,0.0,4948.0,1591.12,1477.0,null,null,null,null,null,null
BGSNH307-24_r_1.3_s_100_BGSNH307-24,BGSNH307-24,r_1.3_s_100,>BGSNH307-24_r_1.3_s_100_BGSNH307-24,981266,QDI94090.1,tribe:Phylini,,9778,null,1533,0.0,1699.0,526.95,534.0,null,null,null,null,null,null
BGSNH345-24_r_1_s_50_BGSNH345-24,BGSNH345-24,r_1_s_50,>BGSNH345-24_r_1_s_50_BGSNH345-24,2212857,YP_009019993.1,tribe:Mirini,,85068,null,1536,2637.0,6843.0,4473.49,4406.5,null,null,null,null,null,null
BGSNH335-24_r_1.3_s_100_BGSNH335-24,BGSNH335-24,r_1.3_s_100,>BGSNH335-24_r_1.3_s_100_BGSNH335-24,2315913,QDI94090.1,tribe:Phylini,,2086,null,1533,0.0,263.0,123.39,139.0,null,null,null,null,null,null
BGSNH369-24_r_1.5_s_50_BGSNH369-24,BGSNH369-24,r_1.5_s_50,>BGSNH369-24_r_1.5_s_50_BGSNH369-24,2358427,QDI94090.1,tribe:Phylini,,309,null,1533,0.0,54.0,14.53,8.0,null,null,null,null,null,null
BGSNH347-24_r_1.3_s_100_BGSNH347-24,BGSNH347-24,r_1.3_s_100,>BGSNH347-24_r_1.3_s_100_BGSNH347-24,2212857,YP_009019993.1,tribe:Mirini,,4283,null,1536,0.0,516.0,214.99,210.0,null,null,null,null,null,null
BGSNH288-24_r_1.5_s_100_BGSNH288-24,BGSNH288-24,r_1.5_s_100,>BGSNH288-24_r_1.5_s_100_BGSNH288-24,1545070,AHN95687.1,tribe:Stenodemini,,124017,null,1533,436.0,16515.0,6786.56,6102.0,null,null,null,null,null,null
BGSNH299-24_r_1.5_s_100_BGSNH299-24,BGSNH299-24,r_1.5_s_100,>BGSNH299-24_r_1.5_s_100_BGSNH299-24,2868303,YP_009019993.1,tribe:Mirini,,11887,null,1536,58.0,2516.0,577.18,458.0,null,null,null,null,null,null
BGSNH297-24_r_1.3_s_100_BGSNH297-24,BGSNH297-24,r_1.3_s_100,>BGSNH297-24_r_1.3_s_100_BGSNH297-24,1929793,YP_009019993.1,genus:Adelphocoris,,9000,null,1536,37.0,984.0,476.65,460.0,null,null,null,null,null,null
BGSNH356-24_r_1.3_s_50_BGSNH356-24,BGSNH356-24,r_1.3_s_50,>BGSNH356-24_r_1.3_s_50_BGSNH356-24,2212857,YP_009019993.1,tribe:Mirini,,18011,null,1536,232.0,1696.0,773.75,718.5,null,null,null,null,null,null
BGSNH304-24_r_1.3_s_100_BGSNH304-24,BGSNH304-24,r_1.3_s_100,>BGSNH304-24_r_1.3_s_100_BGSNH304-24,981266,QDI94090.1,tribe:Phylini,,24471,null,1533,0.0,3370.0,1475.3,1461.0,null,null,null,null,null,null
BGSNH287-24_r_1_s_50_BGSNH287-24,BGSNH287-24,r_1_s_50,>BGSNH287-24_r_1_s_50_BGSNH287-24,1545070,AHN95687.1,tribe:Stenodemini,,5601,null,1533,105.0,477.0,277.67,270.0,null,null,null,null,null,null
BGSNH310-24_r_1.3_s_50_BGSNH310-24,BGSNH310-24,r_1.3_s_50,>BGSNH310-24_r_1.3_s_50_BGSNH310-24,236347,XSG68089.1,subfamily:Bryocorinae,,26304,null,1536,268.0,2108.0,1236.62,1218.5,null,null,null,null,null,null
BGSNH299-24_r_1_s_50_BGSNH299-24,BGSNH299-24,r_1_s_50,>BGSNH299-24_r_1_s_50_BGSNH299-24,2868303,YP_009019993.1,tribe:Mirini,,23020,null,1536,330.0,3221.0,996.51,844.0,null,null,null,null,null,null
BGSNH313-24_r_1.3_s_100_BGSNH313-24,BGSNH313-24,r_1.3_s_100,>BGSNH313-24_r_1.3_s_100_BGSNH313-24,236347,XSG68089.1,subfamily:Bryocorinae,,31292,null,1536,587.0,3231.0,1846.54,1781.0,null,null,null,null,null,null
BGSNH331-24_r_1.5_s_100_BGSNH331-24,BGSNH331-24,r_1.5_s_100,>BGSNH331-24_r_1.5_s_100_BGSNH331-24,2315913,QDI94090.1,tribe:Phylini,,61793,null,1533,0.0,7923.0,3443.11,3732.0,null,null,null,null,null,null
BGSNH300-24_r_1.5_s_100_BGSNH300-24,BGSNH300-24,r_1.5_s_100,>BGSNH300-24_r_1.5_s_100_BGSNH300-24,2868303,YP_009019993.1,tribe:Mirini,,237,null,1536,0.0,72.0,11.99,6.0,null,null,null,null,null,null
BGSNH292-24_r_1.5_s_50_BGSNH292-24,BGSNH292-24,r_1.5_s_50,>BGSNH292-24_r_1.5_s_50_BGSNH292-24,236347,XSG68089.1,subfamily:Bryocorinae,,1108,null,1536,0.0,162.0,46.21,36.0,null,null,null,null,null,null
BGSNH379-24_r_1_s_100_BGSNH379-24,BGSNH379-24,r_1_s_100,>BGSNH379-24_r_1_s_100_BGSNH379-24,2026309,YP_009019993.1,tribe:Mirini,,1577,null,1536,11.0,304.0,105.86,83.0,null,null,null,null,null,null
BGSNH289-24_r_1.3_s_100_BGSNH289-24,BGSNH289-24,r_1.3_s_100,>BGSNH289-24_r_1.3_s_100_BGSNH289-24,1545070,AHN95687.1,tribe:Stenodemini,,11162,null,1533,104.0,1189.0,654.3,626.0,null,null,null,null,null,null
BGSNH379-24_r_1.3_s_100_BGSNH379-24,BGSNH379-24,r_1.3_s_100,>BGSNH379-24_r_1.3_s_100_BGSNH379-24,2026309,YP_009019993.1,tribe:Mirini,,1143,null,1536,11.0,252.0,68.81,60.0,null,null,null,null,null,null
BGSNH294-24_r_1_s_50_BGSNH294-24,BGSNH294-24,r_1_s_50,>BGSNH294-24_r_1_s_50_BGSNH294-24,1929793,YP_009019993.1,genus:Adelphocoris,,14,null,1536,0.0,6.0,0.62,0.0,null,null,null,null,null,null
BGSNH322-24_r_1.3_s_100_BGSNH322-24,BGSNH322-24,r_1.3_s_100,>BGSNH322-24_r_1.3_s_100_BGSNH322-24,237212,QDI94090.1,tribe:Phylini,,15948,null,1533,0.0,2069.0,934.08,1027.0,null,null,null,null,null,null
BGSNH301-24_r_1.5_s_50_BGSNH301-24,BGSNH301-24,r_1.5_s_50,>BGSNH301-24_r_1.5_s_50_BGSNH301-24,2868303,YP_009019993.1,tribe:Mirini,,3459,null,1536,0.0,280.0,138.78,139.0,null,null,null,null,null,null
BGSNH326-24_r_1.5_s_50_BGSNH326-24,BGSNH326-24,r_1.5_s_50,>BGSNH326-24_r_1.5_s_50_BGSNH326-24,237212,QDI94090.1,tribe:Phylini,,556,null,1533,0.0,96.0,27.37,26.0,null,null,null,null,null,null
BGSNH292-24_r_1.3_s_100_BGSNH292-24,BGSNH292-24,r_1.3_s_100,>BGSNH292-24_r_1.3_s_100_BGSNH292-24,236347,XSG68089.1,subfamily:Bryocorinae,,793,null,1536,0.0,127.0,43.33,32.0,null,null,null,null,null,null
BGSNH371-24_r_1.5_s_50_BGSNH371-24,BGSNH371-24,r_1.5_s_50,>BGSNH371-24_r_1.5_s_50_BGSNH371-24,1837210,QDI94090.1,tribe:Phylini,,2425,null,1533,0.0,349.0,109.21,108.0,null,null,null,null,null,null
BGSNH317-24_r_1.5_s_100_BGSNH317-24,BGSNH317-24,r_1.5_s_100,>BGSNH317-24_r_1.5_s_100_BGSNH317-24,236347,XSG68089.1,subfamily:Bryocorinae,,28400,null,1536,0.0,4386.0,1758.04,1691.5,null,null,null,null,null,null
BGSNH358-24_r_1.3_s_50_BGSNH358-24,BGSNH358-24,r_1.3_s_50,>BGSNH358-24_r_1.3_s_50_BGSNH358-24,2212857,YP_009019993.1,tribe:Mirini,,1456,null,1536,0.0,262.0,67.24,52.0,null,null,null,null,null,null
BGSNH380-24_r_1_s_50_BGSNH380-24,BGSNH380-24,r_1_s_50,>BGSNH380-24_r_1_s_50_BGSNH380-24,2026309,YP_009019993.1,tribe:Mirini,,36466,null,1536,810.0,3473.0,1786.16,1774.5,null,null,null,null,null,null
BGSNH295-24_r_1.3_s_100_BGSNH295-24,BGSNH295-24,r_1.3_s_100,>BGSNH295-24_r_1.3_s_100_BGSNH295-24,1929793,YP_009019993.1,genus:Adelphocoris,,48702,null,1536,510.0,6294.0,2622.53,2453.0,null,null,null,null,null,null
BGSNH348-24_r_1.5_s_50_BGSNH348-24,BGSNH348-24,r_1.5_s_50,>BGSNH348-24_r_1.5_s_50_BGSNH348-24,2212857,YP_009019993.1,tribe:Mirini,,3191,null,1536,0.0,291.0,125.23,121.0,null,null,null,null,null,null
BGSNH325-24_r_1.3_s_100_BGSNH325-24,BGSNH325-24,r_1.3_s_100,>BGSNH325-24_r_1.3_s_100_BGSNH325-24,237212,QDI94090.1,tribe:Phylini,,788,null,1533,0.0,115.0,53.57,59.0,null,null,null,null,null,null
BGSNH356-24_r_1.5_s_100_BGSNH356-24,BGSNH356-24,r_1.5_s_100,>BGSNH356-24_r_1.5_s_100_BGSNH356-24,2212857,YP_009019993.1,tribe:Mirini,,8819,null,1536,0.0,1041.0,445.99,378.5,null,null,null,null,null,null
BGSNH377-24_r_1.3_s_100_BGSNH377-24,BGSNH377-24,r_1.3_s_100,>BGSNH377-24_r_1.3_s_100_BGSNH377-24,2026309,YP_009019993.1,tribe:Mirini,,2932,null,1536,24.0,377.0,161.31,147.0,null,null,null,null,null,null
BGSNH342-24_r_1.3_s_100_BGSNH342-24,BGSNH342-24,r_1.3_s_100,>BGSNH342-24_r_1.3_s_100_BGSNH342-24,2212857,YP_009019993.1,tribe:Mirini,,10478,null,1536,118.0,1119.0,576.98,544.0,null,null,null,null,null,null
BGSNH293-24_r_1.3_s_100_BGSNH293-24,BGSNH293-24,r_1.3_s_100,>BGSNH293-24_r_1.3_s_100_BGSNH293-24,236347,XSG68089.1,subfamily:Bryocorinae,,3351,null,1536,0.0,333.0,185.24,187.5,null,null,null,null,null,null
BGSNH337-24_r_1_s_100_BGSNH337-24,BGSNH337-24,r_1_s_100,>BGSNH337-24_r_1_s_100_BGSNH337-24,1336454,QDI94090.1,tribe:Phylini,,3620,null,1533,0.0,398.0,234.33,270.0,null,null,null,null,null,null
BGSNH337-24_r_1.5_s_100_BGSNH337-24,BGSNH337-24,r_1.5_s_100,>BGSNH337-24_r_1.5_s_100_BGSNH337-24,1336454,QDI94090.1,tribe:Phylini,,3161,null,1533,0.0,396.0,200.75,232.0,null,null,null,null,null,null
BGSNH290-24_r_1.3_s_50_BGSNH290-24,BGSNH290-24,r_1.3_s_50,>BGSNH290-24_r_1.3_s_50_BGSNH290-24,1545070,AHN95687.1,tribe:Stenodemini,,40933,null,1533,988.0,4714.0,2345.76,2147.0,null,null,null,null,null,null
BGSNH290-24_r_1_s_50_BGSNH290-24,BGSNH290-24,r_1_s_50,>BGSNH290-24_r_1_s_50_BGSNH290-24,1545070,AHN95687.1,tribe:Stenodemini,,41273,null,1533,1010.0,4742.0,2358.84,2152.0,null,null,null,null,null,null
BGSNH332-24_r_1.3_s_100_BGSNH332-24,BGSNH332-24,r_1.3_s_100,>BGSNH332-24_r_1.3_s_100_BGSNH332-24,2315913,QDI94090.1,tribe:Phylini,,12533,null,1533,0.0,1583.0,829.7,888.0,null,null,null,null,null,null
BGSNH339-24_r_1.5_s_50_BGSNH339-24,BGSNH339-24,r_1.5_s_50,>BGSNH339-24_r_1.5_s_50_BGSNH339-24,1336454,QDI94090.1,tribe:Phylini,,4983,null,1533,0.0,531.0,245.42,268.0,null,null,null,null,null,null
BGSNH368-24_r_1_s_50_BGSNH368-24,BGSNH368-24,r_1_s_50,>BGSNH368-24_r_1_s_50_BGSNH368-24,2358427,QDI94090.1,tribe:Phylini,,5956,null,1533,0.0,668.0,284.63,297.0,null,null,null,null,null,null
BGSNH376-24_r_1_s_100_BGSNH376-24,BGSNH376-24,r_1_s_100,>BGSNH376-24_r_1_s_100_BGSNH376-24,1837210,QDI94090.1,tribe:Phylini,,1875,null,1533,0.0,292.0,101.33,102.0,null,null,null,null,null,null
BGSNH364-24_r_1_s_100_BGSNH364-24,BGSNH364-24,r_1_s_100,>BGSNH364-24_r_1_s_100_BGSNH364-24,236347,XSG68089.1,subfamily:Bryocorinae,,23328,null,1536,0.0,2253.0,1355.07,1361.5,null,null,null,null,null,null
BGSNH311-24_r_1.3_s_100_BGSNH311-24,BGSNH311-24,r_1.3_s_100,>BGSNH311-24_r_1.3_s_100_BGSNH311-24,236347,XSG68089.1,subfamily:Bryocorinae,,184922,null,1536,2108.0,17202.0,9892.1,9722.5,null,null,null,null,null,null
BGSNH358-24_r_1.3_s_100_BGSNH358-24,BGSNH358-24,r_1.3_s_100,>BGSNH358-24_r_1.3_s_100_BGSNH358-24,2212857,YP_009019993.1,tribe:Mirini,,896,null,1536,0.0,230.0,50.96,39.0,null,null,null,null,null,null
BGSNH286-24_r_1_s_100_BGSNH286-24,BGSNH286-24,r_1_s_100,>BGSNH286-24_r_1_s_100_BGSNH286-24,1545070,AHN95687.1,tribe:Stenodemini,,5243,null,1533,30.0,647.0,287.19,266.0,null,null,null,null,null,null
BGSNH303-24_r_1.3_s_50_BGSNH303-24,BGSNH303-24,r_1.3_s_50,>BGSNH303-24_r_1.3_s_50_BGSNH303-24,981266,QDI94090.1,tribe:Phylini,,11617,null,1533,0.0,1866.0,564.84,479.0,null,null,null,null,null,null
BGSNH305-24_r_1_s_50_BGSNH305-24,BGSNH305-24,r_1_s_50,>BGSNH305-24_r_1_s_50_BGSNH305-24,981266,QDI94090.1,tribe:Phylini,,57822,null,1533,0.0,8758.0,3096.41,3096.0,null,null,null,null,null,null
BGSNH332-24_r_1.5_s_50_BGSNH332-24,BGSNH332-24,r_1.5_s_50,>BGSNH332-24_r_1.5_s_50_BGSNH332-24,2315913,QDI94090.1,tribe:Phylini,,13637,null,1533,0.0,1636.0,803.3,891.0,null,null,null,null,null,null
BGSNH358-24_r_1.5_s_100_BGSNH358-24,BGSNH358-24,r_1.5_s_100,>BGSNH358-24_r_1.5_s_100_BGSNH358-24,2212857,YP_009019993.1,tribe:Mirini,,727,null,1536,0.0,150.0,38.54,34.0,null,null,null,null,null,null
BGSNH309-24_r_1.5_s_100_BGSNH309-24,BGSNH309-24,r_1.5_s_100,>BGSNH309-24_r_1.5_s_100_BGSNH309-24,981266,QDI94090.1,tribe:Phylini,,33696,null,1533,0.0,5503.0,1854.0,1715.0,null,null,null,null,null,null
BGSNH340-24_r_1.3_s_50_BGSNH340-24,BGSNH340-24,r_1.3_s_50,>BGSNH340-24_r_1.3_s_50_BGSNH340-24,1336454,QDI94090.1,tribe:Phylini,,2272,null,1533,0.0,228.0,90.99,94.0,null,null,null,null,null,null
BGSNH348-24_r_1.3_s_100_BGSNH348-24,BGSNH348-24,r_1.3_s_100,>BGSNH348-24_r_1.3_s_100_BGSNH348-24,2212857,YP_009019993.1,tribe:Mirini,,1720,null,1536,6.0,278.0,87.6,70.0,null,null,null,null,null,null
BGSNH333-24_r_1.5_s_50_BGSNH333-24,BGSNH333-24,r_1.5_s_50,>BGSNH333-24_r_1.5_s_50_BGSNH333-24,2315913,QDI94090.1,tribe:Phylini,,27620,null,1533,0.0,3019.0,1203.19,1279.0,null,null,null,null,null,null
BGSNH334-24_r_1.5_s_100_BGSNH334-24,BGSNH334-24,r_1.5_s_100,>BGSNH334-24_r_1.5_s_100_BGSNH334-24,2315913,QDI94090.1,tribe:Phylini,,52495,null,1533,0.0,6229.0,2854.09,3258.0,null,null,null,null,null,null
BGSNH324-24_r_1_s_50_BGSNH324-24,BGSNH324-24,r_1_s_50,>BGSNH324-24_r_1_s_50_BGSNH324-24,237212,QDI94090.1,tribe:Phylini,,20758,null,1533,0.0,2619.0,1070.11,1050.0,null,null,null,null,null,null
BGSNH345-24_r_1.3_s_50_BGSNH345-24,BGSNH345-24,r_1.3_s_50,>BGSNH345-24_r_1.3_s_50_BGSNH345-24,2212857,YP_009019993.1,tribe:Mirini,,82437,null,1536,2619.0,6479.0,4326.69,4285.5,null,null,null,null,null,null
BGSNH360-24_r_1_s_50_BGSNH360-24,BGSNH360-24,r_1_s_50,>BGSNH360-24_r_1_s_50_BGSNH360-24,2212857,YP_009019993.1,tribe:Mirini,,10293,null,1536,115.0,1099.0,445.28,416.5,null,null,null,null,null,null
BGSNH303-24_r_1.5_s_50_BGSNH303-24,BGSNH303-24,r_1.5_s_50,>BGSNH303-24_r_1.5_s_50_BGSNH303-24,981266,QDI94090.1,tribe:Phylini,,9857,null,1533,0.0,1854.0,468.84,407.0,null,null,null,null,null,null
BGSNH325-24_r_1.5_s_100_BGSNH325-24,BGSNH325-24,r_1.5_s_100,>BGSNH325-24_r_1.5_s_100_BGSNH325-24,237212,QDI94090.1,tribe:Phylini,,680,null,1533,0.0,115.0,45.89,50.0,null,null,null,null,null,null
BGSNH332-24_r_1_s_50_BGSNH332-24,BGSNH332-24,r_1_s_50,>BGSNH332-24_r_1_s_50_BGSNH332-24,2315913,QDI94090.1,tribe:Phylini,,15831,null,1533,0.0,1944.0,937.12,964.0,null,null,null,null,null,null
BGSNH334-24_r_1_s_100_BGSNH334-24,BGSNH334-24,r_1_s_100,>BGSNH334-24_r_1_s_100_BGSNH334-24,2315913,QDI94090.1,tribe:Phylini,,57288,null,1533,0.0,6254.0,3151.67,3458.0,null,null,null,null,null,null
BGSNH317-24_r_1_s_50_BGSNH317-24,BGSNH317-24,r_1_s_50,>BGSNH317-24_r_1_s_50_BGSNH317-24,236347,XSG68089.1,subfamily:Bryocorinae,,44890,null,1536,1226.0,5501.0,2575.18,2192.5,null,null,null,null,null,null
BGSNH349-24_r_1_s_100_BGSNH349-24,BGSNH349-24,r_1_s_100,>BGSNH349-24_r_1_s_100_BGSNH349-24,2212857,YP_009019993.1,tribe:Mirini,,793,null,1536,0.0,176.0,56.04,46.0,null,null,null,null,null,null
BGSNH331-24_r_1.3_s_50_BGSNH331-24,BGSNH331-24,r_1.3_s_50,>BGSNH331-24_r_1.3_s_50_BGSNH331-24,2315913,QDI94090.1,tribe:Phylini,,98738,null,1533,0.0,12642.0,4875.39,5116.0,null,null,null,null,null,null
BGSNH287-24_r_1_s_100_BGSNH287-24,BGSNH287-24,r_1_s_100,>BGSNH287-24_r_1_s_100_BGSNH287-24,1545070,AHN95687.1,tribe:Stenodemini,,4059,null,1533,6.0,427.0,227.07,224.0,null,null,null,null,null,null
BGSNH310-24_r_1_s_50_BGSNH310-24,BGSNH310-24,r_1_s_50,>BGSNH310-24_r_1_s_50_BGSNH310-24,236347,XSG68089.1,subfamily:Bryocorinae,,28553,null,1536,533.0,2163.0,1349.81,1360.5,null,null,null,null,null,null
BGSNH372-24_r_1.3_s_50_BGSNH372-24,BGSNH372-24,r_1.3_s_50,>BGSNH372-24_r_1.3_s_50_BGSNH372-24,1837210,QDI94090.1,tribe:Phylini,,1596,null,1533,0.0,150.0,71.4,72.0,null,null,null,null,null,null
BGSNH352-24_r_1_s_100_BGSNH352-24,BGSNH352-24,r_1_s_100,>BGSNH352-24_r_1_s_100_BGSNH352-24,2212857,YP_009019993.1,tribe:Mirini,,266,null,1536,0.0,56.0,17.24,14.5,null,null,null,null,null,null
BGSNH286-24_r_1.5_s_100_BGSNH286-24,BGSNH286-24,r_1.5_s_100,>BGSNH286-24_r_1.5_s_100_BGSNH286-24,1545070,AHN95687.1,tribe:Stenodemini,,4487,null,1533,2.0,627.0,241.59,221.0,null,null,null,null,null,null
BGSNH322-24_r_1.5_s_50_BGSNH322-24,BGSNH322-24,r_1.5_s_50,>BGSNH322-24_r_1.5_s_50_BGSNH322-24,237212,QDI94090.1,tribe:Phylini,,20009,null,1533,0.0,2234.0,1016.6,1144.0,null,null,null,null,null,null
BGSNH343-24_r_1.3_s_100_BGSNH343-24,BGSNH343-24,r_1.3_s_100,>BGSNH343-24_r_1.3_s_100_BGSNH343-24,2212857,YP_009019993.1,tribe:Mirini,,29212,null,1536,608.0,2624.0,1864.11,1834.5,null,null,null,null,null,null
BGSNH310-24_r_1_s_100_BGSNH310-24,BGSNH310-24,r_1_s_100,>BGSNH310-24_r_1_s_100_BGSNH310-24,236347,XSG68089.1,subfamily:Bryocorinae,,18378,null,1536,198.0,1884.0,1003.26,951.0,null,null,null,null,null,null
BGSNH367-24_r_1_s_50_BGSNH367-24,BGSNH367-24,r_1_s_50,>BGSNH367-24_r_1_s_50_BGSNH367-24,2358427,QDI94090.1,tribe:Phylini,,5256,null,1533,0.0,591.0,250.9,249.0,null,null,null,null,null,null
BGSNH342-24_r_1.5_s_50_BGSNH342-24,BGSNH342-24,r_1.5_s_50,>BGSNH342-24_r_1.5_s_50_BGSNH342-24,2212857,YP_009019993.1,tribe:Mirini,,11830,null,1536,5.0,1243.0,585.62,547.0,null,null,null,null,null,null
BGSNH378-24_r_1.5_s_50_BGSNH378-24,BGSNH378-24,r_1.5_s_50,>BGSNH378-24_r_1.5_s_50_BGSNH378-24,2026309,YP_009019993.1,tribe:Mirini,,119,null,1536,0.0,85.0,5.83,0.0,null,null,null,null,null,null
BGSNH291-24_r_1_s_50_BGSNH291-24,BGSNH291-24,r_1_s_50,>BGSNH291-24_r_1_s_50_BGSNH291-24,1545070,AHN95687.1,tribe:Stenodemini,,15808,null,1533,444.0,1451.0,882.32,842.0,null,null,null,null,null,null
BGSNH352-24_r_1.5_s_50_BGSNH352-24,BGSNH352-24,r_1.5_s_50,>BGSNH352-24_r_1.5_s_50_BGSNH352-24,2212857,YP_009019993.1,tribe:Mirini,,261,null,1536,0.0,38.0,9.94,8.0,null,null,null,null,null,null
BGSNH344-24_r_1.3_s_100_BGSNH344-24,BGSNH344-24,r_1.3_s_100,>BGSNH344-24_r_1.3_s_100_BGSNH344-24,2212857,YP_009019993.1,tribe:Mirini,,15244,null,1536,172.0,1540.0,815.71,781.0,null,null,null,null,null,null
BGSNH348-24_r_1.3_s_50_BGSNH348-24,BGSNH348-24,r_1.3_s_50,>BGSNH348-24_r_1.3_s_50_BGSNH348-24,2212857,YP_009019993.1,tribe:Mirini,,3994,null,1536,22.0,342.0,159.95,150.0,null,null,null,null,null,null
BGSNH323-24_r_1.5_s_100_BGSNH323-24,BGSNH323-24,r_1.5_s_100,>BGSNH323-24_r_1.5_s_100_BGSNH323-24,237212,QDI94090.1,tribe:Phylini,,27789,null,1533,0.0,4392.0,1643.93,1893.0,null,null,null,null,null,null
BGSNH286-24_r_1.3_s_100_BGSNH286-24,BGSNH286-24,r_1.3_s_100,>BGSNH286-24_r_1.3_s_100_BGSNH286-24,1545070,AHN95687.1,tribe:Stenodemini,,5143,null,1533,30.0,634.0,279.1,255.0,null,null,null,null,null,null
BGSNH363-24_r_1.5_s_50_BGSNH363-24,BGSNH363-24,r_1.5_s_50,>BGSNH363-24_r_1.5_s_50_BGSNH363-24,1545085,YP_010424628.1,tribe:Orthotylini,,50197,null,1533,0.0,4301.0,2531.58,2793.0,null,null,null,null,null,null
BGSNH288-24_r_1_s_50_BGSNH288-24,BGSNH288-24,r_1_s_50,>BGSNH288-24_r_1_s_50_BGSNH288-24,1545070,AHN95687.1,tribe:Stenodemini,,192254,null,1533,3158.0,18896.0,9568.41,8859.0,null,null,null,null,null,null
BGSNH348-24_r_1_s_100_BGSNH348-24,BGSNH348-24,r_1_s_100,>BGSNH348-24_r_1_s_100_BGSNH348-24,2212857,YP_009019993.1,tribe:Mirini,,2061,null,1536,6.0,333.0,116.04,96.0,null,null,null,null,null,null
BGSNH316-24_r_1.3_s_50_BGSNH316-24,BGSNH316-24,r_1.3_s_50,>BGSNH316-24_r_1.3_s_50_BGSNH316-24,236347,XSG68089.1,subfamily:Bryocorinae,,30529,null,1536,655.0,3780.0,1841.05,1627.5,null,null,null,null,null,null
BGSNH380-24_r_1_s_100_BGSNH380-24,BGSNH380-24,r_1_s_100,>BGSNH380-24_r_1_s_100_BGSNH380-24,2026309,YP_009019993.1,tribe:Mirini,,26228,null,1536,314.0,2654.0,1448.67,1460.5,null,null,null,null,null,null
BGSNH364-24_r_1.3_s_100_BGSNH364-24,BGSNH364-24,r_1.3_s_100,>BGSNH364-24_r_1.3_s_100_BGSNH364-24,236347,XSG68089.1,subfamily:Bryocorinae,,22282,null,1536,0.0,1974.0,1287.97,1346.0,null,null,null,null,null,null
BGSNH324-24_r_1.3_s_100_BGSNH324-24,BGSNH324-24,r_1.3_s_100,>BGSNH324-24_r_1.3_s_100_BGSNH324-24,237212,QDI94090.1,tribe:Phylini,,13384,null,1533,0.0,1854.0,786.58,810.0,null,null,null,null,null,null
BGSNH308-24_r_1.3_s_50_BGSNH308-24,BGSNH308-24,r_1.3_s_50,>BGSNH308-24_r_1.3_s_50_BGSNH308-24,981266,QDI94090.1,tribe:Phylini,,8461,null,1533,0.0,1252.0,416.59,337.0,null,null,null,null,null,null
BGSNH373-24_r_1.3_s_100_BGSNH373-24,BGSNH373-24,r_1.3_s_100,>BGSNH373-24_r_1.3_s_100_BGSNH373-24,1837210,QDI94090.1,tribe:Phylini,,2445,null,1533,0.0,335.0,130.56,129.0,null,null,null,null,null,null
BGSNH365-24_r_1_s_100_BGSNH365-24,BGSNH365-24,r_1_s_100,>BGSNH365-24_r_1_s_100_BGSNH365-24,236347,XSG68089.1,subfamily:Bryocorinae,,8974,null,1536,0.0,937.0,605.15,592.0,null,null,null,null,null,null
BGSNH293-24_r_1_s_50_BGSNH293-24,BGSNH293-24,r_1_s_50,>BGSNH293-24_r_1_s_50_BGSNH293-24,236347,XSG68089.1,subfamily:Bryocorinae,,6014,null,1536,0.0,530.0,300.71,306.0,null,null,null,null,null,null
BGSNH296-24_r_1_s_100_BGSNH296-24,BGSNH296-24,r_1_s_100,>BGSNH296-24_r_1_s_100_BGSNH296-24,1929793,YP_009019993.1,genus:Adelphocoris,,32754,null,1536,416.0,3863.0,1827.32,1706.0,null,null,null,null,null,null
BGSNH307-24_r_1.5_s_100_BGSNH307-24,BGSNH307-24,r_1.5_s_100,>BGSNH307-24_r_1.5_s_100_BGSNH307-24,981266,QDI94090.1,tribe:Phylini,,8763,null,1533,0.0,1692.0,464.66,459.0,null,null,null,null,null,null
BGSNH334-24_r_1_s_50_BGSNH334-24,BGSNH334-24,r_1_s_50,>BGSNH334-24_r_1_s_50_BGSNH334-24,2315913,QDI94090.1,tribe:Phylini,,87386,null,1533,0.0,9978.0,4114.34,4396.0,null,null,null,null,null,null
BGSNH359-24_r_1_s_50_BGSNH359-24,BGSNH359-24,r_1_s_50,>BGSNH359-24_r_1_s_50_BGSNH359-24,2212857,YP_009019993.1,tribe:Mirini,,1909,null,1536,11.0,358.0,107.54,74.5,null,null,null,null,null,null
BGSNH301-24_r_1.3_s_50_BGSNH301-24,BGSNH301-24,r_1.3_s_50,>BGSNH301-24_r_1.3_s_50_BGSNH301-24,2868303,YP_009019993.1,tribe:Mirini,,3952,null,1536,44.0,304.0,161.18,156.0,null,null,null,null,null,null
BGSNH364-24_r_1_s_50_BGSNH364-24,BGSNH364-24,r_1_s_50,>BGSNH364-24_r_1_s_50_BGSNH364-24,236347,XSG68089.1,subfamily:Bryocorinae,,32860,null,1536,0.0,3211.0,1688.83,1603.0,null,null,null,null,null,null
BGSNH309-24_r_1_s_50_BGSNH309-24,BGSNH309-24,r_1_s_50,>BGSNH309-24_r_1_s_50_BGSNH309-24,981266,QDI94090.1,tribe:Phylini,,58472,null,1533,0.0,7758.0,2798.58,2453.0,null,null,null,null,null,null
BGSNH292-24_r_1_s_100_BGSNH292-24,BGSNH292-24,r_1_s_100,>BGSNH292-24_r_1_s_100_BGSNH292-24,236347,XSG68089.1,subfamily:Bryocorinae,,1031,null,1536,0.0,168.0,62.21,59.0,null,null,null,null,null,null
BGSNH338-24_r_1.3_s_100_BGSNH338-24,BGSNH338-24,r_1.3_s_100,>BGSNH338-24_r_1.3_s_100_BGSNH338-24,1336454,QDI94090.1,tribe:Phylini,,543,null,1533,0.0,86.0,27.28,24.0,null,null,null,null,null,null
BGSNH380-24_r_1.3_s_100_BGSNH380-24,BGSNH380-24,r_1.3_s_100,>BGSNH380-24_r_1.3_s_100_BGSNH380-24,2026309,YP_009019993.1,tribe:Mirini,,25548,null,1536,312.0,2648.0,1394.41,1390.0,null,null,null,null,null,null
BGSNH293-24_r_1.5_s_50_BGSNH293-24,BGSNH293-24,r_1.5_s_50,>BGSNH293-24_r_1.5_s_50_BGSNH293-24,236347,XSG68089.1,subfamily:Bryocorinae,,3787,null,1536,0.0,453.0,174.03,175.0,null,null,null,null,null,null
BGSNH305-24_r_1.5_s_50_BGSNH305-24,BGSNH305-24,r_1.5_s_50,>BGSNH305-24_r_1.5_s_50_BGSNH305-24,981266,QDI94090.1,tribe:Phylini,,48755,null,1533,0.0,6007.0,2573.74,2669.0,null,null,null,null,null,null
BGSNH315-24_r_1.3_s_100_BGSNH315-24,BGSNH315-24,r_1.3_s_100,>BGSNH315-24_r_1.3_s_100_BGSNH315-24,236347,XSG68089.1,subfamily:Bryocorinae,,6461,null,1536,198.0,1042.0,483.03,419.5,null,null,null,null,null,null
BGSNH290-24_r_1.5_s_50_BGSNH290-24,BGSNH290-24,r_1.5_s_50,>BGSNH290-24_r_1.5_s_50_BGSNH290-24,1545070,AHN95687.1,tribe:Stenodemini,,33649,null,1533,340.0,4695.0,1947.87,1711.0,null,null,null,null,null,null
BGSNH368-24_r_1.5_s_50_BGSNH368-24,BGSNH368-24,r_1.5_s_50,>BGSNH368-24_r_1.5_s_50_BGSNH368-24,2358427,QDI94090.1,tribe:Phylini,,4481,null,1533,0.0,591.0,208.88,217.0,null,null,null,null,null,null
BGSNH361-24_r_1.3_s_50_BGSNH361-24,BGSNH361-24,r_1.3_s_50,>BGSNH361-24_r_1.3_s_50_BGSNH361-24,1545085,YP_010424628.1,tribe:Orthotylini,,1401,null,1533,23.0,162.0,72.83,72.0,null,null,null,null,null,null
BGSNH305-24_r_1.5_s_100_BGSNH305-24,BGSNH305-24,r_1.5_s_100,>BGSNH305-24_r_1.5_s_100_BGSNH305-24,981266,QDI94090.1,tribe:Phylini,,37663,null,1533,0.0,5461.0,2243.17,2364.0,null,null,null,null,null,null
BGSNH289-24_r_1.5_s_50_BGSNH289-24,BGSNH289-24,r_1.5_s_50,>BGSNH289-24_r_1.5_s_50_BGSNH289-24,1545070,AHN95687.1,tribe:Stenodemini,,11946,null,1533,91.0,1311.0,630.89,585.0,null,null,null,null,null,null
BGSNH318-24_r_1_s_100_BGSNH318-24,BGSNH318-24,r_1_s_100,>BGSNH318-24_r_1_s_100_BGSNH318-24,236347,XSG68089.1,subfamily:Bryocorinae,,21874,null,1536,0.0,2912.0,1311.22,1121.0,null,null,null,null,null,null
BGSNH356-24_r_1.5_s_50_BGSNH356-24,BGSNH356-24,r_1.5_s_50,>BGSNH356-24_r_1.5_s_50_BGSNH356-24,2212857,YP_009019993.1,tribe:Mirini,,14681,null,1536,0.0,1688.0,626.43,532.0,null,null,null,null,null,null
BGSNH365-24_r_1.3_s_100_BGSNH365-24,BGSNH365-24,r_1.3_s_100,>BGSNH365-24_r_1.3_s_100_BGSNH365-24,236347,XSG68089.1,subfamily:Bryocorinae,,8662,null,1536,0.0,931.0,583.61,589.0,null,null,null,null,null,null
BGSNH346-24_r_1.3_s_50_BGSNH346-24,BGSNH346-24,r_1.3_s_50,>BGSNH346-24_r_1.3_s_50_BGSNH346-24,2212857,YP_009019993.1,tribe:Mirini,,4258,null,1536,37.0,465.0,185.88,168.5,null,null,null,null,null,null
BGSNH300-24_r_1.5_s_50_BGSNH300-24,BGSNH300-24,r_1.5_s_50,>BGSNH300-24_r_1.5_s_50_BGSNH300-24,2868303,YP_009019993.1,tribe:Mirini,,416,null,1536,0.0,99.0,17.31,12.0,null,null,null,null,null,null
BGSNH287-24_r_1.3_s_100_BGSNH287-24,BGSNH287-24,r_1.3_s_100,>BGSNH287-24_r_1.3_s_100_BGSNH287-24,1545070,AHN95687.1,tribe:Stenodemini,,3751,null,1533,6.0,418.0,203.12,202.0,null,null,null,null,null,null
BGSNH357-24_r_1.5_s_50_BGSNH357-24,BGSNH357-24,r_1.5_s_50,>BGSNH357-24_r_1.5_s_50_BGSNH357-24,2212857,YP_009019993.1,tribe:Mirini,,3607,null,1536,6.0,444.0,187.46,167.0,null,null,null,null,null,null
BGSNH335-24_r_1_s_50_BGSNH335-24,BGSNH335-24,r_1_s_50,>BGSNH335-24_r_1_s_50_BGSNH335-24,2315913,QDI94090.1,tribe:Phylini,,3054,null,1533,0.0,291.0,153.95,169.0,null,null,null,null,null,null
BGSNH300-24_r_1.3_s_100_BGSNH300-24,BGSNH300-24,r_1.3_s_100,>BGSNH300-24_r_1.3_s_100_BGSNH300-24,2868303,YP_009019993.1,tribe:Mirini,,378,null,1536,0.0,103.0,20.49,12.0,null,null,null,null,null,null
BGSNH377-24_r_1_s_100_BGSNH377-24,BGSNH377-24,r_1_s_100,>BGSNH377-24_r_1_s_100_BGSNH377-24,2026309,YP_009019993.1,tribe:Mirini,,3563,null,1536,39.0,490.0,213.64,192.5,null,null,null,null,null,null
BGSNH343-24_r_1.5_s_50_BGSNH343-24,BGSNH343-24,r_1.5_s_50,>BGSNH343-24_r_1.5_s_50_BGSNH343-24,2212857,YP_009019993.1,tribe:Mirini,,28630,null,1536,4.0,2689.0,1704.14,1752.0,null,null,null,null,null,null
BGSNH349-24_r_1.5_s_100_BGSNH349-24,BGSNH349-24,r_1.5_s_100,>BGSNH349-24_r_1.5_s_100_BGSNH349-24,2212857,YP_009019993.1,tribe:Mirini,,309,null,1536,0.0,63.0,14.32,13.0,null,null,null,null,null,null
BGSNH346-24_r_1_s_50_BGSNH346-24,BGSNH346-24,r_1_s_50,>BGSNH346-24_r_1_s_50_BGSNH346-24,2212857,YP_009019993.1,tribe:Mirini,,5284,null,1536,37.0,634.0,249.63,226.0,null,null,null,null,null,null
BGSNH326-24_r_1.5_s_100_BGSNH326-24,BGSNH326-24,r_1.5_s_100,>BGSNH326-24_r_1.5_s_100_BGSNH326-24,237212,QDI94090.1,tribe:Phylini,,386,null,1533,0.0,77.0,22.6,20.0,null,null,null,null,null,null
BGSNH350-24_r_1.5_s_100_BGSNH350-24,BGSNH350-24,r_1.5_s_100,>BGSNH350-24_r_1.5_s_100_BGSNH350-24,2212857,YP_009019993.1,tribe:Mirini,,121,null,1536,0.0,33.0,5.6,2.0,null,null,null,null,null,null
BGSNH291-24_r_1.5_s_100_BGSNH291-24,BGSNH291-24,r_1.5_s_100,>BGSNH291-24_r_1.5_s_100_BGSNH291-24,1545070,AHN95687.1,tribe:Stenodemini,,10374,null,1533,71.0,1297.0,645.7,613.0,null,null,null,null,null,null
BGSNH330-24_r_1_s_100_BGSNH330-24,BGSNH330-24,r_1_s_100,>BGSNH330-24_r_1_s_100_BGSNH330-24,237212,QDI94090.1,tribe:Phylini,,547,null,1533,0.0,78.0,36.54,39.0,null,null,null,null,null,null
BGSNH315-24_r_1.5_s_100_BGSNH315-24,BGSNH315-24,r_1.5_s_100,>BGSNH315-24_r_1.5_s_100_BGSNH315-24,236347,XSG68089.1,subfamily:Bryocorinae,,5432,null,1536,0.0,978.0,404.42,349.5,null,null,null,null,null,null
BGSNH336-24_r_1.5_s_50_BGSNH336-24,BGSNH336-24,r_1.5_s_50,>BGSNH336-24_r_1.5_s_50_BGSNH336-24,2315913,QDI94090.1,tribe:Phylini,,2351,null,1533,0.0,258.0,125.18,141.0,null,null,null,null,null,null
BGSNH332-24_r_1.3_s_50_BGSNH332-24,BGSNH332-24,r_1.3_s_50,>BGSNH332-24_r_1.3_s_50_BGSNH332-24,2315913,QDI94090.1,tribe:Phylini,,15470,null,1533,0.0,1794.0,919.69,962.0,null,null,null,null,null,null
BGSNH344-24_r_1_s_100_BGSNH344-24,BGSNH344-24,r_1_s_100,>BGSNH344-24_r_1_s_100_BGSNH344-24,2212857,YP_009019993.1,tribe:Mirini,,15881,null,1536,173.0,1588.0,860.35,822.0,null,null,null,null,null,null
BGSNH350-24_r_1.3_s_50_BGSNH350-24,BGSNH350-24,r_1.3_s_50,>BGSNH350-24_r_1.3_s_50_BGSNH350-24,2212857,YP_009019993.1,tribe:Mirini,,329,null,1536,0.0,66.0,13.65,12.0,null,null,null,null,null,null
BGSNH361-24_r_1.5_s_50_BGSNH361-24,BGSNH361-24,r_1.5_s_50,>BGSNH361-24_r_1.5_s_50_BGSNH361-24,1545085,YP_010424628.1,tribe:Orthotylini,,1046,null,1533,0.0,114.0,55.46,60.0,null,null,null,null,null,null
BGSNH366-24_r_1.3_s_100_BGSNH366-24,BGSNH366-24,r_1.3_s_100,>BGSNH366-24_r_1.3_s_100_BGSNH366-24,236347,XSG68089.1,subfamily:Bryocorinae,,34846,null,1536,0.0,3034.0,2123.48,2178.0,null,null,null,null,null,null
BGSNH304-24_r_1.5_s_50_BGSNH304-24,BGSNH304-24,r_1.5_s_50,>BGSNH304-24_r_1.5_s_50_BGSNH304-24,981266,QDI94090.1,tribe:Phylini,,28673,null,1533,0.0,3565.0,1493.38,1454.0,null,null,null,null,null,null
BGSNH306-24_r_1.3_s_50_BGSNH306-24,BGSNH306-24,r_1.3_s_50,>BGSNH306-24_r_1.3_s_50_BGSNH306-24,981266,QDI94090.1,tribe:Phylini,,11400,null,1533,0.0,1462.0,547.31,547.0,null,null,null,null,null,null
BGSNH335-24_r_1.3_s_50_BGSNH335-24,BGSNH335-24,r_1.3_s_50,>BGSNH335-24_r_1.3_s_50_BGSNH335-24,2315913,QDI94090.1,tribe:Phylini,,2931,null,1533,0.0,291.0,149.3,168.0,null,null,null,null,null,null
BGSNH380-24_r_1.3_s_50_BGSNH380-24,BGSNH380-24,r_1.3_s_50,>BGSNH380-24_r_1.3_s_50_BGSNH380-24,2026309,YP_009019993.1,tribe:Mirini,,35093,null,1536,776.0,3468.0,1703.37,1663.0,null,null,null,null,null,null
BGSNH331-24_r_1.3_s_100_BGSNH331-24,BGSNH331-24,r_1.3_s_100,>BGSNH331-24_r_1.3_s_100_BGSNH331-24,2315913,QDI94090.1,tribe:Phylini,,69246,null,1533,0.0,8922.0,3940.97,4057.0,null,null,null,null,null,null
BGSNH297-24_r_1.3_s_50_BGSNH297-24,BGSNH297-24,r_1.3_s_50,>BGSNH297-24_r_1.3_s_50_BGSNH297-24,1929793,YP_009019993.1,genus:Adelphocoris,,12908,null,1536,275.0,1182.0,595.37,568.5,null,null,null,null,null,null
BGSNH379-24_r_1.5_s_100_BGSNH379-24,BGSNH379-24,r_1.5_s_100,>BGSNH379-24_r_1.5_s_100_BGSNH379-24,2026309,YP_009019993.1,tribe:Mirini,,918,null,1536,0.0,177.0,51.99,46.5,null,null,null,null,null,null
BGSNH301-24_r_1.3_s_100_BGSNH301-24,BGSNH301-24,r_1.3_s_100,>BGSNH301-24_r_1.3_s_100_BGSNH301-24,2868303,YP_009019993.1,tribe:Mirini,,2183,null,1536,12.0,249.0,106.41,97.0,null,null,null,null,null,null
BGSNH302-24_r_1.5_s_100_BGSNH302-24,BGSNH302-24,r_1.5_s_100,>BGSNH302-24_r_1.5_s_100_BGSNH302-24,981266,QDI94090.1,tribe:Phylini,,6552,null,1533,0.0,994.0,355.04,358.0,null,null,null,null,null,null
BGSNH308-24_r_1.3_s_100_BGSNH308-24,BGSNH308-24,r_1.3_s_100,>BGSNH308-24_r_1.3_s_100_BGSNH308-24,981266,QDI94090.1,tribe:Phylini,,6210,null,1533,0.0,1130.0,346.67,265.0,null,null,null,null,null,null
BGSNH292-24_r_1.3_s_50_BGSNH292-24,BGSNH292-24,r_1.3_s_50,>BGSNH292-24_r_1.3_s_50_BGSNH292-24,236347,XSG68089.1,subfamily:Bryocorinae,,1544,null,1536,0.0,166.0,67.75,58.0,null,null,null,null,null,null
BGSNH376-24_r_1.3_s_50_BGSNH376-24,BGSNH376-24,r_1.3_s_50,>BGSNH376-24_r_1.3_s_50_BGSNH376-24,1837210,QDI94090.1,tribe:Phylini,,3038,null,1533,0.0,368.0,135.24,128.0,null,null,null,null,null,null
BGSNH291-24_r_1.3_s_50_BGSNH291-24,BGSNH291-24,r_1.3_s_50,>BGSNH291-24_r_1.3_s_50_BGSNH291-24,1545070,AHN95687.1,tribe:Stenodemini,,15419,null,1533,428.0,1443.0,865.79,833.0,null,null,null,null,null,null
BGSNH373-24_r_1_s_100_BGSNH373-24,BGSNH373-24,r_1_s_100,>BGSNH373-24_r_1_s_100_BGSNH373-24,1837210,QDI94090.1,tribe:Phylini,,2484,null,1533,0.0,342.0,133.29,132.0,null,null,null,null,null,null
BGSNH349-24_r_1.3_s_50_BGSNH349-24,BGSNH349-24,r_1.3_s_50,>BGSNH349-24_r_1.3_s_50_BGSNH349-24,2212857,YP_009019993.1,tribe:Mirini,,1498,null,1536,2.0,148.0,56.14,53.0,null,null,null,null,null,null
BGSNH292-24_r_1_s_50_BGSNH292-24,BGSNH292-24,r_1_s_50,>BGSNH292-24_r_1_s_50_BGSNH292-24,236347,XSG68089.1,subfamily:Bryocorinae,,1943,null,1536,0.0,239.0,93.29,85.0,null,null,null,null,null,null
BGSNH327-24_r_1.3_s_100_BGSNH327-24,BGSNH327-24,r_1.3_s_100,>BGSNH327-24_r_1.3_s_100_BGSNH327-24,237212,QDI94090.1,tribe:Phylini,,420,null,1533,0.0,86.0,27.81,25.0,null,null,null,null,null,null
BGSNH364-24_r_1.5_s_100_BGSNH364-24,BGSNH364-24,r_1.5_s_100,>BGSNH364-24_r_1.5_s_100_BGSNH364-24,236347,XSG68089.1,subfamily:Bryocorinae,,18330,null,1536,0.0,1951.0,1040.7,1177.0,null,null,null,null,null,null
BGSNH351-24_r_1_s_50_BGSNH351-24,BGSNH351-24,r_1_s_50,>BGSNH351-24_r_1_s_50_BGSNH351-24,2212857,YP_009019993.1,tribe:Mirini,,1074,null,1536,0.0,161.0,58.32,48.5,null,null,null,null,null,null
BGSNH372-24_r_1.5_s_100_BGSNH372-24,BGSNH372-24,r_1.5_s_100,>BGSNH372-24_r_1.5_s_100_BGSNH372-24,1837210,QDI94090.1,tribe:Phylini,,862,null,1533,0.0,122.0,44.88,44.0,null,null,null,null,null,null
BGSNH369-24_r_1.5_s_100_BGSNH369-24,BGSNH369-24,r_1.5_s_100,>BGSNH369-24_r_1.5_s_100_BGSNH369-24,2358427,QDI94090.1,tribe:Phylini,,184,null,1533,0.0,48.0,10.9,5.0,null,null,null,null,null,null
BGSNH302-24_r_1_s_50_BGSNH302-24,BGSNH302-24,r_1_s_50,>BGSNH302-24_r_1_s_50_BGSNH302-24,981266,QDI94090.1,tribe:Phylini,,11873,null,1533,0.0,1780.0,558.07,533.0,null,null,null,null,null,null
BGSNH321-24_r_1_s_50_BGSNH321-24,BGSNH321-24,r_1_s_50,>BGSNH321-24_r_1_s_50_BGSNH321-24,237212,QDI94090.1,tribe:Phylini,,17150,null,1533,0.0,2433.0,909.9,920.0,null,null,null,null,null,null
BGSNH353-24_r_1.3_s_100_BGSNH353-24,BGSNH353-24,r_1.3_s_100,>BGSNH353-24_r_1.3_s_100_BGSNH353-24,2212857,YP_009019993.1,tribe:Mirini,,8495,null,1536,38.0,1125.0,449.64,410.0,null,null,null,null,null,null
BGSNH286-24_r_1_s_50_BGSNH286-24,BGSNH286-24,r_1_s_50,>BGSNH286-24_r_1_s_50_BGSNH286-24,1545070,AHN95687.1,tribe:Stenodemini,,8514,null,1533,126.0,1565.0,391.63,330.0,null,null,null,null,null,null
BGSNH306-24_r_1_s_50_BGSNH306-24,BGSNH306-24,r_1_s_50,>BGSNH306-24_r_1_s_50_BGSNH306-24,981266,QDI94090.1,tribe:Phylini,,11898,null,1533,0.0,1478.0,569.16,573.0,null,null,null,null,null,null
BGSNH317-24_r_1.3_s_100_BGSNH317-24,BGSNH317-24,r_1.3_s_100,>BGSNH317-24_r_1.3_s_100_BGSNH317-24,236347,XSG68089.1,subfamily:Bryocorinae,,32912,null,1536,626.0,4911.0,2053.41,1869.0,null,null,null,null,null,null
BGSNH323-24_r_1.5_s_50_BGSNH323-24,BGSNH323-24,r_1.5_s_50,>BGSNH323-24_r_1.5_s_50_BGSNH323-24,237212,QDI94090.1,tribe:Phylini,,36159,null,1533,0.0,4732.0,1893.8,2149.0,null,null,null,null,null,null
BGSNH338-24_r_1.3_s_50_BGSNH338-24,BGSNH338-24,r_1.3_s_50,>BGSNH338-24_r_1.3_s_50_BGSNH338-24,1336454,QDI94090.1,tribe:Phylini,,1258,null,1533,0.0,136.0,49.34,50.0,null,null,null,null,null,null
BGSNH320-24_r_1.3_s_100_BGSNH320-24,BGSNH320-24,r_1.3_s_100,>BGSNH320-24_r_1.3_s_100_BGSNH320-24,237212,QDI94090.1,tribe:Phylini,,42157,null,1533,0.0,5469.0,2631.23,2876.0,null,null,null,null,null,null
BGSNH301-24_r_1.5_s_100_BGSNH301-24,BGSNH301-24,r_1.5_s_100,>BGSNH301-24_r_1.5_s_100_BGSNH301-24,2868303,YP_009019993.1,tribe:Mirini,,1980,null,1536,0.0,249.0,94.04,83.0,null,null,null,null,null,null
BGSNH294-24_r_1.3_s_50_BGSNH294-24,BGSNH294-24,r_1.3_s_50,>BGSNH294-24_r_1.3_s_50_BGSNH294-24,1929793,YP_009019993.1,genus:Adelphocoris,,12,null,1536,0.0,6.0,0.5,0.0,null,null,null,null,null,null
BGSNH318-24_r_1.5_s_50_BGSNH318-24,BGSNH318-24,r_1.5_s_50,>BGSNH318-24_r_1.5_s_50_BGSNH318-24,236347,XSG68089.1,subfamily:Bryocorinae,,20201,null,1536,0.0,3007.0,1096.55,970.0,null,null,null,null,null,null
BGSNH308-24_r_1_s_100_BGSNH308-24,BGSNH308-24,r_1_s_100,>BGSNH308-24_r_1_s_100_BGSNH308-24,981266,QDI94090.1,tribe:Phylini,,6390,null,1533,0.0,1138.0,358.74,274.0,null,null,null,null,null,null
BGSNH323-24_r_1.3_s_100_BGSNH323-24,BGSNH323-24,r_1.3_s_100,>BGSNH323-24_r_1.3_s_100_BGSNH323-24,237212,QDI94090.1,tribe:Phylini,,29988,null,1533,0.0,4409.0,1797.56,1992.0,null,null,null,null,null,null
BGSNH351-24_r_1.3_s_100_BGSNH351-24,BGSNH351-24,r_1.3_s_100,>BGSNH351-24_r_1.3_s_100_BGSNH351-24,2212857,YP_009019993.1,tribe:Mirini,,339,null,1536,0.0,85.0,20.3,12.0,null,null,null,null,null,null
BGSNH341-24_r_1_s_50_BGSNH341-24,BGSNH341-24,r_1_s_50,>BGSNH341-24_r_1_s_50_BGSNH341-24,1336454,QDI94090.1,tribe:Phylini,,4356,null,1533,0.0,592.0,191.61,192.0,null,null,null,null,null,null
BGSNH376-24_r_1.5_s_100_BGSNH376-24,BGSNH376-24,r_1.5_s_100,>BGSNH376-24_r_1.5_s_100_BGSNH376-24,1837210,QDI94090.1,tribe:Phylini,,1627,null,1533,0.0,281.0,85.89,79.0,null,null,null,null,null,null
BGSNH323-24_r_1_s_100_BGSNH323-24,BGSNH323-24,r_1_s_100,>BGSNH323-24_r_1_s_100_BGSNH323-24,237212,QDI94090.1,tribe:Phylini,,32170,null,1533,0.0,4413.0,1954.38,2066.0,null,null,null,null,null,null
BGSNH289-24_r_1.3_s_50_BGSNH289-24,BGSNH289-24,r_1.3_s_50,>BGSNH289-24_r_1.3_s_50_BGSNH289-24,1545070,AHN95687.1,tribe:Stenodemini,,14744,null,1533,316.0,1408.0,772.76,750.0,null,null,null,null,null,null
BGSNH362-24_r_1.3_s_100_BGSNH362-24,BGSNH362-24,r_1.3_s_100,>BGSNH362-24_r_1.3_s_100_BGSNH362-24,1545085,YP_010424628.1,tribe:Orthotylini,,6676,null,1533,74.0,835.0,395.85,374.0,null,null,null,null,null,null
BGSNH364-24_r_1.5_s_50_BGSNH364-24,BGSNH364-24,r_1.5_s_50,>BGSNH364-24_r_1.5_s_50_BGSNH364-24,236347,XSG68089.1,subfamily:Bryocorinae,,24162,null,1536,0.0,2316.0,1228.16,1376.0,null,null,null,null,null,null
BGSNH288-24_r_1_s_100_BGSNH288-24,BGSNH288-24,r_1_s_100,>BGSNH288-24_r_1_s_100_BGSNH288-24,1545070,AHN95687.1,tribe:Stenodemini,,143376,null,1533,716.0,16551.0,7899.31,7423.0,null,null,null,null,null,null
BGSNH359-24_r_1.5_s_50_BGSNH359-24,BGSNH359-24,r_1.5_s_50,>BGSNH359-24_r_1.5_s_50_BGSNH359-24,2212857,YP_009019993.1,tribe:Mirini,,652,null,1536,0.0,139.0,28.05,20.0,null,null,null,null,null,null
BGSNH336-24_r_1.3_s_100_BGSNH336-24,BGSNH336-24,r_1.3_s_100,>BGSNH336-24_r_1.3_s_100_BGSNH336-24,2315913,QDI94090.1,tribe:Phylini,,2004,null,1533,0.0,298.0,123.27,140.0,null,null,null,null,null,null
BGSNH332-24_r_1_s_100_BGSNH332-24,BGSNH332-24,r_1_s_100,>BGSNH332-24_r_1_s_100_BGSNH332-24,2315913,QDI94090.1,tribe:Phylini,,12686,null,1533,0.0,1707.0,839.55,891.0,null,null,null,null,null,null
BGSNH348-24_r_1.5_s_100_BGSNH348-24,BGSNH348-24,r_1.5_s_100,>BGSNH348-24_r_1.5_s_100_BGSNH348-24,2212857,YP_009019993.1,tribe:Mirini,,1485,null,1536,0.0,236.0,73.01,67.0,null,null,null,null,null,null
BGSNH319-24_r_1.5_s_100_BGSNH319-24,BGSNH319-24,r_1.5_s_100,>BGSNH319-24_r_1.5_s_100_BGSNH319-24,236347,XSG68089.1,subfamily:Bryocorinae,,138,null,1536,0.0,40.0,7.6,6.0,null,null,null,null,null,null
BGSNH373-24_r_1.5_s_50_BGSNH373-24,BGSNH373-24,r_1.5_s_50,>BGSNH373-24_r_1.5_s_50_BGSNH373-24,1837210,QDI94090.1,tribe:Phylini,,3448,null,1533,0.0,359.0,156.85,169.0,null,null,null,null,null,null
BGSNH356-24_r_1_s_100_BGSNH356-24,BGSNH356-24,r_1_s_100,>BGSNH356-24_r_1_s_100_BGSNH356-24,2212857,YP_009019993.1,tribe:Mirini,,10435,null,1536,14.0,1070.0,548.1,482.0,null,null,null,null,null,null
BGSNH336-24_r_1_s_50_BGSNH336-24,BGSNH336-24,r_1_s_50,>BGSNH336-24_r_1_s_50_BGSNH336-24,2315913,QDI94090.1,tribe:Phylini,,2909,null,1533,0.0,362.0,156.58,170.0,null,null,null,null,null,null
BGSNH293-24_r_1_s_100_BGSNH293-24,BGSNH293-24,r_1_s_100,>BGSNH293-24_r_1_s_100_BGSNH293-24,236347,XSG68089.1,subfamily:Bryocorinae,,3814,null,1536,0.0,399.0,224.13,226.0,null,null,null,null,null,null
BGSNH299-24_r_1.3_s_100_BGSNH299-24,BGSNH299-24,r_1.3_s_100,>BGSNH299-24_r_1.3_s_100_BGSNH299-24,2868303,YP_009019993.1,tribe:Mirini,,13207,null,1536,78.0,2521.0,649.31,547.5,null,null,null,null,null,null
BGSNH328-24_r_1.5_s_100_BGSNH328-24,BGSNH328-24,r_1.5_s_100,>BGSNH328-24_r_1.5_s_100_BGSNH328-24,237212,QDI94090.1,tribe:Phylini,,14926,null,1533,0.0,1992.0,1021.89,1202.0,null,null,null,null,null,null
BGSNH311-24_r_1_s_50_BGSNH311-24,BGSNH311-24,r_1_s_50,>BGSNH311-24_r_1_s_50_BGSNH311-24,236347,XSG68089.1,subfamily:Bryocorinae,,303700,null,1536,7841.0,21681.0,14210.45,13744.0,null,null,null,null,null,null
BGSNH376-24_r_1.5_s_50_BGSNH376-24,BGSNH376-24,r_1.5_s_50,>BGSNH376-24_r_1.5_s_50_BGSNH376-24,1837210,QDI94090.1,tribe:Phylini,,2674,null,1533,0.0,362.0,117.95,110.0,null,null,null,null,null,null
BGSNH312-24_r_1.3_s_50_BGSNH312-24,BGSNH312-24,r_1.3_s_50,>BGSNH312-24_r_1.3_s_50_BGSNH312-24,236347,XSG68089.1,subfamily:Bryocorinae,,140401,null,1536,1229.0,10008.0,6505.76,6739.5,null,null,null,null,null,null
BGSNH316-24_r_1.5_s_50_BGSNH316-24,BGSNH316-24,r_1.5_s_50,>BGSNH316-24_r_1.5_s_50_BGSNH316-24,236347,XSG68089.1,subfamily:Bryocorinae,,25252,null,1536,0.0,3311.0,1524.49,1489.0,null,null,null,null,null,null
BGSNH330-24_r_1.3_s_50_BGSNH330-24,BGSNH330-24,r_1.3_s_50,>BGSNH330-24_r_1.3_s_50_BGSNH330-24,237212,QDI94090.1,tribe:Phylini,,660,null,1533,0.0,81.0,37.78,40.0,null,null,null,null,null,null
BGSNH313-24_r_1_s_100_BGSNH313-24,BGSNH313-24,r_1_s_100,>BGSNH313-24_r_1_s_100_BGSNH313-24,236347,XSG68089.1,subfamily:Bryocorinae,,33074,null,1536,595.0,3234.0,1964.65,1903.5,null,null,null,null,null,null
BGSNH290-24_r_1.5_s_100_BGSNH290-24,BGSNH290-24,r_1.5_s_100,>BGSNH290-24_r_1.5_s_100_BGSNH290-24,1545070,AHN95687.1,tribe:Stenodemini,,29409,null,1533,207.0,4540.0,1815.16,1593.0,null,null,null,null,null,null
BGSNH306-24_r_1_s_100_BGSNH306-24,BGSNH306-24,r_1_s_100,>BGSNH306-24_r_1_s_100_BGSNH306-24,981266,QDI94090.1,tribe:Phylini,,8012,null,1533,0.0,1322.0,445.75,454.0,null,null,null,null,null,null
BGSNH289-24_r_1_s_100_BGSNH289-24,BGSNH289-24,r_1_s_100,>BGSNH289-24_r_1_s_100_BGSNH289-24,1545070,AHN95687.1,tribe:Stenodemini,,11276,null,1533,105.0,1191.0,661.76,629.0,null,null,null,null,null,null
BGSNH318-24_r_1.5_s_100_BGSNH318-24,BGSNH318-24,r_1.5_s_100,>BGSNH318-24_r_1.5_s_100_BGSNH318-24,236347,XSG68089.1,subfamily:Bryocorinae,,16958,null,1536,0.0,2867.0,993.52,874.5,null,null,null,null,null,null
BGSNH375-24_r_1_s_50_BGSNH375-24,BGSNH375-24,r_1_s_50,>BGSNH375-24_r_1_s_50_BGSNH375-24,1837210,QDI94090.1,tribe:Phylini,,53203,null,1533,0.0,6639.0,2523.02,2486.0,null,null,null,null,null,null
BGSNH372-24_r_1_s_100_BGSNH372-24,BGSNH372-24,r_1_s_100,>BGSNH372-24_r_1_s_100_BGSNH372-24,1837210,QDI94090.1,tribe:Phylini,,982,null,1533,0.0,132.0,52.44,54.0,null,null,null,null,null,null
BGSNH295-24_r_1.3_s_50_BGSNH295-24,BGSNH295-24,r_1.3_s_50,>BGSNH295-24_r_1.3_s_50_BGSNH295-24,1929793,YP_009019993.1,genus:Adelphocoris,,62275,null,1536,1587.0,7682.0,3047.92,2814.0,null,null,null,null,null,null
BGSNH328-24_r_1.3_s_100_BGSNH328-24,BGSNH328-24,r_1.3_s_100,>BGSNH328-24_r_1.3_s_100_BGSNH328-24,237212,QDI94090.1,tribe:Phylini,,16241,null,1533,0.0,2002.0,1126.87,1256.0,null,null,null,null,null,null
BGSNH346-24_r_1_s_100_BGSNH346-24,BGSNH346-24,r_1_s_100,>BGSNH346-24_r_1_s_100_BGSNH346-24,2212857,YP_009019993.1,tribe:Mirini,,2992,null,1536,5.0,487.0,170.31,138.0,null,null,null,null,null,null
BGSNH322-24_r_1_s_100_BGSNH322-24,BGSNH322-24,r_1_s_100,>BGSNH322-24_r_1_s_100_BGSNH322-24,237212,QDI94090.1,tribe:Phylini,,16857,null,1533,0.0,2071.0,998.81,1082.0,null,null,null,null,null,null
BGSNH314-24_r_1_s_50_BGSNH314-24,BGSNH314-24,r_1_s_50,>BGSNH314-24_r_1_s_50_BGSNH314-24,236347,XSG68089.1,subfamily:Bryocorinae,,2784,null,1536,92.0,276.0,170.27,160.0,null,null,null,null,null,null
BGSNH356-24_r_1.3_s_100_BGSNH356-24,BGSNH356-24,r_1.3_s_100,>BGSNH356-24_r_1.3_s_100_BGSNH356-24,2212857,YP_009019993.1,tribe:Mirini,,10077,null,1536,14.0,1055.0,518.78,457.0,null,null,null,null,null,null
BGSNH345-24_r_1_s_100_BGSNH345-24,BGSNH345-24,r_1_s_100,>BGSNH345-24_r_1_s_100_BGSNH345-24,2212857,YP_009019993.1,tribe:Mirini,,65199,null,1536,911.0,6139.0,3810.93,3809.5,null,null,null,null,null,null
BGSNH377-24_r_1_s_50_BGSNH377-24,BGSNH377-24,r_1_s_50,>BGSNH377-24_r_1_s_50_BGSNH377-24,2026309,YP_009019993.1,tribe:Mirini,,5279,null,1536,80.0,630.0,271.24,248.0,null,null,null,null,null,null
BGSNH360-24_r_1.3_s_50_BGSNH360-24,BGSNH360-24,r_1.3_s_50,>BGSNH360-24_r_1.3_s_50_BGSNH360-24,2212857,YP_009019993.1,tribe:Mirini,,9442,null,1536,115.0,1093.0,397.77,366.5,null,null,null,null,null,null
BGSNH317-24_r_1.5_s_50_BGSNH317-24,BGSNH317-24,r_1.5_s_50,>BGSNH317-24_r_1.5_s_50_BGSNH317-24,236347,XSG68089.1,subfamily:Bryocorinae,,33596,null,1536,0.0,4844.0,1925.91,1818.5,null,null,null,null,null,null
BGSNH344-24_r_1.5_s_50_BGSNH344-24,BGSNH344-24,r_1.5_s_50,>BGSNH344-24_r_1.5_s_50_BGSNH344-24,2212857,YP_009019993.1,tribe:Mirini,,17816,null,1536,16.0,1754.0,847.43,823.0,null,null,null,null,null,null
BGSNH333-24_r_1.5_s_100_BGSNH333-24,BGSNH333-24,r_1.5_s_100,>BGSNH333-24_r_1.5_s_100_BGSNH333-24,2315913,QDI94090.1,tribe:Phylini,,16537,null,1533,0.0,2384.0,859.46,871.0,null,null,null,null,null,null
BGSNH303-24_r_1.5_s_100_BGSNH303-24,BGSNH303-24,r_1.5_s_100,>BGSNH303-24_r_1.5_s_100_BGSNH303-24,981266,QDI94090.1,tribe:Phylini,,6838,null,1533,0.0,1632.0,377.92,325.0,null,null,null,null,null,null
BGSNH357-24_r_1.3_s_50_BGSNH357-24,BGSNH357-24,r_1.3_s_50,>BGSNH357-24_r_1.3_s_50_BGSNH357-24,2212857,YP_009019993.1,tribe:Mirini,,4304,null,1536,67.0,448.0,224.64,221.5,null,null,null,null,null,null
BGSNH357-24_r_1_s_50_BGSNH357-24,BGSNH357-24,r_1_s_50,>BGSNH357-24_r_1_s_50_BGSNH357-24,2212857,YP_009019993.1,tribe:Mirini,,4653,null,1536,67.0,465.0,244.54,236.0,null,null,null,null,null,null
BGSNH375-24_r_1_s_100_BGSNH375-24,BGSNH375-24,r_1_s_100,>BGSNH375-24_r_1_s_100_BGSNH375-24,1837210,QDI94090.1,tribe:Phylini,,34110,null,1533,0.0,4962.0,1887.95,1818.0,null,null,null,null,null,null
BGSNH350-24_r_1.3_s_100_BGSNH350-24,BGSNH350-24,r_1.3_s_100,>BGSNH350-24_r_1.3_s_100_BGSNH350-24,2212857,YP_009019993.1,tribe:Mirini,,156,null,1536,0.0,54.0,8.33,4.0,null,null,null,null,null,null
BGSNH347-24_r_1.5_s_50_BGSNH347-24,BGSNH347-24,r_1.5_s_50,>BGSNH347-24_r_1.5_s_50_BGSNH347-24,2212857,YP_009019993.1,tribe:Mirini,,7285,null,1536,0.0,865.0,285.46,274.0,null,null,null,null,null,null
BGSNH335-24_r_1.5_s_50_BGSNH335-24,BGSNH335-24,r_1.5_s_50,>BGSNH335-24_r_1.5_s_50_BGSNH335-24,2315913,QDI94090.1,tribe:Phylini,,2667,null,1533,0.0,291.0,135.77,151.0,null,null,null,null,null,null
BGSNH286-24_r_1.3_s_50_BGSNH286-24,BGSNH286-24,r_1.3_s_50,>BGSNH286-24_r_1.3_s_50_BGSNH286-24,1545070,AHN95687.1,tribe:Stenodemini,,7387,null,1533,112.0,727.0,352.93,320.0,null,null,null,null,null,null
BGSNH351-24_r_1_s_100_BGSNH351-24,BGSNH351-24,r_1_s_100,>BGSNH351-24_r_1_s_100_BGSNH351-24,2212857,YP_009019993.1,tribe:Mirini,,604,null,1536,0.0,151.0,42.32,35.0,null,null,null,null,null,null
BGSNH317-24_r_1.3_s_50_BGSNH317-24,BGSNH317-24,r_1.3_s_50,>BGSNH317-24_r_1.3_s_50_BGSNH317-24,236347,XSG68089.1,subfamily:Bryocorinae,,39841,null,1536,635.0,5490.0,2284.85,2022.0,null,null,null,null,null,null
BGSNH349-24_r_1.3_s_100_BGSNH349-24,BGSNH349-24,r_1.3_s_100,>BGSNH349-24_r_1.3_s_100_BGSNH349-24,2212857,YP_009019993.1,tribe:Mirini,,405,null,1536,0.0,104.0,22.64,16.0,null,null,null,null,null,null
BGSNH309-24_r_1.3_s_100_BGSNH309-24,BGSNH309-24,r_1.3_s_100,>BGSNH309-24_r_1.3_s_100_BGSNH309-24,981266,QDI94090.1,tribe:Phylini,,38095,null,1533,0.0,5515.0,2141.83,2038.0,null,null,null,null,null,null
BGSNH317-24_r_1_s_100_BGSNH317-24,BGSNH317-24,r_1_s_100,>BGSNH317-24_r_1_s_100_BGSNH317-24,236347,XSG68089.1,subfamily:Bryocorinae,,35665,null,1536,664.0,4925.0,2243.12,2020.0,null,null,null,null,null,null
BGSNH313-24_r_1.5_s_50_BGSNH313-24,BGSNH313-24,r_1.5_s_50,>BGSNH313-24_r_1.5_s_50_BGSNH313-24,236347,XSG68089.1,subfamily:Bryocorinae,,34732,null,1536,0.0,3480.0,1810.89,1948.5,null,null,null,null,null,null
BGSNH314-24_r_1.3_s_50_BGSNH314-24,BGSNH314-24,r_1.3_s_50,>BGSNH314-24_r_1.3_s_50_BGSNH314-24,236347,XSG68089.1,subfamily:Bryocorinae,,2391,null,1536,59.0,272.0,150.73,144.0,null,null,null,null,null,null
BGSNH294-24_r_1.3_s_100_BGSNH294-24,BGSNH294-24,r_1.3_s_100,>BGSNH294-24_r_1.3_s_100_BGSNH294-24,1929793,YP_009019993.1,genus:Adelphocoris,,2,null,1536,0.0,2.0,0.12,0.0,null,null,null,null,null,null
BGSNH380-24_r_1.5_s_50_BGSNH380-24,BGSNH380-24,r_1.5_s_50,>BGSNH380-24_r_1.5_s_50_BGSNH380-24,2026309,YP_009019993.1,tribe:Mirini,,30341,null,1536,0.0,2485.0,1465.19,1531.0,null,null,null,null,null,null
BGSNH365-24_r_1.5_s_100_BGSNH365-24,BGSNH365-24,r_1.5_s_100,>BGSNH365-24_r_1.5_s_100_BGSNH365-24,236347,XSG68089.1,subfamily:Bryocorinae,,6811,null,1536,0.0,921.0,453.69,490.0,null,null,null,null,null,null
BGSNH334-24_r_1.3_s_100_BGSNH334-24,BGSNH334-24,r_1.3_s_100,>BGSNH334-24_r_1.3_s_100_BGSNH334-24,2315913,QDI94090.1,tribe:Phylini,,56764,null,1533,0.0,6241.0,3119.9,3445.0,null,null,null,null,null,null
BGSNH308-24_r_1.5_s_100_BGSNH308-24,BGSNH308-24,r_1.5_s_100,>BGSNH308-24_r_1.5_s_100_BGSNH308-24,981266,QDI94090.1,tribe:Phylini,,5477,null,1533,0.0,1124.0,300.24,221.0,null,null,null,null,null,null
BGSNH370-24_r_1_s_50_BGSNH370-24,BGSNH370-24,r_1_s_50,>BGSNH370-24_r_1_s_50_BGSNH370-24,1837210,QDI94090.1,tribe:Phylini,,2889,null,1533,0.0,271.0,134.69,147.0,null,null,null,null,null,null
BGSNH346-24_r_1.5_s_100_BGSNH346-24,BGSNH346-24,r_1.5_s_100,>BGSNH346-24_r_1.5_s_100_BGSNH346-24,2212857,YP_009019993.1,tribe:Mirini,,2160,null,1536,0.0,365.0,106.92,91.5,null,null,null,null,null,null
BGSNH294-24_r_1_s_100_BGSNH294-24,BGSNH294-24,r_1_s_100,>BGSNH294-24_r_1_s_100_BGSNH294-24,1929793,YP_009019993.1,genus:Adelphocoris,,2,null,1536,0.0,2.0,0.12,0.0,null,null,null,null,null,null
BGSNH324-24_r_1_s_100_BGSNH324-24,BGSNH324-24,r_1_s_100,>BGSNH324-24_r_1_s_100_BGSNH324-24,237212,QDI94090.1,tribe:Phylini,,14448,null,1533,0.0,1866.0,862.22,892.0,null,null,null,null,null,null
BGSNH348-24_r_1_s_50_BGSNH348-24,BGSNH348-24,r_1_s_50,>BGSNH348-24_r_1_s_50_BGSNH348-24,2212857,YP_009019993.1,tribe:Mirini,,4653,null,1536,38.0,408.0,201.7,188.5,null,null,null,null,null,null
BGSNH329-24_r_1.5_s_100_BGSNH329-24,BGSNH329-24,r_1.5_s_100,>BGSNH329-24_r_1.5_s_100_BGSNH329-24,237212,QDI94090.1,tribe:Phylini,,9472,null,1533,0.0,1749.0,539.53,509.0,null,null,null,null,null,null
BGSNH337-24_r_1.3_s_100_BGSNH337-24,BGSNH337-24,r_1.3_s_100,>BGSNH337-24_r_1.3_s_100_BGSNH337-24,1336454,QDI94090.1,tribe:Phylini,,3507,null,1533,0.0,397.0,226.56,259.0,null,null,null,null,null,null
BGSNH288-24_r_1.3_s_100_BGSNH288-24,BGSNH288-24,r_1.3_s_100,>BGSNH288-24_r_1.3_s_100_BGSNH288-24,1545070,AHN95687.1,tribe:Stenodemini,,143167,null,1533,716.0,16534.0,7885.24,7400.0,null,null,null,null,null,null
BGSNH287-24_r_1.3_s_100_BGSNH287-24_fcleaner,BGSNH287-24,r_1.3_s_100_fcleaner,>BGSNH287-24_r_1.3_s_100_BGSNH287-24_fcleaner,1545070,AHN95687.1,tribe:Stenodemini,null,3456,null,null,6.0,336.0,186.67,186.0,0,271,24,0,0,100.0
BGSNH351-24_r_1.5_s_100_BGSNH351-24_fcleaner,BGSNH351-24,r_1.5_s_100_fcleaner,>BGSNH351-24_r_1.5_s_100_BGSNH351-24_fcleaner,2212857,YP_009019993.1,tribe:Mirini,null,124,null,null,0.0,40.0,5.73,0.0,0,85,1,0,0,48.05
BGSNH325-24_r_1.3_s_100_BGSNH325-24_fcleaner,BGSNH325-24,r_1.3_s_100_fcleaner,>BGSNH325-24_r_1.3_s_100_BGSNH325-24_fcleaner,237212,QDI94090.1,tribe:Phylini,null,724,null,null,0.0,97.0,49.91,56.0,0,20,44,0,0,83.37
BGSNH370-24_r_1_s_50_BGSNH370-24_fcleaner,BGSNH370-24,r_1_s_50_fcleaner,>BGSNH370-24_r_1_s_50_BGSNH370-24_fcleaner,1837210,QDI94090.1,tribe:Phylini,null,2524,null,null,0.0,264.0,119.76,130.0,0,335,30,0,0,83.37
BGSNH379-24_r_1.3_s_100_BGSNH379-24_fcleaner,BGSNH379-24,r_1.3_s_100_fcleaner,>BGSNH379-24_r_1.3_s_100_BGSNH379-24_fcleaner,2026309,YP_009019993.1,tribe:Mirini,null,805,null,null,0.0,110.0,44.95,44.0,0,328,10,0,0,98.24
BGSNH353-24_r_1_s_50_BGSNH353-24_fcleaner,BGSNH353-24,r_1_s_50_fcleaner,>BGSNH353-24_r_1_s_50_BGSNH353-24_fcleaner,2212857,YP_009019993.1,tribe:Mirini,null,10629,null,null,108.0,1357.0,502.21,451.5,0,2979,102,0,0,100.0
BGSNH335-24_r_1.3_s_50_BGSNH335-24_fcleaner,BGSNH335-24,r_1.3_s_50_fcleaner,>BGSNH335-24_r_1.3_s_50_BGSNH335-24_fcleaner,2315913,QDI94090.1,tribe:Phylini,null,2560,null,null,0.0,284.0,136.4,154.0,0,344,27,0,0,83.37
BGSNH331-24_r_1.3_s_100_BGSNH331-24_fcleaner,BGSNH331-24,r_1.3_s_100_fcleaner,>BGSNH331-24_r_1.3_s_100_BGSNH331-24_fcleaner,2315913,QDI94090.1,tribe:Phylini,null,64151,null,null,0.0,8834.0,3665.91,3857.0,0,4304,791,0,0,83.37
BGSNH347-24_r_1.3_s_100_BGSNH347-24_fcleaner,BGSNH347-24,r_1.3_s_100_fcleaner,>BGSNH347-24_r_1.3_s_100_BGSNH347-24_fcleaner,2212857,YP_009019993.1,tribe:Mirini,null,3656,null,null,0.0,503.0,179.27,172.5,0,586,41,0,0,99.22
BGSNH346-24_r_1.3_s_100_BGSNH346-24_fcleaner,BGSNH346-24,r_1.3_s_100_fcleaner,>BGSNH346-24_r_1.3_s_100_BGSNH346-24_fcleaner,2212857,YP_009019993.1,tribe:Mirini,null,1993,null,null,0.0,308.0,99.37,82.5,0,452,19,0,0,99.61
BGSNH326-24_r_1.5_s_50_BGSNH326-24_fcleaner,BGSNH326-24,r_1.5_s_50_fcleaner,>BGSNH326-24_r_1.5_s_50_BGSNH326-24_fcleaner,237212,QDI94090.1,tribe:Phylini,null,475,null,null,0.0,88.0,24.72,24.0,0,42,39,0,0,81.6
BGSNH290-24_r_1_s_50_BGSNH290-24_fcleaner,BGSNH290-24,r_1_s_50_fcleaner,>BGSNH290-24_r_1_s_50_BGSNH290-24_fcleaner,1545070,AHN95687.1,tribe:Stenodemini,null,36486,null,null,222.0,3798.0,2140.5,2046.0,0,4327,460,0,0,100.0
BGSNH371-24_r_1_s_100_BGSNH371-24_fcleaner,BGSNH371-24,r_1_s_100_fcleaner,>BGSNH371-24_r_1_s_100_BGSNH371-24_fcleaner,1837210,QDI94090.1,tribe:Phylini,null,1574,null,null,0.0,323.0,84.46,77.0,0,93,16,0,0,83.37
BGSNH339-24_r_1.3_s_50_BGSNH339-24_fcleaner,BGSNH339-24,r_1.3_s_50_fcleaner,>BGSNH339-24_r_1.3_s_50_BGSNH339-24_fcleaner,1336454,QDI94090.1,tribe:Phylini,null,5112,null,null,0.0,496.0,256.18,291.0,0,547,92,0,0,83.37
BGSNH353-24_r_1.5_s_100_BGSNH353-24_fcleaner,BGSNH353-24,r_1.5_s_100_fcleaner,>BGSNH353-24_r_1.5_s_100_BGSNH353-24_fcleaner,2212857,YP_009019993.1,tribe:Mirini,null,6873,null,null,3.0,1123.0,361.05,337.0,0,760,63,0,0,100.0
BGSNH339-24_r_1_s_100_BGSNH339-24_fcleaner,BGSNH339-24,r_1_s_100_fcleaner,>BGSNH339-24_r_1_s_100_BGSNH339-24_fcleaner,1336454,QDI94090.1,tribe:Phylini,null,3602,null,null,0.0,440.0,208.57,229.0,0,276,63,0,0,83.37
BGSNH306-24_r_1.3_s_100_BGSNH306-24_fcleaner,BGSNH306-24,r_1.3_s_100_fcleaner,>BGSNH306-24_r_1.3_s_100_BGSNH306-24_fcleaner,981266,QDI94090.1,tribe:Phylini,null,6667,null,null,0.0,1130.0,375.6,401.0,0,1141,92,0,0,83.37
BGSNH319-24_r_1_s_100_BGSNH319-24_fcleaner,BGSNH319-24,r_1_s_100_fcleaner,>BGSNH319-24_r_1_s_100_BGSNH319-24_fcleaner,236347,XSG68089.1,subfamily:Bryocorinae,null,73,null,null,0.0,18.0,4.59,2.0,0,178,6,0,0,70.9
BGSNH373-24_r_1.5_s_50_BGSNH373-24_fcleaner,BGSNH373-24,r_1.5_s_50_fcleaner,>BGSNH373-24_r_1.5_s_50_BGSNH373-24_fcleaner,1837210,QDI94090.1,tribe:Phylini,null,3202,null,null,0.0,355.0,148.26,159.0,0,222,24,0,0,82.0
BGSNH342-24_r_1.5_s_100_BGSNH342-24_fcleaner,BGSNH342-24,r_1.5_s_100_fcleaner,>BGSNH342-24_r_1.5_s_100_BGSNH342-24_fcleaner,2212857,YP_009019993.1,tribe:Mirini,null,8750,null,null,5.0,1114.0,477.09,459.5,0,467,66,0,0,100.0
BGSNH293-24_r_1_s_100_BGSNH293-24_fcleaner,BGSNH293-24,r_1_s_100_fcleaner,>BGSNH293-24_r_1_s_100_BGSNH293-24_fcleaner,236347,XSG68089.1,subfamily:Bryocorinae,null,3014,null,null,0.0,308.0,162.53,160.0,0,768,32,0,0,99.61
BGSNH295-24_r_1.3_s_50_BGSNH295-24_fcleaner,BGSNH295-24,r_1.3_s_50_fcleaner,>BGSNH295-24_r_1.3_s_50_BGSNH295-24_fcleaner,1929793,YP_009019993.1,genus:Adelphocoris,null,57051,null,null,1554.0,5934.0,2826.59,2654.0,0,4693,531,0,0,100.0
BGSNH340-24_r_1_s_50_BGSNH340-24_fcleaner,BGSNH340-24,r_1_s_50_fcleaner,>BGSNH340-24_r_1_s_50_BGSNH340-24_fcleaner,1336454,QDI94090.1,tribe:Phylini,null,2028,null,null,0.0,198.0,82.55,86.0,0,453,46,0,0,83.37
BGSNH329-24_r_1.5_s_50_BGSNH329-24_fcleaner,BGSNH329-24,r_1.5_s_50_fcleaner,>BGSNH329-24_r_1.5_s_50_BGSNH329-24_fcleaner,237212,QDI94090.1,tribe:Phylini,null,10567,null,null,0.0,1895.0,552.17,537.0,0,2794,104,0,0,83.17
BGSNH378-24_r_1.5_s_50_BGSNH378-24_fcleaner,BGSNH378-24,r_1.5_s_50_fcleaner,>BGSNH378-24_r_1.5_s_50_BGSNH378-24_fcleaner,2026309,YP_009019993.1,tribe:Mirini,null,11,null,null,0.0,4.0,0.31,0.0,0,107,1,0,0,12.5
BGSNH297-24_r_1_s_100_BGSNH297-24_fcleaner,BGSNH297-24,r_1_s_100_fcleaner,>BGSNH297-24_r_1_s_100_BGSNH297-24_fcleaner,1929793,YP_009019993.1,genus:Adelphocoris,null,8253,null,null,37.0,793.0,432.81,422.5,0,1431,89,0,0,100.0
BGSNH368-24_r_1_s_100_BGSNH368-24_fcleaner,BGSNH368-24,r_1_s_100_fcleaner,>BGSNH368-24_r_1_s_100_BGSNH368-24_fcleaner,2358427,QDI94090.1,tribe:Phylini,null,3484,null,null,0.0,492.0,188.42,200.0,0,301,69,0,0,83.37
BGSNH300-24_r_1.3_s_100_BGSNH300-24_fcleaner,BGSNH300-24,r_1.3_s_100_fcleaner,>BGSNH300-24_r_1.3_s_100_BGSNH300-24_fcleaner,2868303,YP_009019993.1,tribe:Mirini,null,147,null,null,0.0,49.0,7.19,0.0,0,225,6,0,0,44.92
BGSNH367-24_r_1.5_s_50_BGSNH367-24_fcleaner,BGSNH367-24,r_1.5_s_50_fcleaner,>BGSNH367-24_r_1.5_s_50_BGSNH367-24_fcleaner,2358427,QDI94090.1,tribe:Phylini,null,3979,null,null,0.0,472.0,193.5,180.0,0,314,31,0,0,83.37
BGSNH343-24_r_1.5_s_100_BGSNH343-24_fcleaner,BGSNH343-24,r_1.5_s_100_fcleaner,>BGSNH343-24_r_1.5_s_100_BGSNH343-24_fcleaner,2212857,YP_009019993.1,tribe:Mirini,null,24188,null,null,2.0,2470.0,1542.5,1623.5,0,840,260,0,0,100.0
BGSNH296-24_r_1.5_s_50_BGSNH296-24_fcleaner,BGSNH296-24,r_1.5_s_50_fcleaner,>BGSNH296-24_r_1.5_s_50_BGSNH296-24_fcleaner,1929793,YP_009019993.1,genus:Adelphocoris,null,35786,null,null,868.0,3759.0,1844.81,1740.0,0,3014,460,0,0,100.0
BGSNH345-24_r_1.5_s_100_BGSNH345-24_fcleaner,BGSNH345-24,r_1.5_s_100_fcleaner,>BGSNH345-24_r_1.5_s_100_BGSNH345-24_fcleaner,2212857,YP_009019993.1,tribe:Mirini,null,52047,null,null,12.0,5535.0,3009.95,3188.5,0,4004,538,0,0,100.0
BGSNH351-24_r_1.5_s_50_BGSNH351-24_fcleaner,BGSNH351-24,r_1.5_s_50_fcleaner,>BGSNH351-24_r_1.5_s_50_BGSNH351-24_fcleaner,2212857,YP_009019993.1,tribe:Mirini,null,278,null,null,0.0,44.0,10.95,8.0,0,126,1,0,0,71.88
BGSNH292-24_r_1.3_s_100_BGSNH292-24_fcleaner,BGSNH292-24,r_1.3_s_100_fcleaner,>BGSNH292-24_r_1.3_s_100_BGSNH292-24_fcleaner,236347,XSG68089.1,subfamily:Bryocorinae,null,602,null,null,0.0,126.0,30.78,22.0,0,185,6,0,0,88.28
BGSNH317-24_r_1.5_s_50_BGSNH317-24_fcleaner,BGSNH317-24,r_1.5_s_50_fcleaner,>BGSNH317-24_r_1.5_s_50_BGSNH317-24_fcleaner,236347,XSG68089.1,subfamily:Bryocorinae,null,31059,null,null,0.0,4760.0,1816.14,1776.5,0,2261,276,0,0,99.41
BGSNH380-24_r_1_s_50_BGSNH380-24_fcleaner,BGSNH380-24,r_1_s_50_fcleaner,>BGSNH380-24_r_1_s_50_BGSNH380-24_fcleaner,2026309,YP_009019993.1,tribe:Mirini,null,32077,null,null,601.0,2855.0,1579.45,1567.5,0,4107,282,0,0,100.0
BGSNH375-24_r_1_s_50_BGSNH375-24_fcleaner,BGSNH375-24,r_1_s_50_fcleaner,>BGSNH375-24_r_1_s_50_BGSNH375-24_fcleaner,1837210,QDI94090.1,tribe:Phylini,null,47698,null,null,0.0,6161.0,2306.78,2300.0,0,5096,409,0,0,83.37
BGSNH317-24_r_1_s_100_BGSNH317-24_fcleaner,BGSNH317-24,r_1_s_100_fcleaner,>BGSNH317-24_r_1_s_100_BGSNH317-24_fcleaner,236347,XSG68089.1,subfamily:Bryocorinae,null,33705,null,null,655.0,4839.0,2133.88,1915.0,0,1592,368,0,0,100.0
BGSNH358-24_r_1.5_s_50_BGSNH358-24_fcleaner,BGSNH358-24,r_1.5_s_50_fcleaner,>BGSNH358-24_r_1.5_s_50_BGSNH358-24_fcleaner,2212857,YP_009019993.1,tribe:Mirini,null,734,null,null,0.0,120.0,35.66,32.0,0,397,16,0,0,90.82
BGSNH344-24_r_1.5_s_100_BGSNH344-24_fcleaner,BGSNH344-24,r_1.5_s_100_fcleaner,>BGSNH344-24_r_1.5_s_100_BGSNH344-24_fcleaner,2212857,YP_009019993.1,tribe:Mirini,null,12091,null,null,16.0,1422.0,639.59,628.5,0,1187,80,0,0,100.0
BGSNH342-24_r_1.3_s_100_BGSNH342-24_fcleaner,BGSNH342-24,r_1.3_s_100_fcleaner,>BGSNH342-24_r_1.3_s_100_BGSNH342-24_fcleaner,2212857,YP_009019993.1,tribe:Mirini,null,9655,null,null,118.0,1117.0,530.52,496.0,0,744,79,0,0,100.0
BGSNH334-24_r_1.3_s_100_BGSNH334-24_fcleaner,BGSNH334-24,r_1.3_s_100_fcleaner,>BGSNH334-24_r_1.3_s_100_BGSNH334-24_fcleaner,2315913,QDI94090.1,tribe:Phylini,null,52101,null,null,0.0,6110.0,2883.9,3358.0,0,4014,649,0,0,83.37
BGSNH305-24_r_1_s_50_BGSNH305-24_fcleaner,BGSNH305-24,r_1_s_50_fcleaner,>BGSNH305-24_r_1_s_50_BGSNH305-24_fcleaner,981266,QDI94090.1,tribe:Phylini,null,48724,null,null,0.0,7024.0,2746.3,2769.0,0,8526,572,0,0,83.37
BGSNH294-24_r_1.3_s_50_BGSNH294-24_fcleaner,BGSNH294-24,r_1.3_s_50_fcleaner,>BGSNH294-24_r_1.3_s_50_BGSNH294-24_fcleaner,1929793,YP_009019993.1,genus:Adelphocoris,null,8,null,null,0.0,4.0,0.35,0.0,0,4,0,0,0,13.48
BGSNH306-24_r_1_s_50_BGSNH306-24_fcleaner,BGSNH306-24,r_1_s_50_fcleaner,>BGSNH306-24_r_1_s_50_BGSNH306-24_fcleaner,981266,QDI94090.1,tribe:Phylini,null,9200,null,null,0.0,1244.0,461.66,505.0,0,2562,136,0,0,83.37
BGSNH289-24_r_1.3_s_100_BGSNH289-24_fcleaner,BGSNH289-24,r_1.3_s_100_fcleaner,>BGSNH289-24_r_1.3_s_100_BGSNH289-24_fcleaner,1545070,AHN95687.1,tribe:Stenodemini,null,9275,null,null,102.0,1041.0,550.81,535.0,0,1042,845,0,0,100.0
BGSNH318-24_r_1.3_s_100_BGSNH318-24_fcleaner,BGSNH318-24,r_1.3_s_100_fcleaner,>BGSNH318-24_r_1.3_s_100_BGSNH318-24_fcleaner,236347,XSG68089.1,subfamily:Bryocorinae,null,19384,null,null,0.0,2815.0,1154.98,1029.5,0,1078,153,0,0,99.61
BGSNH364-24_r_1_s_100_BGSNH364-24_fcleaner,BGSNH364-24,r_1_s_100_fcleaner,>BGSNH364-24_r_1_s_100_BGSNH364-24_fcleaner,236347,XSG68089.1,subfamily:Bryocorinae,null,22700,null,null,0.0,2083.0,1318.46,1330.0,0,405,223,0,0,99.61
BGSNH297-24_r_1.3_s_50_BGSNH297-24_fcleaner,BGSNH297-24,r_1.3_s_50_fcleaner,>BGSNH297-24_r_1.3_s_50_BGSNH297-24_fcleaner,1929793,YP_009019993.1,genus:Adelphocoris,null,11416,null,null,271.0,876.0,530.05,526.5,0,1374,118,0,0,100.0
BGSNH341-24_r_1.3_s_50_BGSNH341-24_fcleaner,BGSNH341-24,r_1.3_s_50_fcleaner,>BGSNH341-24_r_1.3_s_50_BGSNH341-24_fcleaner,1336454,QDI94090.1,tribe:Phylini,null,3241,null,null,0.0,403.0,142.27,152.0,0,650,43,0,0,83.37
BGSNH289-24_r_1.5_s_50_BGSNH289-24_fcleaner,BGSNH289-24,r_1.5_s_50_fcleaner,>BGSNH289-24_r_1.5_s_50_BGSNH289-24_fcleaner,1545070,AHN95687.1,tribe:Stenodemini,null,9844,null,null,74.0,1052.0,536.2,520.0,0,1302,800,0,0,100.0
BGSNH307-24_r_1.5_s_50_BGSNH307-24_fcleaner,BGSNH307-24,r_1.5_s_50_fcleaner,>BGSNH307-24_r_1.5_s_50_BGSNH307-24_fcleaner,981266,QDI94090.1,tribe:Phylini,null,9357,null,null,0.0,1261.0,449.93,496.0,0,3057,134,0,0,83.37
BGSNH355-24_r_1_s_100_BGSNH355-24_fcleaner,BGSNH355-24,r_1_s_100_fcleaner,>BGSNH355-24_r_1_s_100_BGSNH355-24_fcleaner,2212857,YP_009019993.1,tribe:Mirini,null,9915,null,null,67.0,943.0,509.97,498.5,0,1443,79,0,0,100.0
BGSNH338-24_r_1.5_s_50_BGSNH338-24_fcleaner,BGSNH338-24,r_1.5_s_50_fcleaner,>BGSNH338-24_r_1.5_s_50_BGSNH338-24_fcleaner,1336454,QDI94090.1,tribe:Phylini,null,914,null,null,0.0,114.0,36.19,38.0,0,121,13,0,0,81.21
BGSNH321-24_r_1.5_s_100_BGSNH321-24_fcleaner,BGSNH321-24,r_1.5_s_100_fcleaner,>BGSNH321-24_r_1.5_s_100_BGSNH321-24_fcleaner,237212,QDI94090.1,tribe:Phylini,null,9364,null,null,0.0,1479.0,566.92,619.0,0,1099,115,0,0,83.17
BGSNH331-24_r_1.5_s_100_BGSNH331-24_fcleaner,BGSNH331-24,r_1.5_s_100_fcleaner,>BGSNH331-24_r_1.5_s_100_BGSNH331-24_fcleaner,2315913,QDI94090.1,tribe:Phylini,null,57067,null,null,0.0,7437.0,3190.32,3406.0,0,4081,645,0,0,83.37
BGSNH328-24_r_1.3_s_100_BGSNH328-24_fcleaner,BGSNH328-24,r_1.3_s_100_fcleaner,>BGSNH328-24_r_1.3_s_100_BGSNH328-24_fcleaner,237212,QDI94090.1,tribe:Phylini,null,14935,null,null,0.0,1961.0,1057.7,1183.0,0,1100,206,0,0,83.17
BGSNH288-24_r_1_s_100_BGSNH288-24_fcleaner,BGSNH288-24,r_1_s_100_fcleaner,>BGSNH288-24_r_1_s_100_BGSNH288-24_fcleaner,1545070,AHN95687.1,tribe:Stenodemini,null,125569,null,null,524.0,13723.0,6991.44,6924.0,0,16168,1639,0,0,100.0
BGSNH370-24_r_1_s_100_BGSNH370-24_fcleaner,BGSNH370-24,r_1_s_100_fcleaner,>BGSNH370-24_r_1_s_100_BGSNH370-24_fcleaner,1837210,QDI94090.1,tribe:Phylini,null,1592,null,null,0.0,226.0,88.78,92.0,0,93,21,0,0,83.37
BGSNH328-24_r_1.5_s_50_BGSNH328-24_fcleaner,BGSNH328-24,r_1.5_s_50_fcleaner,>BGSNH328-24_r_1.5_s_50_BGSNH328-24_fcleaner,237212,QDI94090.1,tribe:Phylini,null,15599,null,null,0.0,2017.0,1017.05,1171.0,0,2490,186,0,0,83.17
BGSNH352-24_r_1_s_50_BGSNH352-24_fcleaner,BGSNH352-24,r_1_s_50_fcleaner,>BGSNH352-24_r_1_s_50_BGSNH352-24_fcleaner,2212857,YP_009019993.1,tribe:Mirini,null,90,null,null,0.0,20.0,3.13,2.0,0,425,2,0,0,51.17
BGSNH312-24_r_1.3_s_50_BGSNH312-24_fcleaner,BGSNH312-24,r_1.3_s_50_fcleaner,>BGSNH312-24_r_1.3_s_50_BGSNH312-24_fcleaner,236347,XSG68089.1,subfamily:Bryocorinae,null,124425,null,null,1138.0,9179.0,5838.62,6081.0,0,14867,1109,0,0,100.0
BGSNH354-24_r_1_s_100_BGSNH354-24_fcleaner,BGSNH354-24,r_1_s_100_fcleaner,>BGSNH354-24_r_1_s_100_BGSNH354-24_fcleaner,2212857,YP_009019993.1,tribe:Mirini,null,175,null,null,0.0,33.0,11.37,10.0,0,154,15,0,3,85.55
BGSNH311-24_r_1.5_s_50_BGSNH311-24_fcleaner,BGSNH311-24,r_1.5_s_50_fcleaner,>BGSNH311-24_r_1.5_s_50_BGSNH311-24_fcleaner,236347,XSG68089.1,subfamily:Bryocorinae,null,207938,null,null,0.0,17408.0,9756.38,10995.5,0,23038,1709,0,0,99.8
BGSNH302-24_r_1.3_s_50_BGSNH302-24_fcleaner,BGSNH302-24,r_1.3_s_50_fcleaner,>BGSNH302-24_r_1.3_s_50_BGSNH302-24_fcleaner,981266,QDI94090.1,tribe:Phylini,null,9247,null,null,0.0,1258.0,455.61,441.0,0,1553,146,0,0,83.37
BGSNH348-24_r_1.3_s_100_BGSNH348-24_fcleaner,BGSNH348-24,r_1.3_s_100_fcleaner,>BGSNH348-24_r_1.3_s_100_BGSNH348-24_fcleaner,2212857,YP_009019993.1,tribe:Mirini,null,1162,null,null,0.0,241.0,57.02,52.0,0,557,1,0,0,97.27
BGSNH317-24_r_1_s_50_BGSNH317-24_fcleaner,BGSNH317-24,r_1_s_50_fcleaner,>BGSNH317-24_r_1_s_50_BGSNH317-24_fcleaner,236347,XSG68089.1,subfamily:Bryocorinae,null,41186,null,null,1190.0,5334.0,2413.95,2089.5,0,3282,422,0,0,100.0
BGSNH296-24_r_1_s_100_BGSNH296-24_fcleaner,BGSNH296-24,r_1_s_100_fcleaner,>BGSNH296-24_r_1_s_100_BGSNH296-24_fcleaner,1929793,YP_009019993.1,genus:Adelphocoris,null,30112,null,null,416.0,3676.0,1670.84,1571.5,0,2224,418,0,0,100.0
BGSNH368-24_r_1.5_s_50_BGSNH368-24_fcleaner,BGSNH368-24,r_1.5_s_50_fcleaner,>BGSNH368-24_r_1.5_s_50_BGSNH368-24_fcleaner,2358427,QDI94090.1,tribe:Phylini,null,4156,null,null,0.0,512.0,196.85,210.0,0,270,55,0,0,83.17
BGSNH306-24_r_1.3_s_50_BGSNH306-24_fcleaner,BGSNH306-24,r_1.3_s_50_fcleaner,>BGSNH306-24_r_1.3_s_50_BGSNH306-24_fcleaner,981266,QDI94090.1,tribe:Phylini,null,8983,null,null,0.0,1234.0,452.05,490.0,0,2297,120,0,0,83.37
BGSNH346-24_r_1.3_s_50_BGSNH346-24_fcleaner,BGSNH346-24,r_1.3_s_50_fcleaner,>BGSNH346-24_r_1.3_s_50_BGSNH346-24_fcleaner,2212857,YP_009019993.1,tribe:Mirini,null,3458,null,null,2.0,364.0,148.18,135.0,0,764,36,0,0,100.0
BGSNH311-24_r_1.3_s_100_BGSNH311-24_fcleaner,BGSNH311-24,r_1.3_s_100_fcleaner,>BGSNH311-24_r_1.3_s_100_BGSNH311-24_fcleaner,236347,XSG68089.1,subfamily:Bryocorinae,null,168139,null,null,2093.0,16081.0,9026.51,9298.5,0,14936,1847,0,0,100.0
BGSNH376-24_r_1.5_s_100_BGSNH376-24_fcleaner,BGSNH376-24,r_1.5_s_100_fcleaner,>BGSNH376-24_r_1.5_s_100_BGSNH376-24_fcleaner,1837210,QDI94090.1,tribe:Phylini,null,1560,null,null,0.0,281.0,82.61,74.0,0,52,15,0,0,82.19
BGSNH296-24_r_1.5_s_100_BGSNH296-24_fcleaner,BGSNH296-24,r_1.5_s_100_fcleaner,>BGSNH296-24_r_1.5_s_100_BGSNH296-24_fcleaner,1929793,YP_009019993.1,genus:Adelphocoris,null,29770,null,null,414.0,3638.0,1652.35,1546.5,0,1666,402,0,0,100.0
BGSNH331-24_r_1.5_s_50_BGSNH331-24_fcleaner,BGSNH331-24,r_1.5_s_50_fcleaner,>BGSNH331-24_r_1.5_s_50_BGSNH331-24_fcleaner,2315913,QDI94090.1,tribe:Phylini,null,75485,null,null,0.0,8187.0,3786.54,4140.0,0,9395,749,0,0,83.37
BGSNH375-24_r_1.5_s_100_BGSNH375-24_fcleaner,BGSNH375-24,r_1.5_s_100_fcleaner,>BGSNH375-24_r_1.5_s_100_BGSNH375-24_fcleaner,1837210,QDI94090.1,tribe:Phylini,null,28202,null,null,0.0,4897.0,1531.99,1410.0,0,970,244,0,0,83.37
BGSNH323-24_r_1.5_s_100_BGSNH323-24_fcleaner,BGSNH323-24,r_1.5_s_100_fcleaner,>BGSNH323-24_r_1.5_s_100_BGSNH323-24_fcleaner,237212,QDI94090.1,tribe:Phylini,null,24598,null,null,0.0,4287.0,1485.44,1629.0,0,2899,292,0,0,83.17
BGSNH336-24_r_1.3_s_100_BGSNH336-24_fcleaner,BGSNH336-24,r_1.3_s_100_fcleaner,>BGSNH336-24_r_1.3_s_100_BGSNH336-24_fcleaner,2315913,QDI94090.1,tribe:Phylini,null,1870,null,null,0.0,258.0,114.3,131.0,0,79,55,0,0,83.37
BGSNH357-24_r_1_s_100_BGSNH357-24_fcleaner,BGSNH357-24,r_1_s_100_fcleaner,>BGSNH357-24_r_1_s_100_BGSNH357-24_fcleaner,2212857,YP_009019993.1,tribe:Mirini,null,2956,null,null,30.0,326.0,175.14,171.0,0,385,45,0,0,100.0
BGSNH326-24_r_1.3_s_50_BGSNH326-24_fcleaner,BGSNH326-24,r_1.3_s_50_fcleaner,>BGSNH326-24_r_1.3_s_50_BGSNH326-24_fcleaner,237212,QDI94090.1,tribe:Phylini,null,598,null,null,0.0,94.0,30.55,32.0,0,64,54,0,0,83.37
BGSNH302-24_r_1.5_s_100_BGSNH302-24_fcleaner,BGSNH302-24,r_1.5_s_100_fcleaner,>BGSNH302-24_r_1.5_s_100_BGSNH302-24_fcleaner,981266,QDI94090.1,tribe:Phylini,null,5999,null,null,0.0,994.0,328.99,321.0,0,471,82,0,0,83.37
BGSNH380-24_r_1.3_s_50_BGSNH380-24_fcleaner,BGSNH380-24,r_1.3_s_50_fcleaner,>BGSNH380-24_r_1.3_s_50_BGSNH380-24_fcleaner,2026309,YP_009019993.1,tribe:Mirini,null,31707,null,null,600.0,2852.0,1562.95,1555.0,0,3122,264,0,0,100.0
BGSNH316-24_r_1.3_s_50_BGSNH316-24_fcleaner,BGSNH316-24,r_1.3_s_50_fcleaner,>BGSNH316-24_r_1.3_s_50_BGSNH316-24_fcleaner,236347,XSG68089.1,subfamily:Bryocorinae,null,28031,null,null,654.0,3707.0,1728.08,1557.5,0,2199,299,0,0,100.0
BGSNH301-24_r_1_s_100_BGSNH301-24_fcleaner,BGSNH301-24,r_1_s_100_fcleaner,>BGSNH301-24_r_1_s_100_BGSNH301-24_fcleaner,2868303,YP_009019993.1,tribe:Mirini,null,1809,null,null,0.0,177.0,85.1,82.0,0,521,22,0,0,99.61
BGSNH290-24_r_1.3_s_100_BGSNH290-24_fcleaner,BGSNH290-24,r_1.3_s_100_fcleaner,>BGSNH290-24_r_1.3_s_100_BGSNH290-24_fcleaner,1545070,AHN95687.1,tribe:Stenodemini,null,31299,null,null,222.0,3557.0,1955.59,1866.0,0,2847,393,0,0,100.0
BGSNH327-24_r_1.5_s_100_BGSNH327-24_fcleaner,BGSNH327-24,r_1.5_s_100_fcleaner,>BGSNH327-24_r_1.5_s_100_BGSNH327-24_fcleaner,237212,QDI94090.1,tribe:Phylini,null,317,null,null,0.0,60.0,21.04,19.0,0,20,25,0,0,83.37
BGSNH293-24_r_1.3_s_50_BGSNH293-24_fcleaner,BGSNH293-24,r_1.3_s_50_fcleaner,>BGSNH293-24_r_1.3_s_50_BGSNH293-24_fcleaner,236347,XSG68089.1,subfamily:Bryocorinae,null,4305,null,null,0.0,359.0,205.85,200.0,0,790,43,0,0,99.61
BGSNH358-24_r_1.5_s_100_BGSNH358-24_fcleaner,BGSNH358-24,r_1.5_s_100_fcleaner,>BGSNH358-24_r_1.5_s_100_BGSNH358-24_fcleaner,2212857,YP_009019993.1,tribe:Mirini,null,568,null,null,0.0,92.0,30.59,29.0,0,155,4,0,0,86.72
BGSNH338-24_r_1_s_50_BGSNH338-24_fcleaner,BGSNH338-24,r_1_s_50_fcleaner,>BGSNH338-24_r_1_s_50_BGSNH338-24_fcleaner,1336454,QDI94090.1,tribe:Phylini,null,1203,null,null,0.0,136.0,48.14,50.0,0,200,43,0,0,83.37
BGSNH330-24_r_1_s_100_BGSNH330-24_fcleaner,BGSNH330-24,r_1_s_100_fcleaner,>BGSNH330-24_r_1_s_100_BGSNH330-24_fcleaner,237212,QDI94090.1,tribe:Phylini,null,477,null,null,0.0,67.0,32.38,36.0,0,62,8,0,0,83.17
BGSNH361-24_r_1.5_s_50_BGSNH361-24_fcleaner,BGSNH361-24,r_1.5_s_50_fcleaner,>BGSNH361-24_r_1.5_s_50_BGSNH361-24_fcleaner,1545085,YP_010424628.1,tribe:Orthotylini,null,912,null,null,0.0,99.0,50.07,56.0,0,113,21,0,0,98.04
BGSNH351-24_r_1.3_s_50_BGSNH351-24_fcleaner,BGSNH351-24,r_1.3_s_50_fcleaner,>BGSNH351-24_r_1.3_s_50_BGSNH351-24_fcleaner,2212857,YP_009019993.1,tribe:Mirini,null,266,null,null,0.0,48.0,10.69,6.5,0,380,4,0,0,73.24
BGSNH365-24_r_1.3_s_50_BGSNH365-24_fcleaner,BGSNH365-24,r_1.3_s_50_fcleaner,>BGSNH365-24_r_1.3_s_50_BGSNH365-24_fcleaner,236347,XSG68089.1,subfamily:Bryocorinae,null,10170,null,null,0.0,972.0,632.43,635.5,0,235,113,0,0,99.61
BGSNH344-24_r_1.3_s_50_BGSNH344-24_fcleaner,BGSNH344-24,r_1.3_s_50_fcleaner,>BGSNH344-24_r_1.3_s_50_BGSNH344-24_fcleaner,2212857,YP_009019993.1,tribe:Mirini,null,18610,null,null,281.0,1738.0,902.69,842.5,0,2587,137,0,0,100.0
BGSNH353-24_r_1.5_s_50_BGSNH353-24_fcleaner,BGSNH353-24,r_1.5_s_50_fcleaner,>BGSNH353-24_r_1.5_s_50_BGSNH353-24_fcleaner,2212857,YP_009019993.1,tribe:Mirini,null,9372,null,null,3.0,1354.0,442.04,407.5,0,1288,74,0,0,100.0
BGSNH316-24_r_1_s_100_BGSNH316-24_fcleaner,BGSNH316-24,r_1_s_100_fcleaner,>BGSNH316-24_r_1_s_100_BGSNH316-24_fcleaner,236347,XSG68089.1,subfamily:Bryocorinae,null,26371,null,null,679.0,3419.0,1738.29,1619.0,0,1329,300,0,0,100.0
BGSNH327-24_r_1.5_s_50_BGSNH327-24_fcleaner,BGSNH327-24,r_1.5_s_50_fcleaner,>BGSNH327-24_r_1.5_s_50_BGSNH327-24_fcleaner,237212,QDI94090.1,tribe:Phylini,null,410,null,null,0.0,70.0,24.11,23.0,0,44,31,0,0,83.37
BGSNH378-24_r_1.3_s_100_BGSNH378-24_fcleaner,BGSNH378-24,r_1.3_s_100_fcleaner,>BGSNH378-24_r_1.3_s_100_BGSNH378-24_fcleaner,2026309,YP_009019993.1,tribe:Mirini,null,81,null,null,0.0,81.0,6.42,0.0,0,95,5,0,0,11.13
BGSNH286-24_r_1.3_s_50_BGSNH286-24_fcleaner,BGSNH286-24,r_1.3_s_50_fcleaner,>BGSNH286-24_r_1.3_s_50_BGSNH286-24_fcleaner,1545070,AHN95687.1,tribe:Stenodemini,null,6701,null,null,78.0,721.0,320.98,296.0,0,683,3,0,0,100.0
BGSNH324-24_r_1.3_s_50_BGSNH324-24_fcleaner,BGSNH324-24,r_1.3_s_50_fcleaner,>BGSNH324-24_r_1.3_s_50_BGSNH324-24_fcleaner,237212,QDI94090.1,tribe:Phylini,null,15681,null,null,0.0,1966.0,833.1,863.0,0,2538,262,0,0,83.17
BGSNH352-24_r_1.3_s_100_BGSNH352-24_fcleaner,BGSNH352-24,r_1.3_s_100_fcleaner,>BGSNH352-24_r_1.3_s_100_BGSNH352-24_fcleaner,2212857,YP_009019993.1,tribe:Mirini,null,128,null,null,0.0,32.0,5.94,2.0,0,3,1,0,0,60.55
BGSNH350-24_r_1.5_s_50_BGSNH350-24_fcleaner,BGSNH350-24,r_1.5_s_50_fcleaner,>BGSNH350-24_r_1.5_s_50_BGSNH350-24_fcleaner,2212857,YP_009019993.1,tribe:Mirini,null,199,null,null,0.0,41.0,7.76,4.0,0,60,2,0,0,70.51
BGSNH299-24_r_1_s_100_BGSNH299-24_fcleaner,BGSNH299-24,r_1_s_100_fcleaner,>BGSNH299-24_r_1_s_100_BGSNH299-24_fcleaner,2868303,YP_009019993.1,tribe:Mirini,null,11918,null,null,78.0,2507.0,582.91,489.0,0,1648,121,0,0,100.0
BGSNH298-24_r_1.3_s_50_BGSNH298-24_fcleaner,BGSNH298-24,r_1.3_s_50_fcleaner,>BGSNH298-24_r_1.3_s_50_BGSNH298-24_fcleaner,981263,UPL65908.1,subfamily:Phylinae,null,58978,null,null,1.0,5443.0,2702.04,2751.0,0,9920,1337,0,0,100.0
BGSNH291-24_r_1_s_50_BGSNH291-24_fcleaner,BGSNH291-24,r_1_s_50_fcleaner,>BGSNH291-24_r_1_s_50_BGSNH291-24_fcleaner,1545070,AHN95687.1,tribe:Stenodemini,null,13443,null,null,71.0,1368.0,778.07,780.0,0,1804,561,0,0,100.0
BGSNH341-24_r_1.3_s_100_BGSNH341-24_fcleaner,BGSNH341-24,r_1.3_s_100_fcleaner,>BGSNH341-24_r_1.3_s_100_BGSNH341-24_fcleaner,1336454,QDI94090.1,tribe:Phylini,null,1875,null,null,0.0,248.0,98.57,98.0,0,271,24,0,0,83.37
BGSNH321-24_r_1_s_100_BGSNH321-24_fcleaner,BGSNH321-24,r_1_s_100_fcleaner,>BGSNH321-24_r_1_s_100_BGSNH321-24_fcleaner,237212,QDI94090.1,tribe:Phylini,null,10989,null,null,0.0,1667.0,682.74,726.0,0,1137,155,0,0,83.17
BGSNH349-24_r_1.3_s_50_BGSNH349-24_fcleaner,BGSNH349-24,r_1.3_s_50_fcleaner,>BGSNH349-24_r_1.3_s_50_BGSNH349-24_fcleaner,2212857,YP_009019993.1,tribe:Mirini,null,994,null,null,0.0,88.0,33.75,34.0,0,495,9,0,0,95.31
BGSNH346-24_r_1_s_100_BGSNH346-24_fcleaner,BGSNH346-24,r_1_s_100_fcleaner,>BGSNH346-24_r_1_s_100_BGSNH346-24_fcleaner,2212857,YP_009019993.1,tribe:Mirini,null,1928,null,null,0.0,320.0,97.23,80.0,0,1052,12,0,0,97.66
BGSNH294-24_r_1_s_50_BGSNH294-24_fcleaner,BGSNH294-24,r_1_s_50_fcleaner,>BGSNH294-24_r_1_s_50_BGSNH294-24_fcleaner,1929793,YP_009019993.1,genus:Adelphocoris,null,6,null,null,0.0,4.0,0.28,0.0,0,8,0,0,0,10.16
BGSNH310-24_r_1.5_s_100_BGSNH310-24_fcleaner,BGSNH310-24,r_1.5_s_100_fcleaner,>BGSNH310-24_r_1.5_s_100_BGSNH310-24_fcleaner,236347,XSG68089.1,subfamily:Bryocorinae,null,13535,null,null,0.0,1590.0,726.43,784.5,0,1467,130,0,0,97.27
BGSNH366-24_r_1_s_100_BGSNH366-24_fcleaner,BGSNH366-24,r_1_s_100_fcleaner,>BGSNH366-24_r_1_s_100_BGSNH366-24_fcleaner,236347,XSG68089.1,subfamily:Bryocorinae,null,35516,null,null,0.0,3489.0,2171.78,2158.5,0,530,430,0,0,99.61
BGSNH287-24_r_1_s_100_BGSNH287-24_fcleaner,BGSNH287-24,r_1_s_100_fcleaner,>BGSNH287-24_r_1_s_100_BGSNH287-24_fcleaner,1545070,AHN95687.1,tribe:Stenodemini,null,3523,null,null,6.0,337.0,190.39,191.0,0,535,1,0,0,100.0
BGSNH299-24_r_1.5_s_50_BGSNH299-24_fcleaner,BGSNH299-24,r_1.5_s_50_fcleaner,>BGSNH299-24_r_1.5_s_50_BGSNH299-24_fcleaner,2868303,YP_009019993.1,tribe:Mirini,null,17208,null,null,58.0,3181.0,740.19,637.5,0,1444,148,0,0,100.0
BGSNH336-24_r_1.5_s_50_BGSNH336-24_fcleaner,BGSNH336-24,r_1.5_s_50_fcleaner,>BGSNH336-24_r_1.5_s_50_BGSNH336-24_fcleaner,2315913,QDI94090.1,tribe:Phylini,null,2125,null,null,0.0,241.0,116.67,136.0,0,193,33,0,0,83.37
BGSNH286-24_r_1.5_s_100_BGSNH286-24_fcleaner,BGSNH286-24,r_1.5_s_100_fcleaner,>BGSNH286-24_r_1.5_s_100_BGSNH286-24_fcleaner,1545070,AHN95687.1,tribe:Stenodemini,null,4204,null,null,2.0,599.0,227.76,214.0,0,254,29,0,0,100.0
BGSNH327-24_r_1_s_50_BGSNH327-24_fcleaner,BGSNH327-24,r_1_s_50_fcleaner,>BGSNH327-24_r_1_s_50_BGSNH327-24_fcleaner,237212,QDI94090.1,tribe:Phylini,null,593,null,null,0.0,116.0,34.74,33.0,0,145,53,0,0,83.37
BGSNH329-24_r_1_s_50_BGSNH329-24_fcleaner,BGSNH329-24,r_1_s_50_fcleaner,>BGSNH329-24_r_1_s_50_BGSNH329-24_fcleaner,237212,QDI94090.1,tribe:Phylini,null,13514,null,null,0.0,2598.0,711.78,604.0,0,3011,156,0,0,83.17
BGSNH322-24_r_1.3_s_100_BGSNH322-24_fcleaner,BGSNH322-24,r_1.3_s_100_fcleaner,>BGSNH322-24_r_1.3_s_100_BGSNH322-24_fcleaner,237212,QDI94090.1,tribe:Phylini,null,14153,null,null,0.0,2024.0,845.34,935.0,0,1618,177,0,0,83.17
BGSNH362-24_r_1.5_s_100_BGSNH362-24_fcleaner,BGSNH362-24,r_1.5_s_100_fcleaner,>BGSNH362-24_r_1.5_s_100_BGSNH362-24_fcleaner,1545085,YP_010424628.1,tribe:Orthotylini,null,5181,null,null,0.0,809.0,306.76,305.0,0,479,75,0,0,98.63
BGSNH297-24_r_1.5_s_100_BGSNH297-24_fcleaner,BGSNH297-24,r_1.5_s_100_fcleaner,>BGSNH297-24_r_1.5_s_100_BGSNH297-24_fcleaner,1929793,YP_009019993.1,genus:Adelphocoris,null,8103,null,null,37.0,784.0,423.09,410.0,0,559,75,0,0,100.0
BGSNH313-24_r_1.5_s_50_BGSNH313-24_fcleaner,BGSNH313-24,r_1.5_s_50_fcleaner,>BGSNH313-24_r_1.5_s_50_BGSNH313-24_fcleaner,236347,XSG68089.1,subfamily:Bryocorinae,null,31067,null,null,0.0,3076.0,1647.58,1868.5,0,3328,337,0,0,99.8
BGSNH369-24_r_1.5_s_50_BGSNH369-24_fcleaner,BGSNH369-24,r_1.5_s_50_fcleaner,>BGSNH369-24_r_1.5_s_50_BGSNH369-24_fcleaner,2358427,QDI94090.1,tribe:Phylini,null,195,null,null,0.0,52.0,9.69,6.0,0,108,6,0,0,58.9
BGSNH303-24_r_1_s_100_BGSNH303-24_fcleaner,BGSNH303-24,r_1_s_100_fcleaner,>BGSNH303-24_r_1_s_100_BGSNH303-24_fcleaner,981266,QDI94090.1,tribe:Phylini,null,7389,null,null,0.0,1633.0,424.47,364.0,0,774,85,0,0,83.37
BGSNH330-24_r_1_s_50_BGSNH330-24_fcleaner,BGSNH330-24,r_1_s_50_fcleaner,>BGSNH330-24_r_1_s_50_BGSNH330-24_fcleaner,237212,QDI94090.1,tribe:Phylini,null,666,null,null,0.0,82.0,39.09,42.0,0,180,21,0,0,83.17
BGSNH356-24_r_1.5_s_50_BGSNH356-24_fcleaner,BGSNH356-24,r_1.5_s_50_fcleaner,>BGSNH356-24_r_1.5_s_50_BGSNH356-24_fcleaner,2212857,YP_009019993.1,tribe:Mirini,null,13363,null,null,0.0,1577.0,576.06,493.5,0,1227,91,0,0,98.83
BGSNH379-24_r_1.5_s_100_BGSNH379-24_fcleaner,BGSNH379-24,r_1.5_s_100_fcleaner,>BGSNH379-24_r_1.5_s_100_BGSNH379-24_fcleaner,2026309,YP_009019993.1,tribe:Mirini,null,762,null,null,0.0,105.0,42.13,42.0,0,148,8,0,0,98.24
BGSNH348-24_r_1_s_50_BGSNH348-24_fcleaner,BGSNH348-24,r_1_s_50_fcleaner,>BGSNH348-24_r_1_s_50_BGSNH348-24_fcleaner,2212857,YP_009019993.1,tribe:Mirini,null,3092,null,null,0.0,287.0,119.48,120.5,0,1537,24,0,0,99.41
BGSNH341-24_r_1.5_s_50_BGSNH341-24_fcleaner,BGSNH341-24,r_1.5_s_50_fcleaner,>BGSNH341-24_r_1.5_s_50_BGSNH341-24_fcleaner,1336454,QDI94090.1,tribe:Phylini,null,2809,null,null,0.0,378.0,123.22,124.0,0,492,30,0,0,82.19
BGSNH299-24_r_1_s_50_BGSNH299-24_fcleaner,BGSNH299-24,r_1_s_50_fcleaner,>BGSNH299-24_r_1_s_50_BGSNH299-24_fcleaner,2868303,YP_009019993.1,tribe:Mirini,null,18921,null,null,240.0,3193.0,811.87,703.0,0,3901,198,0,0,100.0
BGSNH373-24_r_1_s_50_BGSNH373-24_fcleaner,BGSNH373-24,r_1_s_50_fcleaner,>BGSNH373-24_r_1_s_50_BGSNH373-24_fcleaner,1837210,QDI94090.1,tribe:Phylini,null,3623,null,null,0.0,356.0,167.42,174.0,0,452,34,0,0,83.37
BGSNH379-24_r_1_s_50_BGSNH379-24_fcleaner,BGSNH379-24,r_1_s_50_fcleaner,>BGSNH379-24_r_1_s_50_BGSNH379-24_fcleaner,2026309,YP_009019993.1,tribe:Mirini,null,760,null,null,0.0,110.0,39.57,37.0,0,1314,25,0,0,81.45
BGSNH291-24_r_1.5_s_50_BGSNH291-24_fcleaner,BGSNH291-24,r_1.5_s_50_fcleaner,>BGSNH291-24_r_1.5_s_50_BGSNH291-24_fcleaner,1545070,AHN95687.1,tribe:Stenodemini,null,10904,null,null,55.0,1185.0,640.77,640.0,0,1251,460,0,0,100.0
BGSNH361-24_r_1.5_s_100_BGSNH361-24_fcleaner,BGSNH361-24,r_1.5_s_100_fcleaner,>BGSNH361-24_r_1.5_s_100_BGSNH361-24_fcleaner,1545085,YP_010424628.1,tribe:Orthotylini,null,717,null,null,0.0,87.0,43.88,48.0,0,55,14,0,0,97.65
BGSNH323-24_r_1_s_50_BGSNH323-24_fcleaner,BGSNH323-24,r_1_s_50_fcleaner,>BGSNH323-24_r_1_s_50_BGSNH323-24_fcleaner,237212,QDI94090.1,tribe:Phylini,null,38109,null,null,0.0,5837.0,2105.79,2152.0,0,5578,507,0,0,83.17
BGSNH350-24_r_1_s_100_BGSNH350-24_fcleaner,BGSNH350-24,r_1_s_100_fcleaner,>BGSNH350-24_r_1_s_100_BGSNH350-24_fcleaner,2212857,YP_009019993.1,tribe:Mirini,null,138,null,null,0.0,47.0,11.37,6.0,0,166,11,0,0,61.33
BGSNH377-24_r_1_s_50_BGSNH377-24_fcleaner,BGSNH377-24,r_1_s_50_fcleaner,>BGSNH377-24_r_1_s_50_BGSNH377-24_fcleaner,2026309,YP_009019993.1,tribe:Mirini,null,3622,null,null,37.0,406.0,173.37,168.0,0,1604,53,0,0,100.0
BGSNH360-24_r_1_s_100_BGSNH360-24_fcleaner,BGSNH360-24,r_1_s_100_fcleaner,>BGSNH360-24_r_1_s_100_BGSNH360-24_fcleaner,2212857,YP_009019993.1,tribe:Mirini,null,4830,null,null,40.0,721.0,242.37,228.5,0,813,56,0,0,100.0
BGSNH358-24_r_1_s_100_BGSNH358-24_fcleaner,BGSNH358-24,r_1_s_100_fcleaner,>BGSNH358-24_r_1_s_100_BGSNH358-24_fcleaner,2212857,YP_009019993.1,tribe:Mirini,null,355,null,null,0.0,92.0,18.92,15.0,0,865,9,0,0,73.24
BGSNH349-24_r_1.5_s_50_BGSNH349-24_fcleaner,BGSNH349-24,r_1.5_s_50_fcleaner,>BGSNH349-24_r_1.5_s_50_BGSNH349-24_fcleaner,2212857,YP_009019993.1,tribe:Mirini,null,881,null,null,0.0,89.0,29.83,28.0,0,250,4,0,0,87.7
BGSNH361-24_r_1_s_100_BGSNH361-24_fcleaner,BGSNH361-24,r_1_s_100_fcleaner,>BGSNH361-24_r_1_s_100_BGSNH361-24_fcleaner,1545085,YP_010424628.1,tribe:Orthotylini,null,961,null,null,14.0,95.0,59.34,60.0,0,76,30,0,0,100.0
BGSNH318-24_r_1_s_100_BGSNH318-24_fcleaner,BGSNH318-24,r_1_s_100_fcleaner,>BGSNH318-24_r_1_s_100_BGSNH318-24_fcleaner,236347,XSG68089.1,subfamily:Bryocorinae,null,20350,null,null,0.0,2815.0,1215.11,1069.5,0,1359,165,0,0,99.61
BGSNH351-24_r_1_s_100_BGSNH351-24_fcleaner,BGSNH351-24,r_1_s_100_fcleaner,>BGSNH351-24_r_1_s_100_BGSNH351-24_fcleaner,2212857,YP_009019993.1,tribe:Mirini,null,208,null,null,0.0,102.0,15.62,2.0,0,384,12,0,3,66.21
BGSNH379-24_r_1_s_100_BGSNH379-24_fcleaner,BGSNH379-24,r_1_s_100_fcleaner,>BGSNH379-24_r_1_s_100_BGSNH379-24_fcleaner,2026309,YP_009019993.1,tribe:Mirini,null,643,null,null,0.0,110.0,36.42,34.0,0,918,16,0,0,85.55
BGSNH375-24_r_1.5_s_50_BGSNH375-24_fcleaner,BGSNH375-24,r_1.5_s_50_fcleaner,>BGSNH375-24_r_1.5_s_50_BGSNH375-24_fcleaner,1837210,QDI94090.1,tribe:Phylini,null,40312,null,null,0.0,6145.0,1921.96,1890.0,0,3005,294,0,0,83.37
BGSNH300-24_r_1.5_s_100_BGSNH300-24_fcleaner,BGSNH300-24,r_1.5_s_100_fcleaner,>BGSNH300-24_r_1.5_s_100_BGSNH300-24_fcleaner,2868303,YP_009019993.1,tribe:Mirini,null,187,null,null,0.0,49.0,8.96,0.0,0,50,0,0,0,49.02
BGSNH301-24_r_1.3_s_50_BGSNH301-24_fcleaner,BGSNH301-24,r_1.3_s_50_fcleaner,>BGSNH301-24_r_1.3_s_50_BGSNH301-24_fcleaner,2868303,YP_009019993.1,tribe:Mirini,null,3244,null,null,26.0,240.0,132.06,134.0,0,675,33,0,0,100.0
BGSNH293-24_r_1.5_s_100_BGSNH293-24_fcleaner,BGSNH293-24,r_1.5_s_100_fcleaner,>BGSNH293-24_r_1.5_s_100_BGSNH293-24_fcleaner,236347,XSG68089.1,subfamily:Bryocorinae,null,2387,null,null,0.0,307.0,125.54,115.0,0,125,17,0,0,96.09
BGSNH364-24_r_1_s_50_BGSNH364-24_fcleaner,BGSNH364-24,r_1_s_50_fcleaner,>BGSNH364-24_r_1_s_50_BGSNH364-24_fcleaner,236347,XSG68089.1,subfamily:Bryocorinae,null,31050,null,null,0.0,2988.0,1614.92,1577.0,0,1536,274,0,0,99.8
BGSNH313-24_r_1_s_100_BGSNH313-24_fcleaner,BGSNH313-24,r_1_s_100_fcleaner,>BGSNH313-24_r_1_s_100_BGSNH313-24_fcleaner,236347,XSG68089.1,subfamily:Bryocorinae,null,29939,null,null,587.0,2895.0,1792.0,1782.5,0,2735,400,0,0,100.0
BGSNH337-24_r_1.5_s_50_BGSNH337-24_fcleaner,BGSNH337-24,r_1.5_s_50_fcleaner,>BGSNH337-24_r_1.5_s_50_BGSNH337-24_fcleaner,1336454,QDI94090.1,tribe:Phylini,null,3670,null,null,0.0,396.0,210.6,243.0,0,290,45,0,0,83.17
BGSNH348-24_r_1.3_s_50_BGSNH348-24_fcleaner,BGSNH348-24,r_1.3_s_50_fcleaner,>BGSNH348-24_r_1.3_s_50_BGSNH348-24_fcleaner,2212857,YP_009019993.1,tribe:Mirini,null,3112,null,null,0.0,286.0,120.34,121.0,0,881,1,0,0,99.8
BGSNH329-24_r_1_s_100_BGSNH329-24_fcleaner,BGSNH329-24,r_1_s_100_fcleaner,>BGSNH329-24_r_1_s_100_BGSNH329-24_fcleaner,237212,QDI94090.1,tribe:Phylini,null,9503,null,null,0.0,1696.0,569.63,520.0,0,1287,117,0,0,83.17
BGSNH365-24_r_1_s_100_BGSNH365-24_fcleaner,BGSNH365-24,r_1_s_100_fcleaner,>BGSNH365-24_r_1_s_100_BGSNH365-24_fcleaner,236347,XSG68089.1,subfamily:Bryocorinae,null,8771,null,null,0.0,904.0,592.46,583.5,0,106,97,0,0,99.61
BGSNH354-24_r_1_s_50_BGSNH354-24_fcleaner,BGSNH354-24,r_1_s_50_fcleaner,>BGSNH354-24_r_1_s_50_BGSNH354-24_fcleaner,2212857,YP_009019993.1,tribe:Mirini,null,296,null,null,0.0,45.0,16.15,17.0,0,253,26,0,3,91.99
BGSNH294-24_r_1.3_s_100_BGSNH294-24_fcleaner,BGSNH294-24,r_1.3_s_100_fcleaner,>BGSNH294-24_r_1.3_s_100_BGSNH294-24_fcleaner,1929793,YP_009019993.1,genus:Adelphocoris,null,2,null,null,0.0,2.0,0.12,0.0,0,0,0,0,0,6.25
BGSNH305-24_r_1.3_s_50_BGSNH305-24_fcleaner,BGSNH305-24,r_1.3_s_50_fcleaner,>BGSNH305-24_r_1.3_s_50_BGSNH305-24_fcleaner,981266,QDI94090.1,tribe:Phylini,null,47620,null,null,0.0,6287.0,2684.28,2747.0,0,6905,535,0,0,83.37
BGSNH375-24_r_1.3_s_100_BGSNH375-24_fcleaner,BGSNH375-24,r_1.3_s_100_fcleaner,>BGSNH375-24_r_1.3_s_100_BGSNH375-24_fcleaner,1837210,QDI94090.1,tribe:Phylini,null,31733,null,null,0.0,4901.0,1756.86,1666.0,0,1132,307,0,0,83.37
BGSNH312-24_r_1_s_100_BGSNH312-24_fcleaner,BGSNH312-24,r_1_s_100_fcleaner,>BGSNH312-24_r_1_s_100_BGSNH312-24_fcleaner,236347,XSG68089.1,subfamily:Bryocorinae,null,86113,null,null,783.0,7270.0,4619.1,4731.5,0,8523,898,0,0,100.0
BGSNH339-24_r_1.5_s_100_BGSNH339-24_fcleaner,BGSNH339-24,r_1.5_s_100_fcleaner,>BGSNH339-24_r_1.5_s_100_BGSNH339-24_fcleaner,1336454,QDI94090.1,tribe:Phylini,null,3289,null,null,0.0,440.0,187.78,206.0,0,192,51,0,0,83.17
BGSNH294-24_r_1.5_s_100_BGSNH294-24_fcleaner,BGSNH294-24,r_1.5_s_100_fcleaner,>BGSNH294-24_r_1.5_s_100_BGSNH294-24_fcleaner,1929793,YP_009019993.1,genus:Adelphocoris,null,2,null,null,0.0,2.0,0.12,0.0,0,0,0,0,0,6.25
BGSNH358-24_r_1.3_s_50_BGSNH358-24_fcleaner,BGSNH358-24,r_1.3_s_50_fcleaner,>BGSNH358-24_r_1.3_s_50_BGSNH358-24_fcleaner,2212857,YP_009019993.1,tribe:Mirini,null,850,null,null,0.0,136.0,41.47,38.0,0,569,37,0,0,97.27
BGSNH357-24_r_1.5_s_100_BGSNH357-24_fcleaner,BGSNH357-24,r_1.5_s_100_fcleaner,>BGSNH357-24_r_1.5_s_100_BGSNH357-24_fcleaner,2212857,YP_009019993.1,tribe:Mirini,null,2646,null,null,0.0,321.0,154.66,143.0,0,142,40,0,0,98.24
BGSNH302-24_r_1.3_s_100_BGSNH302-24_fcleaner,BGSNH302-24,r_1.3_s_100_fcleaner,>BGSNH302-24_r_1.3_s_100_BGSNH302-24_fcleaner,981266,QDI94090.1,tribe:Phylini,null,6653,null,null,0.0,1000.0,370.58,347.0,0,542,101,0,0,83.37
BGSNH337-24_r_1_s_50_BGSNH337-24_fcleaner,BGSNH337-24,r_1_s_50_fcleaner,>BGSNH337-24_r_1_s_50_BGSNH337-24_fcleaner,1336454,QDI94090.1,tribe:Phylini,null,4348,null,null,0.0,420.0,250.8,289.0,0,533,75,0,0,83.37
BGSNH367-24_r_1.3_s_50_BGSNH367-24_fcleaner,BGSNH367-24,r_1.3_s_50_fcleaner,>BGSNH367-24_r_1.3_s_50_BGSNH367-24_fcleaner,2358427,QDI94090.1,tribe:Phylini,null,4427,null,null,0.0,501.0,217.21,218.0,0,382,44,0,0,83.37
BGSNH328-24_r_1.3_s_50_BGSNH328-24_fcleaner,BGSNH328-24,r_1.3_s_50_fcleaner,>BGSNH328-24_r_1.3_s_50_BGSNH328-24_fcleaner,237212,QDI94090.1,tribe:Phylini,null,17114,null,null,0.0,2027.0,1128.73,1237.0,0,2542,230,0,0,83.17
BGSNH349-24_r_1.5_s_100_BGSNH349-24_fcleaner,BGSNH349-24,r_1.5_s_100_fcleaner,>BGSNH349-24_r_1.5_s_100_BGSNH349-24_fcleaner,2212857,YP_009019993.1,tribe:Mirini,null,232,null,null,0.0,50.0,10.5,10.0,0,72,5,0,0,63.28
BGSNH315-24_r_1.3_s_100_BGSNH315-24_fcleaner,BGSNH315-24,r_1.3_s_100_fcleaner,>BGSNH315-24_r_1.3_s_100_BGSNH315-24_fcleaner,236347,XSG68089.1,subfamily:Bryocorinae,null,6166,null,null,198.0,1029.0,466.38,403.5,0,224,71,0,0,100.0
BGSNH360-24_r_1.3_s_100_BGSNH360-24_fcleaner,BGSNH360-24,r_1.3_s_100_fcleaner,>BGSNH360-24_r_1.3_s_100_BGSNH360-24_fcleaner,2212857,YP_009019993.1,tribe:Mirini,null,4787,null,null,40.0,721.0,239.81,223.0,0,471,55,0,0,100.0
BGSNH292-24_r_1.5_s_50_BGSNH292-24_fcleaner,BGSNH292-24,r_1.5_s_50_fcleaner,>BGSNH292-24_r_1.5_s_50_BGSNH292-24_fcleaner,236347,XSG68089.1,subfamily:Bryocorinae,null,998,null,null,0.0,161.0,42.31,30.0,0,102,8,0,0,91.99
BGSNH288-24_r_1.3_s_100_BGSNH288-24_fcleaner,BGSNH288-24,r_1.3_s_100_fcleaner,>BGSNH288-24_r_1.3_s_100_BGSNH288-24_fcleaner,1545070,AHN95687.1,tribe:Stenodemini,null,125454,null,null,524.0,13722.0,6985.06,6920.0,0,16090,1623,0,0,100.0
BGSNH359-24_r_1_s_100_BGSNH359-24_fcleaner,BGSNH359-24,r_1_s_100_fcleaner,>BGSNH359-24_r_1_s_100_BGSNH359-24_fcleaner,2212857,YP_009019993.1,tribe:Mirini,null,315,null,null,0.0,145.0,25.83,9.0,0,732,15,0,0,59.96
BGSNH363-24_r_1.5_s_50_BGSNH363-24_fcleaner,BGSNH363-24,r_1.5_s_50_fcleaner,>BGSNH363-24_r_1.5_s_50_BGSNH363-24_fcleaner,1545085,YP_010424628.1,tribe:Orthotylini,null,44295,null,null,0.0,4291.0,2258.1,2417.0,0,5473,429,0,0,98.43
BGSNH365-24_r_1.3_s_100_BGSNH365-24_fcleaner,BGSNH365-24,r_1.3_s_100_fcleaner,>BGSNH365-24_r_1.3_s_100_BGSNH365-24_fcleaner,236347,XSG68089.1,subfamily:Bryocorinae,null,8484,null,null,0.0,904.0,572.91,583.0,0,81,97,0,0,99.61
BGSNH308-24_r_1_s_50_BGSNH308-24_fcleaner,BGSNH308-24,r_1_s_50_fcleaner,>BGSNH308-24_r_1_s_50_BGSNH308-24_fcleaner,981266,QDI94090.1,tribe:Phylini,null,7877,null,null,0.0,1164.0,400.42,326.0,0,1066,120,0,0,83.37
BGSNH287-24_r_1.5_s_100_BGSNH287-24_fcleaner,BGSNH287-24,r_1.5_s_100_fcleaner,>BGSNH287-24_r_1.5_s_100_BGSNH287-24_fcleaner,1545070,AHN95687.1,tribe:Stenodemini,null,3086,null,null,2.0,326.0,165.63,170.0,0,160,11,0,0,100.0
BGSNH370-24_r_1.3_s_100_BGSNH370-24_fcleaner,BGSNH370-24,r_1.3_s_100_fcleaner,>BGSNH370-24_r_1.3_s_100_BGSNH370-24_fcleaner,1837210,QDI94090.1,tribe:Phylini,null,1576,null,null,0.0,226.0,87.72,89.0,0,62,21,0,0,83.37
BGSNH371-24_r_1.5_s_100_BGSNH371-24_fcleaner,BGSNH371-24,r_1.5_s_100_fcleaner,>BGSNH371-24_r_1.5_s_100_BGSNH371-24_fcleaner,1837210,QDI94090.1,tribe:Phylini,null,1454,null,null,0.0,323.0,77.1,68.0,0,60,13,0,0,81.21
BGSNH357-24_r_1.3_s_50_BGSNH357-24_fcleaner,BGSNH357-24,r_1.3_s_50_fcleaner,>BGSNH357-24_r_1.3_s_50_BGSNH357-24_fcleaner,2212857,YP_009019993.1,tribe:Mirini,null,3793,null,null,59.0,345.0,203.57,203.0,0,444,67,0,0,100.0
BGSNH373-24_r_1.3_s_50_BGSNH373-24_fcleaner,BGSNH373-24,r_1.3_s_50_fcleaner,>BGSNH373-24_r_1.3_s_50_BGSNH373-24_fcleaner,1837210,QDI94090.1,tribe:Phylini,null,3556,null,null,0.0,355.0,164.44,172.0,0,328,33,0,0,83.37
BGSNH368-24_r_1.3_s_50_BGSNH368-24_fcleaner,BGSNH368-24,r_1.3_s_50_fcleaner,>BGSNH368-24_r_1.3_s_50_BGSNH368-24_fcleaner,2358427,QDI94090.1,tribe:Phylini,null,4823,null,null,0.0,512.0,230.04,248.0,0,375,77,0,0,83.37
BGSNH375-24_r_1_s_100_BGSNH375-24_fcleaner,BGSNH375-24,r_1_s_100_fcleaner,>BGSNH375-24_r_1_s_100_BGSNH375-24_fcleaner,1837210,QDI94090.1,tribe:Phylini,null,32341,null,null,0.0,4906.0,1794.75,1738.0,0,1451,318,0,0,83.37
BGSNH373-24_r_1.5_s_100_BGSNH373-24_fcleaner,BGSNH373-24,r_1.5_s_100_fcleaner,>BGSNH373-24_r_1.5_s_100_BGSNH373-24_fcleaner,1837210,QDI94090.1,tribe:Phylini,null,2173,null,null,0.0,328.0,115.03,114.0,0,94,17,0,0,82.0
BGSNH366-24_r_1.5_s_50_BGSNH366-24_fcleaner,BGSNH366-24,r_1.5_s_50_fcleaner,>BGSNH366-24_r_1.5_s_50_BGSNH366-24_fcleaner,236347,XSG68089.1,subfamily:Bryocorinae,null,34230,null,null,0.0,3276.0,1884.74,2080.0,0,715,328,0,0,99.8
BGSNH326-24_r_1_s_50_BGSNH326-24_fcleaner,BGSNH326-24,r_1_s_50_fcleaner,>BGSNH326-24_r_1_s_50_BGSNH326-24_fcleaner,237212,QDI94090.1,tribe:Phylini,null,739,null,null,0.0,132.0,36.88,35.0,0,189,59,0,0,83.37
BGSNH305-24_r_1.5_s_50_BGSNH305-24_fcleaner,BGSNH305-24,r_1.5_s_50_fcleaner,>BGSNH305-24_r_1.5_s_50_BGSNH305-24_fcleaner,981266,QDI94090.1,tribe:Phylini,null,42718,null,null,0.0,5641.0,2362.35,2438.0,0,5612,425,0,0,83.37
BGSNH304-24_r_1.5_s_100_BGSNH304-24_fcleaner,BGSNH304-24,r_1.5_s_100_fcleaner,>BGSNH304-24_r_1.5_s_100_BGSNH304-24_fcleaner,981266,QDI94090.1,tribe:Phylini,null,19716,null,null,0.0,3342.0,1188.38,1119.0,0,1757,267,0,0,83.37
BGSNH324-24_r_1_s_100_BGSNH324-24_fcleaner,BGSNH324-24,r_1_s_100_fcleaner,>BGSNH324-24_r_1_s_100_BGSNH324-24_fcleaner,237212,QDI94090.1,tribe:Phylini,null,12779,null,null,0.0,1813.0,775.39,792.0,0,1432,237,0,0,83.17
BGSNH371-24_r_1_s_50_BGSNH371-24_fcleaner,BGSNH371-24,r_1_s_50_fcleaner,>BGSNH371-24_r_1_s_50_BGSNH371-24_fcleaner,1837210,QDI94090.1,tribe:Phylini,null,2536,null,null,0.0,346.0,117.15,118.0,0,364,27,0,0,83.37
BGSNH299-24_r_1.5_s_100_BGSNH299-24_fcleaner,BGSNH299-24,r_1.5_s_100_fcleaner,>BGSNH299-24_r_1.5_s_100_BGSNH299-24_fcleaner,2868303,YP_009019993.1,tribe:Mirini,null,11283,null,null,48.0,2506.0,550.52,450.0,0,501,103,0,0,100.0
BGSNH332-24_r_1.5_s_100_BGSNH332-24_fcleaner,BGSNH332-24,r_1.5_s_100_fcleaner,>BGSNH332-24_r_1.5_s_100_BGSNH332-24_fcleaner,2315913,QDI94090.1,tribe:Phylini,null,10471,null,null,0.0,1354.0,687.75,777.0,0,669,108,0,0,83.37
BGSNH358-24_r_1.3_s_100_BGSNH358-24_fcleaner,BGSNH358-24,r_1.3_s_100_fcleaner,>BGSNH358-24_r_1.3_s_100_BGSNH358-24_fcleaner,2212857,YP_009019993.1,tribe:Mirini,null,618,null,null,0.0,92.0,33.62,32.0,0,268,10,0,0,95.9
BGSNH330-24_r_1.5_s_100_BGSNH330-24_fcleaner,BGSNH330-24,r_1.5_s_100_fcleaner,>BGSNH330-24_r_1.5_s_100_BGSNH330-24_fcleaner,237212,QDI94090.1,tribe:Phylini,null,401,null,null,0.0,67.0,26.84,28.0,0,48,7,0,0,82.78
BGSNH347-24_r_1_s_50_BGSNH347-24_fcleaner,BGSNH347-24,r_1_s_50_fcleaner,>BGSNH347-24_r_1_s_50_BGSNH347-24_fcleaner,2212857,YP_009019993.1,tribe:Mirini,null,8118,null,null,15.0,865.0,323.57,306.5,0,1843,65,0,0,100.0
BGSNH292-24_r_1.3_s_50_BGSNH292-24_fcleaner,BGSNH292-24,r_1.3_s_50_fcleaner,>BGSNH292-24_r_1.3_s_50_BGSNH292-24_fcleaner,236347,XSG68089.1,subfamily:Bryocorinae,null,1144,null,null,0.0,164.0,48.6,42.0,0,394,6,0,0,95.31
BGSNH290-24_r_1.3_s_50_BGSNH290-24_fcleaner,BGSNH290-24,r_1.3_s_50_fcleaner,>BGSNH290-24_r_1.3_s_50_BGSNH290-24_fcleaner,1545070,AHN95687.1,tribe:Stenodemini,null,36256,null,null,222.0,3755.0,2129.82,2045.0,0,4234,443,0,0,100.0
BGSNH313-24_r_1.3_s_100_BGSNH313-24_fcleaner,BGSNH313-24,r_1.3_s_100_fcleaner,>BGSNH313-24_r_1.3_s_100_BGSNH313-24_fcleaner,236347,XSG68089.1,subfamily:Bryocorinae,null,28626,null,null,584.0,2891.0,1704.25,1710.0,0,2289,377,0,0,100.0
BGSNH346-24_r_1.5_s_100_BGSNH346-24_fcleaner,BGSNH346-24,r_1.5_s_100_fcleaner,>BGSNH346-24_r_1.5_s_100_BGSNH346-24_fcleaner,2212857,YP_009019993.1,tribe:Mirini,null,1852,null,null,0.0,302.0,90.44,68.0,0,289,19,0,0,93.36
BGSNH309-24_r_1.3_s_100_BGSNH309-24_fcleaner,BGSNH309-24,r_1.3_s_100_fcleaner,>BGSNH309-24_r_1.3_s_100_BGSNH309-24_fcleaner,981266,QDI94090.1,tribe:Phylini,null,33039,null,null,0.0,5429.0,1910.81,1811.0,0,4671,385,0,0,83.37
BGSNH300-24_r_1.3_s_50_BGSNH300-24_fcleaner,BGSNH300-24,r_1.3_s_50_fcleaner,>BGSNH300-24_r_1.3_s_50_BGSNH300-24_fcleaner,2868303,YP_009019993.1,tribe:Mirini,null,308,null,null,0.0,54.0,12.65,8.0,0,321,11,0,0,72.07
BGSNH342-24_r_1_s_50_BGSNH342-24_fcleaner,BGSNH342-24,r_1_s_50_fcleaner,>BGSNH342-24_r_1_s_50_BGSNH342-24_fcleaner,2212857,YP_009019993.1,tribe:Mirini,null,12597,null,null,279.0,1242.0,631.3,582.0,0,1695,93,0,0,100.0
BGSNH291-24_r_1.3_s_100_BGSNH291-24_fcleaner,BGSNH291-24,r_1.3_s_100_fcleaner,>BGSNH291-24_r_1.3_s_100_BGSNH291-24_fcleaner,1545070,AHN95687.1,tribe:Stenodemini,null,10785,null,null,63.0,1255.0,682.23,679.0,0,999,429,0,0,100.0
BGSNH325-24_r_1_s_50_BGSNH325-24_fcleaner,BGSNH325-24,r_1_s_50_fcleaner,>BGSNH325-24_r_1_s_50_BGSNH325-24_fcleaner,237212,QDI94090.1,tribe:Phylini,null,1142,null,null,0.0,198.0,66.77,69.0,0,172,93,0,0,83.37
BGSNH327-24_r_1_s_100_BGSNH327-24_fcleaner,BGSNH327-24,r_1_s_100_fcleaner,>BGSNH327-24_r_1_s_100_BGSNH327-24_fcleaner,237212,QDI94090.1,tribe:Phylini,null,397,null,null,0.0,75.0,26.4,25.0,0,36,37,0,0,83.37
BGSNH295-24_r_1.5_s_100_BGSNH295-24_fcleaner,BGSNH295-24,r_1.5_s_100_fcleaner,>BGSNH295-24_r_1.5_s_100_BGSNH295-24_fcleaner,1929793,YP_009019993.1,genus:Adelphocoris,null,45280,null,null,503.0,4901.0,2447.19,2352.5,0,2735,437,0,0,100.0
BGSNH321-24_r_1_s_50_BGSNH321-24_fcleaner,BGSNH321-24,r_1_s_50_fcleaner,>BGSNH321-24_r_1_s_50_BGSNH321-24_fcleaner,237212,QDI94090.1,tribe:Phylini,null,14580,null,null,0.0,2304.0,808.06,831.0,0,2368,202,0,0,83.17
BGSNH343-24_r_1_s_50_BGSNH343-24_fcleaner,BGSNH343-24,r_1_s_50_fcleaner,>BGSNH343-24_r_1_s_50_BGSNH343-24_fcleaner,2212857,YP_009019993.1,tribe:Mirini,null,31651,null,null,1179.0,2577.0,1905.56,1928.5,0,2664,362,0,0,100.0
BGSNH345-24_r_1.5_s_50_BGSNH345-24_fcleaner,BGSNH345-24,r_1.5_s_50_fcleaner,>BGSNH345-24_r_1.5_s_50_BGSNH345-24_fcleaner,2212857,YP_009019993.1,tribe:Mirini,null,63219,null,null,21.0,6148.0,3378.62,3510.5,0,6310,595,0,0,100.0
BGSNH306-24_r_1_s_100_BGSNH306-24_fcleaner,BGSNH306-24,r_1_s_100_fcleaner,>BGSNH306-24_r_1_s_100_BGSNH306-24_fcleaner,981266,QDI94090.1,tribe:Phylini,null,6712,null,null,0.0,1130.0,378.42,415.0,0,1207,93,0,0,83.37
BGSNH304-24_r_1_s_50_BGSNH304-24_fcleaner,BGSNH304-24,r_1_s_50_fcleaner,>BGSNH304-24_r_1_s_50_BGSNH304-24_fcleaner,981266,QDI94090.1,tribe:Phylini,null,28587,null,null,0.0,3935.0,1590.23,1520.0,0,5806,476,0,0,83.37
BGSNH308-24_r_1_s_100_BGSNH308-24_fcleaner,BGSNH308-24,r_1_s_100_fcleaner,>BGSNH308-24_r_1_s_100_BGSNH308-24_fcleaner,981266,QDI94090.1,tribe:Phylini,null,5903,null,null,0.0,1079.0,333.32,253.0,0,407,80,0,0,83.37
BGSNH308-24_r_1.5_s_50_BGSNH308-24_fcleaner,BGSNH308-24,r_1.5_s_50_fcleaner,>BGSNH308-24_r_1.5_s_50_BGSNH308-24_fcleaner,981266,QDI94090.1,tribe:Phylini,null,6611,null,null,0.0,1160.0,332.21,265.0,0,681,78,0,0,83.37
BGSNH352-24_r_1.5_s_50_BGSNH352-24_fcleaner,BGSNH352-24,r_1.5_s_50_fcleaner,>BGSNH352-24_r_1.5_s_50_BGSNH352-24_fcleaner,2212857,YP_009019993.1,tribe:Mirini,null,220,null,null,0.0,38.0,8.81,8.0,0,39,2,0,0,78.71
BGSNH329-24_r_1.3_s_100_BGSNH329-24_fcleaner,BGSNH329-24,r_1.3_s_100_fcleaner,>BGSNH329-24_r_1.3_s_100_BGSNH329-24_fcleaner,237212,QDI94090.1,tribe:Phylini,null,8742,null,null,0.0,1694.0,516.32,494.0,0,1255,105,0,0,83.17
BGSNH365-24_r_1_s_50_BGSNH365-24_fcleaner,BGSNH365-24,r_1_s_50_fcleaner,>BGSNH365-24_r_1_s_50_BGSNH365-24_fcleaner,236347,XSG68089.1,subfamily:Bryocorinae,null,10644,null,null,0.0,999.0,660.45,637.0,0,331,126,0,0,99.61
BGSNH322-24_r_1_s_50_BGSNH322-24_fcleaner,BGSNH322-24,r_1_s_50_fcleaner,>BGSNH322-24_r_1_s_50_BGSNH322-24_fcleaner,237212,QDI94090.1,tribe:Phylini,null,20356,null,null,0.0,2643.0,1088.23,1161.0,0,3195,271,0,0,83.17
BGSNH340-24_r_1.3_s_100_BGSNH340-24_fcleaner,BGSNH340-24,r_1.3_s_100_fcleaner,>BGSNH340-24_r_1.3_s_100_BGSNH340-24_fcleaner,1336454,QDI94090.1,tribe:Phylini,null,937,null,null,0.0,152.0,47.53,42.0,0,74,20,0,0,83.37
BGSNH288-24_r_1_s_50_BGSNH288-24_fcleaner,BGSNH288-24,r_1_s_50_fcleaner,>BGSNH288-24_r_1_s_50_BGSNH288-24_fcleaner,1545070,AHN95687.1,tribe:Stenodemini,null,163379,null,null,536.0,15485.0,8310.64,8203.0,0,26883,1992,0,0,100.0
BGSNH337-24_r_1_s_100_BGSNH337-24_fcleaner,BGSNH337-24,r_1_s_100_fcleaner,>BGSNH337-24_r_1_s_100_BGSNH337-24_fcleaner,1336454,QDI94090.1,tribe:Phylini,null,3307,null,null,0.0,386.0,216.19,248.0,0,260,53,0,0,83.37
BGSNH363-24_r_1.3_s_50_BGSNH363-24_fcleaner,BGSNH363-24,r_1.3_s_50_fcleaner,>BGSNH363-24_r_1.3_s_50_BGSNH363-24_fcleaner,1545085,YP_010424628.1,tribe:Orthotylini,null,52929,null,null,625.0,4313.0,2727.2,2842.0,0,5696,581,0,0,100.0
BGSNH326-24_r_1_s_100_BGSNH326-24_fcleaner,BGSNH326-24,r_1_s_100_fcleaner,>BGSNH326-24_r_1_s_100_BGSNH326-24_fcleaner,237212,QDI94090.1,tribe:Phylini,null,436,null,null,0.0,77.0,26.0,25.0,0,31,35,0,0,83.37
BGSNH293-24_r_1_s_50_BGSNH293-24_fcleaner,BGSNH293-24,r_1_s_50_fcleaner,>BGSNH293-24_r_1_s_50_BGSNH293-24_fcleaner,236347,XSG68089.1,subfamily:Bryocorinae,null,4424,null,null,0.0,362.0,211.21,208.0,0,1540,50,0,0,99.61
BGSNH355-24_r_1.5_s_50_BGSNH355-24_fcleaner,BGSNH355-24,r_1.5_s_50_fcleaner,>BGSNH355-24_r_1.5_s_50_BGSNH355-24_fcleaner,2212857,YP_009019993.1,tribe:Mirini,null,12724,null,null,2.0,1044.0,577.16,593.0,0,1025,88,0,0,100.0
BGSNH354-24_r_1.5_s_50_BGSNH354-24_fcleaner,BGSNH354-24,r_1.5_s_50_fcleaner,>BGSNH354-24_r_1.5_s_50_BGSNH354-24_fcleaner,2212857,YP_009019993.1,tribe:Mirini,null,213,null,null,0.0,31.0,8.87,8.0,0,47,4,0,0,85.94
BGSNH344-24_r_1_s_100_BGSNH344-24_fcleaner,BGSNH344-24,r_1_s_100_fcleaner,>BGSNH344-24_r_1_s_100_BGSNH344-24_fcleaner,2212857,YP_009019993.1,tribe:Mirini,null,14019,null,null,172.0,1425.0,752.81,723.0,0,1744,118,0,0,100.0
BGSNH337-24_r_1.3_s_100_BGSNH337-24_fcleaner,BGSNH337-24,r_1.3_s_100_fcleaner,>BGSNH337-24_r_1.3_s_100_BGSNH337-24_fcleaner,1336454,QDI94090.1,tribe:Phylini,null,3237,null,null,0.0,386.0,211.33,237.0,0,220,50,0,0,83.37
BGSNH307-24_r_1.3_s_100_BGSNH307-24_fcleaner,BGSNH307-24,r_1.3_s_100_fcleaner,>BGSNH307-24_r_1.3_s_100_BGSNH307-24_fcleaner,981266,QDI94090.1,tribe:Phylini,null,7587,null,null,0.0,1156.0,412.23,442.0,0,2058,133,0,0,83.37
BGSNH308-24_r_1.3_s_50_BGSNH308-24_fcleaner,BGSNH308-24,r_1.3_s_50_fcleaner,>BGSNH308-24_r_1.3_s_50_BGSNH308-24_fcleaner,981266,QDI94090.1,tribe:Phylini,null,7560,null,null,0.0,1161.0,385.36,317.0,0,797,104,0,0,83.37
BGSNH366-24_r_1.3_s_50_BGSNH366-24_fcleaner,BGSNH366-24,r_1.3_s_50_fcleaner,>BGSNH366-24_r_1.3_s_50_BGSNH366-24_fcleaner,236347,XSG68089.1,subfamily:Bryocorinae,null,43009,null,null,0.0,3732.0,2387.97,2396.0,0,1229,451,0,0,99.8
BGSNH288-24_r_1.5_s_100_BGSNH288-24_fcleaner,BGSNH288-24,r_1.5_s_100_fcleaner,>BGSNH288-24_r_1.5_s_100_BGSNH288-24_fcleaner,1545070,AHN95687.1,tribe:Stenodemini,null,109220,null,null,430.0,13715.0,6046.51,5487.0,0,13515,1282,0,0,100.0
BGSNH368-24_r_1.5_s_100_BGSNH368-24_fcleaner,BGSNH368-24,r_1.5_s_100_fcleaner,>BGSNH368-24_r_1.5_s_100_BGSNH368-24_fcleaner,2358427,QDI94090.1,tribe:Phylini,null,3037,null,null,0.0,492.0,161.78,168.0,0,94,49,0,0,83.17
BGSNH312-24_r_1.3_s_100_BGSNH312-24_fcleaner,BGSNH312-24,r_1.3_s_100_fcleaner,>BGSNH312-24_r_1.3_s_100_BGSNH312-24_fcleaner,236347,XSG68089.1,subfamily:Bryocorinae,null,83644,null,null,783.0,7270.0,4463.88,4687.5,0,7610,845,0,0,100.0
BGSNH296-24_r_1_s_50_BGSNH296-24_fcleaner,BGSNH296-24,r_1_s_50_fcleaner,>BGSNH296-24_r_1_s_50_BGSNH296-24_fcleaner,1929793,YP_009019993.1,genus:Adelphocoris,null,36487,null,null,869.0,3816.0,1875.42,1765.0,0,3855,511,0,0,100.0
BGSNH356-24_r_1_s_100_BGSNH356-24_fcleaner,BGSNH356-24,r_1_s_100_fcleaner,>BGSNH356-24_r_1_s_100_BGSNH356-24_fcleaner,2212857,YP_009019993.1,tribe:Mirini,null,8844,null,null,14.0,1031.0,453.71,404.5,0,1509,82,0,0,100.0
BGSNH345-24_r_1_s_50_BGSNH345-24_fcleaner,BGSNH345-24,r_1_s_50_fcleaner,>BGSNH345-24_r_1_s_50_BGSNH345-24_fcleaner,2212857,YP_009019993.1,tribe:Mirini,null,75650,null,null,1768.0,6169.0,4040.03,4093.0,0,8639,779,0,0,100.0
BGSNH363-24_r_1.3_s_100_BGSNH363-24_fcleaner,BGSNH363-24,r_1.3_s_100_fcleaner,>BGSNH363-24_r_1.3_s_100_BGSNH363-24_fcleaner,1545085,YP_010424628.1,tribe:Orthotylini,null,40850,null,null,569.0,3823.0,2314.7,2333.0,0,4155,463,0,0,100.0
BGSNH290-24_r_1.5_s_50_BGSNH290-24_fcleaner,BGSNH290-24,r_1.5_s_50_fcleaner,>BGSNH290-24_r_1.5_s_50_BGSNH290-24_fcleaner,1545070,AHN95687.1,tribe:Stenodemini,null,29956,null,null,217.0,3596.0,1780.94,1666.0,0,3363,330,0,0,100.0
BGSNH316-24_r_1_s_50_BGSNH316-24_fcleaner,BGSNH316-24,r_1_s_50_fcleaner,>BGSNH316-24_r_1_s_50_BGSNH316-24_fcleaner,236347,XSG68089.1,subfamily:Bryocorinae,null,31327,null,null,1010.0,3725.0,1926.8,1758.5,0,2670,359,0,0,100.0
BGSNH348-24_r_1_s_100_BGSNH348-24_fcleaner,BGSNH348-24,r_1_s_100_fcleaner,>BGSNH348-24_r_1_s_100_BGSNH348-24_fcleaner,2212857,YP_009019993.1,tribe:Mirini,null,1071,null,null,0.0,244.0,52.21,45.0,0,989,1,0,0,92.97
BGSNH289-24_r_1.3_s_50_BGSNH289-24_fcleaner,BGSNH289-24,r_1.3_s_50_fcleaner,>BGSNH289-24_r_1.3_s_50_BGSNH289-24_fcleaner,1545070,AHN95687.1,tribe:Stenodemini,null,12044,null,null,112.0,1234.0,651.14,630.0,0,1680,1020,0,0,100.0
BGSNH352-24_r_1.3_s_50_BGSNH352-24_fcleaner,BGSNH352-24,r_1.3_s_50_fcleaner,>BGSNH352-24_r_1.3_s_50_BGSNH352-24_fcleaner,2212857,YP_009019993.1,tribe:Mirini,null,230,null,null,0.0,38.0,9.18,8.0,0,82,2,0,0,82.23
BGSNH301-24_r_1.5_s_100_BGSNH301-24_fcleaner,BGSNH301-24,r_1.5_s_100_fcleaner,>BGSNH301-24_r_1.5_s_100_BGSNH301-24_fcleaner,2868303,YP_009019993.1,tribe:Mirini,null,1817,null,null,0.0,207.0,85.59,78.0,0,141,22,0,0,98.83
BGSNH363-24_r_1.5_s_100_BGSNH363-24_fcleaner,BGSNH363-24,r_1.5_s_100_fcleaner,>BGSNH363-24_r_1.5_s_100_BGSNH363-24_fcleaner,1545085,YP_010424628.1,tribe:Orthotylini,null,34655,null,null,0.0,3806.0,1940.48,2055.0,0,4112,372,0,0,98.43
BGSNH338-24_r_1.3_s_100_BGSNH338-24_fcleaner,BGSNH338-24,r_1.3_s_100_fcleaner,>BGSNH338-24_r_1.3_s_100_BGSNH338-24_fcleaner,1336454,QDI94090.1,tribe:Phylini,null,499,null,null,0.0,80.0,24.5,22.0,0,30,14,0,0,80.82
BGSNH309-24_r_1_s_50_BGSNH309-24_fcleaner,BGSNH309-24,r_1_s_50_fcleaner,>BGSNH309-24_r_1_s_50_BGSNH309-24_fcleaner,981266,QDI94090.1,tribe:Phylini,null,46616,null,null,0.0,7396.0,2385.55,2182.0,0,11355,501,0,0,83.37
BGSNH375-24_r_1.3_s_50_BGSNH375-24_fcleaner,BGSNH375-24,r_1.3_s_50_fcleaner,>BGSNH375-24_r_1.3_s_50_BGSNH375-24_fcleaner,1837210,QDI94090.1,tribe:Phylini,null,46137,null,null,0.0,6157.0,2229.13,2196.0,0,3970,388,0,0,83.37
BGSNH335-24_r_1_s_100_BGSNH335-24_fcleaner,BGSNH335-24,r_1_s_100_fcleaner,>BGSNH335-24_r_1_s_100_BGSNH335-24_fcleaner,2315913,QDI94090.1,tribe:Phylini,null,1950,null,null,0.0,259.0,116.52,133.0,0,133,21,0,0,83.37
BGSNH357-24_r_1_s_50_BGSNH357-24_fcleaner,BGSNH357-24,r_1_s_50_fcleaner,>BGSNH357-24_r_1_s_50_BGSNH357-24_fcleaner,2212857,YP_009019993.1,tribe:Mirini,null,3893,null,null,59.0,345.0,206.78,208.0,0,682,78,0,0,100.0
BGSNH359-24_r_1.3_s_50_BGSNH359-24_fcleaner,BGSNH359-24,r_1.3_s_50_fcleaner,>BGSNH359-24_r_1.3_s_50_BGSNH359-24_fcleaner,2212857,YP_009019993.1,tribe:Mirini,null,417,null,null,0.0,77.0,17.97,14.0,0,524,0,0,0,79.1
BGSNH335-24_r_1_s_50_BGSNH335-24_fcleaner,BGSNH335-24,r_1_s_50_fcleaner,>BGSNH335-24_r_1_s_50_BGSNH335-24_fcleaner,2315913,QDI94090.1,tribe:Phylini,null,2642,null,null,0.0,284.0,139.38,155.0,0,379,33,0,0,83.37
BGSNH303-24_r_1.5_s_100_BGSNH303-24_fcleaner,BGSNH303-24,r_1.5_s_100_fcleaner,>BGSNH303-24_r_1.5_s_100_BGSNH303-24_fcleaner,981266,QDI94090.1,tribe:Phylini,null,6293,null,null,0.0,1626.0,351.97,310.0,0,484,61,0,0,83.37
BGSNH374-24_r_1.5_s_100_BGSNH374-24_fcleaner,BGSNH374-24,r_1.5_s_100_fcleaner,>BGSNH374-24_r_1.5_s_100_BGSNH374-24_fcleaner,1837210,QDI94090.1,tribe:Phylini,null,1238,null,null,0.0,190.0,67.89,65.0,0,48,10,0,0,82.0
BGSNH315-24_r_1.5_s_50_BGSNH315-24_fcleaner,BGSNH315-24,r_1.5_s_50_fcleaner,>BGSNH315-24_r_1.5_s_50_BGSNH315-24_fcleaner,236347,XSG68089.1,subfamily:Bryocorinae,null,5673,null,null,2.0,989.0,406.48,356.0,0,369,69,0,0,100.0
BGSNH316-24_r_1.5_s_50_BGSNH316-24_fcleaner,BGSNH316-24,r_1.5_s_50_fcleaner,>BGSNH316-24_r_1.5_s_50_BGSNH316-24_fcleaner,236347,XSG68089.1,subfamily:Bryocorinae,null,23317,null,null,0.0,3227.0,1437.74,1434.0,0,1715,220,0,0,99.61
BGSNH344-24_r_1.5_s_50_BGSNH344-24_fcleaner,BGSNH344-24,r_1.5_s_50_fcleaner,>BGSNH344-24_r_1.5_s_50_BGSNH344-24_fcleaner,2212857,YP_009019993.1,tribe:Mirini,null,15721,null,null,16.0,1736.0,759.99,736.0,0,1994,101,0,0,100.0
BGSNH378-24_r_1_s_50_BGSNH378-24_fcleaner,BGSNH378-24,r_1_s_50_fcleaner,>BGSNH378-24_r_1_s_50_BGSNH378-24_fcleaner,2026309,YP_009019993.1,tribe:Mirini,null,988,null,null,0.0,322.0,67.21,43.0,0,76,76,0,0,86.52
BGSNH307-24_r_1.5_s_100_BGSNH307-24_fcleaner,BGSNH307-24,r_1.5_s_100_fcleaner,>BGSNH307-24_r_1.5_s_100_BGSNH307-24_fcleaner,981266,QDI94090.1,tribe:Phylini,null,6900,null,null,0.0,1155.0,369.23,388.0,0,1755,108,0,0,83.37
BGSNH359-24_r_1.3_s_100_BGSNH359-24_fcleaner,BGSNH359-24,r_1.3_s_100_fcleaner,>BGSNH359-24_r_1.3_s_100_BGSNH359-24_fcleaner,2212857,YP_009019993.1,tribe:Mirini,null,234,null,null,0.0,52.0,11.77,8.0,0,286,0,0,0,60.94
BGSNH319-24_r_1.5_s_50_BGSNH319-24_fcleaner,BGSNH319-24,r_1.5_s_50_fcleaner,>BGSNH319-24_r_1.5_s_50_BGSNH319-24_fcleaner,236347,XSG68089.1,subfamily:Bryocorinae,null,145,null,null,0.0,28.0,7.22,6.0,0,35,4,0,0,91.99
BGSNH353-24_r_1_s_100_BGSNH353-24_fcleaner,BGSNH353-24,r_1_s_100_fcleaner,>BGSNH353-24_r_1_s_100_BGSNH353-24_fcleaner,2212857,YP_009019993.1,tribe:Mirini,null,7490,null,null,38.0,1125.0,396.46,358.5,0,1474,77,0,0,100.0
BGSNH334-24_r_1.5_s_50_BGSNH334-24_fcleaner,BGSNH334-24,r_1.5_s_50_fcleaner,>BGSNH334-24_r_1.5_s_50_BGSNH334-24_fcleaner,2315913,QDI94090.1,tribe:Phylini,null,66861,null,null,0.0,7029.0,3241.86,3804.0,0,9042,668,0,0,83.37
BGSNH312-24_r_1_s_50_BGSNH312-24_fcleaner,BGSNH312-24,r_1_s_50_fcleaner,>BGSNH312-24_r_1_s_50_BGSNH312-24_fcleaner,236347,XSG68089.1,subfamily:Bryocorinae,null,130731,null,null,2785.0,9183.0,6162.1,6294.5,0,18938,1217,0,0,100.0
BGSNH306-24_r_1.5_s_50_BGSNH306-24_fcleaner,BGSNH306-24,r_1.5_s_50_fcleaner,>BGSNH306-24_r_1.5_s_50_BGSNH306-24_fcleaner,981266,QDI94090.1,tribe:Phylini,null,8237,null,null,0.0,1233.0,413.13,436.0,0,2090,96,0,0,83.37
BGSNH293-24_r_1.5_s_50_BGSNH293-24_fcleaner,BGSNH293-24,r_1.5_s_50_fcleaner,>BGSNH293-24_r_1.5_s_50_BGSNH293-24_fcleaner,236347,XSG68089.1,subfamily:Bryocorinae,null,3337,null,null,0.0,335.0,156.79,147.0,0,426,24,0,0,98.05
BGSNH298-24_r_1.5_s_100_BGSNH298-24_fcleaner,BGSNH298-24,r_1.5_s_100_fcleaner,>BGSNH298-24_r_1.5_s_100_BGSNH298-24_fcleaner,981263,UPL65908.1,subfamily:Phylinae,null,32740,null,null,0.0,4690.0,1727.49,1580.0,0,3459,760,0,0,99.61
BGSNH310-24_r_1.3_s_50_BGSNH310-24_fcleaner,BGSNH310-24,r_1.3_s_50_fcleaner,>BGSNH310-24_r_1.3_s_50_BGSNH310-24_fcleaner,236347,XSG68089.1,subfamily:Bryocorinae,null,22982,null,null,208.0,1922.0,1098.2,1114.5,0,3095,227,0,0,100.0
BGSNH289-24_r_1.5_s_100_BGSNH289-24_fcleaner,BGSNH289-24,r_1.5_s_100_fcleaner,>BGSNH289-24_r_1.5_s_100_BGSNH289-24_fcleaner,1545070,AHN95687.1,tribe:Stenodemini,null,8058,null,null,41.0,1036.0,476.65,445.0,0,800,668,0,0,100.0
BGSNH376-24_r_1_s_100_BGSNH376-24_fcleaner,BGSNH376-24,r_1_s_100_fcleaner,>BGSNH376-24_r_1_s_100_BGSNH376-24_fcleaner,1837210,QDI94090.1,tribe:Phylini,null,1759,null,null,0.0,281.0,94.84,90.0,0,95,21,0,0,83.37
BGSNH307-24_r_1_s_50_BGSNH307-24_fcleaner,BGSNH307-24,r_1_s_50_fcleaner,>BGSNH307-24_r_1_s_50_BGSNH307-24_fcleaner,981266,QDI94090.1,tribe:Phylini,null,10829,null,null,0.0,1266.0,525.36,564.0,0,4091,188,0,0,83.37
BGSNH370-24_r_1.3_s_50_BGSNH370-24_fcleaner,BGSNH370-24,r_1.3_s_50_fcleaner,>BGSNH370-24_r_1.3_s_50_BGSNH370-24_fcleaner,1837210,QDI94090.1,tribe:Phylini,null,2430,null,null,0.0,262.0,116.16,123.0,0,228,30,0,0,83.37
BGSNH290-24_r_1_s_100_BGSNH290-24_fcleaner,BGSNH290-24,r_1_s_100_fcleaner,>BGSNH290-24_r_1_s_100_BGSNH290-24_fcleaner,1545070,AHN95687.1,tribe:Stenodemini,null,31320,null,null,222.0,3557.0,1956.9,1867.0,0,2860,399,0,0,100.0
BGSNH332-24_r_1.5_s_50_BGSNH332-24_fcleaner,BGSNH332-24,r_1.5_s_50_fcleaner,>BGSNH332-24_r_1.5_s_50_BGSNH332-24_fcleaner,2315913,QDI94090.1,tribe:Phylini,null,12283,null,null,0.0,1448.0,745.78,852.0,0,1237,117,0,0,83.37
BGSNH341-24_r_1_s_50_BGSNH341-24_fcleaner,BGSNH341-24,r_1_s_50_fcleaner,>BGSNH341-24_r_1_s_50_BGSNH341-24_fcleaner,1336454,QDI94090.1,tribe:Phylini,null,3362,null,null,0.0,403.0,147.51,156.0,0,947,47,0,0,83.37
BGSNH356-24_r_1.5_s_100_BGSNH356-24_fcleaner,BGSNH356-24,r_1.5_s_100_fcleaner,>BGSNH356-24_r_1.5_s_100_BGSNH356-24_fcleaner,2212857,YP_009019993.1,tribe:Mirini,null,8179,null,null,0.0,1027.0,414.62,369.0,0,573,67,0,0,98.44
BGSNH340-24_r_1_s_100_BGSNH340-24_fcleaner,BGSNH340-24,r_1_s_100_fcleaner,>BGSNH340-24_r_1_s_100_BGSNH340-24_fcleaner,1336454,QDI94090.1,tribe:Phylini,null,939,null,null,0.0,152.0,47.65,42.0,0,103,20,0,0,83.37
BGSNH340-24_r_1.5_s_100_BGSNH340-24_fcleaner,BGSNH340-24,r_1.5_s_100_fcleaner,>BGSNH340-24_r_1.5_s_100_BGSNH340-24_fcleaner,1336454,QDI94090.1,tribe:Phylini,null,861,null,null,0.0,150.0,43.45,36.0,0,72,13,0,0,82.19
BGSNH339-24_r_1.5_s_50_BGSNH339-24_fcleaner,BGSNH339-24,r_1.5_s_50_fcleaner,>BGSNH339-24_r_1.5_s_50_BGSNH339-24_fcleaner,1336454,QDI94090.1,tribe:Phylini,null,4531,null,null,0.0,488.0,227.31,255.0,0,386,66,0,0,83.17
BGSNH376-24_r_1.3_s_50_BGSNH376-24_fcleaner,BGSNH376-24,r_1.3_s_50_fcleaner,>BGSNH376-24_r_1.3_s_50_BGSNH376-24_fcleaner,1837210,QDI94090.1,tribe:Phylini,null,2706,null,null,0.0,362.0,124.29,120.0,0,304,28,0,0,83.37
BGSNH354-24_r_1.3_s_50_BGSNH354-24_fcleaner,BGSNH354-24,r_1.3_s_50_fcleaner,>BGSNH354-24_r_1.3_s_50_BGSNH354-24_fcleaner,2212857,YP_009019993.1,tribe:Mirini,null,280,null,null,0.0,41.0,13.12,13.5,0,78,23,0,0,89.45
BGSNH346-24_r_1_s_50_BGSNH346-24_fcleaner,BGSNH346-24,r_1_s_50_fcleaner,>BGSNH346-24_r_1_s_50_BGSNH346-24_fcleaner,2212857,YP_009019993.1,tribe:Mirini,null,3394,null,null,0.0,369.0,146.0,126.0,0,1853,37,0,0,99.41
BGSNH328-24_r_1_s_100_BGSNH328-24_fcleaner,BGSNH328-24,r_1_s_100_fcleaner,>BGSNH328-24_r_1_s_100_BGSNH328-24_fcleaner,237212,QDI94090.1,tribe:Phylini,null,16093,null,null,0.0,2427.0,1149.74,1213.0,0,1115,243,0,0,83.17
BGSNH367-24_r_1_s_50_BGSNH367-24_fcleaner,BGSNH367-24,r_1_s_50_fcleaner,>BGSNH367-24_r_1_s_50_BGSNH367-24_fcleaner,2358427,QDI94090.1,tribe:Phylini,null,4663,null,null,0.0,534.0,228.77,232.0,0,541,52,0,0,83.37
BGSNH349-24_r_1_s_100_BGSNH349-24_fcleaner,BGSNH349-24,r_1_s_100_fcleaner,>BGSNH349-24_r_1_s_100_BGSNH349-24_fcleaner,2212857,YP_009019993.1,tribe:Mirini,null,279,null,null,0.0,139.0,22.94,6.0,0,493,21,0,3,55.86
BGSNH334-24_r_1.5_s_100_BGSNH334-24_fcleaner,BGSNH334-24,r_1.5_s_100_fcleaner,>BGSNH334-24_r_1.5_s_100_BGSNH334-24_fcleaner,2315913,QDI94090.1,tribe:Phylini,null,48350,null,null,0.0,6096.0,2648.68,3166.0,0,3577,568,0,0,83.37
BGSNH333-24_r_1.5_s_50_BGSNH333-24_fcleaner,BGSNH333-24,r_1.5_s_50_fcleaner,>BGSNH333-24_r_1.5_s_50_BGSNH333-24_fcleaner,2315913,QDI94090.1,tribe:Phylini,null,23699,null,null,0.0,2480.0,1064.46,1119.0,0,3686,235,0,0,83.37
BGSNH294-24_r_1_s_100_BGSNH294-24_fcleaner,BGSNH294-24,r_1_s_100_fcleaner,>BGSNH294-24_r_1_s_100_BGSNH294-24_fcleaner,1929793,YP_009019993.1,genus:Adelphocoris,null,2,null,null,0.0,2.0,0.12,0.0,0,0,0,0,0,6.25
BGSNH311-24_r_1.5_s_100_BGSNH311-24_fcleaner,BGSNH311-24,r_1.5_s_100_fcleaner,>BGSNH311-24_r_1.5_s_100_BGSNH311-24_fcleaner,236347,XSG68089.1,subfamily:Bryocorinae,null,145602,null,null,0.0,14683.0,7740.85,8633.5,0,13253,1447,0,0,99.41
BGSNH372-24_r_1.3_s_50_BGSNH372-24_fcleaner,BGSNH372-24,r_1.3_s_50_fcleaner,>BGSNH372-24_r_1.3_s_50_BGSNH372-24_fcleaner,1837210,QDI94090.1,tribe:Phylini,null,1430,null,null,0.0,146.0,65.15,67.0,0,151,15,0,0,83.37
BGSNH305-24_r_1_s_100_BGSNH305-24_fcleaner,BGSNH305-24,r_1_s_100_fcleaner,>BGSNH305-24_r_1_s_100_BGSNH305-24_fcleaner,981266,QDI94090.1,tribe:Phylini,null,39678,null,null,0.0,6059.0,2443.5,2509.0,0,3396,482,0,0,83.37
BGSNH302-24_r_1.5_s_50_BGSNH302-24_fcleaner,BGSNH302-24,r_1.5_s_50_fcleaner,>BGSNH302-24_r_1.5_s_50_BGSNH302-24_fcleaner,981266,QDI94090.1,tribe:Phylini,null,8181,null,null,0.0,1129.0,399.15,382.0,0,1233,115,0,0,83.37
BGSNH289-24_r_1_s_50_BGSNH289-24_fcleaner,BGSNH289-24,r_1_s_50_fcleaner,>BGSNH289-24_r_1_s_50_BGSNH289-24_fcleaner,1545070,AHN95687.1,tribe:Stenodemini,null,12396,null,null,108.0,1275.0,668.44,649.0,0,1847,1075,0,0,100.0
BGSNH320-24_r_1.5_s_100_BGSNH320-24_fcleaner,BGSNH320-24,r_1.5_s_100_fcleaner,>BGSNH320-24_r_1.5_s_100_BGSNH320-24_fcleaner,237212,QDI94090.1,tribe:Phylini,null,34433,null,null,0.0,5408.0,2167.37,2445.0,0,3706,464,0,0,83.17
BGSNH309-24_r_1.5_s_50_BGSNH309-24_fcleaner,BGSNH309-24,r_1.5_s_50_fcleaner,>BGSNH309-24_r_1.5_s_50_BGSNH309-24_fcleaner,981266,QDI94090.1,tribe:Phylini,null,38915,null,null,0.0,6219.0,1962.18,1906.0,0,10352,355,0,0,83.37
BGSNH348-24_r_1.5_s_50_BGSNH348-24_fcleaner,BGSNH348-24,r_1.5_s_50_fcleaner,>BGSNH348-24_r_1.5_s_50_BGSNH348-24_fcleaner,2212857,YP_009019993.1,tribe:Mirini,null,2545,null,null,0.0,263.0,99.09,92.0,0,636,10,0,0,95.7
BGSNH351-24_r_1_s_50_BGSNH351-24_fcleaner,BGSNH351-24,r_1_s_50_fcleaner,>BGSNH351-24_r_1_s_50_BGSNH351-24_fcleaner,2212857,YP_009019993.1,tribe:Mirini,null,244,null,null,0.0,40.0,10.79,8.0,0,824,6,0,0,77.54
BGSNH380-24_r_1.3_s_100_BGSNH380-24_fcleaner,BGSNH380-24,r_1.3_s_100_fcleaner,>BGSNH380-24_r_1.3_s_100_BGSNH380-24_fcleaner,2026309,YP_009019993.1,tribe:Mirini,null,23991,null,null,311.0,2157.0,1307.31,1299.5,0,1354,203,0,0,100.0
BGSNH336-24_r_1.3_s_50_BGSNH336-24_fcleaner,BGSNH336-24,r_1.3_s_50_fcleaner,>BGSNH336-24_r_1.3_s_50_BGSNH336-24_fcleaner,2315913,QDI94090.1,tribe:Phylini,null,2416,null,null,0.0,320.0,134.18,154.0,0,225,33,0,0,83.37
BGSNH309-24_r_1.5_s_100_BGSNH309-24_fcleaner,BGSNH309-24,r_1.5_s_100_fcleaner,>BGSNH309-24_r_1.5_s_100_BGSNH309-24_fcleaner,981266,QDI94090.1,tribe:Phylini,null,28835,null,null,0.0,5423.0,1634.72,1630.0,0,4550,311,0,0,83.37
BGSNH324-24_r_1.5_s_100_BGSNH324-24_fcleaner,BGSNH324-24,r_1.5_s_100_fcleaner,>BGSNH324-24_r_1.5_s_100_BGSNH324-24_fcleaner,237212,QDI94090.1,tribe:Phylini,null,10774,null,null,0.0,1795.0,637.76,691.0,0,1325,161,0,0,83.17
BGSNH365-24_r_1.5_s_50_BGSNH365-24_fcleaner,BGSNH365-24,r_1.5_s_50_fcleaner,>BGSNH365-24_r_1.5_s_50_BGSNH365-24_fcleaner,236347,XSG68089.1,subfamily:Bryocorinae,null,7869,null,null,0.0,967.0,486.39,521.5,0,140,78,0,0,99.61
BGSNH318-24_r_1_s_50_BGSNH318-24_fcleaner,BGSNH318-24,r_1_s_50_fcleaner,>BGSNH318-24_r_1_s_50_BGSNH318-24_fcleaner,236347,XSG68089.1,subfamily:Bryocorinae,null,24952,null,null,0.0,2964.0,1375.93,1206.0,0,1863,182,0,0,99.8
BGSNH310-24_r_1_s_50_BGSNH310-24_fcleaner,BGSNH310-24,r_1_s_50_fcleaner,>BGSNH310-24_r_1_s_50_BGSNH310-24_fcleaner,236347,XSG68089.1,subfamily:Bryocorinae,null,24197,null,null,400.0,1944.0,1161.79,1154.5,0,4094,262,0,0,100.0
BGSNH362-24_r_1_s_100_BGSNH362-24_fcleaner,BGSNH362-24,r_1_s_100_fcleaner,>BGSNH362-24_r_1_s_100_BGSNH362-24_fcleaner,1545085,YP_010424628.1,tribe:Orthotylini,null,6415,null,null,110.0,830.0,386.1,365.0,0,509,100,0,0,100.0
BGSNH359-24_r_1.5_s_100_BGSNH359-24_fcleaner,BGSNH359-24,r_1.5_s_100_fcleaner,>BGSNH359-24_r_1.5_s_100_BGSNH359-24_fcleaner,2212857,YP_009019993.1,tribe:Mirini,null,255,null,null,0.0,55.0,13.1,12.0,0,114,0,0,0,77.15
BGSNH339-24_r_1.3_s_100_BGSNH339-24_fcleaner,BGSNH339-24,r_1.3_s_100_fcleaner,>BGSNH339-24_r_1.3_s_100_BGSNH339-24_fcleaner,1336454,QDI94090.1,tribe:Phylini,null,3562,null,null,0.0,440.0,205.74,227.0,0,225,64,0,0,83.37
BGSNH356-24_r_1_s_50_BGSNH356-24_fcleaner,BGSNH356-24,r_1_s_50_fcleaner,>BGSNH356-24_r_1_s_50_BGSNH356-24_fcleaner,2212857,YP_009019993.1,tribe:Mirini,null,15845,null,null,232.0,1585.0,679.67,587.0,0,3197,130,0,0,100.0
BGSNH308-24_r_1.3_s_100_BGSNH308-24_fcleaner,BGSNH308-24,r_1.3_s_100_fcleaner,>BGSNH308-24_r_1.3_s_100_BGSNH308-24_fcleaner,981266,QDI94090.1,tribe:Phylini,null,5808,null,null,0.0,1077.0,327.29,252.0,0,329,73,0,0,83.37
BGSNH336-24_r_1_s_50_BGSNH336-24_fcleaner,BGSNH336-24,r_1_s_50_fcleaner,>BGSNH336-24_r_1_s_50_BGSNH336-24_fcleaner,2315913,QDI94090.1,tribe:Phylini,null,2568,null,null,0.0,329.0,143.45,164.0,0,253,88,0,0,83.37
BGSNH329-24_r_1.5_s_100_BGSNH329-24_fcleaner,BGSNH329-24,r_1.5_s_100_fcleaner,>BGSNH329-24_r_1.5_s_100_BGSNH329-24_fcleaner,237212,QDI94090.1,tribe:Phylini,null,8141,null,null,0.0,1694.0,476.01,472.0,0,1240,91,0,0,83.17
BGSNH322-24_r_1.5_s_50_BGSNH322-24_fcleaner,BGSNH322-24,r_1.5_s_50_fcleaner,>BGSNH322-24_r_1.5_s_50_BGSNH322-24_fcleaner,237212,QDI94090.1,tribe:Phylini,null,16954,null,null,0.0,2189.0,898.28,1036.0,0,2880,175,0,0,83.17
BGSNH308-24_r_1.5_s_100_BGSNH308-24_fcleaner,BGSNH308-24,r_1.5_s_100_fcleaner,>BGSNH308-24_r_1.5_s_100_BGSNH308-24_fcleaner,981266,QDI94090.1,tribe:Phylini,null,5141,null,null,0.0,1077.0,284.61,208.0,0,270,66,0,0,83.37
BGSNH374-24_r_1_s_50_BGSNH374-24_fcleaner,BGSNH374-24,r_1_s_50_fcleaner,>BGSNH374-24_r_1_s_50_BGSNH374-24_fcleaner,1837210,QDI94090.1,tribe:Phylini,null,2026,null,null,0.0,208.0,99.86,102.0,0,287,24,0,0,83.37
BGSNH333-24_r_1_s_100_BGSNH333-24_fcleaner,BGSNH333-24,r_1_s_100_fcleaner,>BGSNH333-24_r_1_s_100_BGSNH333-24_fcleaner,2315913,QDI94090.1,tribe:Phylini,null,16843,null,null,0.0,2483.0,893.11,843.0,0,1492,224,0,0,83.37
BGSNH330-24_r_1.5_s_50_BGSNH330-24_fcleaner,BGSNH330-24,r_1.5_s_50_fcleaner,>BGSNH330-24_r_1.5_s_50_BGSNH330-24_fcleaner,237212,QDI94090.1,tribe:Phylini,null,505,null,null,0.0,76.0,30.04,33.0,0,77,9,0,0,82.78
BGSNH334-24_r_1_s_100_BGSNH334-24_fcleaner,BGSNH334-24,r_1_s_100_fcleaner,>BGSNH334-24_r_1_s_100_BGSNH334-24_fcleaner,2315913,QDI94090.1,tribe:Phylini,null,52577,null,null,0.0,6116.0,2912.29,3360.0,0,4050,661,0,0,83.37
BGSNH377-24_r_1.5_s_50_BGSNH377-24_fcleaner,BGSNH377-24,r_1.5_s_50_fcleaner,>BGSNH377-24_r_1.5_s_50_BGSNH377-24_fcleaner,2026309,YP_009019993.1,tribe:Mirini,null,3203,null,null,0.0,379.0,156.16,156.0,0,325,29,0,0,99.41
BGSNH350-24_r_1_s_50_BGSNH350-24_fcleaner,BGSNH350-24,r_1_s_50_fcleaner,>BGSNH350-24_r_1_s_50_BGSNH350-24_fcleaner,2212857,YP_009019993.1,tribe:Mirini,null,179,null,null,0.0,38.0,9.6,5.0,0,383,11,0,0,75.2
BGSNH337-24_r_1.3_s_50_BGSNH337-24_fcleaner,BGSNH337-24,r_1.3_s_50_fcleaner,>BGSNH337-24_r_1.3_s_50_BGSNH337-24_fcleaner,1336454,QDI94090.1,tribe:Phylini,null,4173,null,null,0.0,398.0,241.44,275.0,0,403,62,0,0,83.37
BGSNH314-24_r_1.3_s_100_BGSNH314-24_fcleaner,BGSNH314-24,r_1.3_s_100_fcleaner,>BGSNH314-24_r_1.3_s_100_BGSNH314-24_fcleaner,236347,XSG68089.1,subfamily:Bryocorinae,null,1858,null,null,45.0,208.0,132.81,133.0,0,17,32,0,0,100.0
BGSNH377-24_r_1.5_s_100_BGSNH377-24_fcleaner,BGSNH377-24,r_1.5_s_100_fcleaner,>BGSNH377-24_r_1.5_s_100_BGSNH377-24_fcleaner,2026309,YP_009019993.1,tribe:Mirini,null,2446,null,null,0.0,322.0,131.06,129.5,0,179,25,0,0,99.41
BGSNH318-24_r_1.5_s_100_BGSNH318-24_fcleaner,BGSNH318-24,r_1.5_s_100_fcleaner,>BGSNH318-24_r_1.5_s_100_BGSNH318-24_fcleaner,236347,XSG68089.1,subfamily:Bryocorinae,null,15855,null,null,0.0,2814.0,933.36,840.5,0,991,112,0,0,94.53
BGSNH313-24_r_1.5_s_100_BGSNH313-24_fcleaner,BGSNH313-24,r_1.5_s_100_fcleaner,>BGSNH313-24_r_1.5_s_100_BGSNH313-24_fcleaner,236347,XSG68089.1,subfamily:Bryocorinae,null,24085,null,null,0.0,2855.0,1421.0,1615.5,0,2121,292,0,0,99.41
BGSNH333-24_r_1.3_s_100_BGSNH333-24_fcleaner,BGSNH333-24,r_1.3_s_100_fcleaner,>BGSNH333-24_r_1.3_s_100_BGSNH333-24_fcleaner,2315913,QDI94090.1,tribe:Phylini,null,16552,null,null,0.0,2345.0,875.86,842.0,0,1345,216,0,0,83.37
BGSNH355-24_r_1.3_s_100_BGSNH355-24_fcleaner,BGSNH355-24,r_1.3_s_100_fcleaner,>BGSNH355-24_r_1.3_s_100_BGSNH355-24_fcleaner,2212857,YP_009019993.1,tribe:Mirini,null,9909,null,null,67.0,943.0,509.57,498.5,0,1039,79,0,0,100.0
BGSNH317-24_r_1.3_s_100_BGSNH317-24_fcleaner,BGSNH317-24,r_1.3_s_100_fcleaner,>BGSNH317-24_r_1.3_s_100_BGSNH317-24_fcleaner,236347,XSG68089.1,subfamily:Bryocorinae,null,31095,null,null,620.0,4839.0,1956.42,1773.5,0,1484,333,0,0,100.0
BGSNH360-24_r_1.5_s_100_BGSNH360-24_fcleaner,BGSNH360-24,r_1.5_s_100_fcleaner,>BGSNH360-24_r_1.5_s_100_BGSNH360-24_fcleaner,2212857,YP_009019993.1,tribe:Mirini,null,4280,null,null,0.0,721.0,211.7,209.0,0,386,49,0,0,96.09
BGSNH371-24_r_1.5_s_50_BGSNH371-24_fcleaner,BGSNH371-24,r_1.5_s_50_fcleaner,>BGSNH371-24_r_1.5_s_50_BGSNH371-24_fcleaner,1837210,QDI94090.1,tribe:Phylini,null,2216,null,null,0.0,345.0,102.5,103.0,0,192,17,0,0,81.41
BGSNH321-24_r_1.3_s_100_BGSNH321-24_fcleaner,BGSNH321-24,r_1.3_s_100_fcleaner,>BGSNH321-24_r_1.3_s_100_BGSNH321-24_fcleaner,237212,QDI94090.1,tribe:Phylini,null,10193,null,null,0.0,1483.0,625.25,688.0,0,1115,138,0,0,83.17
BGSNH378-24_r_1.5_s_100_BGSNH378-24_fcleaner,BGSNH378-24,r_1.5_s_100_fcleaner,>BGSNH378-24_r_1.5_s_100_BGSNH378-24_fcleaner,2026309,YP_009019993.1,tribe:Mirini,null,17,null,null,0.0,17.0,1.05,0.0,0,70,1,0,0,9.77
BGSNH332-24_r_1_s_100_BGSNH332-24_fcleaner,BGSNH332-24,r_1_s_100_fcleaner,>BGSNH332-24_r_1_s_100_BGSNH332-24_fcleaner,2315913,QDI94090.1,tribe:Phylini,null,11815,null,null,0.0,1657.0,788.83,860.0,0,740,131,0,0,83.37
BGSNH305-24_r_1.3_s_100_BGSNH305-24_fcleaner,BGSNH305-24,r_1.3_s_100_fcleaner,>BGSNH305-24_r_1.3_s_100_BGSNH305-24_fcleaner,981266,QDI94090.1,tribe:Phylini,null,39014,null,null,0.0,5500.0,2402.37,2509.0,0,2802,471,0,0,83.37
BGSNH297-24_r_1_s_50_BGSNH297-24_fcleaner,BGSNH297-24,r_1_s_50_fcleaner,>BGSNH297-24_r_1_s_50_BGSNH297-24_fcleaner,1929793,YP_009019993.1,genus:Adelphocoris,null,11617,null,null,271.0,880.0,538.2,540.5,0,2559,145,0,0,100.0
BGSNH343-24_r_1.3_s_100_BGSNH343-24_fcleaner,BGSNH343-24,r_1.3_s_100_fcleaner,>BGSNH343-24_r_1.3_s_100_BGSNH343-24_fcleaner,2212857,YP_009019993.1,tribe:Mirini,null,27325,null,null,606.0,2470.0,1755.87,1735.5,0,1580,307,0,0,100.0
BGSNH314-24_r_1_s_100_BGSNH314-24_fcleaner,BGSNH314-24,r_1_s_100_fcleaner,>BGSNH314-24_r_1_s_100_BGSNH314-24_fcleaner,236347,XSG68089.1,subfamily:Bryocorinae,null,2008,null,null,46.0,227.0,143.42,138.0,0,21,38,0,0,100.0
BGSNH321-24_r_1.5_s_50_BGSNH321-24_fcleaner,BGSNH321-24,r_1.5_s_50_fcleaner,>BGSNH321-24_r_1.5_s_50_BGSNH321-24_fcleaner,237212,QDI94090.1,tribe:Phylini,null,11765,null,null,0.0,1569.0,641.97,718.0,0,2017,133,0,0,83.17
BGSNH361-24_r_1.3_s_50_BGSNH361-24_fcleaner,BGSNH361-24,r_1.3_s_50_fcleaner,>BGSNH361-24_r_1.3_s_50_BGSNH361-24_fcleaner,1545085,YP_010424628.1,tribe:Orthotylini,null,1216,null,null,14.0,104.0,65.3,66.0,0,131,54,0,0,100.0
BGSNH331-24_r_1_s_50_BGSNH331-24_fcleaner,BGSNH331-24,r_1_s_50_fcleaner,>BGSNH331-24_r_1_s_50_BGSNH331-24_fcleaner,2315913,QDI94090.1,tribe:Phylini,null,87637,null,null,0.0,12320.0,4477.99,4596.0,0,13668,1019,0,0,83.37
BGSNH333-24_r_1.3_s_50_BGSNH333-24_fcleaner,BGSNH333-24,r_1.3_s_50_fcleaner,>BGSNH333-24_r_1.3_s_50_BGSNH333-24_fcleaner,2315913,QDI94090.1,tribe:Phylini,null,26431,null,null,0.0,3707.0,1199.41,1218.0,0,4895,302,0,0,83.37
BGSNH353-24_r_1.3_s_100_BGSNH353-24_fcleaner,BGSNH353-24,r_1.3_s_100_fcleaner,>BGSNH353-24_r_1.3_s_100_BGSNH353-24_fcleaner,2212857,YP_009019993.1,tribe:Mirini,null,7399,null,null,38.0,1125.0,391.18,355.5,0,1025,71,0,0,100.0
BGSNH301-24_r_1.5_s_50_BGSNH301-24_fcleaner,BGSNH301-24,r_1.5_s_50_fcleaner,>BGSNH301-24_r_1.5_s_50_BGSNH301-24_fcleaner,2868303,YP_009019993.1,tribe:Mirini,null,2998,null,null,0.0,240.0,122.46,119.0,0,436,25,0,0,98.83
BGSNH310-24_r_1_s_100_BGSNH310-24_fcleaner,BGSNH310-24,r_1_s_100_fcleaner,>BGSNH310-24_r_1_s_100_BGSNH310-24_fcleaner,236347,XSG68089.1,subfamily:Bryocorinae,null,16269,null,null,148.0,1650.0,889.08,884.5,0,1929,180,0,0,100.0
BGSNH359-24_r_1_s_50_BGSNH359-24_fcleaner,BGSNH359-24,r_1_s_50_fcleaner,>BGSNH359-24_r_1_s_50_BGSNH359-24_fcleaner,2212857,YP_009019993.1,tribe:Mirini,null,630,null,null,0.0,153.0,35.89,12.0,0,1250,29,0,0,80.08
BGSNH319-24_r_1.5_s_100_BGSNH319-24_fcleaner,BGSNH319-24,r_1.5_s_100_fcleaner,>BGSNH319-24_r_1.5_s_100_BGSNH319-24_fcleaner,236347,XSG68089.1,subfamily:Bryocorinae,null,114,null,null,0.0,28.0,6.22,4.0,0,22,2,0,0,83.59
BGSNH373-24_r_1_s_100_BGSNH373-24_fcleaner,BGSNH373-24,r_1_s_100_fcleaner,>BGSNH373-24_r_1_s_100_BGSNH373-24_fcleaner,1837210,QDI94090.1,tribe:Phylini,null,2323,null,null,0.0,330.0,124.58,124.0,0,140,21,0,0,83.37
BGSNH293-24_r_1.3_s_100_BGSNH293-24_fcleaner,BGSNH293-24,r_1.3_s_100_fcleaner,>BGSNH293-24_r_1.3_s_100_BGSNH293-24_fcleaner,236347,XSG68089.1,subfamily:Bryocorinae,null,3020,null,null,0.0,308.0,162.61,161.0,0,307,24,0,0,99.61
BGSNH344-24_r_1_s_50_BGSNH344-24_fcleaner,BGSNH344-24,r_1_s_50_fcleaner,>BGSNH344-24_r_1_s_50_BGSNH344-24_fcleaner,2212857,YP_009019993.1,tribe:Mirini,null,19051,null,null,282.0,1739.0,926.22,859.0,0,3312,150,0,0,100.0
BGSNH314-24_r_1.3_s_50_BGSNH314-24_fcleaner,BGSNH314-24,r_1.3_s_50_fcleaner,>BGSNH314-24_r_1.3_s_50_BGSNH314-24_fcleaner,236347,XSG68089.1,subfamily:Bryocorinae,null,2271,null,null,59.0,252.0,147.13,143.0,0,72,48,0,0,100.0
BGSNH291-24_r_1_s_100_BGSNH291-24_fcleaner,BGSNH291-24,r_1_s_100_fcleaner,>BGSNH291-24_r_1_s_100_BGSNH291-24_fcleaner,1545070,AHN95687.1,tribe:Stenodemini,null,10801,null,null,63.0,1259.0,683.29,679.0,0,1046,442,0,0,100.0
BGSNH335-24_r_1.3_s_100_BGSNH335-24_fcleaner,BGSNH335-24,r_1.3_s_100_fcleaner,>BGSNH335-24_r_1.3_s_100_BGSNH335-24_fcleaner,2315913,QDI94090.1,tribe:Phylini,null,1934,null,null,0.0,257.0,115.59,133.0,0,129,23,0,0,83.37
BGSNH377-24_r_1.3_s_100_BGSNH377-24_fcleaner,BGSNH377-24,r_1.3_s_100_fcleaner,>BGSNH377-24_r_1.3_s_100_BGSNH377-24_fcleaner,2026309,YP_009019993.1,tribe:Mirini,null,2560,null,null,22.0,324.0,137.7,136.0,0,342,30,0,0,100.0
BGSNH364-24_r_1.3_s_50_BGSNH364-24_fcleaner,BGSNH364-24,r_1.3_s_50_fcleaner,>BGSNH364-24_r_1.3_s_50_BGSNH364-24_fcleaner,236347,XSG68089.1,subfamily:Bryocorinae,null,29113,null,null,0.0,2290.0,1512.85,1571.5,0,1216,254,0,0,99.8
BGSNH330-24_r_1.3_s_50_BGSNH330-24_fcleaner,BGSNH330-24,r_1.3_s_50_fcleaner,>BGSNH330-24_r_1.3_s_50_BGSNH330-24_fcleaner,237212,QDI94090.1,tribe:Phylini,null,566,null,null,0.0,80.0,33.8,36.0,0,83,11,0,0,83.17
BGSNH349-24_r_1.3_s_100_BGSNH349-24_fcleaner,BGSNH349-24,r_1.3_s_100_fcleaner,>BGSNH349-24_r_1.3_s_100_BGSNH349-24_fcleaner,2212857,YP_009019993.1,tribe:Mirini,null,241,null,null,0.0,50.0,11.07,10.0,0,161,3,0,0,64.45
BGSNH304-24_r_1_s_100_BGSNH304-24_fcleaner,BGSNH304-24,r_1_s_100_fcleaner,>BGSNH304-24_r_1_s_100_BGSNH304-24_fcleaner,981266,QDI94090.1,tribe:Phylini,null,22642,null,null,0.0,3370.0,1388.37,1313.0,0,2435,344,0,0,83.37
BGSNH311-24_r_1.3_s_50_BGSNH311-24_fcleaner,BGSNH311-24,r_1.3_s_50_fcleaner,>BGSNH311-24_r_1.3_s_50_BGSNH311-24_fcleaner,236347,XSG68089.1,subfamily:Bryocorinae,null,249972,null,null,2337.0,19969.0,11768.57,12141.0,0,28875,2350,0,0,100.0
BGSNH362-24_r_1_s_50_BGSNH362-24_fcleaner,BGSNH362-24,r_1_s_50_fcleaner,>BGSNH362-24_r_1_s_50_BGSNH362-24_fcleaner,1545085,YP_010424628.1,tribe:Orthotylini,null,8423,null,null,114.0,913.0,459.02,428.0,0,783,214,0,0,100.0
BGSNH373-24_r_1.3_s_100_BGSNH373-24_fcleaner,BGSNH373-24,r_1.3_s_100_fcleaner,>BGSNH373-24_r_1.3_s_100_BGSNH373-24_fcleaner,1837210,QDI94090.1,tribe:Phylini,null,2305,null,null,0.0,330.0,123.4,124.0,0,119,21,0,0,83.37
BGSNH347-24_r_1.5_s_100_BGSNH347-24_fcleaner,BGSNH347-24,r_1.5_s_100_fcleaner,>BGSNH347-24_r_1.5_s_100_BGSNH347-24_fcleaner,2212857,YP_009019993.1,tribe:Mirini,null,3191,null,null,0.0,503.0,152.75,134.0,0,427,28,0,0,92.97
BGSNH320-24_r_1.5_s_50_BGSNH320-24_fcleaner,BGSNH320-24,r_1.5_s_50_fcleaner,>BGSNH320-24_r_1.5_s_50_BGSNH320-24_fcleaner,237212,QDI94090.1,tribe:Phylini,null,41679,null,null,0.0,5657.0,2393.02,2738.0,0,6741,519,0,0,83.17
BGSNH348-24_r_1.5_s_100_BGSNH348-24_fcleaner,BGSNH348-24,r_1.5_s_100_fcleaner,>BGSNH348-24_r_1.5_s_100_BGSNH348-24_fcleaner,2212857,YP_009019993.1,tribe:Mirini,null,1107,null,null,0.0,218.0,54.08,52.0,0,378,0,0,0,88.67
BGSNH298-24_r_1_s_50_BGSNH298-24_fcleaner,BGSNH298-24,r_1_s_50_fcleaner,>BGSNH298-24_r_1_s_50_BGSNH298-24_fcleaner,981263,UPL65908.1,subfamily:Phylinae,null,60222,null,null,14.0,5492.0,2759.36,2779.5,0,11725,1389,0,0,100.0
BGSNH295-24_r_1.5_s_50_BGSNH295-24_fcleaner,BGSNH295-24,r_1.5_s_50_fcleaner,>BGSNH295-24_r_1.5_s_50_BGSNH295-24_fcleaner,1929793,YP_009019993.1,genus:Adelphocoris,null,56639,null,null,1553.0,5912.0,2809.48,2640.0,0,4500,506,0,0,100.0
BGSNH310-24_r_1.5_s_50_BGSNH310-24_fcleaner,BGSNH310-24,r_1.5_s_50_fcleaner,>BGSNH310-24_r_1.5_s_50_BGSNH310-24_fcleaner,236347,XSG68089.1,subfamily:Bryocorinae,null,18889,null,null,0.0,1867.0,900.16,979.0,0,2562,164,0,0,97.85
BGSNH335-24_r_1.5_s_50_BGSNH335-24_fcleaner,BGSNH335-24,r_1.5_s_50_fcleaner,>BGSNH335-24_r_1.5_s_50_BGSNH335-24_fcleaner,2315913,QDI94090.1,tribe:Phylini,null,2355,null,null,0.0,282.0,124.93,142.0,0,290,22,0,0,83.37
BGSNH342-24_r_1.5_s_50_BGSNH342-24_fcleaner,BGSNH342-24,r_1.5_s_50_fcleaner,>BGSNH342-24_r_1.5_s_50_BGSNH342-24_fcleaner,2212857,YP_009019993.1,tribe:Mirini,null,10935,null,null,5.0,1241.0,548.83,518.0,0,817,78,0,0,100.0
BGSNH324-24_r_1_s_50_BGSNH324-24_fcleaner,BGSNH324-24,r_1_s_50_fcleaner,>BGSNH324-24_r_1_s_50_BGSNH324-24_fcleaner,237212,QDI94090.1,tribe:Phylini,null,17458,null,null,0.0,2465.0,937.5,943.0,0,2962,338,0,0,83.17
BGSNH355-24_r_1_s_50_BGSNH355-24_fcleaner,BGSNH355-24,r_1_s_50_fcleaner,>BGSNH355-24_r_1_s_50_BGSNH355-24_fcleaner,2212857,YP_009019993.1,tribe:Mirini,null,14837,null,null,217.0,1073.0,671.21,675.0,0,2303,111,0,0,100.0
BGSNH318-24_r_1.3_s_50_BGSNH318-24_fcleaner,BGSNH318-24,r_1.3_s_50_fcleaner,>BGSNH318-24_r_1.3_s_50_BGSNH318-24_fcleaner,236347,XSG68089.1,subfamily:Bryocorinae,null,23482,null,null,0.0,2963.0,1295.41,1158.5,0,1353,167,0,0,99.8
BGSNH371-24_r_1.3_s_100_BGSNH371-24_fcleaner,BGSNH371-24,r_1.3_s_100_fcleaner,>BGSNH371-24_r_1.3_s_100_BGSNH371-24_fcleaner,1837210,QDI94090.1,tribe:Phylini,null,1568,null,null,0.0,323.0,84.08,77.0,0,69,16,0,0,83.37
BGSNH332-24_r_1_s_50_BGSNH332-24_fcleaner,BGSNH332-24,r_1_s_50_fcleaner,>BGSNH332-24_r_1_s_50_BGSNH332-24_fcleaner,2315913,QDI94090.1,tribe:Phylini,null,13963,null,null,0.0,1824.0,860.51,920.0,0,1715,153,0,0,83.37
BGSNH321-24_r_1.3_s_50_BGSNH321-24_fcleaner,BGSNH321-24,r_1.3_s_50_fcleaner,>BGSNH321-24_r_1.3_s_50_BGSNH321-24_fcleaner,237212,QDI94090.1,tribe:Phylini,null,13101,null,null,0.0,1581.0,719.57,789.0,0,2075,170,0,0,83.17
BGSNH304-24_r_1.3_s_100_BGSNH304-24_fcleaner,BGSNH304-24,r_1.3_s_100_fcleaner,>BGSNH304-24_r_1.3_s_100_BGSNH304-24_fcleaner,981266,QDI94090.1,tribe:Phylini,null,22126,null,null,0.0,3361.0,1356.22,1306.0,0,2037,308,0,0,83.37
BGSNH306-24_r_1.5_s_100_BGSNH306-24_fcleaner,BGSNH306-24,r_1.5_s_100_fcleaner,>BGSNH306-24_r_1.5_s_100_BGSNH306-24_fcleaner,981266,QDI94090.1,tribe:Phylini,null,6247,null,null,0.0,1130.0,348.95,372.0,0,1053,76,0,0,83.37
BGSNH294-24_r_1.5_s_50_BGSNH294-24_fcleaner,BGSNH294-24,r_1.5_s_50_fcleaner,>BGSNH294-24_r_1.5_s_50_BGSNH294-24_fcleaner,1929793,YP_009019993.1,genus:Adelphocoris,null,8,null,null,0.0,4.0,0.35,0.0,0,4,0,0,0,13.48
BGSNH313-24_r_1_s_50_BGSNH313-24_fcleaner,BGSNH313-24,r_1_s_50_fcleaner,>BGSNH313-24_r_1_s_50_BGSNH313-24_fcleaner,236347,XSG68089.1,subfamily:Bryocorinae,null,40127,null,null,1025.0,3260.0,2146.84,2094.0,0,5390,490,0,0,100.0
BGSNH364-24_r_1.5_s_50_BGSNH364-24_fcleaner,BGSNH364-24,r_1.5_s_50_fcleaner,>BGSNH364-24_r_1.5_s_50_BGSNH364-24_fcleaner,236347,XSG68089.1,subfamily:Bryocorinae,null,23277,null,null,0.0,2265.0,1197.31,1349.5,0,700,185,0,0,99.8
BGSNH369-24_r_1.3_s_50_BGSNH369-24_fcleaner,BGSNH369-24,r_1.3_s_50_fcleaner,>BGSNH369-24_r_1.3_s_50_BGSNH369-24_fcleaner,2358427,QDI94090.1,tribe:Phylini,null,231,null,null,0.0,54.0,11.18,6.0,0,165,7,0,0,63.99
BGSNH336-24_r_1.5_s_100_BGSNH336-24_fcleaner,BGSNH336-24,r_1.5_s_100_fcleaner,>BGSNH336-24_r_1.5_s_100_BGSNH336-24_fcleaner,2315913,QDI94090.1,tribe:Phylini,null,1706,null,null,0.0,222.0,103.32,119.0,0,73,23,0,0,83.37
BGSNH346-24_r_1.5_s_50_BGSNH346-24_fcleaner,BGSNH346-24,r_1.5_s_50_fcleaner,>BGSNH346-24_r_1.5_s_50_BGSNH346-24_fcleaner,2212857,YP_009019993.1,tribe:Mirini,null,3054,null,null,0.0,358.0,129.41,119.0,0,407,29,0,0,97.46
BGSNH351-24_r_1.3_s_100_BGSNH351-24_fcleaner,BGSNH351-24,r_1.3_s_100_fcleaner,>BGSNH351-24_r_1.3_s_100_BGSNH351-24_fcleaner,2212857,YP_009019993.1,tribe:Mirini,null,88,null,null,0.0,16.0,4.29,1.0,0,251,0,0,0,53.32
BGSNH350-24_r_1.3_s_50_BGSNH350-24_fcleaner,BGSNH350-24,r_1.3_s_50_fcleaner,>BGSNH350-24_r_1.3_s_50_BGSNH350-24_fcleaner,2212857,YP_009019993.1,tribe:Mirini,null,215,null,null,0.0,44.0,8.22,4.0,0,114,0,0,0,69.34
BGSNH330-24_r_1.3_s_100_BGSNH330-24_fcleaner,BGSNH330-24,r_1.3_s_100_fcleaner,>BGSNH330-24_r_1.3_s_100_BGSNH330-24_fcleaner,237212,QDI94090.1,tribe:Phylini,null,436,null,null,0.0,67.0,29.56,33.0,0,54,7,0,0,83.17
BGSNH305-24_r_1.5_s_100_BGSNH305-24_fcleaner,BGSNH305-24,r_1.5_s_100_fcleaner,>BGSNH305-24_r_1.5_s_100_BGSNH305-24_fcleaner,981266,QDI94090.1,tribe:Phylini,null,34951,null,null,0.0,5384.0,2112.47,2202.0,0,2325,387,0,0,83.37
BGSNH316-24_r_1.3_s_100_BGSNH316-24_fcleaner,BGSNH316-24,r_1.3_s_100_fcleaner,>BGSNH316-24_r_1.3_s_100_BGSNH316-24_fcleaner,236347,XSG68089.1,subfamily:Bryocorinae,null,24451,null,null,635.0,3416.0,1604.5,1426.5,0,1211,267,0,0,100.0
BGSNH368-24_r_1_s_50_BGSNH368-24_fcleaner,BGSNH368-24,r_1_s_50_fcleaner,>BGSNH368-24_r_1_s_50_BGSNH368-24_fcleaner,2358427,QDI94090.1,tribe:Phylini,null,5098,null,null,0.0,542.0,243.99,267.0,0,768,90,0,0,83.37
BGSNH356-24_r_1.3_s_50_BGSNH356-24_fcleaner,BGSNH356-24,r_1.3_s_50_fcleaner,>BGSNH356-24_r_1.3_s_50_BGSNH356-24_fcleaner,2212857,YP_009019993.1,tribe:Mirini,null,15466,null,null,232.0,1584.0,666.24,582.0,0,2423,122,0,0,100.0
BGSNH303-24_r_1.3_s_100_BGSNH303-24_fcleaner,BGSNH303-24,r_1.3_s_100_fcleaner,>BGSNH303-24_r_1.3_s_100_BGSNH303-24_fcleaner,981266,QDI94090.1,tribe:Phylini,null,7243,null,null,0.0,1633.0,415.54,363.0,0,630,76,0,0,83.37
BGSNH295-24_r_1_s_100_BGSNH295-24_fcleaner,BGSNH295-24,r_1_s_100_fcleaner,>BGSNH295-24_r_1_s_100_BGSNH295-24_fcleaner,1929793,YP_009019993.1,genus:Adelphocoris,null,45408,null,null,503.0,4915.0,2454.76,2355.5,0,3359,459,0,0,100.0
BGSNH347-24_r_1.3_s_50_BGSNH347-24_fcleaner,BGSNH347-24,r_1.3_s_50_fcleaner,>BGSNH347-24_r_1.3_s_50_BGSNH347-24_fcleaner,2212857,YP_009019993.1,tribe:Mirini,null,7898,null,null,15.0,863.0,316.06,302.5,0,1234,61,0,0,100.0
BGSNH369-24_r_1_s_50_BGSNH369-24_fcleaner,BGSNH369-24,r_1_s_50_fcleaner,>BGSNH369-24_r_1_s_50_BGSNH369-24_fcleaner,2358427,QDI94090.1,tribe:Phylini,null,192,null,null,0.0,41.0,9.91,3.0,0,406,11,0,0,62.43
BGSNH303-24_r_1.3_s_50_BGSNH303-24_fcleaner,BGSNH303-24,r_1.3_s_50_fcleaner,>BGSNH303-24_r_1.3_s_50_BGSNH303-24_fcleaner,981266,QDI94090.1,tribe:Phylini,null,9869,null,null,0.0,1817.0,500.91,452.0,0,1635,113,0,0,83.37
BGSNH312-24_r_1.5_s_50_BGSNH312-24_fcleaner,BGSNH312-24,r_1.5_s_50_fcleaner,>BGSNH312-24_r_1.5_s_50_BGSNH312-24_fcleaner,236347,XSG68089.1,subfamily:Bryocorinae,null,103255,null,null,0.0,8196.0,4828.46,5334.5,0,12163,821,0,0,99.8
BGSNH372-24_r_1.5_s_50_BGSNH372-24_fcleaner,BGSNH372-24,r_1.5_s_50_fcleaner,>BGSNH372-24_r_1.5_s_50_BGSNH372-24_fcleaner,1837210,QDI94090.1,tribe:Phylini,null,1254,null,null,0.0,146.0,56.9,58.0,0,98,7,0,0,82.39
BGSNH350-24_r_1.3_s_100_BGSNH350-24_fcleaner,BGSNH350-24,r_1.3_s_100_fcleaner,>BGSNH350-24_r_1.3_s_100_BGSNH350-24_fcleaner,2212857,YP_009019993.1,tribe:Mirini,null,102,null,null,0.0,32.0,4.79,2.0,0,52,2,0,0,60.74
BGSNH380-24_r_1_s_100_BGSNH380-24_fcleaner,BGSNH380-24,r_1_s_100_fcleaner,>BGSNH380-24_r_1_s_100_BGSNH380-24_fcleaner,2026309,YP_009019993.1,tribe:Mirini,null,24055,null,null,311.0,2166.0,1311.07,1301.5,0,1954,219,0,0,100.0
BGSNH341-24_r_1_s_100_BGSNH341-24_fcleaner,BGSNH341-24,r_1_s_100_fcleaner,>BGSNH341-24_r_1_s_100_BGSNH341-24_fcleaner,1336454,QDI94090.1,tribe:Phylini,null,1896,null,null,0.0,248.0,99.8,102.0,0,387,26,0,0,83.37
BGSNH355-24_r_1.5_s_100_BGSNH355-24_fcleaner,BGSNH355-24,r_1.5_s_100_fcleaner,>BGSNH355-24_r_1.5_s_100_BGSNH355-24_fcleaner,2212857,YP_009019993.1,tribe:Mirini,null,9071,null,null,2.0,941.0,461.91,454.0,0,677,72,0,0,100.0
BGSNH297-24_r_1.3_s_100_BGSNH297-24_fcleaner,BGSNH297-24,r_1.3_s_100_fcleaner,>BGSNH297-24_r_1.3_s_100_BGSNH297-24_fcleaner,1929793,YP_009019993.1,genus:Adelphocoris,null,8214,null,null,37.0,793.0,430.19,415.5,0,710,76,0,0,100.0
BGSNH322-24_r_1.3_s_50_BGSNH322-24_fcleaner,BGSNH322-24,r_1.3_s_50_fcleaner,>BGSNH322-24_r_1.3_s_50_BGSNH322-24_fcleaner,237212,QDI94090.1,tribe:Phylini,null,18743,null,null,0.0,2203.0,993.66,1087.0,0,2934,227,0,0,83.17
BGSNH325-24_r_1.5_s_50_BGSNH325-24_fcleaner,BGSNH325-24,r_1.5_s_50_fcleaner,>BGSNH325-24_r_1.5_s_50_BGSNH325-24_fcleaner,237212,QDI94090.1,tribe:Phylini,null,789,null,null,0.0,105.0,48.54,54.0,0,55,45,0,0,83.37
BGSNH364-24_r_1.5_s_100_BGSNH364-24_fcleaner,BGSNH364-24,r_1.5_s_100_fcleaner,>BGSNH364-24_r_1.5_s_100_BGSNH364-24_fcleaner,236347,XSG68089.1,subfamily:Bryocorinae,null,18054,null,null,0.0,1918.0,1025.92,1163.5,0,115,161,0,0,98.44
BGSNH319-24_r_1.3_s_50_BGSNH319-24_fcleaner,BGSNH319-24,r_1.3_s_50_fcleaner,>BGSNH319-24_r_1.3_s_50_BGSNH319-24_fcleaner,236347,XSG68089.1,subfamily:Bryocorinae,null,186,null,null,0.0,30.0,9.77,10.0,0,57,4,0,0,99.8
BGSNH325-24_r_1_s_100_BGSNH325-24_fcleaner,BGSNH325-24,r_1_s_100_fcleaner,>BGSNH325-24_r_1_s_100_BGSNH325-24_fcleaner,237212,QDI94090.1,tribe:Phylini,null,772,null,null,0.0,107.0,52.62,59.0,0,41,46,0,0,83.37
BGSNH337-24_r_1.5_s_100_BGSNH337-24_fcleaner,BGSNH337-24,r_1.5_s_100_fcleaner,>BGSNH337-24_r_1.5_s_100_BGSNH337-24_fcleaner,1336454,QDI94090.1,tribe:Phylini,null,2918,null,null,0.0,383.0,187.19,207.0,0,200,43,0,0,83.17
BGSNH338-24_r_1.3_s_50_BGSNH338-24_fcleaner,BGSNH338-24,r_1.3_s_50_fcleaner,>BGSNH338-24_r_1.3_s_50_BGSNH338-24_fcleaner,1336454,QDI94090.1,tribe:Phylini,null,1087,null,null,0.0,136.0,43.29,44.0,0,142,29,0,0,83.37
BGSNH315-24_r_1_s_100_BGSNH315-24_fcleaner,BGSNH315-24,r_1_s_100_fcleaner,>BGSNH315-24_r_1_s_100_BGSNH315-24_fcleaner,236347,XSG68089.1,subfamily:Bryocorinae,null,6765,null,null,221.0,1031.0,512.82,449.0,0,237,79,0,0,100.0
BGSNH356-24_r_1.3_s_100_BGSNH356-24_fcleaner,BGSNH356-24,r_1.3_s_100_fcleaner,>BGSNH356-24_r_1.3_s_100_BGSNH356-24_fcleaner,2212857,YP_009019993.1,tribe:Mirini,null,8844,null,null,14.0,1031.0,453.71,404.5,0,1154,79,0,0,100.0
BGSNH354-24_r_1.5_s_100_BGSNH354-24_fcleaner,BGSNH354-24,r_1.5_s_100_fcleaner,>BGSNH354-24_r_1.5_s_100_BGSNH354-24_fcleaner,2212857,YP_009019993.1,tribe:Mirini,null,105,null,null,0.0,21.0,5.24,3.0,0,26,4,0,0,71.29
BGSNH347-24_r_1_s_100_BGSNH347-24_fcleaner,BGSNH347-24,r_1_s_100_fcleaner,>BGSNH347-24_r_1_s_100_BGSNH347-24_fcleaner,2212857,YP_009019993.1,tribe:Mirini,null,3660,null,null,0.0,503.0,179.57,175.0,0,1036,31,0,0,99.22
BGSNH300-24_r_1.5_s_50_BGSNH300-24_fcleaner,BGSNH300-24,r_1.5_s_50_fcleaner,>BGSNH300-24_r_1.5_s_50_BGSNH300-24_fcleaner,2868303,YP_009019993.1,tribe:Mirini,null,326,null,null,0.0,76.0,13.3,8.0,0,85,5,0,0,69.34
BGSNH314-24_r_1.5_s_100_BGSNH314-24_fcleaner,BGSNH314-24,r_1.5_s_100_fcleaner,>BGSNH314-24_r_1.5_s_100_BGSNH314-24_fcleaner,236347,XSG68089.1,subfamily:Bryocorinae,null,1556,null,null,0.0,202.0,110.04,121.0,0,16,26,0,0,98.63
BGSNH377-24_r_1_s_100_BGSNH377-24_fcleaner,BGSNH377-24,r_1_s_100_fcleaner,>BGSNH377-24_r_1_s_100_BGSNH377-24_fcleaner,2026309,YP_009019993.1,tribe:Mirini,null,2684,null,null,27.0,344.0,143.66,136.0,0,846,33,0,0,100.0
BGSNH288-24_r_1.3_s_50_BGSNH288-24_fcleaner,BGSNH288-24,r_1.3_s_50_fcleaner,>BGSNH288-24_r_1.3_s_50_BGSNH288-24_fcleaner,1545070,AHN95687.1,tribe:Stenodemini,null,162262,null,null,528.0,15478.0,8265.09,8201.0,0,26477,1932,0,0,100.0
BGSNH359-24_r_1.5_s_50_BGSNH359-24_fcleaner,BGSNH359-24,r_1.5_s_50_fcleaner,>BGSNH359-24_r_1.5_s_50_BGSNH359-24_fcleaner,2212857,YP_009019993.1,tribe:Mirini,null,470,null,null,0.0,92.0,19.67,16.0,0,181,1,0,0,85.55
BGSNH380-24_r_1.5_s_100_BGSNH380-24_fcleaner,BGSNH380-24,r_1.5_s_100_fcleaner,>BGSNH380-24_r_1.5_s_100_BGSNH380-24_fcleaner,2026309,YP_009019993.1,tribe:Mirini,null,21811,null,null,0.0,2062.0,1177.88,1226.5,0,687,174,0,0,99.61
BGSNH314-24_r_1_s_50_BGSNH314-24_fcleaner,BGSNH314-24,r_1_s_50_fcleaner,>BGSNH314-24_r_1_s_50_BGSNH314-24_fcleaner,236347,XSG68089.1,subfamily:Bryocorinae,null,2569,null,null,92.0,263.0,162.82,152.0,0,146,69,0,0,100.0
BGSNH320-24_r_1_s_100_BGSNH320-24_fcleaner,BGSNH320-24,r_1_s_100_fcleaner,>BGSNH320-24_r_1_s_100_BGSNH320-24_fcleaner,237212,QDI94090.1,tribe:Phylini,null,41048,null,null,0.0,5871.0,2641.5,2813.0,0,3835,737,0,0,83.17
BGSNH320-24_r_1.3_s_50_BGSNH320-24_fcleaner,BGSNH320-24,r_1.3_s_50_fcleaner,>BGSNH320-24_r_1.3_s_50_BGSNH320-24_fcleaner,237212,QDI94090.1,tribe:Phylini,null,46463,null,null,0.0,5663.0,2685.62,2898.0,0,6857,709,0,0,83.17
BGSNH369-24_r_1.5_s_100_BGSNH369-24_fcleaner,BGSNH369-24,r_1.5_s_100_fcleaner,>BGSNH369-24_r_1.5_s_100_BGSNH369-24_fcleaner,2358427,QDI94090.1,tribe:Phylini,null,133,null,null,0.0,48.0,7.56,0.0,0,47,4,0,0,42.86
BGSNH298-24_r_1.3_s_100_BGSNH298-24_fcleaner,BGSNH298-24,r_1.3_s_100_fcleaner,>BGSNH298-24_r_1.3_s_100_BGSNH298-24_fcleaner,981263,UPL65908.1,subfamily:Phylinae,null,37358,null,null,0.0,4694.0,1991.38,1912.0,0,4279,913,0,0,99.8
BGSNH320-24_r_1_s_50_BGSNH320-24_fcleaner,BGSNH320-24,r_1_s_50_fcleaner,>BGSNH320-24_r_1_s_50_BGSNH320-24_fcleaner,237212,QDI94090.1,tribe:Phylini,null,51528,null,null,0.0,7207.0,3002.04,3142.0,0,7509,985,0,0,83.17
BGSNH317-24_r_1.3_s_50_BGSNH317-24_fcleaner,BGSNH317-24,r_1.3_s_50_fcleaner,>BGSNH317-24_r_1.3_s_50_BGSNH317-24_fcleaner,236347,XSG68089.1,subfamily:Bryocorinae,null,36634,null,null,633.0,5325.0,2147.42,1903.0,0,2834,373,0,0,100.0
BGSNH363-24_r_1_s_50_BGSNH363-24_fcleaner,BGSNH363-24,r_1_s_50_fcleaner,>BGSNH363-24_r_1_s_50_BGSNH363-24_fcleaner,1545085,YP_010424628.1,tribe:Orthotylini,null,58136,null,null,873.0,4924.0,2990.56,3026.0,0,6064,683,0,0,100.0
BGSNH367-24_r_1_s_100_BGSNH367-24_fcleaner,BGSNH367-24,r_1_s_100_fcleaner,>BGSNH367-24_r_1_s_100_BGSNH367-24_fcleaner,2358427,QDI94090.1,tribe:Phylini,null,3276,null,null,0.0,441.0,182.8,169.0,0,194,35,0,0,83.37
BGSNH328-24_r_1_s_50_BGSNH328-24_fcleaner,BGSNH328-24,r_1_s_50_fcleaner,>BGSNH328-24_r_1_s_50_BGSNH328-24_fcleaner,237212,QDI94090.1,tribe:Phylini,null,18815,null,null,0.0,2861.0,1245.57,1272.0,0,2750,289,0,0,83.37
BGSNH298-24_r_1.5_s_50_BGSNH298-24_fcleaner,BGSNH298-24,r_1.5_s_50_fcleaner,>BGSNH298-24_r_1.5_s_50_BGSNH298-24_fcleaner,981263,UPL65908.1,subfamily:Phylinae,null,49619,null,null,0.0,5315.0,2269.31,2192.0,0,7348,964,0,0,99.8
BGSNH352-24_r_1.5_s_100_BGSNH352-24_fcleaner,BGSNH352-24,r_1.5_s_100_fcleaner,>BGSNH352-24_r_1.5_s_100_BGSNH352-24_fcleaner,2212857,YP_009019993.1,tribe:Mirini,null,128,null,null,0.0,32.0,5.94,2.0,0,0,1,0,0,60.55
BGSNH314-24_r_1.5_s_50_BGSNH314-24_fcleaner,BGSNH314-24,r_1.5_s_50_fcleaner,>BGSNH314-24_r_1.5_s_50_BGSNH314-24_fcleaner,236347,XSG68089.1,subfamily:Bryocorinae,null,1845,null,null,0.0,246.0,119.86,134.0,0,54,37,0,0,99.61
BGSNH304-24_r_1.5_s_50_BGSNH304-24_fcleaner,BGSNH304-24,r_1.5_s_50_fcleaner,>BGSNH304-24_r_1.5_s_50_BGSNH304-24_fcleaner,981266,QDI94090.1,tribe:Phylini,null,24452,null,null,0.0,3509.0,1342.03,1276.0,0,3911,310,0,0,83.37
BGSNH309-24_r_1.3_s_50_BGSNH309-24_fcleaner,BGSNH309-24,r_1.3_s_50_fcleaner,>BGSNH309-24_r_1.3_s_50_BGSNH309-24_fcleaner,981266,QDI94090.1,tribe:Phylini,null,44924,null,null,0.0,6590.0,2306.21,2180.0,0,11169,470,0,0,83.37
BGSNH372-24_r_1_s_50_BGSNH372-24_fcleaner,BGSNH372-24,r_1_s_50_fcleaner,>BGSNH372-24_r_1_s_50_BGSNH372-24_fcleaner,1837210,QDI94090.1,tribe:Phylini,null,1486,null,null,0.0,150.0,67.47,70.0,0,226,18,0,0,83.37
BGSNH301-24_r_1_s_50_BGSNH301-24_fcleaner,BGSNH301-24,r_1_s_50_fcleaner,>BGSNH301-24_r_1_s_50_BGSNH301-24_fcleaner,2868303,YP_009019993.1,tribe:Mirini,null,3164,null,null,18.0,238.0,128.22,130.5,0,1134,34,0,0,100.0
BGSNH349-24_r_1_s_50_BGSNH349-24_fcleaner,BGSNH349-24,r_1_s_50_fcleaner,>BGSNH349-24_r_1_s_50_BGSNH349-24_fcleaner,2212857,YP_009019993.1,tribe:Mirini,null,541,null,null,0.0,124.0,20.31,16.0,0,1716,27,0,0,86.33
BGSNH367-24_r_1.5_s_100_BGSNH367-24_fcleaner,BGSNH367-24,r_1.5_s_100_fcleaner,>BGSNH367-24_r_1.5_s_100_BGSNH367-24_fcleaner,2358427,QDI94090.1,tribe:Phylini,null,2925,null,null,0.0,403.0,160.59,139.0,0,102,24,0,0,83.37
BGSNH304-24_r_1.3_s_50_BGSNH304-24_fcleaner,BGSNH304-24,r_1.3_s_50_fcleaner,>BGSNH304-24_r_1.3_s_50_BGSNH304-24_fcleaner,981266,QDI94090.1,tribe:Phylini,null,27482,null,null,0.0,3578.0,1530.4,1479.0,0,4794,380,0,0,83.37
BGSNH297-24_r_1.5_s_50_BGSNH297-24_fcleaner,BGSNH297-24,r_1.5_s_50_fcleaner,>BGSNH297-24_r_1.5_s_50_BGSNH297-24_fcleaner,1929793,YP_009019993.1,genus:Adelphocoris,null,11124,null,null,270.0,862.0,516.6,515.0,0,1137,100,0,0,100.0
BGSNH286-24_r_1_s_100_BGSNH286-24_fcleaner,BGSNH286-24,r_1_s_100_fcleaner,>BGSNH286-24_r_1_s_100_BGSNH286-24_fcleaner,1545070,AHN95687.1,tribe:Stenodemini,null,4673,null,null,30.0,602.0,253.85,234.0,0,533,37,0,0,100.0
BGSNH340-24_r_1.5_s_50_BGSNH340-24_fcleaner,BGSNH340-24,r_1.5_s_50_fcleaner,>BGSNH340-24_r_1.5_s_50_BGSNH340-24_fcleaner,1336454,QDI94090.1,tribe:Phylini,null,1609,null,null,0.0,190.0,66.66,64.0,0,246,20,0,0,82.19
BGSNH318-24_r_1.5_s_50_BGSNH318-24_fcleaner,BGSNH318-24,r_1.5_s_50_fcleaner,>BGSNH318-24_r_1.5_s_50_BGSNH318-24_fcleaner,236347,XSG68089.1,subfamily:Bryocorinae,null,18875,null,null,0.0,2957.0,1031.09,933.0,0,1207,119,0,0,98.83
BGSNH343-24_r_1.5_s_50_BGSNH343-24_fcleaner,BGSNH343-24,r_1.5_s_50_fcleaner,>BGSNH343-24_r_1.5_s_50_BGSNH343-24_fcleaner,2212857,YP_009019993.1,tribe:Mirini,null,27197,null,null,4.0,2575.0,1640.42,1711.0,0,1149,284,0,0,100.0
BGSNH298-24_r_1_s_100_BGSNH298-24_fcleaner,BGSNH298-24,r_1_s_100_fcleaner,>BGSNH298-24_r_1_s_100_BGSNH298-24_fcleaner,981263,UPL65908.1,subfamily:Phylinae,null,37538,null,null,1.0,4625.0,2004.97,1898.0,0,4947,929,0,0,100.0
BGSNH376-24_r_1.5_s_50_BGSNH376-24_fcleaner,BGSNH376-24,r_1.5_s_50_fcleaner,>BGSNH376-24_r_1.5_s_50_BGSNH376-24_fcleaner,1837210,QDI94090.1,tribe:Phylini,null,2382,null,null,0.0,360.0,108.56,102.0,0,272,20,0,0,82.19
BGSNH374-24_r_1.5_s_50_BGSNH374-24_fcleaner,BGSNH374-24,r_1.5_s_50_fcleaner,>BGSNH374-24_r_1.5_s_50_BGSNH374-24_fcleaner,1837210,QDI94090.1,tribe:Phylini,null,1712,null,null,0.0,206.0,83.4,86.0,0,110,14,0,0,82.0
BGSNH286-24_r_1_s_50_BGSNH286-24_fcleaner,BGSNH286-24,r_1_s_50_fcleaner,>BGSNH286-24_r_1_s_50_BGSNH286-24_fcleaner,1545070,AHN95687.1,tribe:Stenodemini,null,6731,null,null,88.0,722.0,322.42,296.0,0,1780,3,0,0,100.0
BGSNH311-24_r_1_s_100_BGSNH311-24_fcleaner,BGSNH311-24,r_1_s_100_fcleaner,>BGSNH311-24_r_1_s_100_BGSNH311-24_fcleaner,236347,XSG68089.1,subfamily:Bryocorinae,null,174374,null,null,2100.0,16091.0,9420.81,9387.5,0,17120,1974,0,0,100.0
BGSNH329-24_r_1.3_s_50_BGSNH329-24_fcleaner,BGSNH329-24,r_1.3_s_50_fcleaner,>BGSNH329-24_r_1.3_s_50_BGSNH329-24_fcleaner,237212,QDI94090.1,tribe:Phylini,null,11821,null,null,0.0,1901.0,616.67,580.0,0,2843,128,0,0,83.17
BGSNH374-24_r_1.3_s_100_BGSNH374-24_fcleaner,BGSNH374-24,r_1.3_s_100_fcleaner,>BGSNH374-24_r_1.3_s_100_BGSNH374-24_fcleaner,1837210,QDI94090.1,tribe:Phylini,null,1397,null,null,0.0,190.0,78.57,81.0,0,59,12,0,0,83.37
BGSNH322-24_r_1_s_100_BGSNH322-24_fcleaner,BGSNH322-24,r_1_s_100_fcleaner,>BGSNH322-24_r_1_s_100_BGSNH322-24_fcleaner,237212,QDI94090.1,tribe:Phylini,null,15026,null,null,0.0,2028.0,907.19,986.0,0,1632,199,0,0,83.17
BGSNH320-24_r_1.3_s_100_BGSNH320-24_fcleaner,BGSNH320-24,r_1.3_s_100_fcleaner,>BGSNH320-24_r_1.3_s_100_BGSNH320-24_fcleaner,237212,QDI94090.1,tribe:Phylini,null,37811,null,null,0.0,5426.0,2409.41,2649.0,0,3741,605,0,0,83.17
BGSNH339-24_r_1_s_50_BGSNH339-24_fcleaner,BGSNH339-24,r_1_s_50_fcleaner,>BGSNH339-24_r_1_s_50_BGSNH339-24_fcleaner,1336454,QDI94090.1,tribe:Phylini,null,5273,null,null,0.0,497.0,263.67,302.0,0,734,101,0,0,83.37
BGSNH363-24_r_1_s_100_BGSNH363-24_fcleaner,BGSNH363-24,r_1_s_100_fcleaner,>BGSNH363-24_r_1_s_100_BGSNH363-24_fcleaner,1545085,YP_010424628.1,tribe:Orthotylini,null,42627,null,null,852.0,3836.0,2431.34,2422.0,0,4337,512,0,0,100.0
BGSNH323-24_r_1.3_s_100_BGSNH323-24_fcleaner,BGSNH323-24,r_1.3_s_100_fcleaner,>BGSNH323-24_r_1.3_s_100_BGSNH323-24_fcleaner,237212,QDI94090.1,tribe:Phylini,null,26721,null,null,0.0,4320.0,1634.95,1805.0,0,2917,350,0,0,83.17
BGSNH364-24_r_1.3_s_100_BGSNH364-24_fcleaner,BGSNH364-24,r_1.3_s_100_fcleaner,>BGSNH364-24_r_1.3_s_100_BGSNH364-24_fcleaner,236347,XSG68089.1,subfamily:Bryocorinae,null,21758,null,null,0.0,1938.0,1259.14,1323.5,0,317,207,0,0,99.61
BGSNH360-24_r_1_s_50_BGSNH360-24_fcleaner,BGSNH360-24,r_1_s_50_fcleaner,>BGSNH360-24_r_1_s_50_BGSNH360-24_fcleaner,2212857,YP_009019993.1,tribe:Mirini,null,8446,null,null,40.0,1076.0,358.81,337.0,0,1756,91,0,0,100.0
BGSNH372-24_r_1_s_100_BGSNH372-24_fcleaner,BGSNH372-24,r_1_s_100_fcleaner,>BGSNH372-24_r_1_s_100_BGSNH372-24_fcleaner,1837210,QDI94090.1,tribe:Phylini,null,905,null,null,0.0,122.0,47.93,48.0,0,66,11,0,0,83.37
BGSNH296-24_r_1.3_s_100_BGSNH296-24_fcleaner,BGSNH296-24,r_1.3_s_100_fcleaner,>BGSNH296-24_r_1.3_s_100_BGSNH296-24_fcleaner,1929793,YP_009019993.1,genus:Adelphocoris,null,30045,null,null,416.0,3668.0,1667.63,1567.5,0,1755,411,0,0,100.0
BGSNH299-24_r_1.3_s_100_BGSNH299-24_fcleaner,BGSNH299-24,r_1.3_s_100_fcleaner,>BGSNH299-24_r_1.3_s_100_BGSNH299-24_fcleaner,2868303,YP_009019993.1,tribe:Mirini,null,11918,null,null,78.0,2507.0,582.91,489.0,0,1172,117,0,0,100.0
BGSNH353-24_r_1.3_s_50_BGSNH353-24_fcleaner,BGSNH353-24,r_1.3_s_50_fcleaner,>BGSNH353-24_r_1.3_s_50_BGSNH353-24_fcleaner,2212857,YP_009019993.1,tribe:Mirini,null,10340,null,null,81.0,1357.0,488.31,447.0,0,1820,92,0,0,100.0
BGSNH291-24_r_1.3_s_50_BGSNH291-24_fcleaner,BGSNH291-24,r_1.3_s_50_fcleaner,>BGSNH291-24_r_1.3_s_50_BGSNH291-24_fcleaner,1545070,AHN95687.1,tribe:Stenodemini,null,13227,null,null,69.0,1351.0,768.17,772.0,0,1637,555,0,0,100.0
BGSNH331-24_r_1.3_s_50_BGSNH331-24_fcleaner,BGSNH331-24,r_1.3_s_50_fcleaner,>BGSNH331-24_r_1.3_s_50_BGSNH331-24_fcleaner,2315913,QDI94090.1,tribe:Phylini,null,85434,null,null,0.0,11556.0,4365.92,4576.0,0,12347,957,0,0,83.37
BGSNH358-24_r_1_s_50_BGSNH358-24_fcleaner,BGSNH358-24,r_1_s_50_fcleaner,>BGSNH358-24_r_1_s_50_BGSNH358-24_fcleaner,2212857,YP_009019993.1,tribe:Mirini,null,544,null,null,0.0,98.0,24.19,20.0,0,1496,24,0,0,87.11
BGSNH287-24_r_1_s_50_BGSNH287-24_fcleaner,BGSNH287-24,r_1_s_50_fcleaner,>BGSNH287-24_r_1_s_50_BGSNH287-24_fcleaner,1545070,AHN95687.1,tribe:Stenodemini,null,4694,null,null,56.0,459.0,228.94,231.0,0,890,17,0,0,100.0
BGSNH379-24_r_1.3_s_50_BGSNH379-24_fcleaner,BGSNH379-24,r_1.3_s_50_fcleaner,>BGSNH379-24_r_1.3_s_50_BGSNH379-24_fcleaner,2026309,YP_009019993.1,tribe:Mirini,null,917,null,null,0.0,116.0,48.81,50.0,0,457,19,0,0,99.02
BGSNH347-24_r_1.5_s_50_BGSNH347-24_fcleaner,BGSNH347-24,r_1.5_s_50_fcleaner,>BGSNH347-24_r_1.5_s_50_BGSNH347-24_fcleaner,2212857,YP_009019993.1,tribe:Mirini,null,6376,null,null,0.0,861.0,251.67,227.0,0,865,44,0,0,98.24
BGSNH370-24_r_1.5_s_100_BGSNH370-24_fcleaner,BGSNH370-24,r_1.5_s_100_fcleaner,>BGSNH370-24_r_1.5_s_100_BGSNH370-24_fcleaner,1837210,QDI94090.1,tribe:Phylini,null,1431,null,null,0.0,226.0,77.8,78.0,0,51,15,0,0,82.39
BGSNH299-24_r_1.3_s_50_BGSNH299-24_fcleaner,BGSNH299-24,r_1.3_s_50_fcleaner,>BGSNH299-24_r_1.3_s_50_BGSNH299-24_fcleaner,2868303,YP_009019993.1,tribe:Mirini,null,18731,null,null,240.0,3183.0,804.75,696.0,0,2965,185,0,0,100.0
BGSNH341-24_r_1.5_s_100_BGSNH341-24_fcleaner,BGSNH341-24,r_1.5_s_100_fcleaner,>BGSNH341-24_r_1.5_s_100_BGSNH341-24_fcleaner,1336454,QDI94090.1,tribe:Phylini,null,1707,null,null,0.0,239.0,88.89,88.0,0,268,17,0,0,82.19
BGSNH290-24_r_1.5_s_100_BGSNH290-24_fcleaner,BGSNH290-24,r_1.5_s_100_fcleaner,>BGSNH290-24_r_1.5_s_100_BGSNH290-24_fcleaner,1545070,AHN95687.1,tribe:Stenodemini,null,26814,null,null,205.0,3551.0,1676.43,1526.0,0,2290,305,0,0,100.0
BGSNH365-24_r_1.5_s_100_BGSNH365-24_fcleaner,BGSNH365-24,r_1.5_s_100_fcleaner,>BGSNH365-24_r_1.5_s_100_BGSNH365-24_fcleaner,236347,XSG68089.1,subfamily:Bryocorinae,null,6705,null,null,0.0,900.0,447.23,486.0,0,39,67,0,0,98.44
BGSNH369-24_r_1_s_100_BGSNH369-24_fcleaner,BGSNH369-24,r_1_s_100_fcleaner,>BGSNH369-24_r_1_s_100_BGSNH369-24_fcleaner,2358427,QDI94090.1,tribe:Phylini,null,92,null,null,0.0,38.0,6.26,0.0,0,252,4,0,0,43.25
BGSNH317-24_r_1.5_s_100_BGSNH317-24_fcleaner,BGSNH317-24,r_1.5_s_100_fcleaner,>BGSNH317-24_r_1.5_s_100_BGSNH317-24_fcleaner,236347,XSG68089.1,subfamily:Bryocorinae,null,26826,null,null,0.0,4357.0,1676.47,1636.0,0,1320,254,0,0,91.6
BGSNH366-24_r_1.5_s_100_BGSNH366-24_fcleaner,BGSNH366-24,r_1.5_s_100_fcleaner,>BGSNH366-24_r_1.5_s_100_BGSNH366-24_fcleaner,236347,XSG68089.1,subfamily:Bryocorinae,null,27893,null,null,0.0,2994.0,1677.59,1890.5,0,177,303,0,0,98.44
BGSNH372-24_r_1.3_s_100_BGSNH372-24_fcleaner,BGSNH372-24,r_1.3_s_100_fcleaner,>BGSNH372-24_r_1.3_s_100_BGSNH372-24_fcleaner,1837210,QDI94090.1,tribe:Phylini,null,894,null,null,0.0,122.0,47.29,48.0,0,51,10,0,0,83.37
BGSNH301-24_r_1.3_s_100_BGSNH301-24_fcleaner,BGSNH301-24,r_1.3_s_100_fcleaner,>BGSNH301-24_r_1.3_s_100_BGSNH301-24_fcleaner,2868303,YP_009019993.1,tribe:Mirini,null,1873,null,null,2.0,207.0,88.54,83.5,0,287,23,0,0,100.0
BGSNH342-24_r_1_s_100_BGSNH342-24_fcleaner,BGSNH342-24,r_1_s_100_fcleaner,>BGSNH342-24_r_1_s_100_BGSNH342-24_fcleaner,2212857,YP_009019993.1,tribe:Mirini,null,9664,null,null,118.0,1117.0,531.08,497.0,0,999,80,0,0,100.0
BGSNH378-24_r_1_s_100_BGSNH378-24_fcleaner,BGSNH378-24,r_1_s_100_fcleaner,>BGSNH378-24_r_1_s_100_BGSNH378-24_fcleaner,2026309,YP_009019993.1,tribe:Mirini,null,743,null,null,0.0,249.0,58.01,29.0,0,18,42,0,3,75.0
BGSNH361-24_r_1_s_50_BGSNH361-24_fcleaner,BGSNH361-24,r_1_s_50_fcleaner,>BGSNH361-24_r_1_s_50_BGSNH361-24_fcleaner,1545085,YP_010424628.1,tribe:Orthotylini,null,1517,null,null,18.0,237.0,78.65,75.0,0,181,78,0,0,100.0
BGSNH322-24_r_1.5_s_100_BGSNH322-24_fcleaner,BGSNH322-24,r_1.5_s_100_fcleaner,>BGSNH322-24_r_1.5_s_100_BGSNH322-24_fcleaner,237212,QDI94090.1,tribe:Phylini,null,13166,null,null,0.0,2019.0,779.11,886.0,0,1613,148,0,0,83.17
BGSNH343-24_r_1.3_s_50_BGSNH343-24_fcleaner,BGSNH343-24,r_1.3_s_50_fcleaner,>BGSNH343-24_r_1.3_s_50_BGSNH343-24_fcleaner,2212857,YP_009019993.1,tribe:Mirini,null,31384,null,null,1170.0,2576.0,1892.72,1905.5,0,2278,345,0,0,100.0
BGSNH360-24_r_1.5_s_50_BGSNH360-24_fcleaner,BGSNH360-24,r_1.5_s_50_fcleaner,>BGSNH360-24_r_1.5_s_50_BGSNH360-24_fcleaner,2212857,YP_009019993.1,tribe:Mirini,null,7184,null,null,0.0,1076.0,302.88,297.5,0,900,68,0,0,96.68
BGSNH334-24_r_1.3_s_50_BGSNH334-24_fcleaner,BGSNH334-24,r_1.3_s_50_fcleaner,>BGSNH334-24_r_1.3_s_50_BGSNH334-24_fcleaner,2315913,QDI94090.1,tribe:Phylini,null,72921,null,null,0.0,7954.0,3560.45,4086.0,0,10974,812,0,0,83.37
BGSNH360-24_r_1.3_s_50_BGSNH360-24_fcleaner,BGSNH360-24,r_1.3_s_50_fcleaner,>BGSNH360-24_r_1.3_s_50_BGSNH360-24_fcleaner,2212857,YP_009019993.1,tribe:Mirini,null,8300,null,null,40.0,1076.0,352.6,329.0,0,1057,85,0,0,100.0
BGSNH333-24_r_1.5_s_100_BGSNH333-24_fcleaner,BGSNH333-24,r_1.5_s_100_fcleaner,>BGSNH333-24_r_1.5_s_100_BGSNH333-24_fcleaner,2315913,QDI94090.1,tribe:Phylini,null,15117,null,null,0.0,2279.0,787.88,797.0,0,1242,178,0,0,83.37
BGSNH313-24_r_1.3_s_50_BGSNH313-24_fcleaner,BGSNH313-24,r_1.3_s_50_fcleaner,>BGSNH313-24_r_1.3_s_50_BGSNH313-24_fcleaner,236347,XSG68089.1,subfamily:Bryocorinae,null,37871,null,null,708.0,3257.0,2015.86,2011.5,0,3996,441,0,0,100.0
BGSNH366-24_r_1_s_50_BGSNH366-24_fcleaner,BGSNH366-24,r_1_s_50_fcleaner,>BGSNH366-24_r_1_s_50_BGSNH366-24_fcleaner,236347,XSG68089.1,subfamily:Bryocorinae,null,45643,null,null,0.0,4682.0,2534.14,2420.5,0,1592,508,0,0,99.8
BGSNH326-24_r_1.5_s_100_BGSNH326-24_fcleaner,BGSNH326-24,r_1.5_s_100_fcleaner,>BGSNH326-24_r_1.5_s_100_BGSNH326-24_fcleaner,237212,QDI94090.1,tribe:Phylini,null,344,null,null,0.0,67.0,20.48,19.0,0,18,24,0,0,81.6
BGSNH342-24_r_1.3_s_50_BGSNH342-24_fcleaner,BGSNH342-24,r_1.3_s_50_fcleaner,>BGSNH342-24_r_1.3_s_50_BGSNH342-24_fcleaner,2212857,YP_009019993.1,tribe:Mirini,null,12476,null,null,279.0,1241.0,626.16,576.5,0,1320,96,0,0,100.0
BGSNH370-24_r_1.5_s_50_BGSNH370-24_fcleaner,BGSNH370-24,r_1.5_s_50_fcleaner,>BGSNH370-24_r_1.5_s_50_BGSNH370-24_fcleaner,1837210,QDI94090.1,tribe:Phylini,null,2114,null,null,0.0,261.0,100.14,108.0,0,130,19,0,0,82.39
BGSNH376-24_r_1.3_s_100_BGSNH376-24_fcleaner,BGSNH376-24,r_1.3_s_100_fcleaner,>BGSNH376-24_r_1.3_s_100_BGSNH376-24_fcleaner,1837210,QDI94090.1,tribe:Phylini,null,1729,null,null,0.0,281.0,92.89,86.0,0,65,19,0,0,83.37
BGSNH376-24_r_1_s_50_BGSNH376-24_fcleaner,BGSNH376-24,r_1_s_50_fcleaner,>BGSNH376-24_r_1_s_50_BGSNH376-24_fcleaner,1837210,QDI94090.1,tribe:Phylini,null,2798,null,null,0.0,366.0,128.65,130.0,0,393,31,0,0,83.37
BGSNH325-24_r_1.5_s_100_BGSNH325-24_fcleaner,BGSNH325-24,r_1.5_s_100_fcleaner,>BGSNH325-24_r_1.5_s_100_BGSNH325-24_fcleaner,237212,QDI94090.1,tribe:Phylini,null,636,null,null,0.0,92.0,43.42,47.0,0,8,36,0,0,83.37
BGSNH292-24_r_1.5_s_100_BGSNH292-24_fcleaner,BGSNH292-24,r_1.5_s_100_fcleaner,>BGSNH292-24_r_1.5_s_100_BGSNH292-24_fcleaner,236347,XSG68089.1,subfamily:Bryocorinae,null,586,null,null,0.0,127.0,29.07,14.0,0,14,3,0,0,81.25
BGSNH362-24_r_1.3_s_50_BGSNH362-24_fcleaner,BGSNH362-24,r_1.3_s_50_fcleaner,>BGSNH362-24_r_1.3_s_50_BGSNH362-24_fcleaner,1545085,YP_010424628.1,tribe:Orthotylini,null,7546,null,null,76.0,914.0,414.7,397.0,0,734,124,0,0,100.0
BGSNH338-24_r_1.5_s_100_BGSNH338-24_fcleaner,BGSNH338-24,r_1.5_s_100_fcleaner,>BGSNH338-24_r_1.5_s_100_BGSNH338-24_fcleaner,1336454,QDI94090.1,tribe:Phylini,null,449,null,null,0.0,70.0,21.86,18.0,0,33,10,0,0,78.67
BGSNH357-24_r_1.3_s_100_BGSNH357-24_fcleaner,BGSNH357-24,r_1.3_s_100_fcleaner,>BGSNH357-24_r_1.3_s_100_BGSNH357-24_fcleaner,2212857,YP_009019993.1,tribe:Mirini,null,2953,null,null,30.0,326.0,174.93,170.0,0,243,45,0,0,100.0
BGSNH374-24_r_1.3_s_50_BGSNH374-24_fcleaner,BGSNH374-24,r_1.3_s_50_fcleaner,>BGSNH374-24_r_1.3_s_50_BGSNH374-24_fcleaner,1837210,QDI94090.1,tribe:Phylini,null,1950,null,null,0.0,206.0,97.0,99.0,0,186,20,0,0,83.37
BGSNH319-24_r_1_s_50_BGSNH319-24_fcleaner,BGSNH319-24,r_1_s_50_fcleaner,>BGSNH319-24_r_1_s_50_BGSNH319-24_fcleaner,236347,XSG68089.1,subfamily:Bryocorinae,null,106,null,null,0.0,22.0,6.08,6.0,0,267,6,0,0,86.72
BGSNH331-24_r_1_s_100_BGSNH331-24_fcleaner,BGSNH331-24,r_1_s_100_fcleaner,>BGSNH331-24_r_1_s_100_BGSNH331-24_fcleaner,2315913,QDI94090.1,tribe:Phylini,null,65112,null,null,0.0,9429.0,3724.23,3859.0,0,4717,824,0,0,83.37
BGSNH344-24_r_1.3_s_100_BGSNH344-24_fcleaner,BGSNH344-24,r_1.3_s_100_fcleaner,>BGSNH344-24_r_1.3_s_100_BGSNH344-24_fcleaner,2212857,YP_009019993.1,tribe:Mirini,null,13679,null,null,171.0,1423.0,732.86,689.5,0,1453,112,0,0,100.0
BGSNH380-24_r_1.5_s_50_BGSNH380-24_fcleaner,BGSNH380-24,r_1.5_s_50_fcleaner,>BGSNH380-24_r_1.5_s_50_BGSNH380-24_fcleaner,2026309,YP_009019993.1,tribe:Mirini,null,28067,null,null,0.0,2275.0,1382.46,1423.0,0,2082,192,0,0,99.8
BGSNH287-24_r_1.5_s_50_BGSNH287-24_fcleaner,BGSNH287-24,r_1.5_s_50_fcleaner,>BGSNH287-24_r_1.5_s_50_BGSNH287-24_fcleaner,1545070,AHN95687.1,tribe:Stenodemini,null,3963,null,null,2.0,339.0,193.56,197.0,0,293,11,0,0,100.0
BGSNH324-24_r_1.5_s_50_BGSNH324-24_fcleaner,BGSNH324-24,r_1.5_s_50_fcleaner,>BGSNH324-24_r_1.5_s_50_BGSNH324-24_fcleaner,237212,QDI94090.1,tribe:Phylini,null,14067,null,null,0.0,1959.0,741.96,798.0,0,2466,195,0,0,83.17
BGSNH377-24_r_1.3_s_50_BGSNH377-24_fcleaner,BGSNH377-24,r_1.3_s_50_fcleaner,>BGSNH377-24_r_1.3_s_50_BGSNH377-24_fcleaner,2026309,YP_009019993.1,tribe:Mirini,null,3542,null,null,22.0,380.0,170.89,166.0,0,624,44,0,0,100.0
BGSNH367-24_r_1.3_s_100_BGSNH367-24_fcleaner,BGSNH367-24,r_1.3_s_100_fcleaner,>BGSNH367-24_r_1.3_s_100_BGSNH367-24_fcleaner,2358427,QDI94090.1,tribe:Phylini,null,3194,null,null,0.0,432.0,177.91,169.0,0,129,31,0,0,83.37
BGSNH361-24_r_1.3_s_100_BGSNH361-24_fcleaner,BGSNH361-24,r_1.3_s_100_fcleaner,>BGSNH361-24_r_1.3_s_100_BGSNH361-24_fcleaner,1545085,YP_010424628.1,tribe:Orthotylini,null,889,null,null,14.0,91.0,54.53,56.0,0,58,26,0,0,100.0
BGSNH332-24_r_1.3_s_100_BGSNH332-24_fcleaner,BGSNH332-24,r_1.3_s_100_fcleaner,>BGSNH332-24_r_1.3_s_100_BGSNH332-24_fcleaner,2315913,QDI94090.1,tribe:Phylini,null,11706,null,null,0.0,1569.0,781.98,860.0,0,700,127,0,0,83.37
BGSNH326-24_r_1.3_s_100_BGSNH326-24_fcleaner,BGSNH326-24,r_1.3_s_100_fcleaner,>BGSNH326-24_r_1.3_s_100_BGSNH326-24_fcleaner,237212,QDI94090.1,tribe:Phylini,null,409,null,null,0.0,73.0,24.46,24.0,0,24,30,0,0,83.37
BGSNH319-24_r_1.3_s_100_BGSNH319-24_fcleaner,BGSNH319-24,r_1.3_s_100_fcleaner,>BGSNH319-24_r_1.3_s_100_BGSNH319-24_fcleaner,236347,XSG68089.1,subfamily:Bryocorinae,null,145,null,null,0.0,28.0,8.37,8.0,0,34,4,0,0,99.8
BGSNH355-24_r_1.3_s_50_BGSNH355-24_fcleaner,BGSNH355-24,r_1.3_s_50_fcleaner,>BGSNH355-24_r_1.3_s_50_BGSNH355-24_fcleaner,2212857,YP_009019993.1,tribe:Mirini,null,14658,null,null,217.0,1044.0,664.63,671.0,0,1651,106,0,0,100.0
BGSNH303-24_r_1_s_50_BGSNH303-24_fcleaner,BGSNH303-24,r_1_s_50_fcleaner,>BGSNH303-24_r_1_s_50_BGSNH303-24_fcleaner,981266,QDI94090.1,tribe:Phylini,null,10264,null,null,0.0,1863.0,519.88,460.0,0,2081,134,0,0,83.37
BGSNH315-24_r_1_s_50_BGSNH315-24_fcleaner,BGSNH315-24,r_1_s_50_fcleaner,>BGSNH315-24_r_1_s_50_BGSNH315-24_fcleaner,236347,XSG68089.1,subfamily:Bryocorinae,null,7779,null,null,248.0,1063.0,549.07,471.0,0,555,123,0,0,100.0
BGSNH309-24_r_1_s_100_BGSNH309-24_fcleaner,BGSNH309-24,r_1_s_100_fcleaner,>BGSNH309-24_r_1_s_100_BGSNH309-24_fcleaner,981266,QDI94090.1,tribe:Phylini,null,33566,null,null,0.0,5430.0,1942.61,1818.0,0,4722,400,0,0,83.37
BGSNH302-24_r_1_s_50_BGSNH302-24_fcleaner,BGSNH302-24,r_1_s_50_fcleaner,>BGSNH302-24_r_1_s_50_BGSNH302-24_fcleaner,981266,QDI94090.1,tribe:Phylini,null,9628,null,null,0.0,1475.0,474.41,449.0,0,2084,161,0,0,83.37
BGSNH316-24_r_1.5_s_100_BGSNH316-24_fcleaner,BGSNH316-24,r_1.5_s_100_fcleaner,>BGSNH316-24_r_1.5_s_100_BGSNH316-24_fcleaner,236347,XSG68089.1,subfamily:Bryocorinae,null,20717,null,null,0.0,3045.0,1350.83,1349.0,0,1040,206,0,0,92.38
BGSNH323-24_r_1_s_100_BGSNH323-24_fcleaner,BGSNH323-24,r_1_s_100_fcleaner,>BGSNH323-24_r_1_s_100_BGSNH323-24_fcleaner,237212,QDI94090.1,tribe:Phylini,null,28804,null,null,0.0,4333.0,1783.89,1886.0,0,2969,397,0,0,83.17
BGSNH336-24_r_1_s_100_BGSNH336-24_fcleaner,BGSNH336-24,r_1_s_100_fcleaner,>BGSNH336-24_r_1_s_100_BGSNH336-24_fcleaner,2315913,QDI94090.1,tribe:Phylini,null,1957,null,null,0.0,301.0,120.67,136.0,0,83,62,0,0,83.37
BGSNH291-24_r_1.5_s_100_BGSNH291-24_fcleaner,BGSNH291-24,r_1.5_s_100_fcleaner,>BGSNH291-24_r_1.5_s_100_BGSNH291-24_fcleaner,1545070,AHN95687.1,tribe:Stenodemini,null,9232,null,null,55.0,1139.0,584.05,579.0,0,768,374,0,0,100.0
BGSNH300-24_r_1_s_100_BGSNH300-24_fcleaner,BGSNH300-24,r_1_s_100_fcleaner,>BGSNH300-24_r_1_s_100_BGSNH300-24_fcleaner,2868303,YP_009019993.1,tribe:Mirini,null,244,null,null,0.0,67.0,19.82,12.5,0,371,28,0,0,65.43
BGSNH333-24_r_1_s_50_BGSNH333-24_fcleaner,BGSNH333-24,r_1_s_50_fcleaner,>BGSNH333-24_r_1_s_50_BGSNH333-24_fcleaner,2315913,QDI94090.1,tribe:Phylini,null,27261,null,null,0.0,3965.0,1239.35,1228.0,0,5573,328,0,0,83.37
BGSNH296-24_r_1.3_s_50_BGSNH296-24_fcleaner,BGSNH296-24,r_1.3_s_50_fcleaner,>BGSNH296-24_r_1.3_s_50_BGSNH296-24_fcleaner,1929793,YP_009019993.1,genus:Adelphocoris,null,36307,null,null,867.0,3802.0,1866.12,1760.0,0,3206,495,0,0,100.0
BGSNH292-24_r_1_s_100_BGSNH292-24_fcleaner,BGSNH292-24,r_1_s_100_fcleaner,>BGSNH292-24_r_1_s_100_BGSNH292-24_fcleaner,236347,XSG68089.1,subfamily:Bryocorinae,null,161,null,null,0.0,37.0,7.74,0.0,0,869,1,0,0,46.29
BGSNH345-24_r_1_s_100_BGSNH345-24_fcleaner,BGSNH345-24,r_1_s_100_fcleaner,>BGSNH345-24_r_1_s_100_BGSNH345-24_fcleaner,2212857,YP_009019993.1,tribe:Mirini,null,59541,null,null,900.0,5543.0,3484.24,3494.5,0,4993,665,0,0,100.0
BGSNH357-24_r_1.5_s_50_BGSNH357-24_fcleaner,BGSNH357-24,r_1.5_s_50_fcleaner,>BGSNH357-24_r_1.5_s_50_BGSNH357-24_fcleaner,2212857,YP_009019993.1,tribe:Mirini,null,3282,null,null,6.0,343.0,175.53,164.0,0,271,54,0,0,100.0
BGSNH286-24_r_1.5_s_50_BGSNH286-24_fcleaner,BGSNH286-24,r_1.5_s_50_fcleaner,>BGSNH286-24_r_1.5_s_50_BGSNH286-24_fcleaner,1545070,AHN95687.1,tribe:Stenodemini,null,5677,null,null,2.0,661.0,275.79,257.0,0,389,35,0,0,100.0
BGSNH303-24_r_1.5_s_50_BGSNH303-24_fcleaner,BGSNH303-24,r_1.5_s_50_fcleaner,>BGSNH303-24_r_1.5_s_50_BGSNH303-24_fcleaner,981266,QDI94090.1,tribe:Phylini,null,8543,null,null,0.0,1812.0,424.01,376.0,0,1227,87,0,0,83.37
BGSNH289-24_r_1_s_100_BGSNH289-24_fcleaner,BGSNH289-24,r_1_s_100_fcleaner,>BGSNH289-24_r_1_s_100_BGSNH289-24_fcleaner,1545070,AHN95687.1,tribe:Stenodemini,null,9343,null,null,102.0,1039.0,555.05,543.0,0,1079,854,0,0,100.0
BGSNH315-24_r_1.3_s_50_BGSNH315-24_fcleaner,BGSNH315-24,r_1.3_s_50_fcleaner,>BGSNH315-24_r_1.3_s_50_BGSNH315-24_fcleaner,236347,XSG68089.1,subfamily:Bryocorinae,null,6904,null,null,219.0,1057.0,491.76,426.0,0,443,97,0,0,100.0
BGSNH366-24_r_1.3_s_100_BGSNH366-24_fcleaner,BGSNH366-24,r_1.3_s_100_fcleaner,>BGSNH366-24_r_1.3_s_100_BGSNH366-24_fcleaner,236347,XSG68089.1,subfamily:Bryocorinae,null,34064,null,null,0.0,3004.0,2078.76,2143.0,0,377,405,0,0,99.61
BGSNH292-24_r_1_s_50_BGSNH292-24_fcleaner,BGSNH292-24,r_1_s_50_fcleaner,>BGSNH292-24_r_1_s_50_BGSNH292-24_fcleaner,236347,XSG68089.1,subfamily:Bryocorinae,null,738,null,null,0.0,84.0,29.4,28.0,0,1202,3,0,0,86.13
BGSNH369-24_r_1.3_s_100_BGSNH369-24_fcleaner,BGSNH369-24,r_1.3_s_100_fcleaner,>BGSNH369-24_r_1.3_s_100_BGSNH369-24_fcleaner,2358427,QDI94090.1,tribe:Phylini,null,147,null,null,0.0,48.0,8.27,2.0,0,87,3,0,0,52.84
BGSNH310-24_r_1.3_s_100_BGSNH310-24_fcleaner,BGSNH310-24,r_1.3_s_100_fcleaner,>BGSNH310-24_r_1.3_s_100_BGSNH310-24_fcleaner,236347,XSG68089.1,subfamily:Bryocorinae,null,15744,null,null,147.0,1648.0,854.84,863.0,0,1581,166,0,0,100.0
BGSNH307-24_r_1_s_100_BGSNH307-24_fcleaner,BGSNH307-24,r_1_s_100_fcleaner,>BGSNH307-24_r_1_s_100_BGSNH307-24_fcleaner,981266,QDI94090.1,tribe:Phylini,null,7684,null,null,0.0,1156.0,418.17,444.0,0,2223,136,0,0,83.37
BGSNH345-24_r_1.3_s_100_BGSNH345-24_fcleaner,BGSNH345-24,r_1.3_s_100_fcleaner,>BGSNH345-24_r_1.3_s_100_BGSNH345-24_fcleaner,2212857,YP_009019993.1,tribe:Mirini,null,58815,null,null,889.0,5538.0,3439.89,3463.5,0,4383,646,0,0,100.0
BGSNH295-24_r_1.3_s_100_BGSNH295-24_fcleaner,BGSNH295-24,r_1.3_s_100_fcleaner,>BGSNH295-24_r_1.3_s_100_BGSNH295-24_fcleaner,1929793,YP_009019993.1,genus:Adelphocoris,null,45399,null,null,503.0,4913.0,2454.2,2355.5,0,2856,447,0,0,100.0
BGSNH307-24_r_1.3_s_50_BGSNH307-24_fcleaner,BGSNH307-24,r_1.3_s_50_fcleaner,>BGSNH307-24_r_1.3_s_50_BGSNH307-24_fcleaner,981266,QDI94090.1,tribe:Phylini,null,10476,null,null,0.0,1262.0,508.84,557.0,0,3665,170,0,0,83.37
BGSNH332-24_r_1.3_s_50_BGSNH332-24_fcleaner,BGSNH332-24,r_1.3_s_50_fcleaner,>BGSNH332-24_r_1.3_s_50_BGSNH332-24_fcleaner,2315913,QDI94090.1,tribe:Phylini,null,13745,null,null,0.0,1720.0,848.11,914.0,0,1584,141,0,0,83.37
BGSNH300-24_r_1_s_50_BGSNH300-24_fcleaner,BGSNH300-24,r_1_s_50_fcleaner,>BGSNH300-24_r_1_s_50_BGSNH300-24_fcleaner,2868303,YP_009019993.1,tribe:Mirini,null,430,null,null,0.0,98.0,25.39,21.0,0,710,37,0,0,78.12
BGSNH328-24_r_1.5_s_100_BGSNH328-24_fcleaner,BGSNH328-24,r_1.5_s_100_fcleaner,>BGSNH328-24_r_1.5_s_100_BGSNH328-24_fcleaner,237212,QDI94090.1,tribe:Phylini,null,13656,null,null,0.0,1945.0,955.45,1130.0,0,1097,173,0,0,83.17
BGSNH327-24_r_1.3_s_100_BGSNH327-24_fcleaner,BGSNH327-24,r_1.3_s_100_fcleaner,>BGSNH327-24_r_1.3_s_100_BGSNH327-24_fcleaner,237212,QDI94090.1,tribe:Phylini,null,368,null,null,0.0,67.0,24.45,23.0,0,24,28,0,0,83.37
BGSNH362-24_r_1.5_s_50_BGSNH362-24_fcleaner,BGSNH362-24,r_1.5_s_50_fcleaner,>BGSNH362-24_r_1.5_s_50_BGSNH362-24_fcleaner,1545085,YP_010424628.1,tribe:Orthotylini,null,6322,null,null,0.0,912.0,345.26,343.0,0,691,89,0,0,98.63
BGSNH325-24_r_1.3_s_50_BGSNH325-24_fcleaner,BGSNH325-24,r_1.3_s_50_fcleaner,>BGSNH325-24_r_1.3_s_50_BGSNH325-24_fcleaner,237212,QDI94090.1,tribe:Phylini,null,928,null,null,0.0,107.0,56.75,65.0,0,87,57,0,0,83.37
BGSNH374-24_r_1_s_100_BGSNH374-24_fcleaner,BGSNH374-24,r_1_s_100_fcleaner,>BGSNH374-24_r_1_s_100_BGSNH374-24_fcleaner,1837210,QDI94090.1,tribe:Phylini,null,1411,null,null,0.0,190.0,79.4,82.0,0,80,14,0,0,83.37
BGSNH343-24_r_1_s_100_BGSNH343-24_fcleaner,BGSNH343-24,r_1_s_100_fcleaner,>BGSNH343-24_r_1_s_100_BGSNH343-24_fcleaner,2212857,YP_009019993.1,tribe:Mirini,null,27373,null,null,613.0,2472.0,1759.22,1737.5,0,1810,312,0,0,100.0
BGSNH335-24_r_1.5_s_100_BGSNH335-24_fcleaner,BGSNH335-24,r_1.5_s_100_fcleaner,>BGSNH335-24_r_1.5_s_100_BGSNH335-24_fcleaner,2315913,QDI94090.1,tribe:Phylini,null,1814,null,null,0.0,259.0,107.35,114.0,0,119,17,0,0,83.37
BGSNH362-24_r_1.3_s_100_BGSNH362-24_fcleaner,BGSNH362-24,r_1.3_s_100_fcleaner,>BGSNH362-24_r_1.3_s_100_BGSNH362-24_fcleaner,1545085,YP_010424628.1,tribe:Orthotylini,null,6094,null,null,74.0,825.0,364.08,350.0,0,491,91,0,0,100.0
BGSNH372-24_r_1.5_s_100_BGSNH372-24_fcleaner,BGSNH372-24,r_1.5_s_100_fcleaner,>BGSNH372-24_r_1.5_s_100_BGSNH372-24_fcleaner,1837210,QDI94090.1,tribe:Phylini,null,816,null,null,0.0,121.0,42.47,43.0,0,40,6,0,0,82.39
BGSNH371-24_r_1.3_s_50_BGSNH371-24_fcleaner,BGSNH371-24,r_1.3_s_50_fcleaner,>BGSNH371-24_r_1.3_s_50_BGSNH371-24_fcleaner,1837210,QDI94090.1,tribe:Phylini,null,2474,null,null,0.0,345.0,114.63,115.0,0,260,23,0,0,83.37
BGSNH368-24_r_1.3_s_100_BGSNH368-24_fcleaner,BGSNH368-24,r_1.3_s_100_fcleaner,>BGSNH368-24_r_1.3_s_100_BGSNH368-24_fcleaner,2358427,QDI94090.1,tribe:Phylini,null,3389,null,null,0.0,492.0,182.72,192.0,0,178,55,0,0,83.37
BGSNH295-24_r_1_s_50_BGSNH295-24_fcleaner,BGSNH295-24,r_1_s_50_fcleaner,>BGSNH295-24_r_1_s_50_BGSNH295-24_fcleaner,1929793,YP_009019993.1,genus:Adelphocoris,null,57094,null,null,1554.0,5937.0,2829.0,2657.0,0,5711,536,0,0,100.0
BGSNH287-24_r_1.3_s_50_BGSNH287-24_fcleaner,BGSNH287-24,r_1.3_s_50_fcleaner,>BGSNH287-24_r_1.3_s_50_BGSNH287-24_fcleaner,1545070,AHN95687.1,tribe:Stenodemini,null,4627,null,null,56.0,457.0,225.22,226.0,0,520,31,0,0,100.0
BGSNH302-24_r_1_s_100_BGSNH302-24_fcleaner,BGSNH302-24,r_1_s_100_fcleaner,>BGSNH302-24_r_1_s_100_BGSNH302-24_fcleaner,981266,QDI94090.1,tribe:Phylini,null,6816,null,null,0.0,1051.0,380.96,347.0,0,693,106,0,0,83.37
BGSNH338-24_r_1_s_100_BGSNH338-24_fcleaner,BGSNH338-24,r_1_s_100_fcleaner,>BGSNH338-24_r_1_s_100_BGSNH338-24_fcleaner,1336454,QDI94090.1,tribe:Phylini,null,510,null,null,0.0,80.0,25.08,22.0,0,42,17,0,0,82.0
BGSNH340-24_r_1.3_s_50_BGSNH340-24_fcleaner,BGSNH340-24,r_1.3_s_50_fcleaner,>BGSNH340-24_r_1.3_s_50_BGSNH340-24_fcleaner,1336454,QDI94090.1,tribe:Phylini,null,1905,null,null,0.0,196.0,78.42,80.0,0,332,35,0,0,83.37
BGSNH379-24_r_1.5_s_50_BGSNH379-24_fcleaner,BGSNH379-24,r_1.5_s_50_fcleaner,>BGSNH379-24_r_1.5_s_50_BGSNH379-24_fcleaner,2026309,YP_009019993.1,tribe:Mirini,null,838,null,null,0.0,105.0,44.55,45.0,0,226,10,0,0,98.24
BGSNH378-24_r_1.3_s_50_BGSNH378-24_fcleaner,BGSNH378-24,r_1.3_s_50_fcleaner,>BGSNH378-24_r_1.3_s_50_BGSNH378-24_fcleaner,2026309,YP_009019993.1,tribe:Mirini,null,116,null,null,0.0,45.0,5.04,0.0,0,170,0,0,0,28.12
BGSNH354-24_r_1.3_s_100_BGSNH354-24_fcleaner,BGSNH354-24,r_1.3_s_100_fcleaner,>BGSNH354-24_r_1.3_s_100_BGSNH354-24_fcleaner,2212857,YP_009019993.1,tribe:Mirini,null,155,null,null,0.0,29.0,9.0,8.0,0,47,12,0,0,78.12
BGSNH350-24_r_1.5_s_100_BGSNH350-24_fcleaner,BGSNH350-24,r_1.5_s_100_fcleaner,>BGSNH350-24_r_1.5_s_100_BGSNH350-24_fcleaner,2212857,YP_009019993.1,tribe:Mirini,null,97,null,null,0.0,31.0,4.54,2.0,0,22,2,0,0,54.88
BGSNH345-24_r_1.3_s_50_BGSNH345-24_fcleaner,BGSNH345-24,r_1.3_s_50_fcleaner,>BGSNH345-24_r_1.3_s_50_BGSNH345-24_fcleaner,2212857,YP_009019993.1,tribe:Mirini,null,74441,null,null,1768.0,6155.0,3976.46,4065.0,0,7253,743,0,0,100.0
BGSNH288-24_r_1.5_s_50_BGSNH288-24_fcleaner,BGSNH288-24,r_1.5_s_50_fcleaner,>BGSNH288-24_r_1.5_s_50_BGSNH288-24_fcleaner,1545070,AHN95687.1,tribe:Stenodemini,null,133996,null,null,506.0,15474.0,6869.86,6689.0,0,21741,1434,0,0,100.0
BGSNH315-24_r_1.5_s_100_BGSNH315-24_fcleaner,BGSNH315-24,r_1.5_s_100_fcleaner,>BGSNH315-24_r_1.5_s_100_BGSNH315-24_fcleaner,236347,XSG68089.1,subfamily:Bryocorinae,null,5197,null,null,0.0,966.0,391.01,338.5,0,180,55,0,0,96.29
BGSNH323-24_r_1.5_s_50_BGSNH323-24_fcleaner,BGSNH323-24,r_1.5_s_50_fcleaner,>BGSNH323-24_r_1.5_s_50_BGSNH323-24_fcleaner,237212,QDI94090.1,tribe:Phylini,null,30909,null,null,0.0,4656.0,1682.59,1920.0,0,4913,337,0,0,83.17
BGSNH324-24_r_1.3_s_100_BGSNH324-24_fcleaner,BGSNH324-24,r_1.3_s_100_fcleaner,>BGSNH324-24_r_1.3_s_100_BGSNH324-24_fcleaner,237212,QDI94090.1,tribe:Phylini,null,11839,null,null,0.0,1811.0,709.86,741.0,0,1347,198,0,0,83.17
BGSNH311-24_r_1_s_50_BGSNH311-24_fcleaner,BGSNH311-24,r_1_s_50_fcleaner,>BGSNH311-24_r_1_s_50_BGSNH311-24_fcleaner,236347,XSG68089.1,subfamily:Bryocorinae,null,263631,null,null,5661.0,19976.0,12485.8,12492.5,0,37479,2590,0,0,100.0
BGSNH286-24_r_1.3_s_100_BGSNH286-24_fcleaner,BGSNH286-24,r_1.3_s_100_fcleaner,>BGSNH286-24_r_1.3_s_100_BGSNH286-24_fcleaner,1545070,AHN95687.1,tribe:Stenodemini,null,4671,null,null,30.0,600.0,253.7,233.0,0,435,37,0,0,100.0
BGSNH352-24_r_1_s_100_BGSNH352-24_fcleaner,BGSNH352-24,r_1_s_100_fcleaner,>BGSNH352-24_r_1_s_100_BGSNH352-24_fcleaner,2212857,YP_009019993.1,tribe:Mirini,null,40,null,null,0.0,23.0,3.5,0.0,0,224,2,0,3,38.09
BGSNH334-24_r_1_s_50_BGSNH334-24_fcleaner,BGSNH334-24,r_1_s_50_fcleaner,>BGSNH334-24_r_1_s_50_BGSNH334-24_fcleaner,2315913,QDI94090.1,tribe:Phylini,null,74858,null,null,0.0,8630.0,3650.85,4116.0,0,11682,846,0,0,83.37
BGSNH327-24_r_1.3_s_50_BGSNH327-24_fcleaner,BGSNH327-24,r_1.3_s_50_fcleaner,>BGSNH327-24_r_1.3_s_50_BGSNH327-24_fcleaner,237212,QDI94090.1,tribe:Phylini,null,489,null,null,0.0,76.0,28.66,28.0,0,63,39,0,0,83.37
BGSNH323-24_r_1.3_s_50_BGSNH323-24_fcleaner,BGSNH323-24,r_1.3_s_50_fcleaner,>BGSNH323-24_r_1.3_s_50_BGSNH323-24_fcleaner,237212,QDI94090.1,tribe:Phylini,null,34219,null,null,0.0,4692.0,1875.35,2061.0,0,4999,421,0,0,83.17
BGSNH312-24_r_1.5_s_100_BGSNH312-24_fcleaner,BGSNH312-24,r_1.5_s_100_fcleaner,>BGSNH312-24_r_1.5_s_100_BGSNH312-24_fcleaner,236347,XSG68089.1,subfamily:Bryocorinae,null,72484,null,null,0.0,6932.0,3828.71,4260.5,0,7027,682,0,0,99.41
