Filename,ID,mge_params,fasta_header,sample_taxid,ref_accession,ref_rank,n_reads_in,n_reads_aligned,n_reads_skipped,ref_length,cov_min,cov_max,cov_avg,cov_med,cleaning_removed_human,cleaning_removed_at,cleaning_removed_outlier,cleaning_removed_reference,cleaning_ambig_bases,cleaning_cov_percent
BSCRO444-24_r_1_s_50_BSCRO444-24,BSCRO444-24,r_1_s_50_merge,>BSCRO444-24_r_1_s_50_BSCRO444-24_merge,1654896,PRD22827.1,superfamily:Araneoidea,,191,null,1623,0.0,33.0,9.99,9.0,null,null,null,null,null,null
BSCRO458-24_r_1.3_s_100_BSCRO458-24,BSCRO458-24,r_1.3_s_100_merge,>BSCRO458-24_r_1.3_s_100_BSCRO458-24_merge,1872039,YP_009680079.1,family:Dysderidae,,538,null,1530,3.0,95.0,47.77,46.0,null,null,null,null,null,null
BSCRO427-24_r_1_s_50_BSCRO427-24,BSCRO427-24,r_1_s_50_merge,>BSCRO427-24_r_1_s_50_BSCRO427-24_merge,3139652,YP_009349339.1,family:Agelenidae,,597,null,1536,21.0,88.0,59.6,62.0,null,null,null,null,null,null
BSCRO419-24_r_1.5_s_50_BSCRO419-24,BSCRO419-24,r_1.5_s_50_merge,>BSCRO419-24_r_1.5_s_50_BSCRO419-24_merge,1907062,XCA36587.1,subfamily:Erigoninae,,77,null,1533,0.0,53.0,4.46,0.0,null,null,null,null,null,null
BSCRO412-24_r_1_s_100_BSCRO412-24,BSCRO412-24,r_1_s_100_merge,>BSCRO412-24_r_1_s_100_BSCRO412-24_merge,2721269,YP_009680079.1,family:Dysderidae,,159,null,1530,3.0,22.0,13.65,14.0,null,null,null,null,null,null
BSCRO444-24_r_1.5_s_50_BSCRO444-24,BSCRO444-24,r_1.5_s_50_merge,>BSCRO444-24_r_1.5_s_50_BSCRO444-24_merge,1654896,PRD22827.1,superfamily:Araneoidea,,52,null,1623,0.0,25.0,2.94,1.0,null,null,null,null,null,null
BSCRO384-24_r_1_s_100_BSCRO384-24,BSCRO384-24,r_1_s_100_merge,>BSCRO384-24_r_1_s_100_BSCRO384-24_merge,2721269,YP_009680079.1,family:Dysderidae,,1080,null,1530,40.0,192.0,108.93,106.0,null,null,null,null,null,null
BSCRO382-24_r_1.5_s_50_BSCRO382-24,BSCRO382-24,r_1.5_s_50_merge,>BSCRO382-24_r_1.5_s_50_BSCRO382-24_merge,2721269,YP_009680079.1,family:Dysderidae,,741,null,1530,0.0,143.0,55.15,59.0,null,null,null,null,null,null
BSCRO464-24_r_1.3_s_50_BSCRO464-24,BSCRO464-24,r_1.3_s_50_merge,>BSCRO464-24_r_1.3_s_50_BSCRO464-24_merge,1926205,XCA36587.1,family:Linyphiidae,,515,null,1533,1.0,50.0,27.83,28.0,null,null,null,null,null,null
BSCRO450-24_r_1_s_50_BSCRO450-24,BSCRO450-24,r_1_s_50_merge,>BSCRO450-24_r_1_s_50_BSCRO450-24_merge,2721269,YP_009680079.1,family:Dysderidae,,587,null,1530,0.0,108.0,44.89,42.0,null,null,null,null,null,null
BSCRO431-24_r_1.5_s_100_BSCRO431-24,BSCRO431-24,r_1.5_s_100_merge,>BSCRO431-24_r_1.5_s_100_BSCRO431-24_merge,1419516,PRD22827.1,superfamily:Araneoidea,,476,null,1623,0.0,235.0,33.49,6.0,null,null,null,null,null,null
BSCRO425-24_r_1.5_s_100_BSCRO425-24,BSCRO425-24,r_1.5_s_100_merge,>BSCRO425-24_r_1.5_s_100_BSCRO425-24_merge,1419516,PRD22827.1,superfamily:Araneoidea,,134,null,1623,0.0,66.0,10.24,4.0,null,null,null,null,null,null
BSCRO466-24_r_1.3_s_100_BSCRO466-24,BSCRO466-24,r_1.3_s_100_merge,>BSCRO466-24_r_1.3_s_100_BSCRO466-24_merge,2721252,YP_009680079.1,family:Dysderidae,,193,null,1530,0.0,26.0,14.39,14.0,null,null,null,null,null,null
BSCRO438-24_r_1.5_s_50_BSCRO438-24,BSCRO438-24,r_1.5_s_50_merge,>BSCRO438-24_r_1.5_s_50_BSCRO438-24_merge,2721255,YP_009680079.1,family:Dysderidae,,105,null,1530,0.0,43.0,7.43,0.0,null,null,null,null,null,null
BSCRO445-24_r_1.5_s_100_BSCRO445-24,BSCRO445-24,r_1.5_s_100_merge,>BSCRO445-24_r_1.5_s_100_BSCRO445-24_merge,1959301,PRD22827.1,superfamily:Araneoidea,,43,null,1623,0.0,19.0,2.13,0.0,null,null,null,null,null,null
BSCRO422-24_r_1.3_s_50_BSCRO422-24,BSCRO422-24,r_1.3_s_50_merge,>BSCRO422-24_r_1.3_s_50_BSCRO422-24_merge,1959304,PRD22827.1,superfamily:Araneoidea,,516,null,1623,0.0,107.0,37.32,33.0,null,null,null,null,null,null
BSCRO395-24_r_1_s_100_BSCRO395-24,BSCRO395-24,r_1_s_100_merge,>BSCRO395-24_r_1_s_100_BSCRO395-24_merge,2892423,PRD22827.1,superfamily:Araneoidea,,289,null,1623,0.0,55.0,24.05,26.0,null,null,null,null,null,null
BSCRO396-24_r_1.3_s_50_BSCRO396-24,BSCRO396-24,r_1.3_s_50_merge,>BSCRO396-24_r_1.3_s_50_BSCRO396-24_merge,2747120,QNV12043.1,subfamily:Linyphiinae,,560,null,1521,0.0,80.0,38.8,38.0,null,null,null,null,null,null
BSCRO444-24_r_1.5_s_100_BSCRO444-24,BSCRO444-24,r_1.5_s_100_merge,>BSCRO444-24_r_1.5_s_100_BSCRO444-24_merge,1654896,PRD22827.1,superfamily:Araneoidea,,38,null,1623,0.0,20.0,2.54,0.0,null,null,null,null,null,null
BSCRO431-24_r_1_s_100_BSCRO431-24,BSCRO431-24,r_1_s_100_merge,>BSCRO431-24_r_1_s_100_BSCRO431-24_merge,1419516,PRD22827.1,superfamily:Araneoidea,,1865,null,1623,0.0,255.0,155.28,177.0,null,null,null,null,null,null
BSCRO399-24_r_1_s_100_BSCRO399-24,BSCRO399-24,r_1_s_100_merge,>BSCRO399-24_r_1_s_100_BSCRO399-24_merge,3237715,YP_010545517.1,family:Theridiidae,,1307,null,1533,0.0,188.0,120.24,122.0,null,null,null,null,null,null
BSCRO406-24_r_1.5_s_50_BSCRO406-24,BSCRO406-24,r_1.5_s_50_merge,>BSCRO406-24_r_1.5_s_50_BSCRO406-24_merge,2716446,WWQ79001.1,superfamily:Leptonetoidea,,192,null,1551,0.0,50.0,11.51,5.0,null,null,null,null,null,null
BSCRO396-24_r_1.3_s_100_BSCRO396-24,BSCRO396-24,r_1.3_s_100_merge,>BSCRO396-24_r_1.3_s_100_BSCRO396-24_merge,2747120,QNV12043.1,subfamily:Linyphiinae,,433,null,1521,0.0,63.0,35.4,35.0,null,null,null,null,null,null
BSCRO442-24_r_1.3_s_50_BSCRO442-24,BSCRO442-24,r_1.3_s_50_merge,>BSCRO442-24_r_1.3_s_50_BSCRO442-24_merge,2721269,YP_009680079.1,family:Dysderidae,,1251,null,1530,5.0,218.0,80.79,78.0,null,null,null,null,null,null
BSCRO394-24_r_1.3_s_100_BSCRO394-24,BSCRO394-24,r_1.3_s_100_merge,>BSCRO394-24_r_1.3_s_100_BSCRO394-24_merge,3228881,XCA36587.1,family:Linyphiidae,,101,null,1533,0.0,30.0,7.92,7.0,null,null,null,null,null,null
BSCRO448-24_r_1.3_s_100_BSCRO448-24,BSCRO448-24,r_1.3_s_100_merge,>BSCRO448-24_r_1.3_s_100_BSCRO448-24_merge,1926205,XCA36587.1,family:Linyphiidae,,205,null,1533,0.0,28.0,14.37,15.0,null,null,null,null,null,null
BSCRO392-24_r_1_s_100_BSCRO392-24,BSCRO392-24,r_1_s_100_merge,>BSCRO392-24_r_1_s_100_BSCRO392-24_merge,3139650,YP_009349339.1,family:Agelenidae,,897,null,1536,0.0,232.0,83.17,72.0,null,null,null,null,null,null
BSCRO411-24_r_1.5_s_100_BSCRO411-24,BSCRO411-24,r_1.5_s_100_merge,>BSCRO411-24_r_1.5_s_100_BSCRO411-24_merge,3139650,YP_009349339.1,family:Agelenidae,,996,null,1536,0.0,167.0,93.74,107.0,null,null,null,null,null,null
BSCRO403-24_r_1.5_s_100_BSCRO403-24,BSCRO403-24,r_1.5_s_100_merge,>BSCRO403-24_r_1.5_s_100_BSCRO403-24_merge,2721256,YP_009680079.1,family:Dysderidae,,268,null,1530,0.0,65.0,18.77,14.0,null,null,null,null,null,null
BSCRO465-24_r_1.5_s_100_BSCRO465-24,BSCRO465-24,r_1.5_s_100_merge,>BSCRO465-24_r_1.5_s_100_BSCRO465-24_merge,1926205,XCA36587.1,family:Linyphiidae,,937,null,1533,0.0,121.0,81.05,84.0,null,null,null,null,null,null
BSCRO469-24_r_1.5_s_50_BSCRO469-24,BSCRO469-24,r_1.5_s_50_merge,>BSCRO469-24_r_1.5_s_50_BSCRO469-24_merge,3139660,XCA36587.1,family:Linyphiidae,,523,null,1533,0.0,69.0,26.63,24.0,null,null,null,null,null,null
BSCRO416-24_r_1_s_50_BSCRO416-24,BSCRO416-24,r_1_s_50_merge,>BSCRO416-24_r_1_s_50_BSCRO416-24_merge,2766751,WWQ79001.1,superfamily:Leptonetoidea,,4844,null,1551,0.0,784.0,409.57,414.0,null,null,null,null,null,null
BSCRO446-24_r_1_s_100_BSCRO446-24,BSCRO446-24,r_1_s_100_merge,>BSCRO446-24_r_1_s_100_BSCRO446-24_merge,2734922,XAW19444.1,genus:Cheiracanthium,,108,null,1536,0.0,25.0,8.33,8.0,null,null,null,null,null,null
BSCRO437-24_r_1.5_s_50_BSCRO437-24,BSCRO437-24,r_1.5_s_50_merge,>BSCRO437-24_r_1.5_s_50_BSCRO437-24_merge,1959301,PRD22827.1,superfamily:Araneoidea,,315,null,1623,0.0,128.0,21.72,6.0,null,null,null,null,null,null
BSCRO381-24_r_1_s_100_BSCRO381-24,BSCRO381-24,r_1_s_100_merge,>BSCRO381-24_r_1_s_100_BSCRO381-24_merge,3139648,YP_009680079.1,family:Dysderidae,,0,null,1530,0.0,0.0,0.0,0.0,null,null,null,null,null,null
BSCRO453-24_r_1.5_s_100_BSCRO453-24,BSCRO453-24,r_1.5_s_100_merge,>BSCRO453-24_r_1.5_s_100_BSCRO453-24_merge,1395086,YP_009680079.1,family:Dysderidae,,466,null,1530,0.0,75.0,38.21,40.0,null,null,null,null,null,null
BSCRO403-24_r_1.3_s_50_BSCRO403-24,BSCRO403-24,r_1.3_s_50_merge,>BSCRO403-24_r_1.3_s_50_BSCRO403-24_merge,2721256,YP_009680079.1,family:Dysderidae,,750,null,1530,0.0,94.0,42.35,42.0,null,null,null,null,null,null
BSCRO419-24_r_1_s_50_BSCRO419-24,BSCRO419-24,r_1_s_50_merge,>BSCRO419-24_r_1_s_50_BSCRO419-24_merge,1907062,XCA36587.1,subfamily:Erigoninae,,333,null,1533,0.0,84.0,16.84,13.0,null,null,null,null,null,null
BSCRO453-24_r_1_s_100_BSCRO453-24,BSCRO453-24,r_1_s_100_merge,>BSCRO453-24_r_1_s_100_BSCRO453-24_merge,1395086,YP_009680079.1,family:Dysderidae,,622,null,1530,19.0,80.0,50.16,50.0,null,null,null,null,null,null
BSCRO398-24_r_1_s_50_BSCRO398-24,BSCRO398-24,r_1_s_50_merge,>BSCRO398-24_r_1_s_50_BSCRO398-24_merge,2721269,YP_009680079.1,family:Dysderidae,,677,null,1530,2.0,105.0,44.22,42.0,null,null,null,null,null,null
BSCRO462-24_r_1.5_s_100_BSCRO462-24,BSCRO462-24,r_1.5_s_100_merge,>BSCRO462-24_r_1.5_s_100_BSCRO462-24_merge,3139648,YP_009680079.1,family:Dysderidae,,153,null,1530,0.0,87.0,10.89,0.0,null,null,null,null,null,null
BSCRO417-24_r_1.3_s_50_BSCRO417-24,BSCRO417-24,r_1.3_s_50_merge,>BSCRO417-24_r_1.3_s_50_BSCRO417-24_merge,1419516,PRD22827.1,superfamily:Araneoidea,,327,null,1623,0.0,90.0,21.52,16.0,null,null,null,null,null,null
BSCRO403-24_r_1.3_s_100_BSCRO403-24,BSCRO403-24,r_1.3_s_100_merge,>BSCRO403-24_r_1.3_s_100_BSCRO403-24_merge,2721256,YP_009680079.1,family:Dysderidae,,474,null,1530,0.0,84.0,34.81,35.0,null,null,null,null,null,null
BSCRO456-24_r_1_s_100_BSCRO456-24,BSCRO456-24,r_1_s_100_merge,>BSCRO456-24_r_1_s_100_BSCRO456-24_merge,3139660,XCA36587.1,family:Linyphiidae,,948,null,1533,0.0,120.0,73.56,72.0,null,null,null,null,null,null
BSCRO402-24_r_1.3_s_50_BSCRO402-24,BSCRO402-24,r_1.3_s_50_merge,>BSCRO402-24_r_1.3_s_50_BSCRO402-24_merge,2721255,YP_009680079.1,family:Dysderidae,,121,null,1530,0.0,37.0,10.08,6.0,null,null,null,null,null,null
BSCRO385-24_r_1.5_s_50_BSCRO385-24,BSCRO385-24,r_1.5_s_50_merge,>BSCRO385-24_r_1.5_s_50_BSCRO385-24_merge,2747120,QNV12043.1,subfamily:Linyphiinae,,753,null,1521,0.0,149.0,67.76,64.0,null,null,null,null,null,null
BSCRO402-24_r_1.3_s_100_BSCRO402-24,BSCRO402-24,r_1.3_s_100_merge,>BSCRO402-24_r_1.3_s_100_BSCRO402-24_merge,2721255,YP_009680079.1,family:Dysderidae,,99,null,1530,0.0,37.0,9.43,5.0,null,null,null,null,null,null
BSCRO436-24_r_1.3_s_100_BSCRO436-24,BSCRO436-24,r_1.3_s_100_merge,>BSCRO436-24_r_1.3_s_100_BSCRO436-24_merge,3139668,YP_009349339.1,family:Agelenidae,,244,null,1536,1.0,33.0,21.12,22.0,null,null,null,null,null,null
BSCRO468-24_r_1_s_50_BSCRO468-24,BSCRO468-24,r_1_s_50_merge,>BSCRO468-24_r_1_s_50_BSCRO468-24_merge,3139653,YP_009349339.1,family:Agelenidae,,728,null,1536,20.0,75.0,40.34,40.0,null,null,null,null,null,null
BSCRO441-24_r_1.3_s_100_BSCRO441-24,BSCRO441-24,r_1.3_s_100_merge,>BSCRO441-24_r_1.3_s_100_BSCRO441-24_merge,2747156,XRO44683.1,genus:Zoropsis,,2745,null,1536,0.0,349.0,249.72,250.0,null,null,null,null,null,null
BSCRO426-24_r_1.5_s_50_BSCRO426-24,BSCRO426-24,r_1.5_s_50_merge,>BSCRO426-24_r_1.5_s_50_BSCRO426-24_merge,1419516,PRD22827.1,superfamily:Araneoidea,,754,null,1623,0.0,307.0,50.85,15.0,null,null,null,null,null,null
BSCRO422-24_r_1_s_50_BSCRO422-24,BSCRO422-24,r_1_s_50_merge,>BSCRO422-24_r_1_s_50_BSCRO422-24_merge,1959304,PRD22827.1,superfamily:Araneoidea,,964,null,1623,0.0,125.0,69.1,81.0,null,null,null,null,null,null
BSCRO471-24_r_1.5_s_100_BSCRO471-24,BSCRO471-24,r_1.5_s_100_merge,>BSCRO471-24_r_1.5_s_100_BSCRO471-24_merge,2970455,YP_009349339.1,family:Agelenidae,,533,null,1536,0.0,66.0,42.51,45.0,null,null,null,null,null,null
BSCRO396-24_r_1.5_s_50_BSCRO396-24,BSCRO396-24,r_1.5_s_50_merge,>BSCRO396-24_r_1.5_s_50_BSCRO396-24_merge,2747120,QNV12043.1,subfamily:Linyphiinae,,403,null,1521,0.0,72.0,28.4,28.0,null,null,null,null,null,null
BSCRO397-24_r_1.3_s_100_BSCRO397-24,BSCRO397-24,r_1.3_s_100_merge,>BSCRO397-24_r_1.3_s_100_BSCRO397-24_merge,3139669,YP_009349339.1,family:Agelenidae,,503,null,1536,0.0,197.0,45.94,33.0,null,null,null,null,null,null
BSCRO412-24_r_1.5_s_100_BSCRO412-24,BSCRO412-24,r_1.5_s_100_merge,>BSCRO412-24_r_1.5_s_100_BSCRO412-24_merge,2721269,YP_009680079.1,family:Dysderidae,,110,null,1530,0.0,22.0,9.08,7.0,null,null,null,null,null,null
BSCRO461-24_r_1_s_100_BSCRO461-24,BSCRO461-24,r_1_s_100_merge,>BSCRO461-24_r_1_s_100_BSCRO461-24_merge,2721252,YP_009680079.1,family:Dysderidae,,500,null,1530,0.0,62.0,39.1,39.0,null,null,null,null,null,null
BSCRO475-24_r_1.5_s_50_BSCRO475-24,BSCRO475-24,r_1.5_s_50_merge,>BSCRO475-24_r_1.5_s_50_BSCRO475-24_merge,2970455,YP_009349339.1,family:Agelenidae,,348,null,1536,0.0,151.0,24.04,7.0,null,null,null,null,null,null
BSCRO400-24_r_1_s_100_BSCRO400-24,BSCRO400-24,r_1_s_100_merge,>BSCRO400-24_r_1_s_100_BSCRO400-24_merge,2766751,WWQ79001.1,superfamily:Leptonetoidea,,934,null,1551,0.0,189.0,96.31,98.0,null,null,null,null,null,null
BSCRO451-24_r_1.3_s_100_BSCRO451-24,BSCRO451-24,r_1.3_s_100_merge,>BSCRO451-24_r_1.3_s_100_BSCRO451-24_merge,3228881,XCA36587.1,family:Linyphiidae,,1267,null,1533,0.0,185.0,121.63,119.0,null,null,null,null,null,null
BSCRO407-24_r_1_s_50_BSCRO407-24,BSCRO407-24,r_1_s_50_merge,>BSCRO407-24_r_1_s_50_BSCRO407-24_merge,2721249,YP_009680079.1,family:Dysderidae,,730,null,1530,6.0,320.0,29.94,20.0,null,null,null,null,null,null
BSCRO417-24_r_1_s_100_BSCRO417-24,BSCRO417-24,r_1_s_100_merge,>BSCRO417-24_r_1_s_100_BSCRO417-24_merge,1419516,PRD22827.1,superfamily:Araneoidea,,430,null,1623,0.0,87.0,40.23,47.0,null,null,null,null,null,null
BSCRO410-24_r_1_s_100_BSCRO410-24,BSCRO410-24,r_1_s_100_merge,>BSCRO410-24_r_1_s_100_BSCRO410-24_merge,2716446,WWQ79001.1,superfamily:Leptonetoidea,,673,null,1551,0.0,135.0,57.39,59.0,null,null,null,null,null,null
BSCRO459-24_r_1.3_s_50_BSCRO459-24,BSCRO459-24,r_1.3_s_50_merge,>BSCRO459-24_r_1.3_s_50_BSCRO459-24_merge,1872039,YP_009680079.1,family:Dysderidae,,2500,null,1530,7.0,759.0,132.41,123.0,null,null,null,null,null,null
BSCRO464-24_r_1.3_s_100_BSCRO464-24,BSCRO464-24,r_1.3_s_100_merge,>BSCRO464-24_r_1.3_s_100_BSCRO464-24_merge,1926205,XCA36587.1,family:Linyphiidae,,350,null,1533,0.0,45.0,22.85,24.0,null,null,null,null,null,null
BSCRO407-24_r_1_s_100_BSCRO407-24,BSCRO407-24,r_1_s_100_merge,>BSCRO407-24_r_1_s_100_BSCRO407-24_merge,2721249,YP_009680079.1,family:Dysderidae,,167,null,1530,5.0,24.0,14.77,15.0,null,null,null,null,null,null
BSCRO417-24_r_1.5_s_100_BSCRO417-24,BSCRO417-24,r_1.5_s_100_merge,>BSCRO417-24_r_1.5_s_100_BSCRO417-24_merge,1419516,PRD22827.1,superfamily:Araneoidea,,80,null,1623,0.0,45.0,6.41,1.0,null,null,null,null,null,null
BSCRO391-24_r_1.5_s_100_BSCRO391-24,BSCRO391-24,r_1.5_s_100_merge,>BSCRO391-24_r_1.5_s_100_BSCRO391-24_merge,3139650,YP_009349339.1,family:Agelenidae,,174,null,1536,0.0,81.0,18.38,0.0,null,null,null,null,null,null
BSCRO445-24_r_1_s_50_BSCRO445-24,BSCRO445-24,r_1_s_50_merge,>BSCRO445-24_r_1_s_50_BSCRO445-24_merge,1959301,PRD22827.1,superfamily:Araneoidea,,232,null,1623,0.0,35.0,9.66,8.0,null,null,null,null,null,null
BSCRO462-24_r_1_s_50_BSCRO462-24,BSCRO462-24,r_1_s_50_merge,>BSCRO462-24_r_1_s_50_BSCRO462-24_merge,3139648,YP_009680079.1,family:Dysderidae,,987,null,1530,0.0,168.0,73.56,77.0,null,null,null,null,null,null
BSCRO413-24_r_1.5_s_100_BSCRO413-24,BSCRO413-24,r_1.5_s_100_merge,>BSCRO413-24_r_1.5_s_100_BSCRO413-24_merge,3139648,YP_009680079.1,family:Dysderidae,,20,null,1530,0.0,20.0,1.96,0.0,null,null,null,null,null,null
BSCRO446-24_r_1_s_50_BSCRO446-24,BSCRO446-24,r_1_s_50_merge,>BSCRO446-24_r_1_s_50_BSCRO446-24_merge,2734922,XAW19444.1,genus:Cheiracanthium,,204,null,1536,0.0,28.0,11.16,11.0,null,null,null,null,null,null
BSCRO430-24_r_1.3_s_100_BSCRO430-24,BSCRO430-24,r_1.3_s_100_merge,>BSCRO430-24_r_1.3_s_100_BSCRO430-24_merge,3139653,YP_009349339.1,family:Agelenidae,,146,null,1536,0.0,21.0,11.45,12.0,null,null,null,null,null,null
BSCRO395-24_r_1.5_s_50_BSCRO395-24,BSCRO395-24,r_1.5_s_50_merge,>BSCRO395-24_r_1.5_s_50_BSCRO395-24_merge,2892423,PRD22827.1,superfamily:Araneoidea,,132,null,1623,0.0,40.0,6.9,2.0,null,null,null,null,null,null
BSCRO425-24_r_1_s_100_BSCRO425-24,BSCRO425-24,r_1_s_100_merge,>BSCRO425-24_r_1_s_100_BSCRO425-24_merge,1419516,PRD22827.1,superfamily:Araneoidea,,477,null,1623,0.0,80.0,42.7,48.0,null,null,null,null,null,null
BSCRO441-24_r_1.5_s_100_BSCRO441-24,BSCRO441-24,r_1.5_s_100_merge,>BSCRO441-24_r_1.5_s_100_BSCRO441-24_merge,2747156,XRO44683.1,genus:Zoropsis,,2517,null,1536,0.0,323.0,227.83,230.0,null,null,null,null,null,null
BSCRO441-24_r_1.3_s_50_BSCRO441-24,BSCRO441-24,r_1.3_s_50_merge,>BSCRO441-24_r_1.3_s_50_BSCRO441-24_merge,2747156,XRO44683.1,genus:Zoropsis,,3029,null,1536,0.0,359.0,257.49,258.5,null,null,null,null,null,null
BSCRO461-24_r_1_s_50_BSCRO461-24,BSCRO461-24,r_1_s_50_merge,>BSCRO461-24_r_1_s_50_BSCRO461-24_merge,2721252,YP_009680079.1,family:Dysderidae,,763,null,1530,2.0,75.0,47.3,46.0,null,null,null,null,null,null
BSCRO384-24_r_1.5_s_50_BSCRO384-24,BSCRO384-24,r_1.5_s_50_merge,>BSCRO384-24_r_1.5_s_50_BSCRO384-24_merge,2721269,YP_009680079.1,family:Dysderidae,,792,null,1530,0.0,235.0,68.26,61.0,null,null,null,null,null,null
BSCRO437-24_r_1.5_s_100_BSCRO437-24,BSCRO437-24,r_1.5_s_100_merge,>BSCRO437-24_r_1.5_s_100_BSCRO437-24_merge,1959301,PRD22827.1,superfamily:Araneoidea,,275,null,1623,0.0,121.0,20.81,4.0,null,null,null,null,null,null
BSCRO460-24_r_1_s_50_BSCRO460-24,BSCRO460-24,r_1_s_50_merge,>BSCRO460-24_r_1_s_50_BSCRO460-24_merge,2689247,XCA36587.1,family:Linyphiidae,,1217,null,1533,5.0,139.0,104.69,107.0,null,null,null,null,null,null
BSCRO410-24_r_1.3_s_100_BSCRO410-24,BSCRO410-24,r_1.3_s_100_merge,>BSCRO410-24_r_1.3_s_100_BSCRO410-24_merge,2716446,WWQ79001.1,superfamily:Leptonetoidea,,267,null,1551,0.0,98.0,20.61,13.0,null,null,null,null,null,null
BSCRO415-24_r_1.5_s_100_BSCRO415-24,BSCRO415-24,r_1.5_s_100_merge,>BSCRO415-24_r_1.5_s_100_BSCRO415-24_merge,2747120,QNV12043.1,subfamily:Linyphiinae,,748,null,1521,0.0,110.0,52.71,54.0,null,null,null,null,null,null
BSCRO408-24_r_1.5_s_100_BSCRO408-24,BSCRO408-24,r_1.5_s_100_merge,>BSCRO408-24_r_1.5_s_100_BSCRO408-24_merge,3228881,XCA36587.1,family:Linyphiidae,,505,null,1533,0.0,72.0,42.72,43.0,null,null,null,null,null,null
BSCRO381-24_r_1.5_s_50_BSCRO381-24,BSCRO381-24,r_1.5_s_50_merge,>BSCRO381-24_r_1.5_s_50_BSCRO381-24_merge,3139648,YP_009680079.1,family:Dysderidae,,0,null,1530,0.0,0.0,0.0,0.0,null,null,null,null,null,null
BSCRO468-24_r_1.3_s_100_BSCRO468-24,BSCRO468-24,r_1.3_s_100_merge,>BSCRO468-24_r_1.3_s_100_BSCRO468-24_merge,3139653,YP_009349339.1,family:Agelenidae,,391,null,1536,12.0,45.0,29.96,30.0,null,null,null,null,null,null
BSCRO444-24_r_1.3_s_100_BSCRO444-24,BSCRO444-24,r_1.3_s_100_merge,>BSCRO444-24_r_1.3_s_100_BSCRO444-24_merge,1654896,PRD22827.1,superfamily:Araneoidea,,62,null,1623,0.0,21.0,4.47,2.0,null,null,null,null,null,null
BSCRO472-24_r_1.5_s_100_BSCRO472-24,BSCRO472-24,r_1.5_s_100_merge,>BSCRO472-24_r_1.5_s_100_BSCRO472-24_merge,3139660,XCA36587.1,family:Linyphiidae,,340,null,1533,0.0,52.0,29.62,29.0,null,null,null,null,null,null
BSCRO410-24_r_1.3_s_50_BSCRO410-24,BSCRO410-24,r_1.3_s_50_merge,>BSCRO410-24_r_1.3_s_50_BSCRO410-24_merge,2716446,WWQ79001.1,superfamily:Leptonetoidea,,347,null,1551,0.0,102.0,23.44,16.0,null,null,null,null,null,null
BSCRO473-24_r_1_s_50_BSCRO473-24,BSCRO473-24,r_1_s_50_merge,>BSCRO473-24_r_1_s_50_BSCRO473-24_merge,3139653,YP_009349339.1,family:Agelenidae,,1457,null,1536,0.0,250.0,118.98,123.0,null,null,null,null,null,null
BSCRO400-24_r_1_s_50_BSCRO400-24,BSCRO400-24,r_1_s_50_merge,>BSCRO400-24_r_1_s_50_BSCRO400-24_merge,2766751,WWQ79001.1,superfamily:Leptonetoidea,,1208,null,1551,0.0,208.0,105.07,105.0,null,null,null,null,null,null
BSCRO441-24_r_1_s_50_BSCRO441-24,BSCRO441-24,r_1_s_50_merge,>BSCRO441-24_r_1_s_50_BSCRO441-24_merge,2747156,XRO44683.1,genus:Zoropsis,,3340,null,1536,0.0,401.0,272.05,273.0,null,null,null,null,null,null
BSCRO433-24_r_1_s_50_BSCRO433-24,BSCRO433-24,r_1_s_50_merge,>BSCRO433-24_r_1_s_50_BSCRO433-24_merge,2716446,WWQ79001.1,superfamily:Leptonetoidea,,332,null,1551,0.0,36.0,16.7,16.0,null,null,null,null,null,null
BSCRO404-24_r_1_s_100_BSCRO404-24,BSCRO404-24,r_1_s_100_merge,>BSCRO404-24_r_1_s_100_BSCRO404-24_merge,2721249,YP_009680079.1,family:Dysderidae,,379,null,1530,1.0,55.0,27.99,26.0,null,null,null,null,null,null
BSCRO394-24_r_1_s_100_BSCRO394-24,BSCRO394-24,r_1_s_100_merge,>BSCRO394-24_r_1_s_100_BSCRO394-24_merge,3228881,XCA36587.1,family:Linyphiidae,,141,null,1533,0.0,30.0,11.71,11.0,null,null,null,null,null,null
BSCRO390-24_r_1.5_s_50_BSCRO390-24,BSCRO390-24,r_1.5_s_50_merge,>BSCRO390-24_r_1.5_s_50_BSCRO390-24_merge,2747120,QNV12043.1,subfamily:Linyphiinae,,135,null,1521,0.0,31.0,8.07,6.0,null,null,null,null,null,null
BSCRO456-24_r_1.5_s_50_BSCRO456-24,BSCRO456-24,r_1.5_s_50_merge,>BSCRO456-24_r_1.5_s_50_BSCRO456-24_merge,3139660,XCA36587.1,family:Linyphiidae,,997,null,1533,0.0,123.0,70.97,71.0,null,null,null,null,null,null
BSCRO474-24_r_1.5_s_50_BSCRO474-24,BSCRO474-24,r_1.5_s_50_merge,>BSCRO474-24_r_1.5_s_50_BSCRO474-24_merge,1872039,YP_009680079.1,family:Dysderidae,,412,null,1530,0.0,158.0,23.97,12.0,null,null,null,null,null,null
BSCRO418-24_r_1_s_100_BSCRO418-24,BSCRO418-24,r_1_s_100_merge,>BSCRO418-24_r_1_s_100_BSCRO418-24_merge,1109451,QNV12118.1,genus:Amaurobius,,822,null,1536,0.0,189.0,73.87,66.0,null,null,null,null,null,null
BSCRO386-24_r_1_s_50_BSCRO386-24,BSCRO386-24,r_1_s_50_merge,>BSCRO386-24_r_1_s_50_BSCRO386-24_merge,2747120,QNV12043.1,subfamily:Linyphiinae,,1392,null,1521,0.0,503.0,87.59,80.0,null,null,null,null,null,null
BSCRO448-24_r_1_s_50_BSCRO448-24,BSCRO448-24,r_1_s_50_merge,>BSCRO448-24_r_1_s_50_BSCRO448-24_merge,1926205,XCA36587.1,family:Linyphiidae,,361,null,1533,0.0,37.0,19.39,19.0,null,null,null,null,null,null
BSCRO461-24_r_1.5_s_50_BSCRO461-24,BSCRO461-24,r_1.5_s_50_merge,>BSCRO461-24_r_1.5_s_50_BSCRO461-24_merge,2721252,YP_009680079.1,family:Dysderidae,,344,null,1530,0.0,61.0,23.68,21.0,null,null,null,null,null,null
BSCRO386-24_r_1.5_s_100_BSCRO386-24,BSCRO386-24,r_1.5_s_100_merge,>BSCRO386-24_r_1.5_s_100_BSCRO386-24_merge,2747120,QNV12043.1,subfamily:Linyphiinae,,544,null,1521,0.0,90.0,54.08,55.0,null,null,null,null,null,null
BSCRO463-24_r_1.3_s_100_BSCRO463-24,BSCRO463-24,r_1.3_s_100_merge,>BSCRO463-24_r_1.3_s_100_BSCRO463-24_merge,2721269,YP_009680079.1,family:Dysderidae,,445,null,1530,0.0,162.0,39.64,20.0,null,null,null,null,null,null
BSCRO402-24_r_1.5_s_100_BSCRO402-24,BSCRO402-24,r_1.5_s_100_merge,>BSCRO402-24_r_1.5_s_100_BSCRO402-24_merge,2721255,YP_009680079.1,family:Dysderidae,,61,null,1530,0.0,37.0,5.41,0.0,null,null,null,null,null,null
BSCRO384-24_r_1.5_s_100_BSCRO384-24,BSCRO384-24,r_1.5_s_100_merge,>BSCRO384-24_r_1.5_s_100_BSCRO384-24_merge,2721269,YP_009680079.1,family:Dysderidae,,664,null,1530,0.0,176.0,64.89,60.0,null,null,null,null,null,null
BSCRO418-24_r_1.5_s_100_BSCRO418-24,BSCRO418-24,r_1.5_s_100_merge,>BSCRO418-24_r_1.5_s_100_BSCRO418-24_merge,1109451,QNV12118.1,genus:Amaurobius,,359,null,1536,0.0,126.0,29.41,19.0,null,null,null,null,null,null
BSCRO385-24_r_1.3_s_50_BSCRO385-24,BSCRO385-24,r_1.3_s_50_merge,>BSCRO385-24_r_1.3_s_50_BSCRO385-24_merge,2747120,QNV12043.1,subfamily:Linyphiinae,,940,null,1521,0.0,172.0,82.35,83.0,null,null,null,null,null,null
BSCRO410-24_r_1.5_s_50_BSCRO410-24,BSCRO410-24,r_1.5_s_50_merge,>BSCRO410-24_r_1.5_s_50_BSCRO410-24_merge,2716446,WWQ79001.1,superfamily:Leptonetoidea,,149,null,1551,0.0,80.0,8.9,2.0,null,null,null,null,null,null
BSCRO418-24_r_1.5_s_50_BSCRO418-24,BSCRO418-24,r_1.5_s_50_merge,>BSCRO418-24_r_1.5_s_50_BSCRO418-24_merge,1109451,QNV12118.1,genus:Amaurobius,,457,null,1536,0.0,131.0,31.97,21.0,null,null,null,null,null,null
BSCRO450-24_r_1.3_s_100_BSCRO450-24,BSCRO450-24,r_1.3_s_100_merge,>BSCRO450-24_r_1.3_s_100_BSCRO450-24_merge,2721269,YP_009680079.1,family:Dysderidae,,177,null,1530,0.0,67.0,18.11,15.0,null,null,null,null,null,null
BSCRO427-24_r_1.5_s_50_BSCRO427-24,BSCRO427-24,r_1.5_s_50_merge,>BSCRO427-24_r_1.5_s_50_BSCRO427-24_merge,3139652,YP_009349339.1,family:Agelenidae,,485,null,1536,3.0,76.0,49.34,51.0,null,null,null,null,null,null
BSCRO394-24_r_1.3_s_50_BSCRO394-24,BSCRO394-24,r_1.3_s_50_merge,>BSCRO394-24_r_1.3_s_50_BSCRO394-24_merge,3228881,XCA36587.1,family:Linyphiidae,,161,null,1533,0.0,31.0,9.64,9.0,null,null,null,null,null,null
BSCRO457-24_r_1.3_s_50_BSCRO457-24,BSCRO457-24,r_1.3_s_50_merge,>BSCRO457-24_r_1.3_s_50_BSCRO457-24_merge,2721249,YP_009680079.1,family:Dysderidae,,459,null,1530,0.0,61.0,21.87,20.0,null,null,null,null,null,null
BSCRO453-24_r_1.5_s_50_BSCRO453-24,BSCRO453-24,r_1.5_s_50_merge,>BSCRO453-24_r_1.5_s_50_BSCRO453-24_merge,1395086,YP_009680079.1,family:Dysderidae,,750,null,1530,0.0,237.0,44.57,43.0,null,null,null,null,null,null
BSCRO388-24_r_1.3_s_50_BSCRO388-24,BSCRO388-24,r_1.3_s_50_merge,>BSCRO388-24_r_1.3_s_50_BSCRO388-24_merge,2721269,YP_009680079.1,family:Dysderidae,,432,null,1530,0.0,142.0,35.02,13.0,null,null,null,null,null,null
BSCRO413-24_r_1.5_s_50_BSCRO413-24,BSCRO413-24,r_1.5_s_50_merge,>BSCRO413-24_r_1.5_s_50_BSCRO413-24_merge,3139648,YP_009680079.1,family:Dysderidae,,57,null,1530,0.0,36.0,3.04,0.0,null,null,null,null,null,null
BSCRO449-24_r_1.5_s_100_BSCRO449-24,BSCRO449-24,r_1.5_s_100_merge,>BSCRO449-24_r_1.5_s_100_BSCRO449-24_merge,2721269,YP_009680079.1,family:Dysderidae,,75,null,1530,0.0,43.0,6.37,0.0,null,null,null,null,null,null
BSCRO388-24_r_1.5_s_50_BSCRO388-24,BSCRO388-24,r_1.5_s_50_merge,>BSCRO388-24_r_1.5_s_50_BSCRO388-24_merge,2721269,YP_009680079.1,family:Dysderidae,,190,null,1530,0.0,84.0,14.53,0.0,null,null,null,null,null,null
BSCRO460-24_r_1_s_100_BSCRO460-24,BSCRO460-24,r_1_s_100_merge,>BSCRO460-24_r_1_s_100_BSCRO460-24_merge,2689247,XCA36587.1,family:Linyphiidae,,996,null,1533,0.0,139.0,98.36,100.0,null,null,null,null,null,null
BSCRO427-24_r_1.3_s_50_BSCRO427-24,BSCRO427-24,r_1.3_s_50_merge,>BSCRO427-24_r_1.3_s_50_BSCRO427-24_merge,3139652,YP_009349339.1,family:Agelenidae,,525,null,1536,18.0,80.0,53.46,55.0,null,null,null,null,null,null
BSCRO443-24_r_1.3_s_50_BSCRO443-24,BSCRO443-24,r_1.3_s_50_merge,>BSCRO443-24_r_1.3_s_50_BSCRO443-24_merge,1654896,PRD22827.1,superfamily:Araneoidea,,145,null,1623,0.0,27.0,7.67,7.0,null,null,null,null,null,null
BSCRO456-24_r_1.3_s_50_BSCRO456-24,BSCRO456-24,r_1.3_s_50_merge,>BSCRO456-24_r_1.3_s_50_BSCRO456-24_merge,3139660,XCA36587.1,family:Linyphiidae,,1112,null,1533,0.0,129.0,77.76,75.0,null,null,null,null,null,null
BSCRO406-24_r_1.3_s_50_BSCRO406-24,BSCRO406-24,r_1.3_s_50_merge,>BSCRO406-24_r_1.3_s_50_BSCRO406-24_merge,2716446,WWQ79001.1,superfamily:Leptonetoidea,,411,null,1551,0.0,93.0,28.98,26.0,null,null,null,null,null,null
BSCRO415-24_r_1_s_50_BSCRO415-24,BSCRO415-24,r_1_s_50_merge,>BSCRO415-24_r_1_s_50_BSCRO415-24_merge,2747120,QNV12043.1,subfamily:Linyphiinae,,1602,null,1521,0.0,222.0,124.09,118.0,null,null,null,null,null,null
BSCRO420-24_r_1_s_50_BSCRO420-24,BSCRO420-24,r_1_s_50_merge,>BSCRO420-24_r_1_s_50_BSCRO420-24_merge,933043,XCA36587.1,family:Linyphiidae,,7087,null,1533,0.0,812.0,541.63,579.0,null,null,null,null,null,null
BSCRO435-24_r_1_s_50_BSCRO435-24,BSCRO435-24,r_1_s_50_merge,>BSCRO435-24_r_1_s_50_BSCRO435-24_merge,3139669,YP_009349339.1,family:Agelenidae,,1441,null,1536,0.0,265.0,126.86,129.0,null,null,null,null,null,null
BSCRO426-24_r_1.5_s_100_BSCRO426-24,BSCRO426-24,r_1.5_s_100_merge,>BSCRO426-24_r_1.5_s_100_BSCRO426-24_merge,1419516,PRD22827.1,superfamily:Araneoidea,,613,null,1623,0.0,301.0,47.46,7.0,null,null,null,null,null,null
BSCRO446-24_r_1.3_s_100_BSCRO446-24,BSCRO446-24,r_1.3_s_100_merge,>BSCRO446-24_r_1.3_s_100_BSCRO446-24_merge,2734922,XAW19444.1,genus:Cheiracanthium,,91,null,1536,0.0,20.0,6.48,6.0,null,null,null,null,null,null
BSCRO401-24_r_1.5_s_100_BSCRO401-24,BSCRO401-24,r_1.5_s_100_merge,>BSCRO401-24_r_1.5_s_100_BSCRO401-24_merge,2721249,YP_009680079.1,family:Dysderidae,,636,null,1530,0.0,165.0,62.44,58.0,null,null,null,null,null,null
BSCRO398-24_r_1.3_s_50_BSCRO398-24,BSCRO398-24,r_1.3_s_50_merge,>BSCRO398-24_r_1.3_s_50_BSCRO398-24_merge,2721269,YP_009680079.1,family:Dysderidae,,438,null,1530,2.0,65.0,34.09,35.0,null,null,null,null,null,null
BSCRO398-24_r_1.3_s_100_BSCRO398-24,BSCRO398-24,r_1.3_s_100_merge,>BSCRO398-24_r_1.3_s_100_BSCRO398-24_merge,2721269,YP_009680079.1,family:Dysderidae,,330,null,1530,0.0,49.0,31.41,33.0,null,null,null,null,null,null
BSCRO409-24_r_1.3_s_50_BSCRO409-24,BSCRO409-24,r_1.3_s_50_merge,>BSCRO409-24_r_1.3_s_50_BSCRO409-24_merge,3228881,XCA36587.1,family:Linyphiidae,,1389,null,1533,0.0,216.0,117.33,119.0,null,null,null,null,null,null
BSCRO398-24_r_1.5_s_100_BSCRO398-24,BSCRO398-24,r_1.5_s_100_merge,>BSCRO398-24_r_1.5_s_100_BSCRO398-24_merge,2721269,YP_009680079.1,family:Dysderidae,,203,null,1530,0.0,48.0,18.95,19.0,null,null,null,null,null,null
BSCRO431-24_r_1.5_s_50_BSCRO431-24,BSCRO431-24,r_1.5_s_50_merge,>BSCRO431-24_r_1.5_s_50_BSCRO431-24_merge,1419516,PRD22827.1,superfamily:Araneoidea,,585,null,1623,0.0,243.0,36.65,12.0,null,null,null,null,null,null
BSCRO452-24_r_1_s_50_BSCRO452-24,BSCRO452-24,r_1_s_50_merge,>BSCRO452-24_r_1_s_50_BSCRO452-24_merge,1959301,PRD22827.1,superfamily:Araneoidea,,715,null,1623,0.0,110.0,51.34,53.0,null,null,null,null,null,null
BSCRO474-24_r_1_s_50_BSCRO474-24,BSCRO474-24,r_1_s_50_merge,>BSCRO474-24_r_1_s_50_BSCRO474-24_merge,1872039,YP_009680079.1,family:Dysderidae,,1345,null,1530,11.0,404.0,98.4,91.0,null,null,null,null,null,null
BSCRO409-24_r_1_s_100_BSCRO409-24,BSCRO409-24,r_1_s_100_merge,>BSCRO409-24_r_1_s_100_BSCRO409-24_merge,3228881,XCA36587.1,family:Linyphiidae,,1364,null,1533,0.0,220.0,128.1,131.0,null,null,null,null,null,null
BSCRO415-24_r_1.3_s_100_BSCRO415-24,BSCRO415-24,r_1.3_s_100_merge,>BSCRO415-24_r_1.3_s_100_BSCRO415-24_merge,2747120,QNV12043.1,subfamily:Linyphiinae,,939,null,1521,0.0,127.0,67.13,68.0,null,null,null,null,null,null
BSCRO450-24_r_1.5_s_50_BSCRO450-24,BSCRO450-24,r_1.5_s_50_merge,>BSCRO450-24_r_1.5_s_50_BSCRO450-24_merge,2721269,YP_009680079.1,family:Dysderidae,,76,null,1530,0.0,35.0,5.51,0.5,null,null,null,null,null,null
BSCRO425-24_r_1.5_s_50_BSCRO425-24,BSCRO425-24,r_1.5_s_50_merge,>BSCRO425-24_r_1.5_s_50_BSCRO425-24_merge,1419516,PRD22827.1,superfamily:Araneoidea,,178,null,1623,0.0,74.0,11.16,5.0,null,null,null,null,null,null
BSCRO415-24_r_1_s_100_BSCRO415-24,BSCRO415-24,r_1_s_100_merge,>BSCRO415-24_r_1_s_100_BSCRO415-24_merge,2747120,QNV12043.1,subfamily:Linyphiinae,,1340,null,1521,0.0,212.0,115.54,112.0,null,null,null,null,null,null
BSCRO452-24_r_1.5_s_50_BSCRO452-24,BSCRO452-24,r_1.5_s_50_merge,>BSCRO452-24_r_1.5_s_50_BSCRO452-24_merge,1959301,PRD22827.1,superfamily:Araneoidea,,163,null,1623,0.0,56.0,10.08,2.0,null,null,null,null,null,null
BSCRO443-24_r_1.3_s_100_BSCRO443-24,BSCRO443-24,r_1.3_s_100_merge,>BSCRO443-24_r_1.3_s_100_BSCRO443-24_merge,1654896,PRD22827.1,superfamily:Araneoidea,,81,null,1623,0.0,18.0,5.94,5.0,null,null,null,null,null,null
BSCRO466-24_r_1.5_s_100_BSCRO466-24,BSCRO466-24,r_1.5_s_100_merge,>BSCRO466-24_r_1.5_s_100_BSCRO466-24_merge,2721252,YP_009680079.1,family:Dysderidae,,123,null,1530,0.0,25.0,9.34,9.0,null,null,null,null,null,null
BSCRO474-24_r_1_s_100_BSCRO474-24,BSCRO474-24,r_1_s_100_merge,>BSCRO474-24_r_1_s_100_BSCRO474-24_merge,1872039,YP_009680079.1,family:Dysderidae,,866,null,1530,11.0,244.0,85.06,81.0,null,null,null,null,null,null
BSCRO454-24_r_1.3_s_50_BSCRO454-24,BSCRO454-24,r_1.3_s_50_merge,>BSCRO454-24_r_1.3_s_50_BSCRO454-24_merge,1926205,XCA36587.1,family:Linyphiidae,,269,null,1533,0.0,87.0,21.02,17.0,null,null,null,null,null,null
BSCRO406-24_r_1.3_s_100_BSCRO406-24,BSCRO406-24,r_1.3_s_100_merge,>BSCRO406-24_r_1.3_s_100_BSCRO406-24_merge,2716446,WWQ79001.1,superfamily:Leptonetoidea,,282,null,1551,0.0,71.0,24.89,23.0,null,null,null,null,null,null
BSCRO387-24_r_1.5_s_50_BSCRO387-24,BSCRO387-24,r_1.5_s_50_merge,>BSCRO387-24_r_1.5_s_50_BSCRO387-24_merge,2689247,XCA36587.1,family:Linyphiidae,,245,null,1533,0.0,90.0,11.82,0.0,null,null,null,null,null,null
BSCRO464-24_r_1.5_s_100_BSCRO464-24,BSCRO464-24,r_1.5_s_100_merge,>BSCRO464-24_r_1.5_s_100_BSCRO464-24_merge,1926205,XCA36587.1,family:Linyphiidae,,273,null,1533,0.0,45.0,17.85,19.0,null,null,null,null,null,null
BSCRO461-24_r_1.3_s_100_BSCRO461-24,BSCRO461-24,r_1.3_s_100_merge,>BSCRO461-24_r_1.3_s_100_BSCRO461-24_merge,2721252,YP_009680079.1,family:Dysderidae,,471,null,1530,0.0,60.0,36.9,39.0,null,null,null,null,null,null
BSCRO447-24_r_1.3_s_50_BSCRO447-24,BSCRO447-24,r_1.3_s_50_merge,>BSCRO447-24_r_1.3_s_50_BSCRO447-24_merge,1959301,PRD22827.1,superfamily:Araneoidea,,232,null,1623,0.0,35.0,12.38,11.0,null,null,null,null,null,null
BSCRO418-24_r_1.3_s_50_BSCRO418-24,BSCRO418-24,r_1.3_s_50_merge,>BSCRO418-24_r_1.3_s_50_BSCRO418-24_merge,1109451,QNV12118.1,genus:Amaurobius,,608,null,1536,0.0,148.0,42.12,26.0,null,null,null,null,null,null
BSCRO471-24_r_1.3_s_50_BSCRO471-24,BSCRO471-24,r_1.3_s_50_merge,>BSCRO471-24_r_1.3_s_50_BSCRO471-24_merge,2970455,YP_009349339.1,family:Agelenidae,,740,null,1536,0.0,78.0,51.59,53.0,null,null,null,null,null,null
BSCRO392-24_r_1.5_s_50_BSCRO392-24,BSCRO392-24,r_1.5_s_50_merge,>BSCRO392-24_r_1.5_s_50_BSCRO392-24_merge,3139650,YP_009349339.1,family:Agelenidae,,501,null,1536,0.0,208.0,28.45,21.0,null,null,null,null,null,null
BSCRO436-24_r_1.5_s_50_BSCRO436-24,BSCRO436-24,r_1.5_s_50_merge,>BSCRO436-24_r_1.5_s_50_BSCRO436-24_merge,3139668,YP_009349339.1,family:Agelenidae,,241,null,1536,1.0,32.0,17.45,18.0,null,null,null,null,null,null
BSCRO436-24_r_1_s_50_BSCRO436-24,BSCRO436-24,r_1_s_50_merge,>BSCRO436-24_r_1_s_50_BSCRO436-24_merge,3139668,YP_009349339.1,family:Agelenidae,,469,null,1536,4.0,65.0,28.59,29.0,null,null,null,null,null,null
BSCRO459-24_r_1.3_s_100_BSCRO459-24,BSCRO459-24,r_1.3_s_100_merge,>BSCRO459-24_r_1.3_s_100_BSCRO459-24_merge,1872039,YP_009680079.1,family:Dysderidae,,1459,null,1530,6.0,186.0,103.87,108.5,null,null,null,null,null,null
BSCRO461-24_r_1.5_s_100_BSCRO461-24,BSCRO461-24,r_1.5_s_100_merge,>BSCRO461-24_r_1.5_s_100_BSCRO461-24_merge,2721252,YP_009680079.1,family:Dysderidae,,284,null,1530,0.0,60.0,21.9,19.0,null,null,null,null,null,null
BSCRO432-24_r_1.5_s_50_BSCRO432-24,BSCRO432-24,r_1.5_s_50_merge,>BSCRO432-24_r_1.5_s_50_BSCRO432-24_merge,3139650,YP_009349339.1,family:Agelenidae,,75,null,1536,0.0,13.0,3.91,3.0,null,null,null,null,null,null
BSCRO457-24_r_1.5_s_100_BSCRO457-24,BSCRO457-24,r_1.5_s_100_merge,>BSCRO457-24_r_1.5_s_100_BSCRO457-24_merge,2721249,YP_009680079.1,family:Dysderidae,,186,null,1530,0.0,39.0,11.03,9.0,null,null,null,null,null,null
BSCRO475-24_r_1.5_s_100_BSCRO475-24,BSCRO475-24,r_1.5_s_100_merge,>BSCRO475-24_r_1.5_s_100_BSCRO475-24_merge,2970455,YP_009349339.1,family:Agelenidae,,262,null,1536,0.0,150.0,21.7,0.0,null,null,null,null,null,null
BSCRO390-24_r_1.5_s_100_BSCRO390-24,BSCRO390-24,r_1.5_s_100_merge,>BSCRO390-24_r_1.5_s_100_BSCRO390-24_merge,2747120,QNV12043.1,subfamily:Linyphiinae,,99,null,1521,0.0,29.0,6.95,5.0,null,null,null,null,null,null
BSCRO448-24_r_1.3_s_50_BSCRO448-24,BSCRO448-24,r_1.3_s_50_merge,>BSCRO448-24_r_1.3_s_50_BSCRO448-24_merge,1926205,XCA36587.1,family:Linyphiidae,,267,null,1533,0.0,28.0,16.23,17.0,null,null,null,null,null,null
BSCRO472-24_r_1.3_s_100_BSCRO472-24,BSCRO472-24,r_1.3_s_100_merge,>BSCRO472-24_r_1.3_s_100_BSCRO472-24_merge,3139660,XCA36587.1,family:Linyphiidae,,376,null,1533,0.0,56.0,32.7,32.0,null,null,null,null,null,null
BSCRO424-24_r_1_s_100_BSCRO424-24,BSCRO424-24,r_1_s_100_merge,>BSCRO424-24_r_1_s_100_BSCRO424-24_merge,2721269,YP_009680079.1,family:Dysderidae,,210,null,1530,2.0,34.0,18.45,19.0,null,null,null,null,null,null
BSCRO396-24_r_1_s_50_BSCRO396-24,BSCRO396-24,r_1_s_50_merge,>BSCRO396-24_r_1_s_50_BSCRO396-24_merge,2747120,QNV12043.1,subfamily:Linyphiinae,,695,null,1521,0.0,105.0,46.79,44.0,null,null,null,null,null,null
BSCRO418-24_r_1_s_50_BSCRO418-24,BSCRO418-24,r_1_s_50_merge,>BSCRO418-24_r_1_s_50_BSCRO418-24_merge,1109451,QNV12118.1,genus:Amaurobius,,1135,null,1536,0.0,198.0,84.15,75.0,null,null,null,null,null,null
BSCRO473-24_r_1_s_100_BSCRO473-24,BSCRO473-24,r_1_s_100_merge,>BSCRO473-24_r_1_s_100_BSCRO473-24_merge,3139653,YP_009349339.1,family:Agelenidae,,1116,null,1536,0.0,222.0,107.2,111.0,null,null,null,null,null,null
BSCRO403-24_r_1_s_100_BSCRO403-24,BSCRO403-24,r_1_s_100_merge,>BSCRO403-24_r_1_s_100_BSCRO403-24_merge,2721256,YP_009680079.1,family:Dysderidae,,556,null,1530,0.0,84.0,41.15,40.0,null,null,null,null,null,null
BSCRO416-24_r_1_s_100_BSCRO416-24,BSCRO416-24,r_1_s_100_merge,>BSCRO416-24_r_1_s_100_BSCRO416-24_merge,2766751,WWQ79001.1,superfamily:Leptonetoidea,,4307,null,1551,0.0,781.0,389.75,393.0,null,null,null,null,null,null
BSCRO412-24_r_1.3_s_50_BSCRO412-24,BSCRO412-24,r_1.3_s_50_merge,>BSCRO412-24_r_1.3_s_50_BSCRO412-24_merge,2721269,YP_009680079.1,family:Dysderidae,,258,null,1530,2.0,85.0,14.76,14.0,null,null,null,null,null,null
BSCRO457-24_r_1.5_s_50_BSCRO457-24,BSCRO457-24,r_1.5_s_50_merge,>BSCRO457-24_r_1.5_s_50_BSCRO457-24_merge,2721249,YP_009680079.1,family:Dysderidae,,306,null,1530,0.0,48.0,14.58,12.0,null,null,null,null,null,null
BSCRO436-24_r_1.3_s_50_BSCRO436-24,BSCRO436-24,r_1.3_s_50_merge,>BSCRO436-24_r_1.3_s_50_BSCRO436-24_merge,3139668,YP_009349339.1,family:Agelenidae,,326,null,1536,4.0,40.0,23.23,24.0,null,null,null,null,null,null
BSCRO472-24_r_1_s_50_BSCRO472-24,BSCRO472-24,r_1_s_50_merge,>BSCRO472-24_r_1_s_50_BSCRO472-24_merge,3139660,XCA36587.1,family:Linyphiidae,,604,null,1533,7.0,74.0,39.63,39.0,null,null,null,null,null,null
BSCRO451-24_r_1_s_50_BSCRO451-24,BSCRO451-24,r_1_s_50_merge,>BSCRO451-24_r_1_s_50_BSCRO451-24_merge,3228881,XCA36587.1,family:Linyphiidae,,1650,null,1533,0.0,229.0,135.15,127.0,null,null,null,null,null,null
BSCRO407-24_r_1.3_s_100_BSCRO407-24,BSCRO407-24,r_1.3_s_100_merge,>BSCRO407-24_r_1.3_s_100_BSCRO407-24_merge,2721249,YP_009680079.1,family:Dysderidae,,150,null,1530,4.0,21.0,12.91,14.0,null,null,null,null,null,null
BSCRO452-24_r_1.3_s_50_BSCRO452-24,BSCRO452-24,r_1.3_s_50_merge,>BSCRO452-24_r_1.3_s_50_BSCRO452-24_merge,1959301,PRD22827.1,superfamily:Araneoidea,,408,null,1623,0.0,89.0,27.85,23.0,null,null,null,null,null,null
BSCRO406-24_r_1.5_s_100_BSCRO406-24,BSCRO406-24,r_1.5_s_100_merge,>BSCRO406-24_r_1.5_s_100_BSCRO406-24_merge,2716446,WWQ79001.1,superfamily:Leptonetoidea,,117,null,1551,0.0,46.0,9.13,4.0,null,null,null,null,null,null
BSCRO384-24_r_1.3_s_100_BSCRO384-24,BSCRO384-24,r_1.3_s_100_merge,>BSCRO384-24_r_1.3_s_100_BSCRO384-24_merge,2721269,YP_009680079.1,family:Dysderidae,,933,null,1530,1.0,191.0,95.02,95.0,null,null,null,null,null,null
BSCRO442-24_r_1_s_100_BSCRO442-24,BSCRO442-24,r_1_s_100_merge,>BSCRO442-24_r_1_s_100_BSCRO442-24_merge,2721269,YP_009680079.1,family:Dysderidae,,1251,null,1530,17.0,157.0,102.49,108.0,null,null,null,null,null,null
BSCRO430-24_r_1_s_100_BSCRO430-24,BSCRO430-24,r_1_s_100_merge,>BSCRO430-24_r_1_s_100_BSCRO430-24_merge,3139653,YP_009349339.1,family:Agelenidae,,153,null,1536,0.0,22.0,11.98,12.0,null,null,null,null,null,null
BSCRO433-24_r_1.5_s_100_BSCRO433-24,BSCRO433-24,r_1.5_s_100_merge,>BSCRO433-24_r_1.5_s_100_BSCRO433-24_merge,2716446,WWQ79001.1,superfamily:Leptonetoidea,,84,null,1551,0.0,18.0,5.54,4.0,null,null,null,null,null,null
BSCRO405-24_r_1_s_100_BSCRO405-24,BSCRO405-24,r_1_s_100_merge,>BSCRO405-24_r_1_s_100_BSCRO405-24_merge,2770607,YP_009680079.1,family:Dysderidae,,0,null,1530,0.0,0.0,0.0,0.0,null,null,null,null,null,null
BSCRO439-24_r_1.5_s_100_BSCRO439-24,BSCRO439-24,r_1.5_s_100_merge,>BSCRO439-24_r_1.5_s_100_BSCRO439-24_merge,2970455,YP_009349339.1,family:Agelenidae,,405,null,1536,0.0,88.0,37.12,36.0,null,null,null,null,null,null
BSCRO468-24_r_1.3_s_50_BSCRO468-24,BSCRO468-24,r_1.3_s_50_merge,>BSCRO468-24_r_1.3_s_50_BSCRO468-24_merge,3139653,YP_009349339.1,family:Agelenidae,,564,null,1536,14.0,71.0,34.68,34.0,null,null,null,null,null,null
BSCRO397-24_r_1.3_s_50_BSCRO397-24,BSCRO397-24,r_1.3_s_50_merge,>BSCRO397-24_r_1.3_s_50_BSCRO397-24_merge,3139669,YP_009349339.1,family:Agelenidae,,648,null,1536,0.0,205.0,50.52,36.0,null,null,null,null,null,null
BSCRO463-24_r_1.5_s_50_BSCRO463-24,BSCRO463-24,r_1.5_s_50_merge,>BSCRO463-24_r_1.5_s_50_BSCRO463-24_merge,2721269,YP_009680079.1,family:Dysderidae,,192,null,1530,0.0,86.0,15.54,0.0,null,null,null,null,null,null
BSCRO459-24_r_1_s_100_BSCRO459-24,BSCRO459-24,r_1_s_100_merge,>BSCRO459-24_r_1_s_100_BSCRO459-24_merge,1872039,YP_009680079.1,family:Dysderidae,,1622,null,1530,45.0,186.0,115.8,114.0,null,null,null,null,null,null
BSCRO417-24_r_1_s_50_BSCRO417-24,BSCRO417-24,r_1_s_50_merge,>BSCRO417-24_r_1_s_50_BSCRO417-24_merge,1419516,PRD22827.1,superfamily:Araneoidea,,690,null,1623,0.0,108.0,47.37,50.0,null,null,null,null,null,null
BSCRO437-24_r_1_s_50_BSCRO437-24,BSCRO437-24,r_1_s_50_merge,>BSCRO437-24_r_1_s_50_BSCRO437-24_merge,1959301,PRD22827.1,superfamily:Araneoidea,,1525,null,1623,0.0,209.0,119.57,135.0,null,null,null,null,null,null
BSCRO451-24_r_1.3_s_50_BSCRO451-24,BSCRO451-24,r_1.3_s_50_merge,>BSCRO451-24_r_1.3_s_50_BSCRO451-24_merge,3228881,XCA36587.1,family:Linyphiidae,,1447,null,1533,0.0,200.0,126.63,121.0,null,null,null,null,null,null
BSCRO434-24_r_1.3_s_100_BSCRO434-24,BSCRO434-24,r_1.3_s_100_merge,>BSCRO434-24_r_1.3_s_100_BSCRO434-24_merge,2721252,YP_009680079.1,family:Dysderidae,,533,null,1530,4.0,71.0,39.27,38.0,null,null,null,null,null,null
BSCRO450-24_r_1.5_s_100_BSCRO450-24,BSCRO450-24,r_1.5_s_100_merge,>BSCRO450-24_r_1.5_s_100_BSCRO450-24_merge,2721269,YP_009680079.1,family:Dysderidae,,42,null,1530,0.0,34.0,4.68,0.0,null,null,null,null,null,null
BSCRO434-24_r_1_s_50_BSCRO434-24,BSCRO434-24,r_1_s_50_merge,>BSCRO434-24_r_1_s_50_BSCRO434-24_merge,2721252,YP_009680079.1,family:Dysderidae,,916,null,1530,15.0,108.0,52.71,53.0,null,null,null,null,null,null
BSCRO390-24_r_1.3_s_50_BSCRO390-24,BSCRO390-24,r_1.3_s_50_merge,>BSCRO390-24_r_1.3_s_50_BSCRO390-24_merge,2747120,QNV12043.1,subfamily:Linyphiinae,,192,null,1521,0.0,37.0,11.49,9.0,null,null,null,null,null,null
BSCRO459-24_r_1.5_s_50_BSCRO459-24,BSCRO459-24,r_1.5_s_50_merge,>BSCRO459-24_r_1.5_s_50_BSCRO459-24_merge,1872039,YP_009680079.1,family:Dysderidae,,1619,null,1530,0.0,378.0,90.26,92.5,null,null,null,null,null,null
BSCRO465-24_r_1_s_100_BSCRO465-24,BSCRO465-24,r_1_s_100_merge,>BSCRO465-24_r_1_s_100_BSCRO465-24_merge,1926205,XCA36587.1,family:Linyphiidae,,1049,null,1533,0.0,126.0,90.52,93.0,null,null,null,null,null,null
BSCRO456-24_r_1.3_s_100_BSCRO456-24,BSCRO456-24,r_1.3_s_100_merge,>BSCRO456-24_r_1.3_s_100_BSCRO456-24_merge,3139660,XCA36587.1,family:Linyphiidae,,938,null,1533,0.0,119.0,72.75,71.0,null,null,null,null,null,null
BSCRO431-24_r_1.3_s_100_BSCRO431-24,BSCRO431-24,r_1.3_s_100_merge,>BSCRO431-24_r_1.3_s_100_BSCRO431-24_merge,1419516,PRD22827.1,superfamily:Araneoidea,,925,null,1623,0.0,245.0,70.21,47.0,null,null,null,null,null,null
BSCRO439-24_r_1_s_50_BSCRO439-24,BSCRO439-24,r_1_s_50_merge,>BSCRO439-24_r_1_s_50_BSCRO439-24_merge,2970455,YP_009349339.1,family:Agelenidae,,699,null,1536,0.0,107.0,52.47,50.0,null,null,null,null,null,null
BSCRO407-24_r_1.5_s_100_BSCRO407-24,BSCRO407-24,r_1.5_s_100_merge,>BSCRO407-24_r_1.5_s_100_BSCRO407-24_merge,2721249,YP_009680079.1,family:Dysderidae,,116,null,1530,0.0,20.0,10.22,10.0,null,null,null,null,null,null
BSCRO465-24_r_1_s_50_BSCRO465-24,BSCRO465-24,r_1_s_50_merge,>BSCRO465-24_r_1_s_50_BSCRO465-24_merge,1926205,XCA36587.1,family:Linyphiidae,,1536,null,1533,8.0,180.0,105.03,99.0,null,null,null,null,null,null
BSCRO424-24_r_1.3_s_50_BSCRO424-24,BSCRO424-24,r_1.3_s_50_merge,>BSCRO424-24_r_1.3_s_50_BSCRO424-24_merge,2721269,YP_009680079.1,family:Dysderidae,,343,null,1530,2.0,116.0,20.48,18.5,null,null,null,null,null,null
BSCRO395-24_r_1.3_s_100_BSCRO395-24,BSCRO395-24,r_1.3_s_100_merge,>BSCRO395-24_r_1.3_s_100_BSCRO395-24_merge,2892423,PRD22827.1,superfamily:Araneoidea,,153,null,1623,0.0,35.0,11.36,10.0,null,null,null,null,null,null
BSCRO385-24_r_1_s_100_BSCRO385-24,BSCRO385-24,r_1_s_100_merge,>BSCRO385-24_r_1_s_100_BSCRO385-24_merge,2747120,QNV12043.1,subfamily:Linyphiinae,,853,null,1521,0.0,127.0,82.54,86.0,null,null,null,null,null,null
BSCRO385-24_r_1.5_s_100_BSCRO385-24,BSCRO385-24,r_1.5_s_100_merge,>BSCRO385-24_r_1.5_s_100_BSCRO385-24_merge,2747120,QNV12043.1,subfamily:Linyphiinae,,671,null,1521,0.0,119.0,65.64,64.0,null,null,null,null,null,null
BSCRO452-24_r_1.5_s_100_BSCRO452-24,BSCRO452-24,r_1.5_s_100_merge,>BSCRO452-24_r_1.5_s_100_BSCRO452-24_merge,1959301,PRD22827.1,superfamily:Araneoidea,,132,null,1623,0.0,48.0,9.27,2.0,null,null,null,null,null,null
BSCRO424-24_r_1_s_50_BSCRO424-24,BSCRO424-24,r_1_s_50_merge,>BSCRO424-24_r_1_s_50_BSCRO424-24_merge,2721269,YP_009680079.1,family:Dysderidae,,586,null,1530,3.0,187.0,29.12,25.0,null,null,null,null,null,null
BSCRO414-24_r_1.5_s_100_BSCRO414-24,BSCRO414-24,r_1.5_s_100_merge,>BSCRO414-24_r_1.5_s_100_BSCRO414-24_merge,2721269,YP_009680079.1,family:Dysderidae,,485,null,1530,0.0,110.0,44.39,46.0,null,null,null,null,null,null
BSCRO467-24_r_1.3_s_50_BSCRO467-24,BSCRO467-24,r_1.3_s_50_merge,>BSCRO467-24_r_1.3_s_50_BSCRO467-24_merge,3139668,YP_009349339.1,family:Agelenidae,,1206,null,1536,0.0,128.0,85.39,90.0,null,null,null,null,null,null
BSCRO457-24_r_1_s_100_BSCRO457-24,BSCRO457-24,r_1_s_100_merge,>BSCRO457-24_r_1_s_100_BSCRO457-24_merge,2721249,YP_009680079.1,family:Dysderidae,,271,null,1530,0.0,40.0,16.8,16.0,null,null,null,null,null,null
BSCRO386-24_r_1.3_s_50_BSCRO386-24,BSCRO386-24,r_1.3_s_50_merge,>BSCRO386-24_r_1.3_s_50_BSCRO386-24_merge,2747120,QNV12043.1,subfamily:Linyphiinae,,1208,null,1521,0.0,483.0,74.99,64.0,null,null,null,null,null,null
BSCRO409-24_r_1_s_50_BSCRO409-24,BSCRO409-24,r_1_s_50_merge,>BSCRO409-24_r_1_s_50_BSCRO409-24_merge,3228881,XCA36587.1,family:Linyphiidae,,1790,null,1533,0.0,242.0,141.59,141.0,null,null,null,null,null,null
BSCRO439-24_r_1.3_s_50_BSCRO439-24,BSCRO439-24,r_1.3_s_50_merge,>BSCRO439-24_r_1.3_s_50_BSCRO439-24_merge,2970455,YP_009349339.1,family:Agelenidae,,532,null,1536,0.0,99.0,43.75,41.0,null,null,null,null,null,null
BSCRO429-24_r_1.3_s_100_BSCRO429-24,BSCRO429-24,r_1.3_s_100_merge,>BSCRO429-24_r_1.3_s_100_BSCRO429-24_merge,3139653,YP_009349339.1,family:Agelenidae,,0,null,1536,0.0,0.0,0.0,0.0,null,null,null,null,null,null
BSCRO387-24_r_1.5_s_100_BSCRO387-24,BSCRO387-24,r_1.5_s_100_merge,>BSCRO387-24_r_1.5_s_100_BSCRO387-24_merge,2689247,XCA36587.1,family:Linyphiidae,,97,null,1533,0.0,54.0,7.34,0.0,null,null,null,null,null,null
BSCRO412-24_r_1_s_50_BSCRO412-24,BSCRO412-24,r_1_s_50_merge,>BSCRO412-24_r_1_s_50_BSCRO412-24_merge,2721269,YP_009680079.1,family:Dysderidae,,562,null,1530,4.0,161.0,25.28,19.0,null,null,null,null,null,null
BSCRO382-24_r_1_s_100_BSCRO382-24,BSCRO382-24,r_1_s_100_merge,>BSCRO382-24_r_1_s_100_BSCRO382-24_merge,2721269,YP_009680079.1,family:Dysderidae,,930,null,1530,39.0,144.0,82.7,82.0,null,null,null,null,null,null
BSCRO422-24_r_1.5_s_100_BSCRO422-24,BSCRO422-24,r_1.5_s_100_merge,>BSCRO422-24_r_1.5_s_100_BSCRO422-24_merge,1959304,PRD22827.1,superfamily:Araneoidea,,172,null,1623,0.0,71.0,12.46,0.0,null,null,null,null,null,null
BSCRO393-24_r_1.5_s_100_BSCRO393-24,BSCRO393-24,r_1.5_s_100_merge,>BSCRO393-24_r_1.5_s_100_BSCRO393-24_merge,3228881,XCA36587.1,family:Linyphiidae,,97,null,1533,0.0,20.0,6.96,6.0,null,null,null,null,null,null
BSCRO414-24_r_1_s_50_BSCRO414-24,BSCRO414-24,r_1_s_50_merge,>BSCRO414-24_r_1_s_50_BSCRO414-24_merge,2721269,YP_009680079.1,family:Dysderidae,,1771,null,1530,31.0,711.0,92.06,69.5,null,null,null,null,null,null
BSCRO460-24_r_1.3_s_50_BSCRO460-24,BSCRO460-24,r_1.3_s_50_merge,>BSCRO460-24_r_1.3_s_50_BSCRO460-24_merge,2689247,XCA36587.1,family:Linyphiidae,,1092,null,1533,5.0,139.0,100.14,100.0,null,null,null,null,null,null
BSCRO471-24_r_1.3_s_100_BSCRO471-24,BSCRO471-24,r_1.3_s_100_merge,>BSCRO471-24_r_1.3_s_100_BSCRO471-24_merge,2970455,YP_009349339.1,family:Agelenidae,,611,null,1536,0.0,66.0,48.1,50.0,null,null,null,null,null,null
BSCRO432-24_r_1.3_s_100_BSCRO432-24,BSCRO432-24,r_1.3_s_100_merge,>BSCRO432-24_r_1.3_s_100_BSCRO432-24_merge,3139650,YP_009349339.1,family:Agelenidae,,57,null,1536,0.0,11.0,3.65,3.0,null,null,null,null,null,null
BSCRO445-24_r_1.5_s_50_BSCRO445-24,BSCRO445-24,r_1.5_s_50_merge,>BSCRO445-24_r_1.5_s_50_BSCRO445-24_merge,1959301,PRD22827.1,superfamily:Araneoidea,,83,null,1623,0.0,28.0,3.26,0.0,null,null,null,null,null,null
BSCRO393-24_r_1.3_s_50_BSCRO393-24,BSCRO393-24,r_1.3_s_50_merge,>BSCRO393-24_r_1.3_s_50_BSCRO393-24_merge,3228881,XCA36587.1,family:Linyphiidae,,215,null,1533,0.0,37.0,10.64,10.0,null,null,null,null,null,null
BSCRO399-24_r_1.3_s_100_BSCRO399-24,BSCRO399-24,r_1.3_s_100_merge,>BSCRO399-24_r_1.3_s_100_BSCRO399-24_merge,3237715,YP_010545517.1,family:Theridiidae,,1247,null,1533,0.0,184.0,114.93,122.0,null,null,null,null,null,null
BSCRO401-24_r_1.5_s_50_BSCRO401-24,BSCRO401-24,r_1.5_s_50_merge,>BSCRO401-24_r_1.5_s_50_BSCRO401-24_merge,2721249,YP_009680079.1,family:Dysderidae,,730,null,1530,0.0,168.0,64.85,61.5,null,null,null,null,null,null
BSCRO414-24_r_1.3_s_50_BSCRO414-24,BSCRO414-24,r_1.3_s_50_merge,>BSCRO414-24_r_1.3_s_50_BSCRO414-24_merge,2721269,YP_009680079.1,family:Dysderidae,,1165,null,1530,5.0,409.0,69.6,58.0,null,null,null,null,null,null
BSCRO381-24_r_1_s_50_BSCRO381-24,BSCRO381-24,r_1_s_50_merge,>BSCRO381-24_r_1_s_50_BSCRO381-24_merge,3139648,YP_009680079.1,family:Dysderidae,,0,null,1530,0.0,0.0,0.0,0.0,null,null,null,null,null,null
BSCRO451-24_r_1.5_s_100_BSCRO451-24,BSCRO451-24,r_1.5_s_100_merge,>BSCRO451-24_r_1.5_s_100_BSCRO451-24_merge,3228881,XCA36587.1,family:Linyphiidae,,1075,null,1533,0.0,153.0,104.32,109.0,null,null,null,null,null,null
BSCRO447-24_r_1_s_100_BSCRO447-24,BSCRO447-24,r_1_s_100_merge,>BSCRO447-24_r_1_s_100_BSCRO447-24_merge,1959301,PRD22827.1,superfamily:Araneoidea,,209,null,1623,0.0,32.0,14.66,16.0,null,null,null,null,null,null
BSCRO401-24_r_1_s_50_BSCRO401-24,BSCRO401-24,r_1_s_50_merge,>BSCRO401-24_r_1_s_50_BSCRO401-24_merge,2721249,YP_009680079.1,family:Dysderidae,,1842,null,1530,50.0,222.0,146.73,150.5,null,null,null,null,null,null
BSCRO408-24_r_1.3_s_50_BSCRO408-24,BSCRO408-24,r_1.3_s_50_merge,>BSCRO408-24_r_1.3_s_50_BSCRO408-24_merge,3228881,XCA36587.1,family:Linyphiidae,,801,null,1533,0.0,98.0,59.38,61.0,null,null,null,null,null,null
BSCRO443-24_r_1.5_s_100_BSCRO443-24,BSCRO443-24,r_1.5_s_100_merge,>BSCRO443-24_r_1.5_s_100_BSCRO443-24_merge,1654896,PRD22827.1,superfamily:Araneoidea,,44,null,1623,0.0,17.0,2.98,0.0,null,null,null,null,null,null
BSCRO401-24_r_1.3_s_50_BSCRO401-24,BSCRO401-24,r_1.3_s_50_merge,>BSCRO401-24_r_1.3_s_50_BSCRO401-24_merge,2721249,YP_009680079.1,family:Dysderidae,,1380,null,1530,0.0,199.0,123.33,135.5,null,null,null,null,null,null
BSCRO449-24_r_1_s_100_BSCRO449-24,BSCRO449-24,r_1_s_100_merge,>BSCRO449-24_r_1_s_100_BSCRO449-24_merge,2721269,YP_009680079.1,family:Dysderidae,,699,null,1530,0.0,154.0,67.1,66.0,null,null,null,null,null,null
BSCRO421-24_r_1.3_s_50_BSCRO421-24,BSCRO421-24,r_1.3_s_50_merge,>BSCRO421-24_r_1.3_s_50_BSCRO421-24_merge,1926205,XCA36587.1,family:Linyphiidae,,877,null,1533,0.0,277.0,76.18,58.0,null,null,null,null,null,null
BSCRO464-24_r_1_s_50_BSCRO464-24,BSCRO464-24,r_1_s_50_merge,>BSCRO464-24_r_1_s_50_BSCRO464-24_merge,1926205,XCA36587.1,family:Linyphiidae,,621,null,1533,1.0,59.0,32.17,31.0,null,null,null,null,null,null
BSCRO461-24_r_1.3_s_50_BSCRO461-24,BSCRO461-24,r_1.3_s_50_merge,>BSCRO461-24_r_1.3_s_50_BSCRO461-24_merge,2721252,YP_009680079.1,family:Dysderidae,,609,null,1530,0.0,63.0,41.05,42.0,null,null,null,null,null,null
BSCRO427-24_r_1.5_s_100_BSCRO427-24,BSCRO427-24,r_1.5_s_100_merge,>BSCRO427-24_r_1.5_s_100_BSCRO427-24_merge,3139652,YP_009349339.1,family:Agelenidae,,440,null,1536,3.0,76.0,48.2,50.0,null,null,null,null,null,null
BSCRO433-24_r_1.3_s_50_BSCRO433-24,BSCRO433-24,r_1.3_s_50_merge,>BSCRO433-24_r_1.3_s_50_BSCRO433-24_merge,2716446,WWQ79001.1,superfamily:Leptonetoidea,,221,null,1551,0.0,30.0,12.47,12.0,null,null,null,null,null,null
BSCRO431-24_r_1_s_50_BSCRO431-24,BSCRO431-24,r_1_s_50_merge,>BSCRO431-24_r_1_s_50_BSCRO431-24_merge,1419516,PRD22827.1,superfamily:Araneoidea,,2465,null,1623,0.0,276.0,176.67,204.0,null,null,null,null,null,null
BSCRO447-24_r_1.5_s_100_BSCRO447-24,BSCRO447-24,r_1.5_s_100_merge,>BSCRO447-24_r_1.5_s_100_BSCRO447-24_merge,1959301,PRD22827.1,superfamily:Araneoidea,,64,null,1623,0.0,27.0,4.05,1.0,null,null,null,null,null,null
BSCRO389-24_r_1.3_s_100_BSCRO389-24,BSCRO389-24,r_1.3_s_100_merge,>BSCRO389-24_r_1.3_s_100_BSCRO389-24_merge,2747120,QNV12043.1,subfamily:Linyphiinae,,433,null,1521,0.0,62.0,43.1,44.0,null,null,null,null,null,null
BSCRO389-24_r_1.3_s_50_BSCRO389-24,BSCRO389-24,r_1.3_s_50_merge,>BSCRO389-24_r_1.3_s_50_BSCRO389-24_merge,2747120,QNV12043.1,subfamily:Linyphiinae,,490,null,1521,0.0,65.0,44.67,46.0,null,null,null,null,null,null
BSCRO424-24_r_1.5_s_50_BSCRO424-24,BSCRO424-24,r_1.5_s_50_merge,>BSCRO424-24_r_1.5_s_50_BSCRO424-24_merge,2721269,YP_009680079.1,family:Dysderidae,,215,null,1530,0.0,64.0,14.31,11.0,null,null,null,null,null,null
BSCRO419-24_r_1.5_s_100_BSCRO419-24,BSCRO419-24,r_1.5_s_100_merge,>BSCRO419-24_r_1.5_s_100_BSCRO419-24_merge,1907062,XCA36587.1,subfamily:Erigoninae,,65,null,1533,0.0,48.0,4.15,0.0,null,null,null,null,null,null
BSCRO397-24_r_1.5_s_50_BSCRO397-24,BSCRO397-24,r_1.5_s_50_merge,>BSCRO397-24_r_1.5_s_50_BSCRO397-24_merge,3139669,YP_009349339.1,family:Agelenidae,,324,null,1536,0.0,132.0,20.54,0.0,null,null,null,null,null,null
BSCRO435-24_r_1_s_100_BSCRO435-24,BSCRO435-24,r_1_s_100_merge,>BSCRO435-24_r_1_s_100_BSCRO435-24_merge,3139669,YP_009349339.1,family:Agelenidae,,1207,null,1536,0.0,223.0,118.3,117.0,null,null,null,null,null,null
BSCRO405-24_r_1_s_50_BSCRO405-24,BSCRO405-24,r_1_s_50_merge,>BSCRO405-24_r_1_s_50_BSCRO405-24_merge,2770607,YP_009680079.1,family:Dysderidae,,0,null,1530,0.0,0.0,0.0,0.0,null,null,null,null,null,null
BSCRO419-24_r_1_s_100_BSCRO419-24,BSCRO419-24,r_1_s_100_merge,>BSCRO419-24_r_1_s_100_BSCRO419-24_merge,1907062,XCA36587.1,subfamily:Erigoninae,,156,null,1533,0.0,65.0,10.61,8.0,null,null,null,null,null,null
BSCRO397-24_r_1.5_s_100_BSCRO397-24,BSCRO397-24,r_1.5_s_100_merge,>BSCRO397-24_r_1.5_s_100_BSCRO397-24_merge,3139669,YP_009349339.1,family:Agelenidae,,225,null,1536,0.0,123.0,17.71,0.0,null,null,null,null,null,null
BSCRO438-24_r_1.3_s_100_BSCRO438-24,BSCRO438-24,r_1.3_s_100_merge,>BSCRO438-24_r_1.3_s_100_BSCRO438-24_merge,2721255,YP_009680079.1,family:Dysderidae,,153,null,1530,0.0,68.0,15.65,6.5,null,null,null,null,null,null
BSCRO391-24_r_1_s_100_BSCRO391-24,BSCRO391-24,r_1_s_100_merge,>BSCRO391-24_r_1_s_100_BSCRO391-24_merge,3139650,YP_009349339.1,family:Agelenidae,,772,null,1536,0.0,278.0,88.4,79.0,null,null,null,null,null,null
BSCRO428-24_r_1_s_50_BSCRO428-24,BSCRO428-24,r_1_s_50_merge,>BSCRO428-24_r_1_s_50_BSCRO428-24_merge,3139669,YP_009349339.1,family:Agelenidae,,1182,null,1536,0.0,205.0,104.07,106.0,null,null,null,null,null,null
BSCRO429-24_r_1_s_100_BSCRO429-24,BSCRO429-24,r_1_s_100_merge,>BSCRO429-24_r_1_s_100_BSCRO429-24_merge,3139653,YP_009349339.1,family:Agelenidae,,0,null,1536,0.0,0.0,0.0,0.0,null,null,null,null,null,null
BSCRO441-24_r_1.5_s_50_BSCRO441-24,BSCRO441-24,r_1.5_s_50_merge,>BSCRO441-24_r_1.5_s_50_BSCRO441-24_merge,2747156,XRO44683.1,genus:Zoropsis,,2747,null,1536,0.0,337.0,233.94,234.0,null,null,null,null,null,null
BSCRO381-24_r_1.5_s_100_BSCRO381-24,BSCRO381-24,r_1.5_s_100_merge,>BSCRO381-24_r_1.5_s_100_BSCRO381-24_merge,3139648,YP_009680079.1,family:Dysderidae,,0,null,1530,0.0,0.0,0.0,0.0,null,null,null,null,null,null
BSCRO470-24_r_1_s_50_BSCRO470-24,BSCRO470-24,r_1_s_50_merge,>BSCRO470-24_r_1_s_50_BSCRO470-24_merge,2721269,YP_009680079.1,family:Dysderidae,,630,null,1530,9.0,159.0,30.58,26.0,null,null,null,null,null,null
BSCRO440-24_r_1.3_s_50_BSCRO440-24,BSCRO440-24,r_1.3_s_50_merge,>BSCRO440-24_r_1.3_s_50_BSCRO440-24_merge,1959304,PRD22827.1,superfamily:Araneoidea,,1081,null,1623,0.0,246.0,81.79,70.0,null,null,null,null,null,null
BSCRO423-24_r_1_s_50_BSCRO423-24,BSCRO423-24,r_1_s_50_merge,>BSCRO423-24_r_1_s_50_BSCRO423-24_merge,1959304,PRD22827.1,superfamily:Araneoidea,,786,null,1623,0.0,98.0,48.93,53.0,null,null,null,null,null,null
BSCRO467-24_r_1_s_100_BSCRO467-24,BSCRO467-24,r_1_s_100_merge,>BSCRO467-24_r_1_s_100_BSCRO467-24_merge,3139668,YP_009349339.1,family:Agelenidae,,995,null,1536,0.0,116.0,81.38,86.0,null,null,null,null,null,null
BSCRO444-24_r_1.3_s_50_BSCRO444-24,BSCRO444-24,r_1.3_s_50_merge,>BSCRO444-24_r_1.3_s_50_BSCRO444-24_merge,1654896,PRD22827.1,superfamily:Araneoidea,,121,null,1623,0.0,31.0,6.32,5.0,null,null,null,null,null,null
BSCRO454-24_r_1_s_100_BSCRO454-24,BSCRO454-24,r_1_s_100_merge,>BSCRO454-24_r_1_s_100_BSCRO454-24_merge,1926205,XCA36587.1,family:Linyphiidae,,533,null,1533,0.0,161.0,58.5,55.0,null,null,null,null,null,null
BSCRO447-24_r_1.3_s_100_BSCRO447-24,BSCRO447-24,r_1.3_s_100_merge,>BSCRO447-24_r_1.3_s_100_BSCRO447-24_merge,1959301,PRD22827.1,superfamily:Araneoidea,,151,null,1623,0.0,32.0,10.11,9.0,null,null,null,null,null,null
BSCRO408-24_r_1_s_100_BSCRO408-24,BSCRO408-24,r_1_s_100_merge,>BSCRO408-24_r_1_s_100_BSCRO408-24_merge,3228881,XCA36587.1,family:Linyphiidae,,708,null,1533,0.0,87.0,59.86,61.0,null,null,null,null,null,null
BSCRO393-24_r_1_s_50_BSCRO393-24,BSCRO393-24,r_1_s_50_merge,>BSCRO393-24_r_1_s_50_BSCRO393-24_merge,3228881,XCA36587.1,family:Linyphiidae,,392,null,1533,0.0,60.0,17.67,15.0,null,null,null,null,null,null
BSCRO464-24_r_1_s_100_BSCRO464-24,BSCRO464-24,r_1_s_100_merge,>BSCRO464-24_r_1_s_100_BSCRO464-24_merge,1926205,XCA36587.1,family:Linyphiidae,,366,null,1533,0.0,45.0,24.14,25.0,null,null,null,null,null,null
BSCRO421-24_r_1.5_s_100_BSCRO421-24,BSCRO421-24,r_1.5_s_100_merge,>BSCRO421-24_r_1.5_s_100_BSCRO421-24_merge,1926205,XCA36587.1,family:Linyphiidae,,330,null,1533,0.0,167.0,31.43,0.0,null,null,null,null,null,null
BSCRO428-24_r_1.5_s_100_BSCRO428-24,BSCRO428-24,r_1.5_s_100_merge,>BSCRO428-24_r_1.5_s_100_BSCRO428-24_merge,3139669,YP_009349339.1,family:Agelenidae,,167,null,1536,0.0,79.0,12.71,0.0,null,null,null,null,null,null
BSCRO462-24_r_1.3_s_50_BSCRO462-24,BSCRO462-24,r_1.3_s_50_merge,>BSCRO462-24_r_1.3_s_50_BSCRO462-24_merge,3139648,YP_009680079.1,family:Dysderidae,,373,null,1530,0.0,116.0,23.76,14.0,null,null,null,null,null,null
BSCRO467-24_r_1_s_50_BSCRO467-24,BSCRO467-24,r_1_s_50_merge,>BSCRO467-24_r_1_s_50_BSCRO467-24_merge,3139668,YP_009349339.1,family:Agelenidae,,1426,null,1536,0.0,153.0,95.04,96.0,null,null,null,null,null,null
BSCRO435-24_r_1.5_s_100_BSCRO435-24,BSCRO435-24,r_1.5_s_100_merge,>BSCRO435-24_r_1.5_s_100_BSCRO435-24_merge,3139669,YP_009349339.1,family:Agelenidae,,275,null,1536,0.0,106.0,24.79,17.0,null,null,null,null,null,null
BSCRO383-24_r_1.3_s_100_BSCRO383-24,BSCRO383-24,r_1.3_s_100_merge,>BSCRO383-24_r_1.3_s_100_BSCRO383-24_merge,2721269,YP_009680079.1,family:Dysderidae,,158,null,1530,1.0,31.0,13.86,12.0,null,null,null,null,null,null
BSCRO426-24_r_1.3_s_50_BSCRO426-24,BSCRO426-24,r_1.3_s_50_merge,>BSCRO426-24_r_1.3_s_50_BSCRO426-24_merge,1419516,PRD22827.1,superfamily:Araneoidea,,1846,null,1623,0.0,437.0,139.54,115.0,null,null,null,null,null,null
BSCRO392-24_r_1_s_50_BSCRO392-24,BSCRO392-24,r_1_s_50_merge,>BSCRO392-24_r_1_s_50_BSCRO392-24_merge,3139650,YP_009349339.1,family:Agelenidae,,1254,null,1536,0.0,352.0,93.66,85.0,null,null,null,null,null,null
BSCRO448-24_r_1.5_s_50_BSCRO448-24,BSCRO448-24,r_1.5_s_50_merge,>BSCRO448-24_r_1.5_s_50_BSCRO448-24_merge,1926205,XCA36587.1,family:Linyphiidae,,243,null,1533,0.0,27.0,15.01,16.0,null,null,null,null,null,null
BSCRO400-24_r_1.3_s_100_BSCRO400-24,BSCRO400-24,r_1.3_s_100_merge,>BSCRO400-24_r_1.3_s_100_BSCRO400-24_merge,2766751,WWQ79001.1,superfamily:Leptonetoidea,,681,null,1551,0.0,139.0,69.52,74.0,null,null,null,null,null,null
BSCRO443-24_r_1_s_50_BSCRO443-24,BSCRO443-24,r_1_s_50_merge,>BSCRO443-24_r_1_s_50_BSCRO443-24_merge,1654896,PRD22827.1,superfamily:Araneoidea,,316,null,1623,0.0,40.0,17.06,18.0,null,null,null,null,null,null
BSCRO415-24_r_1.5_s_50_BSCRO415-24,BSCRO415-24,r_1.5_s_50_merge,>BSCRO415-24_r_1.5_s_50_BSCRO415-24_merge,2747120,QNV12043.1,subfamily:Linyphiinae,,895,null,1521,0.0,113.0,56.92,56.0,null,null,null,null,null,null
BSCRO409-24_r_1.5_s_100_BSCRO409-24,BSCRO409-24,r_1.5_s_100_merge,>BSCRO409-24_r_1.5_s_100_BSCRO409-24_merge,3228881,XCA36587.1,family:Linyphiidae,,823,null,1533,0.0,196.0,75.01,69.0,null,null,null,null,null,null
BSCRO387-24_r_1_s_100_BSCRO387-24,BSCRO387-24,r_1_s_100_merge,>BSCRO387-24_r_1_s_100_BSCRO387-24_merge,2689247,XCA36587.1,family:Linyphiidae,,811,null,1533,0.0,228.0,84.76,85.0,null,null,null,null,null,null
BSCRO412-24_r_1.5_s_50_BSCRO412-24,BSCRO412-24,r_1.5_s_50_merge,>BSCRO412-24_r_1.5_s_50_BSCRO412-24_merge,2721269,YP_009680079.1,family:Dysderidae,,164,null,1530,0.0,49.0,10.2,8.0,null,null,null,null,null,null
BSCRO438-24_r_1.5_s_100_BSCRO438-24,BSCRO438-24,r_1.5_s_100_merge,>BSCRO438-24_r_1.5_s_100_BSCRO438-24_merge,2721255,YP_009680079.1,family:Dysderidae,,69,null,1530,0.0,43.0,6.24,0.0,null,null,null,null,null,null
BSCRO405-24_r_1.3_s_100_BSCRO405-24,BSCRO405-24,r_1.3_s_100_merge,>BSCRO405-24_r_1.3_s_100_BSCRO405-24_merge,2770607,YP_009680079.1,family:Dysderidae,,0,null,1530,0.0,0.0,0.0,0.0,null,null,null,null,null,null
BSCRO442-24_r_1.5_s_50_BSCRO442-24,BSCRO442-24,r_1.5_s_50_merge,>BSCRO442-24_r_1.5_s_50_BSCRO442-24_merge,2721269,YP_009680079.1,family:Dysderidae,,829,null,1530,0.0,129.0,52.08,47.0,null,null,null,null,null,null
BSCRO423-24_r_1_s_100_BSCRO423-24,BSCRO423-24,r_1_s_100_merge,>BSCRO423-24_r_1_s_100_BSCRO423-24_merge,1959304,PRD22827.1,superfamily:Araneoidea,,455,null,1623,0.0,83.0,39.39,43.0,null,null,null,null,null,null
BSCRO402-24_r_1_s_50_BSCRO402-24,BSCRO402-24,r_1_s_50_merge,>BSCRO402-24_r_1_s_50_BSCRO402-24_merge,2721255,YP_009680079.1,family:Dysderidae,,319,null,1530,0.0,76.0,25.38,21.5,null,null,null,null,null,null
BSCRO391-24_r_1.3_s_50_BSCRO391-24,BSCRO391-24,r_1.3_s_50_merge,>BSCRO391-24_r_1.3_s_50_BSCRO391-24_merge,3139650,YP_009349339.1,family:Agelenidae,,468,null,1536,0.0,143.0,43.97,42.0,null,null,null,null,null,null
BSCRO465-24_r_1.5_s_50_BSCRO465-24,BSCRO465-24,r_1.5_s_50_merge,>BSCRO465-24_r_1.5_s_50_BSCRO465-24_merge,1926205,XCA36587.1,family:Linyphiidae,,1094,null,1533,0.0,124.0,85.52,88.0,null,null,null,null,null,null
BSCRO386-24_r_1_s_100_BSCRO386-24,BSCRO386-24,r_1_s_100_merge,>BSCRO386-24_r_1_s_100_BSCRO386-24_merge,2747120,QNV12043.1,subfamily:Linyphiinae,,729,null,1521,0.0,114.0,72.73,71.0,null,null,null,null,null,null
BSCRO455-24_r_1.3_s_50_BSCRO455-24,BSCRO455-24,r_1.3_s_50_merge,>BSCRO455-24_r_1.3_s_50_BSCRO455-24_merge,2747120,QNV12043.1,subfamily:Linyphiinae,,515,null,1521,0.0,89.0,37.08,36.0,null,null,null,null,null,null
BSCRO475-24_r_1.3_s_100_BSCRO475-24,BSCRO475-24,r_1.3_s_100_merge,>BSCRO475-24_r_1.3_s_100_BSCRO475-24_merge,2970455,YP_009349339.1,family:Agelenidae,,575,null,1536,0.0,234.0,51.63,40.5,null,null,null,null,null,null
BSCRO425-24_r_1.3_s_50_BSCRO425-24,BSCRO425-24,r_1.3_s_50_merge,>BSCRO425-24_r_1.3_s_50_BSCRO425-24_merge,1419516,PRD22827.1,superfamily:Araneoidea,,378,null,1623,0.0,75.0,25.52,21.0,null,null,null,null,null,null
BSCRO444-24_r_1_s_100_BSCRO444-24,BSCRO444-24,r_1_s_100_merge,>BSCRO444-24_r_1_s_100_BSCRO444-24_merge,1654896,PRD22827.1,superfamily:Araneoidea,,87,null,1623,0.0,22.0,6.51,7.0,null,null,null,null,null,null
BSCRO470-24_r_1_s_100_BSCRO470-24,BSCRO470-24,r_1_s_100_merge,>BSCRO470-24_r_1_s_100_BSCRO470-24_merge,2721269,YP_009680079.1,family:Dysderidae,,258,null,1530,6.0,35.0,19.64,20.0,null,null,null,null,null,null
BSCRO449-24_r_1_s_50_BSCRO449-24,BSCRO449-24,r_1_s_50_merge,>BSCRO449-24_r_1_s_50_BSCRO449-24_merge,2721269,YP_009680079.1,family:Dysderidae,,862,null,1530,0.0,156.0,73.1,69.0,null,null,null,null,null,null
BSCRO436-24_r_1_s_100_BSCRO436-24,BSCRO436-24,r_1_s_100_merge,>BSCRO436-24_r_1_s_100_BSCRO436-24_merge,3139668,YP_009349339.1,family:Agelenidae,,260,null,1536,1.0,33.0,22.54,23.0,null,null,null,null,null,null
BSCRO392-24_r_1.3_s_100_BSCRO392-24,BSCRO392-24,r_1.3_s_100_merge,>BSCRO392-24_r_1.3_s_100_BSCRO392-24_merge,3139650,YP_009349339.1,family:Agelenidae,,581,null,1536,0.0,164.0,49.01,45.0,null,null,null,null,null,null
BSCRO464-24_r_1.5_s_50_BSCRO464-24,BSCRO464-24,r_1.5_s_50_merge,>BSCRO464-24_r_1.5_s_50_BSCRO464-24_merge,1926205,XCA36587.1,family:Linyphiidae,,389,null,1533,0.0,50.0,21.21,22.0,null,null,null,null,null,null
BSCRO469-24_r_1.3_s_50_BSCRO469-24,BSCRO469-24,r_1.3_s_50_merge,>BSCRO469-24_r_1.3_s_50_BSCRO469-24_merge,3139660,XCA36587.1,family:Linyphiidae,,591,null,1533,0.0,70.0,29.94,27.0,null,null,null,null,null,null
BSCRO422-24_r_1.3_s_100_BSCRO422-24,BSCRO422-24,r_1.3_s_100_merge,>BSCRO422-24_r_1.3_s_100_BSCRO422-24_merge,1959304,PRD22827.1,superfamily:Araneoidea,,426,null,1623,0.0,101.0,34.75,32.0,null,null,null,null,null,null
BSCRO435-24_r_1.3_s_50_BSCRO435-24,BSCRO435-24,r_1.3_s_50_merge,>BSCRO435-24_r_1.3_s_50_BSCRO435-24_merge,3139669,YP_009349339.1,family:Agelenidae,,542,null,1536,0.0,156.0,45.71,33.0,null,null,null,null,null,null
BSCRO471-24_r_1_s_50_BSCRO471-24,BSCRO471-24,r_1_s_50_merge,>BSCRO471-24_r_1_s_50_BSCRO471-24_merge,2970455,YP_009349339.1,family:Agelenidae,,977,null,1536,4.0,118.0,60.18,59.0,null,null,null,null,null,null
BSCRO469-24_r_1.3_s_100_BSCRO469-24,BSCRO469-24,r_1.3_s_100_merge,>BSCRO469-24_r_1.3_s_100_BSCRO469-24_merge,3139660,XCA36587.1,family:Linyphiidae,,395,null,1533,0.0,58.0,24.15,22.0,null,null,null,null,null,null
BSCRO411-24_r_1_s_100_BSCRO411-24,BSCRO411-24,r_1_s_100_merge,>BSCRO411-24_r_1_s_100_BSCRO411-24_merge,3139650,YP_009349339.1,family:Agelenidae,,1290,null,1536,0.0,171.0,119.96,123.0,null,null,null,null,null,null
BSCRO445-24_r_1.3_s_50_BSCRO445-24,BSCRO445-24,r_1.3_s_50_merge,>BSCRO445-24_r_1.3_s_50_BSCRO445-24_merge,1959301,PRD22827.1,superfamily:Araneoidea,,154,null,1623,0.0,30.0,6.49,5.0,null,null,null,null,null,null
BSCRO454-24_r_1.5_s_50_BSCRO454-24,BSCRO454-24,r_1.5_s_50_merge,>BSCRO454-24_r_1.5_s_50_BSCRO454-24_merge,1926205,XCA36587.1,family:Linyphiidae,,118,null,1533,0.0,47.0,7.44,3.0,null,null,null,null,null,null
BSCRO427-24_r_1.3_s_100_BSCRO427-24,BSCRO427-24,r_1.3_s_100_merge,>BSCRO427-24_r_1.3_s_100_BSCRO427-24_merge,3139652,YP_009349339.1,family:Agelenidae,,480,null,1536,18.0,80.0,52.32,53.0,null,null,null,null,null,null
BSCRO453-24_r_1.3_s_50_BSCRO453-24,BSCRO453-24,r_1.3_s_50_merge,>BSCRO453-24_r_1.3_s_50_BSCRO453-24_merge,1395086,YP_009680079.1,family:Dysderidae,,935,null,1530,1.0,246.0,54.9,54.0,null,null,null,null,null,null
BSCRO393-24_r_1.5_s_50_BSCRO393-24,BSCRO393-24,r_1.5_s_50_merge,>BSCRO393-24_r_1.5_s_50_BSCRO393-24_merge,3228881,XCA36587.1,family:Linyphiidae,,146,null,1533,0.0,33.0,8.1,7.0,null,null,null,null,null,null
BSCRO467-24_r_1.5_s_100_BSCRO467-24,BSCRO467-24,r_1.5_s_100_merge,>BSCRO467-24_r_1.5_s_100_BSCRO467-24_merge,3139668,YP_009349339.1,family:Agelenidae,,706,null,1536,0.0,110.0,57.87,62.0,null,null,null,null,null,null
BSCRO419-24_r_1.3_s_100_BSCRO419-24,BSCRO419-24,r_1.3_s_100_merge,>BSCRO419-24_r_1.3_s_100_BSCRO419-24_merge,1907062,XCA36587.1,subfamily:Erigoninae,,96,null,1533,0.0,55.0,6.69,1.0,null,null,null,null,null,null
BSCRO382-24_r_1.3_s_100_BSCRO382-24,BSCRO382-24,r_1.3_s_100_merge,>BSCRO382-24_r_1.3_s_100_BSCRO382-24_merge,2721269,YP_009680079.1,family:Dysderidae,,832,null,1530,8.0,141.0,74.4,76.0,null,null,null,null,null,null
BSCRO463-24_r_1.3_s_50_BSCRO463-24,BSCRO463-24,r_1.3_s_50_merge,>BSCRO463-24_r_1.3_s_50_BSCRO463-24_merge,2721269,YP_009680079.1,family:Dysderidae,,484,null,1530,0.0,162.0,40.95,24.5,null,null,null,null,null,null
BSCRO473-24_r_1.5_s_100_BSCRO473-24,BSCRO473-24,r_1.5_s_100_merge,>BSCRO473-24_r_1.5_s_100_BSCRO473-24_merge,3139653,YP_009349339.1,family:Agelenidae,,220,null,1536,0.0,137.0,19.36,0.0,null,null,null,null,null,null
BSCRO472-24_r_1.3_s_50_BSCRO472-24,BSCRO472-24,r_1.3_s_50_merge,>BSCRO472-24_r_1.3_s_50_BSCRO472-24_merge,3139660,XCA36587.1,family:Linyphiidae,,456,null,1533,0.0,58.0,34.83,33.0,null,null,null,null,null,null
BSCRO400-24_r_1.5_s_100_BSCRO400-24,BSCRO400-24,r_1.5_s_100_merge,>BSCRO400-24_r_1.5_s_100_BSCRO400-24_merge,2766751,WWQ79001.1,superfamily:Leptonetoidea,,332,null,1551,0.0,91.0,31.56,29.0,null,null,null,null,null,null
BSCRO425-24_r_1.3_s_100_BSCRO425-24,BSCRO425-24,r_1.3_s_100_merge,>BSCRO425-24_r_1.3_s_100_BSCRO425-24_merge,1419516,PRD22827.1,superfamily:Araneoidea,,283,null,1623,0.0,68.0,23.08,19.0,null,null,null,null,null,null
BSCRO426-24_r_1_s_50_BSCRO426-24,BSCRO426-24,r_1_s_50_merge,>BSCRO426-24_r_1_s_50_BSCRO426-24_merge,1419516,PRD22827.1,superfamily:Araneoidea,,3663,null,1623,0.0,488.0,288.95,338.0,null,null,null,null,null,null
BSCRO397-24_r_1_s_100_BSCRO397-24,BSCRO397-24,r_1_s_100_merge,>BSCRO397-24_r_1_s_100_BSCRO397-24_merge,3139669,YP_009349339.1,family:Agelenidae,,1695,null,1536,0.0,335.0,180.47,188.0,null,null,null,null,null,null
BSCRO438-24_r_1.3_s_50_BSCRO438-24,BSCRO438-24,r_1.3_s_50_merge,>BSCRO438-24_r_1.3_s_50_BSCRO438-24_merge,2721255,YP_009680079.1,family:Dysderidae,,207,null,1530,0.0,68.0,17.33,11.0,null,null,null,null,null,null
BSCRO391-24_r_1_s_50_BSCRO391-24,BSCRO391-24,r_1_s_50_merge,>BSCRO391-24_r_1_s_50_BSCRO391-24_merge,3139650,YP_009349339.1,family:Agelenidae,,1167,null,1536,0.0,278.0,100.77,95.5,null,null,null,null,null,null
BSCRO408-24_r_1_s_50_BSCRO408-24,BSCRO408-24,r_1_s_50_merge,>BSCRO408-24_r_1_s_50_BSCRO408-24_merge,3228881,XCA36587.1,family:Linyphiidae,,1011,null,1533,0.0,120.0,69.0,71.0,null,null,null,null,null,null
BSCRO409-24_r_1.3_s_100_BSCRO409-24,BSCRO409-24,r_1.3_s_100_merge,>BSCRO409-24_r_1.3_s_100_BSCRO409-24_merge,3228881,XCA36587.1,family:Linyphiidae,,1200,null,1533,0.0,204.0,111.83,115.0,null,null,null,null,null,null
BSCRO455-24_r_1.5_s_100_BSCRO455-24,BSCRO455-24,r_1.5_s_100_merge,>BSCRO455-24_r_1.5_s_100_BSCRO455-24_merge,2747120,QNV12043.1,subfamily:Linyphiinae,,312,null,1521,0.0,47.0,27.28,29.0,null,null,null,null,null,null
BSCRO452-24_r_1.3_s_100_BSCRO452-24,BSCRO452-24,r_1.3_s_100_merge,>BSCRO452-24_r_1.3_s_100_BSCRO452-24_merge,1959301,PRD22827.1,superfamily:Araneoidea,,322,null,1623,0.0,84.0,25.32,22.0,null,null,null,null,null,null
BSCRO387-24_r_1.3_s_50_BSCRO387-24,BSCRO387-24,r_1.3_s_50_merge,>BSCRO387-24_r_1.3_s_50_BSCRO387-24_merge,2689247,XCA36587.1,family:Linyphiidae,,620,null,1533,0.0,150.0,47.14,35.0,null,null,null,null,null,null
BSCRO447-24_r_1_s_50_BSCRO447-24,BSCRO447-24,r_1_s_50_merge,>BSCRO447-24_r_1_s_50_BSCRO447-24_merge,1959301,PRD22827.1,superfamily:Araneoidea,,376,null,1623,0.0,44.0,19.89,21.0,null,null,null,null,null,null
BSCRO383-24_r_1_s_50_BSCRO383-24,BSCRO383-24,r_1_s_50_merge,>BSCRO383-24_r_1_s_50_BSCRO383-24_merge,2721269,YP_009680079.1,family:Dysderidae,,584,null,1530,4.0,209.0,28.03,22.0,null,null,null,null,null,null
BSCRO435-24_r_1.3_s_100_BSCRO435-24,BSCRO435-24,r_1.3_s_100_merge,>BSCRO435-24_r_1.3_s_100_BSCRO435-24_merge,3139669,YP_009349339.1,family:Agelenidae,,475,null,1536,0.0,156.0,43.66,32.0,null,null,null,null,null,null
BSCRO406-24_r_1_s_100_BSCRO406-24,BSCRO406-24,r_1_s_100_merge,>BSCRO406-24_r_1_s_100_BSCRO406-24_merge,2716446,WWQ79001.1,superfamily:Leptonetoidea,,699,null,1551,0.0,180.0,72.56,79.0,null,null,null,null,null,null
BSCRO396-24_r_1_s_100_BSCRO396-24,BSCRO396-24,r_1_s_100_merge,>BSCRO396-24_r_1_s_100_BSCRO396-24_merge,2747120,QNV12043.1,subfamily:Linyphiinae,,485,null,1521,0.0,69.0,40.76,39.0,null,null,null,null,null,null
BSCRO434-24_r_1_s_100_BSCRO434-24,BSCRO434-24,r_1_s_100_merge,>BSCRO434-24_r_1_s_100_BSCRO434-24_merge,2721252,YP_009680079.1,family:Dysderidae,,578,null,1530,11.0,72.0,42.71,40.0,null,null,null,null,null,null
BSCRO432-24_r_1_s_100_BSCRO432-24,BSCRO432-24,r_1_s_100_merge,>BSCRO432-24_r_1_s_100_BSCRO432-24_merge,3139650,YP_009349339.1,family:Agelenidae,,61,null,1536,0.0,11.0,3.94,3.0,null,null,null,null,null,null
BSCRO424-24_r_1.3_s_100_BSCRO424-24,BSCRO424-24,r_1.3_s_100_merge,>BSCRO424-24_r_1.3_s_100_BSCRO424-24_merge,2721269,YP_009680079.1,family:Dysderidae,,190,null,1530,2.0,34.0,16.69,16.0,null,null,null,null,null,null
BSCRO429-24_r_1_s_50_BSCRO429-24,BSCRO429-24,r_1_s_50_merge,>BSCRO429-24_r_1_s_50_BSCRO429-24_merge,3139653,YP_009349339.1,family:Agelenidae,,0,null,1536,0.0,0.0,0.0,0.0,null,null,null,null,null,null
BSCRO439-24_r_1_s_100_BSCRO439-24,BSCRO439-24,r_1_s_100_merge,>BSCRO439-24_r_1_s_100_BSCRO439-24_merge,2970455,YP_009349339.1,family:Agelenidae,,521,null,1536,0.0,96.0,46.92,45.0,null,null,null,null,null,null
BSCRO462-24_r_1.5_s_50_BSCRO462-24,BSCRO462-24,r_1.5_s_50_merge,>BSCRO462-24_r_1.5_s_50_BSCRO462-24_merge,3139648,YP_009680079.1,family:Dysderidae,,206,null,1530,0.0,87.0,12.49,0.0,null,null,null,null,null,null
BSCRO431-24_r_1.3_s_50_BSCRO431-24,BSCRO431-24,r_1.3_s_50_merge,>BSCRO431-24_r_1.3_s_50_BSCRO431-24_merge,1419516,PRD22827.1,superfamily:Araneoidea,,1148,null,1623,0.0,254.0,77.11,56.0,null,null,null,null,null,null
BSCRO390-24_r_1.3_s_100_BSCRO390-24,BSCRO390-24,r_1.3_s_100_merge,>BSCRO390-24_r_1.3_s_100_BSCRO390-24_merge,2747120,QNV12043.1,subfamily:Linyphiinae,,134,null,1521,0.0,35.0,9.79,8.0,null,null,null,null,null,null
BSCRO417-24_r_1.3_s_100_BSCRO417-24,BSCRO417-24,r_1.3_s_100_merge,>BSCRO417-24_r_1.3_s_100_BSCRO417-24_merge,1419516,PRD22827.1,superfamily:Araneoidea,,218,null,1623,0.0,65.0,18.96,14.0,null,null,null,null,null,null
BSCRO429-24_r_1.3_s_50_BSCRO429-24,BSCRO429-24,r_1.3_s_50_merge,>BSCRO429-24_r_1.3_s_50_BSCRO429-24_merge,3139653,YP_009349339.1,family:Agelenidae,,0,null,1536,0.0,0.0,0.0,0.0,null,null,null,null,null,null
BSCRO420-24_r_1.3_s_100_BSCRO420-24,BSCRO420-24,r_1.3_s_100_merge,>BSCRO420-24_r_1.3_s_100_BSCRO420-24_merge,933043,XCA36587.1,family:Linyphiidae,,5364,null,1533,0.0,755.0,445.16,475.0,null,null,null,null,null,null
BSCRO454-24_r_1_s_50_BSCRO454-24,BSCRO454-24,r_1_s_50_merge,>BSCRO454-24_r_1_s_50_BSCRO454-24_merge,1926205,XCA36587.1,family:Linyphiidae,,681,null,1533,0.0,177.0,63.65,61.0,null,null,null,null,null,null
BSCRO474-24_r_1.3_s_100_BSCRO474-24,BSCRO474-24,r_1.3_s_100_merge,>BSCRO474-24_r_1.3_s_100_BSCRO474-24_merge,1872039,YP_009680079.1,family:Dysderidae,,445,null,1530,0.0,196.0,41.97,35.5,null,null,null,null,null,null
BSCRO468-24_r_1.5_s_50_BSCRO468-24,BSCRO468-24,r_1.5_s_50_merge,>BSCRO468-24_r_1.5_s_50_BSCRO468-24_merge,3139653,YP_009349339.1,family:Agelenidae,,470,null,1536,0.0,71.0,29.02,30.0,null,null,null,null,null,null
BSCRO433-24_r_1.5_s_50_BSCRO433-24,BSCRO433-24,r_1.5_s_50_merge,>BSCRO433-24_r_1.5_s_50_BSCRO433-24_merge,2716446,WWQ79001.1,superfamily:Leptonetoidea,,127,null,1551,0.0,19.0,6.65,6.0,null,null,null,null,null,null
BSCRO386-24_r_1.5_s_50_BSCRO386-24,BSCRO386-24,r_1.5_s_50_merge,>BSCRO386-24_r_1.5_s_50_BSCRO386-24_merge,2747120,QNV12043.1,subfamily:Linyphiinae,,1050,null,1521,0.0,518.0,63.45,55.0,null,null,null,null,null,null
BSCRO430-24_r_1.5_s_50_BSCRO430-24,BSCRO430-24,r_1.5_s_50_merge,>BSCRO430-24_r_1.5_s_50_BSCRO430-24_merge,3139653,YP_009349339.1,family:Agelenidae,,166,null,1536,0.0,24.0,10.67,10.0,null,null,null,null,null,null
BSCRO398-24_r_1_s_100_BSCRO398-24,BSCRO398-24,r_1_s_100_merge,>BSCRO398-24_r_1_s_100_BSCRO398-24_merge,2721269,YP_009680079.1,family:Dysderidae,,374,null,1530,0.0,49.0,35.39,35.0,null,null,null,null,null,null
BSCRO458-24_r_1.3_s_50_BSCRO458-24,BSCRO458-24,r_1.3_s_50_merge,>BSCRO458-24_r_1.3_s_50_BSCRO458-24_merge,1872039,YP_009680079.1,family:Dysderidae,,1101,null,1530,7.0,510.0,61.88,49.0,null,null,null,null,null,null
BSCRO417-24_r_1.5_s_50_BSCRO417-24,BSCRO417-24,r_1.5_s_50_merge,>BSCRO417-24_r_1.5_s_50_BSCRO417-24_merge,1419516,PRD22827.1,superfamily:Araneoidea,,147,null,1623,0.0,57.0,7.8,3.0,null,null,null,null,null,null
BSCRO400-24_r_1.5_s_50_BSCRO400-24,BSCRO400-24,r_1.5_s_50_merge,>BSCRO400-24_r_1.5_s_50_BSCRO400-24_merge,2766751,WWQ79001.1,superfamily:Leptonetoidea,,372,null,1551,0.0,91.0,32.47,29.0,null,null,null,null,null,null
BSCRO414-24_r_1.5_s_50_BSCRO414-24,BSCRO414-24,r_1.5_s_50_merge,>BSCRO414-24_r_1.5_s_50_BSCRO414-24_merge,2721269,YP_009680079.1,family:Dysderidae,,783,null,1530,0.0,272.0,50.63,47.5,null,null,null,null,null,null
BSCRO471-24_r_1.5_s_50_BSCRO471-24,BSCRO471-24,r_1.5_s_50_merge,>BSCRO471-24_r_1.5_s_50_BSCRO471-24_merge,2970455,YP_009349339.1,family:Agelenidae,,620,null,1536,0.0,75.0,44.88,47.0,null,null,null,null,null,null
BSCRO433-24_r_1.3_s_100_BSCRO433-24,BSCRO433-24,r_1.3_s_100_merge,>BSCRO433-24_r_1.3_s_100_BSCRO433-24_merge,2716446,WWQ79001.1,superfamily:Leptonetoidea,,145,null,1551,0.0,25.0,10.42,10.0,null,null,null,null,null,null
BSCRO394-24_r_1.5_s_50_BSCRO394-24,BSCRO394-24,r_1.5_s_50_merge,>BSCRO394-24_r_1.5_s_50_BSCRO394-24_merge,3228881,XCA36587.1,family:Linyphiidae,,103,null,1533,0.0,24.0,6.61,6.0,null,null,null,null,null,null
BSCRO383-24_r_1.3_s_50_BSCRO383-24,BSCRO383-24,r_1.3_s_50_merge,>BSCRO383-24_r_1.3_s_50_BSCRO383-24_merge,2721269,YP_009680079.1,family:Dysderidae,,307,null,1530,1.0,120.0,17.43,14.0,null,null,null,null,null,null
BSCRO425-24_r_1_s_50_BSCRO425-24,BSCRO425-24,r_1_s_50_merge,>BSCRO425-24_r_1_s_50_BSCRO425-24_merge,1419516,PRD22827.1,superfamily:Araneoidea,,741,null,1623,0.0,112.0,50.62,56.0,null,null,null,null,null,null
BSCRO421-24_r_1_s_100_BSCRO421-24,BSCRO421-24,r_1_s_100_merge,>BSCRO421-24_r_1_s_100_BSCRO421-24_merge,1926205,XCA36587.1,family:Linyphiidae,,1534,null,1533,0.0,411.0,163.05,171.0,null,null,null,null,null,null
BSCRO427-24_r_1_s_100_BSCRO427-24,BSCRO427-24,r_1_s_100_merge,>BSCRO427-24_r_1_s_100_BSCRO427-24_merge,3139652,YP_009349339.1,family:Agelenidae,,524,null,1536,18.0,86.0,57.62,61.0,null,null,null,null,null,null
BSCRO430-24_r_1.5_s_100_BSCRO430-24,BSCRO430-24,r_1.5_s_100_merge,>BSCRO430-24_r_1.5_s_100_BSCRO430-24_merge,3139653,YP_009349339.1,family:Agelenidae,,126,null,1536,0.0,20.0,9.77,10.0,null,null,null,null,null,null
BSCRO472-24_r_1.5_s_50_BSCRO472-24,BSCRO472-24,r_1.5_s_50_merge,>BSCRO472-24_r_1.5_s_50_BSCRO472-24_merge,3139660,XCA36587.1,family:Linyphiidae,,386,null,1533,0.0,54.0,30.83,31.0,null,null,null,null,null,null
BSCRO416-24_r_1.5_s_50_BSCRO416-24,BSCRO416-24,r_1.5_s_50_merge,>BSCRO416-24_r_1.5_s_50_BSCRO416-24_merge,2766751,WWQ79001.1,superfamily:Leptonetoidea,,2362,null,1551,0.0,647.0,196.73,141.0,null,null,null,null,null,null
BSCRO470-24_r_1.5_s_100_BSCRO470-24,BSCRO470-24,r_1.5_s_100_merge,>BSCRO470-24_r_1.5_s_100_BSCRO470-24_merge,2721269,YP_009680079.1,family:Dysderidae,,177,null,1530,0.0,33.0,12.97,11.0,null,null,null,null,null,null
BSCRO470-24_r_1.5_s_50_BSCRO470-24,BSCRO470-24,r_1.5_s_50_merge,>BSCRO470-24_r_1.5_s_50_BSCRO470-24_merge,2721269,YP_009680079.1,family:Dysderidae,,263,null,1530,0.0,61.0,14.99,13.0,null,null,null,null,null,null
BSCRO388-24_r_1.3_s_100_BSCRO388-24,BSCRO388-24,r_1.3_s_100_merge,>BSCRO388-24_r_1.3_s_100_BSCRO388-24_merge,2721269,YP_009680079.1,family:Dysderidae,,334,null,1530,0.0,133.0,31.37,10.0,null,null,null,null,null,null
BSCRO453-24_r_1.3_s_100_BSCRO453-24,BSCRO453-24,r_1.3_s_100_merge,>BSCRO453-24_r_1.3_s_100_BSCRO453-24_merge,1395086,YP_009680079.1,family:Dysderidae,,577,null,1530,1.0,78.0,46.19,49.0,null,null,null,null,null,null
BSCRO454-24_r_1.3_s_100_BSCRO454-24,BSCRO454-24,r_1.3_s_100_merge,>BSCRO454-24_r_1.3_s_100_BSCRO454-24_merge,1926205,XCA36587.1,family:Linyphiidae,,182,null,1533,0.0,77.0,18.43,14.0,null,null,null,null,null,null
BSCRO440-24_r_1_s_100_BSCRO440-24,BSCRO440-24,r_1_s_100_merge,>BSCRO440-24_r_1_s_100_BSCRO440-24_merge,1959304,PRD22827.1,superfamily:Araneoidea,,1453,null,1623,0.0,246.0,132.96,155.0,null,null,null,null,null,null
BSCRO420-24_r_1.3_s_50_BSCRO420-24,BSCRO420-24,r_1.3_s_50_merge,>BSCRO420-24_r_1.3_s_50_BSCRO420-24_merge,933043,XCA36587.1,family:Linyphiidae,,6045,null,1533,0.0,768.0,467.29,503.0,null,null,null,null,null,null
BSCRO434-24_r_1.5_s_50_BSCRO434-24,BSCRO434-24,r_1.5_s_50_merge,>BSCRO434-24_r_1.5_s_50_BSCRO434-24_merge,2721252,YP_009680079.1,family:Dysderidae,,430,null,1530,0.0,74.0,27.49,25.0,null,null,null,null,null,null
BSCRO404-24_r_1.5_s_50_BSCRO404-24,BSCRO404-24,r_1.5_s_50_merge,>BSCRO404-24_r_1.5_s_50_BSCRO404-24_merge,2721249,YP_009680079.1,family:Dysderidae,,246,null,1530,0.0,54.0,14.8,12.0,null,null,null,null,null,null
BSCRO402-24_r_1_s_100_BSCRO402-24,BSCRO402-24,r_1_s_100_merge,>BSCRO402-24_r_1_s_100_BSCRO402-24_merge,2721255,YP_009680079.1,family:Dysderidae,,216,null,1530,0.0,67.0,21.77,17.0,null,null,null,null,null,null
BSCRO440-24_r_1_s_50_BSCRO440-24,BSCRO440-24,r_1_s_50_merge,>BSCRO440-24_r_1_s_50_BSCRO440-24_merge,1959304,PRD22827.1,superfamily:Araneoidea,,1867,null,1623,0.0,270.0,146.95,167.0,null,null,null,null,null,null
BSCRO466-24_r_1_s_100_BSCRO466-24,BSCRO466-24,r_1_s_100_merge,>BSCRO466-24_r_1_s_100_BSCRO466-24_merge,2721252,YP_009680079.1,family:Dysderidae,,222,null,1530,0.0,27.0,17.02,18.0,null,null,null,null,null,null
BSCRO426-24_r_1.3_s_100_BSCRO426-24,BSCRO426-24,r_1.3_s_100_merge,>BSCRO426-24_r_1.3_s_100_BSCRO426-24_merge,1419516,PRD22827.1,superfamily:Araneoidea,,1551,null,1623,0.0,423.0,131.29,107.0,null,null,null,null,null,null
BSCRO428-24_r_1.3_s_50_BSCRO428-24,BSCRO428-24,r_1.3_s_50_merge,>BSCRO428-24_r_1.3_s_50_BSCRO428-24_merge,3139669,YP_009349339.1,family:Agelenidae,,382,null,1536,0.0,130.0,27.9,17.0,null,null,null,null,null,null
BSCRO393-24_r_1.3_s_100_BSCRO393-24,BSCRO393-24,r_1.3_s_100_merge,>BSCRO393-24_r_1.3_s_100_BSCRO393-24_merge,3228881,XCA36587.1,family:Linyphiidae,,114,null,1533,0.0,21.0,8.21,7.0,null,null,null,null,null,null
BSCRO455-24_r_1_s_100_BSCRO455-24,BSCRO455-24,r_1_s_100_merge,>BSCRO455-24_r_1_s_100_BSCRO455-24_merge,2747120,QNV12043.1,subfamily:Linyphiinae,,413,null,1521,0.0,51.0,35.69,36.0,null,null,null,null,null,null
BSCRO416-24_r_1.3_s_50_BSCRO416-24,BSCRO416-24,r_1.3_s_50_merge,>BSCRO416-24_r_1.3_s_50_BSCRO416-24_merge,2766751,WWQ79001.1,superfamily:Leptonetoidea,,3833,null,1551,0.0,688.0,328.51,329.0,null,null,null,null,null,null
BSCRO416-24_r_1.3_s_100_BSCRO416-24,BSCRO416-24,r_1.3_s_100_merge,>BSCRO416-24_r_1.3_s_100_BSCRO416-24_merge,2766751,WWQ79001.1,superfamily:Leptonetoidea,,3514,null,1551,0.0,685.0,318.4,319.0,null,null,null,null,null,null
BSCRO459-24_r_1_s_50_BSCRO459-24,BSCRO459-24,r_1_s_50_merge,>BSCRO459-24_r_1_s_50_BSCRO459-24_merge,1872039,YP_009680079.1,family:Dysderidae,,2855,null,1530,58.0,831.0,150.77,130.0,null,null,null,null,null,null
BSCRO409-24_r_1.5_s_50_BSCRO409-24,BSCRO409-24,r_1.5_s_50_merge,>BSCRO409-24_r_1.5_s_50_BSCRO409-24_merge,3228881,XCA36587.1,family:Linyphiidae,,927,null,1533,0.0,208.0,78.0,71.0,null,null,null,null,null,null
BSCRO416-24_r_1.5_s_100_BSCRO416-24,BSCRO416-24,r_1.5_s_100_merge,>BSCRO416-24_r_1.5_s_100_BSCRO416-24_merge,2766751,WWQ79001.1,superfamily:Leptonetoidea,,2205,null,1551,0.0,644.0,192.38,137.0,null,null,null,null,null,null
BSCRO442-24_r_1_s_50_BSCRO442-24,BSCRO442-24,r_1_s_50_merge,>BSCRO442-24_r_1_s_50_BSCRO442-24_merge,2721269,YP_009680079.1,family:Dysderidae,,1742,null,1530,41.0,324.0,118.09,118.0,null,null,null,null,null,null
BSCRO421-24_r_1.3_s_100_BSCRO421-24,BSCRO421-24,r_1.3_s_100_merge,>BSCRO421-24_r_1.3_s_100_BSCRO421-24_merge,1926205,XCA36587.1,family:Linyphiidae,,719,null,1533,0.0,277.0,71.65,55.0,null,null,null,null,null,null
BSCRO392-24_r_1.3_s_50_BSCRO392-24,BSCRO392-24,r_1.3_s_50_merge,>BSCRO392-24_r_1.3_s_50_BSCRO392-24_merge,3139650,YP_009349339.1,family:Agelenidae,,815,null,1536,0.0,263.0,54.89,47.0,null,null,null,null,null,null
BSCRO466-24_r_1.5_s_50_BSCRO466-24,BSCRO466-24,r_1.5_s_50_merge,>BSCRO466-24_r_1.5_s_50_BSCRO466-24_merge,2721252,YP_009680079.1,family:Dysderidae,,193,null,1530,0.0,32.0,11.05,10.0,null,null,null,null,null,null
BSCRO465-24_r_1.3_s_50_BSCRO465-24,BSCRO465-24,r_1.3_s_50_merge,>BSCRO465-24_r_1.3_s_50_BSCRO465-24_merge,1926205,XCA36587.1,family:Linyphiidae,,1240,null,1533,0.0,136.0,93.52,93.0,null,null,null,null,null,null
BSCRO399-24_r_1.5_s_100_BSCRO399-24,BSCRO399-24,r_1.5_s_100_merge,>BSCRO399-24_r_1.5_s_100_BSCRO399-24_merge,3237715,YP_010545517.1,family:Theridiidae,,1116,null,1533,0.0,181.0,103.44,117.0,null,null,null,null,null,null
BSCRO450-24_r_1_s_100_BSCRO450-24,BSCRO450-24,r_1_s_100_merge,>BSCRO450-24_r_1_s_100_BSCRO450-24_merge,2721269,YP_009680079.1,family:Dysderidae,,370,null,1530,0.0,90.0,37.82,36.0,null,null,null,null,null,null
BSCRO399-24_r_1.3_s_50_BSCRO399-24,BSCRO399-24,r_1.3_s_50_merge,>BSCRO399-24_r_1.3_s_50_BSCRO399-24_merge,3237715,YP_010545517.1,family:Theridiidae,,1475,null,1533,0.0,196.0,120.76,129.0,null,null,null,null,null,null
BSCRO472-24_r_1_s_100_BSCRO472-24,BSCRO472-24,r_1_s_100_merge,>BSCRO472-24_r_1_s_100_BSCRO472-24_merge,3139660,XCA36587.1,family:Linyphiidae,,380,null,1533,0.0,56.0,33.02,32.0,null,null,null,null,null,null
BSCRO456-24_r_1.5_s_100_BSCRO456-24,BSCRO456-24,r_1.5_s_100_merge,>BSCRO456-24_r_1.5_s_100_BSCRO456-24_merge,3139660,XCA36587.1,family:Linyphiidae,,865,null,1533,0.0,118.0,67.33,68.0,null,null,null,null,null,null
BSCRO449-24_r_1.3_s_100_BSCRO449-24,BSCRO449-24,r_1.3_s_100_merge,>BSCRO449-24_r_1.3_s_100_BSCRO449-24_merge,2721269,YP_009680079.1,family:Dysderidae,,250,null,1530,0.0,75.0,22.51,16.0,null,null,null,null,null,null
BSCRO410-24_r_1_s_50_BSCRO410-24,BSCRO410-24,r_1_s_50_merge,>BSCRO410-24_r_1_s_50_BSCRO410-24_merge,2716446,WWQ79001.1,superfamily:Leptonetoidea,,841,null,1551,0.0,139.0,64.41,65.0,null,null,null,null,null,null
BSCRO455-24_r_1.5_s_50_BSCRO455-24,BSCRO455-24,r_1.5_s_50_merge,>BSCRO455-24_r_1.5_s_50_BSCRO455-24_merge,2747120,QNV12043.1,subfamily:Linyphiinae,,391,null,1521,0.0,77.0,29.24,30.0,null,null,null,null,null,null
BSCRO432-24_r_1.3_s_50_BSCRO432-24,BSCRO432-24,r_1.3_s_50_merge,>BSCRO432-24_r_1.3_s_50_BSCRO432-24_merge,3139650,YP_009349339.1,family:Agelenidae,,97,null,1536,0.0,13.0,4.78,4.0,null,null,null,null,null,null
BSCRO420-24_r_1.5_s_50_BSCRO420-24,BSCRO420-24,r_1.5_s_50_merge,>BSCRO420-24_r_1.5_s_50_BSCRO420-24_merge,933043,XCA36587.1,family:Linyphiidae,,4063,null,1533,0.0,732.0,308.17,301.0,null,null,null,null,null,null
BSCRO458-24_r_1_s_50_BSCRO458-24,BSCRO458-24,r_1_s_50_merge,>BSCRO458-24_r_1_s_50_BSCRO458-24_merge,1872039,YP_009680079.1,family:Dysderidae,,1352,null,1530,25.0,590.0,74.93,59.0,null,null,null,null,null,null
BSCRO398-24_r_1.5_s_50_BSCRO398-24,BSCRO398-24,r_1.5_s_50_merge,>BSCRO398-24_r_1.5_s_50_BSCRO398-24_merge,2721269,YP_009680079.1,family:Dysderidae,,269,null,1530,0.0,60.0,20.51,22.0,null,null,null,null,null,null
BSCRO457-24_r_1_s_50_BSCRO457-24,BSCRO457-24,r_1_s_50_merge,>BSCRO457-24_r_1_s_50_BSCRO457-24_merge,2721249,YP_009680079.1,family:Dysderidae,,577,null,1530,1.0,84.0,26.21,24.0,null,null,null,null,null,null
BSCRO413-24_r_1.3_s_100_BSCRO413-24,BSCRO413-24,r_1.3_s_100_merge,>BSCRO413-24_r_1.3_s_100_BSCRO413-24_merge,3139648,YP_009680079.1,family:Dysderidae,,142,null,1530,0.0,83.0,16.18,11.0,null,null,null,null,null,null
BSCRO451-24_r_1.5_s_50_BSCRO451-24,BSCRO451-24,r_1.5_s_50_merge,>BSCRO451-24_r_1.5_s_50_BSCRO451-24_merge,3228881,XCA36587.1,family:Linyphiidae,,1180,null,1533,0.0,155.0,107.23,110.0,null,null,null,null,null,null
BSCRO420-24_r_1_s_100_BSCRO420-24,BSCRO420-24,r_1_s_100_merge,>BSCRO420-24_r_1_s_100_BSCRO420-24_merge,933043,XCA36587.1,family:Linyphiidae,,5952,null,1533,0.0,794.0,499.13,531.0,null,null,null,null,null,null
BSCRO414-24_r_1.3_s_100_BSCRO414-24,BSCRO414-24,r_1.3_s_100_merge,>BSCRO414-24_r_1.3_s_100_BSCRO414-24_merge,2721269,YP_009680079.1,family:Dysderidae,,648,null,1530,3.0,122.0,57.48,55.0,null,null,null,null,null,null
BSCRO389-24_r_1.5_s_100_BSCRO389-24,BSCRO389-24,r_1.5_s_100_merge,>BSCRO389-24_r_1.5_s_100_BSCRO389-24_merge,2747120,QNV12043.1,subfamily:Linyphiinae,,356,null,1521,0.0,58.0,36.16,37.0,null,null,null,null,null,null
BSCRO460-24_r_1.5_s_100_BSCRO460-24,BSCRO460-24,r_1.5_s_100_merge,>BSCRO460-24_r_1.5_s_100_BSCRO460-24_merge,2689247,XCA36587.1,family:Linyphiidae,,873,null,1533,0.0,139.0,87.4,92.0,null,null,null,null,null,null
BSCRO432-24_r_1.5_s_100_BSCRO432-24,BSCRO432-24,r_1.5_s_100_merge,>BSCRO432-24_r_1.5_s_100_BSCRO432-24_merge,3139650,YP_009349339.1,family:Agelenidae,,50,null,1536,0.0,10.0,3.22,3.0,null,null,null,null,null,null
BSCRO471-24_r_1_s_100_BSCRO471-24,BSCRO471-24,r_1_s_100_merge,>BSCRO471-24_r_1_s_100_BSCRO471-24_merge,2970455,YP_009349339.1,family:Agelenidae,,634,null,1536,0.0,70.0,49.93,51.0,null,null,null,null,null,null
BSCRO473-24_r_1.5_s_50_BSCRO473-24,BSCRO473-24,r_1.5_s_50_merge,>BSCRO473-24_r_1.5_s_50_BSCRO473-24_merge,3139653,YP_009349339.1,family:Agelenidae,,333,null,1536,0.0,149.0,22.24,1.0,null,null,null,null,null,null
BSCRO426-24_r_1_s_100_BSCRO426-24,BSCRO426-24,r_1_s_100_merge,>BSCRO426-24_r_1_s_100_BSCRO426-24_merge,1419516,PRD22827.1,superfamily:Araneoidea,,2861,null,1623,0.0,462.0,262.15,299.0,null,null,null,null,null,null
BSCRO419-24_r_1.3_s_50_BSCRO419-24,BSCRO419-24,r_1.3_s_50_merge,>BSCRO419-24_r_1.3_s_50_BSCRO419-24_merge,1907062,XCA36587.1,subfamily:Erigoninae,,127,null,1533,0.0,65.0,7.63,3.0,null,null,null,null,null,null
BSCRO429-24_r_1.5_s_100_BSCRO429-24,BSCRO429-24,r_1.5_s_100_merge,>BSCRO429-24_r_1.5_s_100_BSCRO429-24_merge,3139653,YP_009349339.1,family:Agelenidae,,0,null,1536,0.0,0.0,0.0,0.0,null,null,null,null,null,null
BSCRO385-24_r_1_s_50_BSCRO385-24,BSCRO385-24,r_1_s_50_merge,>BSCRO385-24_r_1_s_50_BSCRO385-24_merge,2747120,QNV12043.1,subfamily:Linyphiinae,,1044,null,1521,0.0,174.0,87.94,89.0,null,null,null,null,null,null
BSCRO457-24_r_1.3_s_100_BSCRO457-24,BSCRO457-24,r_1.3_s_100_merge,>BSCRO457-24_r_1.3_s_100_BSCRO457-24_merge,2721249,YP_009680079.1,family:Dysderidae,,260,null,1530,0.0,40.0,15.97,15.0,null,null,null,null,null,null
BSCRO439-24_r_1.3_s_100_BSCRO439-24,BSCRO439-24,r_1.3_s_100_merge,>BSCRO439-24_r_1.3_s_100_BSCRO439-24_merge,2970455,YP_009349339.1,family:Agelenidae,,469,null,1536,0.0,92.0,42.01,39.0,null,null,null,null,null,null
BSCRO428-24_r_1_s_100_BSCRO428-24,BSCRO428-24,r_1_s_100_merge,>BSCRO428-24_r_1_s_100_BSCRO428-24_merge,3139669,YP_009349339.1,family:Agelenidae,,945,null,1536,0.0,192.0,95.02,97.5,null,null,null,null,null,null
BSCRO390-24_r_1_s_50_BSCRO390-24,BSCRO390-24,r_1_s_50_merge,>BSCRO390-24_r_1_s_50_BSCRO390-24_merge,2747120,QNV12043.1,subfamily:Linyphiinae,,314,null,1521,0.0,47.0,20.05,20.0,null,null,null,null,null,null
BSCRO413-24_r_1.3_s_50_BSCRO413-24,BSCRO413-24,r_1.3_s_50_merge,>BSCRO413-24_r_1.3_s_50_BSCRO413-24_merge,3139648,YP_009680079.1,family:Dysderidae,,200,null,1530,0.0,83.0,18.01,11.0,null,null,null,null,null,null
BSCRO383-24_r_1.5_s_50_BSCRO383-24,BSCRO383-24,r_1.5_s_50_merge,>BSCRO383-24_r_1.5_s_50_BSCRO383-24_merge,2721269,YP_009680079.1,family:Dysderidae,,217,null,1530,0.0,72.0,12.92,11.0,null,null,null,null,null,null
BSCRO434-24_r_1.5_s_100_BSCRO434-24,BSCRO434-24,r_1.5_s_100_merge,>BSCRO434-24_r_1.5_s_100_BSCRO434-24_merge,2721252,YP_009680079.1,family:Dysderidae,,345,null,1530,0.0,60.0,25.08,23.0,null,null,null,null,null,null
BSCRO465-24_r_1.3_s_100_BSCRO465-24,BSCRO465-24,r_1.3_s_100_merge,>BSCRO465-24_r_1.3_s_100_BSCRO465-24_merge,1926205,XCA36587.1,family:Linyphiidae,,1017,null,1533,0.0,123.0,87.21,90.0,null,null,null,null,null,null
BSCRO404-24_r_1.3_s_50_BSCRO404-24,BSCRO404-24,r_1.3_s_50_merge,>BSCRO404-24_r_1.3_s_50_BSCRO404-24_merge,2721249,YP_009680079.1,family:Dysderidae,,448,null,1530,3.0,56.0,27.43,25.0,null,null,null,null,null,null
BSCRO460-24_r_1.3_s_100_BSCRO460-24,BSCRO460-24,r_1.3_s_100_merge,>BSCRO460-24_r_1.3_s_100_BSCRO460-24_merge,2689247,XCA36587.1,family:Linyphiidae,,985,null,1533,0.0,139.0,97.3,99.0,null,null,null,null,null,null
BSCRO382-24_r_1.5_s_100_BSCRO382-24,BSCRO382-24,r_1.5_s_100_merge,>BSCRO382-24_r_1.5_s_100_BSCRO382-24_merge,2721269,YP_009680079.1,family:Dysderidae,,583,null,1530,0.0,99.0,51.46,58.0,null,null,null,null,null,null
BSCRO383-24_r_1_s_100_BSCRO383-24,BSCRO383-24,r_1_s_100_merge,>BSCRO383-24_r_1_s_100_BSCRO383-24_merge,2721269,YP_009680079.1,family:Dysderidae,,189,null,1530,4.0,35.0,16.79,15.0,null,null,null,null,null,null
BSCRO463-24_r_1_s_50_BSCRO463-24,BSCRO463-24,r_1_s_50_merge,>BSCRO463-24_r_1_s_50_BSCRO463-24_merge,2721269,YP_009680079.1,family:Dysderidae,,1349,null,1530,0.0,242.0,123.22,128.0,null,null,null,null,null,null
BSCRO438-24_r_1_s_50_BSCRO438-24,BSCRO438-24,r_1_s_50_merge,>BSCRO438-24_r_1_s_50_BSCRO438-24_merge,2721255,YP_009680079.1,family:Dysderidae,,493,null,1530,0.0,110.0,41.03,35.5,null,null,null,null,null,null
BSCRO420-24_r_1.5_s_100_BSCRO420-24,BSCRO420-24,r_1.5_s_100_merge,>BSCRO420-24_r_1.5_s_100_BSCRO420-24_merge,933043,XCA36587.1,family:Linyphiidae,,3613,null,1533,0.0,724.0,294.52,292.0,null,null,null,null,null,null
BSCRO449-24_r_1.5_s_50_BSCRO449-24,BSCRO449-24,r_1.5_s_50_merge,>BSCRO449-24_r_1.5_s_50_BSCRO449-24_merge,2721269,YP_009680079.1,family:Dysderidae,,147,null,1530,0.0,50.0,8.52,0.0,null,null,null,null,null,null
BSCRO463-24_r_1.5_s_100_BSCRO463-24,BSCRO463-24,r_1.5_s_100_merge,>BSCRO463-24_r_1.5_s_100_BSCRO463-24_merge,2721269,YP_009680079.1,family:Dysderidae,,167,null,1530,0.0,86.0,14.71,0.0,null,null,null,null,null,null
BSCRO446-24_r_1.5_s_100_BSCRO446-24,BSCRO446-24,r_1.5_s_100_merge,>BSCRO446-24_r_1.5_s_100_BSCRO446-24_merge,2734922,XAW19444.1,genus:Cheiracanthium,,84,null,1536,0.0,16.0,5.76,6.0,null,null,null,null,null,null
BSCRO388-24_r_1_s_50_BSCRO388-24,BSCRO388-24,r_1_s_50_merge,>BSCRO388-24_r_1_s_50_BSCRO388-24_merge,2721269,YP_009680079.1,family:Dysderidae,,983,null,1530,0.0,234.0,90.67,72.0,null,null,null,null,null,null
BSCRO414-24_r_1_s_100_BSCRO414-24,BSCRO414-24,r_1_s_100_merge,>BSCRO414-24_r_1_s_100_BSCRO414-24_merge,2721269,YP_009680079.1,family:Dysderidae,,704,null,1530,26.0,123.0,63.07,59.0,null,null,null,null,null,null
BSCRO413-24_r_1_s_100_BSCRO413-24,BSCRO413-24,r_1_s_100_merge,>BSCRO413-24_r_1_s_100_BSCRO413-24_merge,3139648,YP_009680079.1,family:Dysderidae,,593,null,1530,0.0,178.0,65.91,68.0,null,null,null,null,null,null
BSCRO394-24_r_1_s_50_BSCRO394-24,BSCRO394-24,r_1_s_50_merge,>BSCRO394-24_r_1_s_50_BSCRO394-24_merge,3228881,XCA36587.1,family:Linyphiidae,,284,null,1533,0.0,49.0,15.99,15.0,null,null,null,null,null,null
BSCRO448-24_r_1.5_s_100_BSCRO448-24,BSCRO448-24,r_1.5_s_100_merge,>BSCRO448-24_r_1.5_s_100_BSCRO448-24_merge,1926205,XCA36587.1,family:Linyphiidae,,191,null,1533,0.0,27.0,13.42,14.0,null,null,null,null,null,null
BSCRO387-24_r_1_s_50_BSCRO387-24,BSCRO387-24,r_1_s_50_merge,>BSCRO387-24_r_1_s_50_BSCRO387-24_merge,2689247,XCA36587.1,family:Linyphiidae,,1196,null,1533,0.0,294.0,99.3,104.0,null,null,null,null,null,null
BSCRO403-24_r_1_s_50_BSCRO403-24,BSCRO403-24,r_1_s_50_merge,>BSCRO403-24_r_1_s_50_BSCRO403-24_merge,2721256,YP_009680079.1,family:Dysderidae,,1048,null,1530,0.0,121.0,55.73,51.0,null,null,null,null,null,null
BSCRO467-24_r_1.5_s_50_BSCRO467-24,BSCRO467-24,r_1.5_s_50_merge,>BSCRO467-24_r_1.5_s_50_BSCRO467-24_merge,3139668,YP_009349339.1,family:Agelenidae,,824,null,1536,0.0,118.0,61.31,66.0,null,null,null,null,null,null
BSCRO421-24_r_1.5_s_50_BSCRO421-24,BSCRO421-24,r_1.5_s_50_merge,>BSCRO421-24_r_1.5_s_50_BSCRO421-24_merge,1926205,XCA36587.1,family:Linyphiidae,,413,null,1533,0.0,182.0,33.52,0.0,null,null,null,null,null,null
BSCRO391-24_r_1.3_s_100_BSCRO391-24,BSCRO391-24,r_1.3_s_100_merge,>BSCRO391-24_r_1.3_s_100_BSCRO391-24_merge,3139650,YP_009349339.1,family:Agelenidae,,337,null,1536,0.0,129.0,40.74,42.0,null,null,null,null,null,null
BSCRO458-24_r_1.5_s_50_BSCRO458-24,BSCRO458-24,r_1.5_s_50_merge,>BSCRO458-24_r_1.5_s_50_BSCRO458-24_merge,1872039,YP_009680079.1,family:Dysderidae,,646,null,1530,0.0,207.0,41.41,38.0,null,null,null,null,null,null
BSCRO459-24_r_1.5_s_100_BSCRO459-24,BSCRO459-24,r_1.5_s_100_merge,>BSCRO459-24_r_1.5_s_100_BSCRO459-24_merge,1872039,YP_009680079.1,family:Dysderidae,,1093,null,1530,0.0,185.0,76.91,81.0,null,null,null,null,null,null
BSCRO387-24_r_1.3_s_100_BSCRO387-24,BSCRO387-24,r_1.3_s_100_merge,>BSCRO387-24_r_1.3_s_100_BSCRO387-24_merge,2689247,XCA36587.1,family:Linyphiidae,,405,null,1533,0.0,115.0,39.71,35.0,null,null,null,null,null,null
BSCRO441-24_r_1_s_100_BSCRO441-24,BSCRO441-24,r_1_s_100_merge,>BSCRO441-24_r_1_s_100_BSCRO441-24_merge,2747156,XRO44683.1,genus:Zoropsis,,2813,null,1536,0.0,355.0,256.3,255.0,null,null,null,null,null,null
BSCRO447-24_r_1.5_s_50_BSCRO447-24,BSCRO447-24,r_1.5_s_50_merge,>BSCRO447-24_r_1.5_s_50_BSCRO447-24_merge,1959301,PRD22827.1,superfamily:Araneoidea,,103,null,1623,0.0,30.0,4.97,2.0,null,null,null,null,null,null
BSCRO473-24_r_1.3_s_50_BSCRO473-24,BSCRO473-24,r_1.3_s_50_merge,>BSCRO473-24_r_1.3_s_50_BSCRO473-24_merge,3139653,YP_009349339.1,family:Agelenidae,,599,null,1536,0.0,191.0,44.95,26.0,null,null,null,null,null,null
BSCRO405-24_r_1.5_s_50_BSCRO405-24,BSCRO405-24,r_1.5_s_50_merge,>BSCRO405-24_r_1.5_s_50_BSCRO405-24_merge,2770607,YP_009680079.1,family:Dysderidae,,0,null,1530,0.0,0.0,0.0,0.0,null,null,null,null,null,null
BSCRO399-24_r_1_s_50_BSCRO399-24,BSCRO399-24,r_1_s_50_merge,>BSCRO399-24_r_1_s_50_BSCRO399-24_merge,3237715,YP_010545517.1,family:Theridiidae,,1915,null,1533,5.0,275.0,137.62,136.0,null,null,null,null,null,null
BSCRO437-24_r_1_s_100_BSCRO437-24,BSCRO437-24,r_1_s_100_merge,>BSCRO437-24_r_1_s_100_BSCRO437-24_merge,1959301,PRD22827.1,superfamily:Araneoidea,,1203,null,1623,0.0,200.0,108.98,126.0,null,null,null,null,null,null
BSCRO462-24_r_1.3_s_100_BSCRO462-24,BSCRO462-24,r_1.3_s_100_merge,>BSCRO462-24_r_1.3_s_100_BSCRO462-24_merge,3139648,YP_009680079.1,family:Dysderidae,,264,null,1530,0.0,113.0,20.07,10.0,null,null,null,null,null,null
BSCRO446-24_r_1.3_s_50_BSCRO446-24,BSCRO446-24,r_1.3_s_50_merge,>BSCRO446-24_r_1.3_s_50_BSCRO446-24_merge,2734922,XAW19444.1,genus:Cheiracanthium,,153,null,1536,0.0,25.0,8.28,7.0,null,null,null,null,null,null
BSCRO423-24_r_1.3_s_100_BSCRO423-24,BSCRO423-24,r_1.3_s_100_merge,>BSCRO423-24_r_1.3_s_100_BSCRO423-24_merge,1959304,PRD22827.1,superfamily:Araneoidea,,281,null,1623,0.0,83.0,23.14,19.0,null,null,null,null,null,null
BSCRO430-24_r_1.3_s_50_BSCRO430-24,BSCRO430-24,r_1.3_s_50_merge,>BSCRO430-24_r_1.3_s_50_BSCRO430-24_merge,3139653,YP_009349339.1,family:Agelenidae,,227,null,1536,0.0,32.0,13.44,13.0,null,null,null,null,null,null
BSCRO442-24_r_1.3_s_100_BSCRO442-24,BSCRO442-24,r_1.3_s_100_merge,>BSCRO442-24_r_1.3_s_100_BSCRO442-24_merge,2721269,YP_009680079.1,family:Dysderidae,,956,null,1530,2.0,135.0,71.74,72.0,null,null,null,null,null,null
BSCRO392-24_r_1.5_s_100_BSCRO392-24,BSCRO392-24,r_1.5_s_100_merge,>BSCRO392-24_r_1.5_s_100_BSCRO392-24_merge,3139650,YP_009349339.1,family:Agelenidae,,320,null,1536,0.0,103.0,24.33,21.0,null,null,null,null,null,null
BSCRO402-24_r_1.5_s_50_BSCRO402-24,BSCRO402-24,r_1.5_s_50_merge,>BSCRO402-24_r_1.5_s_50_BSCRO402-24_merge,2721255,YP_009680079.1,family:Dysderidae,,68,null,1530,0.0,37.0,5.61,0.0,null,null,null,null,null,null
BSCRO423-24_r_1.5_s_100_BSCRO423-24,BSCRO423-24,r_1.5_s_100_merge,>BSCRO423-24_r_1.5_s_100_BSCRO423-24_merge,1959304,PRD22827.1,superfamily:Araneoidea,,115,null,1623,0.0,57.0,8.52,1.0,null,null,null,null,null,null
BSCRO401-24_r_1_s_100_BSCRO401-24,BSCRO401-24,r_1_s_100_merge,>BSCRO401-24_r_1_s_100_BSCRO401-24_merge,2721249,YP_009680079.1,family:Dysderidae,,1267,null,1530,5.0,186.0,128.77,134.5,null,null,null,null,null,null
BSCRO385-24_r_1.3_s_100_BSCRO385-24,BSCRO385-24,r_1.3_s_100_merge,>BSCRO385-24_r_1.3_s_100_BSCRO385-24_merge,2747120,QNV12043.1,subfamily:Linyphiinae,,824,null,1521,0.0,126.0,79.3,81.0,null,null,null,null,null,null
BSCRO413-24_r_1_s_50_BSCRO413-24,BSCRO413-24,r_1_s_50_merge,>BSCRO413-24_r_1_s_50_BSCRO413-24_merge,3139648,YP_009680079.1,family:Dysderidae,,708,null,1530,0.0,178.0,69.53,69.0,null,null,null,null,null,null
BSCRO467-24_r_1.3_s_100_BSCRO467-24,BSCRO467-24,r_1.3_s_100_merge,>BSCRO467-24_r_1.3_s_100_BSCRO467-24_merge,3139668,YP_009349339.1,family:Agelenidae,,950,null,1536,0.0,116.0,77.47,84.0,null,null,null,null,null,null
BSCRO404-24_r_1.3_s_100_BSCRO404-24,BSCRO404-24,r_1.3_s_100_merge,>BSCRO404-24_r_1.3_s_100_BSCRO404-24_merge,2721249,YP_009680079.1,family:Dysderidae,,328,null,1530,1.0,51.0,23.9,23.0,null,null,null,null,null,null
BSCRO424-24_r_1.5_s_100_BSCRO424-24,BSCRO424-24,r_1.5_s_100_merge,>BSCRO424-24_r_1.5_s_100_BSCRO424-24_merge,2721269,YP_009680079.1,family:Dysderidae,,144,null,1530,0.0,34.0,12.73,10.0,null,null,null,null,null,null
BSCRO470-24_r_1.3_s_100_BSCRO470-24,BSCRO470-24,r_1.3_s_100_merge,>BSCRO470-24_r_1.3_s_100_BSCRO470-24_merge,2721269,YP_009680079.1,family:Dysderidae,,240,null,1530,0.0,35.0,18.37,20.0,null,null,null,null,null,null
BSCRO458-24_r_1_s_100_BSCRO458-24,BSCRO458-24,r_1_s_100_merge,>BSCRO458-24_r_1_s_100_BSCRO458-24_merge,1872039,YP_009680079.1,family:Dysderidae,,631,null,1530,16.0,98.0,55.85,53.0,null,null,null,null,null,null
BSCRO411-24_r_1.3_s_100_BSCRO411-24,BSCRO411-24,r_1.3_s_100_merge,>BSCRO411-24_r_1.3_s_100_BSCRO411-24_merge,3139650,YP_009349339.1,family:Agelenidae,,1224,null,1536,0.0,171.0,113.99,120.0,null,null,null,null,null,null
BSCRO395-24_r_1_s_50_BSCRO395-24,BSCRO395-24,r_1_s_50_merge,>BSCRO395-24_r_1_s_50_BSCRO395-24_merge,2892423,PRD22827.1,superfamily:Araneoidea,,562,null,1623,0.0,89.0,32.32,34.0,null,null,null,null,null,null
BSCRO455-24_r_1.3_s_100_BSCRO455-24,BSCRO455-24,r_1.3_s_100_merge,>BSCRO455-24_r_1.3_s_100_BSCRO455-24_merge,2747120,QNV12043.1,subfamily:Linyphiinae,,394,null,1521,0.0,48.0,33.88,34.0,null,null,null,null,null,null
BSCRO435-24_r_1.5_s_50_BSCRO435-24,BSCRO435-24,r_1.5_s_50_merge,>BSCRO435-24_r_1.5_s_50_BSCRO435-24_merge,3139669,YP_009349339.1,family:Agelenidae,,324,null,1536,0.0,106.0,26.14,17.0,null,null,null,null,null,null
BSCRO411-24_r_1_s_50_BSCRO411-24,BSCRO411-24,r_1_s_50_merge,>BSCRO411-24_r_1_s_50_BSCRO411-24_merge,3139650,YP_009349339.1,family:Agelenidae,,1702,null,1536,5.0,202.0,131.81,130.0,null,null,null,null,null,null
BSCRO452-24_r_1_s_100_BSCRO452-24,BSCRO452-24,r_1_s_100_merge,>BSCRO452-24_r_1_s_100_BSCRO452-24_merge,1959301,PRD22827.1,superfamily:Araneoidea,,521,null,1623,0.0,101.0,45.16,45.0,null,null,null,null,null,null
BSCRO405-24_r_1.5_s_100_BSCRO405-24,BSCRO405-24,r_1.5_s_100_merge,>BSCRO405-24_r_1.5_s_100_BSCRO405-24_merge,2770607,YP_009680079.1,family:Dysderidae,,0,null,1530,0.0,0.0,0.0,0.0,null,null,null,null,null,null
BSCRO450-24_r_1.3_s_50_BSCRO450-24,BSCRO450-24,r_1.3_s_50_merge,>BSCRO450-24_r_1.3_s_50_BSCRO450-24_merge,2721269,YP_009680079.1,family:Dysderidae,,246,null,1530,0.0,77.0,20.05,16.0,null,null,null,null,null,null
BSCRO433-24_r_1_s_100_BSCRO433-24,BSCRO433-24,r_1_s_100_merge,>BSCRO433-24_r_1_s_100_BSCRO433-24_merge,2716446,WWQ79001.1,superfamily:Leptonetoidea,,161,null,1551,0.0,25.0,11.49,12.0,null,null,null,null,null,null
BSCRO469-24_r_1_s_50_BSCRO469-24,BSCRO469-24,r_1_s_50_merge,>BSCRO469-24_r_1_s_50_BSCRO469-24_merge,3139660,XCA36587.1,family:Linyphiidae,,739,null,1533,2.0,105.0,34.68,29.0,null,null,null,null,null,null
BSCRO396-24_r_1.5_s_100_BSCRO396-24,BSCRO396-24,r_1.5_s_100_merge,>BSCRO396-24_r_1.5_s_100_BSCRO396-24_merge,2747120,QNV12043.1,subfamily:Linyphiinae,,323,null,1521,0.0,53.0,26.37,27.0,null,null,null,null,null,null
BSCRO395-24_r_1.3_s_50_BSCRO395-24,BSCRO395-24,r_1.3_s_50_merge,>BSCRO395-24_r_1.3_s_50_BSCRO395-24_merge,2892423,PRD22827.1,superfamily:Araneoidea,,251,null,1623,0.0,47.0,13.93,13.0,null,null,null,null,null,null
BSCRO383-24_r_1.5_s_100_BSCRO383-24,BSCRO383-24,r_1.5_s_100_merge,>BSCRO383-24_r_1.5_s_100_BSCRO383-24_merge,2721269,YP_009680079.1,family:Dysderidae,,127,null,1530,0.0,29.0,10.89,10.0,null,null,null,null,null,null
BSCRO382-24_r_1_s_50_BSCRO382-24,BSCRO382-24,r_1_s_50_merge,>BSCRO382-24_r_1_s_50_BSCRO382-24_merge,2721269,YP_009680079.1,family:Dysderidae,,1709,null,1530,51.0,386.0,105.61,95.0,null,null,null,null,null,null
BSCRO442-24_r_1.5_s_100_BSCRO442-24,BSCRO442-24,r_1.5_s_100_merge,>BSCRO442-24_r_1.5_s_100_BSCRO442-24_merge,2721269,YP_009680079.1,family:Dysderidae,,649,null,1530,0.0,113.0,47.1,45.0,null,null,null,null,null,null
BSCRO389-24_r_1_s_100_BSCRO389-24,BSCRO389-24,r_1_s_100_merge,>BSCRO389-24_r_1_s_100_BSCRO389-24_merge,2747120,QNV12043.1,subfamily:Linyphiinae,,448,null,1521,0.0,64.0,44.99,47.0,null,null,null,null,null,null
BSCRO390-24_r_1_s_100_BSCRO390-24,BSCRO390-24,r_1_s_100_merge,>BSCRO390-24_r_1_s_100_BSCRO390-24_merge,2747120,QNV12043.1,subfamily:Linyphiinae,,189,null,1521,0.0,40.0,15.93,16.0,null,null,null,null,null,null
BSCRO446-24_r_1.5_s_50_BSCRO446-24,BSCRO446-24,r_1.5_s_50_merge,>BSCRO446-24_r_1.5_s_50_BSCRO446-24_merge,2734922,XAW19444.1,genus:Cheiracanthium,,133,null,1536,0.0,19.0,7.21,6.0,null,null,null,null,null,null
BSCRO395-24_r_1.5_s_100_BSCRO395-24,BSCRO395-24,r_1.5_s_100_merge,>BSCRO395-24_r_1.5_s_100_BSCRO395-24_merge,2892423,PRD22827.1,superfamily:Araneoidea,,90,null,1623,0.0,30.0,5.96,1.0,null,null,null,null,null,null
BSCRO388-24_r_1.5_s_100_BSCRO388-24,BSCRO388-24,r_1.5_s_100_merge,>BSCRO388-24_r_1.5_s_100_BSCRO388-24_merge,2721269,YP_009680079.1,family:Dysderidae,,157,null,1530,0.0,75.0,13.48,0.0,null,null,null,null,null,null
BSCRO404-24_r_1_s_50_BSCRO404-24,BSCRO404-24,r_1_s_50_merge,>BSCRO404-24_r_1_s_50_BSCRO404-24_merge,2721249,YP_009680079.1,family:Dysderidae,,655,null,1530,3.0,73.0,36.88,35.0,null,null,null,null,null,null
BSCRO415-24_r_1.3_s_50_BSCRO415-24,BSCRO415-24,r_1.3_s_50_merge,>BSCRO415-24_r_1.3_s_50_BSCRO415-24_merge,2747120,QNV12043.1,subfamily:Linyphiinae,,1143,null,1521,0.0,130.0,73.46,73.0,null,null,null,null,null,null
BSCRO443-24_r_1_s_100_BSCRO443-24,BSCRO443-24,r_1_s_100_merge,>BSCRO443-24_r_1_s_100_BSCRO443-24_merge,1654896,PRD22827.1,superfamily:Araneoidea,,139,null,1623,0.0,23.0,11.71,13.0,null,null,null,null,null,null
BSCRO407-24_r_1.3_s_50_BSCRO407-24,BSCRO407-24,r_1.3_s_50_merge,>BSCRO407-24_r_1.3_s_50_BSCRO407-24_merge,2721249,YP_009680079.1,family:Dysderidae,,415,null,1530,5.0,176.0,18.9,15.0,null,null,null,null,null,null
BSCRO388-24_r_1_s_100_BSCRO388-24,BSCRO388-24,r_1_s_100_merge,>BSCRO388-24_r_1_s_100_BSCRO388-24_merge,2721269,YP_009680079.1,family:Dysderidae,,791,null,1530,0.0,221.0,83.03,64.0,null,null,null,null,null,null
BSCRO423-24_r_1.3_s_50_BSCRO423-24,BSCRO423-24,r_1.3_s_50_merge,>BSCRO423-24_r_1.3_s_50_BSCRO423-24_merge,1959304,PRD22827.1,superfamily:Araneoidea,,407,null,1623,0.0,84.0,26.23,22.0,null,null,null,null,null,null
BSCRO469-24_r_1_s_100_BSCRO469-24,BSCRO469-24,r_1_s_100_merge,>BSCRO469-24_r_1_s_100_BSCRO469-24_merge,3139660,XCA36587.1,family:Linyphiidae,,396,null,1533,0.0,58.0,24.22,22.0,null,null,null,null,null,null
BSCRO436-24_r_1.5_s_100_BSCRO436-24,BSCRO436-24,r_1.5_s_100_merge,>BSCRO436-24_r_1.5_s_100_BSCRO436-24_merge,3139668,YP_009349339.1,family:Agelenidae,,190,null,1536,1.0,28.0,16.21,17.0,null,null,null,null,null,null
BSCRO421-24_r_1_s_50_BSCRO421-24,BSCRO421-24,r_1_s_50_merge,>BSCRO421-24_r_1_s_50_BSCRO421-24_merge,1926205,XCA36587.1,family:Linyphiidae,,1805,null,1533,0.0,436.0,172.33,182.0,null,null,null,null,null,null
BSCRO469-24_r_1.5_s_100_BSCRO469-24,BSCRO469-24,r_1.5_s_100_merge,>BSCRO469-24_r_1.5_s_100_BSCRO469-24_merge,3139660,XCA36587.1,family:Linyphiidae,,360,null,1533,0.0,58.0,21.91,20.0,null,null,null,null,null,null
BSCRO389-24_r_1_s_50_BSCRO389-24,BSCRO389-24,r_1_s_50_merge,>BSCRO389-24_r_1_s_50_BSCRO389-24_merge,2747120,QNV12043.1,subfamily:Linyphiinae,,562,null,1521,0.0,76.0,48.36,49.0,null,null,null,null,null,null
BSCRO405-24_r_1.3_s_50_BSCRO405-24,BSCRO405-24,r_1.3_s_50_merge,>BSCRO405-24_r_1.3_s_50_BSCRO405-24_merge,2770607,YP_009680079.1,family:Dysderidae,,0,null,1530,0.0,0.0,0.0,0.0,null,null,null,null,null,null
BSCRO408-24_r_1.5_s_50_BSCRO408-24,BSCRO408-24,r_1.5_s_50_merge,>BSCRO408-24_r_1.5_s_50_BSCRO408-24_merge,3228881,XCA36587.1,family:Linyphiidae,,597,null,1533,0.0,84.0,45.27,45.0,null,null,null,null,null,null
BSCRO453-24_r_1_s_50_BSCRO453-24,BSCRO453-24,r_1_s_50_merge,>BSCRO453-24_r_1_s_50_BSCRO453-24_merge,1395086,YP_009680079.1,family:Dysderidae,,1157,null,1530,33.0,342.0,64.31,57.0,null,null,null,null,null,null
BSCRO451-24_r_1_s_100_BSCRO451-24,BSCRO451-24,r_1_s_100_merge,>BSCRO451-24_r_1_s_100_BSCRO451-24_merge,3228881,XCA36587.1,family:Linyphiidae,,1302,null,1533,0.0,197.0,124.82,121.0,null,null,null,null,null,null
BSCRO437-24_r_1.3_s_100_BSCRO437-24,BSCRO437-24,r_1.3_s_100_merge,>BSCRO437-24_r_1.3_s_100_BSCRO437-24_merge,1959301,PRD22827.1,superfamily:Araneoidea,,665,null,1623,0.0,179.0,55.76,45.0,null,null,null,null,null,null
BSCRO428-24_r_1.3_s_100_BSCRO428-24,BSCRO428-24,r_1.3_s_100_merge,>BSCRO428-24_r_1.3_s_100_BSCRO428-24_merge,3139669,YP_009349339.1,family:Agelenidae,,299,null,1536,0.0,124.0,25.2,12.0,null,null,null,null,null,null
BSCRO475-24_r_1_s_50_BSCRO475-24,BSCRO475-24,r_1_s_50_merge,>BSCRO475-24_r_1_s_50_BSCRO475-24_merge,2970455,YP_009349339.1,family:Agelenidae,,1681,null,1536,0.0,359.0,152.36,158.0,null,null,null,null,null,null
BSCRO439-24_r_1.5_s_50_BSCRO439-24,BSCRO439-24,r_1.5_s_50_merge,>BSCRO439-24_r_1.5_s_50_BSCRO439-24_merge,2970455,YP_009349339.1,family:Agelenidae,,439,null,1536,0.0,92.0,38.07,37.0,null,null,null,null,null,null
BSCRO391-24_r_1.5_s_50_BSCRO391-24,BSCRO391-24,r_1.5_s_50_merge,>BSCRO391-24_r_1.5_s_50_BSCRO391-24_merge,3139650,YP_009349339.1,family:Agelenidae,,269,null,1536,0.0,81.0,20.5,14.0,null,null,null,null,null,null
BSCRO397-24_r_1_s_50_BSCRO397-24,BSCRO397-24,r_1_s_50_merge,>BSCRO397-24_r_1_s_50_BSCRO397-24_merge,3139669,YP_009349339.1,family:Agelenidae,,2120,null,1536,0.0,456.0,196.55,198.0,null,null,null,null,null,null
BSCRO423-24_r_1.5_s_50_BSCRO423-24,BSCRO423-24,r_1.5_s_50_merge,>BSCRO423-24_r_1.5_s_50_BSCRO423-24_merge,1959304,PRD22827.1,superfamily:Araneoidea,,172,null,1623,0.0,68.0,9.69,2.0,null,null,null,null,null,null
BSCRO437-24_r_1.3_s_50_BSCRO437-24,BSCRO437-24,r_1.3_s_50_merge,>BSCRO437-24_r_1.3_s_50_BSCRO437-24_merge,1959301,PRD22827.1,superfamily:Araneoidea,,802,null,1623,0.0,180.0,59.78,49.0,null,null,null,null,null,null
BSCRO411-24_r_1.3_s_50_BSCRO411-24,BSCRO411-24,r_1.3_s_50_merge,>BSCRO411-24_r_1.3_s_50_BSCRO411-24_merge,3139650,YP_009349339.1,family:Agelenidae,,1384,null,1536,3.0,194.0,118.17,122.0,null,null,null,null,null,null
BSCRO408-24_r_1.3_s_100_BSCRO408-24,BSCRO408-24,r_1.3_s_100_merge,>BSCRO408-24_r_1.3_s_100_BSCRO408-24_merge,3228881,XCA36587.1,family:Linyphiidae,,663,null,1533,0.0,78.0,55.46,57.0,null,null,null,null,null,null
BSCRO384-24_r_1_s_50_BSCRO384-24,BSCRO384-24,r_1_s_50_merge,>BSCRO384-24_r_1_s_50_BSCRO384-24_merge,2721269,YP_009680079.1,family:Dysderidae,,1642,null,1530,69.0,319.0,125.87,116.0,null,null,null,null,null,null
BSCRO445-24_r_1_s_100_BSCRO445-24,BSCRO445-24,r_1_s_100_merge,>BSCRO445-24_r_1_s_100_BSCRO445-24_merge,1959301,PRD22827.1,superfamily:Araneoidea,,83,null,1623,0.0,21.0,4.68,3.0,null,null,null,null,null,null
BSCRO386-24_r_1.3_s_100_BSCRO386-24,BSCRO386-24,r_1.3_s_100_merge,>BSCRO386-24_r_1.3_s_100_BSCRO386-24_merge,2747120,QNV12043.1,subfamily:Linyphiinae,,647,null,1521,0.0,106.0,63.79,61.0,null,null,null,null,null,null
BSCRO410-24_r_1.5_s_100_BSCRO410-24,BSCRO410-24,r_1.5_s_100_merge,>BSCRO410-24_r_1.5_s_100_BSCRO410-24_merge,2716446,WWQ79001.1,superfamily:Leptonetoidea,,111,null,1551,0.0,76.0,7.7,1.0,null,null,null,null,null,null
BSCRO475-24_r_1.3_s_50_BSCRO475-24,BSCRO475-24,r_1.3_s_50_merge,>BSCRO475-24_r_1.3_s_50_BSCRO475-24_merge,2970455,YP_009349339.1,family:Agelenidae,,688,null,1536,0.0,235.0,54.93,44.0,null,null,null,null,null,null
BSCRO401-24_r_1.3_s_100_BSCRO401-24,BSCRO401-24,r_1.3_s_100_merge,>BSCRO401-24_r_1.3_s_100_BSCRO401-24_merge,2721249,YP_009680079.1,family:Dysderidae,,1162,null,1530,0.0,186.0,117.75,128.0,null,null,null,null,null,null
BSCRO394-24_r_1.5_s_100_BSCRO394-24,BSCRO394-24,r_1.5_s_100_merge,>BSCRO394-24_r_1.5_s_100_BSCRO394-24_merge,3228881,XCA36587.1,family:Linyphiidae,,78,null,1533,0.0,24.0,5.92,5.0,null,null,null,null,null,null
BSCRO381-24_r_1.3_s_50_BSCRO381-24,BSCRO381-24,r_1.3_s_50_merge,>BSCRO381-24_r_1.3_s_50_BSCRO381-24_merge,3139648,YP_009680079.1,family:Dysderidae,,0,null,1530,0.0,0.0,0.0,0.0,null,null,null,null,null,null
BSCRO422-24_r_1_s_100_BSCRO422-24,BSCRO422-24,r_1_s_100_merge,>BSCRO422-24_r_1_s_100_BSCRO422-24_merge,1959304,PRD22827.1,superfamily:Araneoidea,,691,null,1623,0.0,108.0,60.31,70.0,null,null,null,null,null,null
BSCRO468-24_r_1.5_s_100_BSCRO468-24,BSCRO468-24,r_1.5_s_100_merge,>BSCRO468-24_r_1.5_s_100_BSCRO468-24_merge,3139653,YP_009349339.1,family:Agelenidae,,339,null,1536,0.0,45.0,25.54,27.0,null,null,null,null,null,null
BSCRO418-24_r_1.3_s_100_BSCRO418-24,BSCRO418-24,r_1.3_s_100_merge,>BSCRO418-24_r_1.3_s_100_BSCRO418-24_merge,1109451,QNV12118.1,genus:Amaurobius,,472,null,1536,0.0,144.0,38.41,24.0,null,null,null,null,null,null
BSCRO448-24_r_1_s_100_BSCRO448-24,BSCRO448-24,r_1_s_100_merge,>BSCRO448-24_r_1_s_100_BSCRO448-24_merge,1926205,XCA36587.1,family:Linyphiidae,,211,null,1533,0.0,28.0,14.78,15.0,null,null,null,null,null,null
BSCRO474-24_r_1.3_s_50_BSCRO474-24,BSCRO474-24,r_1.3_s_50_merge,>BSCRO474-24_r_1.3_s_50_BSCRO474-24_merge,1872039,YP_009680079.1,family:Dysderidae,,823,null,1530,0.0,327.0,51.27,36.0,null,null,null,null,null,null
BSCRO406-24_r_1_s_50_BSCRO406-24,BSCRO406-24,r_1_s_50_merge,>BSCRO406-24_r_1_s_50_BSCRO406-24_merge,2716446,WWQ79001.1,superfamily:Leptonetoidea,,926,null,1551,0.0,189.0,80.8,84.0,null,null,null,null,null,null
BSCRO440-24_r_1.5_s_100_BSCRO440-24,BSCRO440-24,r_1.5_s_100_merge,>BSCRO440-24_r_1.5_s_100_BSCRO440-24_merge,1959304,PRD22827.1,superfamily:Araneoidea,,353,null,1623,0.0,141.0,26.36,6.0,null,null,null,null,null,null
BSCRO428-24_r_1.5_s_50_BSCRO428-24,BSCRO428-24,r_1.5_s_50_merge,>BSCRO428-24_r_1.5_s_50_BSCRO428-24_merge,3139669,YP_009349339.1,family:Agelenidae,,224,null,1536,0.0,85.0,14.41,0.0,null,null,null,null,null,null
BSCRO404-24_r_1.5_s_100_BSCRO404-24,BSCRO404-24,r_1.5_s_100_merge,>BSCRO404-24_r_1.5_s_100_BSCRO404-24_merge,2721249,YP_009680079.1,family:Dysderidae,,197,null,1530,0.0,46.0,13.46,11.0,null,null,null,null,null,null
BSCRO466-24_r_1_s_50_BSCRO466-24,BSCRO466-24,r_1_s_50_merge,>BSCRO466-24_r_1_s_50_BSCRO466-24_merge,2721252,YP_009680079.1,family:Dysderidae,,693,null,1530,5.0,118.0,30.59,27.0,null,null,null,null,null,null
BSCRO458-24_r_1.5_s_100_BSCRO458-24,BSCRO458-24,r_1.5_s_100_merge,>BSCRO458-24_r_1.5_s_100_BSCRO458-24_merge,1872039,YP_009680079.1,family:Dysderidae,,417,null,1530,0.0,95.0,36.29,37.0,null,null,null,null,null,null
BSCRO443-24_r_1.5_s_50_BSCRO443-24,BSCRO443-24,r_1.5_s_50_merge,>BSCRO443-24_r_1.5_s_50_BSCRO443-24_merge,1654896,PRD22827.1,superfamily:Araneoidea,,66,null,1623,0.0,21.0,3.53,2.0,null,null,null,null,null,null
BSCRO440-24_r_1.5_s_50_BSCRO440-24,BSCRO440-24,r_1.5_s_50_merge,>BSCRO440-24_r_1.5_s_50_BSCRO440-24_merge,1959304,PRD22827.1,superfamily:Araneoidea,,409,null,1623,0.0,151.0,27.8,6.0,null,null,null,null,null,null
BSCRO407-24_r_1.5_s_50_BSCRO407-24,BSCRO407-24,r_1.5_s_50_merge,>BSCRO407-24_r_1.5_s_50_BSCRO407-24_merge,2721249,YP_009680079.1,family:Dysderidae,,258,null,1530,0.0,95.0,13.06,11.0,null,null,null,null,null,null
BSCRO400-24_r_1.3_s_50_BSCRO400-24,BSCRO400-24,r_1.3_s_50_merge,>BSCRO400-24_r_1.3_s_50_BSCRO400-24_merge,2766751,WWQ79001.1,superfamily:Leptonetoidea,,787,null,1551,0.0,143.0,72.52,74.0,null,null,null,null,null,null
BSCRO399-24_r_1.5_s_50_BSCRO399-24,BSCRO399-24,r_1.5_s_50_merge,>BSCRO399-24_r_1.5_s_50_BSCRO399-24_merge,3237715,YP_010545517.1,family:Theridiidae,,1260,null,1533,0.0,181.0,107.05,121.0,null,null,null,null,null,null
BSCRO438-24_r_1_s_100_BSCRO438-24,BSCRO438-24,r_1_s_100_merge,>BSCRO438-24_r_1_s_100_BSCRO438-24_merge,2721255,YP_009680079.1,family:Dysderidae,,363,null,1530,0.0,95.0,36.87,28.5,null,null,null,null,null,null
BSCRO412-24_r_1.3_s_100_BSCRO412-24,BSCRO412-24,r_1.3_s_100_merge,>BSCRO412-24_r_1.3_s_100_BSCRO412-24_merge,2721269,YP_009680079.1,family:Dysderidae,,141,null,1530,1.0,22.0,11.94,13.0,null,null,null,null,null,null
BSCRO462-24_r_1_s_100_BSCRO462-24,BSCRO462-24,r_1_s_100_merge,>BSCRO462-24_r_1_s_100_BSCRO462-24_merge,3139648,YP_009680079.1,family:Dysderidae,,753,null,1530,0.0,151.0,64.25,63.0,null,null,null,null,null,null
BSCRO445-24_r_1.3_s_100_BSCRO445-24,BSCRO445-24,r_1.3_s_100_merge,>BSCRO445-24_r_1.3_s_100_BSCRO445-24_merge,1959301,PRD22827.1,superfamily:Araneoidea,,72,null,1623,0.0,21.0,3.89,2.0,null,null,null,null,null,null
BSCRO403-24_r_1.5_s_50_BSCRO403-24,BSCRO403-24,r_1.5_s_50_merge,>BSCRO403-24_r_1.5_s_50_BSCRO403-24_merge,2721256,YP_009680079.1,family:Dysderidae,,375,null,1530,0.0,71.0,21.49,15.0,null,null,null,null,null,null
BSCRO389-24_r_1.5_s_50_BSCRO389-24,BSCRO389-24,r_1.5_s_50_merge,>BSCRO389-24_r_1.5_s_50_BSCRO389-24_merge,2747120,QNV12043.1,subfamily:Linyphiinae,,391,null,1521,0.0,60.0,37.06,37.0,null,null,null,null,null,null
BSCRO381-24_r_1.3_s_100_BSCRO381-24,BSCRO381-24,r_1.3_s_100_merge,>BSCRO381-24_r_1.3_s_100_BSCRO381-24_merge,3139648,YP_009680079.1,family:Dysderidae,,0,null,1530,0.0,0.0,0.0,0.0,null,null,null,null,null,null
BSCRO430-24_r_1_s_50_BSCRO430-24,BSCRO430-24,r_1_s_50_merge,>BSCRO430-24_r_1_s_50_BSCRO430-24_merge,3139653,YP_009349339.1,family:Agelenidae,,355,null,1536,1.0,42.0,17.54,17.0,null,null,null,null,null,null
BSCRO434-24_r_1.3_s_50_BSCRO434-24,BSCRO434-24,r_1.3_s_50_merge,>BSCRO434-24_r_1.3_s_50_BSCRO434-24_merge,2721252,YP_009680079.1,family:Dysderidae,,699,null,1530,5.0,81.0,43.92,43.0,null,null,null,null,null,null
BSCRO473-24_r_1.3_s_100_BSCRO473-24,BSCRO473-24,r_1.3_s_100_merge,>BSCRO473-24_r_1.3_s_100_BSCRO473-24_merge,3139653,YP_009349339.1,family:Agelenidae,,438,null,1536,0.0,178.0,40.16,25.0,null,null,null,null,null,null
BSCRO463-24_r_1_s_100_BSCRO463-24,BSCRO463-24,r_1_s_100_merge,>BSCRO463-24_r_1_s_100_BSCRO463-24_merge,2721269,YP_009680079.1,family:Dysderidae,,1177,null,1530,0.0,241.0,116.5,120.5,null,null,null,null,null,null
BSCRO384-24_r_1.3_s_50_BSCRO384-24,BSCRO384-24,r_1.3_s_50_merge,>BSCRO384-24_r_1.3_s_50_BSCRO384-24_merge,2721269,YP_009680079.1,family:Dysderidae,,1150,null,1530,17.0,239.0,101.07,98.0,null,null,null,null,null,null
BSCRO455-24_r_1_s_50_BSCRO455-24,BSCRO455-24,r_1_s_50_merge,>BSCRO455-24_r_1_s_50_BSCRO455-24_merge,2747120,QNV12043.1,subfamily:Linyphiinae,,631,null,1521,0.0,96.0,41.95,40.0,null,null,null,null,null,null
BSCRO466-24_r_1.3_s_50_BSCRO466-24,BSCRO466-24,r_1.3_s_50_merge,>BSCRO466-24_r_1.3_s_50_BSCRO466-24_merge,2721252,YP_009680079.1,family:Dysderidae,,376,null,1530,2.0,43.0,19.04,19.0,null,null,null,null,null,null
BSCRO393-24_r_1_s_100_BSCRO393-24,BSCRO393-24,r_1_s_100_merge,>BSCRO393-24_r_1_s_100_BSCRO393-24_merge,3228881,XCA36587.1,family:Linyphiidae,,132,null,1533,0.0,27.0,10.26,9.0,null,null,null,null,null,null
BSCRO432-24_r_1_s_50_BSCRO432-24,BSCRO432-24,r_1_s_50_merge,>BSCRO432-24_r_1_s_50_BSCRO432-24_merge,3139650,YP_009349339.1,family:Agelenidae,,134,null,1536,0.0,16.0,6.09,5.0,null,null,null,null,null,null
BSCRO440-24_r_1.3_s_100_BSCRO440-24,BSCRO440-24,r_1.3_s_100_merge,>BSCRO440-24_r_1.3_s_100_BSCRO440-24_merge,1959304,PRD22827.1,superfamily:Araneoidea,,888,null,1623,0.0,235.0,76.0,64.0,null,null,null,null,null,null
BSCRO429-24_r_1.5_s_50_BSCRO429-24,BSCRO429-24,r_1.5_s_50_merge,>BSCRO429-24_r_1.5_s_50_BSCRO429-24_merge,3139653,YP_009349339.1,family:Agelenidae,,0,null,1536,0.0,0.0,0.0,0.0,null,null,null,null,null,null
BSCRO460-24_r_1.5_s_50_BSCRO460-24,BSCRO460-24,r_1.5_s_50_merge,>BSCRO460-24_r_1.5_s_50_BSCRO460-24_merge,2689247,XCA36587.1,family:Linyphiidae,,951,null,1533,4.0,139.0,89.42,94.0,null,null,null,null,null,null
BSCRO411-24_r_1.5_s_50_BSCRO411-24,BSCRO411-24,r_1.5_s_50_merge,>BSCRO411-24_r_1.5_s_50_BSCRO411-24_merge,3139650,YP_009349339.1,family:Agelenidae,,1086,null,1536,0.0,188.0,96.02,108.0,null,null,null,null,null,null
BSCRO382-24_r_1.3_s_50_BSCRO382-24,BSCRO382-24,r_1.3_s_50_merge,>BSCRO382-24_r_1.3_s_50_BSCRO382-24_merge,2721269,YP_009680079.1,family:Dysderidae,,1156,null,1530,10.0,249.0,82.73,82.0,null,null,null,null,null,null
BSCRO470-24_r_1.3_s_50_BSCRO470-24,BSCRO470-24,r_1.3_s_50_merge,>BSCRO470-24_r_1.3_s_50_BSCRO470-24_merge,2721269,YP_009680079.1,family:Dysderidae,,390,null,1530,0.0,100.0,22.29,22.0,null,null,null,null,null,null
BSCRO475-24_r_1_s_100_BSCRO475-24,BSCRO475-24,r_1_s_100_merge,>BSCRO475-24_r_1_s_100_BSCRO475-24_merge,2970455,YP_009349339.1,family:Agelenidae,,1435,null,1536,0.0,346.0,143.17,139.5,null,null,null,null,null,null
BSCRO468-24_r_1_s_100_BSCRO468-24,BSCRO468-24,r_1_s_100_merge,>BSCRO468-24_r_1_s_100_BSCRO468-24_merge,3139653,YP_009349339.1,family:Agelenidae,,403,null,1536,12.0,45.0,30.9,31.0,null,null,null,null,null,null
BSCRO422-24_r_1.5_s_50_BSCRO422-24,BSCRO422-24,r_1.5_s_50_merge,>BSCRO422-24_r_1.5_s_50_BSCRO422-24_merge,1959304,PRD22827.1,superfamily:Araneoidea,,200,null,1623,0.0,80.0,13.11,2.0,null,null,null,null,null,null
BSCRO456-24_r_1_s_50_BSCRO456-24,BSCRO456-24,r_1_s_50_merge,>BSCRO456-24_r_1_s_50_BSCRO456-24_merge,3139660,XCA36587.1,family:Linyphiidae,,1230,null,1533,0.0,147.0,81.95,77.0,null,null,null,null,null,null
BSCRO454-24_r_1.5_s_100_BSCRO454-24,BSCRO454-24,r_1.5_s_100_merge,>BSCRO454-24_r_1.5_s_100_BSCRO454-24_merge,1926205,XCA36587.1,family:Linyphiidae,,67,null,1533,0.0,42.0,6.02,3.0,null,null,null,null,null,null
BSCRO474-24_r_1.5_s_100_BSCRO474-24,BSCRO474-24,r_1.5_s_100_merge,>BSCRO474-24_r_1.5_s_100_BSCRO474-24_merge,1872039,YP_009680079.1,family:Dysderidae,,236,null,1530,0.0,94.0,20.04,12.0,null,null,null,null,null,null
BSCRO449-24_r_1.3_s_50_BSCRO449-24,BSCRO449-24,r_1.3_s_50_merge,>BSCRO449-24_r_1.3_s_50_BSCRO449-24_merge,2721269,YP_009680079.1,family:Dysderidae,,334,null,1530,0.0,75.0,25.17,22.5,null,null,null,null,null,null
BSCRO414-24_r_1_s_100_BSCRO414-24_fcleaner_merge,BSCRO414-24,r_1_s_100_fcleaner_merge,>BSCRO414-24_r_1_s_100_BSCRO414-24_fcleaner_merge,2721269,YP_009680079.1,family:Dysderidae,null,661,null,null,23.0,115.0,59.52,56.0,0,30,13,0,0,100.0
BSCRO394-24_r_1.3_s_50_BSCRO394-24_fcleaner_merge,BSCRO394-24,r_1.3_s_50_fcleaner_merge,>BSCRO394-24_r_1.3_s_50_BSCRO394-24_fcleaner_merge,3228881,XCA36587.1,family:Linyphiidae,null,91,null,null,0.0,20.0,5.79,6.0,0,64,6,0,0,96.09
BSCRO386-24_r_1.5_s_100_BSCRO386-24_fcleaner_merge,BSCRO386-24,r_1.5_s_100_fcleaner_merge,>BSCRO386-24_r_1.5_s_100_BSCRO386-24_fcleaner_merge,2747120,QNV12043.1,subfamily:Linyphiinae,null,520,null,null,0.0,90.0,52.48,54.0,0,17,7,0,0,99.8
BSCRO455-24_r_1_s_50_BSCRO455-24_fcleaner_merge,BSCRO455-24,r_1_s_50_fcleaner_merge,>BSCRO455-24_r_1_s_50_BSCRO455-24_fcleaner_merge,2747120,QNV12043.1,subfamily:Linyphiinae,null,523,null,null,0.0,88.0,37.7,37.0,0,89,19,0,0,99.8
BSCRO460-24_r_1_s_100_BSCRO460-24_fcleaner_merge,BSCRO460-24,r_1_s_100_fcleaner_merge,>BSCRO460-24_r_1_s_100_BSCRO460-24_fcleaner_merge,2689247,XCA36587.1,family:Linyphiidae,null,967,null,null,0.0,137.0,96.25,97.0,0,17,12,0,0,99.41
BSCRO474-24_r_1.5_s_100_BSCRO474-24_fcleaner_merge,BSCRO474-24,r_1.5_s_100_fcleaner_merge,>BSCRO474-24_r_1.5_s_100_BSCRO474-24_fcleaner_merge,1872039,YP_009680079.1,family:Dysderidae,null,88,null,null,0.0,36.0,8.43,0.0,0,147,1,0,0,40.39
BSCRO411-24_r_1.3_s_50_BSCRO411-24_fcleaner_merge,BSCRO411-24,r_1.3_s_50_fcleaner_merge,>BSCRO411-24_r_1.3_s_50_BSCRO411-24_fcleaner_merge,3139650,YP_009349339.1,family:Agelenidae,null,1260,null,null,0.0,172.0,113.24,118.5,0,73,51,0,0,99.61
BSCRO402-24_r_1_s_50_BSCRO402-24_fcleaner_merge,BSCRO402-24,r_1_s_50_fcleaner_merge,>BSCRO402-24_r_1_s_50_BSCRO402-24_fcleaner_merge,2721255,YP_009680079.1,family:Dysderidae,null,215,null,null,0.0,70.0,19.92,14.0,0,89,15,0,0,92.55
BSCRO384-24_r_1.3_s_100_BSCRO384-24_fcleaner_merge,BSCRO384-24,r_1.3_s_100_fcleaner_merge,>BSCRO384-24_r_1.3_s_100_BSCRO384-24_fcleaner_merge,2721269,YP_009680079.1,family:Dysderidae,null,901,null,null,1.0,188.0,92.12,92.0,0,12,20,0,0,100.0
BSCRO436-24_r_1.3_s_100_BSCRO436-24_fcleaner_merge,BSCRO436-24,r_1.3_s_100_fcleaner_merge,>BSCRO436-24_r_1.3_s_100_BSCRO436-24_fcleaner_merge,3139668,YP_009349339.1,family:Agelenidae,null,210,null,null,1.0,30.0,18.07,18.0,0,17,17,0,0,100.0
BSCRO401-24_r_1.5_s_50_BSCRO401-24_fcleaner_merge,BSCRO401-24,r_1.5_s_50_fcleaner_merge,>BSCRO401-24_r_1.5_s_50_BSCRO401-24_fcleaner_merge,2721249,YP_009680079.1,family:Dysderidae,null,686,null,null,0.0,166.0,63.53,59.0,0,28,16,0,0,94.51
BSCRO463-24_r_1.5_s_50_BSCRO463-24_fcleaner_merge,BSCRO463-24,r_1.5_s_50_fcleaner_merge,>BSCRO463-24_r_1.5_s_50_BSCRO463-24_fcleaner_merge,2721269,YP_009680079.1,family:Dysderidae,null,180,null,null,0.0,86.0,15.15,0.0,0,11,1,0,0,48.24
BSCRO474-24_r_1.3_s_100_BSCRO474-24_fcleaner_merge,BSCRO474-24,r_1.3_s_100_fcleaner_merge,>BSCRO474-24_r_1.3_s_100_BSCRO474-24_fcleaner_merge,1872039,YP_009680079.1,family:Dysderidae,null,277,null,null,0.0,138.0,25.02,12.0,0,167,1,0,3,59.61
BSCRO430-24_r_1.5_s_50_BSCRO430-24_fcleaner_merge,BSCRO430-24,r_1.5_s_50_fcleaner_merge,>BSCRO430-24_r_1.5_s_50_BSCRO430-24_fcleaner_merge,3139653,YP_009349339.1,family:Agelenidae,null,132,null,null,0.0,19.0,9.81,10.0,0,22,12,0,0,92.77
BSCRO467-24_r_1_s_50_BSCRO467-24_fcleaner_merge,BSCRO467-24,r_1_s_50_fcleaner_merge,>BSCRO467-24_r_1_s_50_BSCRO467-24_fcleaner_merge,3139668,YP_009349339.1,family:Agelenidae,null,1110,null,null,0.0,125.0,80.78,82.0,0,277,39,0,3,99.61
BSCRO406-24_r_1.5_s_50_BSCRO406-24_fcleaner_merge,BSCRO406-24,r_1.5_s_50_fcleaner_merge,>BSCRO406-24_r_1.5_s_50_BSCRO406-24_fcleaner_merge,2716446,WWQ79001.1,superfamily:Leptonetoidea,null,122,null,null,0.0,34.0,8.22,5.0,0,67,3,0,0,62.09
BSCRO442-24_r_1_s_50_BSCRO442-24_fcleaner_merge,BSCRO442-24,r_1_s_50_fcleaner_merge,>BSCRO442-24_r_1_s_50_BSCRO442-24_fcleaner_merge,2721269,YP_009680079.1,family:Dysderidae,null,1103,null,null,29.0,122.0,75.76,76.0,0,581,58,0,0,100.0
BSCRO397-24_r_1.3_s_50_BSCRO397-24_fcleaner_merge,BSCRO397-24,r_1.3_s_50_fcleaner_merge,>BSCRO397-24_r_1.3_s_50_BSCRO397-24_fcleaner_merge,3139669,YP_009349339.1,family:Agelenidae,null,518,null,null,0.0,155.0,42.46,33.0,0,119,11,0,0,70.9
BSCRO473-24_r_1.5_s_50_BSCRO473-24_fcleaner_merge,BSCRO473-24,r_1.5_s_50_fcleaner_merge,>BSCRO473-24_r_1.5_s_50_BSCRO473-24_fcleaner_merge,3139653,YP_009349339.1,family:Agelenidae,null,241,null,null,0.0,105.0,17.18,0.0,0,91,1,0,0,43.16
BSCRO387-24_r_1_s_50_BSCRO387-24_fcleaner_merge,BSCRO387-24,r_1_s_50_fcleaner_merge,>BSCRO387-24_r_1_s_50_BSCRO387-24_fcleaner_merge,2689247,XCA36587.1,family:Linyphiidae,null,851,null,null,0.0,187.0,77.24,81.0,0,294,51,0,3,89.63
BSCRO429-24_r_1.5_s_100_BSCRO429-24_fcleaner,BSCRO429-24,r_1.5_s_100_fcleaner_merge,null,3139653,YP_009349339.1,family:Agelenidae,null,0,null,null,0.0,0.0,0.0,0.0,0,0,0,0,0,0.0
BSCRO408-24_r_1.3_s_100_BSCRO408-24_fcleaner_merge,BSCRO408-24,r_1.3_s_100_fcleaner_merge,>BSCRO408-24_r_1.3_s_100_BSCRO408-24_fcleaner_merge,3228881,XCA36587.1,family:Linyphiidae,null,617,null,null,0.0,75.0,52.08,54.0,0,34,12,0,0,99.8
BSCRO416-24_r_1.3_s_100_BSCRO416-24_fcleaner_merge,BSCRO416-24,r_1.3_s_100_fcleaner_merge,>BSCRO416-24_r_1.3_s_100_BSCRO416-24_fcleaner_merge,2766751,WWQ79001.1,superfamily:Leptonetoidea,null,3273,null,null,0.0,555.0,295.1,306.0,0,184,57,0,0,91.3
BSCRO429-24_r_1.5_s_50_BSCRO429-24_fcleaner,BSCRO429-24,r_1.5_s_50_fcleaner_merge,null,3139653,YP_009349339.1,family:Agelenidae,null,0,null,null,0.0,0.0,0.0,0.0,0,0,0,0,0,0.0
BSCRO439-24_r_1_s_100_BSCRO439-24_fcleaner_merge,BSCRO439-24,r_1_s_100_fcleaner_merge,>BSCRO439-24_r_1_s_100_BSCRO439-24_fcleaner_merge,2970455,YP_009349339.1,family:Agelenidae,null,471,null,null,0.0,93.0,42.37,41.0,0,33,17,0,0,99.8
BSCRO418-24_r_1_s_50_BSCRO418-24_fcleaner_merge,BSCRO418-24,r_1_s_50_fcleaner_merge,>BSCRO418-24_r_1_s_50_BSCRO418-24_fcleaner_merge,1109451,QNV12118.1,genus:Amaurobius,null,826,null,null,0.0,184.0,67.11,66.0,0,262,47,0,3,96.68
BSCRO457-24_r_1.5_s_50_BSCRO457-24_fcleaner_merge,BSCRO457-24,r_1.5_s_50_fcleaner_merge,>BSCRO457-24_r_1.5_s_50_BSCRO457-24_fcleaner_merge,2721249,YP_009680079.1,family:Dysderidae,null,260,null,null,0.0,47.0,13.04,10.0,0,44,2,0,0,96.67
BSCRO422-24_r_1.5_s_100_BSCRO422-24_fcleaner_merge,BSCRO422-24,r_1.5_s_100_fcleaner_merge,>BSCRO422-24_r_1.5_s_100_BSCRO422-24_fcleaner_merge,1959304,PRD22827.1,superfamily:Araneoidea,null,157,null,null,0.0,67.0,11.53,0.0,0,7,8,0,0,48.06
BSCRO470-24_r_1_s_50_BSCRO470-24_fcleaner_merge,BSCRO470-24,r_1_s_50_fcleaner_merge,>BSCRO470-24_r_1_s_50_BSCRO470-24_fcleaner_merge,2721269,YP_009680079.1,family:Dysderidae,null,393,null,null,9.0,63.0,23.4,23.0,0,216,21,0,0,100.0
BSCRO472-24_r_1.3_s_50_BSCRO472-24_fcleaner_merge,BSCRO472-24,r_1.3_s_50_fcleaner_merge,>BSCRO472-24_r_1.3_s_50_BSCRO472-24_fcleaner_merge,3139660,XCA36587.1,family:Linyphiidae,null,398,null,null,0.0,57.0,32.79,31.0,0,52,6,0,0,99.8
BSCRO472-24_r_1.5_s_100_BSCRO472-24_fcleaner_merge,BSCRO472-24,r_1.5_s_100_fcleaner_merge,>BSCRO472-24_r_1.5_s_100_BSCRO472-24_fcleaner_merge,3139660,XCA36587.1,family:Linyphiidae,null,328,null,null,0.0,50.0,28.75,29.0,0,8,4,0,0,99.41
BSCRO465-24_r_1.3_s_50_BSCRO465-24_fcleaner_merge,BSCRO465-24,r_1.3_s_50_fcleaner_merge,>BSCRO465-24_r_1.3_s_50_BSCRO465-24_fcleaner_merge,1926205,XCA36587.1,family:Linyphiidae,null,1094,null,null,0.0,121.0,87.69,89.0,0,134,12,0,0,99.41
BSCRO414-24_r_1_s_50_BSCRO414-24_fcleaner_merge,BSCRO414-24,r_1_s_50_fcleaner_merge,>BSCRO414-24_r_1_s_50_BSCRO414-24_fcleaner_merge,2721269,YP_009680079.1,family:Dysderidae,null,1093,null,null,24.0,296.0,71.9,61.0,0,610,68,0,0,100.0
BSCRO437-24_r_1.5_s_50_BSCRO437-24_fcleaner_merge,BSCRO437-24,r_1.5_s_50_fcleaner_merge,>BSCRO437-24_r_1.5_s_50_BSCRO437-24_fcleaner_merge,1959301,PRD22827.1,superfamily:Araneoidea,null,295,null,null,0.0,123.0,21.02,5.0,0,14,6,0,0,66.73
BSCRO457-24_r_1.3_s_50_BSCRO457-24_fcleaner_merge,BSCRO457-24,r_1.3_s_50_fcleaner_merge,>BSCRO457-24_r_1.3_s_50_BSCRO457-24_fcleaner_merge,2721249,YP_009680079.1,family:Dysderidae,null,376,null,null,0.0,48.0,19.17,18.0,0,77,6,0,0,99.61
BSCRO394-24_r_1_s_100_BSCRO394-24_fcleaner_merge,BSCRO394-24,r_1_s_100_fcleaner_merge,>BSCRO394-24_r_1_s_100_BSCRO394-24_fcleaner_merge,3228881,XCA36587.1,family:Linyphiidae,null,31,null,null,0.0,10.0,2.57,2.0,0,107,3,0,0,76.13
BSCRO439-24_r_1.5_s_100_BSCRO439-24_fcleaner_merge,BSCRO439-24,r_1.5_s_100_fcleaner_merge,>BSCRO439-24_r_1.5_s_100_BSCRO439-24_fcleaner_merge,2970455,YP_009349339.1,family:Agelenidae,null,384,null,null,0.0,82.0,35.51,35.0,0,16,5,0,0,99.8
BSCRO461-24_r_1_s_50_BSCRO461-24_fcleaner_merge,BSCRO461-24,r_1_s_50_fcleaner_merge,>BSCRO461-24_r_1_s_50_BSCRO461-24_fcleaner_merge,2721252,YP_009680079.1,family:Dysderidae,null,623,null,null,2.0,67.0,42.39,42.0,0,124,16,0,0,100.0
BSCRO404-24_r_1.5_s_50_BSCRO404-24_fcleaner_merge,BSCRO404-24,r_1.5_s_50_fcleaner_merge,>BSCRO404-24_r_1.5_s_50_BSCRO404-24_fcleaner_merge,2721249,YP_009680079.1,family:Dysderidae,null,225,null,null,0.0,50.0,14.1,11.0,0,13,8,0,1,88.43
BSCRO382-24_r_1.3_s_50_BSCRO382-24_fcleaner_merge,BSCRO382-24,r_1.3_s_50_fcleaner_merge,>BSCRO382-24_r_1.3_s_50_BSCRO382-24_fcleaner_merge,2721269,YP_009680079.1,family:Dysderidae,null,958,null,null,9.0,137.0,77.2,78.5,0,171,27,0,0,100.0
BSCRO462-24_r_1.5_s_100_BSCRO462-24_fcleaner_merge,BSCRO462-24,r_1.5_s_100_fcleaner_merge,>BSCRO462-24_r_1.5_s_100_BSCRO462-24_fcleaner_merge,3139648,YP_009680079.1,family:Dysderidae,null,139,null,null,0.0,75.0,10.11,0.0,0,14,0,0,0,34.31
BSCRO433-24_r_1.5_s_100_BSCRO433-24_fcleaner_merge,BSCRO433-24,r_1.5_s_100_fcleaner_merge,>BSCRO433-24_r_1.5_s_100_BSCRO433-24_fcleaner_merge,2716446,WWQ79001.1,superfamily:Leptonetoidea,null,81,null,null,0.0,16.0,5.32,4.0,0,2,1,0,0,76.98
BSCRO390-24_r_1.5_s_50_BSCRO390-24_fcleaner_merge,BSCRO390-24,r_1.5_s_50_fcleaner_merge,>BSCRO390-24_r_1.5_s_50_BSCRO390-24_fcleaner_merge,2747120,QNV12043.1,subfamily:Linyphiinae,null,110,null,null,0.0,21.0,6.65,5.0,0,22,3,0,0,95.07
BSCRO398-24_r_1.3_s_100_BSCRO398-24_fcleaner_merge,BSCRO398-24,r_1.3_s_100_fcleaner_merge,>BSCRO398-24_r_1.3_s_100_BSCRO398-24_fcleaner_merge,2721269,YP_009680079.1,family:Dysderidae,null,315,null,null,0.0,47.0,30.2,32.0,0,10,5,0,0,99.8
BSCRO443-24_r_1.3_s_50_BSCRO443-24_fcleaner_merge,BSCRO443-24,r_1.3_s_50_fcleaner_merge,>BSCRO443-24_r_1.3_s_50_BSCRO443-24_fcleaner_merge,1654896,PRD22827.1,superfamily:Araneoidea,null,111,null,null,0.0,22.0,6.46,5.0,0,22,12,0,0,83.73
BSCRO386-24_r_1.5_s_50_BSCRO386-24_fcleaner_merge,BSCRO386-24,r_1.5_s_50_fcleaner_merge,>BSCRO386-24_r_1.5_s_50_BSCRO386-24_fcleaner_merge,2747120,QNV12043.1,subfamily:Linyphiinae,null,625,null,null,0.0,151.0,54.85,54.0,0,405,20,0,0,99.8
BSCRO382-24_r_1.5_s_100_BSCRO382-24_fcleaner_merge,BSCRO382-24,r_1.5_s_100_fcleaner_merge,>BSCRO382-24_r_1.5_s_100_BSCRO382-24_fcleaner_merge,2721269,YP_009680079.1,family:Dysderidae,null,560,null,null,0.0,97.0,49.93,57.0,0,14,9,0,0,90.98
BSCRO415-24_r_1.3_s_50_BSCRO415-24_fcleaner_merge,BSCRO415-24,r_1.3_s_50_fcleaner_merge,>BSCRO415-24_r_1.3_s_50_BSCRO415-24_fcleaner_merge,2747120,QNV12043.1,subfamily:Linyphiinae,null,917,null,null,0.0,111.0,59.81,59.0,0,209,17,0,0,99.8
BSCRO453-24_r_1.5_s_50_BSCRO453-24_fcleaner_merge,BSCRO453-24,r_1.5_s_50_fcleaner_merge,>BSCRO453-24_r_1.5_s_50_BSCRO453-24_fcleaner_merge,1395086,YP_009680079.1,family:Dysderidae,null,541,null,null,0.0,94.0,39.46,41.0,0,196,13,0,0,95.88
BSCRO460-24_r_1.5_s_50_BSCRO460-24_fcleaner_merge,BSCRO460-24,r_1.5_s_50_fcleaner_merge,>BSCRO460-24_r_1.5_s_50_BSCRO460-24_fcleaner_merge,2689247,XCA36587.1,family:Linyphiidae,null,903,null,null,0.0,137.0,88.09,92.0,0,37,11,0,0,99.41
BSCRO415-24_r_1.5_s_100_BSCRO415-24_fcleaner_merge,BSCRO415-24,r_1.5_s_100_fcleaner_merge,>BSCRO415-24_r_1.5_s_100_BSCRO415-24_fcleaner_merge,2747120,QNV12043.1,subfamily:Linyphiinae,null,625,null,null,0.0,89.0,44.19,43.0,0,110,13,0,0,99.8
BSCRO405-24_r_1_s_50_BSCRO405-24_fcleaner,BSCRO405-24,r_1_s_50_fcleaner_merge,null,2770607,YP_009680079.1,family:Dysderidae,null,0,null,null,0.0,0.0,0.0,0.0,0,0,0,0,0,0.0
BSCRO427-24_r_1.3_s_50_BSCRO427-24_fcleaner_merge,BSCRO427-24,r_1.3_s_50_fcleaner_merge,>BSCRO427-24_r_1.3_s_50_BSCRO427-24_fcleaner_merge,3139652,YP_009349339.1,family:Agelenidae,null,476,null,null,13.0,73.0,50.77,52.0,0,46,3,0,0,100.0
BSCRO458-24_r_1_s_50_BSCRO458-24_fcleaner_merge,BSCRO458-24,r_1_s_50_fcleaner_merge,>BSCRO458-24_r_1_s_50_BSCRO458-24_fcleaner_merge,1872039,YP_009680079.1,family:Dysderidae,null,835,null,null,25.0,214.0,58.67,53.5,0,488,29,0,0,100.0
BSCRO440-24_r_1.3_s_100_BSCRO440-24_fcleaner_merge,BSCRO440-24,r_1.3_s_100_fcleaner_merge,>BSCRO440-24_r_1.3_s_100_BSCRO440-24_fcleaner_merge,1959304,PRD22827.1,superfamily:Araneoidea,null,838,null,null,0.0,232.0,72.45,63.0,0,40,10,0,0,75.05
BSCRO397-24_r_1_s_50_BSCRO397-24_fcleaner_merge,BSCRO397-24,r_1_s_50_fcleaner_merge,>BSCRO397-24_r_1_s_50_BSCRO397-24_fcleaner_merge,3139669,YP_009349339.1,family:Agelenidae,null,1721,null,null,0.0,372.0,166.33,164.0,0,293,106,0,6,91.21
BSCRO416-24_r_1_s_100_BSCRO416-24_fcleaner_merge,BSCRO416-24,r_1_s_100_fcleaner_merge,>BSCRO416-24_r_1_s_100_BSCRO416-24_fcleaner_merge,2766751,WWQ79001.1,superfamily:Leptonetoidea,null,3754,null,null,0.0,557.0,333.58,348.0,0,484,69,0,0,91.3
BSCRO417-24_r_1.3_s_50_BSCRO417-24_fcleaner_merge,BSCRO417-24,r_1.3_s_50_fcleaner_merge,>BSCRO417-24_r_1.3_s_50_BSCRO417-24_fcleaner_merge,1419516,PRD22827.1,superfamily:Araneoidea,null,270,null,null,0.0,84.0,19.47,15.0,0,47,10,0,0,81.15
BSCRO381-24_r_1_s_100_BSCRO381-24_fcleaner,BSCRO381-24,r_1_s_100_fcleaner_merge,null,3139648,YP_009680079.1,family:Dysderidae,null,0,null,null,0.0,0.0,0.0,0.0,0,0,0,0,0,0.0
BSCRO422-24_r_1_s_100_BSCRO422-24_fcleaner_merge,BSCRO422-24,r_1_s_100_fcleaner_merge,>BSCRO422-24_r_1_s_100_BSCRO422-24_fcleaner_merge,1959304,PRD22827.1,superfamily:Araneoidea,null,630,null,null,0.0,103.0,55.69,62.0,0,36,25,0,6,87.43
BSCRO393-24_r_1_s_100_BSCRO393-24_fcleaner_merge,BSCRO393-24,r_1_s_100_fcleaner_merge,>BSCRO393-24_r_1_s_100_BSCRO393-24_fcleaner_merge,3228881,XCA36587.1,family:Linyphiidae,null,107,null,null,0.0,20.0,7.67,7.0,0,21,4,0,0,99.8
BSCRO411-24_r_1_s_50_BSCRO411-24_fcleaner_merge,BSCRO411-24,r_1_s_50_fcleaner_merge,>BSCRO411-24_r_1_s_50_BSCRO411-24_fcleaner_merge,3139650,YP_009349339.1,family:Agelenidae,null,1461,null,null,0.0,181.0,121.98,123.0,0,174,67,0,0,99.61
BSCRO432-24_r_1.3_s_100_BSCRO432-24_fcleaner_merge,BSCRO432-24,r_1.3_s_100_fcleaner_merge,>BSCRO432-24_r_1.3_s_100_BSCRO432-24_fcleaner_merge,3139650,YP_009349339.1,family:Agelenidae,null,54,null,null,0.0,11.0,3.48,3.0,0,1,2,0,0,97.46
BSCRO409-24_r_1_s_50_BSCRO409-24_fcleaner_merge,BSCRO409-24,r_1_s_50_fcleaner_merge,>BSCRO409-24_r_1_s_50_BSCRO409-24_fcleaner_merge,3228881,XCA36587.1,family:Linyphiidae,null,1369,null,null,0.0,195.0,119.38,120.0,0,379,42,0,0,99.8
BSCRO440-24_r_1.3_s_50_BSCRO440-24_fcleaner_merge,BSCRO440-24,r_1.3_s_50_fcleaner_merge,>BSCRO440-24_r_1.3_s_50_BSCRO440-24_fcleaner_merge,1959304,PRD22827.1,superfamily:Araneoidea,null,952,null,null,0.0,240.0,76.83,68.0,0,115,14,0,0,84.1
BSCRO383-24_r_1.5_s_50_BSCRO383-24_fcleaner_merge,BSCRO383-24,r_1.5_s_50_fcleaner_merge,>BSCRO383-24_r_1.5_s_50_BSCRO383-24_fcleaner_merge,2721269,YP_009680079.1,family:Dysderidae,null,128,null,null,0.0,28.0,9.96,9.0,0,85,4,0,0,89.02
BSCRO408-24_r_1.3_s_50_BSCRO408-24_fcleaner_merge,BSCRO408-24,r_1.3_s_50_fcleaner_merge,>BSCRO408-24_r_1.3_s_50_BSCRO408-24_fcleaner_merge,3228881,XCA36587.1,family:Linyphiidae,null,729,null,null,0.0,78.0,56.07,58.0,0,57,15,0,0,99.8
BSCRO426-24_r_1.5_s_50_BSCRO426-24_fcleaner_merge,BSCRO426-24,r_1.5_s_50_fcleaner_merge,>BSCRO426-24_r_1.5_s_50_BSCRO426-24_fcleaner_merge,1419516,PRD22827.1,superfamily:Araneoidea,null,710,null,null,0.0,303.0,49.38,14.0,0,32,12,0,0,66.54
BSCRO447-24_r_1.5_s_50_BSCRO447-24_fcleaner_merge,BSCRO447-24,r_1.5_s_50_fcleaner_merge,>BSCRO447-24_r_1.5_s_50_BSCRO447-24_fcleaner_merge,1959301,PRD22827.1,superfamily:Araneoidea,null,86,null,null,0.0,30.0,4.54,1.0,0,15,2,0,0,62.29
BSCRO463-24_r_1.3_s_100_BSCRO463-24_fcleaner_merge,BSCRO463-24,r_1.3_s_100_fcleaner_merge,>BSCRO463-24_r_1.3_s_100_BSCRO463-24_fcleaner_merge,2721269,YP_009680079.1,family:Dysderidae,null,431,null,null,0.0,155.0,38.83,19.0,0,0,14,0,3,76.08
BSCRO408-24_r_1.5_s_100_BSCRO408-24_fcleaner_merge,BSCRO408-24,r_1.5_s_100_fcleaner_merge,>BSCRO408-24_r_1.5_s_100_BSCRO408-24_fcleaner_merge,3228881,XCA36587.1,family:Linyphiidae,null,474,null,null,0.0,65.0,40.5,40.0,0,24,7,0,0,99.8
BSCRO436-24_r_1.5_s_50_BSCRO436-24_fcleaner_merge,BSCRO436-24,r_1.5_s_50_fcleaner_merge,>BSCRO436-24_r_1.5_s_50_BSCRO436-24_fcleaner_merge,3139668,YP_009349339.1,family:Agelenidae,null,198,null,null,1.0,26.0,15.72,17.0,0,32,11,0,0,100.0
BSCRO465-24_r_1.3_s_100_BSCRO465-24_fcleaner_merge,BSCRO465-24,r_1.3_s_100_fcleaner_merge,>BSCRO465-24_r_1.3_s_100_BSCRO465-24_fcleaner_merge,1926205,XCA36587.1,family:Linyphiidae,null,949,null,null,0.0,118.0,82.57,84.0,0,58,10,0,0,99.41
BSCRO424-24_r_1_s_100_BSCRO424-24_fcleaner_merge,BSCRO424-24,r_1_s_100_fcleaner_merge,>BSCRO424-24_r_1_s_100_BSCRO424-24_fcleaner_merge,2721269,YP_009680079.1,family:Dysderidae,null,199,null,null,2.0,33.0,17.74,18.0,0,7,4,0,0,100.0
BSCRO389-24_r_1_s_100_BSCRO389-24_fcleaner_merge,BSCRO389-24,r_1_s_100_fcleaner_merge,>BSCRO389-24_r_1_s_100_BSCRO389-24_fcleaner_merge,2747120,QNV12043.1,subfamily:Linyphiinae,null,419,null,null,0.0,62.0,42.12,43.0,0,16,13,0,0,99.8
BSCRO396-24_r_1.3_s_100_BSCRO396-24_fcleaner_merge,BSCRO396-24,r_1.3_s_100_fcleaner_merge,>BSCRO396-24_r_1.3_s_100_BSCRO396-24_fcleaner_merge,2747120,QNV12043.1,subfamily:Linyphiinae,null,382,null,null,0.0,55.0,31.43,32.0,0,43,8,0,0,99.8
BSCRO415-24_r_1_s_50_BSCRO415-24_fcleaner_merge,BSCRO415-24,r_1_s_50_fcleaner_merge,>BSCRO415-24_r_1_s_50_BSCRO415-24_fcleaner_merge,2747120,QNV12043.1,subfamily:Linyphiinae,null,586,null,null,0.0,87.0,39.26,42.0,0,1006,10,0,0,88.95
BSCRO405-24_r_1_s_100_BSCRO405-24_fcleaner,BSCRO405-24,r_1_s_100_fcleaner_merge,null,2770607,YP_009680079.1,family:Dysderidae,null,0,null,null,0.0,0.0,0.0,0.0,0,0,0,0,0,0.0
BSCRO448-24_r_1.5_s_100_BSCRO448-24_fcleaner_merge,BSCRO448-24,r_1.5_s_100_fcleaner_merge,>BSCRO448-24_r_1.5_s_100_BSCRO448-24_fcleaner_merge,1926205,XCA36587.1,family:Linyphiidae,null,174,null,null,0.0,25.0,12.48,13.0,0,15,2,0,0,99.02
BSCRO407-24_r_1.5_s_50_BSCRO407-24_fcleaner_merge,BSCRO407-24,r_1.5_s_50_fcleaner_merge,>BSCRO407-24_r_1.5_s_50_BSCRO407-24_fcleaner_merge,2721249,YP_009680079.1,family:Dysderidae,null,204,null,null,0.0,75.0,11.91,11.0,0,42,12,0,0,96.86
BSCRO422-24_r_1.5_s_50_BSCRO422-24_fcleaner_merge,BSCRO422-24,r_1.5_s_50_fcleaner_merge,>BSCRO422-24_r_1.5_s_50_BSCRO422-24_fcleaner_merge,1959304,PRD22827.1,superfamily:Araneoidea,null,178,null,null,0.0,71.0,12.18,1.0,0,13,9,0,0,61.0
BSCRO455-24_r_1.3_s_50_BSCRO455-24_fcleaner_merge,BSCRO455-24,r_1.3_s_50_fcleaner_merge,>BSCRO455-24_r_1.3_s_50_BSCRO455-24_fcleaner_merge,2747120,QNV12043.1,subfamily:Linyphiinae,null,460,null,null,0.0,85.0,34.85,33.0,0,48,7,0,0,99.8
BSCRO461-24_r_1.3_s_50_BSCRO461-24_fcleaner_merge,BSCRO461-24,r_1.3_s_50_fcleaner_merge,>BSCRO461-24_r_1.3_s_50_BSCRO461-24_fcleaner_merge,2721252,YP_009680079.1,family:Dysderidae,null,535,null,null,0.0,60.0,38.49,39.5,0,66,8,0,0,99.8
BSCRO398-24_r_1_s_50_BSCRO398-24_fcleaner_merge,BSCRO398-24,r_1_s_50_fcleaner_merge,>BSCRO398-24_r_1_s_50_BSCRO398-24_fcleaner_merge,2721269,YP_009680079.1,family:Dysderidae,null,520,null,null,0.0,83.0,38.86,38.0,0,132,25,0,0,99.8
BSCRO459-24_r_1.3_s_100_BSCRO459-24_fcleaner_merge,BSCRO459-24,r_1.3_s_100_fcleaner_merge,>BSCRO459-24_r_1.3_s_100_BSCRO459-24_fcleaner_merge,1872039,YP_009680079.1,family:Dysderidae,null,1369,null,null,6.0,184.0,98.49,99.0,0,78,12,0,0,100.0
BSCRO465-24_r_1_s_50_BSCRO465-24_fcleaner_merge,BSCRO465-24,r_1_s_50_fcleaner_merge,>BSCRO465-24_r_1_s_50_BSCRO465-24_fcleaner_merge,1926205,XCA36587.1,family:Linyphiidae,null,1235,null,null,8.0,134.0,92.2,91.0,0,271,30,0,0,100.0
BSCRO431-24_r_1.5_s_50_BSCRO431-24_fcleaner_merge,BSCRO431-24,r_1.5_s_50_fcleaner_merge,>BSCRO431-24_r_1.5_s_50_BSCRO431-24_fcleaner_merge,1419516,PRD22827.1,superfamily:Araneoidea,null,556,null,null,0.0,239.0,35.63,11.0,0,15,14,0,0,64.33
BSCRO435-24_r_1.3_s_50_BSCRO435-24_fcleaner_merge,BSCRO435-24,r_1.3_s_50_fcleaner_merge,>BSCRO435-24_r_1.3_s_50_BSCRO435-24_fcleaner_merge,3139669,YP_009349339.1,family:Agelenidae,null,202,null,null,0.0,53.0,12.59,11.0,0,340,0,0,0,72.46
BSCRO456-24_r_1.5_s_100_BSCRO456-24_fcleaner_merge,BSCRO456-24,r_1.5_s_100_fcleaner_merge,>BSCRO456-24_r_1.5_s_100_BSCRO456-24_fcleaner_merge,3139660,XCA36587.1,family:Linyphiidae,null,793,null,null,0.0,96.0,62.77,66.0,0,62,10,0,0,99.41
BSCRO427-24_r_1_s_50_BSCRO427-24_fcleaner_merge,BSCRO427-24,r_1_s_50_fcleaner_merge,>BSCRO427-24_r_1_s_50_BSCRO427-24_fcleaner_merge,3139652,YP_009349339.1,family:Agelenidae,null,494,null,null,13.0,83.0,51.68,52.5,0,97,6,0,0,100.0
BSCRO407-24_r_1_s_100_BSCRO407-24_fcleaner_merge,BSCRO407-24,r_1_s_100_fcleaner_merge,>BSCRO407-24_r_1_s_100_BSCRO407-24_fcleaner_merge,2721249,YP_009680079.1,family:Dysderidae,null,153,null,null,5.0,21.0,13.28,13.0,0,10,4,0,0,100.0
BSCRO385-24_r_1.3_s_50_BSCRO385-24_fcleaner_merge,BSCRO385-24,r_1.3_s_50_fcleaner_merge,>BSCRO385-24_r_1.3_s_50_BSCRO385-24_fcleaner_merge,2747120,QNV12043.1,subfamily:Linyphiinae,null,877,null,null,0.0,157.0,79.5,80.0,0,42,21,0,0,99.8
BSCRO389-24_r_1.3_s_50_BSCRO389-24_fcleaner_merge,BSCRO389-24,r_1.3_s_50_fcleaner_merge,>BSCRO389-24_r_1.3_s_50_BSCRO389-24_fcleaner_merge,2747120,QNV12043.1,subfamily:Linyphiinae,null,438,null,null,0.0,65.0,42.51,43.0,0,40,12,0,0,99.8
BSCRO414-24_r_1.5_s_100_BSCRO414-24_fcleaner_merge,BSCRO414-24,r_1.5_s_100_fcleaner_merge,>BSCRO414-24_r_1.5_s_100_BSCRO414-24_fcleaner_merge,2721269,YP_009680079.1,family:Dysderidae,null,462,null,null,0.0,105.0,42.77,44.0,0,14,9,0,0,97.06
BSCRO460-24_r_1.3_s_100_BSCRO460-24_fcleaner_merge,BSCRO460-24,r_1.3_s_100_fcleaner_merge,>BSCRO460-24_r_1.3_s_100_BSCRO460-24_fcleaner_merge,2689247,XCA36587.1,family:Linyphiidae,null,961,null,null,0.0,137.0,95.75,97.0,0,13,11,0,0,99.41
BSCRO403-24_r_1.3_s_100_BSCRO403-24_fcleaner_merge,BSCRO403-24,r_1.3_s_100_fcleaner_merge,>BSCRO403-24_r_1.3_s_100_BSCRO403-24_fcleaner_merge,2721256,YP_009680079.1,family:Dysderidae,null,443,null,null,0.0,76.0,32.6,34.0,0,18,13,0,0,99.8
BSCRO474-24_r_1_s_100_BSCRO474-24_fcleaner_merge,BSCRO474-24,r_1_s_100_fcleaner_merge,>BSCRO474-24_r_1_s_100_BSCRO474-24_fcleaner_merge,1872039,YP_009680079.1,family:Dysderidae,null,665,null,null,0.0,194.0,66.17,57.0,0,162,39,0,6,91.57
BSCRO439-24_r_1.3_s_100_BSCRO439-24_fcleaner_merge,BSCRO439-24,r_1.3_s_100_fcleaner_merge,>BSCRO439-24_r_1.3_s_100_BSCRO439-24_fcleaner_merge,2970455,YP_009349339.1,family:Agelenidae,null,440,null,null,0.0,88.0,39.62,37.0,0,20,9,0,0,99.8
BSCRO449-24_r_1.5_s_50_BSCRO449-24_fcleaner_merge,BSCRO449-24,r_1.5_s_50_fcleaner_merge,>BSCRO449-24_r_1.5_s_50_BSCRO449-24_fcleaner_merge,2721269,YP_009680079.1,family:Dysderidae,null,128,null,null,0.0,50.0,8.05,0.0,0,19,0,0,0,33.53
BSCRO435-24_r_1_s_50_BSCRO435-24_fcleaner_merge,BSCRO435-24,r_1_s_50_fcleaner_merge,>BSCRO435-24_r_1_s_50_BSCRO435-24_fcleaner_merge,3139669,YP_009349339.1,family:Agelenidae,null,1227,null,null,0.0,236.0,110.66,115.0,0,162,52,0,0,91.21
BSCRO410-24_r_1.3_s_50_BSCRO410-24_fcleaner_merge,BSCRO410-24,r_1.3_s_50_fcleaner_merge,>BSCRO410-24_r_1.3_s_50_BSCRO410-24_fcleaner_merge,2716446,WWQ79001.1,superfamily:Leptonetoidea,null,180,null,null,0.0,43.0,13.51,7.0,0,165,2,0,3,67.5
BSCRO446-24_r_1.5_s_50_BSCRO446-24_fcleaner_merge,BSCRO446-24,r_1.5_s_50_fcleaner_merge,>BSCRO446-24_r_1.5_s_50_BSCRO446-24_fcleaner_merge,2734922,XAW19444.1,genus:Cheiracanthium,null,85,null,null,0.0,13.0,5.13,5.0,0,45,3,0,0,83.2
BSCRO471-24_r_1.3_s_100_BSCRO471-24_fcleaner_merge,BSCRO471-24,r_1.3_s_100_fcleaner_merge,>BSCRO471-24_r_1.3_s_100_BSCRO471-24_fcleaner_merge,2970455,YP_009349339.1,family:Agelenidae,null,536,null,null,0.0,64.0,43.31,45.0,0,68,7,0,0,99.8
BSCRO429-24_r_1_s_50_BSCRO429-24_fcleaner,BSCRO429-24,r_1_s_50_fcleaner_merge,null,3139653,YP_009349339.1,family:Agelenidae,null,0,null,null,0.0,0.0,0.0,0.0,0,0,0,0,0,0.0
BSCRO404-24_r_1.3_s_50_BSCRO404-24_fcleaner_merge,BSCRO404-24,r_1.3_s_50_fcleaner_merge,>BSCRO404-24_r_1.3_s_50_BSCRO404-24_fcleaner_merge,2721249,YP_009680079.1,family:Dysderidae,null,409,null,null,3.0,53.0,26.17,24.0,0,21,18,0,0,100.0
BSCRO395-24_r_1_s_100_BSCRO395-24_fcleaner_merge,BSCRO395-24,r_1_s_100_fcleaner_merge,>BSCRO395-24_r_1_s_100_BSCRO395-24_fcleaner_merge,2892423,PRD22827.1,superfamily:Araneoidea,null,199,null,null,0.0,35.0,15.49,15.0,0,86,4,0,6,87.06
BSCRO451-24_r_1_s_50_BSCRO451-24_fcleaner_merge,BSCRO451-24,r_1_s_50_fcleaner_merge,>BSCRO451-24_r_1_s_50_BSCRO451-24_fcleaner_merge,3228881,XCA36587.1,family:Linyphiidae,null,1451,null,null,0.0,200.0,127.05,121.0,0,137,62,0,0,99.8
BSCRO451-24_r_1.5_s_50_BSCRO451-24_fcleaner_merge,BSCRO451-24,r_1.5_s_50_fcleaner_merge,>BSCRO451-24_r_1.5_s_50_BSCRO451-24_fcleaner_merge,3228881,XCA36587.1,family:Linyphiidae,null,1102,null,null,0.0,152.0,103.13,108.0,0,49,29,0,0,99.8
BSCRO424-24_r_1.5_s_50_BSCRO424-24_fcleaner_merge,BSCRO424-24,r_1.5_s_50_fcleaner_merge,>BSCRO424-24_r_1.5_s_50_BSCRO424-24_fcleaner_merge,2721269,YP_009680079.1,family:Dysderidae,null,164,null,null,0.0,34.0,13.02,11.0,0,46,5,0,0,94.31
BSCRO423-24_r_1.5_s_50_BSCRO423-24_fcleaner_merge,BSCRO423-24,r_1.5_s_50_fcleaner_merge,>BSCRO423-24_r_1.5_s_50_BSCRO423-24_fcleaner_merge,1959304,PRD22827.1,superfamily:Araneoidea,null,143,null,null,0.0,62.0,9.08,2.0,0,20,9,0,0,67.28
BSCRO431-24_r_1_s_50_BSCRO431-24_fcleaner_merge,BSCRO431-24,r_1_s_50_fcleaner_merge,>BSCRO431-24_r_1_s_50_BSCRO431-24_fcleaner_merge,1419516,PRD22827.1,superfamily:Araneoidea,null,2257,null,null,0.0,269.0,167.6,190.0,0,128,80,0,6,99.45
BSCRO450-24_r_1.3_s_50_BSCRO450-24_fcleaner_merge,BSCRO450-24,r_1.3_s_50_fcleaner_merge,>BSCRO450-24_r_1.3_s_50_BSCRO450-24_fcleaner_merge,2721269,YP_009680079.1,family:Dysderidae,null,171,null,null,0.0,64.0,16.73,14.0,0,70,5,0,3,80.2
BSCRO464-24_r_1_s_100_BSCRO464-24_fcleaner_merge,BSCRO464-24,r_1_s_100_fcleaner_merge,>BSCRO464-24_r_1_s_100_BSCRO464-24_fcleaner_merge,1926205,XCA36587.1,family:Linyphiidae,null,345,null,null,0.0,40.0,22.69,24.0,0,15,6,0,0,99.41
BSCRO421-24_r_1.3_s_100_BSCRO421-24_fcleaner_merge,BSCRO421-24,r_1.3_s_100_fcleaner_merge,>BSCRO421-24_r_1.3_s_100_BSCRO421-24_fcleaner_merge,1926205,XCA36587.1,family:Linyphiidae,null,677,null,null,0.0,246.0,67.85,52.0,0,30,12,0,3,70.45
BSCRO441-24_r_1_s_50_BSCRO441-24_fcleaner_merge,BSCRO441-24,r_1_s_50_fcleaner_merge,>BSCRO441-24_r_1_s_50_BSCRO441-24_fcleaner_merge,2747156,XRO44683.1,genus:Zoropsis,null,2917,null,null,0.0,354.0,251.35,253.5,0,285,138,0,0,99.8
BSCRO408-24_r_1_s_100_BSCRO408-24_fcleaner_merge,BSCRO408-24,r_1_s_100_fcleaner_merge,>BSCRO408-24_r_1_s_100_BSCRO408-24_fcleaner_merge,3228881,XCA36587.1,family:Linyphiidae,null,647,null,null,0.0,81.0,54.81,56.0,0,43,18,0,0,99.8
BSCRO381-24_r_1_s_50_BSCRO381-24_fcleaner,BSCRO381-24,r_1_s_50_fcleaner_merge,null,3139648,YP_009680079.1,family:Dysderidae,null,0,null,null,0.0,0.0,0.0,0.0,0,0,0,0,0,0.0
BSCRO391-24_r_1.3_s_100_BSCRO391-24_fcleaner_merge,BSCRO391-24,r_1.3_s_100_fcleaner_merge,>BSCRO391-24_r_1.3_s_100_BSCRO391-24_fcleaner_merge,3139650,YP_009349339.1,family:Agelenidae,null,225,null,null,0.0,88.0,26.27,23.0,0,111,1,0,0,68.16
BSCRO385-24_r_1_s_100_BSCRO385-24_fcleaner_merge,BSCRO385-24,r_1_s_100_fcleaner_merge,>BSCRO385-24_r_1_s_100_BSCRO385-24_fcleaner_merge,2747120,QNV12043.1,subfamily:Linyphiinae,null,794,null,null,0.0,126.0,77.51,79.0,0,41,18,0,0,99.8
BSCRO413-24_r_1.3_s_100_BSCRO413-24_fcleaner_merge,BSCRO413-24,r_1.3_s_100_fcleaner_merge,>BSCRO413-24_r_1.3_s_100_BSCRO413-24_fcleaner_merge,3139648,YP_009680079.1,family:Dysderidae,null,130,null,null,0.0,82.0,15.06,3.0,0,11,1,0,3,53.14
BSCRO385-24_r_1.3_s_100_BSCRO385-24_fcleaner_merge,BSCRO385-24,r_1.3_s_100_fcleaner_merge,>BSCRO385-24_r_1.3_s_100_BSCRO385-24_fcleaner_merge,2747120,QNV12043.1,subfamily:Linyphiinae,null,774,null,null,0.0,118.0,75.23,77.0,0,35,15,0,0,99.8
BSCRO454-24_r_1.3_s_100_BSCRO454-24_fcleaner_merge,BSCRO454-24,r_1.3_s_100_fcleaner_merge,>BSCRO454-24_r_1.3_s_100_BSCRO454-24_fcleaner_merge,1926205,XCA36587.1,family:Linyphiidae,null,144,null,null,0.0,65.0,15.51,13.0,0,33,5,0,3,69.67
BSCRO440-24_r_1_s_50_BSCRO440-24_fcleaner_merge,BSCRO440-24,r_1_s_50_fcleaner_merge,>BSCRO440-24_r_1_s_50_BSCRO440-24_fcleaner_merge,1959304,PRD22827.1,superfamily:Araneoidea,null,1670,null,null,0.0,261.0,138.89,158.0,0,168,29,0,6,98.71
BSCRO395-24_r_1_s_50_BSCRO395-24_fcleaner_merge,BSCRO395-24,r_1_s_50_fcleaner_merge,>BSCRO395-24_r_1_s_50_BSCRO395-24_fcleaner_merge,2892423,PRD22827.1,superfamily:Araneoidea,null,368,null,null,0.0,76.0,21.01,19.0,0,175,19,0,6,94.09
BSCRO389-24_r_1.5_s_100_BSCRO389-24_fcleaner_merge,BSCRO389-24,r_1.5_s_100_fcleaner_merge,>BSCRO389-24_r_1.5_s_100_BSCRO389-24_fcleaner_merge,2747120,QNV12043.1,subfamily:Linyphiinae,null,337,null,null,0.0,58.0,34.72,35.0,0,12,7,0,0,99.8
BSCRO390-24_r_1.3_s_50_BSCRO390-24_fcleaner_merge,BSCRO390-24,r_1.3_s_50_fcleaner_merge,>BSCRO390-24_r_1.3_s_50_BSCRO390-24_fcleaner_merge,2747120,QNV12043.1,subfamily:Linyphiinae,null,140,null,null,0.0,21.0,8.51,8.0,0,44,8,0,0,99.8
BSCRO429-24_r_1.3_s_50_BSCRO429-24_fcleaner,BSCRO429-24,r_1.3_s_50_fcleaner_merge,null,3139653,YP_009349339.1,family:Agelenidae,null,0,null,null,0.0,0.0,0.0,0.0,0,0,0,0,0,0.0
BSCRO424-24_r_1_s_50_BSCRO424-24_fcleaner_merge,BSCRO424-24,r_1_s_50_fcleaner_merge,>BSCRO424-24_r_1_s_50_BSCRO424-24_fcleaner_merge,2721269,YP_009680079.1,family:Dysderidae,null,379,null,null,3.0,101.0,23.11,20.0,0,180,27,0,0,100.0
BSCRO437-24_r_1.3_s_100_BSCRO437-24_fcleaner_merge,BSCRO437-24,r_1.3_s_100_fcleaner_merge,>BSCRO437-24_r_1.3_s_100_BSCRO437-24_fcleaner_merge,1959301,PRD22827.1,superfamily:Araneoidea,null,629,null,null,0.0,175.0,52.87,44.0,0,27,9,0,0,74.86
BSCRO463-24_r_1_s_50_BSCRO463-24_fcleaner_merge,BSCRO463-24,r_1_s_50_fcleaner_merge,>BSCRO463-24_r_1_s_50_BSCRO463-24_fcleaner_merge,2721269,YP_009680079.1,family:Dysderidae,null,1134,null,null,0.0,231.0,108.18,120.0,0,136,79,0,3,91.57
BSCRO423-24_r_1_s_100_BSCRO423-24_fcleaner_merge,BSCRO423-24,r_1_s_100_fcleaner_merge,>BSCRO423-24_r_1_s_100_BSCRO423-24_fcleaner_merge,1959304,PRD22827.1,superfamily:Araneoidea,null,416,null,null,0.0,81.0,36.34,38.0,0,21,18,0,6,87.43
BSCRO387-24_r_1.3_s_50_BSCRO387-24_fcleaner_merge,BSCRO387-24,r_1.3_s_50_fcleaner_merge,>BSCRO387-24_r_1.3_s_50_BSCRO387-24_fcleaner_merge,2689247,XCA36587.1,family:Linyphiidae,null,445,null,null,0.0,111.0,36.89,28.0,0,171,4,0,3,79.26
BSCRO389-24_r_1.5_s_50_BSCRO389-24_fcleaner_merge,BSCRO389-24,r_1.5_s_50_fcleaner_merge,>BSCRO389-24_r_1.5_s_50_BSCRO389-24_fcleaner_merge,2747120,QNV12043.1,subfamily:Linyphiinae,null,355,null,null,0.0,60.0,35.67,35.0,0,29,7,0,0,99.8
BSCRO411-24_r_1.5_s_50_BSCRO411-24_fcleaner_merge,BSCRO411-24,r_1.5_s_50_fcleaner_merge,>BSCRO411-24_r_1.5_s_50_BSCRO411-24_fcleaner_merge,3139650,YP_009349339.1,family:Agelenidae,null,1014,null,null,0.0,167.0,93.03,107.0,0,40,32,0,0,99.61
BSCRO471-24_r_1.5_s_50_BSCRO471-24_fcleaner_merge,BSCRO471-24,r_1.5_s_50_fcleaner_merge,>BSCRO471-24_r_1.5_s_50_BSCRO471-24_fcleaner_merge,2970455,YP_009349339.1,family:Agelenidae,null,536,null,null,0.0,66.0,40.92,44.0,0,76,8,0,0,99.8
BSCRO448-24_r_1.3_s_50_BSCRO448-24_fcleaner_merge,BSCRO448-24,r_1.3_s_50_fcleaner_merge,>BSCRO448-24_r_1.3_s_50_BSCRO448-24_fcleaner_merge,1926205,XCA36587.1,family:Linyphiidae,null,220,null,null,0.0,27.0,14.11,14.0,0,44,3,0,0,99.41
BSCRO410-24_r_1.3_s_100_BSCRO410-24_fcleaner_merge,BSCRO410-24,r_1.3_s_100_fcleaner_merge,>BSCRO410-24_r_1.3_s_100_BSCRO410-24_fcleaner_merge,2716446,WWQ79001.1,superfamily:Leptonetoidea,null,128,null,null,0.0,38.0,11.16,6.0,0,138,1,0,3,63.06
BSCRO400-24_r_1.5_s_100_BSCRO400-24_fcleaner_merge,BSCRO400-24,r_1.5_s_100_fcleaner_merge,>BSCRO400-24_r_1.5_s_100_BSCRO400-24_fcleaner_merge,2766751,WWQ79001.1,superfamily:Leptonetoidea,null,327,null,null,0.0,88.0,31.23,29.0,0,4,1,0,0,82.98
BSCRO467-24_r_1_s_100_BSCRO467-24_fcleaner_merge,BSCRO467-24,r_1_s_100_fcleaner_merge,>BSCRO467-24_r_1_s_100_BSCRO467-24_fcleaner_merge,3139668,YP_009349339.1,family:Agelenidae,null,850,null,null,0.0,105.0,71.72,74.0,0,126,19,0,3,99.61
BSCRO420-24_r_1_s_50_BSCRO420-24_fcleaner_merge,BSCRO420-24,r_1_s_50_fcleaner_merge,>BSCRO420-24_r_1_s_50_BSCRO420-24_fcleaner_merge,933043,XCA36587.1,family:Linyphiidae,null,5893,null,null,0.0,704.0,458.72,493.0,0,1131,63,0,3,99.41
BSCRO413-24_r_1.5_s_50_BSCRO413-24_fcleaner_merge,BSCRO413-24,r_1.5_s_50_fcleaner_merge,>BSCRO413-24_r_1.5_s_50_BSCRO413-24_fcleaner_merge,3139648,YP_009680079.1,family:Dysderidae,null,49,null,null,0.0,28.0,2.75,0.0,0,7,1,0,0,20.98
BSCRO435-24_r_1_s_100_BSCRO435-24_fcleaner_merge,BSCRO435-24,r_1_s_100_fcleaner_merge,>BSCRO435-24_r_1_s_100_BSCRO435-24_fcleaner_merge,3139669,YP_009349339.1,family:Agelenidae,null,1047,null,null,0.0,193.0,102.95,107.0,0,126,34,0,0,91.21
BSCRO428-24_r_1_s_100_BSCRO428-24_fcleaner_merge,BSCRO428-24,r_1_s_100_fcleaner_merge,>BSCRO428-24_r_1_s_100_BSCRO428-24_fcleaner_merge,3139669,YP_009349339.1,family:Agelenidae,null,777,null,null,0.0,184.0,77.94,65.5,0,120,48,0,3,91.21
BSCRO459-24_r_1.5_s_50_BSCRO459-24_fcleaner_merge,BSCRO459-24,r_1.5_s_50_fcleaner_merge,>BSCRO459-24_r_1.5_s_50_BSCRO459-24_fcleaner_merge,1872039,YP_009680079.1,family:Dysderidae,null,1260,null,null,0.0,194.0,80.5,84.0,0,355,4,0,0,97.45
BSCRO435-24_r_1.5_s_100_BSCRO435-24_fcleaner_merge,BSCRO435-24,r_1.5_s_100_fcleaner_merge,>BSCRO435-24_r_1.5_s_100_BSCRO435-24_fcleaner_merge,3139669,YP_009349339.1,family:Agelenidae,null,16,null,null,0.0,16.0,1.36,0.0,0,259,0,0,0,12.11
BSCRO412-24_r_1.5_s_50_BSCRO412-24_fcleaner_merge,BSCRO412-24,r_1.5_s_50_fcleaner_merge,>BSCRO412-24_r_1.5_s_50_BSCRO412-24_fcleaner_merge,2721269,YP_009680079.1,family:Dysderidae,null,124,null,null,0.0,22.0,9.23,8.0,0,35,5,0,0,95.49
BSCRO444-24_r_1_s_50_BSCRO444-24_fcleaner_merge,BSCRO444-24,r_1_s_50_fcleaner_merge,>BSCRO444-24_r_1_s_50_BSCRO444-24_fcleaner_merge,1654896,PRD22827.1,superfamily:Araneoidea,null,140,null,null,0.0,26.0,7.27,7.0,0,38,13,0,6,86.88
BSCRO452-24_r_1.5_s_50_BSCRO452-24_fcleaner_merge,BSCRO452-24,r_1.5_s_50_fcleaner_merge,>BSCRO452-24_r_1.5_s_50_BSCRO452-24_fcleaner_merge,1959301,PRD22827.1,superfamily:Araneoidea,null,149,null,null,0.0,53.0,9.68,2.0,0,11,3,0,0,58.6
BSCRO422-24_r_1_s_50_BSCRO422-24_fcleaner_merge,BSCRO422-24,r_1_s_50_fcleaner_merge,>BSCRO422-24_r_1_s_50_BSCRO422-24_fcleaner_merge,1959304,PRD22827.1,superfamily:Araneoidea,null,806,null,null,0.0,107.0,63.61,72.0,0,123,35,0,6,95.01
BSCRO419-24_r_1.5_s_100_BSCRO419-24_fcleaner_merge,BSCRO419-24,r_1.5_s_100_fcleaner_merge,>BSCRO419-24_r_1.5_s_100_BSCRO419-24_fcleaner_merge,1907062,XCA36587.1,subfamily:Erigoninae,null,63,null,null,0.0,46.0,4.06,0.0,0,2,0,0,0,24.46
BSCRO416-24_r_1.5_s_50_BSCRO416-24_fcleaner_merge,BSCRO416-24,r_1.5_s_50_fcleaner_merge,>BSCRO416-24_r_1.5_s_50_BSCRO416-24_fcleaner_merge,2766751,WWQ79001.1,superfamily:Leptonetoidea,null,2133,null,null,0.0,540.0,181.15,138.0,0,200,29,0,0,88.2
BSCRO446-24_r_1.3_s_50_BSCRO446-24_fcleaner_merge,BSCRO446-24,r_1.3_s_50_fcleaner_merge,>BSCRO446-24_r_1.3_s_50_BSCRO446-24_fcleaner_merge,2734922,XAW19444.1,genus:Cheiracanthium,null,94,null,null,0.0,16.0,5.38,5.0,0,57,2,0,0,79.88
BSCRO434-24_r_1_s_100_BSCRO434-24_fcleaner_merge,BSCRO434-24,r_1_s_100_fcleaner_merge,>BSCRO434-24_r_1_s_100_BSCRO434-24_fcleaner_merge,2721252,YP_009680079.1,family:Dysderidae,null,543,null,null,11.0,70.0,40.41,38.0,0,17,18,0,0,100.0
BSCRO399-24_r_1_s_50_BSCRO399-24_fcleaner_merge,BSCRO399-24,r_1_s_50_fcleaner_merge,>BSCRO399-24_r_1_s_50_BSCRO399-24_fcleaner_merge,3237715,YP_010545517.1,family:Theridiidae,null,1620,null,null,0.0,235.0,126.15,130.0,0,196,99,0,0,99.8
BSCRO404-24_r_1_s_50_BSCRO404-24_fcleaner_merge,BSCRO404-24,r_1_s_50_fcleaner_merge,>BSCRO404-24_r_1_s_50_BSCRO404-24_fcleaner_merge,2721249,YP_009680079.1,family:Dysderidae,null,539,null,null,3.0,57.0,32.16,31.0,0,85,31,0,0,100.0
BSCRO468-24_r_1.5_s_100_BSCRO468-24_fcleaner_merge,BSCRO468-24,r_1.5_s_100_fcleaner_merge,>BSCRO468-24_r_1.5_s_100_BSCRO468-24_fcleaner_merge,3139653,YP_009349339.1,family:Agelenidae,null,327,null,null,0.0,45.0,24.83,26.0,0,8,4,0,0,99.02
BSCRO428-24_r_1.3_s_100_BSCRO428-24_fcleaner_merge,BSCRO428-24,r_1.3_s_100_fcleaner_merge,>BSCRO428-24_r_1.3_s_100_BSCRO428-24_fcleaner_merge,3139669,YP_009349339.1,family:Agelenidae,null,251,null,null,0.0,101.0,19.93,12.0,0,33,15,0,0,61.33
BSCRO441-24_r_1_s_100_BSCRO441-24_fcleaner_merge,BSCRO441-24,r_1_s_100_fcleaner_merge,>BSCRO441-24_r_1_s_100_BSCRO441-24_fcleaner_merge,2747156,XRO44683.1,genus:Zoropsis,null,2536,null,null,0.0,308.0,231.83,235.0,0,137,140,0,0,99.8
BSCRO453-24_r_1_s_100_BSCRO453-24_fcleaner_merge,BSCRO453-24,r_1_s_100_fcleaner_merge,>BSCRO453-24_r_1_s_100_BSCRO453-24_fcleaner_merge,1395086,YP_009680079.1,family:Dysderidae,null,575,null,null,18.0,77.0,46.88,46.0,0,41,6,0,0,100.0
BSCRO470-24_r_1_s_100_BSCRO470-24_fcleaner_merge,BSCRO470-24,r_1_s_100_fcleaner_merge,>BSCRO470-24_r_1_s_100_BSCRO470-24_fcleaner_merge,2721269,YP_009680079.1,family:Dysderidae,null,240,null,null,6.0,35.0,18.66,18.0,0,15,3,0,0,100.0
BSCRO425-24_r_1_s_100_BSCRO425-24_fcleaner_merge,BSCRO425-24,r_1_s_100_fcleaner_merge,>BSCRO425-24_r_1_s_100_BSCRO425-24_fcleaner_merge,1419516,PRD22827.1,superfamily:Araneoidea,null,442,null,null,0.0,79.0,39.93,45.0,0,30,5,0,6,86.69
BSCRO388-24_r_1_s_50_BSCRO388-24_fcleaner_merge,BSCRO388-24,r_1_s_50_fcleaner_merge,>BSCRO388-24_r_1_s_50_BSCRO388-24_fcleaner_merge,2721269,YP_009680079.1,family:Dysderidae,null,834,null,null,0.0,223.0,81.9,60.0,0,95,54,0,6,91.57
BSCRO470-24_r_1.5_s_50_BSCRO470-24_fcleaner_merge,BSCRO470-24,r_1.5_s_50_fcleaner_merge,>BSCRO470-24_r_1.5_s_50_BSCRO470-24_fcleaner_merge,2721269,YP_009680079.1,family:Dysderidae,null,202,null,null,0.0,34.0,13.29,12.0,0,56,5,0,0,90.2
BSCRO454-24_r_1_s_100_BSCRO454-24_fcleaner_merge,BSCRO454-24,r_1_s_100_fcleaner_merge,>BSCRO454-24_r_1_s_100_BSCRO454-24_fcleaner_merge,1926205,XCA36587.1,family:Linyphiidae,null,411,null,null,0.0,136.0,47.05,46.0,0,97,25,0,6,91.19
BSCRO469-24_r_1.3_s_100_BSCRO469-24_fcleaner_merge,BSCRO469-24,r_1.3_s_100_fcleaner_merge,>BSCRO469-24_r_1.3_s_100_BSCRO469-24_fcleaner_merge,3139660,XCA36587.1,family:Linyphiidae,null,341,null,null,0.0,55.0,21.22,20.0,0,51,3,0,0,99.41
BSCRO391-24_r_1.5_s_50_BSCRO391-24_fcleaner_merge,BSCRO391-24,r_1.5_s_50_fcleaner_merge,>BSCRO391-24_r_1.5_s_50_BSCRO391-24_fcleaner_merge,3139650,YP_009349339.1,family:Agelenidae,null,186,null,null,0.0,81.0,15.58,0.0,0,82,1,0,0,49.41
BSCRO474-24_r_1.3_s_50_BSCRO474-24_fcleaner_merge,BSCRO474-24,r_1.3_s_50_fcleaner_merge,>BSCRO474-24_r_1.3_s_50_BSCRO474-24_fcleaner_merge,1872039,YP_009680079.1,family:Dysderidae,null,304,null,null,0.0,138.0,25.96,15.0,0,515,4,0,3,67.65
BSCRO450-24_r_1.5_s_100_BSCRO450-24_fcleaner_merge,BSCRO450-24,r_1.5_s_100_fcleaner_merge,>BSCRO450-24_r_1.5_s_100_BSCRO450-24_fcleaner_merge,2721269,YP_009680079.1,family:Dysderidae,null,36,null,null,0.0,28.0,3.93,0.0,0,5,1,0,0,33.73
BSCRO420-24_r_1.3_s_100_BSCRO420-24_fcleaner_merge,BSCRO420-24,r_1.3_s_100_fcleaner_merge,>BSCRO420-24_r_1.3_s_100_BSCRO420-24_fcleaner_merge,933043,XCA36587.1,family:Linyphiidae,null,4835,null,null,0.0,666.0,406.21,446.0,0,479,50,0,0,92.56
BSCRO423-24_r_1.3_s_50_BSCRO423-24_fcleaner_merge,BSCRO423-24,r_1.3_s_50_fcleaner_merge,>BSCRO423-24_r_1.3_s_50_BSCRO423-24_fcleaner_merge,1959304,PRD22827.1,superfamily:Araneoidea,null,330,null,null,0.0,84.0,24.0,19.0,0,58,19,0,0,85.58
BSCRO433-24_r_1.5_s_50_BSCRO433-24_fcleaner_merge,BSCRO433-24,r_1.5_s_50_fcleaner_merge,>BSCRO433-24_r_1.5_s_50_BSCRO433-24_fcleaner_merge,2716446,WWQ79001.1,superfamily:Leptonetoidea,null,116,null,null,0.0,18.0,6.31,5.0,0,8,3,0,0,81.43
BSCRO445-24_r_1.5_s_100_BSCRO445-24_fcleaner_merge,BSCRO445-24,r_1.5_s_100_fcleaner_merge,>BSCRO445-24_r_1.5_s_100_BSCRO445-24_fcleaner_merge,1959301,PRD22827.1,superfamily:Araneoidea,null,40,null,null,0.0,18.0,2.01,0.0,0,2,1,0,0,35.67
BSCRO390-24_r_1.5_s_100_BSCRO390-24_fcleaner_merge,BSCRO390-24,r_1.5_s_100_fcleaner_merge,>BSCRO390-24_r_1.5_s_100_BSCRO390-24_fcleaner_merge,2747120,QNV12043.1,subfamily:Linyphiinae,null,85,null,null,0.0,19.0,5.8,5.0,0,12,2,0,0,95.07
BSCRO401-24_r_1.3_s_50_BSCRO401-24_fcleaner_merge,BSCRO401-24,r_1.3_s_50_fcleaner_merge,>BSCRO401-24_r_1.3_s_50_BSCRO401-24_fcleaner_merge,2721249,YP_009680079.1,family:Dysderidae,null,1271,null,null,0.0,195.0,119.11,129.5,0,69,40,0,0,95.29
BSCRO399-24_r_1.5_s_100_BSCRO399-24_fcleaner_merge,BSCRO399-24,r_1.5_s_100_fcleaner_merge,>BSCRO399-24_r_1.5_s_100_BSCRO399-24_fcleaner_merge,3237715,YP_010545517.1,family:Theridiidae,null,1057,null,null,0.0,176.0,98.94,111.0,0,14,45,0,0,98.24
BSCRO413-24_r_1_s_50_BSCRO413-24_fcleaner_merge,BSCRO413-24,r_1_s_50_fcleaner_merge,>BSCRO413-24_r_1_s_50_BSCRO413-24_fcleaner_merge,3139648,YP_009680079.1,family:Dysderidae,null,621,null,null,0.0,178.0,64.13,66.5,0,42,45,0,6,89.8
BSCRO393-24_r_1.3_s_50_BSCRO393-24_fcleaner_merge,BSCRO393-24,r_1.3_s_50_fcleaner_merge,>BSCRO393-24_r_1.3_s_50_BSCRO393-24_fcleaner_merge,3228881,XCA36587.1,family:Linyphiidae,null,157,null,null,0.0,29.0,8.78,8.0,0,50,8,0,0,99.8
BSCRO444-24_r_1_s_100_BSCRO444-24_fcleaner_merge,BSCRO444-24,r_1_s_100_fcleaner_merge,>BSCRO444-24_r_1_s_100_BSCRO444-24_fcleaner_merge,1654896,PRD22827.1,superfamily:Araneoidea,null,52,null,null,0.0,12.0,3.92,4.0,0,31,4,0,6,74.12
BSCRO470-24_r_1.3_s_100_BSCRO470-24_fcleaner_merge,BSCRO470-24,r_1.3_s_100_fcleaner_merge,>BSCRO470-24_r_1.3_s_100_BSCRO470-24_fcleaner_merge,2721269,YP_009680079.1,family:Dysderidae,null,223,null,null,0.0,35.0,17.48,18.0,0,14,3,0,0,94.9
BSCRO469-24_r_1_s_50_BSCRO469-24_fcleaner_merge,BSCRO469-24,r_1_s_50_fcleaner_merge,>BSCRO469-24_r_1_s_50_BSCRO469-24_fcleaner_merge,3139660,XCA36587.1,family:Linyphiidae,null,532,null,null,0.0,66.0,26.73,25.0,0,194,13,0,0,99.8
BSCRO443-24_r_1_s_50_BSCRO443-24_fcleaner_merge,BSCRO443-24,r_1_s_50_fcleaner_merge,>BSCRO443-24_r_1_s_50_BSCRO443-24_fcleaner_merge,1654896,PRD22827.1,superfamily:Araneoidea,null,231,null,null,0.0,34.0,13.07,14.0,0,60,25,0,3,91.31
BSCRO453-24_r_1.5_s_100_BSCRO453-24_fcleaner_merge,BSCRO453-24,r_1.5_s_100_fcleaner_merge,>BSCRO453-24_r_1.5_s_100_BSCRO453-24_fcleaner_merge,1395086,YP_009680079.1,family:Dysderidae,null,437,null,null,0.0,75.0,36.43,36.5,0,25,4,0,0,95.49
BSCRO409-24_r_1_s_100_BSCRO409-24_fcleaner_merge,BSCRO409-24,r_1_s_100_fcleaner_merge,>BSCRO409-24_r_1_s_100_BSCRO409-24_fcleaner_merge,3228881,XCA36587.1,family:Linyphiidae,null,1191,null,null,0.0,186.0,111.37,114.0,0,136,37,0,3,99.41
BSCRO420-24_r_1.5_s_50_BSCRO420-24_fcleaner_merge,BSCRO420-24,r_1.5_s_50_fcleaner_merge,>BSCRO420-24_r_1.5_s_50_BSCRO420-24_fcleaner_merge,933043,XCA36587.1,family:Linyphiidae,null,3679,null,null,0.0,677.0,285.7,274.0,0,351,33,0,0,92.37
BSCRO452-24_r_1_s_50_BSCRO452-24_fcleaner_merge,BSCRO452-24,r_1_s_50_fcleaner_merge,>BSCRO452-24_r_1_s_50_BSCRO452-24_fcleaner_merge,1959301,PRD22827.1,superfamily:Araneoidea,null,613,null,null,0.0,106.0,47.2,50.0,0,80,22,0,6,94.82
BSCRO469-24_r_1.5_s_100_BSCRO469-24_fcleaner_merge,BSCRO469-24,r_1.5_s_100_fcleaner_merge,>BSCRO469-24_r_1.5_s_100_BSCRO469-24_fcleaner_merge,3139660,XCA36587.1,family:Linyphiidae,null,318,null,null,0.0,55.0,19.7,19.0,0,39,3,0,0,97.06
BSCRO415-24_r_1_s_100_BSCRO415-24_fcleaner_merge,BSCRO415-24,r_1_s_100_fcleaner_merge,>BSCRO415-24_r_1_s_100_BSCRO415-24_fcleaner_merge,2747120,QNV12043.1,subfamily:Linyphiinae,null,530,null,null,0.0,90.0,37.64,39.0,0,800,10,0,0,88.95
BSCRO410-24_r_1_s_50_BSCRO410-24_fcleaner_merge,BSCRO410-24,r_1_s_50_fcleaner_merge,>BSCRO410-24_r_1_s_50_BSCRO410-24_fcleaner_merge,2716446,WWQ79001.1,superfamily:Leptonetoidea,null,602,null,null,0.0,111.0,49.49,50.0,0,209,30,0,6,90.14
BSCRO442-24_r_1.5_s_50_BSCRO442-24_fcleaner_merge,BSCRO442-24,r_1.5_s_50_fcleaner_merge,>BSCRO442-24_r_1.5_s_50_BSCRO442-24_fcleaner_merge,2721269,YP_009680079.1,family:Dysderidae,null,636,null,null,0.0,97.0,42.7,43.0,0,167,26,0,0,93.92
BSCRO458-24_r_1_s_100_BSCRO458-24_fcleaner_merge,BSCRO458-24,r_1_s_100_fcleaner_merge,>BSCRO458-24_r_1_s_100_BSCRO458-24_fcleaner_merge,1872039,YP_009680079.1,family:Dysderidae,null,566,null,null,16.0,95.0,50.44,48.0,0,56,9,0,0,100.0
BSCRO382-24_r_1.3_s_100_BSCRO382-24_fcleaner_merge,BSCRO382-24,r_1.3_s_100_fcleaner_merge,>BSCRO382-24_r_1.3_s_100_BSCRO382-24_fcleaner_merge,2721269,YP_009680079.1,family:Dysderidae,null,796,null,null,8.0,137.0,71.83,74.0,0,22,14,0,0,100.0
BSCRO443-24_r_1.3_s_100_BSCRO443-24_fcleaner_merge,BSCRO443-24,r_1.3_s_100_fcleaner_merge,>BSCRO443-24_r_1.3_s_100_BSCRO443-24_fcleaner_merge,1654896,PRD22827.1,superfamily:Araneoidea,null,70,null,null,0.0,17.0,5.11,4.0,0,4,7,0,0,74.31
BSCRO468-24_r_1.3_s_100_BSCRO468-24_fcleaner_merge,BSCRO468-24,r_1.3_s_100_fcleaner_merge,>BSCRO468-24_r_1.3_s_100_BSCRO468-24_fcleaner_merge,3139653,YP_009349339.1,family:Agelenidae,null,376,null,null,11.0,45.0,29.07,29.0,0,9,6,0,0,100.0
BSCRO462-24_r_1.3_s_50_BSCRO462-24_fcleaner_merge,BSCRO462-24,r_1.3_s_50_fcleaner_merge,>BSCRO462-24_r_1.3_s_50_BSCRO462-24_fcleaner_merge,3139648,YP_009680079.1,family:Dysderidae,null,333,null,null,0.0,101.0,21.81,13.0,0,32,8,0,3,75.69
BSCRO459-24_r_1.5_s_100_BSCRO459-24_fcleaner_merge,BSCRO459-24,r_1.5_s_100_fcleaner_merge,>BSCRO459-24_r_1.5_s_100_BSCRO459-24_fcleaner_merge,1872039,YP_009680079.1,family:Dysderidae,null,1028,null,null,0.0,182.0,73.24,74.0,0,58,7,0,0,90.78
BSCRO399-24_r_1.5_s_50_BSCRO399-24_fcleaner_merge,BSCRO399-24,r_1.5_s_50_fcleaner_merge,>BSCRO399-24_r_1.5_s_50_BSCRO399-24_fcleaner_merge,3237715,YP_010545517.1,family:Theridiidae,null,1181,null,null,0.0,180.0,104.84,118.0,0,42,37,0,0,98.24
BSCRO421-24_r_1_s_50_BSCRO421-24_fcleaner_merge,BSCRO421-24,r_1_s_50_fcleaner_merge,>BSCRO421-24_r_1_s_50_BSCRO421-24_fcleaner_merge,1926205,XCA36587.1,family:Linyphiidae,null,1628,null,null,0.0,398.0,160.71,171.0,0,105,72,0,6,91.98
BSCRO432-24_r_1_s_50_BSCRO432-24_fcleaner_merge,BSCRO432-24,r_1_s_50_fcleaner_merge,>BSCRO432-24_r_1_s_50_BSCRO432-24_fcleaner_merge,3139650,YP_009349339.1,family:Agelenidae,null,106,null,null,0.0,13.0,5.29,5.0,0,21,7,0,0,98.83
BSCRO383-24_r_1.5_s_100_BSCRO383-24_fcleaner_merge,BSCRO383-24,r_1.5_s_100_fcleaner_merge,>BSCRO383-24_r_1.5_s_100_BSCRO383-24_fcleaner_merge,2721269,YP_009680079.1,family:Dysderidae,null,109,null,null,0.0,24.0,9.2,8.0,0,15,3,0,0,88.04
BSCRO399-24_r_1_s_100_BSCRO399-24_fcleaner_merge,BSCRO399-24,r_1_s_100_fcleaner_merge,>BSCRO399-24_r_1_s_100_BSCRO399-24_fcleaner_merge,3237715,YP_010545517.1,family:Theridiidae,null,1219,null,null,0.0,177.0,113.34,118.0,0,40,48,0,0,99.8
BSCRO428-24_r_1.5_s_50_BSCRO428-24_fcleaner_merge,BSCRO428-24,r_1.5_s_50_fcleaner_merge,>BSCRO428-24_r_1.5_s_50_BSCRO428-24_fcleaner_merge,3139669,YP_009349339.1,family:Agelenidae,null,193,null,null,0.0,71.0,12.11,0.0,0,25,6,0,0,48.05
BSCRO442-24_r_1.5_s_100_BSCRO442-24_fcleaner_merge,BSCRO442-24,r_1.5_s_100_fcleaner_merge,>BSCRO442-24_r_1.5_s_100_BSCRO442-24_fcleaner_merge,2721269,YP_009680079.1,family:Dysderidae,null,545,null,null,0.0,90.0,39.46,40.5,0,80,24,0,0,93.92
BSCRO450-24_r_1_s_100_BSCRO450-24_fcleaner_merge,BSCRO450-24,r_1_s_100_fcleaner_merge,>BSCRO450-24_r_1_s_100_BSCRO450-24_fcleaner_merge,2721269,YP_009680079.1,family:Dysderidae,null,310,null,null,0.0,81.0,32.41,33.0,0,44,16,0,6,91.57
BSCRO464-24_r_1.5_s_100_BSCRO464-24_fcleaner_merge,BSCRO464-24,r_1.5_s_100_fcleaner_merge,>BSCRO464-24_r_1.5_s_100_BSCRO464-24_fcleaner_merge,1926205,XCA36587.1,family:Linyphiidae,null,260,null,null,0.0,40.0,17.11,18.0,0,7,6,0,0,96.28
BSCRO444-24_r_1.3_s_100_BSCRO444-24_fcleaner_merge,BSCRO444-24,r_1.3_s_100_fcleaner_merge,>BSCRO444-24_r_1.3_s_100_BSCRO444-24_fcleaner_merge,1654896,PRD22827.1,superfamily:Araneoidea,null,42,null,null,0.0,12.0,3.03,2.0,0,16,4,0,0,63.22
BSCRO465-24_r_1_s_100_BSCRO465-24_fcleaner_merge,BSCRO465-24,r_1_s_100_fcleaner_merge,>BSCRO465-24_r_1_s_100_BSCRO465-24_fcleaner_merge,1926205,XCA36587.1,family:Linyphiidae,null,952,null,null,0.0,119.0,82.82,85.0,0,86,11,0,0,99.41
BSCRO444-24_r_1.5_s_50_BSCRO444-24_fcleaner_merge,BSCRO444-24,r_1.5_s_50_fcleaner_merge,>BSCRO444-24_r_1.5_s_50_BSCRO444-24_fcleaner_merge,1654896,PRD22827.1,superfamily:Araneoidea,null,24,null,null,0.0,8.0,1.26,0.0,0,26,2,0,0,40.48
BSCRO413-24_r_1.3_s_50_BSCRO413-24_fcleaner_merge,BSCRO413-24,r_1.3_s_50_fcleaner_merge,>BSCRO413-24_r_1.3_s_50_BSCRO413-24_fcleaner_merge,3139648,YP_009680079.1,family:Dysderidae,null,180,null,null,0.0,82.0,16.7,8.0,0,19,1,0,3,60.98
BSCRO387-24_r_1.5_s_50_BSCRO387-24_fcleaner_merge,BSCRO387-24,r_1.5_s_50_fcleaner_merge,>BSCRO387-24_r_1.5_s_50_BSCRO387-24_fcleaner_merge,2689247,XCA36587.1,family:Linyphiidae,null,135,null,null,0.0,53.0,6.98,0.0,0,109,1,0,0,21.33
BSCRO438-24_r_1.3_s_50_BSCRO438-24_fcleaner_merge,BSCRO438-24,r_1.3_s_50_fcleaner_merge,>BSCRO438-24_r_1.3_s_50_BSCRO438-24_fcleaner_merge,2721255,YP_009680079.1,family:Dysderidae,null,127,null,null,0.0,36.0,10.25,6.0,0,78,2,0,3,63.73
BSCRO445-24_r_1.3_s_100_BSCRO445-24_fcleaner_merge,BSCRO445-24,r_1.3_s_100_fcleaner_merge,>BSCRO445-24_r_1.3_s_100_BSCRO445-24_fcleaner_merge,1959301,PRD22827.1,superfamily:Araneoidea,null,62,null,null,0.0,20.0,3.41,2.0,0,8,2,0,0,64.7
BSCRO392-24_r_1.3_s_50_BSCRO392-24_fcleaner_merge,BSCRO392-24,r_1.3_s_50_fcleaner_merge,>BSCRO392-24_r_1.3_s_50_BSCRO392-24_fcleaner_merge,3139650,YP_009349339.1,family:Agelenidae,null,531,null,null,0.0,205.0,31.89,25.0,0,242,42,0,0,97.85
BSCRO398-24_r_1.5_s_100_BSCRO398-24_fcleaner_merge,BSCRO398-24,r_1.5_s_100_fcleaner_merge,>BSCRO398-24_r_1.5_s_100_BSCRO398-24_fcleaner_merge,2721269,YP_009680079.1,family:Dysderidae,null,197,null,null,0.0,46.0,18.62,19.0,0,3,3,0,0,90.39
BSCRO467-24_r_1.5_s_50_BSCRO467-24_fcleaner_merge,BSCRO467-24,r_1.5_s_50_fcleaner_merge,>BSCRO467-24_r_1.5_s_50_BSCRO467-24_fcleaner_merge,3139668,YP_009349339.1,family:Agelenidae,null,699,null,null,0.0,109.0,55.13,60.0,0,100,25,0,0,95.12
BSCRO438-24_r_1.5_s_100_BSCRO438-24_fcleaner_merge,BSCRO438-24,r_1.5_s_100_fcleaner_merge,>BSCRO438-24_r_1.5_s_100_BSCRO438-24_fcleaner_merge,2721255,YP_009680079.1,family:Dysderidae,null,48,null,null,0.0,25.0,4.06,0.0,0,20,1,0,0,35.1
BSCRO456-24_r_1_s_50_BSCRO456-24_fcleaner_merge,BSCRO456-24,r_1_s_50_fcleaner_merge,>BSCRO456-24_r_1_s_50_BSCRO456-24_fcleaner_merge,3139660,XCA36587.1,family:Linyphiidae,null,1003,null,null,0.0,105.0,71.39,72.0,0,208,19,0,0,99.41
BSCRO450-24_r_1.5_s_50_BSCRO450-24_fcleaner_merge,BSCRO450-24,r_1.5_s_50_fcleaner_merge,>BSCRO450-24_r_1.5_s_50_BSCRO450-24_fcleaner_merge,2721269,YP_009680079.1,family:Dysderidae,null,18,null,null,0.0,8.0,1.46,0.0,0,57,1,0,0,24.71
BSCRO402-24_r_1.3_s_50_BSCRO402-24_fcleaner_merge,BSCRO402-24,r_1.3_s_50_fcleaner_merge,>BSCRO402-24_r_1.3_s_50_BSCRO402-24_fcleaner_merge,2721255,YP_009680079.1,family:Dysderidae,null,85,null,null,0.0,32.0,7.37,4.5,0,32,4,0,0,59.02
BSCRO462-24_r_1.3_s_100_BSCRO462-24_fcleaner_merge,BSCRO462-24,r_1.3_s_100_fcleaner_merge,>BSCRO462-24_r_1.3_s_100_BSCRO462-24_fcleaner_merge,3139648,YP_009680079.1,family:Dysderidae,null,242,null,null,0.0,101.0,18.46,9.0,0,15,7,0,3,70.59
BSCRO453-24_r_1_s_50_BSCRO453-24_fcleaner_merge,BSCRO453-24,r_1_s_50_fcleaner_merge,>BSCRO453-24_r_1_s_50_BSCRO453-24_fcleaner_merge,1395086,YP_009680079.1,family:Dysderidae,null,842,null,null,23.0,156.0,55.67,53.0,0,277,38,0,0,100.0
BSCRO416-24_r_1.5_s_100_BSCRO416-24_fcleaner_merge,BSCRO416-24,r_1.5_s_100_fcleaner_merge,>BSCRO416-24_r_1.5_s_100_BSCRO416-24_fcleaner_merge,2766751,WWQ79001.1,superfamily:Leptonetoidea,null,2057,null,null,0.0,538.0,178.37,136.0,0,120,28,0,0,82.4
BSCRO422-24_r_1.3_s_100_BSCRO422-24_fcleaner_merge,BSCRO422-24,r_1.3_s_100_fcleaner_merge,>BSCRO422-24_r_1.3_s_100_BSCRO422-24_fcleaner_merge,1959304,PRD22827.1,superfamily:Araneoidea,null,385,null,null,0.0,96.0,31.9,28.0,0,24,17,0,0,74.31
BSCRO407-24_r_1.3_s_50_BSCRO407-24_fcleaner_merge,BSCRO407-24,r_1.3_s_50_fcleaner_merge,>BSCRO407-24_r_1.3_s_50_BSCRO407-24_fcleaner_merge,2721249,YP_009680079.1,family:Dysderidae,null,293,null,null,4.0,118.0,15.73,14.0,0,100,22,0,0,100.0
BSCRO464-24_r_1.3_s_100_BSCRO464-24_fcleaner_merge,BSCRO464-24,r_1.3_s_100_fcleaner_merge,>BSCRO464-24_r_1.3_s_100_BSCRO464-24_fcleaner_merge,1926205,XCA36587.1,family:Linyphiidae,null,335,null,null,0.0,40.0,22.03,24.0,0,8,7,0,0,99.41
BSCRO427-24_r_1.3_s_100_BSCRO427-24_fcleaner_merge,BSCRO427-24,r_1.3_s_100_fcleaner_merge,>BSCRO427-24_r_1.3_s_100_BSCRO427-24_fcleaner_merge,3139652,YP_009349339.1,family:Agelenidae,null,458,null,null,13.0,73.0,49.96,51.0,0,18,4,0,0,100.0
BSCRO394-24_r_1.5_s_100_BSCRO394-24_fcleaner_merge,BSCRO394-24,r_1.5_s_100_fcleaner_merge,>BSCRO394-24_r_1.5_s_100_BSCRO394-24_fcleaner_merge,3228881,XCA36587.1,family:Linyphiidae,null,58,null,null,0.0,17.0,4.45,5.0,0,15,5,0,0,84.15
BSCRO403-24_r_1_s_50_BSCRO403-24_fcleaner_merge,BSCRO403-24,r_1_s_50_fcleaner_merge,>BSCRO403-24_r_1_s_50_BSCRO403-24_fcleaner_merge,2721256,YP_009680079.1,family:Dysderidae,null,849,null,null,0.0,112.0,48.64,45.0,0,149,50,0,0,99.8
BSCRO465-24_r_1.5_s_100_BSCRO465-24_fcleaner_merge,BSCRO465-24,r_1.5_s_100_fcleaner_merge,>BSCRO465-24_r_1.5_s_100_BSCRO465-24_fcleaner_merge,1926205,XCA36587.1,family:Linyphiidae,null,890,null,null,0.0,118.0,77.87,82.0,0,38,9,0,0,99.41
BSCRO467-24_r_1.3_s_50_BSCRO467-24_fcleaner_merge,BSCRO467-24,r_1.3_s_50_fcleaner_merge,>BSCRO467-24_r_1.3_s_50_BSCRO467-24_fcleaner_merge,3139668,YP_009349339.1,family:Agelenidae,null,998,null,null,0.0,111.0,75.07,79.5,0,181,27,0,0,98.63
BSCRO440-24_r_1_s_100_BSCRO440-24_fcleaner_merge,BSCRO440-24,r_1_s_100_fcleaner_merge,>BSCRO440-24_r_1_s_100_BSCRO440-24_fcleaner_merge,1959304,PRD22827.1,superfamily:Araneoidea,null,1387,null,null,0.0,243.0,127.7,148.0,0,48,18,0,6,87.43
BSCRO470-24_r_1.5_s_100_BSCRO470-24_fcleaner_merge,BSCRO470-24,r_1.5_s_100_fcleaner_merge,>BSCRO470-24_r_1.5_s_100_BSCRO470-24_fcleaner_merge,2721269,YP_009680079.1,family:Dysderidae,null,160,null,null,0.0,32.0,12.04,10.0,0,13,4,0,0,89.22
BSCRO419-24_r_1.3_s_50_BSCRO419-24_fcleaner_merge,BSCRO419-24,r_1.3_s_50_fcleaner_merge,>BSCRO419-24_r_1.3_s_50_BSCRO419-24_fcleaner_merge,1907062,XCA36587.1,subfamily:Erigoninae,null,78,null,null,0.0,39.0,4.72,0.0,0,48,1,0,0,43.84
BSCRO419-24_r_1.5_s_50_BSCRO419-24_fcleaner_merge,BSCRO419-24,r_1.5_s_50_fcleaner_merge,>BSCRO419-24_r_1.5_s_50_BSCRO419-24_fcleaner_merge,1907062,XCA36587.1,subfamily:Erigoninae,null,67,null,null,0.0,46.0,4.19,0.0,0,10,0,0,0,30.33
BSCRO468-24_r_1_s_50_BSCRO468-24_fcleaner_merge,BSCRO468-24,r_1_s_50_fcleaner_merge,>BSCRO468-24_r_1_s_50_BSCRO468-24_fcleaner_merge,3139653,YP_009349339.1,family:Agelenidae,null,610,null,null,18.0,64.0,36.67,36.0,0,95,23,0,0,100.0
BSCRO449-24_r_1_s_100_BSCRO449-24_fcleaner_merge,BSCRO449-24,r_1_s_100_fcleaner_merge,>BSCRO449-24_r_1_s_100_BSCRO449-24_fcleaner_merge,2721269,YP_009680079.1,family:Dysderidae,null,621,null,null,0.0,148.0,60.58,59.0,0,46,32,0,6,91.57
BSCRO408-24_r_1_s_50_BSCRO408-24_fcleaner_merge,BSCRO408-24,r_1_s_50_fcleaner_merge,>BSCRO408-24_r_1_s_50_BSCRO408-24_fcleaner_merge,3228881,XCA36587.1,family:Linyphiidae,null,845,null,null,0.0,94.0,61.87,64.0,0,134,32,0,0,99.8
BSCRO401-24_r_1.3_s_100_BSCRO401-24_fcleaner_merge,BSCRO401-24,r_1.3_s_100_fcleaner_merge,>BSCRO401-24_r_1.3_s_100_BSCRO401-24_fcleaner_merge,2721249,YP_009680079.1,family:Dysderidae,null,1102,null,null,0.0,181.0,112.8,123.0,0,32,28,0,0,94.51
BSCRO463-24_r_1_s_100_BSCRO463-24_fcleaner_merge,BSCRO463-24,r_1_s_100_fcleaner_merge,>BSCRO463-24_r_1_s_100_BSCRO463-24_fcleaner_merge,2721269,YP_009680079.1,family:Dysderidae,null,1034,null,null,0.0,228.0,103.19,110.0,0,85,58,0,3,91.57
BSCRO384-24_r_1.5_s_100_BSCRO384-24_fcleaner_merge,BSCRO384-24,r_1.5_s_100_fcleaner_merge,>BSCRO384-24_r_1.5_s_100_BSCRO384-24_fcleaner_merge,2721269,YP_009680079.1,family:Dysderidae,null,643,null,null,0.0,174.0,63.27,59.0,0,8,13,0,0,90.98
BSCRO437-24_r_1.3_s_50_BSCRO437-24_fcleaner_merge,BSCRO437-24,r_1.3_s_50_fcleaner_merge,>BSCRO437-24_r_1.3_s_50_BSCRO437-24_fcleaner_merge,1959301,PRD22827.1,superfamily:Araneoidea,null,702,null,null,0.0,179.0,56.02,47.0,0,86,14,0,0,79.3
BSCRO396-24_r_1.3_s_50_BSCRO396-24_fcleaner_merge,BSCRO396-24,r_1.3_s_50_fcleaner_merge,>BSCRO396-24_r_1.3_s_50_BSCRO396-24_fcleaner_merge,2747120,QNV12043.1,subfamily:Linyphiinae,null,472,null,null,0.0,63.0,34.27,35.0,0,73,15,0,0,99.8
BSCRO426-24_r_1.3_s_100_BSCRO426-24_fcleaner_merge,BSCRO426-24,r_1.3_s_100_fcleaner_merge,>BSCRO426-24_r_1.3_s_100_BSCRO426-24_fcleaner_merge,1419516,PRD22827.1,superfamily:Araneoidea,null,1474,null,null,0.0,417.0,125.74,101.0,0,59,18,0,0,75.05
BSCRO412-24_r_1.3_s_50_BSCRO412-24_fcleaner_merge,BSCRO412-24,r_1.3_s_50_fcleaner_merge,>BSCRO412-24_r_1.3_s_50_BSCRO412-24_fcleaner_merge,2721269,YP_009680079.1,family:Dysderidae,null,173,null,null,2.0,28.0,12.56,13.0,0,77,8,0,0,100.0
BSCRO390-24_r_1_s_100_BSCRO390-24_fcleaner_merge,BSCRO390-24,r_1_s_100_fcleaner_merge,>BSCRO390-24_r_1_s_100_BSCRO390-24_fcleaner_merge,2747120,QNV12043.1,subfamily:Linyphiinae,null,95,null,null,0.0,19.0,7.24,7.0,0,87,7,0,0,96.25
BSCRO392-24_r_1_s_50_BSCRO392-24_fcleaner_merge,BSCRO392-24,r_1_s_50_fcleaner_merge,>BSCRO392-24_r_1_s_50_BSCRO392-24_fcleaner_merge,3139650,YP_009349339.1,family:Agelenidae,null,345,null,null,0.0,145.0,23.96,19.0,0,870,39,0,0,82.42
BSCRO462-24_r_1_s_50_BSCRO462-24_fcleaner_merge,BSCRO462-24,r_1_s_50_fcleaner_merge,>BSCRO462-24_r_1_s_50_BSCRO462-24_fcleaner_merge,3139648,YP_009680079.1,family:Dysderidae,null,824,null,null,0.0,139.0,62.27,68.0,0,104,59,0,6,92.16
BSCRO414-24_r_1.3_s_100_BSCRO414-24_fcleaner_merge,BSCRO414-24,r_1.3_s_100_fcleaner_merge,>BSCRO414-24_r_1.3_s_100_BSCRO414-24_fcleaner_merge,2721269,YP_009680079.1,family:Dysderidae,null,615,null,null,3.0,115.0,55.24,53.0,0,22,11,0,0,100.0
BSCRO451-24_r_1.3_s_100_BSCRO451-24_fcleaner_merge,BSCRO451-24,r_1.3_s_100_fcleaner_merge,>BSCRO451-24_r_1.3_s_100_BSCRO451-24_fcleaner_merge,3228881,XCA36587.1,family:Linyphiidae,null,1204,null,null,0.0,185.0,116.31,114.0,0,25,38,0,0,99.8
BSCRO397-24_r_1.3_s_100_BSCRO397-24_fcleaner_merge,BSCRO397-24,r_1.3_s_100_fcleaner_merge,>BSCRO397-24_r_1.3_s_100_BSCRO397-24_fcleaner_merge,3139669,YP_009349339.1,family:Agelenidae,null,427,null,null,0.0,155.0,39.45,30.0,0,68,8,0,0,70.9
BSCRO388-24_r_1_s_100_BSCRO388-24_fcleaner_merge,BSCRO388-24,r_1_s_100_fcleaner_merge,>BSCRO388-24_r_1_s_100_BSCRO388-24_fcleaner_merge,2721269,YP_009680079.1,family:Dysderidae,null,704,null,null,0.0,214.0,75.65,51.5,0,40,47,0,6,91.18
BSCRO445-24_r_1.5_s_50_BSCRO445-24_fcleaner_merge,BSCRO445-24,r_1.5_s_50_fcleaner_merge,>BSCRO445-24_r_1.5_s_50_BSCRO445-24_fcleaner_merge,1959301,PRD22827.1,superfamily:Araneoidea,null,73,null,null,0.0,26.0,2.98,0.0,0,9,1,0,0,46.21
BSCRO406-24_r_1.3_s_100_BSCRO406-24_fcleaner_merge,BSCRO406-24,r_1.3_s_100_fcleaner_merge,>BSCRO406-24_r_1.3_s_100_BSCRO406-24_fcleaner_merge,2716446,WWQ79001.1,superfamily:Leptonetoidea,null,99,null,null,0.0,27.0,6.89,4.0,0,176,7,0,3,66.92
BSCRO426-24_r_1_s_100_BSCRO426-24_fcleaner_merge,BSCRO426-24,r_1_s_100_fcleaner_merge,>BSCRO426-24_r_1_s_100_BSCRO426-24_fcleaner_merge,1419516,PRD22827.1,superfamily:Araneoidea,null,2731,null,null,0.0,457.0,251.67,287.0,0,89,41,0,6,87.06
BSCRO386-24_r_1_s_50_BSCRO386-24_fcleaner_merge,BSCRO386-24,r_1_s_50_fcleaner_merge,>BSCRO386-24_r_1_s_50_BSCRO386-24_fcleaner_merge,2747120,QNV12043.1,subfamily:Linyphiinae,null,849,null,null,0.0,172.0,68.18,64.0,0,507,36,0,0,99.8
BSCRO424-24_r_1.5_s_100_BSCRO424-24_fcleaner_merge,BSCRO424-24,r_1.5_s_100_fcleaner_merge,>BSCRO424-24_r_1.5_s_100_BSCRO424-24_fcleaner_merge,2721269,YP_009680079.1,family:Dysderidae,null,135,null,null,0.0,33.0,12.15,9.0,0,6,3,0,0,90.98
BSCRO397-24_r_1_s_100_BSCRO397-24_fcleaner_merge,BSCRO397-24,r_1_s_100_fcleaner_merge,>BSCRO397-24_r_1_s_100_BSCRO397-24_fcleaner_merge,3139669,YP_009349339.1,family:Agelenidae,null,1438,null,null,0.0,298.0,154.37,161.5,0,182,75,0,6,91.21
BSCRO450-24_r_1_s_50_BSCRO450-24_fcleaner_merge,BSCRO450-24,r_1_s_50_fcleaner_merge,>BSCRO450-24_r_1_s_50_BSCRO450-24_fcleaner_merge,2721269,YP_009680079.1,family:Dysderidae,null,370,null,null,0.0,93.0,35.94,36.0,0,196,21,0,3,93.14
BSCRO410-24_r_1.5_s_50_BSCRO410-24_fcleaner_merge,BSCRO410-24,r_1.5_s_50_fcleaner_merge,>BSCRO410-24_r_1.5_s_50_BSCRO410-24_fcleaner_merge,2716446,WWQ79001.1,superfamily:Leptonetoidea,null,78,null,null,0.0,39.0,5.3,0.0,0,71,0,0,0,46.81
BSCRO462-24_r_1.5_s_50_BSCRO462-24_fcleaner_merge,BSCRO462-24,r_1.5_s_50_fcleaner_merge,>BSCRO462-24_r_1.5_s_50_BSCRO462-24_fcleaner_merge,3139648,YP_009680079.1,family:Dysderidae,null,190,null,null,0.0,75.0,11.65,0.0,0,14,2,0,0,41.76
BSCRO421-24_r_1.5_s_100_BSCRO421-24_fcleaner_merge,BSCRO421-24,r_1.5_s_100_fcleaner_merge,>BSCRO421-24_r_1.5_s_100_BSCRO421-24_fcleaner_merge,1926205,XCA36587.1,family:Linyphiidae,null,305,null,null,0.0,145.0,29.17,0.0,0,25,0,0,1,36.59
BSCRO461-24_r_1_s_100_BSCRO461-24_fcleaner_merge,BSCRO461-24,r_1_s_100_fcleaner_merge,>BSCRO461-24_r_1_s_100_BSCRO461-24_fcleaner_merge,2721252,YP_009680079.1,family:Dysderidae,null,475,null,null,0.0,59.0,37.53,37.0,0,20,5,0,0,99.8
BSCRO418-24_r_1.3_s_50_BSCRO418-24_fcleaner_merge,BSCRO418-24,r_1.3_s_50_fcleaner_merge,>BSCRO418-24_r_1.3_s_50_BSCRO418-24_fcleaner_merge,1109451,QNV12118.1,genus:Amaurobius,null,411,null,null,0.0,121.0,30.3,21.0,0,162,35,0,0,99.8
BSCRO382-24_r_1_s_100_BSCRO382-24_fcleaner_merge,BSCRO382-24,r_1_s_100_fcleaner_merge,>BSCRO382-24_r_1_s_100_BSCRO382-24_fcleaner_merge,2721269,YP_009680079.1,family:Dysderidae,null,886,null,null,24.0,140.0,79.21,77.0,0,27,17,0,0,100.0
BSCRO401-24_r_1_s_100_BSCRO401-24_fcleaner_merge,BSCRO401-24,r_1_s_100_fcleaner_merge,>BSCRO401-24_r_1_s_100_BSCRO401-24_fcleaner_merge,2721249,YP_009680079.1,family:Dysderidae,null,1186,null,null,5.0,182.0,121.8,128.0,0,45,36,0,0,100.0
BSCRO409-24_r_1.5_s_100_BSCRO409-24_fcleaner_merge,BSCRO409-24,r_1.5_s_100_fcleaner_merge,>BSCRO409-24_r_1.5_s_100_BSCRO409-24_fcleaner_merge,3228881,XCA36587.1,family:Linyphiidae,null,763,null,null,0.0,182.0,70.48,66.0,0,40,20,0,0,89.43
BSCRO475-24_r_1.5_s_50_BSCRO475-24_fcleaner_merge,BSCRO475-24,r_1.5_s_50_fcleaner_merge,>BSCRO475-24_r_1.5_s_50_BSCRO475-24_fcleaner_merge,2970455,YP_009349339.1,family:Agelenidae,null,322,null,null,0.0,145.0,22.13,0.0,0,25,1,0,0,48.05
BSCRO430-24_r_1.3_s_100_BSCRO430-24_fcleaner_merge,BSCRO430-24,r_1.3_s_100_fcleaner_merge,>BSCRO430-24_r_1.3_s_100_BSCRO430-24_fcleaner_merge,3139653,YP_009349339.1,family:Agelenidae,null,130,null,null,0.0,18.0,10.19,10.0,0,5,11,0,0,99.61
BSCRO414-24_r_1.3_s_50_BSCRO414-24_fcleaner_merge,BSCRO414-24,r_1.3_s_50_fcleaner_merge,>BSCRO414-24_r_1.3_s_50_BSCRO414-24_fcleaner_merge,2721269,YP_009680079.1,family:Dysderidae,null,825,null,null,3.0,178.0,60.64,56.0,0,302,38,0,0,100.0
BSCRO423-24_r_1_s_50_BSCRO423-24_fcleaner_merge,BSCRO423-24,r_1_s_50_fcleaner_merge,>BSCRO423-24_r_1_s_50_BSCRO423-24_fcleaner_merge,1959304,PRD22827.1,superfamily:Araneoidea,null,629,null,null,0.0,94.0,43.99,48.0,0,118,39,0,6,97.97
BSCRO392-24_r_1.5_s_50_BSCRO392-24_fcleaner_merge,BSCRO392-24,r_1.5_s_50_fcleaner_merge,>BSCRO392-24_r_1.5_s_50_BSCRO392-24_fcleaner_merge,3139650,YP_009349339.1,family:Agelenidae,null,379,null,null,0.0,170.0,21.13,14.0,0,100,22,0,0,78.52
BSCRO461-24_r_1.5_s_50_BSCRO461-24_fcleaner_merge,BSCRO461-24,r_1.5_s_50_fcleaner_merge,>BSCRO461-24_r_1.5_s_50_BSCRO461-24_fcleaner_merge,2721252,YP_009680079.1,family:Dysderidae,null,319,null,null,0.0,59.0,22.8,21.0,0,21,4,0,0,96.27
BSCRO385-24_r_1.5_s_100_BSCRO385-24_fcleaner_merge,BSCRO385-24,r_1.5_s_100_fcleaner_merge,>BSCRO385-24_r_1.5_s_100_BSCRO385-24_fcleaner_merge,2747120,QNV12043.1,subfamily:Linyphiinae,null,638,null,null,0.0,118.0,63.23,60.0,0,22,11,0,0,99.8
BSCRO418-24_r_1.5_s_100_BSCRO418-24_fcleaner_merge,BSCRO418-24,r_1.5_s_100_fcleaner_merge,>BSCRO418-24_r_1.5_s_100_BSCRO418-24_fcleaner_merge,1109451,QNV12118.1,genus:Amaurobius,null,262,null,null,0.0,89.0,21.78,18.0,0,83,14,0,0,99.8
BSCRO458-24_r_1.3_s_50_BSCRO458-24_fcleaner_merge,BSCRO458-24,r_1.3_s_50_fcleaner_merge,>BSCRO458-24_r_1.3_s_50_BSCRO458-24_fcleaner_merge,1872039,YP_009680079.1,family:Dysderidae,null,690,null,null,6.0,163.0,50.14,46.0,0,393,18,0,0,100.0
BSCRO396-24_r_1.5_s_100_BSCRO396-24_fcleaner_merge,BSCRO396-24,r_1.5_s_100_fcleaner_merge,>BSCRO396-24_r_1.5_s_100_BSCRO396-24_fcleaner_merge,2747120,QNV12043.1,subfamily:Linyphiinae,null,297,null,null,0.0,49.0,24.62,26.0,0,20,6,0,0,98.42
BSCRO473-24_r_1.3_s_100_BSCRO473-24_fcleaner_merge,BSCRO473-24,r_1.3_s_100_fcleaner_merge,>BSCRO473-24_r_1.3_s_100_BSCRO473-24_fcleaner_merge,3139653,YP_009349339.1,family:Agelenidae,null,355,null,null,0.0,144.0,33.54,14.0,0,81,2,0,0,75.0
BSCRO400-24_r_1.5_s_50_BSCRO400-24_fcleaner_merge,BSCRO400-24,r_1.5_s_50_fcleaner_merge,>BSCRO400-24_r_1.5_s_50_BSCRO400-24_fcleaner_merge,2766751,WWQ79001.1,superfamily:Leptonetoidea,null,355,null,null,0.0,89.0,32.02,29.0,0,10,7,0,0,84.14
BSCRO436-24_r_1.5_s_100_BSCRO436-24_fcleaner_merge,BSCRO436-24,r_1.5_s_100_fcleaner_merge,>BSCRO436-24_r_1.5_s_100_BSCRO436-24_fcleaner_merge,3139668,YP_009349339.1,family:Agelenidae,null,166,null,null,1.0,24.0,13.99,15.0,0,11,13,0,0,100.0
BSCRO409-24_r_1.3_s_50_BSCRO409-24_fcleaner_merge,BSCRO409-24,r_1.3_s_50_fcleaner_merge,>BSCRO409-24_r_1.3_s_50_BSCRO409-24_fcleaner_merge,3228881,XCA36587.1,family:Linyphiidae,null,1204,null,null,0.0,190.0,107.41,109.0,0,150,35,0,0,99.8
BSCRO418-24_r_1.3_s_100_BSCRO418-24_fcleaner_merge,BSCRO418-24,r_1.3_s_100_fcleaner_merge,>BSCRO418-24_r_1.3_s_100_BSCRO418-24_fcleaner_merge,1109451,QNV12118.1,genus:Amaurobius,null,329,null,null,0.0,114.0,26.9,19.0,0,121,22,0,0,99.8
BSCRO392-24_r_1_s_100_BSCRO392-24_fcleaner_merge,BSCRO392-24,r_1_s_100_fcleaner_merge,>BSCRO392-24_r_1_s_100_BSCRO392-24_fcleaner_merge,3139650,YP_009349339.1,family:Agelenidae,null,209,null,null,0.0,86.0,20.74,19.0,0,666,22,0,0,73.63
BSCRO464-24_r_1_s_50_BSCRO464-24_fcleaner_merge,BSCRO464-24,r_1_s_50_fcleaner_merge,>BSCRO464-24_r_1_s_50_BSCRO464-24_fcleaner_merge,1926205,XCA36587.1,family:Linyphiidae,null,530,null,null,0.0,49.0,28.93,28.0,0,79,12,0,0,99.41
BSCRO395-24_r_1.5_s_50_BSCRO395-24_fcleaner_merge,BSCRO395-24,r_1.5_s_50_fcleaner_merge,>BSCRO395-24_r_1.5_s_50_BSCRO395-24_fcleaner_merge,2892423,PRD22827.1,superfamily:Araneoidea,null,116,null,null,0.0,34.0,6.06,2.0,0,12,4,0,0,61.0
BSCRO459-24_r_1.3_s_50_BSCRO459-24_fcleaner_merge,BSCRO459-24,r_1.3_s_50_fcleaner_merge,>BSCRO459-24_r_1.3_s_50_BSCRO459-24_fcleaner_merge,1872039,YP_009680079.1,family:Dysderidae,null,1868,null,null,7.0,268.0,114.63,113.0,0,598,34,0,0,100.0
BSCRO433-24_r_1.3_s_100_BSCRO433-24_fcleaner_merge,BSCRO433-24,r_1.3_s_100_fcleaner_merge,>BSCRO433-24_r_1.3_s_100_BSCRO433-24_fcleaner_merge,2716446,WWQ79001.1,superfamily:Leptonetoidea,null,137,null,null,0.0,25.0,9.9,10.0,0,6,2,0,0,92.26
BSCRO451-24_r_1_s_100_BSCRO451-24_fcleaner_merge,BSCRO451-24,r_1_s_100_fcleaner_merge,>BSCRO451-24_r_1_s_100_BSCRO451-24_fcleaner_merge,3228881,XCA36587.1,family:Linyphiidae,null,1226,null,null,0.0,193.0,118.23,115.0,0,36,40,0,0,99.8
BSCRO402-24_r_1.3_s_100_BSCRO402-24_fcleaner_merge,BSCRO402-24,r_1.3_s_100_fcleaner_merge,>BSCRO402-24_r_1.3_s_100_BSCRO402-24_fcleaner_merge,2721255,YP_009680079.1,family:Dysderidae,null,84,null,null,0.0,37.0,7.33,5.0,0,15,0,0,3,56.86
BSCRO458-24_r_1.3_s_100_BSCRO458-24_fcleaner_merge,BSCRO458-24,r_1.3_s_100_fcleaner_merge,>BSCRO458-24_r_1.3_s_100_BSCRO458-24_fcleaner_merge,1872039,YP_009680079.1,family:Dysderidae,null,498,null,null,3.0,92.0,44.62,43.0,0,32,8,0,0,100.0
BSCRO388-24_r_1.3_s_50_BSCRO388-24_fcleaner_merge,BSCRO388-24,r_1.3_s_50_fcleaner_merge,>BSCRO388-24_r_1.3_s_50_BSCRO388-24_fcleaner_merge,2721269,YP_009680079.1,family:Dysderidae,null,381,null,null,0.0,142.0,32.55,13.0,0,49,2,0,3,70.39
BSCRO425-24_r_1.5_s_50_BSCRO425-24_fcleaner_merge,BSCRO425-24,r_1.5_s_50_fcleaner_merge,>BSCRO425-24_r_1.5_s_50_BSCRO425-24_fcleaner_merge,1419516,PRD22827.1,superfamily:Araneoidea,null,154,null,null,0.0,70.0,10.52,5.0,0,18,6,0,0,66.17
BSCRO405-24_r_1.5_s_100_BSCRO405-24_fcleaner,BSCRO405-24,r_1.5_s_100_fcleaner_merge,null,2770607,YP_009680079.1,family:Dysderidae,null,0,null,null,0.0,0.0,0.0,0.0,0,0,0,0,0,0.0
BSCRO400-24_r_1_s_100_BSCRO400-24_fcleaner_merge,BSCRO400-24,r_1_s_100_fcleaner_merge,>BSCRO400-24_r_1_s_100_BSCRO400-24_fcleaner_merge,2766751,WWQ79001.1,superfamily:Leptonetoidea,null,687,null,null,0.0,141.0,68.16,72.0,0,236,11,0,0,91.3
BSCRO395-24_r_1.5_s_100_BSCRO395-24_fcleaner_merge,BSCRO395-24,r_1.5_s_100_fcleaner_merge,>BSCRO395-24_r_1.5_s_100_BSCRO395-24_fcleaner_merge,2892423,PRD22827.1,superfamily:Araneoidea,null,82,null,null,0.0,26.0,5.29,1.0,0,8,0,0,0,52.87
BSCRO425-24_r_1.3_s_100_BSCRO425-24_fcleaner_merge,BSCRO425-24,r_1.3_s_100_fcleaner_merge,>BSCRO425-24_r_1.3_s_100_BSCRO425-24_fcleaner_merge,1419516,PRD22827.1,superfamily:Araneoidea,null,262,null,null,0.0,67.0,21.73,17.0,0,18,3,0,0,73.57
BSCRO423-24_r_1.3_s_100_BSCRO423-24_fcleaner_merge,BSCRO423-24,r_1.3_s_100_fcleaner_merge,>BSCRO423-24_r_1.3_s_100_BSCRO423-24_fcleaner_merge,1959304,PRD22827.1,superfamily:Araneoidea,null,258,null,null,0.0,80.0,21.43,18.0,0,14,9,0,0,74.86
BSCRO395-24_r_1.3_s_100_BSCRO395-24_fcleaner_merge,BSCRO395-24,r_1.3_s_100_fcleaner_merge,>BSCRO395-24_r_1.3_s_100_BSCRO395-24_fcleaner_merge,2892423,PRD22827.1,superfamily:Araneoidea,null,100,null,null,0.0,26.0,7.06,5.0,0,52,1,0,0,72.09
BSCRO446-24_r_1_s_100_BSCRO446-24_fcleaner_merge,BSCRO446-24,r_1_s_100_fcleaner_merge,>BSCRO446-24_r_1_s_100_BSCRO446-24_fcleaner_merge,2734922,XAW19444.1,genus:Cheiracanthium,null,25,null,null,0.0,9.0,1.46,0.0,0,82,1,0,0,43.36
BSCRO463-24_r_1.5_s_100_BSCRO463-24_fcleaner_merge,BSCRO463-24,r_1.5_s_100_fcleaner_merge,>BSCRO463-24_r_1.5_s_100_BSCRO463-24_fcleaner_merge,2721269,YP_009680079.1,family:Dysderidae,null,167,null,null,0.0,86.0,14.71,0.0,0,0,0,0,0,41.76
BSCRO431-24_r_1_s_100_BSCRO431-24_fcleaner_merge,BSCRO431-24,r_1_s_100_fcleaner_merge,>BSCRO431-24_r_1_s_100_BSCRO431-24_fcleaner_merge,1419516,PRD22827.1,superfamily:Araneoidea,null,1753,null,null,0.0,246.0,145.16,162.0,0,56,56,0,6,88.91
BSCRO449-24_r_1.3_s_100_BSCRO449-24_fcleaner_merge,BSCRO449-24,r_1.3_s_100_fcleaner_merge,>BSCRO449-24_r_1.3_s_100_BSCRO449-24_fcleaner_merge,2721269,YP_009680079.1,family:Dysderidae,null,242,null,null,0.0,67.0,21.88,15.0,0,1,7,0,3,64.51
BSCRO441-24_r_1.3_s_100_BSCRO441-24_fcleaner_merge,BSCRO441-24,r_1.3_s_100_fcleaner_merge,>BSCRO441-24_r_1.3_s_100_BSCRO441-24_fcleaner_merge,2747156,XRO44683.1,genus:Zoropsis,null,2503,null,null,0.0,308.0,228.32,233.0,0,109,133,0,0,99.8
BSCRO420-24_r_1.5_s_100_BSCRO420-24_fcleaner_merge,BSCRO420-24,r_1.5_s_100_fcleaner_merge,>BSCRO420-24_r_1.5_s_100_BSCRO420-24_fcleaner_merge,933043,XCA36587.1,family:Linyphiidae,null,3318,null,null,0.0,666.0,273.97,267.0,0,264,31,0,0,92.37
BSCRO472-24_r_1_s_100_BSCRO472-24_fcleaner_merge,BSCRO472-24,r_1_s_100_fcleaner_merge,>BSCRO472-24_r_1_s_100_BSCRO472-24_fcleaner_merge,3139660,XCA36587.1,family:Linyphiidae,null,355,null,null,0.0,53.0,31.27,29.0,0,20,5,0,0,99.41
BSCRO389-24_r_1.3_s_100_BSCRO389-24_fcleaner_merge,BSCRO389-24,r_1.3_s_100_fcleaner_merge,>BSCRO389-24_r_1.3_s_100_BSCRO389-24_fcleaner_merge,2747120,QNV12043.1,subfamily:Linyphiinae,null,409,null,null,0.0,62.0,41.04,41.0,0,14,10,0,0,99.8
BSCRO417-24_r_1.3_s_100_BSCRO417-24_fcleaner_merge,BSCRO417-24,r_1.3_s_100_fcleaner_merge,>BSCRO417-24_r_1.3_s_100_BSCRO417-24_fcleaner_merge,1419516,PRD22827.1,superfamily:Araneoidea,null,204,null,null,0.0,62.0,17.71,12.0,0,11,3,0,0,74.86
BSCRO411-24_r_1_s_100_BSCRO411-24_fcleaner_merge,BSCRO411-24,r_1_s_100_fcleaner_merge,>BSCRO411-24_r_1_s_100_BSCRO411-24_fcleaner_merge,3139650,YP_009349339.1,family:Agelenidae,null,1211,null,null,0.0,162.0,112.69,118.0,0,40,39,0,0,99.61
BSCRO470-24_r_1.3_s_50_BSCRO470-24_fcleaner_merge,BSCRO470-24,r_1.3_s_50_fcleaner_merge,>BSCRO470-24_r_1.3_s_50_BSCRO470-24_fcleaner_merge,2721269,YP_009680079.1,family:Dysderidae,null,292,null,null,0.0,40.0,19.52,20.0,0,88,10,0,0,98.04
BSCRO403-24_r_1.3_s_50_BSCRO403-24_fcleaner_merge,BSCRO403-24,r_1.3_s_50_fcleaner_merge,>BSCRO403-24_r_1.3_s_50_BSCRO403-24_fcleaner_merge,2721256,YP_009680079.1,family:Dysderidae,null,652,null,null,0.0,85.0,39.23,39.0,0,77,21,0,0,99.8
BSCRO443-24_r_1.5_s_50_BSCRO443-24_fcleaner_merge,BSCRO443-24,r_1.5_s_50_fcleaner_merge,>BSCRO443-24_r_1.5_s_50_BSCRO443-24_fcleaner_merge,1654896,PRD22827.1,superfamily:Araneoidea,null,54,null,null,0.0,18.0,3.09,1.0,0,7,5,0,0,53.6
BSCRO442-24_r_1.3_s_50_BSCRO442-24_fcleaner_merge,BSCRO442-24,r_1.3_s_50_fcleaner_merge,>BSCRO442-24_r_1.3_s_50_BSCRO442-24_fcleaner_merge,2721269,YP_009680079.1,family:Dysderidae,null,958,null,null,5.0,128.0,64.69,64.0,0,252,41,0,0,100.0
BSCRO404-24_r_1.3_s_100_BSCRO404-24_fcleaner_merge,BSCRO404-24,r_1.3_s_100_fcleaner_merge,>BSCRO404-24_r_1.3_s_100_BSCRO404-24_fcleaner_merge,2721249,YP_009680079.1,family:Dysderidae,null,310,null,null,0.0,50.0,22.69,22.0,0,7,11,0,0,99.8
BSCRO413-24_r_1.5_s_100_BSCRO413-24_fcleaner_merge,BSCRO413-24,r_1.5_s_100_fcleaner_merge,>BSCRO413-24_r_1.5_s_100_BSCRO413-24_fcleaner_merge,3139648,YP_009680079.1,family:Dysderidae,null,20,null,null,0.0,20.0,1.96,0.0,0,0,0,0,0,13.33
BSCRO428-24_r_1_s_50_BSCRO428-24_fcleaner_merge,BSCRO428-24,r_1_s_50_fcleaner_merge,>BSCRO428-24_r_1_s_50_BSCRO428-24_fcleaner_merge,3139669,YP_009349339.1,family:Agelenidae,null,923,null,null,0.0,190.0,83.73,78.5,0,187,72,0,3,91.21
BSCRO444-24_r_1.3_s_50_BSCRO444-24_fcleaner_merge,BSCRO444-24,r_1.3_s_50_fcleaner_merge,>BSCRO444-24_r_1.3_s_50_BSCRO444-24_fcleaner_merge,1654896,PRD22827.1,superfamily:Araneoidea,null,87,null,null,0.0,25.0,4.6,3.0,0,29,5,0,0,78.74
BSCRO458-24_r_1.5_s_50_BSCRO458-24_fcleaner_merge,BSCRO458-24,r_1.5_s_50_fcleaner_merge,>BSCRO458-24_r_1.5_s_50_BSCRO458-24_fcleaner_merge,1872039,YP_009680079.1,family:Dysderidae,null,442,null,null,0.0,102.0,36.17,37.0,0,197,7,0,0,91.18
BSCRO382-24_r_1_s_50_BSCRO382-24_fcleaner_merge,BSCRO382-24,r_1_s_50_fcleaner_merge,>BSCRO382-24_r_1_s_50_BSCRO382-24_fcleaner_merge,2721269,YP_009680079.1,family:Dysderidae,null,1204,null,null,28.0,187.0,89.74,87.0,0,453,52,0,0,100.0
BSCRO406-24_r_1_s_50_BSCRO406-24_fcleaner_merge,BSCRO406-24,r_1_s_50_fcleaner_merge,>BSCRO406-24_r_1_s_50_BSCRO406-24_fcleaner_merge,2716446,WWQ79001.1,superfamily:Leptonetoidea,null,494,null,null,0.0,116.0,48.64,50.0,0,374,58,0,6,86.07
BSCRO404-24_r_1_s_100_BSCRO404-24_fcleaner_merge,BSCRO404-24,r_1_s_100_fcleaner_merge,>BSCRO404-24_r_1_s_100_BSCRO404-24_fcleaner_merge,2721249,YP_009680079.1,family:Dysderidae,null,344,null,null,1.0,50.0,24.99,23.0,0,20,15,0,0,100.0
BSCRO426-24_r_1_s_50_BSCRO426-24_fcleaner_merge,BSCRO426-24,r_1_s_50_fcleaner_merge,>BSCRO426-24_r_1_s_50_BSCRO426-24_fcleaner_merge,1419516,PRD22827.1,superfamily:Araneoidea,null,3278,null,null,0.0,473.0,272.15,320.0,0,304,81,0,6,98.52
BSCRO446-24_r_1.5_s_100_BSCRO446-24_fcleaner_merge,BSCRO446-24,r_1.5_s_100_fcleaner_merge,>BSCRO446-24_r_1.5_s_100_BSCRO446-24_fcleaner_merge,2734922,XAW19444.1,genus:Cheiracanthium,null,59,null,null,0.0,11.0,4.32,5.0,0,22,3,0,0,77.54
BSCRO474-24_r_1.5_s_50_BSCRO474-24_fcleaner_merge,BSCRO474-24,r_1.5_s_50_fcleaner_merge,>BSCRO474-24_r_1.5_s_50_BSCRO474-24_fcleaner_merge,1872039,YP_009680079.1,family:Dysderidae,null,110,null,null,0.0,55.0,9.22,0.0,0,302,0,0,0,43.14
BSCRO393-24_r_1.3_s_100_BSCRO393-24_fcleaner_merge,BSCRO393-24,r_1.3_s_100_fcleaner_merge,>BSCRO393-24_r_1.3_s_100_BSCRO393-24_fcleaner_merge,3228881,XCA36587.1,family:Linyphiidae,null,103,null,null,0.0,20.0,7.32,7.0,0,8,3,0,0,99.8
BSCRO443-24_r_1.5_s_100_BSCRO443-24_fcleaner_merge,BSCRO443-24,r_1.5_s_100_fcleaner_merge,>BSCRO443-24_r_1.5_s_100_BSCRO443-24_fcleaner_merge,1654896,PRD22827.1,superfamily:Araneoidea,null,39,null,null,0.0,15.0,2.68,0.0,0,1,4,0,0,48.06
BSCRO447-24_r_1.5_s_100_BSCRO447-24_fcleaner_merge,BSCRO447-24,r_1.5_s_100_fcleaner_merge,>BSCRO447-24_r_1.5_s_100_BSCRO447-24_fcleaner_merge,1959301,PRD22827.1,superfamily:Araneoidea,null,62,null,null,0.0,27.0,3.94,1.0,0,1,1,0,0,51.57
BSCRO469-24_r_1.3_s_50_BSCRO469-24_fcleaner_merge,BSCRO469-24,r_1.3_s_50_fcleaner_merge,>BSCRO469-24_r_1.3_s_50_BSCRO469-24_fcleaner_merge,3139660,XCA36587.1,family:Linyphiidae,null,489,null,null,0.0,64.0,25.75,24.0,0,94,8,0,0,99.41
BSCRO434-24_r_1.5_s_50_BSCRO434-24_fcleaner_merge,BSCRO434-24,r_1.5_s_50_fcleaner_merge,>BSCRO434-24_r_1.5_s_50_BSCRO434-24_fcleaner_merge,2721252,YP_009680079.1,family:Dysderidae,null,392,null,null,0.0,74.0,26.05,23.0,0,25,13,0,0,95.69
BSCRO456-24_r_1.5_s_50_BSCRO456-24_fcleaner_merge,BSCRO456-24,r_1.5_s_50_fcleaner_merge,>BSCRO456-24_r_1.5_s_50_BSCRO456-24_fcleaner_merge,3139660,XCA36587.1,family:Linyphiidae,null,897,null,null,0.0,97.0,66.12,69.0,0,89,11,0,0,99.41
BSCRO391-24_r_1_s_100_BSCRO391-24_fcleaner_merge,BSCRO391-24,r_1_s_100_fcleaner_merge,>BSCRO391-24_r_1_s_100_BSCRO391-24_fcleaner_merge,3139650,YP_009349339.1,family:Agelenidae,null,462,null,null,0.0,142.0,53.6,54.0,0,285,25,0,0,84.96
BSCRO462-24_r_1_s_100_BSCRO462-24_fcleaner_merge,BSCRO462-24,r_1_s_100_fcleaner_merge,>BSCRO462-24_r_1_s_100_BSCRO462-24_fcleaner_merge,3139648,YP_009680079.1,family:Dysderidae,null,640,null,null,0.0,130.0,54.8,51.5,0,66,47,0,3,88.63
BSCRO416-24_r_1.3_s_50_BSCRO416-24_fcleaner_merge,BSCRO416-24,r_1.3_s_50_fcleaner_merge,>BSCRO416-24_r_1.3_s_50_BSCRO416-24_fcleaner_merge,2766751,WWQ79001.1,superfamily:Leptonetoidea,null,3468,null,null,0.0,560.0,302.43,310.0,0,307,58,0,0,91.3
BSCRO475-24_r_1.5_s_100_BSCRO475-24_fcleaner_merge,BSCRO475-24,r_1.5_s_100_fcleaner_merge,>BSCRO475-24_r_1.5_s_100_BSCRO475-24_fcleaner_merge,2970455,YP_009349339.1,family:Agelenidae,null,227,null,null,0.0,141.0,18.81,0.0,0,33,2,0,0,36.91
BSCRO466-24_r_1.3_s_100_BSCRO466-24_fcleaner_merge,BSCRO466-24,r_1.3_s_100_fcleaner_merge,>BSCRO466-24_r_1.3_s_100_BSCRO466-24_fcleaner_merge,2721252,YP_009680079.1,family:Dysderidae,null,180,null,null,0.0,25.0,13.41,13.0,0,9,4,0,0,99.22
BSCRO397-24_r_1.5_s_50_BSCRO397-24_fcleaner_merge,BSCRO397-24,r_1.5_s_50_fcleaner_merge,>BSCRO397-24_r_1.5_s_50_BSCRO397-24_fcleaner_merge,3139669,YP_009349339.1,family:Agelenidae,null,235,null,null,0.0,84.0,14.43,0.0,0,89,0,0,0,37.11
BSCRO441-24_r_1.5_s_100_BSCRO441-24_fcleaner_merge,BSCRO441-24,r_1.5_s_100_fcleaner_merge,>BSCRO441-24_r_1.5_s_100_BSCRO441-24_fcleaner_merge,2747156,XRO44683.1,genus:Zoropsis,null,2345,null,null,0.0,308.0,212.37,217.0,0,70,102,0,0,99.8
BSCRO456-24_r_1.3_s_100_BSCRO456-24_fcleaner_merge,BSCRO456-24,r_1.3_s_100_fcleaner_merge,>BSCRO456-24_r_1.3_s_100_BSCRO456-24_fcleaner_merge,3139660,XCA36587.1,family:Linyphiidae,null,831,null,null,0.0,97.0,65.83,67.0,0,96,11,0,0,99.41
BSCRO414-24_r_1.5_s_50_BSCRO414-24_fcleaner_merge,BSCRO414-24,r_1.5_s_50_fcleaner_merge,>BSCRO414-24_r_1.5_s_50_BSCRO414-24_fcleaner_merge,2721269,YP_009680079.1,family:Dysderidae,null,647,null,null,0.0,177.0,46.86,46.0,0,126,10,0,0,97.84
BSCRO456-24_r_1_s_100_BSCRO456-24_fcleaner_merge,BSCRO456-24,r_1_s_100_fcleaner_merge,>BSCRO456-24_r_1_s_100_BSCRO456-24_fcleaner_merge,3139660,XCA36587.1,family:Linyphiidae,null,834,null,null,0.0,97.0,65.97,67.0,0,103,11,0,0,99.41
BSCRO437-24_r_1_s_100_BSCRO437-24_fcleaner_merge,BSCRO437-24,r_1_s_100_fcleaner_merge,>BSCRO437-24_r_1_s_100_BSCRO437-24_fcleaner_merge,1959301,PRD22827.1,superfamily:Araneoidea,null,1137,null,null,0.0,184.0,103.55,121.0,0,48,18,0,6,87.43
BSCRO454-24_r_1.5_s_50_BSCRO454-24_fcleaner_merge,BSCRO454-24,r_1.5_s_50_fcleaner_merge,>BSCRO454-24_r_1.5_s_50_BSCRO454-24_fcleaner_merge,1926205,XCA36587.1,family:Linyphiidae,null,84,null,null,0.0,33.0,5.58,3.0,0,31,3,0,0,61.06
BSCRO387-24_r_1.5_s_100_BSCRO387-24_fcleaner_merge,BSCRO387-24,r_1.5_s_100_fcleaner_merge,>BSCRO387-24_r_1.5_s_100_BSCRO387-24_fcleaner_merge,2689247,XCA36587.1,family:Linyphiidae,null,67,null,null,0.0,34.0,5.09,0.0,0,30,0,0,0,18.79
BSCRO398-24_r_1.3_s_50_BSCRO398-24_fcleaner_merge,BSCRO398-24,r_1.3_s_50_fcleaner_merge,>BSCRO398-24_r_1.3_s_50_BSCRO398-24_fcleaner_merge,2721269,YP_009680079.1,family:Dysderidae,null,380,null,null,0.0,60.0,32.1,33.0,0,47,11,0,0,99.8
BSCRO457-24_r_1_s_50_BSCRO457-24_fcleaner_merge,BSCRO457-24,r_1_s_50_fcleaner_merge,>BSCRO457-24_r_1_s_50_BSCRO457-24_fcleaner_merge,2721249,YP_009680079.1,family:Dysderidae,null,426,null,null,1.0,58.0,21.33,19.0,0,140,11,0,0,100.0
BSCRO445-24_r_1.3_s_50_BSCRO445-24_fcleaner_merge,BSCRO445-24,r_1.3_s_50_fcleaner_merge,>BSCRO445-24_r_1.3_s_50_BSCRO445-24_fcleaner_merge,1959301,PRD22827.1,superfamily:Araneoidea,null,125,null,null,0.0,28.0,5.38,3.0,0,26,3,0,0,70.24
BSCRO406-24_r_1.3_s_50_BSCRO406-24_fcleaner_merge,BSCRO406-24,r_1.3_s_50_fcleaner_merge,>BSCRO406-24_r_1.3_s_50_BSCRO406-24_fcleaner_merge,2716446,WWQ79001.1,superfamily:Leptonetoidea,null,143,null,null,0.0,33.0,7.73,4.0,0,261,7,0,0,50.87
BSCRO446-24_r_1_s_50_BSCRO446-24_fcleaner_merge,BSCRO446-24,r_1_s_50_fcleaner_merge,>BSCRO446-24_r_1_s_50_BSCRO446-24_fcleaner_merge,2734922,XAW19444.1,genus:Cheiracanthium,null,82,null,null,0.0,16.0,4.34,5.0,0,119,3,0,0,77.93
BSCRO447-24_r_1.3_s_50_BSCRO447-24_fcleaner_merge,BSCRO447-24,r_1.3_s_50_fcleaner_merge,>BSCRO447-24_r_1.3_s_50_BSCRO447-24_fcleaner_merge,1959301,PRD22827.1,superfamily:Araneoidea,null,190,null,null,0.0,35.0,11.13,10.0,0,37,5,0,0,81.7
BSCRO448-24_r_1.3_s_100_BSCRO448-24_fcleaner_merge,BSCRO448-24,r_1.3_s_100_fcleaner_merge,>BSCRO448-24_r_1.3_s_100_BSCRO448-24_fcleaner_merge,1926205,XCA36587.1,family:Linyphiidae,null,178,null,null,0.0,26.0,12.76,13.0,0,25,2,0,0,99.41
BSCRO429-24_r_1.3_s_100_BSCRO429-24_fcleaner,BSCRO429-24,r_1.3_s_100_fcleaner_merge,null,3139653,YP_009349339.1,family:Agelenidae,null,0,null,null,0.0,0.0,0.0,0.0,0,0,0,0,0,0.0
BSCRO447-24_r_1_s_50_BSCRO447-24_fcleaner_merge,BSCRO447-24,r_1_s_50_fcleaner_merge,>BSCRO447-24_r_1_s_50_BSCRO447-24_fcleaner_merge,1959301,PRD22827.1,superfamily:Araneoidea,null,300,null,null,0.0,38.0,17.44,18.0,0,64,12,0,6,94.45
BSCRO403-24_r_1.5_s_100_BSCRO403-24_fcleaner_merge,BSCRO403-24,r_1.5_s_100_fcleaner_merge,>BSCRO403-24_r_1.5_s_100_BSCRO403-24_fcleaner_merge,2721256,YP_009680079.1,family:Dysderidae,null,253,null,null,0.0,65.0,17.84,13.5,0,9,6,0,0,87.45
BSCRO473-24_r_1.3_s_50_BSCRO473-24_fcleaner_merge,BSCRO473-24,r_1.3_s_50_fcleaner_merge,>BSCRO473-24_r_1.3_s_50_BSCRO473-24_fcleaner_merge,3139653,YP_009349339.1,family:Agelenidae,null,448,null,null,0.0,145.0,36.65,21.0,0,134,17,0,0,81.05
BSCRO431-24_r_1.3_s_100_BSCRO431-24_fcleaner_merge,BSCRO431-24,r_1.3_s_100_fcleaner_merge,>BSCRO431-24_r_1.3_s_100_BSCRO431-24_fcleaner_merge,1419516,PRD22827.1,superfamily:Araneoidea,null,876,null,null,0.0,242.0,66.37,41.0,0,19,30,0,0,75.42
BSCRO437-24_r_1_s_50_BSCRO437-24_fcleaner_merge,BSCRO437-24,r_1_s_50_fcleaner_merge,>BSCRO437-24_r_1_s_50_BSCRO437-24_fcleaner_merge,1959301,PRD22827.1,superfamily:Araneoidea,null,1343,null,null,0.0,195.0,112.15,127.0,0,149,33,0,6,95.93
BSCRO463-24_r_1.3_s_50_BSCRO463-24_fcleaner_merge,BSCRO463-24,r_1.3_s_50_fcleaner_merge,>BSCRO463-24_r_1.3_s_50_BSCRO463-24_fcleaner_merge,2721269,YP_009680079.1,family:Dysderidae,null,457,null,null,0.0,156.0,39.88,24.5,0,11,16,0,3,76.08
BSCRO420-24_r_1.3_s_50_BSCRO420-24_fcleaner_merge,BSCRO420-24,r_1.3_s_50_fcleaner_merge,>BSCRO420-24_r_1.3_s_50_BSCRO420-24_fcleaner_merge,933043,XCA36587.1,family:Linyphiidae,null,5339,null,null,0.0,693.0,424.07,469.0,0,652,54,0,0,92.56
BSCRO466-24_r_1.5_s_50_BSCRO466-24_fcleaner_merge,BSCRO466-24,r_1.5_s_50_fcleaner_merge,>BSCRO466-24_r_1.5_s_50_BSCRO466-24_fcleaner_merge,2721252,YP_009680079.1,family:Dysderidae,null,159,null,null,0.0,26.0,10.23,10.0,0,29,5,0,0,92.35
BSCRO412-24_r_1_s_50_BSCRO412-24_fcleaner_merge,BSCRO412-24,r_1_s_50_fcleaner_merge,>BSCRO412-24_r_1_s_50_BSCRO412-24_fcleaner_merge,2721269,YP_009680079.1,family:Dysderidae,null,322,null,null,4.0,70.0,18.09,16.0,0,215,25,0,0,100.0
BSCRO402-24_r_1.5_s_100_BSCRO402-24_fcleaner_merge,BSCRO402-24,r_1.5_s_100_fcleaner_merge,>BSCRO402-24_r_1.5_s_100_BSCRO402-24_fcleaner_merge,2721255,YP_009680079.1,family:Dysderidae,null,38,null,null,0.0,32.0,3.57,0.0,0,23,0,0,0,25.88
BSCRO459-24_r_1_s_100_BSCRO459-24_fcleaner_merge,BSCRO459-24,r_1_s_100_fcleaner_merge,>BSCRO459-24_r_1_s_100_BSCRO459-24_fcleaner_merge,1872039,YP_009680079.1,family:Dysderidae,null,1508,null,null,45.0,184.0,108.94,106.0,0,101,13,0,0,100.0
BSCRO446-24_r_1.3_s_100_BSCRO446-24_fcleaner_merge,BSCRO446-24,r_1.3_s_100_fcleaner_merge,>BSCRO446-24_r_1.3_s_100_BSCRO446-24_fcleaner_merge,2734922,XAW19444.1,genus:Cheiracanthium,null,53,null,null,0.0,11.0,4.06,5.0,0,36,2,0,0,72.46
BSCRO439-24_r_1.3_s_50_BSCRO439-24_fcleaner_merge,BSCRO439-24,r_1.3_s_50_fcleaner_merge,>BSCRO439-24_r_1.3_s_50_BSCRO439-24_fcleaner_merge,2970455,YP_009349339.1,family:Agelenidae,null,480,null,null,0.0,93.0,41.4,40.0,0,39,13,0,0,99.8
BSCRO430-24_r_1_s_50_BSCRO430-24_fcleaner_merge,BSCRO430-24,r_1_s_50_fcleaner_merge,>BSCRO430-24_r_1_s_50_BSCRO430-24_fcleaner_merge,3139653,YP_009349339.1,family:Agelenidae,null,271,null,null,0.0,30.0,14.84,14.0,0,57,27,0,0,99.8
BSCRO465-24_r_1.5_s_50_BSCRO465-24_fcleaner_merge,BSCRO465-24,r_1.5_s_50_fcleaner_merge,>BSCRO465-24_r_1.5_s_50_BSCRO465-24_fcleaner_merge,1926205,XCA36587.1,family:Linyphiidae,null,1003,null,null,0.0,121.0,81.99,85.0,0,80,11,0,0,99.41
BSCRO457-24_r_1_s_100_BSCRO457-24_fcleaner_merge,BSCRO457-24,r_1_s_100_fcleaner_merge,>BSCRO457-24_r_1_s_100_BSCRO457-24_fcleaner_merge,2721249,YP_009680079.1,family:Dysderidae,null,252,null,null,0.0,37.0,15.79,15.0,0,17,2,0,0,99.8
BSCRO454-24_r_1_s_50_BSCRO454-24_fcleaner_merge,BSCRO454-24,r_1_s_50_fcleaner_merge,>BSCRO454-24_r_1_s_50_BSCRO454-24_fcleaner_merge,1926205,XCA36587.1,family:Linyphiidae,null,501,null,null,0.0,156.0,50.3,47.0,0,141,39,0,6,94.13
BSCRO430-24_r_1.3_s_50_BSCRO430-24_fcleaner_merge,BSCRO430-24,r_1.3_s_50_fcleaner_merge,>BSCRO430-24_r_1.3_s_50_BSCRO430-24_fcleaner_merge,3139653,YP_009349339.1,family:Agelenidae,null,177,null,null,0.0,23.0,12.08,12.0,0,29,21,0,0,99.61
BSCRO448-24_r_1_s_50_BSCRO448-24_fcleaner_merge,BSCRO448-24,r_1_s_50_fcleaner_merge,>BSCRO448-24_r_1_s_50_BSCRO448-24_fcleaner_merge,1926205,XCA36587.1,family:Linyphiidae,null,256,null,null,0.0,31.0,15.35,15.0,0,97,8,0,0,99.41
BSCRO452-24_r_1.5_s_100_BSCRO452-24_fcleaner_merge,BSCRO452-24,r_1.5_s_100_fcleaner_merge,>BSCRO452-24_r_1.5_s_100_BSCRO452-24_fcleaner_merge,1959301,PRD22827.1,superfamily:Araneoidea,null,127,null,null,0.0,46.0,8.99,2.0,0,2,3,0,0,55.08
BSCRO452-24_r_1_s_100_BSCRO452-24_fcleaner_merge,BSCRO452-24,r_1_s_100_fcleaner_merge,>BSCRO452-24_r_1_s_100_BSCRO452-24_fcleaner_merge,1959301,PRD22827.1,superfamily:Araneoidea,null,486,null,null,0.0,96.0,41.67,43.0,0,20,15,0,6,87.43
BSCRO452-24_r_1.3_s_50_BSCRO452-24_fcleaner_merge,BSCRO452-24,r_1.3_s_50_fcleaner_merge,>BSCRO452-24_r_1.3_s_50_BSCRO452-24_fcleaner_merge,1959301,PRD22827.1,superfamily:Araneoidea,null,357,null,null,0.0,85.0,25.64,23.0,0,42,9,0,0,82.44
BSCRO457-24_r_1.5_s_100_BSCRO457-24_fcleaner_merge,BSCRO457-24,r_1.5_s_100_fcleaner_merge,>BSCRO457-24_r_1.5_s_100_BSCRO457-24_fcleaner_merge,2721249,YP_009680079.1,family:Dysderidae,null,173,null,null,0.0,37.0,10.41,8.0,0,12,1,0,0,91.96
BSCRO388-24_r_1.3_s_100_BSCRO388-24_fcleaner_merge,BSCRO388-24,r_1.3_s_100_fcleaner_merge,>BSCRO388-24_r_1.3_s_100_BSCRO388-24_fcleaner_merge,2721269,YP_009680079.1,family:Dysderidae,null,312,null,null,0.0,133.0,29.84,4.0,0,22,0,0,3,69.41
BSCRO393-24_r_1.5_s_100_BSCRO393-24_fcleaner_merge,BSCRO393-24,r_1.5_s_100_fcleaner_merge,>BSCRO393-24_r_1.5_s_100_BSCRO393-24_fcleaner_merge,3228881,XCA36587.1,family:Linyphiidae,null,88,null,null,0.0,19.0,6.39,6.0,0,6,3,0,0,99.8
BSCRO415-24_r_1.5_s_50_BSCRO415-24_fcleaner_merge,BSCRO415-24,r_1.5_s_50_fcleaner_merge,>BSCRO415-24_r_1.5_s_50_BSCRO415-24_fcleaner_merge,2747120,QNV12043.1,subfamily:Linyphiinae,null,736,null,null,0.0,93.0,48.19,46.0,0,146,13,0,0,99.8
BSCRO469-24_r_1_s_100_BSCRO469-24_fcleaner_merge,BSCRO469-24,r_1_s_100_fcleaner_merge,>BSCRO469-24_r_1_s_100_BSCRO469-24_fcleaner_merge,3139660,XCA36587.1,family:Linyphiidae,null,341,null,null,0.0,55.0,21.22,20.0,0,52,3,0,0,99.41
BSCRO459-24_r_1_s_50_BSCRO459-24_fcleaner_merge,BSCRO459-24,r_1_s_50_fcleaner_merge,>BSCRO459-24_r_1_s_50_BSCRO459-24_fcleaner_merge,1872039,YP_009680079.1,family:Dysderidae,null,2128,null,null,57.0,325.0,129.38,122.0,0,681,46,0,0,100.0
BSCRO387-24_r_1_s_100_BSCRO387-24_fcleaner_merge,BSCRO387-24,r_1_s_100_fcleaner_merge,>BSCRO387-24_r_1_s_100_BSCRO387-24_fcleaner_merge,2689247,XCA36587.1,family:Linyphiidae,null,631,null,null,0.0,166.0,68.42,68.0,0,130,50,0,3,87.87
BSCRO412-24_r_1_s_100_BSCRO412-24_fcleaner_merge,BSCRO412-24,r_1_s_100_fcleaner_merge,>BSCRO412-24_r_1_s_100_BSCRO412-24_fcleaner_merge,2721269,YP_009680079.1,family:Dysderidae,null,149,null,null,3.0,21.0,13.01,14.0,0,9,1,0,0,100.0
BSCRO388-24_r_1.5_s_100_BSCRO388-24_fcleaner_merge,BSCRO388-24,r_1.5_s_100_fcleaner_merge,>BSCRO388-24_r_1.5_s_100_BSCRO388-24_fcleaner_merge,2721269,YP_009680079.1,family:Dysderidae,null,137,null,null,0.0,73.0,12.39,0.0,0,18,2,0,0,33.14
BSCRO448-24_r_1_s_100_BSCRO448-24_fcleaner_merge,BSCRO448-24,r_1_s_100_fcleaner_merge,>BSCRO448-24_r_1_s_100_BSCRO448-24_fcleaner_merge,1926205,XCA36587.1,family:Linyphiidae,null,180,null,null,0.0,26.0,12.88,13.0,0,29,2,0,0,99.41
BSCRO464-24_r_1.5_s_50_BSCRO464-24_fcleaner_merge,BSCRO464-24,r_1.5_s_50_fcleaner_merge,>BSCRO464-24_r_1.5_s_50_BSCRO464-24_fcleaner_merge,1926205,XCA36587.1,family:Linyphiidae,null,365,null,null,0.0,45.0,20.4,22.0,0,16,8,0,0,99.41
BSCRO400-24_r_1.3_s_50_BSCRO400-24_fcleaner_merge,BSCRO400-24,r_1.3_s_50_fcleaner_merge,>BSCRO400-24_r_1.3_s_50_BSCRO400-24_fcleaner_merge,2766751,WWQ79001.1,superfamily:Leptonetoidea,null,686,null,null,0.0,137.0,64.76,72.0,0,82,19,0,0,91.3
BSCRO473-24_r_1.5_s_100_BSCRO473-24_fcleaner_merge,BSCRO473-24,r_1.5_s_100_fcleaner_merge,>BSCRO473-24_r_1.5_s_100_BSCRO473-24_fcleaner_merge,3139653,YP_009349339.1,family:Agelenidae,null,164,null,null,0.0,105.0,15.04,0.0,0,55,1,0,0,31.64
BSCRO405-24_r_1.3_s_100_BSCRO405-24_fcleaner,BSCRO405-24,r_1.3_s_100_fcleaner_merge,null,2770607,YP_009680079.1,family:Dysderidae,null,0,null,null,0.0,0.0,0.0,0.0,0,0,0,0,0,0.0
BSCRO475-24_r_1.3_s_100_BSCRO475-24_fcleaner_merge,BSCRO475-24,r_1.3_s_100_fcleaner_merge,>BSCRO475-24_r_1.3_s_100_BSCRO475-24_fcleaner_merge,2970455,YP_009349339.1,family:Agelenidae,null,528,null,null,0.0,223.0,47.65,34.0,0,41,6,0,0,78.32
BSCRO448-24_r_1.5_s_50_BSCRO448-24_fcleaner_merge,BSCRO448-24,r_1.5_s_50_fcleaner_merge,>BSCRO448-24_r_1.5_s_50_BSCRO448-24_fcleaner_merge,1926205,XCA36587.1,family:Linyphiidae,null,213,null,null,0.0,27.0,13.77,14.0,0,27,3,0,0,99.02
BSCRO384-24_r_1_s_100_BSCRO384-24_fcleaner_merge,BSCRO384-24,r_1_s_100_fcleaner_merge,>BSCRO384-24_r_1_s_100_BSCRO384-24_fcleaner_merge,2721269,YP_009680079.1,family:Dysderidae,null,1037,null,null,40.0,191.0,105.15,103.0,0,16,27,0,0,100.0
BSCRO384-24_r_1.5_s_50_BSCRO384-24_fcleaner_merge,BSCRO384-24,r_1.5_s_50_fcleaner_merge,>BSCRO384-24_r_1.5_s_50_BSCRO384-24_fcleaner_merge,2721269,YP_009680079.1,family:Dysderidae,null,739,null,null,0.0,232.0,66.67,60.0,0,38,15,0,0,93.14
BSCRO383-24_r_1.3_s_100_BSCRO383-24_fcleaner_merge,BSCRO383-24,r_1.3_s_100_fcleaner_merge,>BSCRO383-24_r_1.3_s_100_BSCRO383-24_fcleaner_merge,2721269,YP_009680079.1,family:Dysderidae,null,134,null,null,1.0,31.0,11.55,10.0,0,21,3,0,0,100.0
BSCRO385-24_r_1.5_s_50_BSCRO385-24_fcleaner_merge,BSCRO385-24,r_1.5_s_50_fcleaner_merge,>BSCRO385-24_r_1.5_s_50_BSCRO385-24_fcleaner_merge,2747120,QNV12043.1,subfamily:Linyphiinae,null,714,null,null,0.0,144.0,65.86,62.0,0,27,12,0,0,99.8
BSCRO394-24_r_1_s_50_BSCRO394-24_fcleaner_merge,BSCRO394-24,r_1_s_50_fcleaner_merge,>BSCRO394-24_r_1_s_50_BSCRO394-24_fcleaner_merge,3228881,XCA36587.1,family:Linyphiidae,null,76,null,null,0.0,18.0,4.97,4.0,0,201,7,0,0,92.95
BSCRO455-24_r_1.5_s_50_BSCRO455-24_fcleaner_merge,BSCRO455-24,r_1.5_s_50_fcleaner_merge,>BSCRO455-24_r_1.5_s_50_BSCRO455-24_fcleaner_merge,2747120,QNV12043.1,subfamily:Linyphiinae,null,352,null,null,0.0,72.0,27.69,28.0,0,32,7,0,0,99.8
BSCRO436-24_r_1_s_50_BSCRO436-24_fcleaner_merge,BSCRO436-24,r_1_s_50_fcleaner_merge,>BSCRO436-24_r_1_s_50_BSCRO436-24_fcleaner_merge,3139668,YP_009349339.1,family:Agelenidae,null,336,null,null,4.0,43.0,23.19,22.0,0,104,29,0,0,100.0
BSCRO385-24_r_1_s_50_BSCRO385-24_fcleaner_merge,BSCRO385-24,r_1_s_50_fcleaner_merge,>BSCRO385-24_r_1_s_50_BSCRO385-24_fcleaner_merge,2747120,QNV12043.1,subfamily:Linyphiinae,null,946,null,null,0.0,171.0,83.28,84.0,0,69,29,0,0,99.8
BSCRO425-24_r_1.3_s_50_BSCRO425-24_fcleaner_merge,BSCRO425-24,r_1.3_s_50_fcleaner_merge,>BSCRO425-24_r_1.3_s_50_BSCRO425-24_fcleaner_merge,1419516,PRD22827.1,superfamily:Araneoidea,null,316,null,null,0.0,73.0,23.24,18.0,0,53,9,0,0,80.96
BSCRO439-24_r_1_s_50_BSCRO439-24_fcleaner_merge,BSCRO439-24,r_1_s_50_fcleaner_merge,>BSCRO439-24_r_1_s_50_BSCRO439-24_fcleaner_merge,2970455,YP_009349339.1,family:Agelenidae,null,594,null,null,0.0,103.0,47.26,47.0,0,80,25,0,0,99.8
BSCRO455-24_r_1_s_100_BSCRO455-24_fcleaner_merge,BSCRO455-24,r_1_s_100_fcleaner_merge,>BSCRO455-24_r_1_s_100_BSCRO455-24_fcleaner_merge,2747120,QNV12043.1,subfamily:Linyphiinae,null,383,null,null,0.0,46.0,33.37,34.0,0,27,3,0,0,99.8
BSCRO451-24_r_1.3_s_50_BSCRO451-24_fcleaner_merge,BSCRO451-24,r_1.3_s_50_fcleaner_merge,>BSCRO451-24_r_1.3_s_50_BSCRO451-24_fcleaner_merge,3228881,XCA36587.1,family:Linyphiidae,null,1330,null,null,0.0,191.0,122.61,119.0,0,73,44,0,0,99.8
BSCRO419-24_r_1_s_100_BSCRO419-24_fcleaner_merge,BSCRO419-24,r_1_s_100_fcleaner_merge,>BSCRO419-24_r_1_s_100_BSCRO419-24_fcleaner_merge,1907062,XCA36587.1,subfamily:Erigoninae,null,117,null,null,0.0,52.0,7.75,1.0,0,35,4,0,0,52.64
BSCRO472-24_r_1_s_50_BSCRO472-24_fcleaner_merge,BSCRO472-24,r_1_s_50_fcleaner_merge,>BSCRO472-24_r_1_s_50_BSCRO472-24_fcleaner_merge,3139660,XCA36587.1,family:Linyphiidae,null,469,null,null,5.0,61.0,34.75,33.0,0,121,14,0,0,100.0
BSCRO403-24_r_1.5_s_50_BSCRO403-24_fcleaner_merge,BSCRO403-24,r_1.5_s_50_fcleaner_merge,>BSCRO403-24_r_1.5_s_50_BSCRO403-24_fcleaner_merge,2721256,YP_009680079.1,family:Dysderidae,null,334,null,null,0.0,68.0,20.21,15.0,0,30,11,0,0,92.94
BSCRO471-24_r_1_s_50_BSCRO471-24_fcleaner_merge,BSCRO471-24,r_1_s_50_fcleaner_merge,>BSCRO471-24_r_1_s_50_BSCRO471-24_fcleaner_merge,2970455,YP_009349339.1,family:Agelenidae,null,780,null,null,1.0,88.0,51.55,52.0,0,164,33,0,0,100.0
BSCRO442-24_r_1.3_s_100_BSCRO442-24_fcleaner_merge,BSCRO442-24,r_1.3_s_100_fcleaner_merge,>BSCRO442-24_r_1.3_s_100_BSCRO442-24_fcleaner_merge,2721269,YP_009680079.1,family:Dysderidae,null,799,null,null,2.0,112.0,58.62,59.0,0,122,35,0,0,100.0
BSCRO445-24_r_1_s_100_BSCRO445-24_fcleaner_merge,BSCRO445-24,r_1_s_100_fcleaner_merge,>BSCRO445-24_r_1_s_100_BSCRO445-24_fcleaner_merge,1959301,PRD22827.1,superfamily:Araneoidea,null,72,null,null,0.0,20.0,4.11,2.0,0,9,2,0,0,82.62
BSCRO411-24_r_1.3_s_100_BSCRO411-24_fcleaner_merge,BSCRO411-24,r_1.3_s_100_fcleaner_merge,>BSCRO411-24_r_1.3_s_100_BSCRO411-24_fcleaner_merge,3139650,YP_009349339.1,family:Agelenidae,null,1159,null,null,0.0,161.0,108.54,117.0,0,26,39,0,0,99.61
BSCRO387-24_r_1.3_s_100_BSCRO387-24_fcleaner_merge,BSCRO387-24,r_1.3_s_100_fcleaner_merge,>BSCRO387-24_r_1.3_s_100_BSCRO387-24_fcleaner_merge,2689247,XCA36587.1,family:Linyphiidae,null,311,null,null,0.0,111.0,32.09,25.0,0,91,3,0,3,74.17
BSCRO422-24_r_1.3_s_50_BSCRO422-24_fcleaner_merge,BSCRO422-24,r_1.3_s_50_fcleaner_merge,>BSCRO422-24_r_1.3_s_50_BSCRO422-24_fcleaner_merge,1959304,PRD22827.1,superfamily:Araneoidea,null,430,null,null,0.0,100.0,34.03,30.0,0,67,19,0,0,81.89
BSCRO460-24_r_1.5_s_100_BSCRO460-24_fcleaner_merge,BSCRO460-24,r_1.5_s_100_fcleaner_merge,>BSCRO460-24_r_1.5_s_100_BSCRO460-24_fcleaner_merge,2689247,XCA36587.1,family:Linyphiidae,null,858,null,null,0.0,137.0,86.34,90.0,0,5,10,0,0,98.83
BSCRO475-24_r_1_s_50_BSCRO475-24_fcleaner_merge,BSCRO475-24,r_1_s_50_fcleaner_merge,>BSCRO475-24_r_1_s_50_BSCRO475-24_fcleaner_merge,2970455,YP_009349339.1,family:Agelenidae,null,1402,null,null,0.0,310.0,129.46,131.0,0,188,91,0,3,90.04
BSCRO381-24_r_1.3_s_100_BSCRO381-24_fcleaner,BSCRO381-24,r_1.3_s_100_fcleaner_merge,null,3139648,YP_009680079.1,family:Dysderidae,null,0,null,null,0.0,0.0,0.0,0.0,0,0,0,0,0,0.0
BSCRO436-24_r_1_s_100_BSCRO436-24_fcleaner_merge,BSCRO436-24,r_1_s_100_fcleaner_merge,>BSCRO436-24_r_1_s_100_BSCRO436-24_fcleaner_merge,3139668,YP_009349339.1,family:Agelenidae,null,223,null,null,1.0,31.0,19.1,19.0,0,19,18,0,0,100.0
BSCRO421-24_r_1_s_100_BSCRO421-24_fcleaner_merge,BSCRO421-24,r_1_s_100_fcleaner_merge,>BSCRO421-24_r_1_s_100_BSCRO421-24_fcleaner_merge,1926205,XCA36587.1,family:Linyphiidae,null,1414,null,null,0.0,389.0,150.69,157.0,0,63,57,0,6,91.59
BSCRO402-24_r_1.5_s_50_BSCRO402-24_fcleaner_merge,BSCRO402-24,r_1.5_s_50_fcleaner_merge,>BSCRO402-24_r_1.5_s_50_BSCRO402-24_fcleaner_merge,2721255,YP_009680079.1,family:Dysderidae,null,41,null,null,0.0,32.0,3.65,0.0,0,27,0,0,0,31.57
BSCRO384-24_r_1.3_s_50_BSCRO384-24_fcleaner_merge,BSCRO384-24,r_1.3_s_50_fcleaner_merge,>BSCRO384-24_r_1.3_s_50_BSCRO384-24_fcleaner_merge,2721269,YP_009680079.1,family:Dysderidae,null,1044,null,null,16.0,238.0,97.85,95.0,0,82,24,0,0,100.0
BSCRO449-24_r_1.3_s_50_BSCRO449-24_fcleaner_merge,BSCRO449-24,r_1.3_s_50_fcleaner_merge,>BSCRO449-24_r_1.3_s_50_BSCRO449-24_fcleaner_merge,2721269,YP_009680079.1,family:Dysderidae,null,308,null,null,0.0,68.0,24.15,17.0,0,19,7,0,3,71.96
BSCRO391-24_r_1.3_s_50_BSCRO391-24_fcleaner_merge,BSCRO391-24,r_1.3_s_50_fcleaner_merge,>BSCRO391-24_r_1.3_s_50_BSCRO391-24_fcleaner_merge,3139650,YP_009349339.1,family:Agelenidae,null,276,null,null,0.0,88.0,27.6,23.0,0,188,4,0,0,70.7
BSCRO468-24_r_1.3_s_50_BSCRO468-24_fcleaner_merge,BSCRO468-24,r_1.3_s_50_fcleaner_merge,>BSCRO468-24_r_1.3_s_50_BSCRO468-24_fcleaner_merge,3139653,YP_009349339.1,family:Agelenidae,null,488,null,null,14.0,52.0,32.62,33.0,0,65,11,0,0,100.0
BSCRO396-24_r_1_s_100_BSCRO396-24_fcleaner_merge,BSCRO396-24,r_1_s_100_fcleaner_merge,>BSCRO396-24_r_1_s_100_BSCRO396-24_fcleaner_merge,2747120,QNV12043.1,subfamily:Linyphiinae,null,386,null,null,0.0,56.0,31.77,33.0,0,90,9,0,0,99.8
BSCRO395-24_r_1.3_s_50_BSCRO395-24_fcleaner_merge,BSCRO395-24,r_1.3_s_50_fcleaner_merge,>BSCRO395-24_r_1.3_s_50_BSCRO395-24_fcleaner_merge,2892423,PRD22827.1,superfamily:Araneoidea,null,174,null,null,0.0,37.0,9.35,7.0,0,71,6,0,0,80.96
BSCRO433-24_r_1_s_100_BSCRO433-24_fcleaner_merge,BSCRO433-24,r_1_s_100_fcleaner_merge,>BSCRO433-24_r_1_s_100_BSCRO433-24_fcleaner_merge,2716446,WWQ79001.1,superfamily:Leptonetoidea,null,149,null,null,0.0,25.0,10.68,11.0,0,10,2,0,0,92.26
BSCRO411-24_r_1.5_s_100_BSCRO411-24_fcleaner_merge,BSCRO411-24,r_1.5_s_100_fcleaner_merge,>BSCRO411-24_r_1.5_s_100_BSCRO411-24_fcleaner_merge,3139650,YP_009349339.1,family:Agelenidae,null,947,null,null,0.0,161.0,89.39,101.0,0,19,30,0,0,99.61
BSCRO407-24_r_1.3_s_100_BSCRO407-24_fcleaner_merge,BSCRO407-24,r_1.3_s_100_fcleaner_merge,>BSCRO407-24_r_1.3_s_100_BSCRO407-24_fcleaner_merge,2721249,YP_009680079.1,family:Dysderidae,null,140,null,null,4.0,20.0,12.11,13.0,0,5,5,0,0,100.0
BSCRO438-24_r_1.3_s_100_BSCRO438-24_fcleaner_merge,BSCRO438-24,r_1.3_s_100_fcleaner_merge,>BSCRO438-24_r_1.3_s_100_BSCRO438-24_fcleaner_merge,2721255,YP_009680079.1,family:Dysderidae,null,99,null,null,0.0,49.0,9.76,3.0,0,52,2,0,3,54.51
BSCRO404-24_r_1.5_s_100_BSCRO404-24_fcleaner_merge,BSCRO404-24,r_1.5_s_100_fcleaner_merge,>BSCRO404-24_r_1.5_s_100_BSCRO404-24_fcleaner_merge,2721249,YP_009680079.1,family:Dysderidae,null,184,null,null,0.0,42.0,12.63,10.0,0,6,7,0,1,84.31
BSCRO430-24_r_1.5_s_100_BSCRO430-24_fcleaner_merge,BSCRO430-24,r_1.5_s_100_fcleaner_merge,>BSCRO430-24_r_1.5_s_100_BSCRO430-24_fcleaner_merge,3139653,YP_009349339.1,family:Agelenidae,null,113,null,null,0.0,17.0,8.86,9.0,0,4,9,0,0,92.77
BSCRO443-24_r_1_s_100_BSCRO443-24_fcleaner_merge,BSCRO443-24,r_1_s_100_fcleaner_merge,>BSCRO443-24_r_1_s_100_BSCRO443-24_fcleaner_merge,1654896,PRD22827.1,superfamily:Araneoidea,null,106,null,null,0.0,22.0,8.66,9.0,0,23,10,0,3,86.51
BSCRO392-24_r_1.5_s_100_BSCRO392-24_fcleaner_merge,BSCRO392-24,r_1.5_s_100_fcleaner_merge,>BSCRO392-24_r_1.5_s_100_BSCRO392-24_fcleaner_merge,3139650,YP_009349339.1,family:Agelenidae,null,239,null,null,0.0,67.0,17.71,11.0,0,66,15,0,0,74.8
BSCRO467-24_r_1.3_s_100_BSCRO467-24_fcleaner_merge,BSCRO467-24,r_1.3_s_100_fcleaner_merge,>BSCRO467-24_r_1.3_s_100_BSCRO467-24_fcleaner_merge,3139668,YP_009349339.1,family:Agelenidae,null,812,null,null,0.0,104.0,68.28,75.0,0,119,19,0,0,98.63
BSCRO421-24_r_1.5_s_50_BSCRO421-24_fcleaner_merge,BSCRO421-24,r_1.5_s_50_fcleaner_merge,>BSCRO421-24_r_1.5_s_50_BSCRO421-24_fcleaner_merge,1926205,XCA36587.1,family:Linyphiidae,null,366,null,null,0.0,145.0,30.82,0.0,0,42,5,0,1,42.07
BSCRO382-24_r_1.5_s_50_BSCRO382-24_fcleaner_merge,BSCRO382-24,r_1.5_s_50_fcleaner_merge,>BSCRO382-24_r_1.5_s_50_BSCRO382-24_fcleaner_merge,2721269,YP_009680079.1,family:Dysderidae,null,632,null,null,0.0,117.0,52.25,59.0,0,96,13,0,0,90.98
BSCRO471-24_r_1.3_s_50_BSCRO471-24_fcleaner_merge,BSCRO471-24,r_1.3_s_50_fcleaner_merge,>BSCRO471-24_r_1.3_s_50_BSCRO471-24_fcleaner_merge,2970455,YP_009349339.1,family:Agelenidae,null,626,null,null,0.0,69.0,46.1,48.0,0,101,13,0,0,99.8
BSCRO442-24_r_1_s_100_BSCRO442-24_fcleaner_merge,BSCRO442-24,r_1_s_100_fcleaner_merge,>BSCRO442-24_r_1_s_100_BSCRO442-24_fcleaner_merge,2721269,YP_009680079.1,family:Dysderidae,null,867,null,null,17.0,110.0,65.67,65.0,0,339,45,0,0,100.0
BSCRO434-24_r_1.3_s_100_BSCRO434-24_fcleaner_merge,BSCRO434-24,r_1.3_s_100_fcleaner_merge,>BSCRO434-24_r_1.3_s_100_BSCRO434-24_fcleaner_merge,2721252,YP_009680079.1,family:Dysderidae,null,502,null,null,4.0,70.0,37.25,36.0,0,16,15,0,0,100.0
BSCRO447-24_r_1_s_100_BSCRO447-24_fcleaner_merge,BSCRO447-24,r_1_s_100_fcleaner_merge,>BSCRO447-24_r_1_s_100_BSCRO447-24_fcleaner_merge,1959301,PRD22827.1,superfamily:Araneoidea,null,192,null,null,0.0,32.0,13.4,14.0,0,12,5,0,6,87.43
BSCRO447-24_r_1.3_s_100_BSCRO447-24_fcleaner_merge,BSCRO447-24,r_1.3_s_100_fcleaner_merge,>BSCRO447-24_r_1.3_s_100_BSCRO447-24_fcleaner_merge,1959301,PRD22827.1,superfamily:Araneoidea,null,145,null,null,0.0,32.0,9.74,9.0,0,3,3,0,0,74.12
BSCRO437-24_r_1.5_s_100_BSCRO437-24_fcleaner_merge,BSCRO437-24,r_1.5_s_100_fcleaner_merge,>BSCRO437-24_r_1.5_s_100_BSCRO437-24_fcleaner_merge,1959301,PRD22827.1,superfamily:Araneoidea,null,268,null,null,0.0,120.0,20.32,4.0,0,3,4,0,0,61.37
BSCRO438-24_r_1_s_100_BSCRO438-24_fcleaner_merge,BSCRO438-24,r_1_s_100_fcleaner_merge,>BSCRO438-24_r_1_s_100_BSCRO438-24_fcleaner_merge,2721255,YP_009680079.1,family:Dysderidae,null,278,null,null,0.0,73.0,28.65,25.0,0,72,13,0,0,81.96
BSCRO417-24_r_1.5_s_50_BSCRO417-24_fcleaner_merge,BSCRO417-24,r_1.5_s_50_fcleaner_merge,>BSCRO417-24_r_1.5_s_50_BSCRO417-24_fcleaner_merge,1419516,PRD22827.1,superfamily:Araneoidea,null,122,null,null,0.0,47.0,7.24,2.0,0,22,3,0,0,61.0
BSCRO434-24_r_1.5_s_100_BSCRO434-24_fcleaner_merge,BSCRO434-24,r_1.5_s_100_fcleaner_merge,>BSCRO434-24_r_1.5_s_100_BSCRO434-24_fcleaner_merge,2721252,YP_009680079.1,family:Dysderidae,null,323,null,null,0.0,59.0,23.66,22.0,0,10,12,0,0,91.18
BSCRO424-24_r_1.3_s_50_BSCRO424-24_fcleaner_merge,BSCRO424-24,r_1.3_s_50_fcleaner_merge,>BSCRO424-24_r_1.3_s_50_BSCRO424-24_fcleaner_merge,2721269,YP_009680079.1,family:Dysderidae,null,241,null,null,2.0,48.0,17.82,17.0,0,90,12,0,0,100.0
BSCRO401-24_r_1_s_50_BSCRO401-24_fcleaner_merge,BSCRO401-24,r_1_s_50_fcleaner_merge,>BSCRO401-24_r_1_s_50_BSCRO401-24_fcleaner_merge,2721249,YP_009680079.1,family:Dysderidae,null,1614,null,null,34.0,196.0,137.72,142.5,0,157,71,0,0,100.0
BSCRO409-24_r_1.3_s_100_BSCRO409-24_fcleaner_merge,BSCRO409-24,r_1.3_s_100_fcleaner_merge,>BSCRO409-24_r_1.3_s_100_BSCRO409-24_fcleaner_merge,3228881,XCA36587.1,family:Linyphiidae,null,1101,null,null,0.0,183.0,103.9,108.0,0,72,27,0,0,96.28
BSCRO471-24_r_1.5_s_100_BSCRO471-24_fcleaner_merge,BSCRO471-24,r_1.5_s_100_fcleaner_merge,>BSCRO471-24_r_1.5_s_100_BSCRO471-24_fcleaner_merge,2970455,YP_009349339.1,family:Agelenidae,null,477,null,null,0.0,61.0,39.01,43.0,0,50,6,0,0,99.8
BSCRO416-24_r_1_s_50_BSCRO416-24_fcleaner_merge,BSCRO416-24,r_1_s_50_fcleaner_merge,>BSCRO416-24_r_1_s_50_BSCRO416-24_fcleaner_merge,2766751,WWQ79001.1,superfamily:Leptonetoidea,null,4101,null,null,0.0,565.0,348.44,367.0,0,672,71,0,0,96.13
BSCRO468-24_r_1_s_100_BSCRO468-24_fcleaner_merge,BSCRO468-24,r_1_s_100_fcleaner_merge,>BSCRO468-24_r_1_s_100_BSCRO468-24_fcleaner_merge,3139653,YP_009349339.1,family:Agelenidae,null,385,null,null,11.0,45.0,29.75,30.0,0,11,7,0,0,100.0
BSCRO441-24_r_1.3_s_50_BSCRO441-24_fcleaner_merge,BSCRO441-24,r_1.3_s_50_fcleaner_merge,>BSCRO441-24_r_1.3_s_50_BSCRO441-24_fcleaner_merge,2747156,XRO44683.1,genus:Zoropsis,null,2713,null,null,0.0,318.0,239.09,244.0,0,180,136,0,0,99.8
BSCRO398-24_r_1_s_100_BSCRO398-24_fcleaner_merge,BSCRO398-24,r_1_s_100_fcleaner_merge,>BSCRO398-24_r_1_s_100_BSCRO398-24_fcleaner_merge,2721269,YP_009680079.1,family:Dysderidae,null,357,null,null,0.0,48.0,33.97,34.0,0,12,5,0,0,99.8
BSCRO453-24_r_1.3_s_100_BSCRO453-24_fcleaner_merge,BSCRO453-24,r_1.3_s_100_fcleaner_merge,>BSCRO453-24_r_1.3_s_100_BSCRO453-24_fcleaner_merge,1395086,YP_009680079.1,family:Dysderidae,null,537,null,null,1.0,77.0,43.61,46.0,0,35,5,0,0,100.0
BSCRO433-24_r_1.3_s_50_BSCRO433-24_fcleaner_merge,BSCRO433-24,r_1.3_s_50_fcleaner_merge,>BSCRO433-24_r_1.3_s_50_BSCRO433-24_fcleaner_merge,2716446,WWQ79001.1,superfamily:Leptonetoidea,null,191,null,null,0.0,30.0,11.55,11.0,0,25,5,0,0,94.97
BSCRO449-24_r_1_s_50_BSCRO449-24_fcleaner_merge,BSCRO449-24,r_1_s_50_fcleaner_merge,>BSCRO449-24_r_1_s_50_BSCRO449-24_fcleaner_merge,2721269,YP_009680079.1,family:Dysderidae,null,740,null,null,0.0,150.0,65.77,64.0,0,89,33,0,6,91.57
BSCRO438-24_r_1_s_50_BSCRO438-24_fcleaner_merge,BSCRO438-24,r_1_s_50_fcleaner_merge,>BSCRO438-24_r_1_s_50_BSCRO438-24_fcleaner_merge,2721255,YP_009680079.1,family:Dysderidae,null,332,null,null,0.0,78.0,30.45,34.0,0,146,15,0,0,81.96
BSCRO415-24_r_1.3_s_100_BSCRO415-24_fcleaner_merge,BSCRO415-24,r_1.3_s_100_fcleaner_merge,>BSCRO415-24_r_1.3_s_100_BSCRO415-24_fcleaner_merge,2747120,QNV12043.1,subfamily:Linyphiinae,null,775,null,null,0.0,102.0,54.63,53.0,0,149,15,0,0,99.8
BSCRO405-24_r_1.3_s_50_BSCRO405-24_fcleaner,BSCRO405-24,r_1.3_s_50_fcleaner_merge,null,2770607,YP_009680079.1,family:Dysderidae,null,0,null,null,0.0,0.0,0.0,0.0,0,0,0,0,0,0.0
BSCRO418-24_r_1_s_100_BSCRO418-24_fcleaner_merge,BSCRO418-24,r_1_s_100_fcleaner_merge,>BSCRO418-24_r_1_s_100_BSCRO418-24_fcleaner_merge,1109451,QNV12118.1,genus:Amaurobius,null,641,null,null,0.0,173.0,59.16,55.0,0,144,37,0,3,92.58
BSCRO440-24_r_1.5_s_100_BSCRO440-24_fcleaner_merge,BSCRO440-24,r_1.5_s_100_fcleaner_merge,>BSCRO440-24_r_1.5_s_100_BSCRO440-24_fcleaner_merge,1959304,PRD22827.1,superfamily:Araneoidea,null,349,null,null,0.0,139.0,26.12,5.0,0,1,3,0,0,63.59
BSCRO419-24_r_1.3_s_100_BSCRO419-24_fcleaner_merge,BSCRO419-24,r_1.3_s_100_fcleaner_merge,>BSCRO419-24_r_1.3_s_100_BSCRO419-24_fcleaner_merge,1907062,XCA36587.1,subfamily:Erigoninae,null,63,null,null,0.0,37.0,4.16,0.0,0,33,0,0,0,37.18
BSCRO466-24_r_1_s_50_BSCRO466-24_fcleaner_merge,BSCRO466-24,r_1_s_50_fcleaner_merge,>BSCRO466-24_r_1_s_50_BSCRO466-24_fcleaner_merge,2721252,YP_009680079.1,family:Dysderidae,null,406,null,null,3.0,48.0,20.8,20.0,0,249,38,0,0,100.0
BSCRO384-24_r_1_s_50_BSCRO384-24_fcleaner_merge,BSCRO384-24,r_1_s_50_fcleaner_merge,>BSCRO384-24_r_1_s_50_BSCRO384-24_fcleaner_merge,2721269,YP_009680079.1,family:Dysderidae,null,1445,null,null,69.0,310.0,118.82,109.0,0,138,59,0,0,100.0
BSCRO454-24_r_1.5_s_100_BSCRO454-24_fcleaner_merge,BSCRO454-24,r_1.5_s_100_fcleaner_merge,>BSCRO454-24_r_1.5_s_100_BSCRO454-24_fcleaner_merge,1926205,XCA36587.1,family:Linyphiidae,null,50,null,null,0.0,30.0,4.71,2.0,0,17,0,0,0,53.82
BSCRO461-24_r_1.5_s_100_BSCRO461-24_fcleaner_merge,BSCRO461-24,r_1.5_s_100_fcleaner_merge,>BSCRO461-24_r_1.5_s_100_BSCRO461-24_fcleaner_merge,2721252,YP_009680079.1,family:Dysderidae,null,275,null,null,0.0,58.0,21.36,19.0,0,6,3,0,0,95.1
BSCRO458-24_r_1.5_s_100_BSCRO458-24_fcleaner_merge,BSCRO458-24,r_1.5_s_100_fcleaner_merge,>BSCRO458-24_r_1.5_s_100_BSCRO458-24_fcleaner_merge,1872039,YP_009680079.1,family:Dysderidae,null,391,null,null,0.0,92.0,34.53,35.5,0,23,3,0,0,91.18
BSCRO381-24_r_1.5_s_100_BSCRO381-24_fcleaner,BSCRO381-24,r_1.5_s_100_fcleaner_merge,null,3139648,YP_009680079.1,family:Dysderidae,null,0,null,null,0.0,0.0,0.0,0.0,0,0,0,0,0,0.0
BSCRO431-24_r_1.3_s_50_BSCRO431-24_fcleaner_merge,BSCRO431-24,r_1.3_s_50_fcleaner_merge,>BSCRO431-24_r_1.3_s_50_BSCRO431-24_fcleaner_merge,1419516,PRD22827.1,superfamily:Araneoidea,null,1069,null,null,0.0,248.0,73.96,51.0,0,47,32,0,0,87.43
BSCRO393-24_r_1_s_50_BSCRO393-24_fcleaner_merge,BSCRO393-24,r_1_s_50_fcleaner_merge,>BSCRO393-24_r_1_s_50_BSCRO393-24_fcleaner_merge,3228881,XCA36587.1,family:Linyphiidae,null,222,null,null,0.0,33.0,10.98,10.0,0,147,23,0,0,99.8
BSCRO388-24_r_1.5_s_50_BSCRO388-24_fcleaner_merge,BSCRO388-24,r_1.5_s_50_fcleaner_merge,>BSCRO388-24_r_1.5_s_50_BSCRO388-24_fcleaner_merge,2721269,YP_009680079.1,family:Dysderidae,null,172,null,null,0.0,84.0,13.65,0.0,0,18,0,0,0,40.39
BSCRO431-24_r_1.5_s_100_BSCRO431-24_fcleaner_merge,BSCRO431-24,r_1.5_s_100_fcleaner_merge,>BSCRO431-24_r_1.5_s_100_BSCRO431-24_fcleaner_merge,1419516,PRD22827.1,superfamily:Araneoidea,null,463,null,null,0.0,230.0,32.53,5.0,0,1,12,0,0,53.6
BSCRO426-24_r_1.3_s_50_BSCRO426-24_fcleaner_merge,BSCRO426-24,r_1.3_s_50_fcleaner_merge,>BSCRO426-24_r_1.3_s_50_BSCRO426-24_fcleaner_merge,1419516,PRD22827.1,superfamily:Araneoidea,null,1655,null,null,0.0,426.0,131.47,109.0,0,161,30,0,0,85.21
BSCRO399-24_r_1.3_s_50_BSCRO399-24_fcleaner_merge,BSCRO399-24,r_1.3_s_50_fcleaner_merge,>BSCRO399-24_r_1.3_s_50_BSCRO399-24_fcleaner_merge,3237715,YP_010545517.1,family:Theridiidae,null,1349,null,null,0.0,182.0,116.41,125.0,0,68,58,0,0,99.8
BSCRO394-24_r_1.3_s_100_BSCRO394-24_fcleaner_merge,BSCRO394-24,r_1.3_s_100_fcleaner_merge,>BSCRO394-24_r_1.3_s_100_BSCRO394-24_fcleaner_merge,3228881,XCA36587.1,family:Linyphiidae,null,64,null,null,0.0,17.0,4.8,5.0,0,33,4,0,0,90.8
BSCRO390-24_r_1_s_50_BSCRO390-24_fcleaner_merge,BSCRO390-24,r_1_s_50_fcleaner_merge,>BSCRO390-24_r_1_s_50_BSCRO390-24_fcleaner_merge,2747120,QNV12043.1,subfamily:Linyphiinae,null,152,null,null,0.0,21.0,9.86,9.0,0,150,12,0,0,99.8
BSCRO396-24_r_1.5_s_50_BSCRO396-24_fcleaner_merge,BSCRO396-24,r_1.5_s_50_fcleaner_merge,>BSCRO396-24_r_1.5_s_50_BSCRO396-24_fcleaner_merge,2747120,QNV12043.1,subfamily:Linyphiinae,null,363,null,null,0.0,60.0,26.54,28.0,0,29,11,0,0,98.42
BSCRO471-24_r_1_s_100_BSCRO471-24_fcleaner_merge,BSCRO471-24,r_1_s_100_fcleaner_merge,>BSCRO471-24_r_1_s_100_BSCRO471-24_fcleaner_merge,2970455,YP_009349339.1,family:Agelenidae,null,549,null,null,0.0,65.0,44.28,46.0,0,77,8,0,0,99.8
BSCRO417-24_r_1_s_50_BSCRO417-24_fcleaner_merge,BSCRO417-24,r_1_s_50_fcleaner_merge,>BSCRO417-24_r_1_s_50_BSCRO417-24_fcleaner_merge,1419516,PRD22827.1,superfamily:Araneoidea,null,555,null,null,0.0,93.0,42.11,46.0,0,115,20,0,7,97.41
BSCRO413-24_r_1_s_100_BSCRO413-24_fcleaner_merge,BSCRO413-24,r_1_s_100_fcleaner_merge,>BSCRO413-24_r_1_s_100_BSCRO413-24_fcleaner_merge,3139648,YP_009680079.1,family:Dysderidae,null,541,null,null,0.0,178.0,61.98,64.0,0,26,26,0,6,84.9
BSCRO460-24_r_1.3_s_50_BSCRO460-24_fcleaner_merge,BSCRO460-24,r_1.3_s_50_fcleaner_merge,>BSCRO460-24_r_1.3_s_50_BSCRO460-24_fcleaner_merge,2689247,XCA36587.1,family:Linyphiidae,null,1025,null,null,0.0,137.0,98.23,99.0,0,53,14,0,0,99.41
BSCRO412-24_r_1.3_s_100_BSCRO412-24_fcleaner_merge,BSCRO412-24,r_1.3_s_100_fcleaner_merge,>BSCRO412-24_r_1.3_s_100_BSCRO412-24_fcleaner_merge,2721269,YP_009680079.1,family:Dysderidae,null,134,null,null,1.0,21.0,11.56,12.0,0,7,0,0,0,100.0
BSCRO407-24_r_1.5_s_100_BSCRO407-24_fcleaner_merge,BSCRO407-24,r_1.5_s_100_fcleaner_merge,>BSCRO407-24_r_1.5_s_100_BSCRO407-24_fcleaner_merge,2721249,YP_009680079.1,family:Dysderidae,null,109,null,null,0.0,19.0,9.68,10.0,0,3,4,0,0,96.86
BSCRO417-24_r_1.5_s_100_BSCRO417-24_fcleaner_merge,BSCRO417-24,r_1.5_s_100_fcleaner_merge,>BSCRO417-24_r_1.5_s_100_BSCRO417-24_fcleaner_merge,1419516,PRD22827.1,superfamily:Araneoidea,null,78,null,null,0.0,44.0,6.28,1.0,0,1,1,0,0,56.38
BSCRO427-24_r_1.5_s_50_BSCRO427-24_fcleaner_merge,BSCRO427-24,r_1.5_s_50_fcleaner_merge,>BSCRO427-24_r_1.5_s_50_BSCRO427-24_fcleaner_merge,3139652,YP_009349339.1,family:Agelenidae,null,445,null,null,1.0,73.0,47.56,50.0,0,37,3,0,0,100.0
BSCRO381-24_r_1.3_s_50_BSCRO381-24_fcleaner,BSCRO381-24,r_1.3_s_50_fcleaner_merge,null,3139648,YP_009680079.1,family:Dysderidae,null,0,null,null,0.0,0.0,0.0,0.0,0,0,0,0,0,0.0
BSCRO392-24_r_1.3_s_100_BSCRO392-24_fcleaner_merge,BSCRO392-24,r_1.3_s_100_fcleaner_merge,>BSCRO392-24_r_1.3_s_100_BSCRO392-24_fcleaner_merge,3139650,YP_009349339.1,family:Agelenidae,null,361,null,null,0.0,92.0,28.14,26.0,0,186,34,0,0,96.29
BSCRO419-24_r_1_s_50_BSCRO419-24_fcleaner_merge,BSCRO419-24,r_1_s_50_fcleaner_merge,>BSCRO419-24_r_1_s_50_BSCRO419-24_fcleaner_merge,1907062,XCA36587.1,subfamily:Erigoninae,null,154,null,null,0.0,42.0,8.71,5.0,0,164,15,0,0,55.77
BSCRO399-24_r_1.3_s_100_BSCRO399-24_fcleaner_merge,BSCRO399-24,r_1.3_s_100_fcleaner_merge,>BSCRO399-24_r_1.3_s_100_BSCRO399-24_fcleaner_merge,3237715,YP_010545517.1,family:Theridiidae,null,1169,null,null,0.0,177.0,108.95,116.0,0,29,49,0,0,99.8
BSCRO383-24_r_1.3_s_50_BSCRO383-24_fcleaner_merge,BSCRO383-24,r_1.3_s_50_fcleaner_merge,>BSCRO383-24_r_1.3_s_50_BSCRO383-24_fcleaner_merge,2721269,YP_009680079.1,family:Dysderidae,null,174,null,null,1.0,32.0,12.55,11.0,0,124,9,0,0,100.0
BSCRO391-24_r_1.5_s_100_BSCRO391-24_fcleaner_merge,BSCRO391-24,r_1.5_s_100_fcleaner_merge,>BSCRO391-24_r_1.5_s_100_BSCRO391-24_fcleaner_merge,3139650,YP_009349339.1,family:Agelenidae,null,140,null,null,0.0,81.0,14.41,0.0,0,33,1,0,0,49.22
BSCRO469-24_r_1.5_s_50_BSCRO469-24_fcleaner_merge,BSCRO469-24,r_1.5_s_50_fcleaner_merge,>BSCRO469-24_r_1.5_s_50_BSCRO469-24_fcleaner_merge,3139660,XCA36587.1,family:Linyphiidae,null,450,null,null,0.0,64.0,23.92,23.0,0,68,5,0,0,99.41
BSCRO432-24_r_1.5_s_100_BSCRO432-24_fcleaner_merge,BSCRO432-24,r_1.5_s_100_fcleaner_merge,>BSCRO432-24_r_1.5_s_100_BSCRO432-24_fcleaner_merge,3139650,YP_009349339.1,family:Agelenidae,null,46,null,null,0.0,10.0,3.01,2.0,0,2,2,0,0,90.43
BSCRO440-24_r_1.5_s_50_BSCRO440-24_fcleaner_merge,BSCRO440-24,r_1.5_s_50_fcleaner_merge,>BSCRO440-24_r_1.5_s_50_BSCRO440-24_fcleaner_merge,1959304,PRD22827.1,superfamily:Araneoidea,null,391,null,null,0.0,148.0,27.38,6.0,0,13,5,0,0,68.39
BSCRO430-24_r_1_s_100_BSCRO430-24_fcleaner_merge,BSCRO430-24,r_1_s_100_fcleaner_merge,>BSCRO430-24_r_1_s_100_BSCRO430-24_fcleaner_merge,3139653,YP_009349339.1,family:Agelenidae,null,133,null,null,0.0,19.0,10.41,10.0,0,9,11,0,0,99.61
BSCRO410-24_r_1.5_s_100_BSCRO410-24_fcleaner_merge,BSCRO410-24,r_1.5_s_100_fcleaner_merge,>BSCRO410-24_r_1.5_s_100_BSCRO410-24_fcleaner_merge,2716446,WWQ79001.1,superfamily:Leptonetoidea,null,26,null,null,0.0,13.0,2.03,0.0,0,85,0,0,0,24.95
BSCRO406-24_r_1.5_s_100_BSCRO406-24_fcleaner_merge,BSCRO406-24,r_1.5_s_100_fcleaner_merge,>BSCRO406-24_r_1.5_s_100_BSCRO406-24_fcleaner_merge,2716446,WWQ79001.1,superfamily:Leptonetoidea,null,101,null,null,0.0,34.0,7.82,4.0,0,14,2,0,0,65.76
BSCRO391-24_r_1_s_50_BSCRO391-24_fcleaner_merge,BSCRO391-24,r_1_s_50_fcleaner_merge,>BSCRO391-24_r_1_s_50_BSCRO391-24_fcleaner_merge,3139650,YP_009349339.1,family:Agelenidae,null,598,null,null,0.0,143.0,60.24,58.0,0,513,56,0,0,87.3
BSCRO402-24_r_1_s_100_BSCRO402-24_fcleaner_merge,BSCRO402-24,r_1_s_100_fcleaner_merge,>BSCRO402-24_r_1_s_100_BSCRO402-24_fcleaner_merge,2721255,YP_009680079.1,family:Dysderidae,null,163,null,null,0.0,53.0,16.37,14.0,0,37,16,0,3,84.9
BSCRO464-24_r_1.3_s_50_BSCRO464-24_fcleaner_merge,BSCRO464-24,r_1.3_s_50_fcleaner_merge,>BSCRO464-24_r_1.3_s_50_BSCRO464-24_fcleaner_merge,1926205,XCA36587.1,family:Linyphiidae,null,472,null,null,0.0,47.0,26.57,27.0,0,36,7,0,0,99.41
BSCRO455-24_r_1.3_s_100_BSCRO455-24_fcleaner_merge,BSCRO455-24,r_1.3_s_100_fcleaner_merge,>BSCRO455-24_r_1.3_s_100_BSCRO455-24_fcleaner_merge,2747120,QNV12043.1,subfamily:Linyphiinae,null,371,null,null,0.0,46.0,32.24,32.0,0,20,3,0,0,99.8
BSCRO423-24_r_1.5_s_100_BSCRO423-24_fcleaner_merge,BSCRO423-24,r_1.5_s_100_fcleaner_merge,>BSCRO423-24_r_1.5_s_100_BSCRO423-24_fcleaner_merge,1959304,PRD22827.1,superfamily:Araneoidea,null,109,null,null,0.0,55.0,8.12,1.0,0,2,4,0,0,58.23
BSCRO452-24_r_1.3_s_100_BSCRO452-24_fcleaner_merge,BSCRO452-24,r_1.3_s_100_fcleaner_merge,>BSCRO452-24_r_1.3_s_100_BSCRO452-24_fcleaner_merge,1959301,PRD22827.1,superfamily:Araneoidea,null,303,null,null,0.0,78.0,23.52,21.0,0,10,9,0,0,75.05
BSCRO424-24_r_1.3_s_100_BSCRO424-24_fcleaner_merge,BSCRO424-24,r_1.3_s_100_fcleaner_merge,>BSCRO424-24_r_1.3_s_100_BSCRO424-24_fcleaner_merge,2721269,YP_009680079.1,family:Dysderidae,null,180,null,null,2.0,33.0,16.04,16.0,0,6,4,0,0,100.0
BSCRO401-24_r_1.5_s_100_BSCRO401-24_fcleaner_merge,BSCRO401-24,r_1.5_s_100_fcleaner_merge,>BSCRO401-24_r_1.5_s_100_BSCRO401-24_fcleaner_merge,2721249,YP_009680079.1,family:Dysderidae,null,609,null,null,0.0,156.0,60.47,54.5,0,10,17,0,0,90.59
BSCRO394-24_r_1.5_s_50_BSCRO394-24_fcleaner_merge,BSCRO394-24,r_1.5_s_50_fcleaner_merge,>BSCRO394-24_r_1.5_s_50_BSCRO394-24_fcleaner_merge,3228881,XCA36587.1,family:Linyphiidae,null,70,null,null,0.0,17.0,4.85,5.0,0,26,7,0,0,84.15
BSCRO407-24_r_1_s_50_BSCRO407-24_fcleaner_merge,BSCRO407-24,r_1_s_50_fcleaner_merge,>BSCRO407-24_r_1_s_50_BSCRO407-24_fcleaner_merge,2721249,YP_009680079.1,family:Dysderidae,null,477,null,null,5.0,238.0,22.08,16.0,0,206,47,0,0,100.0
BSCRO381-24_r_1.5_s_50_BSCRO381-24_fcleaner,BSCRO381-24,r_1.5_s_50_fcleaner_merge,null,3139648,YP_009680079.1,family:Dysderidae,null,0,null,null,0.0,0.0,0.0,0.0,0,0,0,0,0,0.0
BSCRO444-24_r_1.5_s_100_BSCRO444-24_fcleaner_merge,BSCRO444-24,r_1.5_s_100_fcleaner_merge,>BSCRO444-24_r_1.5_s_100_BSCRO444-24_fcleaner_merge,1654896,PRD22827.1,superfamily:Araneoidea,null,16,null,null,0.0,8.0,0.9,0.0,0,22,0,0,0,26.43
BSCRO425-24_r_1.5_s_100_BSCRO425-24_fcleaner_merge,BSCRO425-24,r_1.5_s_100_fcleaner_merge,>BSCRO425-24_r_1.5_s_100_BSCRO425-24_fcleaner_merge,1419516,PRD22827.1,superfamily:Araneoidea,null,128,null,null,0.0,65.0,9.89,3.0,0,4,2,0,0,54.71
BSCRO460-24_r_1_s_50_BSCRO460-24_fcleaner_merge,BSCRO460-24,r_1_s_50_fcleaner_merge,>BSCRO460-24_r_1_s_50_BSCRO460-24_fcleaner_merge,2689247,XCA36587.1,family:Linyphiidae,null,1108,null,null,0.0,137.0,101.04,102.0,0,86,23,0,0,99.41
BSCRO434-24_r_1.3_s_50_BSCRO434-24_fcleaner_merge,BSCRO434-24,r_1.3_s_50_fcleaner_merge,>BSCRO434-24_r_1.3_s_50_BSCRO434-24_fcleaner_merge,2721252,YP_009680079.1,family:Dysderidae,null,610,null,null,4.0,81.0,41.09,40.0,0,71,18,0,0,100.0
BSCRO435-24_r_1.3_s_100_BSCRO435-24_fcleaner_merge,BSCRO435-24,r_1.3_s_100_fcleaner_merge,>BSCRO435-24_r_1.3_s_100_BSCRO435-24_fcleaner_merge,3139669,YP_009349339.1,family:Agelenidae,null,177,null,null,0.0,56.0,12.84,9.5,0,298,0,0,1,77.54
BSCRO393-24_r_1.5_s_50_BSCRO393-24_fcleaner_merge,BSCRO393-24,r_1.5_s_50_fcleaner_merge,>BSCRO393-24_r_1.5_s_50_BSCRO393-24_fcleaner_merge,3228881,XCA36587.1,family:Linyphiidae,null,122,null,null,0.0,26.0,7.29,7.0,0,19,5,0,0,99.8
BSCRO434-24_r_1_s_50_BSCRO434-24_fcleaner_merge,BSCRO434-24,r_1_s_50_fcleaner_merge,>BSCRO434-24_r_1_s_50_BSCRO434-24_fcleaner_merge,2721252,YP_009680079.1,family:Dysderidae,null,730,null,null,15.0,83.0,46.75,47.0,0,157,29,0,0,100.0
BSCRO436-24_r_1.3_s_50_BSCRO436-24_fcleaner_merge,BSCRO436-24,r_1.3_s_50_fcleaner_merge,>BSCRO436-24_r_1.3_s_50_BSCRO436-24_fcleaner_merge,3139668,YP_009349339.1,family:Agelenidae,null,261,null,null,4.0,32.0,20.41,21.0,0,48,17,0,0,100.0
BSCRO449-24_r_1.5_s_100_BSCRO449-24_fcleaner_merge,BSCRO449-24,r_1.5_s_100_fcleaner_merge,>BSCRO449-24_r_1.5_s_100_BSCRO449-24_fcleaner_merge,2721269,YP_009680079.1,family:Dysderidae,null,74,null,null,0.0,42.0,6.28,0.0,0,1,0,0,0,26.27
BSCRO432-24_r_1.3_s_50_BSCRO432-24_fcleaner_merge,BSCRO432-24,r_1.3_s_50_fcleaner_merge,>BSCRO432-24_r_1.3_s_50_BSCRO432-24_fcleaner_merge,3139650,YP_009349339.1,family:Agelenidae,null,84,null,null,0.0,13.0,4.46,4.0,0,10,3,0,0,98.24
BSCRO400-24_r_1.3_s_100_BSCRO400-24_fcleaner_merge,BSCRO400-24,r_1.3_s_100_fcleaner_merge,>BSCRO400-24_r_1.3_s_100_BSCRO400-24_fcleaner_merge,2766751,WWQ79001.1,superfamily:Leptonetoidea,null,614,null,null,0.0,135.0,62.02,68.0,0,60,7,0,0,91.3
BSCRO427-24_r_1_s_100_BSCRO427-24_fcleaner_merge,BSCRO427-24,r_1_s_100_fcleaner_merge,>BSCRO427-24_r_1_s_100_BSCRO427-24_fcleaner_merge,3139652,YP_009349339.1,family:Agelenidae,null,463,null,null,13.0,75.0,50.35,51.0,0,57,4,0,0,100.0
BSCRO428-24_r_1.3_s_50_BSCRO428-24_fcleaner_merge,BSCRO428-24,r_1.3_s_50_fcleaner_merge,>BSCRO428-24_r_1.3_s_50_BSCRO428-24_fcleaner_merge,3139669,YP_009349339.1,family:Agelenidae,null,321,null,null,0.0,111.0,22.6,14.0,0,35,26,0,0,65.43
BSCRO473-24_r_1_s_100_BSCRO473-24_fcleaner_merge,BSCRO473-24,r_1_s_100_fcleaner_merge,>BSCRO473-24_r_1_s_100_BSCRO473-24_fcleaner_merge,3139653,YP_009349339.1,family:Agelenidae,null,897,null,null,0.0,188.0,88.38,86.0,0,173,46,0,3,91.21
BSCRO412-24_r_1.5_s_100_BSCRO412-24_fcleaner_merge,BSCRO412-24,r_1.5_s_100_fcleaner_merge,>BSCRO412-24_r_1.5_s_100_BSCRO412-24_fcleaner_merge,2721269,YP_009680079.1,family:Dysderidae,null,101,null,null,0.0,21.0,8.59,7.0,0,7,2,0,0,95.49
BSCRO427-24_r_1.5_s_100_BSCRO427-24_fcleaner_merge,BSCRO427-24,r_1.5_s_100_fcleaner_merge,>BSCRO427-24_r_1.5_s_100_BSCRO427-24_fcleaner_merge,3139652,YP_009349339.1,family:Agelenidae,null,427,null,null,1.0,73.0,46.75,49.0,0,9,4,0,0,100.0
BSCRO461-24_r_1.3_s_100_BSCRO461-24_fcleaner_merge,BSCRO461-24,r_1.3_s_100_fcleaner_merge,>BSCRO461-24_r_1.3_s_100_BSCRO461-24_fcleaner_merge,2721252,YP_009680079.1,family:Dysderidae,null,450,null,null,0.0,59.0,35.63,37.0,0,16,5,0,0,99.8
BSCRO475-24_r_1.3_s_50_BSCRO475-24_fcleaner_merge,BSCRO475-24,r_1.3_s_50_fcleaner_merge,>BSCRO475-24_r_1.3_s_50_BSCRO475-24_fcleaner_merge,2970455,YP_009349339.1,family:Agelenidae,null,601,null,null,0.0,209.0,48.44,38.0,0,50,37,0,0,78.32
BSCRO390-24_r_1.3_s_100_BSCRO390-24_fcleaner_merge,BSCRO390-24,r_1.3_s_100_fcleaner_merge,>BSCRO390-24_r_1.3_s_100_BSCRO390-24_fcleaner_merge,2747120,QNV12043.1,subfamily:Linyphiinae,null,103,null,null,0.0,20.0,7.06,7.0,0,27,4,0,0,99.8
BSCRO398-24_r_1.5_s_50_BSCRO398-24_fcleaner_merge,BSCRO398-24,r_1.5_s_50_fcleaner_merge,>BSCRO398-24_r_1.5_s_50_BSCRO398-24_fcleaner_merge,2721269,YP_009680079.1,family:Dysderidae,null,235,null,null,0.0,58.0,19.71,21.0,0,28,6,0,0,92.75
BSCRO428-24_r_1.5_s_100_BSCRO428-24_fcleaner_merge,BSCRO428-24,r_1.5_s_100_fcleaner_merge,>BSCRO428-24_r_1.5_s_100_BSCRO428-24_fcleaner_merge,3139669,YP_009349339.1,family:Agelenidae,null,144,null,null,0.0,71.0,10.96,0.0,0,23,0,0,0,44.53
BSCRO433-24_r_1_s_50_BSCRO433-24_fcleaner_merge,BSCRO433-24,r_1_s_50_fcleaner_merge,>BSCRO433-24_r_1_s_50_BSCRO433-24_fcleaner_merge,2716446,WWQ79001.1,superfamily:Leptonetoidea,null,244,null,null,0.0,30.0,13.66,14.0,0,79,9,0,0,98.65
BSCRO435-24_r_1.5_s_50_BSCRO435-24_fcleaner_merge,BSCRO435-24,r_1.5_s_50_fcleaner_merge,>BSCRO435-24_r_1.5_s_50_BSCRO435-24_fcleaner_merge,3139669,YP_009349339.1,family:Agelenidae,null,10,null,null,0.0,8.0,0.21,0.0,0,314,0,0,0,4.88
BSCRO403-24_r_1_s_100_BSCRO403-24_fcleaner_merge,BSCRO403-24,r_1_s_100_fcleaner_merge,>BSCRO403-24_r_1_s_100_BSCRO403-24_fcleaner_merge,2721256,YP_009680079.1,family:Dysderidae,null,512,null,null,0.0,76.0,37.67,38.0,0,27,17,0,0,99.8
BSCRO386-24_r_1_s_100_BSCRO386-24_fcleaner_merge,BSCRO386-24,r_1_s_100_fcleaner_merge,>BSCRO386-24_r_1_s_100_BSCRO386-24_fcleaner_merge,2747120,QNV12043.1,subfamily:Linyphiinae,null,621,null,null,0.0,99.0,61.55,60.0,0,97,11,0,0,99.8
BSCRO405-24_r_1.5_s_50_BSCRO405-24_fcleaner,BSCRO405-24,r_1.5_s_50_fcleaner_merge,null,2770607,YP_009680079.1,family:Dysderidae,null,0,null,null,0.0,0.0,0.0,0.0,0,0,0,0,0,0.0
BSCRO472-24_r_1.5_s_50_BSCRO472-24_fcleaner_merge,BSCRO472-24,r_1.5_s_50_fcleaner_merge,>BSCRO472-24_r_1.5_s_50_BSCRO472-24_fcleaner_merge,3139660,XCA36587.1,family:Linyphiidae,null,357,null,null,0.0,53.0,29.85,29.0,0,24,5,0,0,99.41
BSCRO386-24_r_1.3_s_50_BSCRO386-24_fcleaner_merge,BSCRO386-24,r_1.3_s_50_fcleaner_merge,>BSCRO386-24_r_1.3_s_50_BSCRO386-24_fcleaner_merge,2747120,QNV12043.1,subfamily:Linyphiinae,null,783,null,null,0.0,170.0,64.32,60.0,0,399,26,0,0,99.8
BSCRO420-24_r_1_s_100_BSCRO420-24_fcleaner_merge,BSCRO420-24,r_1_s_100_fcleaner_merge,>BSCRO420-24_r_1_s_100_BSCRO420-24_fcleaner_merge,933043,XCA36587.1,family:Linyphiidae,null,5077,null,null,0.0,672.0,426.33,463.0,0,819,56,0,3,99.41
BSCRO439-24_r_1.5_s_50_BSCRO439-24_fcleaner_merge,BSCRO439-24,r_1.5_s_50_fcleaner_merge,>BSCRO439-24_r_1.5_s_50_BSCRO439-24_fcleaner_merge,2970455,YP_009349339.1,family:Agelenidae,null,401,null,null,0.0,87.0,36.3,36.0,0,32,6,0,0,99.8
BSCRO466-24_r_1.5_s_100_BSCRO466-24_fcleaner_merge,BSCRO466-24,r_1.5_s_100_fcleaner_merge,>BSCRO466-24_r_1.5_s_100_BSCRO466-24_fcleaner_merge,2721252,YP_009680079.1,family:Dysderidae,null,120,null,null,0.0,25.0,9.21,9.0,0,2,1,0,0,88.24
BSCRO410-24_r_1_s_100_BSCRO410-24_fcleaner_merge,BSCRO410-24,r_1_s_100_fcleaner_merge,>BSCRO410-24_r_1_s_100_BSCRO410-24_fcleaner_merge,2716446,WWQ79001.1,superfamily:Leptonetoidea,null,500,null,null,0.0,98.0,44.98,45.0,0,153,20,0,6,90.14
BSCRO418-24_r_1.5_s_50_BSCRO418-24_fcleaner_merge,BSCRO418-24,r_1.5_s_50_fcleaner_merge,>BSCRO418-24_r_1.5_s_50_BSCRO418-24_fcleaner_merge,1109451,QNV12118.1,genus:Amaurobius,null,314,null,null,0.0,92.0,23.31,18.0,0,122,21,0,0,99.8
BSCRO453-24_r_1.3_s_50_BSCRO453-24_fcleaner_merge,BSCRO453-24,r_1.3_s_50_fcleaner_merge,>BSCRO453-24_r_1.3_s_50_BSCRO453-24_fcleaner_merge,1395086,YP_009680079.1,family:Dysderidae,null,677,null,null,1.0,81.0,47.95,51.0,0,243,15,0,0,100.0
BSCRO421-24_r_1.3_s_50_BSCRO421-24_fcleaner_merge,BSCRO421-24,r_1.3_s_50_fcleaner_merge,>BSCRO421-24_r_1.3_s_50_BSCRO421-24_fcleaner_merge,1926205,XCA36587.1,family:Linyphiidae,null,785,null,null,0.0,246.0,70.77,52.0,0,68,24,0,3,73.97
BSCRO441-24_r_1.5_s_50_BSCRO441-24_fcleaner_merge,BSCRO441-24,r_1.5_s_50_fcleaner_merge,>BSCRO441-24_r_1.5_s_50_BSCRO441-24_fcleaner_merge,2747156,XRO44683.1,genus:Zoropsis,null,2522,null,null,0.0,310.0,219.91,225.0,0,126,99,0,0,99.8
BSCRO457-24_r_1.3_s_100_BSCRO457-24_fcleaner_merge,BSCRO457-24,r_1.3_s_100_fcleaner_merge,>BSCRO457-24_r_1.3_s_100_BSCRO457-24_fcleaner_merge,2721249,YP_009680079.1,family:Dysderidae,null,241,null,null,0.0,37.0,14.96,15.0,0,17,2,0,0,97.25
BSCRO468-24_r_1.5_s_50_BSCRO468-24_fcleaner_merge,BSCRO468-24,r_1.5_s_50_fcleaner_merge,>BSCRO468-24_r_1.5_s_50_BSCRO468-24_fcleaner_merge,3139653,YP_009349339.1,family:Agelenidae,null,409,null,null,0.0,50.0,27.41,28.0,0,54,7,0,0,99.02
BSCRO454-24_r_1.3_s_50_BSCRO454-24_fcleaner_merge,BSCRO454-24,r_1.3_s_50_fcleaner_merge,>BSCRO454-24_r_1.3_s_50_BSCRO454-24_fcleaner_merge,1926205,XCA36587.1,family:Linyphiidae,null,193,null,null,0.0,63.0,16.96,15.0,0,70,6,0,3,75.73
BSCRO445-24_r_1_s_50_BSCRO445-24_fcleaner_merge,BSCRO445-24,r_1_s_50_fcleaner_merge,>BSCRO445-24_r_1_s_50_BSCRO445-24_fcleaner_merge,1959301,PRD22827.1,superfamily:Araneoidea,null,189,null,null,0.0,32.0,8.13,6.0,0,37,6,0,0,85.58
BSCRO409-24_r_1.5_s_50_BSCRO409-24_fcleaner_merge,BSCRO409-24,r_1.5_s_50_fcleaner_merge,>BSCRO409-24_r_1.5_s_50_BSCRO409-24_fcleaner_merge,3228881,XCA36587.1,family:Linyphiidae,null,834,null,null,0.0,186.0,72.55,66.0,0,68,25,0,0,93.15
BSCRO383-24_r_1_s_50_BSCRO383-24_fcleaner_merge,BSCRO383-24,r_1_s_50_fcleaner_merge,>BSCRO383-24_r_1_s_50_BSCRO383-24_fcleaner_merge,2721269,YP_009680079.1,family:Dysderidae,null,263,null,null,2.0,52.0,16.22,14.0,0,299,22,0,0,100.0
BSCRO389-24_r_1_s_50_BSCRO389-24_fcleaner_merge,BSCRO389-24,r_1_s_50_fcleaner_merge,>BSCRO389-24_r_1_s_50_BSCRO389-24_fcleaner_merge,2747120,QNV12043.1,subfamily:Linyphiinae,null,488,null,null,0.0,68.0,45.47,46.0,0,56,18,0,0,99.8
BSCRO426-24_r_1.5_s_100_BSCRO426-24_fcleaner_merge,BSCRO426-24,r_1.5_s_100_fcleaner_merge,>BSCRO426-24_r_1.5_s_100_BSCRO426-24_fcleaner_merge,1419516,PRD22827.1,superfamily:Araneoidea,null,602,null,null,0.0,296.0,46.67,7.0,0,5,6,0,0,55.27
BSCRO474-24_r_1_s_50_BSCRO474-24_fcleaner_merge,BSCRO474-24,r_1_s_50_fcleaner_merge,>BSCRO474-24_r_1_s_50_BSCRO474-24_fcleaner_merge,1872039,YP_009680079.1,family:Dysderidae,null,732,null,null,0.0,212.0,69.66,62.0,0,554,59,0,6,91.57
BSCRO425-24_r_1_s_50_BSCRO425-24_fcleaner_merge,BSCRO425-24,r_1_s_50_fcleaner_merge,>BSCRO425-24_r_1_s_50_BSCRO425-24_fcleaner_merge,1419516,PRD22827.1,superfamily:Araneoidea,null,599,null,null,0.0,100.0,45.09,49.0,0,111,31,0,6,92.61
BSCRO472-24_r_1.3_s_100_BSCRO472-24_fcleaner_merge,BSCRO472-24,r_1.3_s_100_fcleaner_merge,>BSCRO472-24_r_1.3_s_100_BSCRO472-24_fcleaner_merge,3139660,XCA36587.1,family:Linyphiidae,null,355,null,null,0.0,53.0,31.27,29.0,0,17,4,0,0,99.41
BSCRO450-24_r_1.3_s_100_BSCRO450-24_fcleaner_merge,BSCRO450-24,r_1.3_s_100_fcleaner_merge,>BSCRO450-24_r_1.3_s_100_BSCRO450-24_fcleaner_merge,2721269,YP_009680079.1,family:Dysderidae,null,156,null,null,0.0,63.0,16.08,14.0,0,16,5,0,3,80.2
BSCRO408-24_r_1.5_s_50_BSCRO408-24_fcleaner_merge,BSCRO408-24,r_1.5_s_50_fcleaner_merge,>BSCRO408-24_r_1.5_s_50_BSCRO408-24_fcleaner_merge,3228881,XCA36587.1,family:Linyphiidae,null,544,null,null,0.0,71.0,43.03,43.0,0,42,11,0,0,99.8
BSCRO438-24_r_1.5_s_50_BSCRO438-24_fcleaner_merge,BSCRO438-24,r_1.5_s_50_fcleaner_merge,>BSCRO438-24_r_1.5_s_50_BSCRO438-24_fcleaner_merge,2721255,YP_009680079.1,family:Dysderidae,null,85,null,null,0.0,36.0,5.41,0.0,0,20,0,0,0,39.02
BSCRO466-24_r_1.3_s_50_BSCRO466-24_fcleaner_merge,BSCRO466-24,r_1.3_s_50_fcleaner_merge,>BSCRO466-24_r_1.3_s_50_BSCRO466-24_fcleaner_merge,2721252,YP_009680079.1,family:Dysderidae,null,273,null,null,1.0,32.0,16.13,16.0,0,90,13,0,0,100.0
BSCRO396-24_r_1_s_50_BSCRO396-24_fcleaner_merge,BSCRO396-24,r_1_s_50_fcleaner_merge,>BSCRO396-24_r_1_s_50_BSCRO396-24_fcleaner_merge,2747120,QNV12043.1,subfamily:Linyphiinae,null,508,null,null,0.0,72.0,35.45,36.0,0,165,22,0,0,99.8
BSCRO473-24_r_1_s_50_BSCRO473-24_fcleaner_merge,BSCRO473-24,r_1_s_50_fcleaner_merge,>BSCRO473-24_r_1_s_50_BSCRO473-24_fcleaner_merge,3139653,YP_009349339.1,family:Agelenidae,null,1096,null,null,0.0,192.0,96.24,98.0,0,285,76,0,0,91.21
BSCRO429-24_r_1_s_100_BSCRO429-24_fcleaner,BSCRO429-24,r_1_s_100_fcleaner_merge,null,3139653,YP_009349339.1,family:Agelenidae,null,0,null,null,0.0,0.0,0.0,0.0,0,0,0,0,0,0.0
BSCRO386-24_r_1.3_s_100_BSCRO386-24_fcleaner_merge,BSCRO386-24,r_1.3_s_100_fcleaner_merge,>BSCRO386-24_r_1.3_s_100_BSCRO386-24_fcleaner_merge,2747120,QNV12043.1,subfamily:Linyphiinae,null,605,null,null,0.0,96.0,59.98,59.0,0,35,7,0,0,99.8
BSCRO475-24_r_1_s_100_BSCRO475-24_fcleaner_merge,BSCRO475-24,r_1_s_100_fcleaner_merge,>BSCRO475-24_r_1_s_100_BSCRO475-24_fcleaner_merge,2970455,YP_009349339.1,family:Agelenidae,null,1243,null,null,0.0,297.0,122.73,125.0,0,107,85,0,3,90.04
BSCRO383-24_r_1_s_100_BSCRO383-24_fcleaner_merge,BSCRO383-24,r_1_s_100_fcleaner_merge,>BSCRO383-24_r_1_s_100_BSCRO383-24_fcleaner_merge,2721269,YP_009680079.1,family:Dysderidae,null,145,null,null,3.0,31.0,12.5,11.0,0,41,3,0,0,100.0
BSCRO451-24_r_1.5_s_100_BSCRO451-24_fcleaner_merge,BSCRO451-24,r_1.5_s_100_fcleaner_merge,>BSCRO451-24_r_1.5_s_100_BSCRO451-24_fcleaner_merge,3228881,XCA36587.1,family:Linyphiidae,null,1024,null,null,0.0,151.0,100.32,106.0,0,23,28,0,0,99.8
BSCRO406-24_r_1_s_100_BSCRO406-24_fcleaner_merge,BSCRO406-24,r_1_s_100_fcleaner_merge,>BSCRO406-24_r_1_s_100_BSCRO406-24_fcleaner_merge,2716446,WWQ79001.1,superfamily:Leptonetoidea,null,378,null,null,0.0,107.0,44.13,46.0,0,282,39,0,6,86.07
BSCRO417-24_r_1_s_100_BSCRO417-24_fcleaner_merge,BSCRO417-24,r_1_s_100_fcleaner_merge,>BSCRO417-24_r_1_s_100_BSCRO417-24_fcleaner_merge,1419516,PRD22827.1,superfamily:Araneoidea,null,398,null,null,0.0,81.0,37.1,42.0,0,24,8,0,7,87.43
BSCRO455-24_r_1.5_s_100_BSCRO455-24_fcleaner_merge,BSCRO455-24,r_1.5_s_100_fcleaner_merge,>BSCRO455-24_r_1.5_s_100_BSCRO455-24_fcleaner_merge,2747120,QNV12043.1,subfamily:Linyphiinae,null,296,null,null,0.0,45.0,26.01,27.0,0,14,2,0,0,99.8
BSCRO456-24_r_1.3_s_50_BSCRO456-24_fcleaner_merge,BSCRO456-24,r_1.3_s_50_fcleaner_merge,>BSCRO456-24_r_1.3_s_50_BSCRO456-24_fcleaner_merge,3139660,XCA36587.1,family:Linyphiidae,null,953,null,null,0.0,98.0,69.77,70.0,0,147,12,0,0,99.41
BSCRO466-24_r_1_s_100_BSCRO466-24_fcleaner_merge,BSCRO466-24,r_1_s_100_fcleaner_merge,>BSCRO466-24_r_1_s_100_BSCRO466-24_fcleaner_merge,2721252,YP_009680079.1,family:Dysderidae,null,197,null,null,0.0,26.0,14.74,15.0,0,21,4,0,0,99.8
BSCRO467-24_r_1.5_s_100_BSCRO467-24_fcleaner_merge,BSCRO467-24,r_1.5_s_100_fcleaner_merge,>BSCRO467-24_r_1.5_s_100_BSCRO467-24_fcleaner_merge,3139668,YP_009349339.1,family:Agelenidae,null,619,null,null,0.0,103.0,52.05,57.0,0,70,17,0,0,92.38
BSCRO432-24_r_1.5_s_50_BSCRO432-24_fcleaner_merge,BSCRO432-24,r_1.5_s_50_fcleaner_merge,>BSCRO432-24_r_1.5_s_50_BSCRO432-24_fcleaner_merge,3139650,YP_009349339.1,family:Agelenidae,null,66,null,null,0.0,11.0,3.7,3.0,0,7,2,0,0,90.43
BSCRO397-24_r_1.5_s_100_BSCRO397-24_fcleaner_merge,BSCRO397-24,r_1.5_s_100_fcleaner_merge,>BSCRO397-24_r_1.5_s_100_BSCRO397-24_fcleaner_merge,3139669,YP_009349339.1,family:Agelenidae,null,166,null,null,0.0,81.0,12.29,0.0,0,59,0,0,0,30.86
BSCRO432-24_r_1_s_100_BSCRO432-24_fcleaner_merge,BSCRO432-24,r_1_s_100_fcleaner_merge,>BSCRO432-24_r_1_s_100_BSCRO432-24_fcleaner_merge,3139650,YP_009349339.1,family:Agelenidae,null,58,null,null,0.0,11.0,3.76,3.0,0,1,2,0,0,98.63
BSCRO400-24_r_1_s_50_BSCRO400-24_fcleaner_merge,BSCRO400-24,r_1_s_50_fcleaner_merge,>BSCRO400-24_r_1_s_50_BSCRO400-24_fcleaner_merge,2766751,WWQ79001.1,superfamily:Leptonetoidea,null,823,null,null,0.0,152.0,72.66,74.0,0,342,43,0,0,97.49
BSCRO444-24_r_1_s_50_BSCRO444-24,BSCRO444-24,r_1_s_50,>BSCRO444-24_r_1_s_50_BSCRO444-24,1654896,PRD22827.1,superfamily:Araneoidea,,361,null,1623,0.0,54.0,17.07,16.0,null,null,null,null,null,null
BSCRO458-24_r_1.3_s_100_BSCRO458-24,BSCRO458-24,r_1.3_s_100,>BSCRO458-24_r_1.3_s_100_BSCRO458-24,1872039,YP_009680079.1,family:Dysderidae,,1013,null,1530,0.0,169.0,78.37,77.0,null,null,null,null,null,null
BSCRO427-24_r_1_s_50_BSCRO427-24,BSCRO427-24,r_1_s_50,>BSCRO427-24_r_1_s_50_BSCRO427-24,3139652,YP_009349339.1,family:Agelenidae,,1131,null,1536,42.0,147.0,91.48,92.0,null,null,null,null,null,null
BSCRO419-24_r_1.5_s_50_BSCRO419-24,BSCRO419-24,r_1.5_s_50,>BSCRO419-24_r_1.5_s_50_BSCRO419-24,1907062,XCA36587.1,subfamily:Erigoninae,,111,null,1533,0.0,78.0,6.01,0.0,null,null,null,null,null,null
BSCRO412-24_r_1_s_100_BSCRO412-24,BSCRO412-24,r_1_s_100,>BSCRO412-24_r_1_s_100_BSCRO412-24,2721269,YP_009680079.1,family:Dysderidae,,296,null,1530,4.0,44.0,22.9,25.0,null,null,null,null,null,null
BSCRO444-24_r_1.5_s_50_BSCRO444-24,BSCRO444-24,r_1.5_s_50,>BSCRO444-24_r_1.5_s_50_BSCRO444-24,1654896,PRD22827.1,superfamily:Araneoidea,,92,null,1623,0.0,40.0,4.76,2.0,null,null,null,null,null,null
BSCRO384-24_r_1_s_100_BSCRO384-24,BSCRO384-24,r_1_s_100,>BSCRO384-24_r_1_s_100_BSCRO384-24,2721269,YP_009680079.1,family:Dysderidae,,2505,null,1530,66.0,397.0,214.22,201.0,null,null,null,null,null,null
BSCRO382-24_r_1.5_s_50_BSCRO382-24,BSCRO382-24,r_1.5_s_50,>BSCRO382-24_r_1.5_s_50_BSCRO382-24,2721269,YP_009680079.1,family:Dysderidae,,1368,null,1530,0.0,267.0,91.11,92.0,null,null,null,null,null,null
BSCRO464-24_r_1.3_s_50_BSCRO464-24,BSCRO464-24,r_1.3_s_50,>BSCRO464-24_r_1.3_s_50_BSCRO464-24,1926205,XCA36587.1,family:Linyphiidae,,997,null,1533,2.0,95.0,52.12,53.0,null,null,null,null,null,null
BSCRO450-24_r_1_s_50_BSCRO450-24,BSCRO450-24,r_1_s_50,>BSCRO450-24_r_1_s_50_BSCRO450-24,2721269,YP_009680079.1,family:Dysderidae,,980,null,1530,0.0,140.0,63.29,65.0,null,null,null,null,null,null
BSCRO431-24_r_1.5_s_100_BSCRO431-24,BSCRO431-24,r_1.5_s_100,>BSCRO431-24_r_1.5_s_100_BSCRO431-24,1419516,PRD22827.1,superfamily:Araneoidea,,970,null,1623,0.0,449.0,65.09,6.0,null,null,null,null,null,null
BSCRO425-24_r_1.5_s_100_BSCRO425-24,BSCRO425-24,r_1.5_s_100,>BSCRO425-24_r_1.5_s_100_BSCRO425-24,1419516,PRD22827.1,superfamily:Araneoidea,,289,null,1623,0.0,131.0,20.79,8.0,null,null,null,null,null,null
BSCRO466-24_r_1.3_s_100_BSCRO466-24,BSCRO466-24,r_1.3_s_100,>BSCRO466-24_r_1.3_s_100_BSCRO466-24,2721252,YP_009680079.1,family:Dysderidae,,363,null,1530,0.0,50.0,25.77,26.0,null,null,null,null,null,null
BSCRO438-24_r_1.5_s_50_BSCRO438-24,BSCRO438-24,r_1.5_s_50,>BSCRO438-24_r_1.5_s_50_BSCRO438-24,2721255,YP_009680079.1,family:Dysderidae,,192,null,1530,0.0,83.0,13.01,2.0,null,null,null,null,null,null
BSCRO445-24_r_1.5_s_100_BSCRO445-24,BSCRO445-24,r_1.5_s_100,>BSCRO445-24_r_1.5_s_100_BSCRO445-24,1959301,PRD22827.1,superfamily:Araneoidea,,86,null,1623,0.0,37.0,4.31,0.0,null,null,null,null,null,null
BSCRO422-24_r_1.3_s_50_BSCRO422-24,BSCRO422-24,r_1.3_s_50,>BSCRO422-24_r_1.3_s_50_BSCRO422-24,1959304,PRD22827.1,superfamily:Araneoidea,,1062,null,1623,0.0,192.0,69.88,54.0,null,null,null,null,null,null
BSCRO395-24_r_1_s_100_BSCRO395-24,BSCRO395-24,r_1_s_100,>BSCRO395-24_r_1_s_100_BSCRO395-24,2892423,PRD22827.1,superfamily:Araneoidea,,631,null,1623,0.0,96.0,47.53,48.0,null,null,null,null,null,null
BSCRO396-24_r_1.3_s_50_BSCRO396-24,BSCRO396-24,r_1.3_s_50,>BSCRO396-24_r_1.3_s_50_BSCRO396-24,2747120,QNV12043.1,subfamily:Linyphiinae,,993,null,1521,0.0,152.0,64.01,63.0,null,null,null,null,null,null
BSCRO444-24_r_1.5_s_100_BSCRO444-24,BSCRO444-24,r_1.5_s_100,>BSCRO444-24_r_1.5_s_100_BSCRO444-24,1654896,PRD22827.1,superfamily:Araneoidea,,65,null,1623,0.0,32.0,3.99,0.0,null,null,null,null,null,null
BSCRO431-24_r_1_s_100_BSCRO431-24,BSCRO431-24,r_1_s_100,>BSCRO431-24_r_1_s_100_BSCRO431-24,1419516,PRD22827.1,superfamily:Araneoidea,,3435,null,1623,0.0,471.0,253.83,280.0,null,null,null,null,null,null
BSCRO399-24_r_1_s_100_BSCRO399-24,BSCRO399-24,r_1_s_100,>BSCRO399-24_r_1_s_100_BSCRO399-24,3237715,YP_010545517.1,family:Theridiidae,,2417,null,1533,0.0,290.0,195.29,202.0,null,null,null,null,null,null
BSCRO406-24_r_1.5_s_50_BSCRO406-24,BSCRO406-24,r_1.5_s_50,>BSCRO406-24_r_1.5_s_50_BSCRO406-24,2716446,WWQ79001.1,superfamily:Leptonetoidea,,325,null,1551,0.0,81.0,17.92,6.0,null,null,null,null,null,null
BSCRO396-24_r_1.3_s_100_BSCRO396-24,BSCRO396-24,r_1.3_s_100,>BSCRO396-24_r_1.3_s_100_BSCRO396-24,2747120,QNV12043.1,subfamily:Linyphiinae,,783,null,1521,0.0,92.0,58.35,60.0,null,null,null,null,null,null
BSCRO442-24_r_1.3_s_50_BSCRO442-24,BSCRO442-24,r_1.3_s_50,>BSCRO442-24_r_1.3_s_50_BSCRO442-24,2721269,YP_009680079.1,family:Dysderidae,,2203,null,1530,0.0,332.0,131.17,129.0,null,null,null,null,null,null
BSCRO394-24_r_1.3_s_100_BSCRO394-24,BSCRO394-24,r_1.3_s_100,>BSCRO394-24_r_1.3_s_100_BSCRO394-24,3228881,XCA36587.1,family:Linyphiidae,,215,null,1533,0.0,42.0,15.63,14.0,null,null,null,null,null,null
BSCRO448-24_r_1.3_s_100_BSCRO448-24,BSCRO448-24,r_1.3_s_100,>BSCRO448-24_r_1.3_s_100_BSCRO448-24,1926205,XCA36587.1,family:Linyphiidae,,388,null,1533,0.0,47.0,25.67,28.0,null,null,null,null,null,null
BSCRO392-24_r_1_s_100_BSCRO392-24,BSCRO392-24,r_1_s_100,>BSCRO392-24_r_1_s_100_BSCRO392-24,3139650,YP_009349339.1,family:Agelenidae,,1461,null,1536,0.0,294.0,109.38,108.0,null,null,null,null,null,null
BSCRO411-24_r_1.5_s_100_BSCRO411-24,BSCRO411-24,r_1.5_s_100,>BSCRO411-24_r_1.5_s_100_BSCRO411-24,3139650,YP_009349339.1,family:Agelenidae,,1829,null,1536,0.0,281.0,150.73,176.5,null,null,null,null,null,null
BSCRO403-24_r_1.5_s_100_BSCRO403-24,BSCRO403-24,r_1.5_s_100,>BSCRO403-24_r_1.5_s_100_BSCRO403-24,2721256,YP_009680079.1,family:Dysderidae,,494,null,1530,0.0,113.0,32.67,25.0,null,null,null,null,null,null
BSCRO465-24_r_1.5_s_100_BSCRO465-24,BSCRO465-24,r_1.5_s_100,>BSCRO465-24_r_1.5_s_100_BSCRO465-24,1926205,XCA36587.1,family:Linyphiidae,,1705,null,1533,0.0,196.0,130.79,139.0,null,null,null,null,null,null
BSCRO469-24_r_1.5_s_50_BSCRO469-24,BSCRO469-24,r_1.5_s_50,>BSCRO469-24_r_1.5_s_50_BSCRO469-24,3139660,XCA36587.1,family:Linyphiidae,,1006,null,1533,0.0,127.0,49.96,44.0,null,null,null,null,null,null
BSCRO416-24_r_1_s_50_BSCRO416-24,BSCRO416-24,r_1_s_50,>BSCRO416-24_r_1_s_50_BSCRO416-24,2766751,WWQ79001.1,superfamily:Leptonetoidea,,6166,null,1551,0.0,801.0,428.7,432.0,null,null,null,null,null,null
BSCRO446-24_r_1_s_100_BSCRO446-24,BSCRO446-24,r_1_s_100,>BSCRO446-24_r_1_s_100_BSCRO446-24,2734922,XAW19444.1,genus:Cheiracanthium,,172,null,1536,0.0,33.0,11.38,10.0,null,null,null,null,null,null
BSCRO437-24_r_1.5_s_50_BSCRO437-24,BSCRO437-24,r_1.5_s_50,>BSCRO437-24_r_1.5_s_50_BSCRO437-24,1959301,PRD22827.1,superfamily:Araneoidea,,673,null,1623,0.0,266.0,45.6,10.0,null,null,null,null,null,null
BSCRO381-24_r_1_s_100_BSCRO381-24,BSCRO381-24,r_1_s_100,>BSCRO381-24_r_1_s_100_BSCRO381-24,3139648,YP_009680079.1,family:Dysderidae,,0,null,1530,0.0,0.0,0.0,0.0,null,null,null,null,null,null
BSCRO453-24_r_1.5_s_100_BSCRO453-24,BSCRO453-24,r_1.5_s_100,>BSCRO453-24_r_1.5_s_100_BSCRO453-24,1395086,YP_009680079.1,family:Dysderidae,,843,null,1530,0.0,116.0,61.21,67.0,null,null,null,null,null,null
BSCRO403-24_r_1.3_s_50_BSCRO403-24,BSCRO403-24,r_1.3_s_50,>BSCRO403-24_r_1.3_s_50_BSCRO403-24,2721256,YP_009680079.1,family:Dysderidae,,1371,null,1530,0.0,159.0,74.85,74.5,null,null,null,null,null,null
BSCRO419-24_r_1_s_50_BSCRO419-24,BSCRO419-24,r_1_s_50,>BSCRO419-24_r_1_s_50_BSCRO419-24,1907062,XCA36587.1,subfamily:Erigoninae,,595,null,1533,0.0,132.0,28.75,24.0,null,null,null,null,null,null
BSCRO453-24_r_1_s_100_BSCRO453-24,BSCRO453-24,r_1_s_100,>BSCRO453-24_r_1_s_100_BSCRO453-24,1395086,YP_009680079.1,family:Dysderidae,,1170,null,1530,26.0,122.0,85.61,87.0,null,null,null,null,null,null
BSCRO398-24_r_1_s_50_BSCRO398-24,BSCRO398-24,r_1_s_50,>BSCRO398-24_r_1_s_50_BSCRO398-24,2721269,YP_009680079.1,family:Dysderidae,,1268,null,1530,2.0,176.0,75.06,70.5,null,null,null,null,null,null
BSCRO462-24_r_1.5_s_100_BSCRO462-24,BSCRO462-24,r_1.5_s_100,>BSCRO462-24_r_1.5_s_100_BSCRO462-24,3139648,YP_009680079.1,family:Dysderidae,,241,null,1530,0.0,135.0,15.63,0.0,null,null,null,null,null,null
BSCRO417-24_r_1.3_s_50_BSCRO417-24,BSCRO417-24,r_1.3_s_50,>BSCRO417-24_r_1.3_s_50_BSCRO417-24,1419516,PRD22827.1,superfamily:Araneoidea,,719,null,1623,0.0,154.0,45.97,42.0,null,null,null,null,null,null
BSCRO403-24_r_1.3_s_100_BSCRO403-24,BSCRO403-24,r_1.3_s_100,>BSCRO403-24_r_1.3_s_100_BSCRO403-24,2721256,YP_009680079.1,family:Dysderidae,,885,null,1530,0.0,147.0,61.35,60.0,null,null,null,null,null,null
BSCRO456-24_r_1_s_100_BSCRO456-24,BSCRO456-24,r_1_s_100,>BSCRO456-24_r_1_s_100_BSCRO456-24,3139660,XCA36587.1,family:Linyphiidae,,1782,null,1533,0.0,213.0,129.03,124.0,null,null,null,null,null,null
BSCRO402-24_r_1.3_s_50_BSCRO402-24,BSCRO402-24,r_1.3_s_50,>BSCRO402-24_r_1.3_s_50_BSCRO402-24,2721255,YP_009680079.1,family:Dysderidae,,241,null,1530,0.0,74.0,17.16,12.0,null,null,null,null,null,null
BSCRO385-24_r_1.5_s_50_BSCRO385-24,BSCRO385-24,r_1.5_s_50,>BSCRO385-24_r_1.5_s_50_BSCRO385-24,2747120,QNV12043.1,subfamily:Linyphiinae,,1317,null,1521,0.0,235.0,99.38,99.0,null,null,null,null,null,null
BSCRO402-24_r_1.3_s_100_BSCRO402-24,BSCRO402-24,r_1.3_s_100,>BSCRO402-24_r_1.3_s_100_BSCRO402-24,2721255,YP_009680079.1,family:Dysderidae,,192,null,1530,0.0,71.0,15.72,11.0,null,null,null,null,null,null
BSCRO436-24_r_1.3_s_100_BSCRO436-24,BSCRO436-24,r_1.3_s_100,>BSCRO436-24_r_1.3_s_100_BSCRO436-24,3139668,YP_009349339.1,family:Agelenidae,,480,null,1536,2.0,63.0,36.59,39.0,null,null,null,null,null,null
BSCRO468-24_r_1_s_50_BSCRO468-24,BSCRO468-24,r_1_s_50,>BSCRO468-24_r_1_s_50_BSCRO468-24,3139653,YP_009349339.1,family:Agelenidae,,1315,null,1536,31.0,130.0,68.85,68.0,null,null,null,null,null,null
BSCRO441-24_r_1.3_s_100_BSCRO441-24,BSCRO441-24,r_1.3_s_100,>BSCRO441-24_r_1.3_s_100_BSCRO441-24,2747156,XRO44683.1,genus:Zoropsis,,5213,null,1536,0.0,574.0,413.23,417.0,null,null,null,null,null,null
BSCRO426-24_r_1.5_s_50_BSCRO426-24,BSCRO426-24,r_1.5_s_50,>BSCRO426-24_r_1.5_s_50_BSCRO426-24,1419516,PRD22827.1,superfamily:Araneoidea,,1750,null,1623,0.0,748.0,118.6,32.0,null,null,null,null,null,null
BSCRO422-24_r_1_s_50_BSCRO422-24,BSCRO422-24,r_1_s_50,>BSCRO422-24_r_1_s_50_BSCRO422-24,1959304,PRD22827.1,superfamily:Araneoidea,,1805,null,1623,0.0,212.0,115.83,132.0,null,null,null,null,null,null
BSCRO471-24_r_1.5_s_100_BSCRO471-24,BSCRO471-24,r_1.5_s_100,>BSCRO471-24_r_1.5_s_100_BSCRO471-24,2970455,YP_009349339.1,family:Agelenidae,,1019,null,1536,0.0,123.0,74.46,81.0,null,null,null,null,null,null
BSCRO396-24_r_1.5_s_50_BSCRO396-24,BSCRO396-24,r_1.5_s_50,>BSCRO396-24_r_1.5_s_50_BSCRO396-24,2747120,QNV12043.1,subfamily:Linyphiinae,,714,null,1521,0.0,142.0,46.18,44.0,null,null,null,null,null,null
BSCRO397-24_r_1.3_s_100_BSCRO397-24,BSCRO397-24,r_1.3_s_100,>BSCRO397-24_r_1.3_s_100_BSCRO397-24,3139669,YP_009349339.1,family:Agelenidae,,720,null,1536,0.0,250.0,57.56,32.0,null,null,null,null,null,null
BSCRO412-24_r_1.5_s_100_BSCRO412-24,BSCRO412-24,r_1.5_s_100,>BSCRO412-24_r_1.5_s_100_BSCRO412-24,2721269,YP_009680079.1,family:Dysderidae,,201,null,1530,0.0,44.0,15.16,11.5,null,null,null,null,null,null
BSCRO461-24_r_1_s_100_BSCRO461-24,BSCRO461-24,r_1_s_100,>BSCRO461-24_r_1_s_100_BSCRO461-24,2721252,YP_009680079.1,family:Dysderidae,,950,null,1530,0.0,115.0,68.45,68.0,null,null,null,null,null,null
BSCRO475-24_r_1.5_s_50_BSCRO475-24,BSCRO475-24,r_1.5_s_50,>BSCRO475-24_r_1.5_s_50_BSCRO475-24,2970455,YP_009349339.1,family:Agelenidae,,430,null,1536,0.0,219.0,27.93,8.0,null,null,null,null,null,null
BSCRO400-24_r_1_s_100_BSCRO400-24,BSCRO400-24,r_1_s_100,>BSCRO400-24_r_1_s_100_BSCRO400-24,2766751,WWQ79001.1,superfamily:Leptonetoidea,,1336,null,1551,0.0,201.0,112.19,114.0,null,null,null,null,null,null
BSCRO451-24_r_1.3_s_100_BSCRO451-24,BSCRO451-24,r_1.3_s_100,>BSCRO451-24_r_1.3_s_100_BSCRO451-24,3228881,XCA36587.1,family:Linyphiidae,,2803,null,1533,0.0,329.0,233.24,233.0,null,null,null,null,null,null
BSCRO407-24_r_1_s_50_BSCRO407-24,BSCRO407-24,r_1_s_50,>BSCRO407-24_r_1_s_50_BSCRO407-24,2721249,YP_009680079.1,family:Dysderidae,,1340,null,1530,12.0,586.0,51.6,32.0,null,null,null,null,null,null
BSCRO417-24_r_1_s_100_BSCRO417-24,BSCRO417-24,r_1_s_100,>BSCRO417-24_r_1_s_100_BSCRO417-24,1419516,PRD22827.1,superfamily:Araneoidea,,877,null,1623,0.0,131.0,70.48,82.0,null,null,null,null,null,null
BSCRO410-24_r_1_s_100_BSCRO410-24,BSCRO410-24,r_1_s_100,>BSCRO410-24_r_1_s_100_BSCRO410-24,2716446,WWQ79001.1,superfamily:Leptonetoidea,,884,null,1551,0.0,209.0,64.32,59.0,null,null,null,null,null,null
BSCRO459-24_r_1.3_s_50_BSCRO459-24,BSCRO459-24,r_1.3_s_50,>BSCRO459-24_r_1.3_s_50_BSCRO459-24,1872039,YP_009680079.1,family:Dysderidae,,4771,null,1530,2.0,1397.0,245.64,224.5,null,null,null,null,null,null
BSCRO464-24_r_1.3_s_100_BSCRO464-24,BSCRO464-24,r_1.3_s_100,>BSCRO464-24_r_1.3_s_100_BSCRO464-24,1926205,XCA36587.1,family:Linyphiidae,,669,null,1533,0.0,81.0,42.21,44.0,null,null,null,null,null,null
BSCRO407-24_r_1_s_100_BSCRO407-24,BSCRO407-24,r_1_s_100,>BSCRO407-24_r_1_s_100_BSCRO407-24,2721249,YP_009680079.1,family:Dysderidae,,305,null,1530,10.0,38.0,23.45,24.0,null,null,null,null,null,null
BSCRO417-24_r_1.5_s_100_BSCRO417-24,BSCRO417-24,r_1.5_s_100,>BSCRO417-24_r_1.5_s_100_BSCRO417-24,1419516,PRD22827.1,superfamily:Araneoidea,,200,null,1623,0.0,112.0,15.48,5.0,null,null,null,null,null,null
BSCRO391-24_r_1.5_s_100_BSCRO391-24,BSCRO391-24,r_1.5_s_100,>BSCRO391-24_r_1.5_s_100_BSCRO391-24,3139650,YP_009349339.1,family:Agelenidae,,280,null,1536,0.0,120.0,23.69,13.0,null,null,null,null,null,null
BSCRO445-24_r_1_s_50_BSCRO445-24,BSCRO445-24,r_1_s_50,>BSCRO445-24_r_1_s_50_BSCRO445-24,1959301,PRD22827.1,superfamily:Araneoidea,,454,null,1623,0.0,70.0,18.96,14.0,null,null,null,null,null,null
BSCRO462-24_r_1_s_50_BSCRO462-24,BSCRO462-24,r_1_s_50,>BSCRO462-24_r_1_s_50_BSCRO462-24,3139648,YP_009680079.1,family:Dysderidae,,1237,null,1530,0.0,170.0,78.44,82.5,null,null,null,null,null,null
BSCRO413-24_r_1.5_s_100_BSCRO413-24,BSCRO413-24,r_1.5_s_100,>BSCRO413-24_r_1.5_s_100_BSCRO413-24,3139648,YP_009680079.1,family:Dysderidae,,73,null,1530,0.0,57.0,6.39,0.0,null,null,null,null,null,null
BSCRO446-24_r_1_s_50_BSCRO446-24,BSCRO446-24,r_1_s_50,>BSCRO446-24_r_1_s_50_BSCRO446-24,2734922,XAW19444.1,genus:Cheiracanthium,,369,null,1536,0.0,54.0,17.34,14.0,null,null,null,null,null,null
BSCRO430-24_r_1.3_s_100_BSCRO430-24,BSCRO430-24,r_1.3_s_100,>BSCRO430-24_r_1.3_s_100_BSCRO430-24,3139653,YP_009349339.1,family:Agelenidae,,271,null,1536,0.0,37.0,19.55,19.0,null,null,null,null,null,null
BSCRO395-24_r_1.5_s_50_BSCRO395-24,BSCRO395-24,r_1.5_s_50,>BSCRO395-24_r_1.5_s_50_BSCRO395-24,2892423,PRD22827.1,superfamily:Araneoidea,,270,null,1623,0.0,80.0,13.93,6.0,null,null,null,null,null,null
BSCRO425-24_r_1_s_100_BSCRO425-24,BSCRO425-24,r_1_s_100,>BSCRO425-24_r_1_s_100_BSCRO425-24,1419516,PRD22827.1,superfamily:Araneoidea,,974,null,1623,0.0,137.0,75.37,89.0,null,null,null,null,null,null
BSCRO441-24_r_1.5_s_100_BSCRO441-24,BSCRO441-24,r_1.5_s_100,>BSCRO441-24_r_1.5_s_100_BSCRO441-24,2747156,XRO44683.1,genus:Zoropsis,,4637,null,1536,0.0,512.0,364.72,367.5,null,null,null,null,null,null
BSCRO441-24_r_1.3_s_50_BSCRO441-24,BSCRO441-24,r_1.3_s_50,>BSCRO441-24_r_1.3_s_50_BSCRO441-24,2747156,XRO44683.1,genus:Zoropsis,,5734,null,1536,0.0,596.0,427.77,433.0,null,null,null,null,null,null
BSCRO461-24_r_1_s_50_BSCRO461-24,BSCRO461-24,r_1_s_50,>BSCRO461-24_r_1_s_50_BSCRO461-24,2721252,YP_009680079.1,family:Dysderidae,,1450,null,1530,6.0,137.0,83.94,82.0,null,null,null,null,null,null
BSCRO384-24_r_1.5_s_50_BSCRO384-24,BSCRO384-24,r_1.5_s_50,>BSCRO384-24_r_1.5_s_50_BSCRO384-24,2721269,YP_009680079.1,family:Dysderidae,,1756,null,1530,0.0,454.0,133.14,133.5,null,null,null,null,null,null
BSCRO437-24_r_1.5_s_100_BSCRO437-24,BSCRO437-24,r_1.5_s_100,>BSCRO437-24_r_1.5_s_100_BSCRO437-24,1959301,PRD22827.1,superfamily:Araneoidea,,610,null,1623,0.0,258.0,44.1,8.0,null,null,null,null,null,null
BSCRO460-24_r_1_s_50_BSCRO460-24,BSCRO460-24,r_1_s_50,>BSCRO460-24_r_1_s_50_BSCRO460-24,2689247,XCA36587.1,family:Linyphiidae,,2500,null,1533,11.0,232.0,183.75,185.0,null,null,null,null,null,null
BSCRO410-24_r_1.3_s_100_BSCRO410-24,BSCRO410-24,r_1.3_s_100,>BSCRO410-24_r_1.3_s_100_BSCRO410-24,2716446,WWQ79001.1,superfamily:Leptonetoidea,,436,null,1551,0.0,140.0,29.81,19.0,null,null,null,null,null,null
BSCRO415-24_r_1.5_s_100_BSCRO415-24,BSCRO415-24,r_1.5_s_100,>BSCRO415-24_r_1.5_s_100_BSCRO415-24,2747120,QNV12043.1,subfamily:Linyphiinae,,1077,null,1521,0.0,198.0,68.19,61.0,null,null,null,null,null,null
BSCRO408-24_r_1.5_s_100_BSCRO408-24,BSCRO408-24,r_1.5_s_100,>BSCRO408-24_r_1.5_s_100_BSCRO408-24,3228881,XCA36587.1,family:Linyphiidae,,945,null,1533,0.0,124.0,72.12,75.0,null,null,null,null,null,null
BSCRO381-24_r_1.5_s_50_BSCRO381-24,BSCRO381-24,r_1.5_s_50,>BSCRO381-24_r_1.5_s_50_BSCRO381-24,3139648,YP_009680079.1,family:Dysderidae,,0,null,1530,0.0,0.0,0.0,0.0,null,null,null,null,null,null
BSCRO468-24_r_1.3_s_100_BSCRO468-24,BSCRO468-24,r_1.3_s_100,>BSCRO468-24_r_1.3_s_100_BSCRO468-24,3139653,YP_009349339.1,family:Agelenidae,,708,null,1536,17.0,78.0,50.16,51.5,null,null,null,null,null,null
BSCRO444-24_r_1.3_s_100_BSCRO444-24,BSCRO444-24,r_1.3_s_100,>BSCRO444-24_r_1.3_s_100_BSCRO444-24,1654896,PRD22827.1,superfamily:Araneoidea,,112,null,1623,0.0,32.0,7.13,4.0,null,null,null,null,null,null
BSCRO472-24_r_1.5_s_100_BSCRO472-24,BSCRO472-24,r_1.5_s_100,>BSCRO472-24_r_1.5_s_100_BSCRO472-24,3139660,XCA36587.1,family:Linyphiidae,,673,null,1533,0.0,87.0,53.09,56.0,null,null,null,null,null,null
BSCRO410-24_r_1.3_s_50_BSCRO410-24,BSCRO410-24,r_1.3_s_50,>BSCRO410-24_r_1.3_s_50_BSCRO410-24,2716446,WWQ79001.1,superfamily:Leptonetoidea,,599,null,1551,0.0,148.0,35.59,29.0,null,null,null,null,null,null
BSCRO473-24_r_1_s_50_BSCRO473-24,BSCRO473-24,r_1_s_50,>BSCRO473-24_r_1_s_50_BSCRO473-24,3139653,YP_009349339.1,family:Agelenidae,,1997,null,1536,0.0,318.0,140.15,144.0,null,null,null,null,null,null
BSCRO400-24_r_1_s_50_BSCRO400-24,BSCRO400-24,r_1_s_50,>BSCRO400-24_r_1_s_50_BSCRO400-24,2766751,WWQ79001.1,superfamily:Leptonetoidea,,1800,null,1551,0.0,225.0,127.45,127.0,null,null,null,null,null,null
BSCRO441-24_r_1_s_50_BSCRO441-24,BSCRO441-24,r_1_s_50,>BSCRO441-24_r_1_s_50_BSCRO441-24,2747156,XRO44683.1,genus:Zoropsis,,6332,null,1536,0.0,658.0,455.28,452.0,null,null,null,null,null,null
BSCRO433-24_r_1_s_50_BSCRO433-24,BSCRO433-24,r_1_s_50,>BSCRO433-24_r_1_s_50_BSCRO433-24,2716446,WWQ79001.1,superfamily:Leptonetoidea,,620,null,1551,0.0,66.0,30.56,29.0,null,null,null,null,null,null
BSCRO404-24_r_1_s_100_BSCRO404-24,BSCRO404-24,r_1_s_100,>BSCRO404-24_r_1_s_100_BSCRO404-24,2721249,YP_009680079.1,family:Dysderidae,,731,null,1530,2.0,106.0,51.16,48.0,null,null,null,null,null,null
BSCRO394-24_r_1_s_100_BSCRO394-24,BSCRO394-24,r_1_s_100,>BSCRO394-24_r_1_s_100_BSCRO394-24,3228881,XCA36587.1,family:Linyphiidae,,363,null,1533,0.0,59.0,28.9,30.0,null,null,null,null,null,null
BSCRO390-24_r_1.5_s_50_BSCRO390-24,BSCRO390-24,r_1.5_s_50,>BSCRO390-24_r_1.5_s_50_BSCRO390-24,2747120,QNV12043.1,subfamily:Linyphiinae,,273,null,1521,0.0,64.0,15.71,10.0,null,null,null,null,null,null
BSCRO456-24_r_1.5_s_50_BSCRO456-24,BSCRO456-24,r_1.5_s_50,>BSCRO456-24_r_1.5_s_50_BSCRO456-24,3139660,XCA36587.1,family:Linyphiidae,,1845,null,1533,0.0,212.0,122.96,125.0,null,null,null,null,null,null
BSCRO474-24_r_1.5_s_50_BSCRO474-24,BSCRO474-24,r_1.5_s_50,>BSCRO474-24_r_1.5_s_50_BSCRO474-24,1872039,YP_009680079.1,family:Dysderidae,,478,null,1530,0.0,142.0,26.11,15.0,null,null,null,null,null,null
BSCRO418-24_r_1_s_100_BSCRO418-24,BSCRO418-24,r_1_s_100,>BSCRO418-24_r_1_s_100_BSCRO418-24,1109451,QNV12118.1,genus:Amaurobius,,1476,null,1536,0.0,288.0,115.49,107.0,null,null,null,null,null,null
BSCRO386-24_r_1_s_50_BSCRO386-24,BSCRO386-24,r_1_s_50,>BSCRO386-24_r_1_s_50_BSCRO386-24,2747120,QNV12043.1,subfamily:Linyphiinae,,2611,null,1521,0.0,879.0,147.34,134.0,null,null,null,null,null,null
BSCRO448-24_r_1_s_50_BSCRO448-24,BSCRO448-24,r_1_s_50,>BSCRO448-24_r_1_s_50_BSCRO448-24,1926205,XCA36587.1,family:Linyphiidae,,680,null,1533,0.0,72.0,35.08,35.0,null,null,null,null,null,null
BSCRO461-24_r_1.5_s_50_BSCRO461-24,BSCRO461-24,r_1.5_s_50,>BSCRO461-24_r_1.5_s_50_BSCRO461-24,2721252,YP_009680079.1,family:Dysderidae,,649,null,1530,0.0,115.0,40.53,36.0,null,null,null,null,null,null
BSCRO386-24_r_1.5_s_100_BSCRO386-24,BSCRO386-24,r_1.5_s_100,>BSCRO386-24_r_1.5_s_100_BSCRO386-24,2747120,QNV12043.1,subfamily:Linyphiinae,,941,null,1521,0.0,152.0,77.83,73.0,null,null,null,null,null,null
BSCRO463-24_r_1.3_s_100_BSCRO463-24,BSCRO463-24,r_1.3_s_100,>BSCRO463-24_r_1.3_s_100_BSCRO463-24,2721269,YP_009680079.1,family:Dysderidae,,585,null,1530,0.0,193.0,45.36,32.0,null,null,null,null,null,null
BSCRO402-24_r_1.5_s_100_BSCRO402-24,BSCRO402-24,r_1.5_s_100,>BSCRO402-24_r_1.5_s_100_BSCRO402-24,2721255,YP_009680079.1,family:Dysderidae,,99,null,1530,0.0,62.0,8.06,0.0,null,null,null,null,null,null
BSCRO384-24_r_1.5_s_100_BSCRO384-24,BSCRO384-24,r_1.5_s_100,>BSCRO384-24_r_1.5_s_100_BSCRO384-24,2721269,YP_009680079.1,family:Dysderidae,,1499,null,1530,0.0,328.0,126.47,132.5,null,null,null,null,null,null
BSCRO418-24_r_1.5_s_100_BSCRO418-24,BSCRO418-24,r_1.5_s_100,>BSCRO418-24_r_1.5_s_100_BSCRO418-24,1109451,QNV12118.1,genus:Amaurobius,,638,null,1536,0.0,221.0,47.77,32.0,null,null,null,null,null,null
BSCRO385-24_r_1.3_s_50_BSCRO385-24,BSCRO385-24,r_1.3_s_50,>BSCRO385-24_r_1.3_s_50_BSCRO385-24,2747120,QNV12043.1,subfamily:Linyphiinae,,1686,null,1521,0.0,255.0,126.64,124.0,null,null,null,null,null,null
BSCRO410-24_r_1.5_s_50_BSCRO410-24,BSCRO410-24,r_1.5_s_50,>BSCRO410-24_r_1.5_s_50_BSCRO410-24,2716446,WWQ79001.1,superfamily:Leptonetoidea,,288,null,1551,0.0,140.0,16.17,6.0,null,null,null,null,null,null
BSCRO418-24_r_1.5_s_50_BSCRO418-24,BSCRO418-24,r_1.5_s_50,>BSCRO418-24_r_1.5_s_50_BSCRO418-24,1109451,QNV12118.1,genus:Amaurobius,,796,null,1536,0.0,230.0,52.06,36.0,null,null,null,null,null,null
BSCRO450-24_r_1.3_s_100_BSCRO450-24,BSCRO450-24,r_1.3_s_100,>BSCRO450-24_r_1.3_s_100_BSCRO450-24,2721269,YP_009680079.1,family:Dysderidae,,241,null,1530,0.0,69.0,20.13,17.0,null,null,null,null,null,null
BSCRO427-24_r_1.5_s_50_BSCRO427-24,BSCRO427-24,r_1.5_s_50,>BSCRO427-24_r_1.5_s_50_BSCRO427-24,3139652,YP_009349339.1,family:Agelenidae,,852,null,1536,2.0,133.0,70.84,72.5,null,null,null,null,null,null
BSCRO394-24_r_1.3_s_50_BSCRO394-24,BSCRO394-24,r_1.3_s_50,>BSCRO394-24_r_1.3_s_50_BSCRO394-24,3228881,XCA36587.1,family:Linyphiidae,,341,null,1533,0.0,50.0,19.3,17.0,null,null,null,null,null,null
BSCRO457-24_r_1.3_s_50_BSCRO457-24,BSCRO457-24,r_1.3_s_50,>BSCRO457-24_r_1.3_s_50_BSCRO457-24,2721249,YP_009680079.1,family:Dysderidae,,899,null,1530,0.0,115.0,42.51,38.0,null,null,null,null,null,null
BSCRO453-24_r_1.5_s_50_BSCRO453-24,BSCRO453-24,r_1.5_s_50,>BSCRO453-24_r_1.5_s_50_BSCRO453-24,1395086,YP_009680079.1,family:Dysderidae,,1346,null,1530,0.0,380.0,72.66,73.0,null,null,null,null,null,null
BSCRO388-24_r_1.3_s_50_BSCRO388-24,BSCRO388-24,r_1.3_s_50,>BSCRO388-24_r_1.3_s_50_BSCRO388-24,2721269,YP_009680079.1,family:Dysderidae,,652,null,1530,0.0,180.0,44.15,33.0,null,null,null,null,null,null
BSCRO413-24_r_1.5_s_50_BSCRO413-24,BSCRO413-24,r_1.5_s_50,>BSCRO413-24_r_1.5_s_50_BSCRO413-24,3139648,YP_009680079.1,family:Dysderidae,,120,null,1530,0.0,58.0,7.81,0.0,null,null,null,null,null,null
BSCRO449-24_r_1.5_s_100_BSCRO449-24,BSCRO449-24,r_1.5_s_100,>BSCRO449-24_r_1.5_s_100_BSCRO449-24,2721269,YP_009680079.1,family:Dysderidae,,106,null,1530,0.0,65.0,8.7,0.0,null,null,null,null,null,null
BSCRO388-24_r_1.5_s_50_BSCRO388-24,BSCRO388-24,r_1.5_s_50,>BSCRO388-24_r_1.5_s_50_BSCRO388-24,2721269,YP_009680079.1,family:Dysderidae,,311,null,1530,0.0,134.0,20.89,0.0,null,null,null,null,null,null
BSCRO460-24_r_1_s_100_BSCRO460-24,BSCRO460-24,r_1_s_100,>BSCRO460-24_r_1_s_100_BSCRO460-24,2689247,XCA36587.1,family:Linyphiidae,,2042,null,1533,0.0,226.0,170.65,174.0,null,null,null,null,null,null
BSCRO427-24_r_1.3_s_50_BSCRO427-24,BSCRO427-24,r_1.3_s_50,>BSCRO427-24_r_1.3_s_50_BSCRO427-24,3139652,YP_009349339.1,family:Agelenidae,,991,null,1536,42.0,137.0,82.37,79.0,null,null,null,null,null,null
BSCRO443-24_r_1.3_s_50_BSCRO443-24,BSCRO443-24,r_1.3_s_50,>BSCRO443-24_r_1.3_s_50_BSCRO443-24,1654896,PRD22827.1,superfamily:Araneoidea,,286,null,1623,0.0,51.0,15.13,13.0,null,null,null,null,null,null
BSCRO456-24_r_1.3_s_50_BSCRO456-24,BSCRO456-24,r_1.3_s_50,>BSCRO456-24_r_1.3_s_50_BSCRO456-24,3139660,XCA36587.1,family:Linyphiidae,,2100,null,1533,0.0,236.0,137.72,131.0,null,null,null,null,null,null
BSCRO406-24_r_1.3_s_50_BSCRO406-24,BSCRO406-24,r_1.3_s_50,>BSCRO406-24_r_1.3_s_50_BSCRO406-24,2716446,WWQ79001.1,superfamily:Leptonetoidea,,714,null,1551,0.0,135.0,46.6,37.0,null,null,null,null,null,null
BSCRO415-24_r_1_s_50_BSCRO415-24,BSCRO415-24,r_1_s_50,>BSCRO415-24_r_1_s_50_BSCRO415-24,2747120,QNV12043.1,subfamily:Linyphiinae,,2958,null,1521,0.0,433.0,198.37,187.0,null,null,null,null,null,null
BSCRO420-24_r_1_s_50_BSCRO420-24,BSCRO420-24,r_1_s_50,>BSCRO420-24_r_1_s_50_BSCRO420-24,933043,XCA36587.1,family:Linyphiidae,,9750,null,1533,0.0,1011.0,637.8,677.0,null,null,null,null,null,null
BSCRO435-24_r_1_s_50_BSCRO435-24,BSCRO435-24,r_1_s_50,>BSCRO435-24_r_1_s_50_BSCRO435-24,3139669,YP_009349339.1,family:Agelenidae,,1984,null,1536,0.0,298.0,149.19,161.0,null,null,null,null,null,null
BSCRO426-24_r_1.5_s_100_BSCRO426-24,BSCRO426-24,r_1.5_s_100,>BSCRO426-24_r_1.5_s_100_BSCRO426-24,1419516,PRD22827.1,superfamily:Araneoidea,,1490,null,1623,0.0,732.0,112.24,12.0,null,null,null,null,null,null
BSCRO446-24_r_1.3_s_100_BSCRO446-24,BSCRO446-24,r_1.3_s_100,>BSCRO446-24_r_1.3_s_100_BSCRO446-24,2734922,XAW19444.1,genus:Cheiracanthium,,150,null,1536,0.0,31.0,9.38,8.0,null,null,null,null,null,null
BSCRO401-24_r_1.5_s_100_BSCRO401-24,BSCRO401-24,r_1.5_s_100,>BSCRO401-24_r_1.5_s_100_BSCRO401-24,2721249,YP_009680079.1,family:Dysderidae,,1490,null,1530,0.0,372.0,123.8,105.0,null,null,null,null,null,null
BSCRO398-24_r_1.3_s_50_BSCRO398-24,BSCRO398-24,r_1.3_s_50,>BSCRO398-24_r_1.3_s_50_BSCRO398-24,2721269,YP_009680079.1,family:Dysderidae,,819,null,1530,2.0,112.0,55.84,55.5,null,null,null,null,null,null
BSCRO398-24_r_1.3_s_100_BSCRO398-24,BSCRO398-24,r_1.3_s_100,>BSCRO398-24_r_1.3_s_100_BSCRO398-24,2721269,YP_009680079.1,family:Dysderidae,,627,null,1530,0.0,83.0,50.91,52.0,null,null,null,null,null,null
BSCRO409-24_r_1.3_s_50_BSCRO409-24,BSCRO409-24,r_1.3_s_50,>BSCRO409-24_r_1.3_s_50_BSCRO409-24,3228881,XCA36587.1,family:Linyphiidae,,2654,null,1533,0.0,401.0,194.88,203.0,null,null,null,null,null,null
BSCRO398-24_r_1.5_s_100_BSCRO398-24,BSCRO398-24,r_1.5_s_100,>BSCRO398-24_r_1.5_s_100_BSCRO398-24,2721269,YP_009680079.1,family:Dysderidae,,398,null,1530,0.0,80.0,32.2,30.0,null,null,null,null,null,null
BSCRO431-24_r_1.5_s_50_BSCRO431-24,BSCRO431-24,r_1.5_s_50,>BSCRO431-24_r_1.5_s_50_BSCRO431-24,1419516,PRD22827.1,superfamily:Araneoidea,,1157,null,1623,0.0,465.0,70.48,22.0,null,null,null,null,null,null
BSCRO452-24_r_1_s_50_BSCRO452-24,BSCRO452-24,r_1_s_50,>BSCRO452-24_r_1_s_50_BSCRO452-24,1959301,PRD22827.1,superfamily:Araneoidea,,1342,null,1623,0.0,184.0,84.45,83.0,null,null,null,null,null,null
BSCRO474-24_r_1_s_50_BSCRO474-24,BSCRO474-24,r_1_s_50,>BSCRO474-24_r_1_s_50_BSCRO474-24,1872039,YP_009680079.1,family:Dysderidae,,1693,null,1530,8.0,410.0,106.25,98.0,null,null,null,null,null,null
BSCRO409-24_r_1_s_100_BSCRO409-24,BSCRO409-24,r_1_s_100,>BSCRO409-24_r_1_s_100_BSCRO409-24,3228881,XCA36587.1,family:Linyphiidae,,2653,null,1533,0.0,397.0,213.91,219.0,null,null,null,null,null,null
BSCRO415-24_r_1.3_s_100_BSCRO415-24,BSCRO415-24,r_1.3_s_100,>BSCRO415-24_r_1.3_s_100_BSCRO415-24,2747120,QNV12043.1,subfamily:Linyphiinae,,1620,null,1521,0.0,271.0,110.51,91.0,null,null,null,null,null,null
BSCRO450-24_r_1.5_s_50_BSCRO450-24,BSCRO450-24,r_1.5_s_50,>BSCRO450-24_r_1.5_s_50_BSCRO450-24,2721269,YP_009680079.1,family:Dysderidae,,154,null,1530,0.0,45.0,8.78,4.0,null,null,null,null,null,null
BSCRO425-24_r_1.5_s_50_BSCRO425-24,BSCRO425-24,r_1.5_s_50,>BSCRO425-24_r_1.5_s_50_BSCRO425-24,1419516,PRD22827.1,superfamily:Araneoidea,,367,null,1623,0.0,139.0,22.47,10.0,null,null,null,null,null,null
BSCRO415-24_r_1_s_100_BSCRO415-24,BSCRO415-24,r_1_s_100,>BSCRO415-24_r_1_s_100_BSCRO415-24,2747120,QNV12043.1,subfamily:Linyphiinae,,2380,null,1521,0.0,378.0,179.2,173.0,null,null,null,null,null,null
BSCRO452-24_r_1.5_s_50_BSCRO452-24,BSCRO452-24,r_1.5_s_50,>BSCRO452-24_r_1.5_s_50_BSCRO452-24,1959301,PRD22827.1,superfamily:Araneoidea,,356,null,1623,0.0,127.0,21.8,4.0,null,null,null,null,null,null
BSCRO443-24_r_1.3_s_100_BSCRO443-24,BSCRO443-24,r_1.3_s_100,>BSCRO443-24_r_1.3_s_100_BSCRO443-24,1654896,PRD22827.1,superfamily:Araneoidea,,169,null,1623,0.0,35.0,11.92,10.0,null,null,null,null,null,null
BSCRO466-24_r_1.5_s_100_BSCRO466-24,BSCRO466-24,r_1.5_s_100,>BSCRO466-24_r_1.5_s_100_BSCRO466-24,2721252,YP_009680079.1,family:Dysderidae,,222,null,1530,0.0,50.0,15.76,16.0,null,null,null,null,null,null
BSCRO474-24_r_1_s_100_BSCRO474-24,BSCRO474-24,r_1_s_100,>BSCRO474-24_r_1_s_100_BSCRO474-24,1872039,YP_009680079.1,family:Dysderidae,,1101,null,1530,8.0,192.0,88.09,88.0,null,null,null,null,null,null
BSCRO454-24_r_1.3_s_50_BSCRO454-24,BSCRO454-24,r_1.3_s_50,>BSCRO454-24_r_1.3_s_50_BSCRO454-24,1926205,XCA36587.1,family:Linyphiidae,,568,null,1533,0.0,190.0,41.88,36.0,null,null,null,null,null,null
BSCRO406-24_r_1.3_s_100_BSCRO406-24,BSCRO406-24,r_1.3_s_100,>BSCRO406-24_r_1.3_s_100_BSCRO406-24,2716446,WWQ79001.1,superfamily:Leptonetoidea,,514,null,1551,0.0,127.0,40.66,33.0,null,null,null,null,null,null
BSCRO387-24_r_1.5_s_50_BSCRO387-24,BSCRO387-24,r_1.5_s_50,>BSCRO387-24_r_1.5_s_50_BSCRO387-24,2689247,XCA36587.1,family:Linyphiidae,,419,null,1533,0.0,144.0,21.62,4.0,null,null,null,null,null,null
BSCRO464-24_r_1.5_s_100_BSCRO464-24,BSCRO464-24,r_1.5_s_100,>BSCRO464-24_r_1.5_s_100_BSCRO464-24,1926205,XCA36587.1,family:Linyphiidae,,515,null,1533,0.0,81.0,32.36,33.0,null,null,null,null,null,null
BSCRO461-24_r_1.3_s_100_BSCRO461-24,BSCRO461-24,r_1.3_s_100,>BSCRO461-24_r_1.3_s_100_BSCRO461-24,2721252,YP_009680079.1,family:Dysderidae,,884,null,1530,0.0,112.0,63.41,66.0,null,null,null,null,null,null
BSCRO447-24_r_1.3_s_50_BSCRO447-24,BSCRO447-24,r_1.3_s_50,>BSCRO447-24_r_1.3_s_50_BSCRO447-24,1959301,PRD22827.1,superfamily:Araneoidea,,441,null,1623,0.0,67.0,23.09,20.0,null,null,null,null,null,null
BSCRO418-24_r_1.3_s_50_BSCRO418-24,BSCRO418-24,r_1.3_s_50,>BSCRO418-24_r_1.3_s_50_BSCRO418-24,1109451,QNV12118.1,genus:Amaurobius,,1114,null,1536,0.0,257.0,73.0,50.0,null,null,null,null,null,null
BSCRO471-24_r_1.3_s_50_BSCRO471-24,BSCRO471-24,r_1.3_s_50,>BSCRO471-24_r_1.3_s_50_BSCRO471-24,2970455,YP_009349339.1,family:Agelenidae,,1424,null,1536,0.0,135.0,92.54,96.0,null,null,null,null,null,null
BSCRO392-24_r_1.5_s_50_BSCRO392-24,BSCRO392-24,r_1.5_s_50,>BSCRO392-24_r_1.5_s_50_BSCRO392-24,3139650,YP_009349339.1,family:Agelenidae,,779,null,1536,0.0,295.0,38.95,29.0,null,null,null,null,null,null
BSCRO436-24_r_1.5_s_50_BSCRO436-24,BSCRO436-24,r_1.5_s_50,>BSCRO436-24_r_1.5_s_50_BSCRO436-24,3139668,YP_009349339.1,family:Agelenidae,,463,null,1536,0.0,68.0,30.38,31.0,null,null,null,null,null,null
BSCRO436-24_r_1_s_50_BSCRO436-24,BSCRO436-24,r_1_s_50,>BSCRO436-24_r_1_s_50_BSCRO436-24,3139668,YP_009349339.1,family:Agelenidae,,919,null,1536,7.0,111.0,51.8,52.5,null,null,null,null,null,null
BSCRO459-24_r_1.3_s_100_BSCRO459-24,BSCRO459-24,r_1.3_s_100,>BSCRO459-24_r_1.3_s_100_BSCRO459-24,1872039,YP_009680079.1,family:Dysderidae,,2803,null,1530,0.0,343.0,191.3,198.0,null,null,null,null,null,null
BSCRO461-24_r_1.5_s_100_BSCRO461-24,BSCRO461-24,r_1.5_s_100,>BSCRO461-24_r_1.5_s_100_BSCRO461-24,2721252,YP_009680079.1,family:Dysderidae,,528,null,1530,0.0,111.0,36.95,32.0,null,null,null,null,null,null
BSCRO432-24_r_1.5_s_50_BSCRO432-24,BSCRO432-24,r_1.5_s_50,>BSCRO432-24_r_1.5_s_50_BSCRO432-24,3139650,YP_009349339.1,family:Agelenidae,,139,null,1536,0.0,18.0,6.94,6.0,null,null,null,null,null,null
BSCRO457-24_r_1.5_s_100_BSCRO457-24,BSCRO457-24,r_1.5_s_100,>BSCRO457-24_r_1.5_s_100_BSCRO457-24,2721249,YP_009680079.1,family:Dysderidae,,358,null,1530,0.0,78.0,20.88,18.0,null,null,null,null,null,null
BSCRO475-24_r_1.5_s_100_BSCRO475-24,BSCRO475-24,r_1.5_s_100,>BSCRO475-24_r_1.5_s_100_BSCRO475-24,2970455,YP_009349339.1,family:Agelenidae,,330,null,1536,0.0,216.0,24.82,0.0,null,null,null,null,null,null
BSCRO390-24_r_1.5_s_100_BSCRO390-24,BSCRO390-24,r_1.5_s_100,>BSCRO390-24_r_1.5_s_100_BSCRO390-24,2747120,QNV12043.1,subfamily:Linyphiinae,,200,null,1521,0.0,60.0,13.46,10.0,null,null,null,null,null,null
BSCRO448-24_r_1.3_s_50_BSCRO448-24,BSCRO448-24,r_1.3_s_50,>BSCRO448-24_r_1.3_s_50_BSCRO448-24,1926205,XCA36587.1,family:Linyphiidae,,518,null,1533,0.0,48.0,29.56,31.0,null,null,null,null,null,null
BSCRO472-24_r_1.3_s_100_BSCRO472-24,BSCRO472-24,r_1.3_s_100,>BSCRO472-24_r_1.3_s_100_BSCRO472-24,3139660,XCA36587.1,family:Linyphiidae,,739,null,1533,0.0,96.0,58.25,58.0,null,null,null,null,null,null
BSCRO424-24_r_1_s_100_BSCRO424-24,BSCRO424-24,r_1_s_100,>BSCRO424-24_r_1_s_100_BSCRO424-24,2721269,YP_009680079.1,family:Dysderidae,,410,null,1530,6.0,59.0,32.2,33.0,null,null,null,null,null,null
BSCRO396-24_r_1_s_50_BSCRO396-24,BSCRO396-24,r_1_s_50,>BSCRO396-24_r_1_s_50_BSCRO396-24,2747120,QNV12043.1,subfamily:Linyphiinae,,1311,null,1521,0.0,198.0,82.73,79.0,null,null,null,null,null,null
BSCRO418-24_r_1_s_50_BSCRO418-24,BSCRO418-24,r_1_s_50,>BSCRO418-24_r_1_s_50_BSCRO418-24,1109451,QNV12118.1,genus:Amaurobius,,2006,null,1536,0.0,311.0,133.51,125.0,null,null,null,null,null,null
BSCRO473-24_r_1_s_100_BSCRO473-24,BSCRO473-24,r_1_s_100,>BSCRO473-24_r_1_s_100_BSCRO473-24,3139653,YP_009349339.1,family:Agelenidae,,1458,null,1536,0.0,288.0,120.23,126.5,null,null,null,null,null,null
BSCRO403-24_r_1_s_100_BSCRO403-24,BSCRO403-24,r_1_s_100,>BSCRO403-24_r_1_s_100_BSCRO403-24,2721256,YP_009680079.1,family:Dysderidae,,1064,null,1530,0.0,150.0,74.7,75.5,null,null,null,null,null,null
BSCRO416-24_r_1_s_100_BSCRO416-24,BSCRO416-24,r_1_s_100,>BSCRO416-24_r_1_s_100_BSCRO416-24,2766751,WWQ79001.1,superfamily:Leptonetoidea,,5128,null,1551,0.0,758.0,389.18,400.0,null,null,null,null,null,null
BSCRO412-24_r_1.3_s_50_BSCRO412-24,BSCRO412-24,r_1.3_s_50,>BSCRO412-24_r_1.3_s_50_BSCRO412-24,2721269,YP_009680079.1,family:Dysderidae,,485,null,1530,1.0,161.0,25.47,23.0,null,null,null,null,null,null
BSCRO457-24_r_1.5_s_50_BSCRO457-24,BSCRO457-24,r_1.5_s_50,>BSCRO457-24_r_1.5_s_50_BSCRO457-24,2721249,YP_009680079.1,family:Dysderidae,,593,null,1530,0.0,96.0,27.92,24.0,null,null,null,null,null,null
BSCRO436-24_r_1.3_s_50_BSCRO436-24,BSCRO436-24,r_1.3_s_50,>BSCRO436-24_r_1.3_s_50_BSCRO436-24,3139668,YP_009349339.1,family:Agelenidae,,634,null,1536,7.0,77.0,40.62,42.0,null,null,null,null,null,null
BSCRO472-24_r_1_s_50_BSCRO472-24,BSCRO472-24,r_1_s_50,>BSCRO472-24_r_1_s_50_BSCRO472-24,3139660,XCA36587.1,family:Linyphiidae,,1141,null,1533,12.0,130.0,70.76,68.0,null,null,null,null,null,null
BSCRO451-24_r_1_s_50_BSCRO451-24,BSCRO451-24,r_1_s_50,>BSCRO451-24_r_1_s_50_BSCRO451-24,3228881,XCA36587.1,family:Linyphiidae,,3597,null,1533,0.0,431.0,261.98,257.0,null,null,null,null,null,null
BSCRO407-24_r_1.3_s_100_BSCRO407-24,BSCRO407-24,r_1.3_s_100,>BSCRO407-24_r_1.3_s_100_BSCRO407-24,2721249,YP_009680079.1,family:Dysderidae,,281,null,1530,6.0,35.0,21.26,21.0,null,null,null,null,null,null
BSCRO452-24_r_1.3_s_50_BSCRO452-24,BSCRO452-24,r_1.3_s_50,>BSCRO452-24_r_1.3_s_50_BSCRO452-24,1959301,PRD22827.1,superfamily:Araneoidea,,803,null,1623,0.0,160.0,50.75,39.0,null,null,null,null,null,null
BSCRO406-24_r_1.5_s_100_BSCRO406-24,BSCRO406-24,r_1.5_s_100,>BSCRO406-24_r_1.5_s_100_BSCRO406-24,2716446,WWQ79001.1,superfamily:Leptonetoidea,,201,null,1551,0.0,81.0,14.47,5.0,null,null,null,null,null,null
BSCRO384-24_r_1.3_s_100_BSCRO384-24,BSCRO384-24,r_1.3_s_100,>BSCRO384-24_r_1.3_s_100_BSCRO384-24,2721269,YP_009680079.1,family:Dysderidae,,2094,null,1530,0.0,395.0,179.43,172.0,null,null,null,null,null,null
BSCRO442-24_r_1_s_100_BSCRO442-24,BSCRO442-24,r_1_s_100,>BSCRO442-24_r_1_s_100_BSCRO442-24,2721269,YP_009680079.1,family:Dysderidae,,2162,null,1530,21.0,253.0,157.78,159.0,null,null,null,null,null,null
BSCRO430-24_r_1_s_100_BSCRO430-24,BSCRO430-24,r_1_s_100,>BSCRO430-24_r_1_s_100_BSCRO430-24,3139653,YP_009349339.1,family:Agelenidae,,289,null,1536,0.0,38.0,20.96,21.0,null,null,null,null,null,null
BSCRO433-24_r_1.5_s_100_BSCRO433-24,BSCRO433-24,r_1.5_s_100,>BSCRO433-24_r_1.5_s_100_BSCRO433-24,2716446,WWQ79001.1,superfamily:Leptonetoidea,,162,null,1551,0.0,33.0,10.48,8.0,null,null,null,null,null,null
BSCRO405-24_r_1_s_100_BSCRO405-24,BSCRO405-24,r_1_s_100,>BSCRO405-24_r_1_s_100_BSCRO405-24,2770607,YP_009680079.1,family:Dysderidae,,0,null,1530,0.0,0.0,0.0,0.0,null,null,null,null,null,null
BSCRO439-24_r_1.5_s_100_BSCRO439-24,BSCRO439-24,r_1.5_s_100,>BSCRO439-24_r_1.5_s_100_BSCRO439-24,2970455,YP_009349339.1,family:Agelenidae,,844,null,1536,0.0,161.0,68.37,68.0,null,null,null,null,null,null
BSCRO468-24_r_1.3_s_50_BSCRO468-24,BSCRO468-24,r_1.3_s_50,>BSCRO468-24_r_1.3_s_50_BSCRO468-24,3139653,YP_009349339.1,family:Agelenidae,,1034,null,1536,17.0,122.0,59.2,60.0,null,null,null,null,null,null
BSCRO397-24_r_1.3_s_50_BSCRO397-24,BSCRO397-24,r_1.3_s_50,>BSCRO397-24_r_1.3_s_50_BSCRO397-24,3139669,YP_009349339.1,family:Agelenidae,,910,null,1536,0.0,281.0,63.77,35.0,null,null,null,null,null,null
BSCRO463-24_r_1.5_s_50_BSCRO463-24,BSCRO463-24,r_1.5_s_50,>BSCRO463-24_r_1.5_s_50_BSCRO463-24,2721269,YP_009680079.1,family:Dysderidae,,253,null,1530,0.0,111.0,18.15,0.0,null,null,null,null,null,null
BSCRO459-24_r_1_s_100_BSCRO459-24,BSCRO459-24,r_1_s_100,>BSCRO459-24_r_1_s_100_BSCRO459-24,1872039,YP_009680079.1,family:Dysderidae,,3135,null,1530,81.0,343.0,215.22,212.0,null,null,null,null,null,null
BSCRO417-24_r_1_s_50_BSCRO417-24,BSCRO417-24,r_1_s_50,>BSCRO417-24_r_1_s_50_BSCRO417-24,1419516,PRD22827.1,superfamily:Araneoidea,,1342,null,1623,0.0,184.0,83.84,89.0,null,null,null,null,null,null
BSCRO437-24_r_1_s_50_BSCRO437-24,BSCRO437-24,r_1_s_50,>BSCRO437-24_r_1_s_50_BSCRO437-24,1959301,PRD22827.1,superfamily:Araneoidea,,2875,null,1623,0.0,356.0,195.32,216.0,null,null,null,null,null,null
BSCRO451-24_r_1.3_s_50_BSCRO451-24,BSCRO451-24,r_1.3_s_50,>BSCRO451-24_r_1.3_s_50_BSCRO451-24,3228881,XCA36587.1,family:Linyphiidae,,3169,null,1533,0.0,346.0,243.47,241.0,null,null,null,null,null,null
BSCRO434-24_r_1.3_s_100_BSCRO434-24,BSCRO434-24,r_1.3_s_100,>BSCRO434-24_r_1.3_s_100_BSCRO434-24,2721252,YP_009680079.1,family:Dysderidae,,996,null,1530,7.0,119.0,69.52,69.0,null,null,null,null,null,null
BSCRO450-24_r_1.5_s_100_BSCRO450-24,BSCRO450-24,r_1.5_s_100,>BSCRO450-24_r_1.5_s_100_BSCRO450-24,2721269,YP_009680079.1,family:Dysderidae,,80,null,1530,0.0,44.0,6.93,2.0,null,null,null,null,null,null
BSCRO434-24_r_1_s_50_BSCRO434-24,BSCRO434-24,r_1_s_50,>BSCRO434-24_r_1_s_50_BSCRO434-24,2721252,YP_009680079.1,family:Dysderidae,,1727,null,1530,23.0,199.0,95.09,96.5,null,null,null,null,null,null
BSCRO390-24_r_1.3_s_50_BSCRO390-24,BSCRO390-24,r_1.3_s_50,>BSCRO390-24_r_1.3_s_50_BSCRO390-24,2747120,QNV12043.1,subfamily:Linyphiinae,,421,null,1521,0.0,79.0,24.72,21.0,null,null,null,null,null,null
BSCRO459-24_r_1.5_s_50_BSCRO459-24,BSCRO459-24,r_1.5_s_50,>BSCRO459-24_r_1.5_s_50_BSCRO459-24,1872039,YP_009680079.1,family:Dysderidae,,3084,null,1530,0.0,698.0,166.2,172.0,null,null,null,null,null,null
BSCRO465-24_r_1_s_100_BSCRO465-24,BSCRO465-24,r_1_s_100,>BSCRO465-24_r_1_s_100_BSCRO465-24,1926205,XCA36587.1,family:Linyphiidae,,1940,null,1533,0.0,203.0,148.84,153.0,null,null,null,null,null,null
BSCRO456-24_r_1.3_s_100_BSCRO456-24,BSCRO456-24,r_1.3_s_100,>BSCRO456-24_r_1.3_s_100_BSCRO456-24,3139660,XCA36587.1,family:Linyphiidae,,1759,null,1533,0.0,211.0,127.25,122.0,null,null,null,null,null,null
BSCRO431-24_r_1.3_s_100_BSCRO431-24,BSCRO431-24,r_1.3_s_100,>BSCRO431-24_r_1.3_s_100_BSCRO431-24,1419516,PRD22827.1,superfamily:Araneoidea,,1880,null,1623,0.0,464.0,132.99,105.0,null,null,null,null,null,null
BSCRO439-24_r_1_s_50_BSCRO439-24,BSCRO439-24,r_1_s_50,>BSCRO439-24_r_1_s_50_BSCRO439-24,2970455,YP_009349339.1,family:Agelenidae,,1453,null,1536,0.0,199.0,99.96,95.0,null,null,null,null,null,null
BSCRO407-24_r_1.5_s_100_BSCRO407-24,BSCRO407-24,r_1.5_s_100,>BSCRO407-24_r_1.5_s_100_BSCRO407-24,2721249,YP_009680079.1,family:Dysderidae,,206,null,1530,0.0,35.0,15.6,16.0,null,null,null,null,null,null
BSCRO465-24_r_1_s_50_BSCRO465-24,BSCRO465-24,r_1_s_50,>BSCRO465-24_r_1_s_50_BSCRO465-24,1926205,XCA36587.1,family:Linyphiidae,,2801,null,1533,9.0,301.0,174.6,167.0,null,null,null,null,null,null
BSCRO424-24_r_1.3_s_50_BSCRO424-24,BSCRO424-24,r_1.3_s_50,>BSCRO424-24_r_1.3_s_50_BSCRO424-24,2721269,YP_009680079.1,family:Dysderidae,,636,null,1530,0.0,193.0,35.48,33.0,null,null,null,null,null,null
BSCRO395-24_r_1.3_s_100_BSCRO395-24,BSCRO395-24,r_1.3_s_100,>BSCRO395-24_r_1.3_s_100_BSCRO395-24,2892423,PRD22827.1,superfamily:Araneoidea,,332,null,1623,0.0,78.0,23.57,19.0,null,null,null,null,null,null
BSCRO385-24_r_1_s_100_BSCRO385-24,BSCRO385-24,r_1_s_100,>BSCRO385-24_r_1_s_100_BSCRO385-24,2747120,QNV12043.1,subfamily:Linyphiinae,,1556,null,1521,0.0,196.0,127.26,129.0,null,null,null,null,null,null
BSCRO385-24_r_1.5_s_100_BSCRO385-24,BSCRO385-24,r_1.5_s_100,>BSCRO385-24_r_1.5_s_100_BSCRO385-24,2747120,QNV12043.1,subfamily:Linyphiinae,,1175,null,1521,0.0,193.0,95.55,97.0,null,null,null,null,null,null
BSCRO452-24_r_1.5_s_100_BSCRO452-24,BSCRO452-24,r_1.5_s_100,>BSCRO452-24_r_1.5_s_100_BSCRO452-24,1959301,PRD22827.1,superfamily:Araneoidea,,294,null,1623,0.0,110.0,20.18,2.0,null,null,null,null,null,null
BSCRO424-24_r_1_s_50_BSCRO424-24,BSCRO424-24,r_1_s_50,>BSCRO424-24_r_1_s_50_BSCRO424-24,2721269,YP_009680079.1,family:Dysderidae,,1102,null,1530,7.0,325.0,51.97,43.0,null,null,null,null,null,null
BSCRO414-24_r_1.5_s_100_BSCRO414-24,BSCRO414-24,r_1.5_s_100,>BSCRO414-24_r_1.5_s_100_BSCRO414-24,2721269,YP_009680079.1,family:Dysderidae,,838,null,1530,0.0,185.0,66.24,64.0,null,null,null,null,null,null
BSCRO467-24_r_1.3_s_50_BSCRO467-24,BSCRO467-24,r_1.3_s_50,>BSCRO467-24_r_1.3_s_50_BSCRO467-24,3139668,YP_009349339.1,family:Agelenidae,,2288,null,1536,0.0,237.0,148.93,155.0,null,null,null,null,null,null
BSCRO457-24_r_1_s_100_BSCRO457-24,BSCRO457-24,r_1_s_100,>BSCRO457-24_r_1_s_100_BSCRO457-24,2721249,YP_009680079.1,family:Dysderidae,,535,null,1530,0.0,80.0,32.35,29.0,null,null,null,null,null,null
BSCRO386-24_r_1.3_s_50_BSCRO386-24,BSCRO386-24,r_1.3_s_50,>BSCRO386-24_r_1.3_s_50_BSCRO386-24,2747120,QNV12043.1,subfamily:Linyphiinae,,2197,null,1521,0.0,835.0,118.99,93.0,null,null,null,null,null,null
BSCRO409-24_r_1_s_50_BSCRO409-24,BSCRO409-24,r_1_s_50,>BSCRO409-24_r_1_s_50_BSCRO409-24,3228881,XCA36587.1,family:Linyphiidae,,3464,null,1533,0.0,455.0,240.54,243.0,null,null,null,null,null,null
BSCRO439-24_r_1.3_s_50_BSCRO439-24,BSCRO439-24,r_1.3_s_50,>BSCRO439-24_r_1.3_s_50_BSCRO439-24,2970455,YP_009349339.1,family:Agelenidae,,1136,null,1536,0.0,187.0,83.84,77.0,null,null,null,null,null,null
BSCRO429-24_r_1.3_s_100_BSCRO429-24,BSCRO429-24,r_1.3_s_100,>BSCRO429-24_r_1.3_s_100_BSCRO429-24,3139653,YP_009349339.1,family:Agelenidae,,0,null,1536,0.0,0.0,0.0,0.0,null,null,null,null,null,null
BSCRO387-24_r_1.5_s_100_BSCRO387-24,BSCRO387-24,r_1.5_s_100,>BSCRO387-24_r_1.5_s_100_BSCRO387-24,2689247,XCA36587.1,family:Linyphiidae,,169,null,1533,0.0,79.0,13.95,3.0,null,null,null,null,null,null
BSCRO412-24_r_1_s_50_BSCRO412-24,BSCRO412-24,r_1_s_50,>BSCRO412-24_r_1_s_50_BSCRO412-24,2721269,YP_009680079.1,family:Dysderidae,,991,null,1530,7.0,271.0,42.61,32.0,null,null,null,null,null,null
BSCRO382-24_r_1_s_100_BSCRO382-24,BSCRO382-24,r_1_s_100,>BSCRO382-24_r_1_s_100_BSCRO382-24,2721269,YP_009680079.1,family:Dysderidae,,1754,null,1530,57.0,248.0,139.39,133.5,null,null,null,null,null,null
BSCRO422-24_r_1.5_s_100_BSCRO422-24,BSCRO422-24,r_1.5_s_100,>BSCRO422-24_r_1.5_s_100_BSCRO422-24,1959304,PRD22827.1,superfamily:Araneoidea,,392,null,1623,0.0,159.0,28.05,0.0,null,null,null,null,null,null
BSCRO393-24_r_1.5_s_100_BSCRO393-24,BSCRO393-24,r_1.5_s_100,>BSCRO393-24_r_1.5_s_100_BSCRO393-24,3228881,XCA36587.1,family:Linyphiidae,,184,null,1533,0.0,39.0,12.02,11.0,null,null,null,null,null,null
BSCRO414-24_r_1_s_50_BSCRO414-24,BSCRO414-24,r_1_s_50,>BSCRO414-24_r_1_s_50_BSCRO414-24,2721269,YP_009680079.1,family:Dysderidae,,3178,null,1530,52.0,1255.0,153.44,110.5,null,null,null,null,null,null
BSCRO460-24_r_1.3_s_50_BSCRO460-24,BSCRO460-24,r_1.3_s_50,>BSCRO460-24_r_1.3_s_50_BSCRO460-24,2689247,XCA36587.1,family:Linyphiidae,,2240,null,1533,11.0,230.0,174.09,176.0,null,null,null,null,null,null
BSCRO471-24_r_1.3_s_100_BSCRO471-24,BSCRO471-24,r_1.3_s_100,>BSCRO471-24_r_1.3_s_100_BSCRO471-24,2970455,YP_009349339.1,family:Agelenidae,,1180,null,1536,0.0,124.0,85.86,90.0,null,null,null,null,null,null
BSCRO432-24_r_1.3_s_100_BSCRO432-24,BSCRO432-24,r_1.3_s_100,>BSCRO432-24_r_1.3_s_100_BSCRO432-24,3139650,YP_009349339.1,family:Agelenidae,,106,null,1536,0.0,16.0,6.57,6.0,null,null,null,null,null,null
BSCRO445-24_r_1.5_s_50_BSCRO445-24,BSCRO445-24,r_1.5_s_50,>BSCRO445-24_r_1.5_s_50_BSCRO445-24,1959301,PRD22827.1,superfamily:Araneoidea,,164,null,1623,0.0,53.0,6.54,1.0,null,null,null,null,null,null
BSCRO393-24_r_1.3_s_50_BSCRO393-24,BSCRO393-24,r_1.3_s_50,>BSCRO393-24_r_1.3_s_50_BSCRO393-24,3228881,XCA36587.1,family:Linyphiidae,,395,null,1533,0.0,67.0,19.47,17.0,null,null,null,null,null,null
BSCRO399-24_r_1.3_s_100_BSCRO399-24,BSCRO399-24,r_1.3_s_100,>BSCRO399-24_r_1.3_s_100_BSCRO399-24,3237715,YP_010545517.1,family:Theridiidae,,2312,null,1533,0.0,288.0,186.51,199.0,null,null,null,null,null,null
BSCRO401-24_r_1.5_s_50_BSCRO401-24,BSCRO401-24,r_1.5_s_50,>BSCRO401-24_r_1.5_s_50_BSCRO401-24,2721249,YP_009680079.1,family:Dysderidae,,1715,null,1530,0.0,376.0,129.66,109.0,null,null,null,null,null,null
BSCRO414-24_r_1.3_s_50_BSCRO414-24,BSCRO414-24,r_1.3_s_50,>BSCRO414-24_r_1.3_s_50_BSCRO414-24,2721269,YP_009680079.1,family:Dysderidae,,2103,null,1530,5.0,737.0,113.81,93.5,null,null,null,null,null,null
BSCRO381-24_r_1_s_50_BSCRO381-24,BSCRO381-24,r_1_s_50,>BSCRO381-24_r_1_s_50_BSCRO381-24,3139648,YP_009680079.1,family:Dysderidae,,0,null,1530,0.0,0.0,0.0,0.0,null,null,null,null,null,null
BSCRO451-24_r_1.5_s_100_BSCRO451-24,BSCRO451-24,r_1.5_s_100,>BSCRO451-24_r_1.5_s_100_BSCRO451-24,3228881,XCA36587.1,family:Linyphiidae,,2294,null,1533,0.0,314.0,190.6,206.0,null,null,null,null,null,null
BSCRO447-24_r_1_s_100_BSCRO447-24,BSCRO447-24,r_1_s_100,>BSCRO447-24_r_1_s_100_BSCRO447-24,1959301,PRD22827.1,superfamily:Araneoidea,,404,null,1623,0.0,61.0,27.02,29.0,null,null,null,null,null,null
BSCRO401-24_r_1_s_50_BSCRO401-24,BSCRO401-24,r_1_s_50,>BSCRO401-24_r_1_s_50_BSCRO401-24,2721249,YP_009680079.1,family:Dysderidae,,4364,null,1530,65.0,462.0,309.73,307.5,null,null,null,null,null,null
BSCRO408-24_r_1.3_s_50_BSCRO408-24,BSCRO408-24,r_1.3_s_50,>BSCRO408-24_r_1.3_s_50_BSCRO408-24,3228881,XCA36587.1,family:Linyphiidae,,1519,null,1533,0.0,158.0,103.69,106.0,null,null,null,null,null,null
BSCRO443-24_r_1.5_s_100_BSCRO443-24,BSCRO443-24,r_1.5_s_100,>BSCRO443-24_r_1.5_s_100_BSCRO443-24,1654896,PRD22827.1,superfamily:Araneoidea,,87,null,1623,0.0,34.0,5.73,1.0,null,null,null,null,null,null
BSCRO401-24_r_1.3_s_50_BSCRO401-24,BSCRO401-24,r_1.3_s_50,>BSCRO401-24_r_1.3_s_50_BSCRO401-24,2721249,YP_009680079.1,family:Dysderidae,,3322,null,1530,0.0,409.0,257.63,272.0,null,null,null,null,null,null
BSCRO449-24_r_1_s_100_BSCRO449-24,BSCRO449-24,r_1_s_100,>BSCRO449-24_r_1_s_100_BSCRO449-24,2721269,YP_009680079.1,family:Dysderidae,,837,null,1530,0.0,151.0,69.74,69.0,null,null,null,null,null,null
BSCRO421-24_r_1.3_s_50_BSCRO421-24,BSCRO421-24,r_1.3_s_50,>BSCRO421-24_r_1.3_s_50_BSCRO421-24,1926205,XCA36587.1,family:Linyphiidae,,1137,null,1533,0.0,299.0,78.52,71.0,null,null,null,null,null,null
BSCRO464-24_r_1_s_50_BSCRO464-24,BSCRO464-24,r_1_s_50,>BSCRO464-24_r_1_s_50_BSCRO464-24,1926205,XCA36587.1,family:Linyphiidae,,1188,null,1533,2.0,111.0,59.69,58.0,null,null,null,null,null,null
BSCRO461-24_r_1.3_s_50_BSCRO461-24,BSCRO461-24,r_1.3_s_50,>BSCRO461-24_r_1.3_s_50_BSCRO461-24,2721252,YP_009680079.1,family:Dysderidae,,1156,null,1530,1.0,117.0,71.59,74.0,null,null,null,null,null,null
BSCRO427-24_r_1.5_s_100_BSCRO427-24,BSCRO427-24,r_1.5_s_100,>BSCRO427-24_r_1.5_s_100_BSCRO427-24,3139652,YP_009349339.1,family:Agelenidae,,792,null,1536,2.0,133.0,69.33,71.0,null,null,null,null,null,null
BSCRO433-24_r_1.3_s_50_BSCRO433-24,BSCRO433-24,r_1.3_s_50,>BSCRO433-24_r_1.3_s_50_BSCRO433-24,2716446,WWQ79001.1,superfamily:Leptonetoidea,,404,null,1551,0.0,50.0,21.8,21.0,null,null,null,null,null,null
BSCRO431-24_r_1_s_50_BSCRO431-24,BSCRO431-24,r_1_s_50,>BSCRO431-24_r_1_s_50_BSCRO431-24,1419516,PRD22827.1,superfamily:Araneoidea,,4540,null,1623,0.0,494.0,293.82,342.0,null,null,null,null,null,null
BSCRO447-24_r_1.5_s_100_BSCRO447-24,BSCRO447-24,r_1.5_s_100,>BSCRO447-24_r_1.5_s_100_BSCRO447-24,1959301,PRD22827.1,superfamily:Araneoidea,,125,null,1623,0.0,50.0,7.68,1.0,null,null,null,null,null,null
BSCRO389-24_r_1.3_s_100_BSCRO389-24,BSCRO389-24,r_1.3_s_100,>BSCRO389-24_r_1.3_s_100_BSCRO389-24,2747120,QNV12043.1,subfamily:Linyphiinae,,921,null,1521,0.0,114.0,79.12,80.0,null,null,null,null,null,null
BSCRO389-24_r_1.3_s_50_BSCRO389-24,BSCRO389-24,r_1.3_s_50,>BSCRO389-24_r_1.3_s_50_BSCRO389-24,2747120,QNV12043.1,subfamily:Linyphiinae,,1025,null,1521,0.0,119.0,81.99,81.0,null,null,null,null,null,null
BSCRO424-24_r_1.5_s_50_BSCRO424-24,BSCRO424-24,r_1.5_s_50,>BSCRO424-24_r_1.5_s_50_BSCRO424-24,2721269,YP_009680079.1,family:Dysderidae,,401,null,1530,0.0,107.0,24.13,20.0,null,null,null,null,null,null
BSCRO419-24_r_1.5_s_100_BSCRO419-24,BSCRO419-24,r_1.5_s_100,>BSCRO419-24_r_1.5_s_100_BSCRO419-24,1907062,XCA36587.1,subfamily:Erigoninae,,89,null,1533,0.0,68.0,5.46,0.0,null,null,null,null,null,null
BSCRO397-24_r_1.5_s_50_BSCRO397-24,BSCRO397-24,r_1.5_s_50,>BSCRO397-24_r_1.5_s_50_BSCRO397-24,3139669,YP_009349339.1,family:Agelenidae,,469,null,1536,0.0,225.0,31.38,2.0,null,null,null,null,null,null
BSCRO435-24_r_1_s_100_BSCRO435-24,BSCRO435-24,r_1_s_100,>BSCRO435-24_r_1_s_100_BSCRO435-24,3139669,YP_009349339.1,family:Agelenidae,,1661,null,1536,0.0,270.0,136.5,145.5,null,null,null,null,null,null
BSCRO405-24_r_1_s_50_BSCRO405-24,BSCRO405-24,r_1_s_50,>BSCRO405-24_r_1_s_50_BSCRO405-24,2770607,YP_009680079.1,family:Dysderidae,,0,null,1530,0.0,0.0,0.0,0.0,null,null,null,null,null,null
BSCRO419-24_r_1_s_100_BSCRO419-24,BSCRO419-24,r_1_s_100,>BSCRO419-24_r_1_s_100_BSCRO419-24,1907062,XCA36587.1,subfamily:Erigoninae,,247,null,1533,0.0,89.0,16.43,10.0,null,null,null,null,null,null
BSCRO397-24_r_1.5_s_100_BSCRO397-24,BSCRO397-24,r_1.5_s_100,>BSCRO397-24_r_1.5_s_100_BSCRO397-24,3139669,YP_009349339.1,family:Agelenidae,,346,null,1536,0.0,209.0,27.6,0.0,null,null,null,null,null,null
BSCRO438-24_r_1.3_s_100_BSCRO438-24,BSCRO438-24,r_1.3_s_100,>BSCRO438-24_r_1.3_s_100_BSCRO438-24,2721255,YP_009680079.1,family:Dysderidae,,261,null,1530,0.0,112.0,21.72,14.0,null,null,null,null,null,null
BSCRO391-24_r_1_s_100_BSCRO391-24,BSCRO391-24,r_1_s_100,>BSCRO391-24_r_1_s_100_BSCRO391-24,3139650,YP_009349339.1,family:Agelenidae,,1150,null,1536,0.0,238.0,102.27,94.0,null,null,null,null,null,null
BSCRO428-24_r_1_s_50_BSCRO428-24,BSCRO428-24,r_1_s_50,>BSCRO428-24_r_1_s_50_BSCRO428-24,3139669,YP_009349339.1,family:Agelenidae,,2236,null,1536,0.0,357.0,166.35,166.0,null,null,null,null,null,null
BSCRO429-24_r_1_s_100_BSCRO429-24,BSCRO429-24,r_1_s_100,>BSCRO429-24_r_1_s_100_BSCRO429-24,3139653,YP_009349339.1,family:Agelenidae,,0,null,1536,0.0,0.0,0.0,0.0,null,null,null,null,null,null
BSCRO441-24_r_1.5_s_50_BSCRO441-24,BSCRO441-24,r_1.5_s_50,>BSCRO441-24_r_1.5_s_50_BSCRO441-24,2747156,XRO44683.1,genus:Zoropsis,,5050,null,1536,0.0,531.0,375.92,376.0,null,null,null,null,null,null
BSCRO381-24_r_1.5_s_100_BSCRO381-24,BSCRO381-24,r_1.5_s_100,>BSCRO381-24_r_1.5_s_100_BSCRO381-24,3139648,YP_009680079.1,family:Dysderidae,,0,null,1530,0.0,0.0,0.0,0.0,null,null,null,null,null,null
BSCRO470-24_r_1_s_50_BSCRO470-24,BSCRO470-24,r_1_s_50,>BSCRO470-24_r_1_s_50_BSCRO470-24,2721269,YP_009680079.1,family:Dysderidae,,1166,null,1530,12.0,284.0,55.45,49.0,null,null,null,null,null,null
BSCRO440-24_r_1.3_s_50_BSCRO440-24,BSCRO440-24,r_1.3_s_50,>BSCRO440-24_r_1.3_s_50_BSCRO440-24,1959304,PRD22827.1,superfamily:Araneoidea,,2287,null,1623,0.0,440.0,157.42,133.0,null,null,null,null,null,null
BSCRO423-24_r_1_s_50_BSCRO423-24,BSCRO423-24,r_1_s_50,>BSCRO423-24_r_1_s_50_BSCRO423-24,1959304,PRD22827.1,superfamily:Araneoidea,,1471,null,1623,0.0,179.0,84.02,92.0,null,null,null,null,null,null
BSCRO467-24_r_1_s_100_BSCRO467-24,BSCRO467-24,r_1_s_100,>BSCRO467-24_r_1_s_100_BSCRO467-24,3139668,YP_009349339.1,family:Agelenidae,,1869,null,1536,0.0,211.0,138.65,147.0,null,null,null,null,null,null
BSCRO444-24_r_1.3_s_50_BSCRO444-24,BSCRO444-24,r_1.3_s_50,>BSCRO444-24_r_1.3_s_50_BSCRO444-24,1654896,PRD22827.1,superfamily:Araneoidea,,228,null,1623,0.0,48.0,10.8,8.0,null,null,null,null,null,null
BSCRO454-24_r_1_s_100_BSCRO454-24,BSCRO454-24,r_1_s_100,>BSCRO454-24_r_1_s_100_BSCRO454-24,1926205,XCA36587.1,family:Linyphiidae,,1097,null,1533,0.0,268.0,96.69,96.0,null,null,null,null,null,null
BSCRO447-24_r_1.3_s_100_BSCRO447-24,BSCRO447-24,r_1.3_s_100,>BSCRO447-24_r_1.3_s_100_BSCRO447-24,1959301,PRD22827.1,superfamily:Araneoidea,,291,null,1623,0.0,61.0,18.82,16.0,null,null,null,null,null,null
BSCRO408-24_r_1_s_100_BSCRO408-24,BSCRO408-24,r_1_s_100,>BSCRO408-24_r_1_s_100_BSCRO408-24,3228881,XCA36587.1,family:Linyphiidae,,1343,null,1533,0.0,147.0,103.36,103.0,null,null,null,null,null,null
BSCRO393-24_r_1_s_50_BSCRO393-24,BSCRO393-24,r_1_s_50,>BSCRO393-24_r_1_s_50_BSCRO393-24,3228881,XCA36587.1,family:Linyphiidae,,719,null,1533,0.0,97.0,32.49,29.0,null,null,null,null,null,null
BSCRO464-24_r_1_s_100_BSCRO464-24,BSCRO464-24,r_1_s_100,>BSCRO464-24_r_1_s_100_BSCRO464-24,1926205,XCA36587.1,family:Linyphiidae,,698,null,1533,0.0,81.0,44.23,45.0,null,null,null,null,null,null
BSCRO421-24_r_1.5_s_100_BSCRO421-24,BSCRO421-24,r_1.5_s_100,>BSCRO421-24_r_1.5_s_100_BSCRO421-24,1926205,XCA36587.1,family:Linyphiidae,,351,null,1533,0.0,200.0,26.69,0.0,null,null,null,null,null,null
BSCRO428-24_r_1.5_s_100_BSCRO428-24,BSCRO428-24,r_1.5_s_100,>BSCRO428-24_r_1.5_s_100_BSCRO428-24,3139669,YP_009349339.1,family:Agelenidae,,304,null,1536,0.0,163.0,21.85,3.0,null,null,null,null,null,null
BSCRO462-24_r_1.3_s_50_BSCRO462-24,BSCRO462-24,r_1.3_s_50,>BSCRO462-24_r_1.3_s_50_BSCRO462-24,3139648,YP_009680079.1,family:Dysderidae,,536,null,1530,0.0,165.0,31.42,26.0,null,null,null,null,null,null
BSCRO467-24_r_1_s_50_BSCRO467-24,BSCRO467-24,r_1_s_50,>BSCRO467-24_r_1_s_50_BSCRO467-24,3139668,YP_009349339.1,family:Agelenidae,,2667,null,1536,0.0,277.0,164.09,164.0,null,null,null,null,null,null
BSCRO435-24_r_1.5_s_100_BSCRO435-24,BSCRO435-24,r_1.5_s_100,>BSCRO435-24_r_1.5_s_100_BSCRO435-24,3139669,YP_009349339.1,family:Agelenidae,,397,null,1536,0.0,149.0,29.29,12.5,null,null,null,null,null,null
BSCRO383-24_r_1.3_s_100_BSCRO383-24,BSCRO383-24,r_1.3_s_100,>BSCRO383-24_r_1.3_s_100_BSCRO383-24,2721269,YP_009680079.1,family:Dysderidae,,294,null,1530,0.0,55.0,23.01,20.0,null,null,null,null,null,null
BSCRO426-24_r_1.3_s_50_BSCRO426-24,BSCRO426-24,r_1.3_s_50,>BSCRO426-24_r_1.3_s_50_BSCRO426-24,1419516,PRD22827.1,superfamily:Araneoidea,,4311,null,1623,0.0,801.0,304.32,294.0,null,null,null,null,null,null
BSCRO392-24_r_1_s_50_BSCRO392-24,BSCRO392-24,r_1_s_50,>BSCRO392-24_r_1_s_50_BSCRO392-24,3139650,YP_009349339.1,family:Agelenidae,,2090,null,1536,0.0,459.0,129.41,125.0,null,null,null,null,null,null
BSCRO448-24_r_1.5_s_50_BSCRO448-24,BSCRO448-24,r_1.5_s_50,>BSCRO448-24_r_1.5_s_50_BSCRO448-24,1926205,XCA36587.1,family:Linyphiidae,,462,null,1533,0.0,47.0,26.73,29.0,null,null,null,null,null,null
BSCRO400-24_r_1.3_s_100_BSCRO400-24,BSCRO400-24,r_1.3_s_100,>BSCRO400-24_r_1.3_s_100_BSCRO400-24,2766751,WWQ79001.1,superfamily:Leptonetoidea,,795,null,1551,0.0,150.0,65.12,70.0,null,null,null,null,null,null
BSCRO443-24_r_1_s_50_BSCRO443-24,BSCRO443-24,r_1_s_50,>BSCRO443-24_r_1_s_50_BSCRO443-24,1654896,PRD22827.1,superfamily:Araneoidea,,569,null,1623,0.0,71.0,28.7,31.0,null,null,null,null,null,null
BSCRO415-24_r_1.5_s_50_BSCRO415-24,BSCRO415-24,r_1.5_s_50,>BSCRO415-24_r_1.5_s_50_BSCRO415-24,2747120,QNV12043.1,subfamily:Linyphiinae,,1354,null,1521,0.0,204.0,76.23,68.0,null,null,null,null,null,null
BSCRO409-24_r_1.5_s_100_BSCRO409-24,BSCRO409-24,r_1.5_s_100,>BSCRO409-24_r_1.5_s_100_BSCRO409-24,3228881,XCA36587.1,family:Linyphiidae,,1507,null,1533,0.0,362.0,116.77,113.0,null,null,null,null,null,null
BSCRO387-24_r_1_s_100_BSCRO387-24,BSCRO387-24,r_1_s_100,>BSCRO387-24_r_1_s_100_BSCRO387-24,2689247,XCA36587.1,family:Linyphiidae,,1046,null,1533,0.0,228.0,89.07,85.0,null,null,null,null,null,null
BSCRO412-24_r_1.5_s_50_BSCRO412-24,BSCRO412-24,r_1.5_s_50,>BSCRO412-24_r_1.5_s_50_BSCRO412-24,2721269,YP_009680079.1,family:Dysderidae,,301,null,1530,0.0,91.0,17.22,13.0,null,null,null,null,null,null
BSCRO438-24_r_1.5_s_100_BSCRO438-24,BSCRO438-24,r_1.5_s_100,>BSCRO438-24_r_1.5_s_100_BSCRO438-24,2721255,YP_009680079.1,family:Dysderidae,,146,null,1530,0.0,83.0,11.58,2.0,null,null,null,null,null,null
BSCRO405-24_r_1.3_s_100_BSCRO405-24,BSCRO405-24,r_1.3_s_100,>BSCRO405-24_r_1.3_s_100_BSCRO405-24,2770607,YP_009680079.1,family:Dysderidae,,0,null,1530,0.0,0.0,0.0,0.0,null,null,null,null,null,null
BSCRO442-24_r_1.5_s_50_BSCRO442-24,BSCRO442-24,r_1.5_s_50,>BSCRO442-24_r_1.5_s_50_BSCRO442-24,2721269,YP_009680079.1,family:Dysderidae,,1439,null,1530,0.0,230.0,84.01,73.0,null,null,null,null,null,null
BSCRO423-24_r_1_s_100_BSCRO423-24,BSCRO423-24,r_1_s_100,>BSCRO423-24_r_1_s_100_BSCRO423-24,1959304,PRD22827.1,superfamily:Araneoidea,,869,null,1623,0.0,155.0,66.32,74.0,null,null,null,null,null,null
BSCRO402-24_r_1_s_50_BSCRO402-24,BSCRO402-24,r_1_s_50,>BSCRO402-24_r_1_s_50_BSCRO402-24,2721255,YP_009680079.1,family:Dysderidae,,523,null,1530,0.0,93.0,36.4,32.0,null,null,null,null,null,null
BSCRO391-24_r_1.3_s_50_BSCRO391-24,BSCRO391-24,r_1.3_s_50,>BSCRO391-24_r_1.3_s_50_BSCRO391-24,3139650,YP_009349339.1,family:Agelenidae,,739,null,1536,0.0,183.0,52.56,47.0,null,null,null,null,null,null
BSCRO465-24_r_1.5_s_50_BSCRO465-24,BSCRO465-24,r_1.5_s_50,>BSCRO465-24_r_1.5_s_50_BSCRO465-24,1926205,XCA36587.1,family:Linyphiidae,,1990,null,1533,0.0,211.0,139.01,143.0,null,null,null,null,null,null
BSCRO386-24_r_1_s_100_BSCRO386-24,BSCRO386-24,r_1_s_100,>BSCRO386-24_r_1_s_100_BSCRO386-24,2747120,QNV12043.1,subfamily:Linyphiinae,,1434,null,1521,0.0,175.0,120.66,124.0,null,null,null,null,null,null
BSCRO455-24_r_1.3_s_50_BSCRO455-24,BSCRO455-24,r_1.3_s_50,>BSCRO455-24_r_1.3_s_50_BSCRO455-24,2747120,QNV12043.1,subfamily:Linyphiinae,,974,null,1521,0.0,161.0,62.67,60.0,null,null,null,null,null,null
BSCRO475-24_r_1.3_s_100_BSCRO475-24,BSCRO475-24,r_1.3_s_100,>BSCRO475-24_r_1.3_s_100_BSCRO475-24,2970455,YP_009349339.1,family:Agelenidae,,662,null,1536,0.0,274.0,51.85,42.0,null,null,null,null,null,null
BSCRO425-24_r_1.3_s_50_BSCRO425-24,BSCRO425-24,r_1.3_s_50,>BSCRO425-24_r_1.3_s_50_BSCRO425-24,1419516,PRD22827.1,superfamily:Araneoidea,,817,null,1623,0.0,146.0,53.13,51.0,null,null,null,null,null,null
BSCRO444-24_r_1_s_100_BSCRO444-24,BSCRO444-24,r_1_s_100,>BSCRO444-24_r_1_s_100_BSCRO444-24,1654896,PRD22827.1,superfamily:Araneoidea,,149,null,1623,0.0,34.0,9.9,9.0,null,null,null,null,null,null
BSCRO470-24_r_1_s_100_BSCRO470-24,BSCRO470-24,r_1_s_100,>BSCRO470-24_r_1_s_100_BSCRO470-24,2721269,YP_009680079.1,family:Dysderidae,,495,null,1530,8.0,66.0,35.48,34.0,null,null,null,null,null,null
BSCRO449-24_r_1_s_50_BSCRO449-24,BSCRO449-24,r_1_s_50,>BSCRO449-24_r_1_s_50_BSCRO449-24,2721269,YP_009680079.1,family:Dysderidae,,1080,null,1530,0.0,161.0,79.06,75.0,null,null,null,null,null,null
BSCRO436-24_r_1_s_100_BSCRO436-24,BSCRO436-24,r_1_s_100,>BSCRO436-24_r_1_s_100_BSCRO436-24,3139668,YP_009349339.1,family:Agelenidae,,527,null,1536,2.0,63.0,40.4,43.0,null,null,null,null,null,null
BSCRO392-24_r_1.3_s_100_BSCRO392-24,BSCRO392-24,r_1.3_s_100,>BSCRO392-24_r_1.3_s_100_BSCRO392-24,3139650,YP_009349339.1,family:Agelenidae,,858,null,1536,0.0,203.0,57.78,52.0,null,null,null,null,null,null
BSCRO464-24_r_1.5_s_50_BSCRO464-24,BSCRO464-24,r_1.5_s_50,>BSCRO464-24_r_1.5_s_50_BSCRO464-24,1926205,XCA36587.1,family:Linyphiidae,,748,null,1533,0.0,94.0,39.1,40.0,null,null,null,null,null,null
BSCRO469-24_r_1.3_s_50_BSCRO469-24,BSCRO469-24,r_1.3_s_50,>BSCRO469-24_r_1.3_s_50_BSCRO469-24,3139660,XCA36587.1,family:Linyphiidae,,1142,null,1533,0.0,129.0,56.46,51.0,null,null,null,null,null,null
BSCRO422-24_r_1.3_s_100_BSCRO422-24,BSCRO422-24,r_1.3_s_100,>BSCRO422-24_r_1.3_s_100_BSCRO422-24,1959304,PRD22827.1,superfamily:Araneoidea,,879,null,1623,0.0,184.0,64.64,50.0,null,null,null,null,null,null
BSCRO435-24_r_1.3_s_50_BSCRO435-24,BSCRO435-24,r_1.3_s_50,>BSCRO435-24_r_1.3_s_50_BSCRO435-24,3139669,YP_009349339.1,family:Agelenidae,,839,null,1536,0.0,184.0,59.9,50.5,null,null,null,null,null,null
BSCRO471-24_r_1_s_50_BSCRO471-24,BSCRO471-24,r_1_s_50,>BSCRO471-24_r_1_s_50_BSCRO471-24,2970455,YP_009349339.1,family:Agelenidae,,1847,null,1536,5.0,210.0,107.65,106.0,null,null,null,null,null,null
BSCRO469-24_r_1.3_s_100_BSCRO469-24,BSCRO469-24,r_1.3_s_100,>BSCRO469-24_r_1.3_s_100_BSCRO469-24,3139660,XCA36587.1,family:Linyphiidae,,758,null,1533,0.0,105.0,45.03,40.0,null,null,null,null,null,null
BSCRO411-24_r_1_s_100_BSCRO411-24,BSCRO411-24,r_1_s_100,>BSCRO411-24_r_1_s_100_BSCRO411-24,3139650,YP_009349339.1,family:Agelenidae,,2479,null,1536,0.0,286.0,203.68,208.0,null,null,null,null,null,null
BSCRO445-24_r_1.3_s_50_BSCRO445-24,BSCRO445-24,r_1.3_s_50,>BSCRO445-24_r_1.3_s_50_BSCRO445-24,1959301,PRD22827.1,superfamily:Araneoidea,,306,null,1623,0.0,58.0,12.98,10.0,null,null,null,null,null,null
BSCRO454-24_r_1.5_s_50_BSCRO454-24,BSCRO454-24,r_1.5_s_50,>BSCRO454-24_r_1.5_s_50_BSCRO454-24,1926205,XCA36587.1,family:Linyphiidae,,258,null,1533,0.0,131.0,17.65,5.0,null,null,null,null,null,null
BSCRO427-24_r_1.3_s_100_BSCRO427-24,BSCRO427-24,r_1.3_s_100,>BSCRO427-24_r_1.3_s_100_BSCRO427-24,3139652,YP_009349339.1,family:Agelenidae,,916,null,1536,31.0,137.0,80.47,78.0,null,null,null,null,null,null
BSCRO453-24_r_1.3_s_50_BSCRO453-24,BSCRO453-24,r_1.3_s_50,>BSCRO453-24_r_1.3_s_50_BSCRO453-24,1395086,YP_009680079.1,family:Dysderidae,,1733,null,1530,0.0,403.0,95.04,96.0,null,null,null,null,null,null
BSCRO393-24_r_1.5_s_50_BSCRO393-24,BSCRO393-24,r_1.5_s_50,>BSCRO393-24_r_1.5_s_50_BSCRO393-24,3228881,XCA36587.1,family:Linyphiidae,,270,null,1533,0.0,56.0,14.12,12.0,null,null,null,null,null,null
BSCRO467-24_r_1.5_s_100_BSCRO467-24,BSCRO467-24,r_1.5_s_100,>BSCRO467-24_r_1.5_s_100_BSCRO467-24,3139668,YP_009349339.1,family:Agelenidae,,1273,null,1536,0.0,189.0,93.92,101.5,null,null,null,null,null,null
BSCRO419-24_r_1.3_s_100_BSCRO419-24,BSCRO419-24,r_1.3_s_100,>BSCRO419-24_r_1.3_s_100_BSCRO419-24,1907062,XCA36587.1,subfamily:Erigoninae,,129,null,1533,0.0,71.0,8.39,3.0,null,null,null,null,null,null
BSCRO382-24_r_1.3_s_100_BSCRO382-24,BSCRO382-24,r_1.3_s_100,>BSCRO382-24_r_1.3_s_100_BSCRO382-24,2721269,YP_009680079.1,family:Dysderidae,,1553,null,1530,0.0,235.0,123.32,127.0,null,null,null,null,null,null
BSCRO463-24_r_1.3_s_50_BSCRO463-24,BSCRO463-24,r_1.3_s_50,>BSCRO463-24_r_1.3_s_50_BSCRO463-24,2721269,YP_009680079.1,family:Dysderidae,,678,null,1530,0.0,193.0,48.39,38.0,null,null,null,null,null,null
BSCRO473-24_r_1.5_s_100_BSCRO473-24,BSCRO473-24,r_1.5_s_100,>BSCRO473-24_r_1.5_s_100_BSCRO473-24,3139653,YP_009349339.1,family:Agelenidae,,287,null,1536,0.0,176.0,22.92,2.0,null,null,null,null,null,null
BSCRO472-24_r_1.3_s_50_BSCRO472-24,BSCRO472-24,r_1.3_s_50,>BSCRO472-24_r_1.3_s_50_BSCRO472-24,3139660,XCA36587.1,family:Linyphiidae,,886,null,1533,0.0,101.0,62.18,60.0,null,null,null,null,null,null
BSCRO400-24_r_1.5_s_100_BSCRO400-24,BSCRO400-24,r_1.5_s_100,>BSCRO400-24_r_1.5_s_100_BSCRO400-24,2766751,WWQ79001.1,superfamily:Leptonetoidea,,437,null,1551,0.0,117.0,34.61,34.0,null,null,null,null,null,null
BSCRO425-24_r_1.3_s_100_BSCRO425-24,BSCRO425-24,r_1.3_s_100,>BSCRO425-24_r_1.3_s_100_BSCRO425-24,1419516,PRD22827.1,superfamily:Araneoidea,,644,null,1623,0.0,136.0,48.54,46.0,null,null,null,null,null,null
BSCRO426-24_r_1_s_50_BSCRO426-24,BSCRO426-24,r_1_s_50,>BSCRO426-24_r_1_s_50_BSCRO426-24,1419516,PRD22827.1,superfamily:Araneoidea,,7474,null,1623,0.0,874.0,519.07,603.0,null,null,null,null,null,null
BSCRO397-24_r_1_s_100_BSCRO397-24,BSCRO397-24,r_1_s_100,>BSCRO397-24_r_1_s_100_BSCRO397-24,3139669,YP_009349339.1,family:Agelenidae,,2254,null,1536,0.0,428.0,193.26,197.0,null,null,null,null,null,null
BSCRO438-24_r_1.3_s_50_BSCRO438-24,BSCRO438-24,r_1.3_s_50,>BSCRO438-24_r_1.3_s_50_BSCRO438-24,2721255,YP_009680079.1,family:Dysderidae,,337,null,1530,0.0,112.0,24.09,22.0,null,null,null,null,null,null
BSCRO391-24_r_1_s_50_BSCRO391-24,BSCRO391-24,r_1_s_50,>BSCRO391-24_r_1_s_50_BSCRO391-24,3139650,YP_009349339.1,family:Agelenidae,,1768,null,1536,0.0,307.0,121.7,115.5,null,null,null,null,null,null
BSCRO408-24_r_1_s_50_BSCRO408-24,BSCRO408-24,r_1_s_50,>BSCRO408-24_r_1_s_50_BSCRO408-24,3228881,XCA36587.1,family:Linyphiidae,,1899,null,1533,0.0,207.0,120.36,122.0,null,null,null,null,null,null
BSCRO409-24_r_1.3_s_100_BSCRO409-24,BSCRO409-24,r_1.3_s_100,>BSCRO409-24_r_1.3_s_100_BSCRO409-24,3228881,XCA36587.1,family:Linyphiidae,,2301,null,1533,0.0,374.0,184.55,195.0,null,null,null,null,null,null
BSCRO455-24_r_1.5_s_100_BSCRO455-24,BSCRO455-24,r_1.5_s_100,>BSCRO455-24_r_1.5_s_100_BSCRO455-24,2747120,QNV12043.1,subfamily:Linyphiinae,,570,null,1521,0.0,81.0,43.22,44.0,null,null,null,null,null,null
BSCRO452-24_r_1.3_s_100_BSCRO452-24,BSCRO452-24,r_1.3_s_100,>BSCRO452-24_r_1.3_s_100_BSCRO452-24,1959301,PRD22827.1,superfamily:Araneoidea,,638,null,1623,0.0,148.0,45.91,36.0,null,null,null,null,null,null
BSCRO387-24_r_1.3_s_50_BSCRO387-24,BSCRO387-24,r_1.3_s_50,>BSCRO387-24_r_1.3_s_50_BSCRO387-24,2689247,XCA36587.1,family:Linyphiidae,,843,null,1533,0.0,243.0,51.79,38.0,null,null,null,null,null,null
BSCRO447-24_r_1_s_50_BSCRO447-24,BSCRO447-24,r_1_s_50,>BSCRO447-24_r_1_s_50_BSCRO447-24,1959301,PRD22827.1,superfamily:Araneoidea,,717,null,1623,0.0,81.0,36.88,39.0,null,null,null,null,null,null
BSCRO383-24_r_1_s_50_BSCRO383-24,BSCRO383-24,r_1_s_50,>BSCRO383-24_r_1_s_50_BSCRO383-24,2721269,YP_009680079.1,family:Dysderidae,,1160,null,1530,11.0,394.0,54.4,45.0,null,null,null,null,null,null
BSCRO435-24_r_1.3_s_100_BSCRO435-24,BSCRO435-24,r_1.3_s_100,>BSCRO435-24_r_1.3_s_100_BSCRO435-24,3139669,YP_009349339.1,family:Agelenidae,,737,null,1536,0.0,184.0,56.63,47.5,null,null,null,null,null,null
BSCRO406-24_r_1_s_100_BSCRO406-24,BSCRO406-24,r_1_s_100,>BSCRO406-24_r_1_s_100_BSCRO406-24,2716446,WWQ79001.1,superfamily:Leptonetoidea,,1403,null,1551,0.0,234.0,118.21,140.0,null,null,null,null,null,null
BSCRO396-24_r_1_s_100_BSCRO396-24,BSCRO396-24,r_1_s_100,>BSCRO396-24_r_1_s_100_BSCRO396-24,2747120,QNV12043.1,subfamily:Linyphiinae,,929,null,1521,0.0,120.0,71.27,72.0,null,null,null,null,null,null
BSCRO434-24_r_1_s_100_BSCRO434-24,BSCRO434-24,r_1_s_100,>BSCRO434-24_r_1_s_100_BSCRO434-24,2721252,YP_009680079.1,family:Dysderidae,,1082,null,1530,15.0,121.0,75.98,72.0,null,null,null,null,null,null
BSCRO432-24_r_1_s_100_BSCRO432-24,BSCRO432-24,r_1_s_100,>BSCRO432-24_r_1_s_100_BSCRO432-24,3139650,YP_009349339.1,family:Agelenidae,,116,null,1536,0.0,18.0,7.26,6.0,null,null,null,null,null,null
BSCRO424-24_r_1.3_s_100_BSCRO424-24,BSCRO424-24,r_1.3_s_100,>BSCRO424-24_r_1.3_s_100_BSCRO424-24,2721269,YP_009680079.1,family:Dysderidae,,371,null,1530,0.0,59.0,28.9,28.0,null,null,null,null,null,null
BSCRO429-24_r_1_s_50_BSCRO429-24,BSCRO429-24,r_1_s_50,>BSCRO429-24_r_1_s_50_BSCRO429-24,3139653,YP_009349339.1,family:Agelenidae,,0,null,1536,0.0,0.0,0.0,0.0,null,null,null,null,null,null
BSCRO439-24_r_1_s_100_BSCRO439-24,BSCRO439-24,r_1_s_100,>BSCRO439-24_r_1_s_100_BSCRO439-24,2970455,YP_009349339.1,family:Agelenidae,,1111,null,1536,0.0,179.0,89.28,86.0,null,null,null,null,null,null
BSCRO462-24_r_1.5_s_50_BSCRO462-24,BSCRO462-24,r_1.5_s_50,>BSCRO462-24_r_1.5_s_50_BSCRO462-24,3139648,YP_009680079.1,family:Dysderidae,,325,null,1530,0.0,135.0,18.24,1.0,null,null,null,null,null,null
BSCRO431-24_r_1.3_s_50_BSCRO431-24,BSCRO431-24,r_1.3_s_50,>BSCRO431-24_r_1.3_s_50_BSCRO431-24,1419516,PRD22827.1,superfamily:Araneoidea,,2279,null,1623,0.0,483.0,145.4,113.0,null,null,null,null,null,null
BSCRO390-24_r_1.3_s_100_BSCRO390-24,BSCRO390-24,r_1.3_s_100,>BSCRO390-24_r_1.3_s_100_BSCRO390-24,2747120,QNV12043.1,subfamily:Linyphiinae,,298,null,1521,0.0,75.0,21.06,18.0,null,null,null,null,null,null
BSCRO417-24_r_1.3_s_100_BSCRO417-24,BSCRO417-24,r_1.3_s_100,>BSCRO417-24_r_1.3_s_100_BSCRO417-24,1419516,PRD22827.1,superfamily:Araneoidea,,527,null,1623,0.0,124.0,41.22,39.0,null,null,null,null,null,null
BSCRO429-24_r_1.3_s_50_BSCRO429-24,BSCRO429-24,r_1.3_s_50,>BSCRO429-24_r_1.3_s_50_BSCRO429-24,3139653,YP_009349339.1,family:Agelenidae,,0,null,1536,0.0,0.0,0.0,0.0,null,null,null,null,null,null
BSCRO420-24_r_1.3_s_100_BSCRO420-24,BSCRO420-24,r_1.3_s_100,>BSCRO420-24_r_1.3_s_100_BSCRO420-24,933043,XCA36587.1,family:Linyphiidae,,7073,null,1533,0.0,927.0,509.4,528.0,null,null,null,null,null,null
BSCRO454-24_r_1_s_50_BSCRO454-24,BSCRO454-24,r_1_s_50,>BSCRO454-24_r_1_s_50_BSCRO454-24,1926205,XCA36587.1,family:Linyphiidae,,1334,null,1533,0.0,290.0,105.37,107.0,null,null,null,null,null,null
BSCRO474-24_r_1.3_s_100_BSCRO474-24,BSCRO474-24,r_1.3_s_100,>BSCRO474-24_r_1.3_s_100_BSCRO474-24,1872039,YP_009680079.1,family:Dysderidae,,575,null,1530,0.0,154.0,42.62,37.0,null,null,null,null,null,null
BSCRO468-24_r_1.5_s_50_BSCRO468-24,BSCRO468-24,r_1.5_s_50,>BSCRO468-24_r_1.5_s_50_BSCRO468-24,3139653,YP_009349339.1,family:Agelenidae,,846,null,1536,0.0,121.0,48.55,50.0,null,null,null,null,null,null
BSCRO433-24_r_1.5_s_50_BSCRO433-24,BSCRO433-24,r_1.5_s_50,>BSCRO433-24_r_1.5_s_50_BSCRO433-24,2716446,WWQ79001.1,superfamily:Leptonetoidea,,243,null,1551,0.0,35.0,12.63,11.0,null,null,null,null,null,null
BSCRO386-24_r_1.5_s_50_BSCRO386-24,BSCRO386-24,r_1.5_s_50,>BSCRO386-24_r_1.5_s_50_BSCRO386-24,2747120,QNV12043.1,subfamily:Linyphiinae,,1843,null,1521,0.0,909.0,94.57,74.0,null,null,null,null,null,null
BSCRO430-24_r_1.5_s_50_BSCRO430-24,BSCRO430-24,r_1.5_s_50,>BSCRO430-24_r_1.5_s_50_BSCRO430-24,3139653,YP_009349339.1,family:Agelenidae,,315,null,1536,0.0,45.0,18.9,19.0,null,null,null,null,null,null
BSCRO398-24_r_1_s_100_BSCRO398-24,BSCRO398-24,r_1_s_100,>BSCRO398-24_r_1_s_100_BSCRO398-24,2721269,YP_009680079.1,family:Dysderidae,,722,null,1530,0.0,86.0,58.97,58.0,null,null,null,null,null,null
BSCRO458-24_r_1.3_s_50_BSCRO458-24,BSCRO458-24,r_1.3_s_50,>BSCRO458-24_r_1.3_s_50_BSCRO458-24,1872039,YP_009680079.1,family:Dysderidae,,2038,null,1530,1.0,892.0,104.1,82.0,null,null,null,null,null,null
BSCRO417-24_r_1.5_s_50_BSCRO417-24,BSCRO417-24,r_1.5_s_50,>BSCRO417-24_r_1.5_s_50_BSCRO417-24,1419516,PRD22827.1,superfamily:Araneoidea,,302,null,1623,0.0,125.0,17.71,7.0,null,null,null,null,null,null
BSCRO400-24_r_1.5_s_50_BSCRO400-24,BSCRO400-24,r_1.5_s_50,>BSCRO400-24_r_1.5_s_50_BSCRO400-24,2766751,WWQ79001.1,superfamily:Leptonetoidea,,530,null,1551,0.0,121.0,36.91,37.0,null,null,null,null,null,null
BSCRO414-24_r_1.5_s_50_BSCRO414-24,BSCRO414-24,r_1.5_s_50,>BSCRO414-24_r_1.5_s_50_BSCRO414-24,2721269,YP_009680079.1,family:Dysderidae,,1366,null,1530,0.0,482.0,77.41,70.0,null,null,null,null,null,null
BSCRO471-24_r_1.5_s_50_BSCRO471-24,BSCRO471-24,r_1.5_s_50,>BSCRO471-24_r_1.5_s_50_BSCRO471-24,2970455,YP_009349339.1,family:Agelenidae,,1193,null,1536,0.0,128.0,79.27,85.0,null,null,null,null,null,null
BSCRO433-24_r_1.3_s_100_BSCRO433-24,BSCRO433-24,r_1.3_s_100,>BSCRO433-24_r_1.3_s_100_BSCRO433-24,2716446,WWQ79001.1,superfamily:Leptonetoidea,,266,null,1551,0.0,40.0,17.99,18.0,null,null,null,null,null,null
BSCRO394-24_r_1.5_s_50_BSCRO394-24,BSCRO394-24,r_1.5_s_50,>BSCRO394-24_r_1.5_s_50_BSCRO394-24,3228881,XCA36587.1,family:Linyphiidae,,204,null,1533,0.0,37.0,11.95,10.0,null,null,null,null,null,null
BSCRO383-24_r_1.3_s_50_BSCRO383-24,BSCRO383-24,r_1.3_s_50,>BSCRO383-24_r_1.3_s_50_BSCRO383-24,2721269,YP_009680079.1,family:Dysderidae,,581,null,1530,0.0,220.0,29.96,23.0,null,null,null,null,null,null
BSCRO425-24_r_1_s_50_BSCRO425-24,BSCRO425-24,r_1_s_50,>BSCRO425-24_r_1_s_50_BSCRO425-24,1419516,PRD22827.1,superfamily:Araneoidea,,1446,null,1623,0.0,181.0,89.79,101.0,null,null,null,null,null,null
BSCRO421-24_r_1_s_100_BSCRO421-24,BSCRO421-24,r_1_s_100,>BSCRO421-24_r_1_s_100_BSCRO421-24,1926205,XCA36587.1,family:Linyphiidae,,1981,null,1533,0.0,388.0,167.98,166.0,null,null,null,null,null,null
BSCRO427-24_r_1_s_100_BSCRO427-24,BSCRO427-24,r_1_s_100,>BSCRO427-24_r_1_s_100_BSCRO427-24,3139652,YP_009349339.1,family:Agelenidae,,998,null,1536,31.0,145.0,87.83,88.0,null,null,null,null,null,null
BSCRO430-24_r_1.5_s_100_BSCRO430-24,BSCRO430-24,r_1.5_s_100,>BSCRO430-24_r_1.5_s_100_BSCRO430-24,3139653,YP_009349339.1,family:Agelenidae,,236,null,1536,0.0,37.0,17.16,16.0,null,null,null,null,null,null
BSCRO472-24_r_1.5_s_50_BSCRO472-24,BSCRO472-24,r_1.5_s_50,>BSCRO472-24_r_1.5_s_50_BSCRO472-24,3139660,XCA36587.1,family:Linyphiidae,,751,null,1533,0.0,91.0,55.14,56.0,null,null,null,null,null,null
BSCRO416-24_r_1.5_s_50_BSCRO416-24,BSCRO416-24,r_1.5_s_50,>BSCRO416-24_r_1.5_s_50_BSCRO416-24,2766751,WWQ79001.1,superfamily:Leptonetoidea,,2799,null,1551,0.0,629.0,190.2,137.0,null,null,null,null,null,null
BSCRO470-24_r_1.5_s_100_BSCRO470-24,BSCRO470-24,r_1.5_s_100,>BSCRO470-24_r_1.5_s_100_BSCRO470-24,2721269,YP_009680079.1,family:Dysderidae,,340,null,1530,0.0,59.0,23.95,20.0,null,null,null,null,null,null
BSCRO470-24_r_1.5_s_50_BSCRO470-24,BSCRO470-24,r_1.5_s_50,>BSCRO470-24_r_1.5_s_50_BSCRO470-24,2721269,YP_009680079.1,family:Dysderidae,,494,null,1530,0.0,102.0,27.69,23.0,null,null,null,null,null,null
BSCRO388-24_r_1.3_s_100_BSCRO388-24,BSCRO388-24,r_1.3_s_100,>BSCRO388-24_r_1.3_s_100_BSCRO388-24,2721269,YP_009680079.1,family:Dysderidae,,496,null,1530,0.0,162.0,38.74,22.0,null,null,null,null,null,null
BSCRO453-24_r_1.3_s_100_BSCRO453-24,BSCRO453-24,r_1.3_s_100,>BSCRO453-24_r_1.3_s_100_BSCRO453-24,1395086,YP_009680079.1,family:Dysderidae,,1091,null,1530,0.0,118.0,79.04,87.0,null,null,null,null,null,null
BSCRO454-24_r_1.3_s_100_BSCRO454-24,BSCRO454-24,r_1.3_s_100,>BSCRO454-24_r_1.3_s_100_BSCRO454-24,1926205,XCA36587.1,family:Linyphiidae,,447,null,1533,0.0,181.0,38.1,31.0,null,null,null,null,null,null
BSCRO440-24_r_1_s_100_BSCRO440-24,BSCRO440-24,r_1_s_100,>BSCRO440-24_r_1_s_100_BSCRO440-24,1959304,PRD22827.1,superfamily:Araneoidea,,2983,null,1623,0.0,444.0,233.65,261.0,null,null,null,null,null,null
BSCRO420-24_r_1.3_s_50_BSCRO420-24,BSCRO420-24,r_1.3_s_50,>BSCRO420-24_r_1.3_s_50_BSCRO420-24,933043,XCA36587.1,family:Linyphiidae,,8282,null,1533,0.0,946.0,548.98,569.0,null,null,null,null,null,null
BSCRO434-24_r_1.5_s_50_BSCRO434-24,BSCRO434-24,r_1.5_s_50,>BSCRO434-24_r_1.5_s_50_BSCRO434-24,2721252,YP_009680079.1,family:Dysderidae,,800,null,1530,0.0,128.0,48.14,44.0,null,null,null,null,null,null
BSCRO404-24_r_1.5_s_50_BSCRO404-24,BSCRO404-24,r_1.5_s_50,>BSCRO404-24_r_1.5_s_50_BSCRO404-24,2721249,YP_009680079.1,family:Dysderidae,,467,null,1530,0.0,97.0,26.59,20.0,null,null,null,null,null,null
BSCRO402-24_r_1_s_100_BSCRO402-24,BSCRO402-24,r_1_s_100,>BSCRO402-24_r_1_s_100_BSCRO402-24,2721255,YP_009680079.1,family:Dysderidae,,370,null,1530,0.0,80.0,30.93,24.0,null,null,null,null,null,null
BSCRO440-24_r_1_s_50_BSCRO440-24,BSCRO440-24,r_1_s_50,>BSCRO440-24_r_1_s_50_BSCRO440-24,1959304,PRD22827.1,superfamily:Araneoidea,,3758,null,1623,0.0,461.0,260.3,292.0,null,null,null,null,null,null
BSCRO466-24_r_1_s_100_BSCRO466-24,BSCRO466-24,r_1_s_100,>BSCRO466-24_r_1_s_100_BSCRO466-24,2721252,YP_009680079.1,family:Dysderidae,,424,null,1530,0.0,50.0,30.48,31.0,null,null,null,null,null,null
BSCRO426-24_r_1.3_s_100_BSCRO426-24,BSCRO426-24,r_1.3_s_100,>BSCRO426-24_r_1.3_s_100_BSCRO426-24,1419516,PRD22827.1,superfamily:Araneoidea,,3683,null,1623,0.0,782.0,286.22,273.0,null,null,null,null,null,null
BSCRO428-24_r_1.3_s_50_BSCRO428-24,BSCRO428-24,r_1.3_s_50,>BSCRO428-24_r_1.3_s_50_BSCRO428-24,3139669,YP_009349339.1,family:Agelenidae,,775,null,1536,0.0,233.0,51.61,31.0,null,null,null,null,null,null
BSCRO393-24_r_1.3_s_100_BSCRO393-24,BSCRO393-24,r_1.3_s_100,>BSCRO393-24_r_1.3_s_100_BSCRO393-24,3228881,XCA36587.1,family:Linyphiidae,,228,null,1533,0.0,43.0,15.29,14.0,null,null,null,null,null,null
BSCRO455-24_r_1_s_100_BSCRO455-24,BSCRO455-24,r_1_s_100,>BSCRO455-24_r_1_s_100_BSCRO455-24,2747120,QNV12043.1,subfamily:Linyphiinae,,780,null,1521,0.0,85.0,59.13,61.0,null,null,null,null,null,null
BSCRO416-24_r_1.3_s_50_BSCRO416-24,BSCRO416-24,r_1.3_s_50,>BSCRO416-24_r_1.3_s_50_BSCRO416-24,2766751,WWQ79001.1,superfamily:Leptonetoidea,,4434,null,1551,0.0,695.0,307.5,302.0,null,null,null,null,null,null
BSCRO416-24_r_1.3_s_100_BSCRO416-24,BSCRO416-24,r_1.3_s_100,>BSCRO416-24_r_1.3_s_100_BSCRO416-24,2766751,WWQ79001.1,superfamily:Leptonetoidea,,3887,null,1551,0.0,676.0,289.72,270.0,null,null,null,null,null,null
BSCRO459-24_r_1_s_50_BSCRO459-24,BSCRO459-24,r_1_s_50,>BSCRO459-24_r_1_s_50_BSCRO459-24,1872039,YP_009680079.1,family:Dysderidae,,5477,null,1530,106.0,1526.0,282.2,244.5,null,null,null,null,null,null
BSCRO409-24_r_1.5_s_50_BSCRO409-24,BSCRO409-24,r_1.5_s_50,>BSCRO409-24_r_1.5_s_50_BSCRO409-24,3228881,XCA36587.1,family:Linyphiidae,,1701,null,1533,0.0,387.0,122.37,115.0,null,null,null,null,null,null
BSCRO416-24_r_1.5_s_100_BSCRO416-24,BSCRO416-24,r_1.5_s_100,>BSCRO416-24_r_1.5_s_100_BSCRO416-24,2766751,WWQ79001.1,superfamily:Leptonetoidea,,2518,null,1551,0.0,613.0,182.09,125.0,null,null,null,null,null,null
BSCRO442-24_r_1_s_50_BSCRO442-24,BSCRO442-24,r_1_s_50,>BSCRO442-24_r_1_s_50_BSCRO442-24,2721269,YP_009680079.1,family:Dysderidae,,3108,null,1530,60.0,506.0,188.47,182.0,null,null,null,null,null,null
BSCRO421-24_r_1.3_s_100_BSCRO421-24,BSCRO421-24,r_1.3_s_100,>BSCRO421-24_r_1.3_s_100_BSCRO421-24,1926205,XCA36587.1,family:Linyphiidae,,888,null,1533,0.0,297.0,71.02,60.0,null,null,null,null,null,null
BSCRO392-24_r_1.3_s_50_BSCRO392-24,BSCRO392-24,r_1.3_s_50,>BSCRO392-24_r_1.3_s_50_BSCRO392-24,3139650,YP_009349339.1,family:Agelenidae,,1260,null,1536,0.0,359.0,68.45,59.0,null,null,null,null,null,null
BSCRO466-24_r_1.5_s_50_BSCRO466-24,BSCRO466-24,r_1.5_s_50,>BSCRO466-24_r_1.5_s_50_BSCRO466-24,2721252,YP_009680079.1,family:Dysderidae,,352,null,1530,0.0,62.0,18.97,18.0,null,null,null,null,null,null
BSCRO465-24_r_1.3_s_50_BSCRO465-24,BSCRO465-24,r_1.3_s_50,>BSCRO465-24_r_1.3_s_50_BSCRO465-24,1926205,XCA36587.1,family:Linyphiidae,,2304,null,1533,1.0,220.0,156.14,156.0,null,null,null,null,null,null
BSCRO399-24_r_1.5_s_100_BSCRO399-24,BSCRO399-24,r_1.5_s_100,>BSCRO399-24_r_1.5_s_100_BSCRO399-24,3237715,YP_010545517.1,family:Theridiidae,,2003,null,1533,0.0,286.0,161.99,178.0,null,null,null,null,null,null
BSCRO450-24_r_1_s_100_BSCRO450-24,BSCRO450-24,r_1_s_100,>BSCRO450-24_r_1_s_100_BSCRO450-24,2721269,YP_009680079.1,family:Dysderidae,,603,null,1530,0.0,110.0,50.84,52.0,null,null,null,null,null,null
BSCRO399-24_r_1.3_s_50_BSCRO399-24,BSCRO399-24,r_1.3_s_50,>BSCRO399-24_r_1.3_s_50_BSCRO399-24,3237715,YP_010545517.1,family:Theridiidae,,2727,null,1533,0.0,310.0,197.38,210.0,null,null,null,null,null,null
BSCRO472-24_r_1_s_100_BSCRO472-24,BSCRO472-24,r_1_s_100,>BSCRO472-24_r_1_s_100_BSCRO472-24,3139660,XCA36587.1,family:Linyphiidae,,751,null,1533,0.0,96.0,59.26,59.0,null,null,null,null,null,null
BSCRO456-24_r_1.5_s_100_BSCRO456-24,BSCRO456-24,r_1.5_s_100,>BSCRO456-24_r_1.5_s_100_BSCRO456-24,3139660,XCA36587.1,family:Linyphiidae,,1593,null,1533,0.0,206.0,115.33,118.0,null,null,null,null,null,null
BSCRO449-24_r_1.3_s_100_BSCRO449-24,BSCRO449-24,r_1.3_s_100,>BSCRO449-24_r_1.3_s_100_BSCRO449-24,2721269,YP_009680079.1,family:Dysderidae,,314,null,1530,0.0,88.0,25.36,14.0,null,null,null,null,null,null
BSCRO410-24_r_1_s_50_BSCRO410-24,BSCRO410-24,r_1_s_50,>BSCRO410-24_r_1_s_50_BSCRO410-24,2716446,WWQ79001.1,superfamily:Leptonetoidea,,1203,null,1551,0.0,221.0,77.39,74.0,null,null,null,null,null,null
BSCRO455-24_r_1.5_s_50_BSCRO455-24,BSCRO455-24,r_1.5_s_50,>BSCRO455-24_r_1.5_s_50_BSCRO455-24,2747120,QNV12043.1,subfamily:Linyphiinae,,709,null,1521,0.0,134.0,46.65,47.0,null,null,null,null,null,null
BSCRO432-24_r_1.3_s_50_BSCRO432-24,BSCRO432-24,r_1.3_s_50,>BSCRO432-24_r_1.3_s_50_BSCRO432-24,3139650,YP_009349339.1,family:Agelenidae,,185,null,1536,0.0,23.0,8.87,8.0,null,null,null,null,null,null
BSCRO420-24_r_1.5_s_50_BSCRO420-24,BSCRO420-24,r_1.5_s_50,>BSCRO420-24_r_1.5_s_50_BSCRO420-24,933043,XCA36587.1,family:Linyphiidae,,5294,null,1533,0.0,913.0,339.63,320.0,null,null,null,null,null,null
BSCRO458-24_r_1_s_50_BSCRO458-24,BSCRO458-24,r_1_s_50,>BSCRO458-24_r_1_s_50_BSCRO458-24,1872039,YP_009680079.1,family:Dysderidae,,2524,null,1530,52.0,1029.0,128.74,101.0,null,null,null,null,null,null
BSCRO398-24_r_1.5_s_50_BSCRO398-24,BSCRO398-24,r_1.5_s_50,>BSCRO398-24_r_1.5_s_50_BSCRO398-24,2721269,YP_009680079.1,family:Dysderidae,,506,null,1530,0.0,99.0,34.82,35.0,null,null,null,null,null,null
BSCRO457-24_r_1_s_50_BSCRO457-24,BSCRO457-24,r_1_s_50,>BSCRO457-24_r_1_s_50_BSCRO457-24,2721249,YP_009680079.1,family:Dysderidae,,1126,null,1530,2.0,164.0,50.64,45.0,null,null,null,null,null,null
BSCRO413-24_r_1.3_s_100_BSCRO413-24,BSCRO413-24,r_1.3_s_100,>BSCRO413-24_r_1.3_s_100_BSCRO413-24,3139648,YP_009680079.1,family:Dysderidae,,284,null,1530,0.0,128.0,24.57,19.0,null,null,null,null,null,null
BSCRO451-24_r_1.5_s_50_BSCRO451-24,BSCRO451-24,r_1.5_s_50,>BSCRO451-24_r_1.5_s_50_BSCRO451-24,3228881,XCA36587.1,family:Linyphiidae,,2514,null,1533,0.0,316.0,196.79,209.0,null,null,null,null,null,null
BSCRO420-24_r_1_s_100_BSCRO420-24,BSCRO420-24,r_1_s_100,>BSCRO420-24_r_1_s_100_BSCRO420-24,933043,XCA36587.1,family:Linyphiidae,,7799,null,1533,0.0,981.0,565.35,587.0,null,null,null,null,null,null
BSCRO414-24_r_1.3_s_100_BSCRO414-24,BSCRO414-24,r_1.3_s_100,>BSCRO414-24_r_1.3_s_100_BSCRO414-24,2721269,YP_009680079.1,family:Dysderidae,,1165,null,1530,2.0,195.0,91.56,87.0,null,null,null,null,null,null
BSCRO389-24_r_1.5_s_100_BSCRO389-24,BSCRO389-24,r_1.5_s_100,>BSCRO389-24_r_1.5_s_100_BSCRO389-24,2747120,QNV12043.1,subfamily:Linyphiinae,,731,null,1521,0.0,111.0,63.01,67.0,null,null,null,null,null,null
BSCRO460-24_r_1.5_s_100_BSCRO460-24,BSCRO460-24,r_1.5_s_100,>BSCRO460-24_r_1.5_s_100_BSCRO460-24,2689247,XCA36587.1,family:Linyphiidae,,1740,null,1533,0.0,225.0,145.88,161.0,null,null,null,null,null,null
BSCRO432-24_r_1.5_s_100_BSCRO432-24,BSCRO432-24,r_1.5_s_100,>BSCRO432-24_r_1.5_s_100_BSCRO432-24,3139650,YP_009349339.1,family:Agelenidae,,91,null,1536,0.0,15.0,5.58,5.0,null,null,null,null,null,null
BSCRO471-24_r_1_s_100_BSCRO471-24,BSCRO471-24,r_1_s_100,>BSCRO471-24_r_1_s_100_BSCRO471-24,2970455,YP_009349339.1,family:Agelenidae,,1221,null,1536,0.0,134.0,88.94,91.0,null,null,null,null,null,null
BSCRO473-24_r_1.5_s_50_BSCRO473-24,BSCRO473-24,r_1.5_s_50,>BSCRO473-24_r_1.5_s_50_BSCRO473-24,3139653,YP_009349339.1,family:Agelenidae,,465,null,1536,0.0,185.0,27.65,4.0,null,null,null,null,null,null
BSCRO426-24_r_1_s_100_BSCRO426-24,BSCRO426-24,r_1_s_100,>BSCRO426-24_r_1_s_100_BSCRO426-24,1419516,PRD22827.1,superfamily:Araneoidea,,5871,null,1623,0.0,818.0,465.08,544.0,null,null,null,null,null,null
BSCRO419-24_r_1.3_s_50_BSCRO419-24,BSCRO419-24,r_1.3_s_50,>BSCRO419-24_r_1.3_s_50_BSCRO419-24,1907062,XCA36587.1,subfamily:Erigoninae,,191,null,1533,0.0,92.0,10.28,6.0,null,null,null,null,null,null
BSCRO429-24_r_1.5_s_100_BSCRO429-24,BSCRO429-24,r_1.5_s_100,>BSCRO429-24_r_1.5_s_100_BSCRO429-24,3139653,YP_009349339.1,family:Agelenidae,,0,null,1536,0.0,0.0,0.0,0.0,null,null,null,null,null,null
BSCRO385-24_r_1_s_50_BSCRO385-24,BSCRO385-24,r_1_s_50,>BSCRO385-24_r_1_s_50_BSCRO385-24,2747120,QNV12043.1,subfamily:Linyphiinae,,1901,null,1521,0.0,261.0,137.33,138.0,null,null,null,null,null,null
BSCRO457-24_r_1.3_s_100_BSCRO457-24,BSCRO457-24,r_1.3_s_100,>BSCRO457-24_r_1.3_s_100_BSCRO457-24,2721249,YP_009680079.1,family:Dysderidae,,514,null,1530,0.0,80.0,31.01,29.0,null,null,null,null,null,null
BSCRO439-24_r_1.3_s_100_BSCRO439-24,BSCRO439-24,r_1.3_s_100,>BSCRO439-24_r_1.3_s_100_BSCRO439-24,2970455,YP_009349339.1,family:Agelenidae,,1000,null,1536,0.0,174.0,80.03,74.0,null,null,null,null,null,null
BSCRO428-24_r_1_s_100_BSCRO428-24,BSCRO428-24,r_1_s_100,>BSCRO428-24_r_1_s_100_BSCRO428-24,3139669,YP_009349339.1,family:Agelenidae,,1748,null,1536,0.0,304.0,147.49,151.0,null,null,null,null,null,null
BSCRO390-24_r_1_s_50_BSCRO390-24,BSCRO390-24,r_1_s_50,>BSCRO390-24_r_1_s_50_BSCRO390-24,2747120,QNV12043.1,subfamily:Linyphiinae,,681,null,1521,0.0,93.0,40.81,39.0,null,null,null,null,null,null
BSCRO413-24_r_1.3_s_50_BSCRO413-24,BSCRO413-24,r_1.3_s_50,>BSCRO413-24_r_1.3_s_50_BSCRO413-24,3139648,YP_009680079.1,family:Dysderidae,,367,null,1530,0.0,128.0,27.21,24.0,null,null,null,null,null,null
BSCRO383-24_r_1.5_s_50_BSCRO383-24,BSCRO383-24,r_1.5_s_50,>BSCRO383-24_r_1.5_s_50_BSCRO383-24,2721269,YP_009680079.1,family:Dysderidae,,386,null,1530,0.0,125.0,20.37,17.0,null,null,null,null,null,null
BSCRO434-24_r_1.5_s_100_BSCRO434-24,BSCRO434-24,r_1.5_s_100,>BSCRO434-24_r_1.5_s_100_BSCRO434-24,2721252,YP_009680079.1,family:Dysderidae,,631,null,1530,0.0,109.0,43.37,41.5,null,null,null,null,null,null
BSCRO465-24_r_1.3_s_100_BSCRO465-24,BSCRO465-24,r_1.3_s_100,>BSCRO465-24_r_1.3_s_100_BSCRO465-24,1926205,XCA36587.1,family:Linyphiidae,,1886,null,1533,0.0,197.0,144.2,147.0,null,null,null,null,null,null
BSCRO404-24_r_1.3_s_50_BSCRO404-24,BSCRO404-24,r_1.3_s_50,>BSCRO404-24_r_1.3_s_50_BSCRO404-24,2721249,YP_009680079.1,family:Dysderidae,,855,null,1530,2.0,103.0,49.5,46.0,null,null,null,null,null,null
BSCRO460-24_r_1.3_s_100_BSCRO460-24,BSCRO460-24,r_1.3_s_100,>BSCRO460-24_r_1.3_s_100_BSCRO460-24,2689247,XCA36587.1,family:Linyphiidae,,2009,null,1533,0.0,225.0,167.94,172.0,null,null,null,null,null,null
BSCRO382-24_r_1.5_s_100_BSCRO382-24,BSCRO382-24,r_1.5_s_100,>BSCRO382-24_r_1.5_s_100_BSCRO382-24,2721269,YP_009680079.1,family:Dysderidae,,1072,null,1530,0.0,187.0,84.27,91.5,null,null,null,null,null,null
BSCRO383-24_r_1_s_100_BSCRO383-24,BSCRO383-24,r_1_s_100,>BSCRO383-24_r_1_s_100_BSCRO383-24,2721269,YP_009680079.1,family:Dysderidae,,407,null,1530,6.0,63.0,32.9,31.0,null,null,null,null,null,null
BSCRO463-24_r_1_s_50_BSCRO463-24,BSCRO463-24,r_1_s_50,>BSCRO463-24_r_1_s_50_BSCRO463-24,2721269,YP_009680079.1,family:Dysderidae,,1852,null,1530,0.0,284.0,140.69,152.5,null,null,null,null,null,null
BSCRO438-24_r_1_s_50_BSCRO438-24,BSCRO438-24,r_1_s_50,>BSCRO438-24_r_1_s_50_BSCRO438-24,2721255,YP_009680079.1,family:Dysderidae,,878,null,1530,0.0,142.0,64.15,67.0,null,null,null,null,null,null
BSCRO420-24_r_1.5_s_100_BSCRO420-24,BSCRO420-24,r_1.5_s_100,>BSCRO420-24_r_1.5_s_100_BSCRO420-24,933043,XCA36587.1,family:Linyphiidae,,4530,null,1533,0.0,896.0,316.56,309.0,null,null,null,null,null,null
BSCRO449-24_r_1.5_s_50_BSCRO449-24,BSCRO449-24,r_1.5_s_50,>BSCRO449-24_r_1.5_s_50_BSCRO449-24,2721269,YP_009680079.1,family:Dysderidae,,185,null,1530,0.0,67.0,11.07,0.0,null,null,null,null,null,null
BSCRO463-24_r_1.5_s_100_BSCRO463-24,BSCRO463-24,r_1.5_s_100,>BSCRO463-24_r_1.5_s_100_BSCRO463-24,2721269,YP_009680079.1,family:Dysderidae,,206,null,1530,0.0,111.0,16.69,0.0,null,null,null,null,null,null
BSCRO446-24_r_1.5_s_100_BSCRO446-24,BSCRO446-24,r_1.5_s_100,>BSCRO446-24_r_1.5_s_100_BSCRO446-24,2734922,XAW19444.1,genus:Cheiracanthium,,141,null,1536,0.0,31.0,8.71,8.0,null,null,null,null,null,null
BSCRO388-24_r_1_s_50_BSCRO388-24,BSCRO388-24,r_1_s_50,>BSCRO388-24_r_1_s_50_BSCRO388-24,2721269,YP_009680079.1,family:Dysderidae,,1593,null,1530,0.0,313.0,119.9,115.5,null,null,null,null,null,null
BSCRO414-24_r_1_s_100_BSCRO414-24,BSCRO414-24,r_1_s_100,>BSCRO414-24_r_1_s_100_BSCRO414-24,2721269,YP_009680079.1,family:Dysderidae,,1283,null,1530,44.0,197.0,101.68,95.0,null,null,null,null,null,null
BSCRO413-24_r_1_s_100_BSCRO413-24,BSCRO413-24,r_1_s_100,>BSCRO413-24_r_1_s_100_BSCRO413-24,3139648,YP_009680079.1,family:Dysderidae,,931,null,1530,0.0,200.0,81.86,74.0,null,null,null,null,null,null
BSCRO394-24_r_1_s_50_BSCRO394-24,BSCRO394-24,r_1_s_50,>BSCRO394-24_r_1_s_50_BSCRO394-24,3228881,XCA36587.1,family:Linyphiidae,,618,null,1533,0.0,98.0,36.64,37.0,null,null,null,null,null,null
BSCRO448-24_r_1.5_s_100_BSCRO448-24,BSCRO448-24,r_1.5_s_100,>BSCRO448-24_r_1.5_s_100_BSCRO448-24,1926205,XCA36587.1,family:Linyphiidae,,357,null,1533,0.0,41.0,23.55,26.0,null,null,null,null,null,null
BSCRO387-24_r_1_s_50_BSCRO387-24,BSCRO387-24,r_1_s_50,>BSCRO387-24_r_1_s_50_BSCRO387-24,2689247,XCA36587.1,family:Linyphiidae,,1690,null,1533,0.0,367.0,112.73,115.0,null,null,null,null,null,null
BSCRO403-24_r_1_s_50_BSCRO403-24,BSCRO403-24,r_1_s_50,>BSCRO403-24_r_1_s_50_BSCRO403-24,2721256,YP_009680079.1,family:Dysderidae,,1885,null,1530,0.0,204.0,99.35,93.0,null,null,null,null,null,null
BSCRO467-24_r_1.5_s_50_BSCRO467-24,BSCRO467-24,r_1.5_s_50,>BSCRO467-24_r_1.5_s_50_BSCRO467-24,3139668,YP_009349339.1,family:Agelenidae,,1491,null,1536,0.0,206.0,100.35,108.0,null,null,null,null,null,null
BSCRO421-24_r_1.5_s_50_BSCRO421-24,BSCRO421-24,r_1.5_s_50,>BSCRO421-24_r_1.5_s_50_BSCRO421-24,1926205,XCA36587.1,family:Linyphiidae,,444,null,1533,0.0,227.0,29.07,1.0,null,null,null,null,null,null
BSCRO391-24_r_1.3_s_100_BSCRO391-24,BSCRO391-24,r_1.3_s_100,>BSCRO391-24_r_1.3_s_100_BSCRO391-24,3139650,YP_009349339.1,family:Agelenidae,,534,null,1536,0.0,164.0,46.81,42.0,null,null,null,null,null,null
BSCRO458-24_r_1.5_s_50_BSCRO458-24,BSCRO458-24,r_1.5_s_50,>BSCRO458-24_r_1.5_s_50_BSCRO458-24,1872039,YP_009680079.1,family:Dysderidae,,1206,null,1530,0.0,377.0,68.98,63.0,null,null,null,null,null,null
BSCRO459-24_r_1.5_s_100_BSCRO459-24,BSCRO459-24,r_1.5_s_100,>BSCRO459-24_r_1.5_s_100_BSCRO459-24,1872039,YP_009680079.1,family:Dysderidae,,2088,null,1530,0.0,343.0,140.8,154.0,null,null,null,null,null,null
BSCRO387-24_r_1.3_s_100_BSCRO387-24,BSCRO387-24,r_1.3_s_100,>BSCRO387-24_r_1.3_s_100_BSCRO387-24,2689247,XCA36587.1,family:Linyphiidae,,493,null,1533,0.0,136.0,40.1,28.0,null,null,null,null,null,null
BSCRO441-24_r_1_s_100_BSCRO441-24,BSCRO441-24,r_1_s_100,>BSCRO441-24_r_1_s_100_BSCRO441-24,2747156,XRO44683.1,genus:Zoropsis,,5376,null,1536,0.0,582.0,426.23,426.0,null,null,null,null,null,null
BSCRO447-24_r_1.5_s_50_BSCRO447-24,BSCRO447-24,r_1.5_s_50,>BSCRO447-24_r_1.5_s_50_BSCRO447-24,1959301,PRD22827.1,superfamily:Araneoidea,,193,null,1623,0.0,55.0,9.29,2.0,null,null,null,null,null,null
BSCRO473-24_r_1.3_s_50_BSCRO473-24,BSCRO473-24,r_1.3_s_50,>BSCRO473-24_r_1.3_s_50_BSCRO473-24,3139653,YP_009349339.1,family:Agelenidae,,847,null,1536,0.0,237.0,53.99,35.0,null,null,null,null,null,null
BSCRO405-24_r_1.5_s_50_BSCRO405-24,BSCRO405-24,r_1.5_s_50,>BSCRO405-24_r_1.5_s_50_BSCRO405-24,2770607,YP_009680079.1,family:Dysderidae,,0,null,1530,0.0,0.0,0.0,0.0,null,null,null,null,null,null
BSCRO399-24_r_1_s_50_BSCRO399-24,BSCRO399-24,r_1_s_50,>BSCRO399-24_r_1_s_50_BSCRO399-24,3237715,YP_010545517.1,family:Theridiidae,,3476,null,1533,2.0,457.0,225.92,224.0,null,null,null,null,null,null
BSCRO437-24_r_1_s_100_BSCRO437-24,BSCRO437-24,r_1_s_100,>BSCRO437-24_r_1_s_100_BSCRO437-24,1959301,PRD22827.1,superfamily:Araneoidea,,2250,null,1623,0.0,340.0,174.23,190.0,null,null,null,null,null,null
BSCRO462-24_r_1.3_s_100_BSCRO462-24,BSCRO462-24,r_1.3_s_100,>BSCRO462-24_r_1.3_s_100_BSCRO462-24,3139648,YP_009680079.1,family:Dysderidae,,380,null,1530,0.0,159.0,25.98,16.0,null,null,null,null,null,null
BSCRO446-24_r_1.3_s_50_BSCRO446-24,BSCRO446-24,r_1.3_s_50,>BSCRO446-24_r_1.3_s_50_BSCRO446-24,2734922,XAW19444.1,genus:Cheiracanthium,,266,null,1536,0.0,41.0,12.78,10.0,null,null,null,null,null,null
BSCRO423-24_r_1.3_s_100_BSCRO423-24,BSCRO423-24,r_1.3_s_100,>BSCRO423-24_r_1.3_s_100_BSCRO423-24,1959304,PRD22827.1,superfamily:Araneoidea,,582,null,1623,0.0,155.0,43.22,32.0,null,null,null,null,null,null
BSCRO430-24_r_1.3_s_50_BSCRO430-24,BSCRO430-24,r_1.3_s_50,>BSCRO430-24_r_1.3_s_50_BSCRO430-24,3139653,YP_009349339.1,family:Agelenidae,,416,null,1536,0.0,52.0,23.07,23.0,null,null,null,null,null,null
BSCRO442-24_r_1.3_s_100_BSCRO442-24,BSCRO442-24,r_1.3_s_100,>BSCRO442-24_r_1.3_s_100_BSCRO442-24,2721269,YP_009680079.1,family:Dysderidae,,1650,null,1530,0.0,232.0,114.17,118.0,null,null,null,null,null,null
BSCRO392-24_r_1.5_s_100_BSCRO392-24,BSCRO392-24,r_1.5_s_100,>BSCRO392-24_r_1.5_s_100_BSCRO392-24,3139650,YP_009349339.1,family:Agelenidae,,487,null,1536,0.0,149.0,31.95,26.0,null,null,null,null,null,null
BSCRO402-24_r_1.5_s_50_BSCRO402-24,BSCRO402-24,r_1.5_s_50,>BSCRO402-24_r_1.5_s_50_BSCRO402-24,2721255,YP_009680079.1,family:Dysderidae,,117,null,1530,0.0,62.0,8.59,2.0,null,null,null,null,null,null
BSCRO423-24_r_1.5_s_100_BSCRO423-24,BSCRO423-24,r_1.5_s_100,>BSCRO423-24_r_1.5_s_100_BSCRO423-24,1959304,PRD22827.1,superfamily:Araneoidea,,261,null,1623,0.0,130.0,18.74,2.0,null,null,null,null,null,null
BSCRO401-24_r_1_s_100_BSCRO401-24,BSCRO401-24,r_1_s_100,>BSCRO401-24_r_1_s_100_BSCRO401-24,2721249,YP_009680079.1,family:Dysderidae,,3135,null,1530,0.0,408.0,271.36,277.0,null,null,null,null,null,null
BSCRO385-24_r_1.3_s_100_BSCRO385-24,BSCRO385-24,r_1.3_s_100,>BSCRO385-24_r_1.3_s_100_BSCRO385-24,2747120,QNV12043.1,subfamily:Linyphiinae,,1487,null,1521,0.0,195.0,121.22,122.0,null,null,null,null,null,null
BSCRO413-24_r_1_s_50_BSCRO413-24,BSCRO413-24,r_1_s_50,>BSCRO413-24_r_1_s_50_BSCRO413-24,3139648,YP_009680079.1,family:Dysderidae,,1074,null,1530,0.0,200.0,86.64,80.5,null,null,null,null,null,null
BSCRO467-24_r_1.3_s_100_BSCRO467-24,BSCRO467-24,r_1.3_s_100,>BSCRO467-24_r_1.3_s_100_BSCRO467-24,3139668,YP_009349339.1,family:Agelenidae,,1799,null,1536,0.0,210.0,133.62,143.0,null,null,null,null,null,null
BSCRO404-24_r_1.3_s_100_BSCRO404-24,BSCRO404-24,r_1.3_s_100,>BSCRO404-24_r_1.3_s_100_BSCRO404-24,2721249,YP_009680079.1,family:Dysderidae,,620,null,1530,0.0,94.0,42.67,42.0,null,null,null,null,null,null
BSCRO424-24_r_1.5_s_100_BSCRO424-24,BSCRO424-24,r_1.5_s_100,>BSCRO424-24_r_1.5_s_100_BSCRO424-24,2721269,YP_009680079.1,family:Dysderidae,,274,null,1530,0.0,59.0,21.31,19.0,null,null,null,null,null,null
BSCRO470-24_r_1.3_s_100_BSCRO470-24,BSCRO470-24,r_1.3_s_100,>BSCRO470-24_r_1.3_s_100_BSCRO470-24,2721269,YP_009680079.1,family:Dysderidae,,455,null,1530,0.0,65.0,32.59,33.0,null,null,null,null,null,null
BSCRO458-24_r_1_s_100_BSCRO458-24,BSCRO458-24,r_1_s_100,>BSCRO458-24_r_1_s_100_BSCRO458-24,1872039,YP_009680079.1,family:Dysderidae,,1201,null,1530,26.0,175.0,93.39,89.0,null,null,null,null,null,null
BSCRO411-24_r_1.3_s_100_BSCRO411-24,BSCRO411-24,r_1.3_s_100,>BSCRO411-24_r_1.3_s_100_BSCRO411-24,3139650,YP_009349339.1,family:Agelenidae,,2308,null,1536,0.0,285.0,189.16,200.5,null,null,null,null,null,null
BSCRO395-24_r_1_s_50_BSCRO395-24,BSCRO395-24,r_1_s_50,>BSCRO395-24_r_1_s_50_BSCRO395-24,2892423,PRD22827.1,superfamily:Araneoidea,,1167,null,1623,0.0,210.0,63.62,67.0,null,null,null,null,null,null
BSCRO455-24_r_1.3_s_100_BSCRO455-24,BSCRO455-24,r_1.3_s_100,>BSCRO455-24_r_1.3_s_100_BSCRO455-24,2747120,QNV12043.1,subfamily:Linyphiinae,,746,null,1521,0.0,84.0,56.6,58.0,null,null,null,null,null,null
BSCRO435-24_r_1.5_s_50_BSCRO435-24,BSCRO435-24,r_1.5_s_50,>BSCRO435-24_r_1.5_s_50_BSCRO435-24,3139669,YP_009349339.1,family:Agelenidae,,468,null,1536,0.0,149.0,31.37,17.0,null,null,null,null,null,null
BSCRO411-24_r_1_s_50_BSCRO411-24,BSCRO411-24,r_1_s_50,>BSCRO411-24_r_1_s_50_BSCRO411-24,3139650,YP_009349339.1,family:Agelenidae,,3207,null,1536,2.0,327.0,224.94,224.0,null,null,null,null,null,null
BSCRO452-24_r_1_s_100_BSCRO452-24,BSCRO452-24,r_1_s_100,>BSCRO452-24_r_1_s_100_BSCRO452-24,1959301,PRD22827.1,superfamily:Araneoidea,,969,null,1623,0.0,167.0,72.51,75.0,null,null,null,null,null,null
BSCRO405-24_r_1.5_s_100_BSCRO405-24,BSCRO405-24,r_1.5_s_100,>BSCRO405-24_r_1.5_s_100_BSCRO405-24,2770607,YP_009680079.1,family:Dysderidae,,0,null,1530,0.0,0.0,0.0,0.0,null,null,null,null,null,null
BSCRO450-24_r_1.3_s_50_BSCRO450-24,BSCRO450-24,r_1.3_s_50,>BSCRO450-24_r_1.3_s_50_BSCRO450-24,2721269,YP_009680079.1,family:Dysderidae,,368,null,1530,0.0,73.0,23.83,19.0,null,null,null,null,null,null
BSCRO433-24_r_1_s_100_BSCRO433-24,BSCRO433-24,r_1_s_100,>BSCRO433-24_r_1_s_100_BSCRO433-24,2716446,WWQ79001.1,superfamily:Leptonetoidea,,306,null,1551,0.0,43.0,20.8,21.0,null,null,null,null,null,null
BSCRO469-24_r_1_s_50_BSCRO469-24,BSCRO469-24,r_1_s_50,>BSCRO469-24_r_1_s_50_BSCRO469-24,3139660,XCA36587.1,family:Linyphiidae,,1419,null,1533,4.0,198.0,65.48,56.0,null,null,null,null,null,null
BSCRO396-24_r_1.5_s_100_BSCRO396-24,BSCRO396-24,r_1.5_s_100,>BSCRO396-24_r_1.5_s_100_BSCRO396-24,2747120,QNV12043.1,subfamily:Linyphiinae,,579,null,1521,0.0,87.0,42.71,43.0,null,null,null,null,null,null
BSCRO395-24_r_1.3_s_50_BSCRO395-24,BSCRO395-24,r_1.3_s_50,>BSCRO395-24_r_1.3_s_50_BSCRO395-24,2892423,PRD22827.1,superfamily:Araneoidea,,522,null,1623,0.0,105.0,28.5,24.0,null,null,null,null,null,null
BSCRO383-24_r_1.5_s_100_BSCRO383-24,BSCRO383-24,r_1.5_s_100,>BSCRO383-24_r_1.5_s_100_BSCRO383-24,2721269,YP_009680079.1,family:Dysderidae,,217,null,1530,0.0,45.0,16.53,15.0,null,null,null,null,null,null
BSCRO382-24_r_1_s_50_BSCRO382-24,BSCRO382-24,r_1_s_50,>BSCRO382-24_r_1_s_50_BSCRO382-24,2721269,YP_009680079.1,family:Dysderidae,,3131,null,1530,94.0,685.0,179.91,164.0,null,null,null,null,null,null
BSCRO442-24_r_1.5_s_100_BSCRO442-24,BSCRO442-24,r_1.5_s_100,>BSCRO442-24_r_1.5_s_100_BSCRO442-24,2721269,YP_009680079.1,family:Dysderidae,,1107,null,1530,0.0,218.0,74.67,68.0,null,null,null,null,null,null
BSCRO389-24_r_1_s_100_BSCRO389-24,BSCRO389-24,r_1_s_100,>BSCRO389-24_r_1_s_100_BSCRO389-24,2747120,QNV12043.1,subfamily:Linyphiinae,,966,null,1521,0.0,119.0,83.12,84.0,null,null,null,null,null,null
BSCRO390-24_r_1_s_100_BSCRO390-24,BSCRO390-24,r_1_s_100,>BSCRO390-24_r_1_s_100_BSCRO390-24,2747120,QNV12043.1,subfamily:Linyphiinae,,424,null,1521,0.0,80.0,32.23,32.0,null,null,null,null,null,null
BSCRO446-24_r_1.5_s_50_BSCRO446-24,BSCRO446-24,r_1.5_s_50,>BSCRO446-24_r_1.5_s_50_BSCRO446-24,2734922,XAW19444.1,genus:Cheiracanthium,,229,null,1536,0.0,38.0,11.34,10.0,null,null,null,null,null,null
BSCRO395-24_r_1.5_s_100_BSCRO395-24,BSCRO395-24,r_1.5_s_100,>BSCRO395-24_r_1.5_s_100_BSCRO395-24,2892423,PRD22827.1,superfamily:Araneoidea,,184,null,1623,0.0,60.0,12.0,4.0,null,null,null,null,null,null
BSCRO388-24_r_1.5_s_100_BSCRO388-24,BSCRO388-24,r_1.5_s_100,>BSCRO388-24_r_1.5_s_100_BSCRO388-24,2721269,YP_009680079.1,family:Dysderidae,,248,null,1530,0.0,116.0,19.0,0.0,null,null,null,null,null,null
BSCRO404-24_r_1_s_50_BSCRO404-24,BSCRO404-24,r_1_s_50,>BSCRO404-24_r_1_s_50_BSCRO404-24,2721249,YP_009680079.1,family:Dysderidae,,1229,null,1530,5.0,131.0,67.19,65.0,null,null,null,null,null,null
BSCRO415-24_r_1.3_s_50_BSCRO415-24,BSCRO415-24,r_1.3_s_50,>BSCRO415-24_r_1.3_s_50_BSCRO415-24,2747120,QNV12043.1,subfamily:Linyphiinae,,2050,null,1521,0.0,286.0,124.02,109.0,null,null,null,null,null,null
BSCRO443-24_r_1_s_100_BSCRO443-24,BSCRO443-24,r_1_s_100,>BSCRO443-24_r_1_s_100_BSCRO443-24,1654896,PRD22827.1,superfamily:Araneoidea,,264,null,1623,0.0,41.0,19.43,22.0,null,null,null,null,null,null
BSCRO407-24_r_1.3_s_50_BSCRO407-24,BSCRO407-24,r_1.3_s_50,>BSCRO407-24_r_1.3_s_50_BSCRO407-24,2721249,YP_009680079.1,family:Dysderidae,,755,null,1530,10.0,328.0,32.14,24.0,null,null,null,null,null,null
BSCRO388-24_r_1_s_100_BSCRO388-24,BSCRO388-24,r_1_s_100,>BSCRO388-24_r_1_s_100_BSCRO388-24,2721269,YP_009680079.1,family:Dysderidae,,1277,null,1530,0.0,291.0,107.67,103.5,null,null,null,null,null,null
BSCRO423-24_r_1.3_s_50_BSCRO423-24,BSCRO423-24,r_1.3_s_50,>BSCRO423-24_r_1.3_s_50_BSCRO423-24,1959304,PRD22827.1,superfamily:Araneoidea,,811,null,1623,0.0,158.0,48.95,37.0,null,null,null,null,null,null
BSCRO469-24_r_1_s_100_BSCRO469-24,BSCRO469-24,r_1_s_100,>BSCRO469-24_r_1_s_100_BSCRO469-24,3139660,XCA36587.1,family:Linyphiidae,,762,null,1533,0.0,105.0,45.32,40.0,null,null,null,null,null,null
BSCRO436-24_r_1.5_s_100_BSCRO436-24,BSCRO436-24,r_1.5_s_100,>BSCRO436-24_r_1.5_s_100_BSCRO436-24,3139668,YP_009349339.1,family:Agelenidae,,371,null,1536,0.0,62.0,28.11,29.0,null,null,null,null,null,null
BSCRO421-24_r_1_s_50_BSCRO421-24,BSCRO421-24,r_1_s_50,>BSCRO421-24_r_1_s_50_BSCRO421-24,1926205,XCA36587.1,family:Linyphiidae,,2432,null,1533,0.0,446.0,184.67,192.0,null,null,null,null,null,null
BSCRO469-24_r_1.5_s_100_BSCRO469-24,BSCRO469-24,r_1.5_s_100,>BSCRO469-24_r_1.5_s_100_BSCRO469-24,3139660,XCA36587.1,family:Linyphiidae,,691,null,1533,0.0,105.0,40.8,38.0,null,null,null,null,null,null
BSCRO389-24_r_1_s_50_BSCRO389-24,BSCRO389-24,r_1_s_50,>BSCRO389-24_r_1_s_50_BSCRO389-24,2747120,QNV12043.1,subfamily:Linyphiinae,,1190,null,1521,0.0,127.0,89.8,89.0,null,null,null,null,null,null
BSCRO405-24_r_1.3_s_50_BSCRO405-24,BSCRO405-24,r_1.3_s_50,>BSCRO405-24_r_1.3_s_50_BSCRO405-24,2770607,YP_009680079.1,family:Dysderidae,,0,null,1530,0.0,0.0,0.0,0.0,null,null,null,null,null,null
BSCRO408-24_r_1.5_s_50_BSCRO408-24,BSCRO408-24,r_1.5_s_50,>BSCRO408-24_r_1.5_s_50_BSCRO408-24,3228881,XCA36587.1,family:Linyphiidae,,1110,null,1533,0.0,133.0,76.82,77.0,null,null,null,null,null,null
BSCRO453-24_r_1_s_50_BSCRO453-24,BSCRO453-24,r_1_s_50,>BSCRO453-24_r_1_s_50_BSCRO453-24,1395086,YP_009680079.1,family:Dysderidae,,2142,null,1530,57.0,577.0,111.84,101.0,null,null,null,null,null,null
BSCRO451-24_r_1_s_100_BSCRO451-24,BSCRO451-24,r_1_s_100,>BSCRO451-24_r_1_s_100_BSCRO451-24,3228881,XCA36587.1,family:Linyphiidae,,2899,null,1533,0.0,352.0,240.98,238.0,null,null,null,null,null,null
BSCRO437-24_r_1.3_s_100_BSCRO437-24,BSCRO437-24,r_1.3_s_100,>BSCRO437-24_r_1.3_s_100_BSCRO437-24,1959301,PRD22827.1,superfamily:Araneoidea,,1376,null,1623,0.0,329.0,103.38,86.0,null,null,null,null,null,null
BSCRO428-24_r_1.3_s_100_BSCRO428-24,BSCRO428-24,r_1.3_s_100,>BSCRO428-24_r_1.3_s_100_BSCRO428-24,3139669,YP_009349339.1,family:Agelenidae,,602,null,1536,0.0,222.0,45.67,27.0,null,null,null,null,null,null
BSCRO475-24_r_1_s_50_BSCRO475-24,BSCRO475-24,r_1_s_50,>BSCRO475-24_r_1_s_50_BSCRO475-24,2970455,YP_009349339.1,family:Agelenidae,,1942,null,1536,0.0,384.0,143.99,150.0,null,null,null,null,null,null
BSCRO439-24_r_1.5_s_50_BSCRO439-24,BSCRO439-24,r_1.5_s_50,>BSCRO439-24_r_1.5_s_50_BSCRO439-24,2970455,YP_009349339.1,family:Agelenidae,,916,null,1536,0.0,169.0,70.35,68.0,null,null,null,null,null,null
BSCRO391-24_r_1.5_s_50_BSCRO391-24,BSCRO391-24,r_1.5_s_50,>BSCRO391-24_r_1.5_s_50_BSCRO391-24,3139650,YP_009349339.1,family:Agelenidae,,397,null,1536,0.0,128.0,26.69,16.0,null,null,null,null,null,null
BSCRO397-24_r_1_s_50_BSCRO397-24,BSCRO397-24,r_1_s_50,>BSCRO397-24_r_1_s_50_BSCRO397-24,3139669,YP_009349339.1,family:Agelenidae,,2843,null,1536,0.0,551.0,216.94,220.5,null,null,null,null,null,null
BSCRO423-24_r_1.5_s_50_BSCRO423-24,BSCRO423-24,r_1.5_s_50,>BSCRO423-24_r_1.5_s_50_BSCRO423-24,1959304,PRD22827.1,superfamily:Araneoidea,,363,null,1623,0.0,144.0,20.84,3.0,null,null,null,null,null,null
BSCRO437-24_r_1.3_s_50_BSCRO437-24,BSCRO437-24,r_1.3_s_50,>BSCRO437-24_r_1.3_s_50_BSCRO437-24,1959301,PRD22827.1,superfamily:Araneoidea,,1641,null,1623,0.0,333.0,111.34,96.0,null,null,null,null,null,null
BSCRO411-24_r_1.3_s_50_BSCRO411-24,BSCRO411-24,r_1.3_s_50,>BSCRO411-24_r_1.3_s_50_BSCRO411-24,3139650,YP_009349339.1,family:Agelenidae,,2602,null,1536,1.0,312.0,197.08,206.0,null,null,null,null,null,null
BSCRO408-24_r_1.3_s_100_BSCRO408-24,BSCRO408-24,r_1.3_s_100,>BSCRO408-24_r_1.3_s_100_BSCRO408-24,3228881,XCA36587.1,family:Linyphiidae,,1258,null,1533,0.0,141.0,96.12,98.0,null,null,null,null,null,null
BSCRO384-24_r_1_s_50_BSCRO384-24,BSCRO384-24,r_1_s_50,>BSCRO384-24_r_1_s_50_BSCRO384-24,2721269,YP_009680079.1,family:Dysderidae,,3598,null,1530,129.0,639.0,247.24,220.5,null,null,null,null,null,null
BSCRO445-24_r_1_s_100_BSCRO445-24,BSCRO445-24,r_1_s_100,>BSCRO445-24_r_1_s_100_BSCRO445-24,1959301,PRD22827.1,superfamily:Araneoidea,,166,null,1623,0.0,41.0,9.37,7.0,null,null,null,null,null,null
BSCRO386-24_r_1.3_s_100_BSCRO386-24,BSCRO386-24,r_1.3_s_100,>BSCRO386-24_r_1.3_s_100_BSCRO386-24,2747120,QNV12043.1,subfamily:Linyphiinae,,1192,null,1521,0.0,165.0,98.77,89.0,null,null,null,null,null,null
BSCRO410-24_r_1.5_s_100_BSCRO410-24,BSCRO410-24,r_1.5_s_100,>BSCRO410-24_r_1.5_s_100_BSCRO410-24,2716446,WWQ79001.1,superfamily:Leptonetoidea,,205,null,1551,0.0,132.0,13.53,2.0,null,null,null,null,null,null
BSCRO475-24_r_1.3_s_50_BSCRO475-24,BSCRO475-24,r_1.3_s_50,>BSCRO475-24_r_1.3_s_50_BSCRO475-24,2970455,YP_009349339.1,family:Agelenidae,,805,null,1536,0.0,277.0,56.51,49.0,null,null,null,null,null,null
BSCRO401-24_r_1.3_s_100_BSCRO401-24,BSCRO401-24,r_1.3_s_100,>BSCRO401-24_r_1.3_s_100_BSCRO401-24,2721249,YP_009680079.1,family:Dysderidae,,2838,null,1530,0.0,400.0,245.12,261.0,null,null,null,null,null,null
BSCRO394-24_r_1.5_s_100_BSCRO394-24,BSCRO394-24,r_1.5_s_100,>BSCRO394-24_r_1.5_s_100_BSCRO394-24,3228881,XCA36587.1,family:Linyphiidae,,150,null,1533,0.0,33.0,10.42,9.0,null,null,null,null,null,null
BSCRO381-24_r_1.3_s_50_BSCRO381-24,BSCRO381-24,r_1.3_s_50,>BSCRO381-24_r_1.3_s_50_BSCRO381-24,3139648,YP_009680079.1,family:Dysderidae,,0,null,1530,0.0,0.0,0.0,0.0,null,null,null,null,null,null
BSCRO422-24_r_1_s_100_BSCRO422-24,BSCRO422-24,r_1_s_100,>BSCRO422-24_r_1_s_100_BSCRO422-24,1959304,PRD22827.1,superfamily:Araneoidea,,1325,null,1623,0.0,185.0,100.51,118.0,null,null,null,null,null,null
BSCRO468-24_r_1.5_s_100_BSCRO468-24,BSCRO468-24,r_1.5_s_100,>BSCRO468-24_r_1.5_s_100_BSCRO468-24,3139653,YP_009349339.1,family:Agelenidae,,607,null,1536,0.0,78.0,42.06,46.0,null,null,null,null,null,null
BSCRO418-24_r_1.3_s_100_BSCRO418-24,BSCRO418-24,r_1.3_s_100,>BSCRO418-24_r_1.3_s_100_BSCRO418-24,1109451,QNV12118.1,genus:Amaurobius,,888,null,1536,0.0,246.0,66.62,41.0,null,null,null,null,null,null
BSCRO448-24_r_1_s_100_BSCRO448-24,BSCRO448-24,r_1_s_100,>BSCRO448-24_r_1_s_100_BSCRO448-24,1926205,XCA36587.1,family:Linyphiidae,,400,null,1533,0.0,47.0,26.5,28.0,null,null,null,null,null,null
BSCRO474-24_r_1.3_s_50_BSCRO474-24,BSCRO474-24,r_1.3_s_50,>BSCRO474-24_r_1.3_s_50_BSCRO474-24,1872039,YP_009680079.1,family:Dysderidae,,983,null,1530,0.0,315.0,53.17,41.0,null,null,null,null,null,null
BSCRO406-24_r_1_s_50_BSCRO406-24,BSCRO406-24,r_1_s_50,>BSCRO406-24_r_1_s_50_BSCRO406-24,2716446,WWQ79001.1,superfamily:Leptonetoidea,,1874,null,1551,0.0,275.0,135.67,155.0,null,null,null,null,null,null
BSCRO440-24_r_1.5_s_100_BSCRO440-24,BSCRO440-24,r_1.5_s_100,>BSCRO440-24_r_1.5_s_100_BSCRO440-24,1959304,PRD22827.1,superfamily:Araneoidea,,852,null,1623,0.0,342.0,61.57,10.0,null,null,null,null,null,null
BSCRO428-24_r_1.5_s_50_BSCRO428-24,BSCRO428-24,r_1.5_s_50,>BSCRO428-24_r_1.5_s_50_BSCRO428-24,3139669,YP_009349339.1,family:Agelenidae,,397,null,1536,0.0,175.0,24.69,5.0,null,null,null,null,null,null
BSCRO404-24_r_1.5_s_100_BSCRO404-24,BSCRO404-24,r_1.5_s_100,>BSCRO404-24_r_1.5_s_100_BSCRO404-24,2721249,YP_009680079.1,family:Dysderidae,,370,null,1530,0.0,80.0,23.99,19.0,null,null,null,null,null,null
BSCRO466-24_r_1_s_50_BSCRO466-24,BSCRO466-24,r_1_s_50,>BSCRO466-24_r_1_s_50_BSCRO466-24,2721252,YP_009680079.1,family:Dysderidae,,1328,null,1530,9.0,214.0,56.77,48.0,null,null,null,null,null,null
BSCRO458-24_r_1.5_s_100_BSCRO458-24,BSCRO458-24,r_1.5_s_100,>BSCRO458-24_r_1.5_s_100_BSCRO458-24,1872039,YP_009680079.1,family:Dysderidae,,770,null,1530,0.0,169.0,59.21,60.0,null,null,null,null,null,null
BSCRO443-24_r_1.5_s_50_BSCRO443-24,BSCRO443-24,r_1.5_s_50,>BSCRO443-24_r_1.5_s_50_BSCRO443-24,1654896,PRD22827.1,superfamily:Araneoidea,,132,null,1623,0.0,44.0,6.84,3.0,null,null,null,null,null,null
BSCRO440-24_r_1.5_s_50_BSCRO440-24,BSCRO440-24,r_1.5_s_50,>BSCRO440-24_r_1.5_s_50_BSCRO440-24,1959304,PRD22827.1,superfamily:Araneoidea,,958,null,1623,0.0,356.0,64.32,11.0,null,null,null,null,null,null
BSCRO407-24_r_1.5_s_50_BSCRO407-24,BSCRO407-24,r_1.5_s_50,>BSCRO407-24_r_1.5_s_50_BSCRO407-24,2721249,YP_009680079.1,family:Dysderidae,,451,null,1530,0.0,172.0,20.59,17.0,null,null,null,null,null,null
BSCRO400-24_r_1.3_s_50_BSCRO400-24,BSCRO400-24,r_1.3_s_50,>BSCRO400-24_r_1.3_s_50_BSCRO400-24,2766751,WWQ79001.1,superfamily:Leptonetoidea,,957,null,1551,0.0,166.0,69.58,76.0,null,null,null,null,null,null
BSCRO399-24_r_1.5_s_50_BSCRO399-24,BSCRO399-24,r_1.5_s_50,>BSCRO399-24_r_1.5_s_50_BSCRO399-24,3237715,YP_010545517.1,family:Theridiidae,,2265,null,1533,0.0,290.0,168.75,182.0,null,null,null,null,null,null
BSCRO438-24_r_1_s_100_BSCRO438-24,BSCRO438-24,r_1_s_100,>BSCRO438-24_r_1_s_100_BSCRO438-24,2721255,YP_009680079.1,family:Dysderidae,,682,null,1530,0.0,134.0,57.46,55.0,null,null,null,null,null,null
BSCRO412-24_r_1.3_s_100_BSCRO412-24,BSCRO412-24,r_1.3_s_100,>BSCRO412-24_r_1.3_s_100_BSCRO412-24,2721269,YP_009680079.1,family:Dysderidae,,264,null,1530,0.0,44.0,20.15,21.0,null,null,null,null,null,null
BSCRO462-24_r_1_s_100_BSCRO462-24,BSCRO462-24,r_1_s_100,>BSCRO462-24_r_1_s_100_BSCRO462-24,3139648,YP_009680079.1,family:Dysderidae,,832,null,1530,0.0,163.0,61.76,60.0,null,null,null,null,null,null
BSCRO445-24_r_1.3_s_100_BSCRO445-24,BSCRO445-24,r_1.3_s_100,>BSCRO445-24_r_1.3_s_100_BSCRO445-24,1959301,PRD22827.1,superfamily:Araneoidea,,142,null,1623,0.0,41.0,7.73,5.0,null,null,null,null,null,null
BSCRO403-24_r_1.5_s_50_BSCRO403-24,BSCRO403-24,r_1.5_s_50,>BSCRO403-24_r_1.5_s_50_BSCRO403-24,2721256,YP_009680079.1,family:Dysderidae,,694,null,1530,0.0,133.0,37.8,27.0,null,null,null,null,null,null
BSCRO389-24_r_1.5_s_50_BSCRO389-24,BSCRO389-24,r_1.5_s_50,>BSCRO389-24_r_1.5_s_50_BSCRO389-24,2747120,QNV12043.1,subfamily:Linyphiinae,,796,null,1521,0.0,115.0,64.68,67.0,null,null,null,null,null,null
BSCRO381-24_r_1.3_s_100_BSCRO381-24,BSCRO381-24,r_1.3_s_100,>BSCRO381-24_r_1.3_s_100_BSCRO381-24,3139648,YP_009680079.1,family:Dysderidae,,0,null,1530,0.0,0.0,0.0,0.0,null,null,null,null,null,null
BSCRO430-24_r_1_s_50_BSCRO430-24,BSCRO430-24,r_1_s_50,>BSCRO430-24_r_1_s_50_BSCRO430-24,3139653,YP_009349339.1,family:Agelenidae,,654,null,1536,2.0,72.0,31.05,31.0,null,null,null,null,null,null
BSCRO434-24_r_1.3_s_50_BSCRO434-24,BSCRO434-24,r_1.3_s_50,>BSCRO434-24_r_1.3_s_50_BSCRO434-24,2721252,YP_009680079.1,family:Dysderidae,,1320,null,1530,7.0,143.0,78.65,79.0,null,null,null,null,null,null
BSCRO473-24_r_1.3_s_100_BSCRO473-24,BSCRO473-24,r_1.3_s_100,>BSCRO473-24_r_1.3_s_100_BSCRO473-24,3139653,YP_009349339.1,family:Agelenidae,,584,null,1536,0.0,223.0,45.97,27.5,null,null,null,null,null,null
BSCRO463-24_r_1_s_100_BSCRO463-24,BSCRO463-24,r_1_s_100,>BSCRO463-24_r_1_s_100_BSCRO463-24,2721269,YP_009680079.1,family:Dysderidae,,1551,null,1530,0.0,276.0,128.99,139.5,null,null,null,null,null,null
BSCRO384-24_r_1.3_s_50_BSCRO384-24,BSCRO384-24,r_1.3_s_50,>BSCRO384-24_r_1.3_s_50_BSCRO384-24,2721269,YP_009680079.1,family:Dysderidae,,2517,null,1530,2.0,466.0,191.26,178.0,null,null,null,null,null,null
BSCRO455-24_r_1_s_50_BSCRO455-24,BSCRO455-24,r_1_s_50,>BSCRO455-24_r_1_s_50_BSCRO455-24,2747120,QNV12043.1,subfamily:Linyphiinae,,1163,null,1521,0.0,174.0,70.12,67.0,null,null,null,null,null,null
BSCRO466-24_r_1.3_s_50_BSCRO466-24,BSCRO466-24,r_1.3_s_50,>BSCRO466-24_r_1.3_s_50_BSCRO466-24,2721252,YP_009680079.1,family:Dysderidae,,721,null,1530,2.0,83.0,35.01,33.0,null,null,null,null,null,null
BSCRO393-24_r_1_s_100_BSCRO393-24,BSCRO393-24,r_1_s_100,>BSCRO393-24_r_1_s_100_BSCRO393-24,3228881,XCA36587.1,family:Linyphiidae,,277,null,1533,0.0,51.0,19.68,18.0,null,null,null,null,null,null
BSCRO432-24_r_1_s_50_BSCRO432-24,BSCRO432-24,r_1_s_50,>BSCRO432-24_r_1_s_50_BSCRO432-24,3139650,YP_009349339.1,family:Agelenidae,,258,null,1536,0.0,28.0,11.5,10.0,null,null,null,null,null,null
BSCRO440-24_r_1.3_s_100_BSCRO440-24,BSCRO440-24,r_1.3_s_100,>BSCRO440-24_r_1.3_s_100_BSCRO440-24,1959304,PRD22827.1,superfamily:Araneoidea,,1928,null,1623,0.0,433.0,146.45,118.0,null,null,null,null,null,null
BSCRO429-24_r_1.5_s_50_BSCRO429-24,BSCRO429-24,r_1.5_s_50,>BSCRO429-24_r_1.5_s_50_BSCRO429-24,3139653,YP_009349339.1,family:Agelenidae,,0,null,1536,0.0,0.0,0.0,0.0,null,null,null,null,null,null
BSCRO460-24_r_1.5_s_50_BSCRO460-24,BSCRO460-24,r_1.5_s_50,>BSCRO460-24_r_1.5_s_50_BSCRO460-24,2689247,XCA36587.1,family:Linyphiidae,,1914,null,1533,0.0,230.0,150.36,164.0,null,null,null,null,null,null
BSCRO411-24_r_1.5_s_50_BSCRO411-24,BSCRO411-24,r_1.5_s_50,>BSCRO411-24_r_1.5_s_50_BSCRO411-24,3139650,YP_009349339.1,family:Agelenidae,,2001,null,1536,0.0,302.0,155.31,180.0,null,null,null,null,null,null
BSCRO382-24_r_1.3_s_50_BSCRO382-24,BSCRO382-24,r_1.3_s_50,>BSCRO382-24_r_1.3_s_50_BSCRO382-24,2721269,YP_009680079.1,family:Dysderidae,,2137,null,1530,6.0,440.0,138.33,135.5,null,null,null,null,null,null
BSCRO470-24_r_1.3_s_50_BSCRO470-24,BSCRO470-24,r_1.3_s_50,>BSCRO470-24_r_1.3_s_50_BSCRO470-24,2721269,YP_009680079.1,family:Dysderidae,,732,null,1530,0.0,176.0,39.99,38.0,null,null,null,null,null,null
BSCRO475-24_r_1_s_100_BSCRO475-24,BSCRO475-24,r_1_s_100,>BSCRO475-24_r_1_s_100_BSCRO475-24,2970455,YP_009349339.1,family:Agelenidae,,1572,null,1536,0.0,364.0,129.41,131.5,null,null,null,null,null,null
BSCRO468-24_r_1_s_100_BSCRO468-24,BSCRO468-24,r_1_s_100,>BSCRO468-24_r_1_s_100_BSCRO468-24,3139653,YP_009349339.1,family:Agelenidae,,730,null,1536,18.0,78.0,51.77,53.0,null,null,null,null,null,null
BSCRO422-24_r_1.5_s_50_BSCRO422-24,BSCRO422-24,r_1.5_s_50,>BSCRO422-24_r_1.5_s_50_BSCRO422-24,1959304,PRD22827.1,superfamily:Araneoidea,,452,null,1623,0.0,174.0,29.48,3.0,null,null,null,null,null,null
BSCRO456-24_r_1_s_50_BSCRO456-24,BSCRO456-24,r_1_s_50,>BSCRO456-24_r_1_s_50_BSCRO456-24,3139660,XCA36587.1,family:Linyphiidae,,2334,null,1533,0.0,277.0,146.17,136.0,null,null,null,null,null,null
BSCRO454-24_r_1.5_s_100_BSCRO454-24,BSCRO454-24,r_1.5_s_100,>BSCRO454-24_r_1.5_s_100_BSCRO454-24,1926205,XCA36587.1,family:Linyphiidae,,186,null,1533,0.0,126.0,15.5,4.0,null,null,null,null,null,null
BSCRO474-24_r_1.5_s_100_BSCRO474-24,BSCRO474-24,r_1.5_s_100,>BSCRO474-24_r_1.5_s_100_BSCRO474-24,1872039,YP_009680079.1,family:Dysderidae,,306,null,1530,0.0,108.0,22.1,15.0,null,null,null,null,null,null
BSCRO449-24_r_1.3_s_50_BSCRO449-24,BSCRO449-24,r_1.3_s_50,>BSCRO449-24_r_1.3_s_50_BSCRO449-24,2721269,YP_009680079.1,family:Dysderidae,,426,null,1530,0.0,90.0,29.04,23.0,null,null,null,null,null,null
BSCRO433-24_r_1_s_100_BSCRO433-24_fcleaner,BSCRO433-24,r_1_s_100_fcleaner,>BSCRO433-24_r_1_s_100_BSCRO433-24_fcleaner,2716446,WWQ79001.1,superfamily:Leptonetoidea,null,283,null,null,0.0,41.0,19.3,20.0,0,18,5,0,0,92.26
BSCRO461-24_r_1.3_s_100_BSCRO461-24_fcleaner,BSCRO461-24,r_1.3_s_100_fcleaner,>BSCRO461-24_r_1.3_s_100_BSCRO461-24_fcleaner,2721252,YP_009680079.1,family:Dysderidae,null,841,null,null,0.0,109.0,60.87,63.0,0,31,12,0,0,99.8
BSCRO423-24_r_1_s_50_BSCRO423-24_fcleaner,BSCRO423-24,r_1_s_50_fcleaner,>BSCRO423-24_r_1_s_50_BSCRO423-24_fcleaner,1959304,PRD22827.1,superfamily:Araneoidea,null,1170,null,null,0.0,158.0,74.5,82.0,0,220,81,0,6,98.71
BSCRO410-24_r_1.3_s_50_BSCRO410-24_fcleaner,BSCRO410-24,r_1.3_s_50_fcleaner,>BSCRO410-24_r_1.3_s_50_BSCRO410-24_fcleaner,2716446,WWQ79001.1,superfamily:Leptonetoidea,null,316,null,null,0.0,75.0,21.24,14.0,0,278,5,0,3,71.57
BSCRO414-24_r_1.5_s_50_BSCRO414-24_fcleaner,BSCRO414-24,r_1.5_s_50_fcleaner,>BSCRO414-24_r_1.5_s_50_BSCRO414-24_fcleaner,2721269,YP_009680079.1,family:Dysderidae,null,1073,null,null,0.0,267.0,68.87,66.0,0,241,52,0,0,96.47
BSCRO473-24_r_1.5_s_100_BSCRO473-24_fcleaner,BSCRO473-24,r_1.5_s_100_fcleaner,>BSCRO473-24_r_1.5_s_100_BSCRO473-24_fcleaner,3139653,YP_009349339.1,family:Agelenidae,null,193,null,null,0.0,123.0,15.62,0.0,0,90,4,0,0,44.53
BSCRO418-24_r_1.5_s_50_BSCRO418-24_fcleaner,BSCRO418-24,r_1.5_s_50_fcleaner,>BSCRO418-24_r_1.5_s_50_BSCRO418-24_fcleaner,1109451,QNV12118.1,genus:Amaurobius,null,560,null,null,0.0,166.0,38.23,30.0,0,201,35,0,0,99.8
BSCRO457-24_r_1_s_100_BSCRO457-24_fcleaner,BSCRO457-24,r_1_s_100_fcleaner,>BSCRO457-24_r_1_s_100_BSCRO457-24_fcleaner,2721249,YP_009680079.1,family:Dysderidae,null,494,null,null,0.0,76.0,30.17,28.0,0,33,8,0,0,99.8
BSCRO387-24_r_1.5_s_50_BSCRO387-24_fcleaner,BSCRO387-24,r_1.5_s_50_fcleaner,>BSCRO387-24_r_1.5_s_50_BSCRO387-24_fcleaner,2689247,XCA36587.1,family:Linyphiidae,null,290,null,null,0.0,92.0,15.84,0.0,0,108,21,0,0,49.12
BSCRO390-24_r_1.3_s_50_BSCRO390-24_fcleaner,BSCRO390-24,r_1.3_s_50_fcleaner,>BSCRO390-24_r_1.3_s_50_BSCRO390-24_fcleaner,2747120,QNV12043.1,subfamily:Linyphiinae,null,267,null,null,0.0,41.0,15.99,14.0,0,140,14,0,0,99.8
BSCRO466-24_r_1_s_100_BSCRO466-24_fcleaner,BSCRO466-24,r_1_s_100_fcleaner,>BSCRO466-24_r_1_s_100_BSCRO466-24_fcleaner,2721252,YP_009680079.1,family:Dysderidae,null,372,null,null,0.0,49.0,26.53,26.5,0,44,8,0,0,99.8
BSCRO426-24_r_1_s_100_BSCRO426-24_fcleaner,BSCRO426-24,r_1_s_100_fcleaner,>BSCRO426-24_r_1_s_100_BSCRO426-24_fcleaner,1419516,PRD22827.1,superfamily:Araneoidea,null,5530,null,null,0.0,797.0,438.67,518.0,0,233,108,0,7,87.06
BSCRO427-24_r_1_s_50_BSCRO427-24_fcleaner,BSCRO427-24,r_1_s_50_fcleaner,>BSCRO427-24_r_1_s_50_BSCRO427-24_fcleaner,3139652,YP_009349339.1,family:Agelenidae,null,955,null,null,23.0,132.0,80.42,79.5,0,156,20,0,0,100.0
BSCRO451-24_r_1.5_s_50_BSCRO451-24_fcleaner,BSCRO451-24,r_1.5_s_50_fcleaner,>BSCRO451-24_r_1.5_s_50_BSCRO451-24_fcleaner,3228881,XCA36587.1,family:Linyphiidae,null,2357,null,null,0.0,316.0,188.85,202.0,0,88,69,0,0,99.8
BSCRO442-24_r_1.5_s_50_BSCRO442-24_fcleaner,BSCRO442-24,r_1.5_s_50_fcleaner,>BSCRO442-24_r_1.5_s_50_BSCRO442-24_fcleaner,2721269,YP_009680079.1,family:Dysderidae,null,1075,null,null,0.0,165.0,66.32,62.0,0,318,46,0,0,93.92
BSCRO472-24_r_1.5_s_50_BSCRO472-24_fcleaner,BSCRO472-24,r_1.5_s_50_fcleaner,>BSCRO472-24_r_1.5_s_50_BSCRO472-24_fcleaner,3139660,XCA36587.1,family:Linyphiidae,null,694,null,null,0.0,88.0,53.15,55.0,0,45,12,0,0,99.41
BSCRO450-24_r_1.5_s_100_BSCRO450-24_fcleaner,BSCRO450-24,r_1.5_s_100_fcleaner,>BSCRO450-24_r_1.5_s_100_BSCRO450-24_fcleaner,2721269,YP_009680079.1,family:Dysderidae,null,62,null,null,0.0,34.0,5.27,0.0,0,15,3,0,1,46.08
BSCRO409-24_r_1_s_100_BSCRO409-24_fcleaner,BSCRO409-24,r_1_s_100_fcleaner,>BSCRO409-24_r_1_s_100_BSCRO409-24_fcleaner,3228881,XCA36587.1,family:Linyphiidae,null,2241,null,null,0.0,344.0,180.0,184.0,0,336,76,0,0,96.28
BSCRO383-24_r_1.5_s_50_BSCRO383-24_fcleaner,BSCRO383-24,r_1.5_s_50_fcleaner,>BSCRO383-24_r_1.5_s_50_BSCRO383-24_fcleaner,2721269,YP_009680079.1,family:Dysderidae,null,240,null,null,0.0,44.0,15.81,16.0,0,136,10,0,0,85.29
BSCRO402-24_r_1.5_s_50_BSCRO402-24_fcleaner,BSCRO402-24,r_1.5_s_50_fcleaner,>BSCRO402-24_r_1.5_s_50_BSCRO402-24_fcleaner,2721255,YP_009680079.1,family:Dysderidae,null,75,null,null,0.0,50.0,5.81,0.0,0,37,5,0,0,39.8
BSCRO387-24_r_1.5_s_100_BSCRO387-24_fcleaner,BSCRO387-24,r_1.5_s_100_fcleaner,>BSCRO387-24_r_1.5_s_100_BSCRO387-24_fcleaner,2689247,XCA36587.1,family:Linyphiidae,null,126,null,null,0.0,59.0,10.45,0.0,0,39,4,0,0,40.9
BSCRO436-24_r_1.5_s_100_BSCRO436-24_fcleaner,BSCRO436-24,r_1.5_s_100_fcleaner,>BSCRO436-24_r_1.5_s_100_BSCRO436-24_fcleaner,3139668,YP_009349339.1,family:Agelenidae,null,319,null,null,0.0,47.0,23.72,25.0,0,29,23,0,0,98.83
BSCRO452-24_r_1.3_s_50_BSCRO452-24_fcleaner,BSCRO452-24,r_1.3_s_50_fcleaner,>BSCRO452-24_r_1.3_s_50_BSCRO452-24_fcleaner,1959301,PRD22827.1,superfamily:Araneoidea,null,704,null,null,0.0,154.0,46.79,37.0,0,81,18,0,0,84.66
BSCRO474-24_r_1_s_50_BSCRO474-24_fcleaner,BSCRO474-24,r_1_s_50_fcleaner,>BSCRO474-24_r_1_s_50_BSCRO474-24_fcleaner,1872039,YP_009680079.1,family:Dysderidae,null,972,null,null,0.0,199.0,72.46,72.0,0,649,72,0,6,90.2
BSCRO421-24_r_1.3_s_100_BSCRO421-24_fcleaner,BSCRO421-24,r_1.3_s_100_fcleaner,>BSCRO421-24_r_1.3_s_100_BSCRO421-24_fcleaner,1926205,XCA36587.1,family:Linyphiidae,null,812,null,null,0.0,258.0,65.45,60.0,0,40,36,0,3,70.06
BSCRO385-24_r_1_s_50_BSCRO385-24_fcleaner,BSCRO385-24,r_1_s_50_fcleaner,>BSCRO385-24_r_1_s_50_BSCRO385-24_fcleaner,2747120,QNV12043.1,subfamily:Linyphiinae,null,1683,null,null,0.0,251.0,126.85,121.0,0,165,53,0,0,99.8
BSCRO454-24_r_1.5_s_50_BSCRO454-24_fcleaner,BSCRO454-24,r_1.5_s_50_fcleaner,>BSCRO454-24_r_1.5_s_50_BSCRO454-24_fcleaner,1926205,XCA36587.1,family:Linyphiidae,null,210,null,null,0.0,104.0,14.78,3.0,0,43,5,0,0,57.93
BSCRO464-24_r_1.5_s_50_BSCRO464-24_fcleaner,BSCRO464-24,r_1.5_s_50_fcleaner,>BSCRO464-24_r_1.5_s_50_BSCRO464-24_fcleaner,1926205,XCA36587.1,family:Linyphiidae,null,698,null,null,0.0,84.0,37.34,39.0,0,32,18,0,0,98.43
BSCRO466-24_r_1.3_s_100_BSCRO466-24_fcleaner,BSCRO466-24,r_1.3_s_100_fcleaner,>BSCRO466-24_r_1.3_s_100_BSCRO466-24_fcleaner,2721252,YP_009680079.1,family:Dysderidae,null,335,null,null,0.0,49.0,23.92,25.0,0,21,7,0,0,99.8
BSCRO435-24_r_1.3_s_100_BSCRO435-24_fcleaner,BSCRO435-24,r_1.3_s_100_fcleaner,>BSCRO435-24_r_1.3_s_100_BSCRO435-24_fcleaner,3139669,YP_009349339.1,family:Agelenidae,null,434,null,null,0.0,112.0,32.93,26.0,0,291,12,0,0,78.12
BSCRO474-24_r_1.3_s_50_BSCRO474-24_fcleaner,BSCRO474-24,r_1.3_s_50_fcleaner,>BSCRO474-24_r_1.3_s_50_BSCRO474-24_fcleaner,1872039,YP_009680079.1,family:Dysderidae,null,397,null,null,0.0,111.0,26.86,18.0,0,570,16,0,0,74.51
BSCRO415-24_r_1_s_100_BSCRO415-24_fcleaner,BSCRO415-24,r_1_s_100_fcleaner,>BSCRO415-24_r_1_s_100_BSCRO415-24_fcleaner,2747120,QNV12043.1,subfamily:Linyphiinae,null,472,null,null,0.0,128.0,34.32,31.0,0,1864,44,0,0,83.83
BSCRO424-24_r_1.3_s_100_BSCRO424-24_fcleaner,BSCRO424-24,r_1.3_s_100_fcleaner,>BSCRO424-24_r_1.3_s_100_BSCRO424-24_fcleaner,2721269,YP_009680079.1,family:Dysderidae,null,352,null,null,0.0,57.0,27.68,27.0,0,11,8,0,0,98.04
BSCRO395-24_r_1_s_100_BSCRO395-24_fcleaner,BSCRO395-24,r_1_s_100_fcleaner,>BSCRO395-24_r_1_s_100_BSCRO395-24_fcleaner,2892423,PRD22827.1,superfamily:Araneoidea,null,239,null,null,0.0,49.0,17.18,16.0,0,379,13,0,6,85.03
BSCRO401-24_r_1.5_s_100_BSCRO401-24_fcleaner,BSCRO401-24,r_1.5_s_100_fcleaner,>BSCRO401-24_r_1.5_s_100_BSCRO401-24_fcleaner,2721249,YP_009680079.1,family:Dysderidae,null,1431,null,null,0.0,353.0,119.44,104.0,0,22,37,0,0,90.59
BSCRO436-24_r_1.3_s_100_BSCRO436-24_fcleaner,BSCRO436-24,r_1.3_s_100_fcleaner,>BSCRO436-24_r_1.3_s_100_BSCRO436-24_fcleaner,3139668,YP_009349339.1,family:Agelenidae,null,405,null,null,2.0,53.0,30.59,33.0,0,44,31,0,0,100.0
BSCRO383-24_r_1.3_s_100_BSCRO383-24_fcleaner,BSCRO383-24,r_1.3_s_100_fcleaner,>BSCRO383-24_r_1.3_s_100_BSCRO383-24_fcleaner,2721269,YP_009680079.1,family:Dysderidae,null,238,null,null,0.0,51.0,18.43,16.0,0,50,6,0,0,97.84
BSCRO446-24_r_1_s_50_BSCRO446-24_fcleaner,BSCRO446-24,r_1_s_50_fcleaner,>BSCRO446-24_r_1_s_50_BSCRO446-24_fcleaner,2734922,XAW19444.1,genus:Cheiracanthium,null,192,null,null,0.0,34.0,8.7,8.0,0,167,10,0,0,86.52
BSCRO407-24_r_1_s_100_BSCRO407-24_fcleaner,BSCRO407-24,r_1_s_100_fcleaner,>BSCRO407-24_r_1_s_100_BSCRO407-24_fcleaner,2721249,YP_009680079.1,family:Dysderidae,null,282,null,null,10.0,35.0,21.54,22.0,0,15,8,0,0,100.0
BSCRO426-24_r_1_s_50_BSCRO426-24_fcleaner,BSCRO426-24,r_1_s_50_fcleaner,>BSCRO426-24_r_1_s_50_BSCRO426-24_fcleaner,1419516,PRD22827.1,superfamily:Araneoidea,null,6587,null,null,0.0,829.0,481.78,548.0,0,665,222,0,6,98.52
BSCRO413-24_r_1_s_100_BSCRO413-24_fcleaner,BSCRO413-24,r_1_s_100_fcleaner,>BSCRO413-24_r_1_s_100_BSCRO413-24_fcleaner,3139648,YP_009680079.1,family:Dysderidae,null,825,null,null,0.0,178.0,73.11,63.0,0,38,68,0,6,90.2
BSCRO470-24_r_1_s_100_BSCRO470-24_fcleaner,BSCRO470-24,r_1_s_100_fcleaner,>BSCRO470-24_r_1_s_100_BSCRO470-24_fcleaner,2721269,YP_009680079.1,family:Dysderidae,null,457,null,null,8.0,64.0,33.25,31.0,0,29,9,0,0,100.0
BSCRO449-24_r_1_s_50_BSCRO449-24_fcleaner,BSCRO449-24,r_1_s_50_fcleaner,>BSCRO449-24_r_1_s_50_BSCRO449-24_fcleaner,2721269,YP_009680079.1,family:Dysderidae,null,870,null,null,0.0,150.0,65.15,65.0,0,137,73,0,6,90.39
BSCRO396-24_r_1.5_s_50_BSCRO396-24_fcleaner,BSCRO396-24,r_1.5_s_50_fcleaner,>BSCRO396-24_r_1.5_s_50_BSCRO396-24_fcleaner,2747120,QNV12043.1,subfamily:Linyphiinae,null,615,null,null,0.0,101.0,40.9,40.0,0,73,26,0,0,99.41
BSCRO426-24_r_1.5_s_100_BSCRO426-24_fcleaner,BSCRO426-24,r_1.5_s_100_fcleaner,>BSCRO426-24_r_1.5_s_100_BSCRO426-24_fcleaner,1419516,PRD22827.1,superfamily:Araneoidea,null,1457,null,null,0.0,709.0,109.78,12.0,0,12,21,0,0,52.87
BSCRO429-24_r_1.3_s_50_BSCRO429-24_fcleaner,BSCRO429-24,r_1.3_s_50_fcleaner,null,3139653,YP_009349339.1,family:Agelenidae,null,0,null,null,0.0,0.0,0.0,0.0,0,0,0,0,0,0.0
BSCRO393-24_r_1.3_s_50_BSCRO393-24_fcleaner,BSCRO393-24,r_1.3_s_50_fcleaner,>BSCRO393-24_r_1.3_s_50_BSCRO393-24_fcleaner,3228881,XCA36587.1,family:Linyphiidae,null,288,null,null,0.0,54.0,15.36,14.0,0,90,17,0,0,99.8
BSCRO446-24_r_1.3_s_100_BSCRO446-24_fcleaner,BSCRO446-24,r_1.3_s_100_fcleaner,>BSCRO446-24_r_1.3_s_100_BSCRO446-24_fcleaner,2734922,XAW19444.1,genus:Cheiracanthium,null,93,null,null,0.0,20.0,5.99,6.0,0,54,3,0,0,73.83
BSCRO443-24_r_1.5_s_50_BSCRO443-24_fcleaner,BSCRO443-24,r_1.5_s_50_fcleaner,>BSCRO443-24_r_1.5_s_50_BSCRO443-24_fcleaner,1654896,PRD22827.1,superfamily:Araneoidea,null,106,null,null,0.0,35.0,5.9,2.0,0,16,10,0,0,59.15
BSCRO403-24_r_1.5_s_50_BSCRO403-24_fcleaner,BSCRO403-24,r_1.5_s_50_fcleaner,>BSCRO403-24_r_1.5_s_50_BSCRO403-24_fcleaner,2721256,YP_009680079.1,family:Dysderidae,null,598,null,null,0.0,120.0,34.66,25.0,0,74,22,0,0,92.94
BSCRO395-24_r_1.3_s_50_BSCRO395-24_fcleaner,BSCRO395-24,r_1.3_s_50_fcleaner,>BSCRO395-24_r_1.3_s_50_BSCRO395-24_fcleaner,2892423,PRD22827.1,superfamily:Araneoidea,null,310,null,null,0.0,71.0,16.4,13.0,0,202,10,0,0,81.89
BSCRO453-24_r_1_s_100_BSCRO453-24_fcleaner,BSCRO453-24,r_1_s_100_fcleaner,>BSCRO453-24_r_1_s_100_BSCRO453-24_fcleaner,1395086,YP_009680079.1,family:Dysderidae,null,1082,null,null,25.0,116.0,79.76,83.0,0,73,15,0,0,100.0
BSCRO447-24_r_1.3_s_50_BSCRO447-24_fcleaner,BSCRO447-24,r_1.3_s_50_fcleaner,>BSCRO447-24_r_1.3_s_50_BSCRO447-24_fcleaner,1959301,PRD22827.1,superfamily:Araneoidea,null,360,null,null,0.0,67.0,20.72,19.0,0,71,10,0,0,78.19
BSCRO437-24_r_1.3_s_50_BSCRO437-24_fcleaner,BSCRO437-24,r_1.3_s_50_fcleaner,>BSCRO437-24_r_1.3_s_50_BSCRO437-24_fcleaner,1959301,PRD22827.1,superfamily:Araneoidea,null,1419,null,null,0.0,330.0,102.48,89.0,0,192,30,0,0,79.11
BSCRO387-24_r_1_s_100_BSCRO387-24_fcleaner,BSCRO387-24,r_1_s_100_fcleaner,>BSCRO387-24_r_1_s_100_BSCRO387-24_fcleaner,2689247,XCA36587.1,family:Linyphiidae,null,845,null,null,0.0,176.0,72.84,65.0,0,124,77,0,6,88.45
BSCRO431-24_r_1.5_s_100_BSCRO431-24_fcleaner,BSCRO431-24,r_1.5_s_100_fcleaner,>BSCRO431-24_r_1.5_s_100_BSCRO431-24_fcleaner,1419516,PRD22827.1,superfamily:Araneoidea,null,939,null,null,0.0,439.0,63.06,6.0,0,2,29,0,0,51.2
BSCRO403-24_r_1.5_s_100_BSCRO403-24_fcleaner,BSCRO403-24,r_1.5_s_100_fcleaner,>BSCRO403-24_r_1.5_s_100_BSCRO403-24_fcleaner,2721256,YP_009680079.1,family:Dysderidae,null,459,null,null,0.0,113.0,30.42,23.0,0,23,12,0,0,88.24
BSCRO396-24_r_1.5_s_100_BSCRO396-24_fcleaner,BSCRO396-24,r_1.5_s_100_fcleaner,>BSCRO396-24_r_1.5_s_100_BSCRO396-24_fcleaner,2747120,QNV12043.1,subfamily:Linyphiinae,null,515,null,null,0.0,81.0,38.05,39.0,0,56,8,0,0,99.41
BSCRO446-24_r_1.3_s_50_BSCRO446-24_fcleaner,BSCRO446-24,r_1.3_s_50_fcleaner,>BSCRO446-24_r_1.3_s_50_BSCRO446-24_fcleaner,2734922,XAW19444.1,genus:Cheiracanthium,null,178,null,null,0.0,30.0,8.77,8.0,0,86,2,0,0,88.67
BSCRO460-24_r_1_s_50_BSCRO460-24_fcleaner,BSCRO460-24,r_1_s_50_fcleaner,>BSCRO460-24_r_1_s_50_BSCRO460-24_fcleaner,2689247,XCA36587.1,family:Linyphiidae,null,2266,null,null,0.0,231.0,176.06,177.0,0,182,52,0,0,99.41
BSCRO423-24_r_1.3_s_50_BSCRO423-24_fcleaner,BSCRO423-24,r_1.3_s_50_fcleaner,>BSCRO423-24_r_1.3_s_50_BSCRO423-24_fcleaner,1959304,PRD22827.1,superfamily:Araneoidea,null,669,null,null,0.0,157.0,44.93,32.0,0,108,34,0,2,83.36
BSCRO447-24_r_1_s_100_BSCRO447-24_fcleaner,BSCRO447-24,r_1_s_100_fcleaner,>BSCRO447-24_r_1_s_100_BSCRO447-24_fcleaner,1959301,PRD22827.1,superfamily:Araneoidea,null,370,null,null,0.0,61.0,24.62,27.0,0,25,9,0,6,87.43
BSCRO466-24_r_1.5_s_100_BSCRO466-24_fcleaner,BSCRO466-24,r_1.5_s_100_fcleaner,>BSCRO466-24_r_1.5_s_100_BSCRO466-24_fcleaner,2721252,YP_009680079.1,family:Dysderidae,null,213,null,null,0.0,49.0,15.23,15.0,0,6,3,0,0,91.96
BSCRO455-24_r_1.5_s_100_BSCRO455-24_fcleaner,BSCRO455-24,r_1.5_s_100_fcleaner,>BSCRO455-24_r_1.5_s_100_BSCRO455-24_fcleaner,2747120,QNV12043.1,subfamily:Linyphiinae,null,541,null,null,0.0,75.0,41.3,42.0,0,23,6,0,0,99.41
BSCRO443-24_r_1_s_100_BSCRO443-24_fcleaner,BSCRO443-24,r_1_s_100_fcleaner,>BSCRO443-24_r_1_s_100_BSCRO443-24_fcleaner,1654896,PRD22827.1,superfamily:Araneoidea,null,198,null,null,0.0,36.0,14.31,15.0,0,43,23,0,0,82.99
BSCRO396-24_r_1.3_s_100_BSCRO396-24_fcleaner,BSCRO396-24,r_1.3_s_100_fcleaner,>BSCRO396-24_r_1.3_s_100_BSCRO396-24_fcleaner,2747120,QNV12043.1,subfamily:Linyphiinae,null,672,null,null,0.0,81.0,49.88,51.0,0,95,16,0,0,99.8
BSCRO436-24_r_1_s_50_BSCRO436-24_fcleaner,BSCRO436-24,r_1_s_50_fcleaner,>BSCRO436-24_r_1_s_50_BSCRO436-24_fcleaner,3139668,YP_009349339.1,family:Agelenidae,null,646,null,null,7.0,71.0,40.14,40.0,0,214,59,0,0,100.0
BSCRO472-24_r_1_s_100_BSCRO472-24_fcleaner,BSCRO472-24,r_1_s_100_fcleaner,>BSCRO472-24_r_1_s_100_BSCRO472-24_fcleaner,3139660,XCA36587.1,family:Linyphiidae,null,688,null,null,0.0,92.0,54.78,56.0,0,49,14,0,0,99.41
BSCRO415-24_r_1.3_s_100_BSCRO415-24_fcleaner,BSCRO415-24,r_1.3_s_100_fcleaner,>BSCRO415-24_r_1.3_s_100_BSCRO415-24_fcleaner,2747120,QNV12043.1,subfamily:Linyphiinae,null,1058,null,null,0.0,150.0,66.64,63.0,0,529,33,0,0,99.8
BSCRO402-24_r_1_s_50_BSCRO402-24_fcleaner,BSCRO402-24,r_1_s_50_fcleaner,>BSCRO402-24_r_1_s_50_BSCRO402-24_fcleaner,2721255,YP_009680079.1,family:Dysderidae,null,337,null,null,0.0,86.0,25.49,17.5,0,150,36,0,0,90.78
BSCRO386-24_r_1_s_100_BSCRO386-24_fcleaner,BSCRO386-24,r_1_s_100_fcleaner,>BSCRO386-24_r_1_s_100_BSCRO386-24_fcleaner,2747120,QNV12043.1,subfamily:Linyphiinae,null,1074,null,null,0.0,165.0,89.24,84.0,0,333,27,0,0,99.8
BSCRO418-24_r_1_s_50_BSCRO418-24_fcleaner,BSCRO418-24,r_1_s_50_fcleaner,>BSCRO418-24_r_1_s_50_BSCRO418-24_fcleaner,1109451,QNV12118.1,genus:Amaurobius,null,1427,null,null,0.0,271.0,100.78,100.0,0,484,95,0,0,96.68
BSCRO431-24_r_1.3_s_50_BSCRO431-24_fcleaner,BSCRO431-24,r_1.3_s_50_fcleaner,>BSCRO431-24_r_1.3_s_50_BSCRO431-24_fcleaner,1419516,PRD22827.1,superfamily:Araneoidea,null,2115,null,null,0.0,469.0,138.37,99.0,0,92,72,0,0,86.88
BSCRO423-24_r_1.3_s_100_BSCRO423-24_fcleaner,BSCRO423-24,r_1.3_s_100_fcleaner,>BSCRO423-24_r_1.3_s_100_BSCRO423-24_fcleaner,1959304,PRD22827.1,superfamily:Araneoidea,null,533,null,null,0.0,152.0,39.77,29.0,0,28,21,0,2,74.49
BSCRO473-24_r_1_s_100_BSCRO473-24_fcleaner,BSCRO473-24,r_1_s_100_fcleaner,>BSCRO473-24_r_1_s_100_BSCRO473-24_fcleaner,3139653,YP_009349339.1,family:Agelenidae,null,1160,null,null,0.0,237.0,96.38,96.5,0,213,85,0,3,90.82
BSCRO460-24_r_1.3_s_100_BSCRO460-24_fcleaner,BSCRO460-24,r_1.3_s_100_fcleaner,>BSCRO460-24_r_1.3_s_100_BSCRO460-24_fcleaner,2689247,XCA36587.1,family:Linyphiidae,null,1951,null,null,0.0,224.0,164.04,168.0,0,28,30,0,0,99.41
BSCRO464-24_r_1.3_s_50_BSCRO464-24_fcleaner,BSCRO464-24,r_1.3_s_50_fcleaner,>BSCRO464-24_r_1.3_s_50_BSCRO464-24_fcleaner,1926205,XCA36587.1,family:Linyphiidae,null,905,null,null,0.0,90.0,49.12,50.0,0,69,23,0,0,99.41
BSCRO459-24_r_1.3_s_100_BSCRO459-24_fcleaner,BSCRO459-24,r_1.3_s_100_fcleaner,>BSCRO459-24_r_1.3_s_100_BSCRO459-24_fcleaner,1872039,YP_009680079.1,family:Dysderidae,null,2612,null,null,0.0,331.0,179.96,183.0,0,153,38,0,0,99.41
BSCRO430-24_r_1.5_s_100_BSCRO430-24_fcleaner,BSCRO430-24,r_1.5_s_100_fcleaner,>BSCRO430-24_r_1.5_s_100_BSCRO430-24_fcleaner,3139653,YP_009349339.1,family:Agelenidae,null,210,null,null,0.0,30.0,15.45,15.0,0,8,18,0,0,92.77
BSCRO443-24_r_1.3_s_100_BSCRO443-24_fcleaner,BSCRO443-24,r_1.3_s_100_fcleaner,>BSCRO443-24_r_1.3_s_100_BSCRO443-24_fcleaner,1654896,PRD22827.1,superfamily:Araneoidea,null,143,null,null,0.0,32.0,10.12,8.0,0,11,15,0,0,76.52
BSCRO429-24_r_1_s_50_BSCRO429-24_fcleaner,BSCRO429-24,r_1_s_50_fcleaner,null,3139653,YP_009349339.1,family:Agelenidae,null,0,null,null,0.0,0.0,0.0,0.0,0,0,0,0,0,0.0
BSCRO388-24_r_1_s_100_BSCRO388-24_fcleaner,BSCRO388-24,r_1_s_100_fcleaner,>BSCRO388-24_r_1_s_100_BSCRO388-24_fcleaner,2721269,YP_009680079.1,family:Dysderidae,null,1129,null,null,0.0,285.0,95.75,91.0,0,65,83,0,6,90.59
BSCRO390-24_r_1.5_s_100_BSCRO390-24_fcleaner,BSCRO390-24,r_1.5_s_100_fcleaner,>BSCRO390-24_r_1.5_s_100_BSCRO390-24_fcleaner,2747120,QNV12043.1,subfamily:Linyphiinae,null,154,null,null,0.0,34.0,10.15,9.0,0,42,4,0,0,92.11
BSCRO432-24_r_1.3_s_100_BSCRO432-24_fcleaner,BSCRO432-24,r_1.3_s_100_fcleaner,>BSCRO432-24_r_1.3_s_100_BSCRO432-24_fcleaner,3139650,YP_009349339.1,family:Agelenidae,null,100,null,null,0.0,16.0,6.23,6.0,0,2,4,0,0,97.46
BSCRO414-24_r_1_s_100_BSCRO414-24_fcleaner,BSCRO414-24,r_1_s_100_fcleaner,>BSCRO414-24_r_1_s_100_BSCRO414-24_fcleaner,2721269,YP_009680079.1,family:Dysderidae,null,1162,null,null,37.0,180.0,92.43,84.0,0,94,27,0,0,100.0
BSCRO425-24_r_1.5_s_50_BSCRO425-24_fcleaner,BSCRO425-24,r_1.5_s_50_fcleaner,>BSCRO425-24_r_1.5_s_50_BSCRO425-24_fcleaner,1419516,PRD22827.1,superfamily:Araneoidea,null,317,null,null,0.0,133.0,20.99,6.0,0,40,10,0,0,67.28
BSCRO382-24_r_1.5_s_100_BSCRO382-24_fcleaner,BSCRO382-24,r_1.5_s_100_fcleaner,>BSCRO382-24_r_1.5_s_100_BSCRO382-24_fcleaner,2721269,YP_009680079.1,family:Dysderidae,null,1021,null,null,0.0,179.0,80.76,89.0,0,29,22,0,0,90.59
BSCRO419-24_r_1.5_s_100_BSCRO419-24_fcleaner,BSCRO419-24,r_1.5_s_100_fcleaner,>BSCRO419-24_r_1.5_s_100_BSCRO419-24_fcleaner,1907062,XCA36587.1,subfamily:Erigoninae,null,79,null,null,0.0,58.0,4.9,0.0,0,4,6,0,0,27.4
BSCRO438-24_r_1_s_50_BSCRO438-24_fcleaner,BSCRO438-24,r_1_s_50_fcleaner,>BSCRO438-24_r_1_s_50_BSCRO438-24_fcleaner,2721255,YP_009680079.1,family:Dysderidae,null,611,null,null,0.0,109.0,47.08,54.0,0,219,48,0,0,90.78
BSCRO445-24_r_1_s_50_BSCRO445-24_fcleaner,BSCRO445-24,r_1_s_50_fcleaner,>BSCRO445-24_r_1_s_50_BSCRO445-24_fcleaner,1959301,PRD22827.1,superfamily:Araneoidea,null,371,null,null,0.0,64.0,15.88,12.0,0,72,11,0,0,85.95
BSCRO450-24_r_1_s_100_BSCRO450-24_fcleaner,BSCRO450-24,r_1_s_100_fcleaner,>BSCRO450-24_r_1_s_100_BSCRO450-24_fcleaner,2721269,YP_009680079.1,family:Dysderidae,null,465,null,null,0.0,90.0,39.47,40.5,0,101,37,0,3,90.0
BSCRO407-24_r_1.5_s_50_BSCRO407-24_fcleaner,BSCRO407-24,r_1.5_s_50_fcleaner,>BSCRO407-24_r_1.5_s_50_BSCRO407-24_fcleaner,2721249,YP_009680079.1,family:Dysderidae,null,355,null,null,0.0,135.0,18.41,16.0,0,73,23,0,0,97.65
BSCRO424-24_r_1.5_s_50_BSCRO424-24_fcleaner,BSCRO424-24,r_1.5_s_50_fcleaner,>BSCRO424-24_r_1.5_s_50_BSCRO424-24_fcleaner,2721269,YP_009680079.1,family:Dysderidae,null,304,null,null,0.0,60.0,21.68,19.0,0,84,13,0,0,94.31
BSCRO391-24_r_1.3_s_50_BSCRO391-24_fcleaner,BSCRO391-24,r_1.3_s_50_fcleaner,>BSCRO391-24_r_1.3_s_50_BSCRO391-24_fcleaner,3139650,YP_009349339.1,family:Agelenidae,null,468,null,null,0.0,101.0,37.07,32.0,0,238,33,0,0,89.45
BSCRO442-24_r_1_s_100_BSCRO442-24_fcleaner,BSCRO442-24,r_1_s_100_fcleaner,>BSCRO442-24_r_1_s_100_BSCRO442-24_fcleaner,2721269,YP_009680079.1,family:Dysderidae,null,1426,null,null,21.0,163.0,98.03,95.0,0,658,78,0,0,100.0
BSCRO441-24_r_1_s_100_BSCRO441-24_fcleaner,BSCRO441-24,r_1_s_100_fcleaner,>BSCRO441-24_r_1_s_100_BSCRO441-24_fcleaner,2747156,XRO44683.1,genus:Zoropsis,null,4729,null,null,0.0,490.0,374.79,392.0,0,395,252,0,0,99.8
BSCRO412-24_r_1_s_100_BSCRO412-24_fcleaner,BSCRO412-24,r_1_s_100_fcleaner,>BSCRO412-24_r_1_s_100_BSCRO412-24_fcleaner,2721269,YP_009680079.1,family:Dysderidae,null,273,null,null,4.0,41.0,21.3,21.0,0,18,5,0,0,100.0
BSCRO432-24_r_1.5_s_50_BSCRO432-24_fcleaner,BSCRO432-24,r_1.5_s_50_fcleaner,>BSCRO432-24_r_1.5_s_50_BSCRO432-24_fcleaner,3139650,YP_009349339.1,family:Agelenidae,null,122,null,null,0.0,18.0,6.54,6.0,0,13,4,0,0,90.43
BSCRO388-24_r_1.3_s_100_BSCRO388-24_fcleaner,BSCRO388-24,r_1.3_s_100_fcleaner,>BSCRO388-24_r_1.3_s_100_BSCRO388-24_fcleaner,2721269,YP_009680079.1,family:Dysderidae,null,451,null,null,0.0,148.0,35.31,19.5,0,28,17,0,0,74.9
BSCRO413-24_r_1_s_50_BSCRO413-24_fcleaner,BSCRO413-24,r_1_s_50_fcleaner,>BSCRO413-24_r_1_s_50_BSCRO413-24_fcleaner,3139648,YP_009680079.1,family:Dysderidae,null,937,null,null,0.0,188.0,78.08,65.5,0,67,70,0,6,90.2
BSCRO390-24_r_1_s_50_BSCRO390-24_fcleaner,BSCRO390-24,r_1_s_50_fcleaner,>BSCRO390-24_r_1_s_50_BSCRO390-24_fcleaner,2747120,QNV12043.1,subfamily:Linyphiinae,null,252,null,null,0.0,41.0,15.4,14.0,0,407,22,0,1,99.41
BSCRO414-24_r_1_s_50_BSCRO414-24_fcleaner,BSCRO414-24,r_1_s_50_fcleaner,>BSCRO414-24_r_1_s_50_BSCRO414-24_fcleaner,2721269,YP_009680079.1,family:Dysderidae,null,1983,null,null,39.0,509.0,116.76,96.0,0,1070,125,0,0,100.0
BSCRO463-24_r_1_s_50_BSCRO463-24_fcleaner,BSCRO463-24,r_1_s_50_fcleaner,>BSCRO463-24_r_1_s_50_BSCRO463-24_fcleaner,2721269,YP_009680079.1,family:Dysderidae,null,1519,null,null,0.0,264.0,119.68,126.5,0,193,140,0,3,92.16
BSCRO447-24_r_1.3_s_100_BSCRO447-24_fcleaner,BSCRO447-24,r_1.3_s_100_fcleaner,>BSCRO447-24_r_1.3_s_100_BSCRO447-24_fcleaner,1959301,PRD22827.1,superfamily:Araneoidea,null,275,null,null,0.0,61.0,17.7,14.0,0,12,4,0,0,72.64
BSCRO386-24_r_1.5_s_50_BSCRO386-24_fcleaner,BSCRO386-24,r_1.5_s_50_fcleaner,>BSCRO386-24_r_1.5_s_50_BSCRO386-24_fcleaner,2747120,QNV12043.1,subfamily:Linyphiinae,null,1049,null,null,0.0,242.0,75.39,72.0,0,751,43,0,0,99.8
BSCRO383-24_r_1_s_100_BSCRO383-24_fcleaner,BSCRO383-24,r_1_s_100_fcleaner,>BSCRO383-24_r_1_s_100_BSCRO383-24_fcleaner,2721269,YP_009680079.1,family:Dysderidae,null,236,null,null,5.0,44.0,18.68,17.0,0,161,10,0,0,100.0
BSCRO404-24_r_1.5_s_100_BSCRO404-24_fcleaner,BSCRO404-24,r_1.5_s_100_fcleaner,>BSCRO404-24_r_1.5_s_100_BSCRO404-24_fcleaner,2721249,YP_009680079.1,family:Dysderidae,null,344,null,null,0.0,72.0,22.16,16.0,0,15,11,0,1,84.51
BSCRO470-24_r_1_s_50_BSCRO470-24_fcleaner,BSCRO470-24,r_1_s_50_fcleaner,>BSCRO470-24_r_1_s_50_BSCRO470-24_fcleaner,2721269,YP_009680079.1,family:Dysderidae,null,753,null,null,12.0,109.0,42.83,41.5,0,368,45,0,0,100.0
BSCRO400-24_r_1.3_s_100_BSCRO400-24_fcleaner,BSCRO400-24,r_1.3_s_100_fcleaner,>BSCRO400-24_r_1.3_s_100_BSCRO400-24_fcleaner,2766751,WWQ79001.1,superfamily:Leptonetoidea,null,583,null,null,0.0,85.0,47.08,54.0,0,193,19,0,0,91.3
BSCRO398-24_r_1.3_s_100_BSCRO398-24_fcleaner,BSCRO398-24,r_1.3_s_100_fcleaner,>BSCRO398-24_r_1.3_s_100_BSCRO398-24_fcleaner,2721269,YP_009680079.1,family:Dysderidae,null,592,null,null,0.0,81.0,48.46,52.0,0,26,9,0,0,99.22
BSCRO459-24_r_1.3_s_50_BSCRO459-24_fcleaner,BSCRO459-24,r_1.3_s_50_fcleaner,>BSCRO459-24_r_1.3_s_50_BSCRO459-24_fcleaner,1872039,YP_009680079.1,family:Dysderidae,null,3580,null,null,2.0,482.0,211.69,207.5,0,1111,80,0,0,100.0
BSCRO422-24_r_1_s_50_BSCRO422-24_fcleaner,BSCRO422-24,r_1_s_50_fcleaner,>BSCRO422-24_r_1_s_50_BSCRO422-24_fcleaner,1959304,PRD22827.1,superfamily:Araneoidea,null,1500,null,null,0.0,191.0,104.52,115.0,0,240,65,0,6,94.09
BSCRO409-24_r_1.5_s_50_BSCRO409-24_fcleaner,BSCRO409-24,r_1.5_s_50_fcleaner,>BSCRO409-24_r_1.5_s_50_BSCRO409-24_fcleaner,3228881,XCA36587.1,family:Linyphiidae,null,1503,null,null,0.0,336.0,111.37,107.0,0,146,52,0,0,90.41
BSCRO405-24_r_1_s_100_BSCRO405-24_fcleaner,BSCRO405-24,r_1_s_100_fcleaner,null,2770607,YP_009680079.1,family:Dysderidae,null,0,null,null,0.0,0.0,0.0,0.0,0,0,0,0,0,0.0
BSCRO430-24_r_1.3_s_50_BSCRO430-24_fcleaner,BSCRO430-24,r_1.3_s_50_fcleaner,>BSCRO430-24_r_1.3_s_50_BSCRO430-24_fcleaner,3139653,YP_009349339.1,family:Agelenidae,null,326,null,null,0.0,35.0,20.51,21.0,0,59,31,0,0,99.61
BSCRO381-24_r_1.5_s_50_BSCRO381-24_fcleaner,BSCRO381-24,r_1.5_s_50_fcleaner,null,3139648,YP_009680079.1,family:Dysderidae,null,0,null,null,0.0,0.0,0.0,0.0,0,0,0,0,0,0.0
BSCRO472-24_r_1.3_s_50_BSCRO472-24_fcleaner,BSCRO472-24,r_1.3_s_50_fcleaner,>BSCRO472-24_r_1.3_s_50_BSCRO472-24_fcleaner,3139660,XCA36587.1,family:Linyphiidae,null,766,null,null,0.0,98.0,57.69,58.0,0,102,18,0,0,99.41
BSCRO437-24_r_1.3_s_100_BSCRO437-24_fcleaner,BSCRO437-24,r_1.3_s_100_fcleaner,>BSCRO437-24_r_1.3_s_100_BSCRO437-24_fcleaner,1959301,PRD22827.1,superfamily:Araneoidea,null,1292,null,null,0.0,319.0,97.43,82.0,0,61,23,0,1,74.49
BSCRO401-24_r_1_s_100_BSCRO401-24_fcleaner,BSCRO401-24,r_1_s_100_fcleaner,>BSCRO401-24_r_1_s_100_BSCRO401-24_fcleaner,2721249,YP_009680079.1,family:Dysderidae,null,2923,null,null,0.0,401.0,254.49,261.0,0,112,100,0,0,94.9
BSCRO465-24_r_1.5_s_50_BSCRO465-24_fcleaner,BSCRO465-24,r_1.5_s_50_fcleaner,>BSCRO465-24_r_1.5_s_50_BSCRO465-24_fcleaner,1926205,XCA36587.1,family:Linyphiidae,null,1807,null,null,0.0,195.0,131.86,137.0,0,153,30,0,0,99.41
BSCRO434-24_r_1.3_s_100_BSCRO434-24_fcleaner,BSCRO434-24,r_1.3_s_100_fcleaner,>BSCRO434-24_r_1.3_s_100_BSCRO434-24_fcleaner,2721252,YP_009680079.1,family:Dysderidae,null,934,null,null,7.0,114.0,65.7,65.0,0,29,33,0,0,100.0
BSCRO463-24_r_1.3_s_100_BSCRO463-24_fcleaner,BSCRO463-24,r_1.3_s_100_fcleaner,>BSCRO463-24_r_1.3_s_100_BSCRO463-24_fcleaner,2721269,YP_009680079.1,family:Dysderidae,null,549,null,null,0.0,172.0,42.82,32.0,0,8,28,0,0,76.27
BSCRO408-24_r_1_s_100_BSCRO408-24_fcleaner,BSCRO408-24,r_1_s_100_fcleaner,>BSCRO408-24_r_1_s_100_BSCRO408-24_fcleaner,3228881,XCA36587.1,family:Linyphiidae,null,1199,null,null,0.0,134.0,92.03,92.0,0,108,36,0,0,99.8
BSCRO471-24_r_1.5_s_50_BSCRO471-24_fcleaner,BSCRO471-24,r_1.5_s_50_fcleaner,>BSCRO471-24_r_1.5_s_50_BSCRO471-24_fcleaner,2970455,YP_009349339.1,family:Agelenidae,null,1027,null,null,0.0,119.0,71.73,77.0,0,143,23,0,0,99.61
BSCRO398-24_r_1_s_50_BSCRO398-24_fcleaner,BSCRO398-24,r_1_s_50_fcleaner,>BSCRO398-24_r_1_s_50_BSCRO398-24_fcleaner,2721269,YP_009680079.1,family:Dysderidae,null,970,null,null,0.0,122.0,63.99,62.0,0,255,43,0,0,99.8
BSCRO474-24_r_1.5_s_50_BSCRO474-24_fcleaner,BSCRO474-24,r_1.5_s_50_fcleaner,>BSCRO474-24_r_1.5_s_50_BSCRO474-24_fcleaner,1872039,YP_009680079.1,family:Dysderidae,null,81,null,null,0.0,38.0,4.55,0.0,0,388,9,0,0,38.43
BSCRO442-24_r_1.5_s_100_BSCRO442-24_fcleaner,BSCRO442-24,r_1.5_s_100_fcleaner,>BSCRO442-24_r_1.5_s_100_BSCRO442-24_fcleaner,2721269,YP_009680079.1,family:Dysderidae,null,903,null,null,0.0,149.0,60.37,60.0,0,159,45,0,0,90.2
BSCRO428-24_r_1.3_s_50_BSCRO428-24_fcleaner,BSCRO428-24,r_1.3_s_50_fcleaner,>BSCRO428-24_r_1.3_s_50_BSCRO428-24_fcleaner,3139669,YP_009349339.1,family:Agelenidae,null,637,null,null,0.0,204.0,41.88,26.0,0,113,25,0,0,77.73
BSCRO469-24_r_1_s_100_BSCRO469-24_fcleaner,BSCRO469-24,r_1_s_100_fcleaner,>BSCRO469-24_r_1_s_100_BSCRO469-24_fcleaner,3139660,XCA36587.1,family:Linyphiidae,null,654,null,null,0.0,99.0,39.36,36.0,0,100,8,0,0,99.41
BSCRO433-24_r_1.3_s_100_BSCRO433-24_fcleaner,BSCRO433-24,r_1.3_s_100_fcleaner,>BSCRO433-24_r_1.3_s_100_BSCRO433-24_fcleaner,2716446,WWQ79001.1,superfamily:Leptonetoidea,null,251,null,null,0.0,39.0,17.08,17.0,0,11,4,0,0,92.26
BSCRO421-24_r_1.5_s_50_BSCRO421-24_fcleaner,BSCRO421-24,r_1.5_s_50_fcleaner,>BSCRO421-24_r_1.5_s_50_BSCRO421-24_fcleaner,1926205,XCA36587.1,family:Linyphiidae,null,371,null,null,0.0,180.0,26.02,1.0,0,60,13,0,1,51.66
BSCRO383-24_r_1.5_s_100_BSCRO383-24_fcleaner,BSCRO383-24,r_1.5_s_100_fcleaner,>BSCRO383-24_r_1.5_s_100_BSCRO383-24_fcleaner,2721269,YP_009680079.1,family:Dysderidae,null,186,null,null,0.0,42.0,14.25,14.0,0,27,4,0,0,84.31
BSCRO385-24_r_1.5_s_100_BSCRO385-24_fcleaner,BSCRO385-24,r_1.5_s_100_fcleaner,>BSCRO385-24_r_1.5_s_100_BSCRO385-24_fcleaner,2747120,QNV12043.1,subfamily:Linyphiinae,null,1104,null,null,0.0,190.0,90.55,89.0,0,50,21,0,0,99.41
BSCRO385-24_r_1.5_s_50_BSCRO385-24_fcleaner,BSCRO385-24,r_1.5_s_50_fcleaner,>BSCRO385-24_r_1.5_s_50_BSCRO385-24_fcleaner,2747120,QNV12043.1,subfamily:Linyphiinae,null,1232,null,null,0.0,222.0,95.06,91.0,0,66,19,0,0,99.41
BSCRO394-24_r_1.5_s_50_BSCRO394-24_fcleaner,BSCRO394-24,r_1.5_s_50_fcleaner,>BSCRO394-24_r_1.5_s_50_BSCRO394-24_fcleaner,3228881,XCA36587.1,family:Linyphiidae,null,124,null,null,0.0,20.0,7.56,8.0,0,70,10,0,0,90.22
BSCRO439-24_r_1.3_s_100_BSCRO439-24_fcleaner,BSCRO439-24,r_1.3_s_100_fcleaner,>BSCRO439-24_r_1.3_s_100_BSCRO439-24_fcleaner,2970455,YP_009349339.1,family:Agelenidae,null,921,null,null,0.0,161.0,73.83,71.5,0,57,22,0,0,99.8
BSCRO462-24_r_1.5_s_100_BSCRO462-24_fcleaner,BSCRO462-24,r_1.5_s_100_fcleaner,>BSCRO462-24_r_1.5_s_100_BSCRO462-24_fcleaner,3139648,YP_009680079.1,family:Dysderidae,null,212,null,null,0.0,110.0,13.99,0.0,0,28,1,0,1,44.51
BSCRO439-24_r_1.3_s_50_BSCRO439-24_fcleaner,BSCRO439-24,r_1.3_s_50_fcleaner,>BSCRO439-24_r_1.3_s_50_BSCRO439-24_fcleaner,2970455,YP_009349339.1,family:Agelenidae,null,1005,null,null,0.0,176.0,77.37,75.0,0,102,29,0,0,99.8
BSCRO413-24_r_1.3_s_100_BSCRO413-24_fcleaner,BSCRO413-24,r_1.3_s_100_fcleaner,>BSCRO413-24_r_1.3_s_100_BSCRO413-24_fcleaner,3139648,YP_009680079.1,family:Dysderidae,null,260,null,null,0.0,127.0,22.53,16.0,0,12,12,0,0,74.31
BSCRO395-24_r_1.5_s_100_BSCRO395-24_fcleaner,BSCRO395-24,r_1.5_s_100_fcleaner,>BSCRO395-24_r_1.5_s_100_BSCRO395-24_fcleaner,2892423,PRD22827.1,superfamily:Araneoidea,null,140,null,null,0.0,45.0,8.75,2.0,0,44,0,0,0,56.75
BSCRO389-24_r_1_s_50_BSCRO389-24_fcleaner,BSCRO389-24,r_1_s_50_fcleaner,>BSCRO389-24_r_1_s_50_BSCRO389-24_fcleaner,2747120,QNV12043.1,subfamily:Linyphiinae,null,1036,null,null,0.0,126.0,83.55,83.0,0,115,39,0,0,99.8
BSCRO409-24_r_1.3_s_100_BSCRO409-24_fcleaner,BSCRO409-24,r_1.3_s_100_fcleaner,>BSCRO409-24_r_1.3_s_100_BSCRO409-24_fcleaner,3228881,XCA36587.1,family:Linyphiidae,null,2061,null,null,0.0,332.0,166.52,178.0,0,173,67,0,0,96.28
BSCRO428-24_r_1.3_s_100_BSCRO428-24_fcleaner,BSCRO428-24,r_1.3_s_100_fcleaner,>BSCRO428-24_r_1.3_s_100_BSCRO428-24_fcleaner,3139669,YP_009349339.1,family:Agelenidae,null,484,null,null,0.0,179.0,35.72,20.0,0,100,18,0,0,72.27
BSCRO389-24_r_1.5_s_50_BSCRO389-24_fcleaner,BSCRO389-24,r_1.5_s_50_fcleaner,>BSCRO389-24_r_1.5_s_50_BSCRO389-24_fcleaner,2747120,QNV12043.1,subfamily:Linyphiinae,null,721,null,null,0.0,111.0,61.24,64.0,0,59,16,0,0,99.41
BSCRO453-24_r_1.3_s_100_BSCRO453-24_fcleaner,BSCRO453-24,r_1.3_s_100_fcleaner,>BSCRO453-24_r_1.3_s_100_BSCRO453-24_fcleaner,1395086,YP_009680079.1,family:Dysderidae,null,1016,null,null,0.0,116.0,74.35,83.0,0,61,14,0,0,98.43
BSCRO454-24_r_1.5_s_100_BSCRO454-24_fcleaner,BSCRO454-24,r_1.5_s_100_fcleaner,>BSCRO454-24_r_1.5_s_100_BSCRO454-24_fcleaner,1926205,XCA36587.1,family:Linyphiidae,null,152,null,null,0.0,99.0,13.01,0.0,0,28,6,0,0,49.9
BSCRO425-24_r_1.5_s_100_BSCRO425-24_fcleaner,BSCRO425-24,r_1.5_s_100_fcleaner,>BSCRO425-24_r_1.5_s_100_BSCRO425-24_fcleaner,1419516,PRD22827.1,superfamily:Araneoidea,null,280,null,null,0.0,126.0,20.17,5.0,0,5,4,0,0,57.12
BSCRO382-24_r_1_s_100_BSCRO382-24_fcleaner,BSCRO382-24,r_1_s_100_fcleaner,>BSCRO382-24_r_1_s_100_BSCRO382-24_fcleaner,2721269,YP_009680079.1,family:Dysderidae,null,1644,null,null,37.0,243.0,131.28,128.0,0,71,39,0,0,100.0
BSCRO444-24_r_1_s_100_BSCRO444-24_fcleaner,BSCRO444-24,r_1_s_100_fcleaner,>BSCRO444-24_r_1_s_100_BSCRO444-24_fcleaner,1654896,PRD22827.1,superfamily:Araneoidea,null,108,null,null,0.0,27.0,7.01,5.0,0,36,5,0,6,78.0
BSCRO465-24_r_1.3_s_100_BSCRO465-24_fcleaner,BSCRO465-24,r_1.3_s_100_fcleaner,>BSCRO465-24_r_1.3_s_100_BSCRO465-24_fcleaner,1926205,XCA36587.1,family:Linyphiidae,null,1735,null,null,0.0,192.0,134.26,137.0,0,120,31,0,0,99.41
BSCRO393-24_r_1.3_s_100_BSCRO393-24_fcleaner,BSCRO393-24,r_1.3_s_100_fcleaner,>BSCRO393-24_r_1.3_s_100_BSCRO393-24_fcleaner,3228881,XCA36587.1,family:Linyphiidae,null,197,null,null,0.0,37.0,12.81,12.0,0,25,6,0,0,99.8
BSCRO420-24_r_1_s_100_BSCRO420-24_fcleaner,BSCRO420-24,r_1_s_100_fcleaner,>BSCRO420-24_r_1_s_100_BSCRO420-24_fcleaner,933043,XCA36587.1,family:Linyphiidae,null,6464,null,null,0.0,797.0,468.56,507.0,0,1193,142,0,3,99.41
BSCRO434-24_r_1_s_100_BSCRO434-24_fcleaner,BSCRO434-24,r_1_s_100_fcleaner,>BSCRO434-24_r_1_s_100_BSCRO434-24_fcleaner,2721252,YP_009680079.1,family:Dysderidae,null,1013,null,null,15.0,115.0,71.61,68.0,0,33,36,0,0,100.0
BSCRO426-24_r_1.3_s_100_BSCRO426-24_fcleaner,BSCRO426-24,r_1.3_s_100_fcleaner,>BSCRO426-24_r_1.3_s_100_BSCRO426-24_fcleaner,1419516,PRD22827.1,superfamily:Araneoidea,null,3500,null,null,0.0,769.0,273.33,257.0,0,119,64,0,0,73.57
BSCRO438-24_r_1.3_s_100_BSCRO438-24_fcleaner,BSCRO438-24,r_1.3_s_100_fcleaner,>BSCRO438-24_r_1.3_s_100_BSCRO438-24_fcleaner,2721255,YP_009680079.1,family:Dysderidae,null,196,null,null,0.0,88.0,16.33,7.0,0,60,5,0,1,61.96
BSCRO391-24_r_1.5_s_100_BSCRO391-24_fcleaner,BSCRO391-24,r_1.5_s_100_fcleaner,>BSCRO391-24_r_1.5_s_100_BSCRO391-24_fcleaner,3139650,YP_009349339.1,family:Agelenidae,null,226,null,null,0.0,82.0,18.84,13.0,0,41,13,0,0,62.7
BSCRO459-24_r_1_s_100_BSCRO459-24_fcleaner,BSCRO459-24,r_1_s_100_fcleaner,>BSCRO459-24_r_1_s_100_BSCRO459-24_fcleaner,1872039,YP_009680079.1,family:Dysderidae,null,2887,null,null,81.0,332.0,200.19,195.0,0,205,43,0,0,100.0
BSCRO422-24_r_1.3_s_100_BSCRO422-24_fcleaner,BSCRO422-24,r_1.3_s_100_fcleaner,>BSCRO422-24_r_1.3_s_100_BSCRO422-24_fcleaner,1959304,PRD22827.1,superfamily:Araneoidea,null,787,null,null,0.0,174.0,58.67,42.0,0,50,42,0,0,73.57
BSCRO445-24_r_1.5_s_50_BSCRO445-24_fcleaner,BSCRO445-24,r_1.5_s_50_fcleaner,>BSCRO445-24_r_1.5_s_50_BSCRO445-24_fcleaner,1959301,PRD22827.1,superfamily:Araneoidea,null,145,null,null,0.0,50.0,5.92,0.0,0,17,2,0,0,47.87
BSCRO474-24_r_1.5_s_100_BSCRO474-24_fcleaner,BSCRO474-24,r_1.5_s_100_fcleaner,>BSCRO474-24_r_1.5_s_100_BSCRO474-24_fcleaner,1872039,YP_009680079.1,family:Dysderidae,null,51,null,null,0.0,22.0,3.77,0.0,0,252,3,0,0,36.47
BSCRO473-24_r_1_s_50_BSCRO473-24_fcleaner,BSCRO473-24,r_1_s_50_fcleaner,>BSCRO473-24_r_1_s_50_BSCRO473-24_fcleaner,3139653,YP_009349339.1,family:Agelenidae,null,1549,null,null,0.0,249.0,112.48,114.5,0,306,142,0,3,90.82
BSCRO408-24_r_1_s_50_BSCRO408-24_fcleaner,BSCRO408-24,r_1_s_50_fcleaner,>BSCRO408-24_r_1_s_50_BSCRO408-24_fcleaner,3228881,XCA36587.1,family:Linyphiidae,null,1568,null,null,0.0,151.0,105.38,108.0,0,270,61,0,0,99.8
BSCRO381-24_r_1_s_100_BSCRO381-24_fcleaner,BSCRO381-24,r_1_s_100_fcleaner,null,3139648,YP_009680079.1,family:Dysderidae,null,0,null,null,0.0,0.0,0.0,0.0,0,0,0,0,0,0.0
BSCRO391-24_r_1.5_s_50_BSCRO391-24_fcleaner,BSCRO391-24,r_1.5_s_50_fcleaner,>BSCRO391-24_r_1.5_s_50_BSCRO391-24_fcleaner,3139650,YP_009349339.1,family:Agelenidae,null,275,null,null,0.0,89.0,20.79,14.0,0,107,15,0,0,65.04
BSCRO442-24_r_1.3_s_100_BSCRO442-24_fcleaner,BSCRO442-24,r_1.3_s_100_fcleaner,>BSCRO442-24_r_1.3_s_100_BSCRO442-24_fcleaner,2721269,YP_009680079.1,family:Dysderidae,null,1317,null,null,0.0,178.0,88.43,91.0,0,271,62,0,0,99.22
BSCRO471-24_r_1.5_s_100_BSCRO471-24_fcleaner,BSCRO471-24,r_1.5_s_100_fcleaner,>BSCRO471-24_r_1.5_s_100_BSCRO471-24_fcleaner,2970455,YP_009349339.1,family:Agelenidae,null,907,null,null,0.0,110.0,67.54,75.0,0,94,18,0,0,98.44
BSCRO449-24_r_1.5_s_100_BSCRO449-24_fcleaner,BSCRO449-24,r_1.5_s_100_fcleaner,>BSCRO449-24_r_1.5_s_100_BSCRO449-24_fcleaner,2721269,YP_009680079.1,family:Dysderidae,null,87,null,null,0.0,48.0,6.97,0.0,0,13,6,0,0,26.27
BSCRO464-24_r_1.3_s_100_BSCRO464-24_fcleaner,BSCRO464-24,r_1.3_s_100_fcleaner,>BSCRO464-24_r_1.3_s_100_BSCRO464-24_fcleaner,1926205,XCA36587.1,family:Linyphiidae,null,640,null,null,0.0,73.0,40.49,44.0,0,15,14,0,0,99.41
BSCRO397-24_r_1_s_100_BSCRO397-24_fcleaner,BSCRO397-24,r_1_s_100_fcleaner,>BSCRO397-24_r_1_s_100_BSCRO397-24_fcleaner,3139669,YP_009349339.1,family:Agelenidae,null,1936,null,null,0.0,377.0,166.34,162.0,0,182,136,0,3,91.21
BSCRO473-24_r_1.3_s_50_BSCRO473-24_fcleaner,BSCRO473-24,r_1.3_s_50_fcleaner,>BSCRO473-24_r_1.3_s_50_BSCRO473-24_fcleaner,3139653,YP_009349339.1,family:Agelenidae,null,617,null,null,0.0,169.0,41.77,28.0,0,202,28,0,0,83.01
BSCRO473-24_r_1.5_s_50_BSCRO473-24_fcleaner,BSCRO473-24,r_1.5_s_50_fcleaner,>BSCRO473-24_r_1.5_s_50_BSCRO473-24_fcleaner,3139653,YP_009349339.1,family:Agelenidae,null,330,null,null,0.0,122.0,19.78,2.0,0,114,21,0,0,52.15
BSCRO452-24_r_1.5_s_50_BSCRO452-24_fcleaner,BSCRO452-24,r_1.5_s_50_fcleaner,>BSCRO452-24_r_1.5_s_50_BSCRO452-24_fcleaner,1959301,PRD22827.1,superfamily:Araneoidea,null,326,null,null,0.0,119.0,20.95,2.0,0,22,8,0,0,58.23
BSCRO445-24_r_1.3_s_100_BSCRO445-24_fcleaner,BSCRO445-24,r_1.3_s_100_fcleaner,>BSCRO445-24_r_1.3_s_100_BSCRO445-24_fcleaner,1959301,PRD22827.1,superfamily:Araneoidea,null,120,null,null,0.0,40.0,6.63,3.0,0,18,4,0,0,66.36
BSCRO387-24_r_1.3_s_50_BSCRO387-24_fcleaner,BSCRO387-24,r_1.3_s_50_fcleaner,>BSCRO387-24_r_1.3_s_50_BSCRO387-24_fcleaner,2689247,XCA36587.1,family:Linyphiidae,null,591,null,null,0.0,127.0,39.39,34.0,0,226,26,0,3,72.41
BSCRO446-24_r_1.5_s_100_BSCRO446-24_fcleaner,BSCRO446-24,r_1.5_s_100_fcleaner,>BSCRO446-24_r_1.5_s_100_BSCRO446-24_fcleaner,2734922,XAW19444.1,genus:Cheiracanthium,null,95,null,null,0.0,20.0,6.08,6.0,0,43,3,0,0,77.34
BSCRO451-24_r_1.3_s_100_BSCRO451-24_fcleaner,BSCRO451-24,r_1.3_s_100_fcleaner,>BSCRO451-24_r_1.3_s_100_BSCRO451-24_fcleaner,3228881,XCA36587.1,family:Linyphiidae,null,2656,null,null,0.0,326.0,222.73,224.0,0,56,91,0,0,99.8
BSCRO465-24_r_1_s_100_BSCRO465-24_fcleaner,BSCRO465-24,r_1_s_100_fcleaner,>BSCRO465-24_r_1_s_100_BSCRO465-24_fcleaner,1926205,XCA36587.1,family:Linyphiidae,null,1738,null,null,0.0,192.0,134.55,137.0,0,170,32,0,0,99.41
BSCRO412-24_r_1.3_s_50_BSCRO412-24_fcleaner,BSCRO412-24,r_1.3_s_50_fcleaner,>BSCRO412-24_r_1.3_s_50_BSCRO412-24_fcleaner,2721269,YP_009680079.1,family:Dysderidae,null,339,null,null,0.0,58.0,21.68,22.0,0,128,18,0,0,99.8
BSCRO451-24_r_1_s_50_BSCRO451-24_fcleaner,BSCRO451-24,r_1_s_50_fcleaner,>BSCRO451-24_r_1_s_50_BSCRO451-24_fcleaner,3228881,XCA36587.1,family:Linyphiidae,null,3186,null,null,0.0,359.0,246.0,243.0,0,274,137,0,0,99.8
BSCRO398-24_r_1.3_s_50_BSCRO398-24_fcleaner,BSCRO398-24,r_1.3_s_50_fcleaner,>BSCRO398-24_r_1.3_s_50_BSCRO398-24_fcleaner,2721269,YP_009680079.1,family:Dysderidae,null,709,null,null,0.0,96.0,51.9,54.0,0,92,18,0,0,99.61
BSCRO410-24_r_1.5_s_100_BSCRO410-24_fcleaner,BSCRO410-24,r_1.5_s_100_fcleaner,>BSCRO410-24_r_1.5_s_100_BSCRO410-24_fcleaner,2716446,WWQ79001.1,superfamily:Leptonetoidea,null,64,null,null,0.0,33.0,5.14,0.0,0,140,1,0,0,26.69
BSCRO467-24_r_1.3_s_50_BSCRO467-24_fcleaner,BSCRO467-24,r_1.3_s_50_fcleaner,>BSCRO467-24_r_1.3_s_50_BSCRO467-24_fcleaner,3139668,YP_009349339.1,family:Agelenidae,null,1866,null,null,0.0,195.0,127.83,135.0,0,373,49,0,0,98.63
BSCRO435-24_r_1_s_50_BSCRO435-24_fcleaner,BSCRO435-24,r_1_s_50_fcleaner,>BSCRO435-24_r_1_s_50_BSCRO435-24_fcleaner,3139669,YP_009349339.1,family:Agelenidae,null,1667,null,null,0.0,261.0,128.21,139.0,0,213,104,0,6,91.21
BSCRO411-24_r_1_s_50_BSCRO411-24_fcleaner,BSCRO411-24,r_1_s_50_fcleaner,>BSCRO411-24_r_1_s_50_BSCRO411-24_fcleaner,3139650,YP_009349339.1,family:Agelenidae,null,2758,null,null,0.0,299.0,206.09,204.0,0,322,127,0,0,99.61
BSCRO417-24_r_1.3_s_50_BSCRO417-24_fcleaner,BSCRO417-24,r_1.3_s_50_fcleaner,>BSCRO417-24_r_1.3_s_50_BSCRO417-24_fcleaner,1419516,PRD22827.1,superfamily:Araneoidea,null,559,null,null,0.0,143.0,37.89,34.0,0,135,25,0,0,81.33
BSCRO395-24_r_1.5_s_50_BSCRO395-24_fcleaner,BSCRO395-24,r_1.5_s_50_fcleaner,>BSCRO395-24_r_1.5_s_50_BSCRO395-24_fcleaner,2892423,PRD22827.1,superfamily:Araneoidea,null,212,null,null,0.0,60.0,10.58,4.0,0,50,8,0,0,68.21
BSCRO408-24_r_1.5_s_100_BSCRO408-24_fcleaner,BSCRO408-24,r_1.5_s_100_fcleaner,>BSCRO408-24_r_1.5_s_100_BSCRO408-24_fcleaner,3228881,XCA36587.1,family:Linyphiidae,null,877,null,null,0.0,116.0,67.28,70.0,0,51,17,0,0,99.8
BSCRO390-24_r_1.3_s_100_BSCRO390-24_fcleaner,BSCRO390-24,r_1.3_s_100_fcleaner,>BSCRO390-24_r_1.3_s_100_BSCRO390-24_fcleaner,2747120,QNV12043.1,subfamily:Linyphiinae,null,205,null,null,0.0,36.0,13.65,12.0,0,86,7,0,0,99.8
BSCRO455-24_r_1_s_100_BSCRO455-24_fcleaner,BSCRO455-24,r_1_s_100_fcleaner,>BSCRO455-24_r_1_s_100_BSCRO455-24_fcleaner,2747120,QNV12043.1,subfamily:Linyphiinae,null,718,null,null,0.0,78.0,54.85,54.0,0,51,11,0,0,99.8
BSCRO398-24_r_1_s_100_BSCRO398-24_fcleaner,BSCRO398-24,r_1_s_100_fcleaner,>BSCRO398-24_r_1_s_100_BSCRO398-24_fcleaner,2721269,YP_009680079.1,family:Dysderidae,null,674,null,null,0.0,83.0,55.27,56.0,0,37,11,0,0,99.8
BSCRO417-24_r_1.5_s_50_BSCRO417-24_fcleaner,BSCRO417-24,r_1.5_s_50_fcleaner,>BSCRO417-24_r_1.5_s_50_BSCRO417-24_fcleaner,1419516,PRD22827.1,superfamily:Araneoidea,null,237,null,null,0.0,99.0,14.78,5.0,0,54,11,0,0,61.37
BSCRO384-24_r_1_s_50_BSCRO384-24_fcleaner,BSCRO384-24,r_1_s_50_fcleaner,>BSCRO384-24_r_1_s_50_BSCRO384-24_fcleaner,2721269,YP_009680079.1,family:Dysderidae,null,3128,null,null,129.0,615.0,229.14,202.5,0,316,154,0,0,100.0
BSCRO475-24_r_1.5_s_100_BSCRO475-24_fcleaner,BSCRO475-24,r_1.5_s_100_fcleaner,>BSCRO475-24_r_1.5_s_100_BSCRO475-24_fcleaner,2970455,YP_009349339.1,family:Agelenidae,null,270,null,null,0.0,190.0,19.87,0.0,0,56,4,0,0,36.13
BSCRO408-24_r_1.5_s_50_BSCRO408-24_fcleaner,BSCRO408-24,r_1.5_s_50_fcleaner,>BSCRO408-24_r_1.5_s_50_BSCRO408-24_fcleaner,3228881,XCA36587.1,family:Linyphiidae,null,1007,null,null,0.0,126.0,72.12,73.0,0,81,22,0,0,99.8
BSCRO424-24_r_1.3_s_50_BSCRO424-24_fcleaner,BSCRO424-24,r_1.3_s_50_fcleaner,>BSCRO424-24_r_1.3_s_50_BSCRO424-24_fcleaner,2721269,YP_009680079.1,family:Dysderidae,null,463,null,null,0.0,73.0,30.86,31.5,0,155,18,0,0,99.8
BSCRO425-24_r_1.3_s_100_BSCRO425-24_fcleaner,BSCRO425-24,r_1.3_s_100_fcleaner,>BSCRO425-24_r_1.3_s_100_BSCRO425-24_fcleaner,1419516,PRD22827.1,superfamily:Araneoidea,null,609,null,null,0.0,129.0,46.17,43.0,0,26,9,0,0,73.57
BSCRO438-24_r_1_s_100_BSCRO438-24_fcleaner,BSCRO438-24,r_1_s_100_fcleaner,>BSCRO438-24_r_1_s_100_BSCRO438-24_fcleaner,2721255,YP_009680079.1,family:Dysderidae,null,520,null,null,0.0,104.0,43.9,44.0,0,126,36,0,0,90.78
BSCRO448-24_r_1.3_s_100_BSCRO448-24_fcleaner,BSCRO448-24,r_1.3_s_100_fcleaner,>BSCRO448-24_r_1.3_s_100_BSCRO448-24_fcleaner,1926205,XCA36587.1,family:Linyphiidae,null,332,null,null,0.0,42.0,22.28,24.0,0,50,6,0,0,99.41
BSCRO415-24_r_1.5_s_100_BSCRO415-24_fcleaner,BSCRO415-24,r_1.5_s_100_fcleaner,>BSCRO415-24_r_1.5_s_100_BSCRO415-24_fcleaner,2747120,QNV12043.1,subfamily:Linyphiinae,null,853,null,null,0.0,113.0,52.66,48.0,0,201,23,0,0,99.41
BSCRO453-24_r_1.5_s_100_BSCRO453-24_fcleaner,BSCRO453-24,r_1.5_s_100_fcleaner,>BSCRO453-24_r_1.5_s_100_BSCRO453-24_fcleaner,1395086,YP_009680079.1,family:Dysderidae,null,787,null,null,0.0,115.0,57.85,59.0,0,47,9,0,0,95.49
BSCRO454-24_r_1.3_s_50_BSCRO454-24_fcleaner,BSCRO454-24,r_1.3_s_50_fcleaner,>BSCRO454-24_r_1.3_s_50_BSCRO454-24_fcleaner,1926205,XCA36587.1,family:Linyphiidae,null,439,null,null,0.0,147.0,33.67,30.0,0,106,23,0,0,79.26
BSCRO397-24_r_1.3_s_50_BSCRO397-24_fcleaner,BSCRO397-24,r_1.3_s_50_fcleaner,>BSCRO397-24_r_1.3_s_50_BSCRO397-24_fcleaner,3139669,YP_009349339.1,family:Agelenidae,null,767,null,null,0.0,207.0,55.38,30.5,0,114,29,0,0,75.2
BSCRO431-24_r_1_s_50_BSCRO431-24_fcleaner,BSCRO431-24,r_1_s_50_fcleaner,>BSCRO431-24_r_1_s_50_BSCRO431-24_fcleaner,1419516,PRD22827.1,superfamily:Araneoidea,null,4142,null,null,0.0,486.0,276.21,323.0,0,244,154,0,3,98.52
BSCRO400-24_r_1.5_s_50_BSCRO400-24_fcleaner,BSCRO400-24,r_1.5_s_50_fcleaner,>BSCRO400-24_r_1.5_s_50_BSCRO400-24_fcleaner,2766751,WWQ79001.1,superfamily:Leptonetoidea,null,412,null,null,0.0,84.0,30.87,30.0,0,105,13,0,0,83.37
BSCRO387-24_r_1.3_s_100_BSCRO387-24_fcleaner,BSCRO387-24,r_1.3_s_100_fcleaner,>BSCRO387-24_r_1.3_s_100_BSCRO387-24_fcleaner,2689247,XCA36587.1,family:Linyphiidae,null,411,null,null,0.0,112.0,33.53,28.0,0,72,10,0,3,68.88
BSCRO392-24_r_1.5_s_100_BSCRO392-24_fcleaner,BSCRO392-24,r_1.5_s_100_fcleaner,>BSCRO392-24_r_1.5_s_100_BSCRO392-24_fcleaner,3139650,YP_009349339.1,family:Agelenidae,null,224,null,null,0.0,59.0,13.37,6.0,0,247,16,0,0,65.43
BSCRO470-24_r_1.5_s_50_BSCRO470-24_fcleaner,BSCRO470-24,r_1.5_s_50_fcleaner,>BSCRO470-24_r_1.5_s_50_BSCRO470-24_fcleaner,2721269,YP_009680079.1,family:Dysderidae,null,395,null,null,0.0,65.0,24.8,21.0,0,87,12,0,0,90.2
BSCRO445-24_r_1.3_s_50_BSCRO445-24_fcleaner,BSCRO445-24,r_1.3_s_50_fcleaner,>BSCRO445-24_r_1.3_s_50_BSCRO445-24_fcleaner,1959301,PRD22827.1,superfamily:Araneoidea,null,246,null,null,0.0,56.0,10.61,6.0,0,52,8,0,0,70.24
BSCRO431-24_r_1.5_s_50_BSCRO431-24_fcleaner,BSCRO431-24,r_1.5_s_50_fcleaner,>BSCRO431-24_r_1.5_s_50_BSCRO431-24_fcleaner,1419516,PRD22827.1,superfamily:Araneoidea,null,1101,null,null,0.0,457.0,68.7,20.0,0,25,31,0,0,63.22
BSCRO426-24_r_1.3_s_50_BSCRO426-24_fcleaner,BSCRO426-24,r_1.3_s_50_fcleaner,>BSCRO426-24_r_1.3_s_50_BSCRO426-24_fcleaner,1419516,PRD22827.1,superfamily:Araneoidea,null,3859,null,null,0.0,792.0,286.19,272.0,0,370,82,0,0,87.99
BSCRO415-24_r_1_s_50_BSCRO415-24_fcleaner,BSCRO415-24,r_1_s_50_fcleaner,>BSCRO415-24_r_1_s_50_BSCRO415-24_fcleaner,2747120,QNV12043.1,subfamily:Linyphiinae,null,763,null,null,0.0,162.0,49.18,48.0,0,2118,77,0,0,92.5
BSCRO443-24_r_1.3_s_50_BSCRO443-24_fcleaner,BSCRO443-24,r_1.3_s_50_fcleaner,>BSCRO443-24_r_1.3_s_50_BSCRO443-24_fcleaner,1654896,PRD22827.1,superfamily:Araneoidea,null,215,null,null,0.0,44.0,12.6,10.0,0,48,23,0,0,81.52
BSCRO474-24_r_1_s_100_BSCRO474-24_fcleaner,BSCRO474-24,r_1_s_100_fcleaner,>BSCRO474-24_r_1_s_100_BSCRO474-24_fcleaner,1872039,YP_009680079.1,family:Dysderidae,null,780,null,null,0.0,167.0,62.06,61.0,0,257,64,0,6,90.2
BSCRO453-24_r_1_s_50_BSCRO453-24_fcleaner,BSCRO453-24,r_1_s_50_fcleaner,>BSCRO453-24_r_1_s_50_BSCRO453-24_fcleaner,1395086,YP_009680079.1,family:Dysderidae,null,1599,null,null,32.0,258.0,96.72,94.0,0,474,69,0,0,100.0
BSCRO388-24_r_1.5_s_50_BSCRO388-24_fcleaner,BSCRO388-24,r_1.5_s_50_fcleaner,>BSCRO388-24_r_1.5_s_50_BSCRO388-24_fcleaner,2721269,YP_009680079.1,family:Dysderidae,null,270,null,null,0.0,123.0,18.69,0.0,0,30,11,0,0,45.1
BSCRO406-24_r_1.5_s_100_BSCRO406-24_fcleaner,BSCRO406-24,r_1.5_s_100_fcleaner,>BSCRO406-24_r_1.5_s_100_BSCRO406-24_fcleaner,2716446,WWQ79001.1,superfamily:Leptonetoidea,null,146,null,null,0.0,61.0,9.85,4.0,0,52,3,0,0,67.12
BSCRO468-24_r_1.5_s_100_BSCRO468-24_fcleaner,BSCRO468-24,r_1.5_s_100_fcleaner,>BSCRO468-24_r_1.5_s_100_BSCRO468-24_fcleaner,3139653,YP_009349339.1,family:Agelenidae,null,584,null,null,0.0,77.0,40.62,42.0,0,14,9,0,0,98.63
BSCRO433-24_r_1.5_s_50_BSCRO433-24_fcleaner,BSCRO433-24,r_1.5_s_50_fcleaner,>BSCRO433-24_r_1.5_s_50_BSCRO433-24_fcleaner,2716446,WWQ79001.1,superfamily:Leptonetoidea,null,227,null,null,0.0,34.0,12.15,11.0,0,12,4,0,0,83.75
BSCRO475-24_r_1_s_100_BSCRO475-24_fcleaner,BSCRO475-24,r_1_s_100_fcleaner,>BSCRO475-24_r_1_s_100_BSCRO475-24_fcleaner,2970455,YP_009349339.1,family:Agelenidae,null,1399,null,null,0.0,348.0,114.76,111.0,0,98,75,0,3,91.6
BSCRO449-24_r_1.5_s_50_BSCRO449-24_fcleaner,BSCRO449-24,r_1.5_s_50_fcleaner,>BSCRO449-24_r_1.5_s_50_BSCRO449-24_fcleaner,2721269,YP_009680079.1,family:Dysderidae,null,150,null,null,0.0,57.0,8.97,0.0,0,27,8,0,0,33.53
BSCRO439-24_r_1_s_100_BSCRO439-24_fcleaner,BSCRO439-24,r_1_s_100_fcleaner,>BSCRO439-24_r_1_s_100_BSCRO439-24_fcleaner,2970455,YP_009349339.1,family:Agelenidae,null,983,null,null,0.0,169.0,78.75,78.0,0,92,36,0,0,99.8
BSCRO384-24_r_1.3_s_50_BSCRO384-24_fcleaner,BSCRO384-24,r_1.3_s_50_fcleaner,>BSCRO384-24_r_1.3_s_50_BSCRO384-24_fcleaner,2721269,YP_009680079.1,family:Dysderidae,null,2300,null,null,2.0,461.0,184.23,171.0,0,162,55,0,0,100.0
BSCRO441-24_r_1.3_s_50_BSCRO441-24_fcleaner,BSCRO441-24,r_1.3_s_50_fcleaner,>BSCRO441-24_r_1.3_s_50_BSCRO441-24_fcleaner,2747156,XRO44683.1,genus:Zoropsis,null,5036,null,null,0.0,501.0,384.69,401.0,0,438,260,0,0,99.8
BSCRO426-24_r_1.5_s_50_BSCRO426-24_fcleaner,BSCRO426-24,r_1.5_s_50_fcleaner,>BSCRO426-24_r_1.5_s_50_BSCRO426-24_fcleaner,1419516,PRD22827.1,superfamily:Araneoidea,null,1652,null,null,0.0,728.0,115.4,30.0,0,67,31,0,0,64.14
BSCRO464-24_r_1_s_100_BSCRO464-24_fcleaner,BSCRO464-24,r_1_s_100_fcleaner,>BSCRO464-24_r_1_s_100_BSCRO464-24_fcleaner,1926205,XCA36587.1,family:Linyphiidae,null,659,null,null,0.0,73.0,41.81,44.0,0,25,14,0,0,99.41
BSCRO463-24_r_1_s_100_BSCRO463-24_fcleaner,BSCRO463-24,r_1_s_100_fcleaner,>BSCRO463-24_r_1_s_100_BSCRO463-24_fcleaner,2721269,YP_009680079.1,family:Dysderidae,null,1317,null,null,0.0,257.0,109.44,120.0,0,118,116,0,3,92.16
BSCRO394-24_r_1_s_50_BSCRO394-24_fcleaner,BSCRO394-24,r_1_s_50_fcleaner,>BSCRO394-24_r_1_s_50_BSCRO394-24_fcleaner,3228881,XCA36587.1,family:Linyphiidae,null,147,null,null,0.0,28.0,9.8,10.0,0,455,16,0,0,73.19
BSCRO432-24_r_1.3_s_50_BSCRO432-24_fcleaner,BSCRO432-24,r_1.3_s_50_fcleaner,>BSCRO432-24_r_1.3_s_50_BSCRO432-24_fcleaner,3139650,YP_009349339.1,family:Agelenidae,null,158,null,null,0.0,23.0,8.17,8.0,0,20,7,0,0,98.24
BSCRO418-24_r_1.3_s_100_BSCRO418-24_fcleaner,BSCRO418-24,r_1.3_s_100_fcleaner,>BSCRO418-24_r_1.3_s_100_BSCRO418-24_fcleaner,1109451,QNV12118.1,genus:Amaurobius,null,591,null,null,0.0,210.0,43.7,29.0,0,253,44,0,0,99.8
BSCRO423-24_r_1.5_s_50_BSCRO423-24_fcleaner,BSCRO423-24,r_1.5_s_50_fcleaner,>BSCRO423-24_r_1.5_s_50_BSCRO423-24_fcleaner,1959304,PRD22827.1,superfamily:Araneoidea,null,313,null,null,0.0,132.0,19.7,3.0,0,33,17,0,0,67.84
BSCRO400-24_r_1_s_100_BSCRO400-24_fcleaner,BSCRO400-24,r_1_s_100_fcleaner,>BSCRO400-24_r_1_s_100_BSCRO400-24_fcleaner,2766751,WWQ79001.1,superfamily:Leptonetoidea,null,642,null,null,0.0,107.0,53.08,56.0,0,653,41,0,0,91.3
BSCRO391-24_r_1_s_100_BSCRO391-24_fcleaner,BSCRO391-24,r_1_s_100_fcleaner,>BSCRO391-24_r_1_s_100_BSCRO391-24_fcleaner,3139650,YP_009349339.1,family:Agelenidae,null,719,null,null,0.0,148.0,64.29,67.0,0,354,77,0,0,91.41
BSCRO475-24_r_1_s_50_BSCRO475-24_fcleaner,BSCRO475-24,r_1_s_50_fcleaner,>BSCRO475-24_r_1_s_50_BSCRO475-24_fcleaner,2970455,YP_009349339.1,family:Agelenidae,null,1666,null,null,0.0,360.0,125.92,132.0,0,174,102,0,3,91.6
BSCRO398-24_r_1.5_s_100_BSCRO398-24_fcleaner,BSCRO398-24,r_1.5_s_100_fcleaner,>BSCRO398-24_r_1.5_s_100_BSCRO398-24_fcleaner,2721269,YP_009680079.1,family:Dysderidae,null,383,null,null,0.0,76.0,31.32,29.0,0,10,5,0,0,90.59
BSCRO401-24_r_1.3_s_100_BSCRO401-24_fcleaner,BSCRO401-24,r_1.3_s_100_fcleaner,>BSCRO401-24_r_1.3_s_100_BSCRO401-24_fcleaner,2721249,YP_009680079.1,family:Dysderidae,null,2688,null,null,0.0,399.0,233.5,252.0,0,68,82,0,0,92.94
BSCRO444-24_r_1_s_50_BSCRO444-24_fcleaner,BSCRO444-24,r_1_s_50_fcleaner,>BSCRO444-24_r_1_s_50_BSCRO444-24_fcleaner,1654896,PRD22827.1,superfamily:Araneoidea,null,286,null,null,0.0,46.0,13.48,12.0,0,51,24,0,6,86.88
BSCRO407-24_r_1_s_50_BSCRO407-24_fcleaner,BSCRO407-24,r_1_s_50_fcleaner,>BSCRO407-24_r_1_s_50_BSCRO407-24_fcleaner,2721249,YP_009680079.1,family:Dysderidae,null,865,null,null,10.0,441.0,37.47,26.0,0,383,92,0,0,100.0
BSCRO403-24_r_1_s_100_BSCRO403-24_fcleaner,BSCRO403-24,r_1_s_100_fcleaner,>BSCRO403-24_r_1_s_100_BSCRO403-24_fcleaner,2721256,YP_009680079.1,family:Dysderidae,null,944,null,null,0.0,137.0,65.39,66.0,0,88,32,0,0,99.8
BSCRO456-24_r_1.3_s_100_BSCRO456-24_fcleaner,BSCRO456-24,r_1.3_s_100_fcleaner,>BSCRO456-24_r_1.3_s_100_BSCRO456-24_fcleaner,3139660,XCA36587.1,family:Linyphiidae,null,1542,null,null,0.0,169.0,113.21,115.0,0,186,31,0,0,99.41
BSCRO392-24_r_1.3_s_50_BSCRO392-24_fcleaner,BSCRO392-24,r_1.3_s_50_fcleaner,>BSCRO392-24_r_1.3_s_50_BSCRO392-24_fcleaner,3139650,YP_009349339.1,family:Agelenidae,null,526,null,null,0.0,241.0,22.53,16.0,0,692,42,0,0,92.38
BSCRO419-24_r_1.3_s_50_BSCRO419-24_fcleaner,BSCRO419-24,r_1.3_s_50_fcleaner,>BSCRO419-24_r_1.3_s_50_BSCRO419-24_fcleaner,1907062,XCA36587.1,subfamily:Erigoninae,null,137,null,null,0.0,59.0,7.76,2.0,0,45,9,0,0,56.75
BSCRO456-24_r_1_s_100_BSCRO456-24_fcleaner,BSCRO456-24,r_1_s_100_fcleaner,>BSCRO456-24_r_1_s_100_BSCRO456-24_fcleaner,3139660,XCA36587.1,family:Linyphiidae,null,1549,null,null,0.0,169.0,113.69,115.0,0,203,30,0,0,99.41
BSCRO381-24_r_1.3_s_50_BSCRO381-24_fcleaner,BSCRO381-24,r_1.3_s_50_fcleaner,null,3139648,YP_009680079.1,family:Dysderidae,null,0,null,null,0.0,0.0,0.0,0.0,0,0,0,0,0,0.0
BSCRO381-24_r_1_s_50_BSCRO381-24_fcleaner,BSCRO381-24,r_1_s_50_fcleaner,null,3139648,YP_009680079.1,family:Dysderidae,null,0,null,null,0.0,0.0,0.0,0.0,0,0,0,0,0,0.0
BSCRO388-24_r_1.3_s_50_BSCRO388-24_fcleaner,BSCRO388-24,r_1.3_s_50_fcleaner,>BSCRO388-24_r_1.3_s_50_BSCRO388-24_fcleaner,2721269,YP_009680079.1,family:Dysderidae,null,574,null,null,0.0,165.0,39.62,26.0,0,58,20,0,0,77.45
BSCRO424-24_r_1.5_s_100_BSCRO424-24_fcleaner,BSCRO424-24,r_1.5_s_100_fcleaner,>BSCRO424-24_r_1.5_s_100_BSCRO424-24_fcleaner,2721269,YP_009680079.1,family:Dysderidae,null,257,null,null,0.0,57.0,20.22,18.0,0,11,6,0,0,90.98
BSCRO399-24_r_1_s_50_BSCRO399-24_fcleaner,BSCRO399-24,r_1_s_50_fcleaner,>BSCRO399-24_r_1_s_50_BSCRO399-24_fcleaner,3237715,YP_010545517.1,family:Theridiidae,null,2936,null,null,0.0,388.0,205.51,210.0,0,362,178,0,0,99.8
BSCRO456-24_r_1_s_50_BSCRO456-24_fcleaner,BSCRO456-24,r_1_s_50_fcleaner,>BSCRO456-24_r_1_s_50_BSCRO456-24_fcleaner,3139660,XCA36587.1,family:Linyphiidae,null,1884,null,null,0.0,179.0,125.47,125.0,0,402,48,0,0,99.41
BSCRO460-24_r_1.5_s_50_BSCRO460-24_fcleaner,BSCRO460-24,r_1.5_s_50_fcleaner,>BSCRO460-24_r_1.5_s_50_BSCRO460-24_fcleaner,2689247,XCA36587.1,family:Linyphiidae,null,1809,null,null,0.0,225.0,147.01,160.0,0,79,26,0,0,99.02
BSCRO458-24_r_1.5_s_100_BSCRO458-24_fcleaner,BSCRO458-24,r_1.5_s_100_fcleaner,>BSCRO458-24_r_1.5_s_100_BSCRO458-24_fcleaner,1872039,YP_009680079.1,family:Dysderidae,null,720,null,null,0.0,160.0,55.85,57.0,0,39,11,0,0,91.37
BSCRO447-24_r_1_s_50_BSCRO447-24_fcleaner,BSCRO447-24,r_1_s_50_fcleaner,>BSCRO447-24_r_1_s_50_BSCRO447-24_fcleaner,1959301,PRD22827.1,superfamily:Araneoidea,null,574,null,null,0.0,74.0,31.96,34.0,0,119,24,0,6,95.75
BSCRO431-24_r_1.3_s_100_BSCRO431-24_fcleaner,BSCRO431-24,r_1.3_s_100_fcleaner,>BSCRO431-24_r_1.3_s_100_BSCRO431-24_fcleaner,1419516,PRD22827.1,superfamily:Araneoidea,null,1760,null,null,0.0,457.0,124.11,84.0,0,50,70,0,0,75.05
BSCRO419-24_r_1_s_100_BSCRO419-24_fcleaner,BSCRO419-24,r_1_s_100_fcleaner,>BSCRO419-24_r_1_s_100_BSCRO419-24_fcleaner,1907062,XCA36587.1,subfamily:Erigoninae,null,170,null,null,0.0,70.0,10.86,7.0,0,60,17,0,0,62.23
BSCRO430-24_r_1_s_100_BSCRO430-24_fcleaner,BSCRO430-24,r_1_s_100_fcleaner,>BSCRO430-24_r_1_s_100_BSCRO430-24_fcleaner,3139653,YP_009349339.1,family:Agelenidae,null,249,null,null,0.0,32.0,18.17,18.0,0,17,23,0,0,99.61
BSCRO403-24_r_1.3_s_50_BSCRO403-24_fcleaner,BSCRO403-24,r_1.3_s_50_fcleaner,>BSCRO403-24_r_1.3_s_50_BSCRO403-24_fcleaner,2721256,YP_009680079.1,family:Dysderidae,null,1195,null,null,0.0,151.0,68.32,70.0,0,128,48,0,0,99.8
BSCRO418-24_r_1.3_s_50_BSCRO418-24_fcleaner,BSCRO418-24,r_1.3_s_50_fcleaner,>BSCRO418-24_r_1.3_s_50_BSCRO418-24_fcleaner,1109451,QNV12118.1,genus:Amaurobius,null,725,null,null,0.0,213.0,48.78,31.0,0,330,59,0,0,99.8
BSCRO402-24_r_1.3_s_100_BSCRO402-24_fcleaner,BSCRO402-24,r_1.3_s_100_fcleaner,>BSCRO402-24_r_1.3_s_100_BSCRO402-24_fcleaner,2721255,YP_009680079.1,family:Dysderidae,null,140,null,null,0.0,57.0,11.49,7.0,0,42,10,0,0,71.76
BSCRO452-24_r_1.5_s_100_BSCRO452-24_fcleaner,BSCRO452-24,r_1.5_s_100_fcleaner,>BSCRO452-24_r_1.5_s_100_BSCRO452-24_fcleaner,1959301,PRD22827.1,superfamily:Araneoidea,null,285,null,null,0.0,105.0,19.48,2.0,0,2,7,0,0,51.57
BSCRO454-24_r_1_s_100_BSCRO454-24_fcleaner,BSCRO454-24,r_1_s_100_fcleaner,>BSCRO454-24_r_1_s_100_BSCRO454-24_fcleaner,1926205,XCA36587.1,family:Linyphiidae,null,880,null,null,0.0,217.0,78.93,75.0,0,148,69,0,6,90.8
BSCRO469-24_r_1.3_s_100_BSCRO469-24_fcleaner,BSCRO469-24,r_1.3_s_100_fcleaner,>BSCRO469-24_r_1.3_s_100_BSCRO469-24_fcleaner,3139660,XCA36587.1,family:Linyphiidae,null,654,null,null,0.0,99.0,39.36,36.0,0,96,8,0,0,99.41
BSCRO444-24_r_1.5_s_50_BSCRO444-24_fcleaner,BSCRO444-24,r_1.5_s_50_fcleaner,>BSCRO444-24_r_1.5_s_50_BSCRO444-24_fcleaner,1654896,PRD22827.1,superfamily:Araneoidea,null,68,null,null,0.0,25.0,3.68,0.0,0,20,4,0,0,48.61
BSCRO457-24_r_1.5_s_50_BSCRO457-24_fcleaner,BSCRO457-24,r_1.5_s_50_fcleaner,>BSCRO457-24_r_1.5_s_50_BSCRO457-24_fcleaner,2721249,YP_009680079.1,family:Dysderidae,null,500,null,null,0.0,94.0,24.74,19.0,0,87,6,0,0,97.25
BSCRO464-24_r_1.5_s_100_BSCRO464-24_fcleaner,BSCRO464-24,r_1.5_s_100_fcleaner,>BSCRO464-24_r_1.5_s_100_BSCRO464-24_fcleaner,1926205,XCA36587.1,family:Linyphiidae,null,496,null,null,0.0,73.0,31.27,33.0,0,8,11,0,0,94.52
BSCRO432-24_r_1_s_50_BSCRO432-24_fcleaner,BSCRO432-24,r_1_s_50_fcleaner,>BSCRO432-24_r_1_s_50_BSCRO432-24_fcleaner,3139650,YP_009349339.1,family:Agelenidae,null,204,null,null,0.0,23.0,9.95,9.0,0,40,14,0,0,98.83
BSCRO423-24_r_1.5_s_100_BSCRO423-24_fcleaner,BSCRO423-24,r_1.5_s_100_fcleaner,>BSCRO423-24_r_1.5_s_100_BSCRO423-24_fcleaner,1959304,PRD22827.1,superfamily:Araneoidea,null,246,null,null,0.0,125.0,17.73,2.0,0,4,11,0,0,56.19
BSCRO420-24_r_1.3_s_100_BSCRO420-24_fcleaner,BSCRO420-24,r_1.3_s_100_fcleaner,>BSCRO420-24_r_1.3_s_100_BSCRO420-24_fcleaner,933043,XCA36587.1,family:Linyphiidae,null,6154,null,null,0.0,788.0,448.09,486.0,0,793,126,0,0,92.76
BSCRO463-24_r_1.3_s_50_BSCRO463-24_fcleaner,BSCRO463-24,r_1.3_s_50_fcleaner,>BSCRO463-24_r_1.3_s_50_BSCRO463-24_fcleaner,2721269,YP_009680079.1,family:Dysderidae,null,614,null,null,0.0,189.0,45.58,32.0,0,38,26,0,0,78.63
BSCRO404-24_r_1.3_s_100_BSCRO404-24_fcleaner,BSCRO404-24,r_1.3_s_100_fcleaner,>BSCRO404-24_r_1.3_s_100_BSCRO404-24_fcleaner,2721249,YP_009680079.1,family:Dysderidae,null,576,null,null,0.0,90.0,39.45,38.0,0,22,22,0,0,99.02
BSCRO410-24_r_1_s_50_BSCRO410-24_fcleaner,BSCRO410-24,r_1_s_50_fcleaner,>BSCRO410-24_r_1_s_50_BSCRO410-24_fcleaner,2716446,WWQ79001.1,superfamily:Leptonetoidea,null,811,null,null,0.0,152.0,55.83,54.0,0,340,52,0,0,89.94
BSCRO393-24_r_1.5_s_50_BSCRO393-24_fcleaner,BSCRO393-24,r_1.5_s_50_fcleaner,>BSCRO393-24_r_1.5_s_50_BSCRO393-24_fcleaner,3228881,XCA36587.1,family:Linyphiidae,null,222,null,null,0.0,41.0,12.2,11.0,0,39,9,0,0,98.63
BSCRO462-24_r_1.5_s_50_BSCRO462-24_fcleaner,BSCRO462-24,r_1.5_s_50_fcleaner,>BSCRO462-24_r_1.5_s_50_BSCRO462-24_fcleaner,3139648,YP_009680079.1,family:Dysderidae,null,287,null,null,0.0,110.0,16.35,0.5,0,28,10,0,1,50.0
BSCRO400-24_r_1.5_s_100_BSCRO400-24_fcleaner,BSCRO400-24,r_1.5_s_100_fcleaner,>BSCRO400-24_r_1.5_s_100_BSCRO400-24_fcleaner,2766751,WWQ79001.1,superfamily:Leptonetoidea,null,366,null,null,0.0,80.0,28.9,28.0,0,62,9,0,0,82.01
BSCRO402-24_r_1_s_100_BSCRO402-24_fcleaner,BSCRO402-24,r_1_s_100_fcleaner,>BSCRO402-24_r_1_s_100_BSCRO402-24_fcleaner,2721255,YP_009680079.1,family:Dysderidae,null,281,null,null,0.0,75.0,23.33,18.0,0,57,32,0,0,90.78
BSCRO438-24_r_1.5_s_100_BSCRO438-24_fcleaner,BSCRO438-24,r_1.5_s_100_fcleaner,>BSCRO438-24_r_1.5_s_100_BSCRO438-24_fcleaner,2721255,YP_009680079.1,family:Dysderidae,null,112,null,null,0.0,59.0,8.97,0.0,0,31,3,0,0,47.84
BSCRO452-24_r_1_s_50_BSCRO452-24_fcleaner,BSCRO452-24,r_1_s_50_fcleaner,>BSCRO452-24_r_1_s_50_BSCRO452-24_fcleaner,1959301,PRD22827.1,superfamily:Araneoidea,null,1141,null,null,0.0,178.0,76.25,76.0,0,162,39,0,6,95.75
BSCRO414-24_r_1.5_s_100_BSCRO414-24_fcleaner,BSCRO414-24,r_1.5_s_100_fcleaner,>BSCRO414-24_r_1.5_s_100_BSCRO414-24_fcleaner,2721269,YP_009680079.1,family:Dysderidae,null,793,null,null,0.0,171.0,63.23,62.0,0,31,14,0,0,95.88
BSCRO411-24_r_1.3_s_100_BSCRO411-24_fcleaner,BSCRO411-24,r_1.3_s_100_fcleaner,>BSCRO411-24_r_1.3_s_100_BSCRO411-24_fcleaner,3139650,YP_009349339.1,family:Agelenidae,null,2161,null,null,0.0,272.0,177.73,192.0,0,59,88,0,0,99.61
BSCRO406-24_r_1_s_50_BSCRO406-24_fcleaner,BSCRO406-24,r_1_s_50_fcleaner,>BSCRO406-24_r_1_s_50_BSCRO406-24_fcleaner,2716446,WWQ79001.1,superfamily:Leptonetoidea,null,1187,null,null,0.0,234.0,92.69,99.0,0,564,123,0,6,90.72
BSCRO416-24_r_1.5_s_50_BSCRO416-24_fcleaner,BSCRO416-24,r_1.5_s_50_fcleaner,>BSCRO416-24_r_1.5_s_50_BSCRO416-24_fcleaner,2766751,WWQ79001.1,superfamily:Leptonetoidea,null,2496,null,null,0.0,515.0,174.42,132.0,0,251,52,0,0,85.11
BSCRO434-24_r_1_s_50_BSCRO434-24_fcleaner,BSCRO434-24,r_1_s_50_fcleaner,>BSCRO434-24_r_1_s_50_BSCRO434-24_fcleaner,2721252,YP_009680079.1,family:Dysderidae,null,1360,null,null,23.0,142.0,83.32,84.0,0,309,58,0,0,100.0
BSCRO475-24_r_1.3_s_50_BSCRO475-24_fcleaner,BSCRO475-24,r_1.3_s_50_fcleaner,>BSCRO475-24_r_1.3_s_50_BSCRO475-24_fcleaner,2970455,YP_009349339.1,family:Agelenidae,null,710,null,null,0.0,249.0,50.06,42.0,0,66,29,0,0,75.0
BSCRO448-24_r_1.3_s_50_BSCRO448-24_fcleaner,BSCRO448-24,r_1.3_s_50_fcleaner,>BSCRO448-24_r_1.3_s_50_BSCRO448-24_fcleaner,1926205,XCA36587.1,family:Linyphiidae,null,419,null,null,0.0,48.0,25.2,26.0,0,90,9,0,0,99.41
BSCRO399-24_r_1_s_100_BSCRO399-24_fcleaner,BSCRO399-24,r_1_s_100_fcleaner,>BSCRO399-24_r_1_s_100_BSCRO399-24_fcleaner,3237715,YP_010545517.1,family:Theridiidae,null,2231,null,null,0.0,280.0,181.19,186.0,0,87,99,0,0,99.8
BSCRO429-24_r_1.5_s_100_BSCRO429-24_fcleaner,BSCRO429-24,r_1.5_s_100_fcleaner,null,3139653,YP_009349339.1,family:Agelenidae,null,0,null,null,0.0,0.0,0.0,0.0,0,0,0,0,0,0.0
BSCRO475-24_r_1.5_s_50_BSCRO475-24_fcleaner,BSCRO475-24,r_1.5_s_50_fcleaner,>BSCRO475-24_r_1.5_s_50_BSCRO475-24_fcleaner,2970455,YP_009349339.1,family:Agelenidae,null,380,null,null,0.0,207.0,24.64,0.0,0,34,16,0,0,48.44
BSCRO384-24_r_1.5_s_50_BSCRO384-24_fcleaner,BSCRO384-24,r_1.5_s_50_fcleaner,>BSCRO384-24_r_1.5_s_50_BSCRO384-24_fcleaner,2721269,YP_009680079.1,family:Dysderidae,null,1643,null,null,0.0,449.0,129.45,133.5,0,78,35,0,0,93.33
BSCRO393-24_r_1_s_100_BSCRO393-24_fcleaner,BSCRO393-24,r_1_s_100_fcleaner,>BSCRO393-24_r_1_s_100_BSCRO393-24_fcleaner,3228881,XCA36587.1,family:Linyphiidae,null,209,null,null,0.0,39.0,13.71,12.0,0,60,8,0,0,99.8
BSCRO425-24_r_1_s_100_BSCRO425-24_fcleaner,BSCRO425-24,r_1_s_100_fcleaner,>BSCRO425-24_r_1_s_100_BSCRO425-24_fcleaner,1419516,PRD22827.1,superfamily:Araneoidea,null,900,null,null,0.0,133.0,69.99,77.0,0,60,14,0,6,86.69
BSCRO450-24_r_1_s_50_BSCRO450-24_fcleaner,BSCRO450-24,r_1_s_50_fcleaner,>BSCRO450-24_r_1_s_50_BSCRO450-24_fcleaner,2721269,YP_009680079.1,family:Dysderidae,null,582,null,null,0.0,102.0,45.12,46.0,0,356,42,0,3,91.57
BSCRO394-24_r_1.5_s_100_BSCRO394-24_fcleaner,BSCRO394-24,r_1.5_s_100_fcleaner,>BSCRO394-24_r_1.5_s_100_BSCRO394-24_fcleaner,3228881,XCA36587.1,family:Linyphiidae,null,104,null,null,0.0,18.0,7.13,7.0,0,40,6,0,0,90.22
BSCRO437-24_r_1_s_100_BSCRO437-24_fcleaner,BSCRO437-24,r_1_s_100_fcleaner,>BSCRO437-24_r_1_s_100_BSCRO437-24_fcleaner,1959301,PRD22827.1,superfamily:Araneoidea,null,2064,null,null,0.0,326.0,159.86,179.0,0,138,48,0,6,87.43
BSCRO471-24_r_1_s_100_BSCRO471-24_fcleaner,BSCRO471-24,r_1_s_100_fcleaner,>BSCRO471-24_r_1_s_100_BSCRO471-24_fcleaner,2970455,YP_009349339.1,family:Agelenidae,null,1056,null,null,0.0,121.0,78.15,81.5,0,141,24,0,0,99.8
BSCRO446-24_r_1.5_s_50_BSCRO446-24_fcleaner,BSCRO446-24,r_1.5_s_50_fcleaner,>BSCRO446-24_r_1.5_s_50_BSCRO446-24_fcleaner,2734922,XAW19444.1,genus:Cheiracanthium,null,150,null,null,0.0,20.0,7.89,8.0,0,74,5,0,0,83.4
BSCRO412-24_r_1.5_s_100_BSCRO412-24_fcleaner,BSCRO412-24,r_1.5_s_100_fcleaner,>BSCRO412-24_r_1.5_s_100_BSCRO412-24_fcleaner,2721269,YP_009680079.1,family:Dysderidae,null,187,null,null,0.0,41.0,14.5,11.5,0,12,2,0,0,94.31
BSCRO424-24_r_1_s_100_BSCRO424-24_fcleaner,BSCRO424-24,r_1_s_100_fcleaner,>BSCRO424-24_r_1_s_100_BSCRO424-24_fcleaner,2721269,YP_009680079.1,family:Dysderidae,null,388,null,null,6.0,57.0,30.77,32.0,0,14,8,0,0,100.0
BSCRO405-24_r_1.3_s_100_BSCRO405-24_fcleaner,BSCRO405-24,r_1.3_s_100_fcleaner,null,2770607,YP_009680079.1,family:Dysderidae,null,0,null,null,0.0,0.0,0.0,0.0,0,0,0,0,0,0.0
BSCRO456-24_r_1.5_s_100_BSCRO456-24_fcleaner,BSCRO456-24,r_1.5_s_100_fcleaner,>BSCRO456-24_r_1.5_s_100_BSCRO456-24_fcleaner,3139660,XCA36587.1,family:Linyphiidae,null,1457,null,null,0.0,165.0,106.81,113.0,0,111,25,0,0,99.41
BSCRO470-24_r_1.3_s_50_BSCRO470-24_fcleaner,BSCRO470-24,r_1.3_s_50_fcleaner,>BSCRO470-24_r_1.3_s_50_BSCRO470-24_fcleaner,2721269,YP_009680079.1,family:Dysderidae,null,550,null,null,0.0,74.0,34.77,32.0,0,164,18,0,0,96.86
BSCRO455-24_r_1.5_s_50_BSCRO455-24_fcleaner,BSCRO455-24,r_1.5_s_50_fcleaner,>BSCRO455-24_r_1.5_s_50_BSCRO455-24_fcleaner,2747120,QNV12043.1,subfamily:Linyphiinae,null,641,null,null,0.0,125.0,44.11,44.0,0,54,14,0,0,99.41
BSCRO383-24_r_1_s_50_BSCRO383-24_fcleaner,BSCRO383-24,r_1_s_50_fcleaner,>BSCRO383-24_r_1_s_50_BSCRO383-24_fcleaner,2721269,YP_009680079.1,family:Dysderidae,null,455,null,null,5.0,74.0,26.82,24.0,0,668,37,0,0,100.0
BSCRO435-24_r_1.5_s_100_BSCRO435-24_fcleaner,BSCRO435-24,r_1.5_s_100_fcleaner,>BSCRO435-24_r_1.5_s_100_BSCRO435-24_fcleaner,3139669,YP_009349339.1,family:Agelenidae,null,3,null,null,0.0,2.0,0.29,0.0,0,394,0,0,0,19.34
BSCRO436-24_r_1_s_100_BSCRO436-24_fcleaner,BSCRO436-24,r_1_s_100_fcleaner,>BSCRO436-24_r_1_s_100_BSCRO436-24_fcleaner,3139668,YP_009349339.1,family:Agelenidae,null,434,null,null,1.0,55.0,32.71,35.0,0,61,32,0,0,100.0
BSCRO396-24_r_1_s_50_BSCRO396-24_fcleaner,BSCRO396-24,r_1_s_50_fcleaner,>BSCRO396-24_r_1_s_50_BSCRO396-24_fcleaner,2747120,QNV12043.1,subfamily:Linyphiinae,null,847,null,null,0.0,126.0,54.5,54.0,0,424,40,0,0,99.8
BSCRO413-24_r_1.3_s_50_BSCRO413-24_fcleaner,BSCRO413-24,r_1.3_s_50_fcleaner,>BSCRO413-24_r_1.3_s_50_BSCRO413-24_fcleaner,3139648,YP_009680079.1,family:Dysderidae,null,319,null,null,0.0,128.0,24.56,18.0,0,33,15,0,0,74.31
BSCRO441-24_r_1.5_s_100_BSCRO441-24_fcleaner,BSCRO441-24,r_1.5_s_100_fcleaner,>BSCRO441-24_r_1.5_s_100_BSCRO441-24_fcleaner,2747156,XRO44683.1,genus:Zoropsis,null,4244,null,null,0.0,477.0,333.99,334.0,0,185,208,0,0,99.8
BSCRO449-24_r_1_s_100_BSCRO449-24_fcleaner,BSCRO449-24,r_1_s_100_fcleaner,>BSCRO449-24_r_1_s_100_BSCRO449-24_fcleaner,2721269,YP_009680079.1,family:Dysderidae,null,724,null,null,0.0,136.0,60.53,60.0,0,71,42,0,6,90.39
BSCRO404-24_r_1_s_100_BSCRO404-24_fcleaner,BSCRO404-24,r_1_s_100_fcleaner,>BSCRO404-24_r_1_s_100_BSCRO404-24_fcleaner,2721249,YP_009680079.1,family:Dysderidae,null,649,null,null,2.0,97.0,44.62,42.5,0,57,25,0,0,100.0
BSCRO386-24_r_1.3_s_50_BSCRO386-24_fcleaner,BSCRO386-24,r_1.3_s_50_fcleaner,>BSCRO386-24_r_1.3_s_50_BSCRO386-24_fcleaner,2747120,QNV12043.1,subfamily:Linyphiinae,null,1343,null,null,0.0,258.0,92.78,82.0,0,772,82,0,0,99.8
BSCRO447-24_r_1.5_s_100_BSCRO447-24_fcleaner,BSCRO447-24,r_1.5_s_100_fcleaner,>BSCRO447-24_r_1.5_s_100_BSCRO447-24_fcleaner,1959301,PRD22827.1,superfamily:Araneoidea,null,121,null,null,0.0,50.0,7.47,1.0,0,2,2,0,0,50.65
BSCRO398-24_r_1.5_s_50_BSCRO398-24_fcleaner,BSCRO398-24,r_1.5_s_50_fcleaner,>BSCRO398-24_r_1.5_s_50_BSCRO398-24_fcleaner,2721269,YP_009680079.1,family:Dysderidae,null,448,null,null,0.0,93.0,33.27,35.0,0,49,9,0,0,92.94
BSCRO440-24_r_1.5_s_50_BSCRO440-24_fcleaner,BSCRO440-24,r_1.5_s_50_fcleaner,>BSCRO440-24_r_1.5_s_50_BSCRO440-24_fcleaner,1959304,PRD22827.1,superfamily:Araneoidea,null,920,null,null,0.0,348.0,63.13,10.0,0,22,16,0,0,66.17
BSCRO417-24_r_1_s_50_BSCRO417-24_fcleaner,BSCRO417-24,r_1_s_50_fcleaner,>BSCRO417-24_r_1_s_50_BSCRO417-24_fcleaner,1419516,PRD22827.1,superfamily:Araneoidea,null,1003,null,null,0.0,156.0,65.97,69.0,0,297,42,0,0,97.97
BSCRO389-24_r_1.3_s_100_BSCRO389-24_fcleaner,BSCRO389-24,r_1.3_s_100_fcleaner,>BSCRO389-24_r_1.3_s_100_BSCRO389-24_fcleaner,2747120,QNV12043.1,subfamily:Linyphiinae,null,866,null,null,0.0,111.0,74.77,74.0,0,32,23,0,0,99.8
BSCRO450-24_r_1.3_s_100_BSCRO450-24_fcleaner,BSCRO450-24,r_1.3_s_100_fcleaner,>BSCRO450-24_r_1.3_s_100_BSCRO450-24_fcleaner,2721269,YP_009680079.1,family:Dysderidae,null,197,null,null,0.0,52.0,16.34,13.0,0,36,8,0,0,81.57
BSCRO437-24_r_1.5_s_100_BSCRO437-24_fcleaner,BSCRO437-24,r_1.5_s_100_fcleaner,>BSCRO437-24_r_1.5_s_100_BSCRO437-24_fcleaner,1959301,PRD22827.1,superfamily:Araneoidea,null,591,null,null,0.0,253.0,42.88,8.0,0,8,11,0,0,57.67
BSCRO384-24_r_1.5_s_100_BSCRO384-24_fcleaner,BSCRO384-24,r_1.5_s_100_fcleaner,>BSCRO384-24_r_1.5_s_100_BSCRO384-24_fcleaner,2721269,YP_009680079.1,family:Dysderidae,null,1453,null,null,0.0,326.0,123.09,131.5,0,14,32,0,0,91.18
BSCRO463-24_r_1.5_s_50_BSCRO463-24_fcleaner,BSCRO463-24,r_1.5_s_50_fcleaner,>BSCRO463-24_r_1.5_s_50_BSCRO463-24_fcleaner,2721269,YP_009680079.1,family:Dysderidae,null,222,null,null,0.0,106.0,16.86,0.0,0,23,8,0,0,48.82
BSCRO406-24_r_1_s_100_BSCRO406-24_fcleaner,BSCRO406-24,r_1_s_100_fcleaner,>BSCRO406-24_r_1_s_100_BSCRO406-24_fcleaner,2716446,WWQ79001.1,superfamily:Leptonetoidea,null,913,null,null,0.0,204.0,81.84,84.0,0,401,89,0,6,90.33
BSCRO397-24_r_1.3_s_100_BSCRO397-24_fcleaner,BSCRO397-24,r_1.3_s_100_fcleaner,>BSCRO397-24_r_1.3_s_100_BSCRO397-24_fcleaner,3139669,YP_009349339.1,family:Agelenidae,null,633,null,null,0.0,207.0,50.71,24.0,0,75,12,0,0,73.24
BSCRO465-24_r_1_s_50_BSCRO465-24_fcleaner,BSCRO465-24,r_1_s_50_fcleaner,>BSCRO465-24_r_1_s_50_BSCRO465-24_fcleaner,1926205,XCA36587.1,family:Linyphiidae,null,2240,null,null,8.0,215.0,151.41,152.0,0,493,68,0,0,100.0
BSCRO455-24_r_1_s_50_BSCRO455-24_fcleaner,BSCRO455-24,r_1_s_50_fcleaner,>BSCRO455-24_r_1_s_50_BSCRO455-24_fcleaner,2747120,QNV12043.1,subfamily:Linyphiinae,null,974,null,null,0.0,156.0,62.59,60.0,0,155,34,0,0,99.8
BSCRO460-24_r_1.5_s_100_BSCRO460-24_fcleaner,BSCRO460-24,r_1.5_s_100_fcleaner,>BSCRO460-24_r_1.5_s_100_BSCRO460-24_fcleaner,2689247,XCA36587.1,family:Linyphiidae,null,1706,null,null,0.0,222.0,143.38,158.0,0,10,24,0,0,94.91
BSCRO467-24_r_1.5_s_50_BSCRO467-24_fcleaner,BSCRO467-24,r_1.5_s_50_fcleaner,>BSCRO467-24_r_1.5_s_50_BSCRO467-24_fcleaner,3139668,YP_009349339.1,family:Agelenidae,null,1256,null,null,0.0,190.0,88.77,94.0,0,189,46,0,0,95.12
BSCRO433-24_r_1_s_50_BSCRO433-24_fcleaner,BSCRO433-24,r_1_s_50_fcleaner,>BSCRO433-24_r_1_s_50_BSCRO433-24_fcleaner,2716446,WWQ79001.1,superfamily:Leptonetoidea,null,455,null,null,0.0,52.0,24.81,26.0,0,148,17,0,0,98.65
BSCRO437-24_r_1.5_s_50_BSCRO437-24_fcleaner,BSCRO437-24,r_1.5_s_50_fcleaner,>BSCRO437-24_r_1.5_s_50_BSCRO437-24_fcleaner,1959301,PRD22827.1,superfamily:Araneoidea,null,626,null,null,0.0,255.0,43.99,10.0,0,33,14,0,0,62.11
BSCRO442-24_r_1_s_50_BSCRO442-24_fcleaner,BSCRO442-24,r_1_s_50_fcleaner,>BSCRO442-24_r_1_s_50_BSCRO442-24_fcleaner,2721269,YP_009680079.1,family:Dysderidae,null,1850,null,null,52.0,188.0,114.74,109.0,0,1150,108,0,0,100.0
BSCRO428-24_r_1_s_100_BSCRO428-24_fcleaner,BSCRO428-24,r_1_s_100_fcleaner,>BSCRO428-24_r_1_s_100_BSCRO428-24_fcleaner,3139669,YP_009349339.1,family:Agelenidae,null,1449,null,null,0.0,263.0,122.91,111.5,0,184,115,0,3,91.41
BSCRO428-24_r_1_s_50_BSCRO428-24_fcleaner,BSCRO428-24,r_1_s_50_fcleaner,>BSCRO428-24_r_1_s_50_BSCRO428-24_fcleaner,3139669,YP_009349339.1,family:Agelenidae,null,1754,null,null,0.0,279.0,137.1,134.0,0,332,150,0,3,92.38
BSCRO425-24_r_1.3_s_50_BSCRO425-24_fcleaner,BSCRO425-24,r_1.3_s_50_fcleaner,>BSCRO425-24_r_1.3_s_50_BSCRO425-24_fcleaner,1419516,PRD22827.1,superfamily:Araneoidea,null,689,null,null,0.0,142.0,48.6,46.0,0,111,17,0,0,81.15
BSCRO440-24_r_1_s_50_BSCRO440-24_fcleaner,BSCRO440-24,r_1_s_50_fcleaner,>BSCRO440-24_r_1_s_50_BSCRO440-24_fcleaner,1959304,PRD22827.1,superfamily:Araneoidea,null,3342,null,null,0.0,452.0,242.34,268.0,0,343,73,0,6,97.6
BSCRO449-24_r_1.3_s_100_BSCRO449-24_fcleaner,BSCRO449-24,r_1.3_s_100_fcleaner,>BSCRO449-24_r_1.3_s_100_BSCRO449-24_fcleaner,2721269,YP_009680079.1,family:Dysderidae,null,284,null,null,0.0,74.0,23.01,14.0,0,17,13,0,0,71.18
BSCRO411-24_r_1.3_s_50_BSCRO411-24_fcleaner,BSCRO411-24,r_1.3_s_50_fcleaner,>BSCRO411-24_r_1.3_s_50_BSCRO411-24_fcleaner,3139650,YP_009349339.1,family:Agelenidae,null,2355,null,null,0.0,286.0,187.19,194.0,0,143,104,0,0,99.61
BSCRO417-24_r_1.3_s_100_BSCRO417-24_fcleaner,BSCRO417-24,r_1.3_s_100_fcleaner,>BSCRO417-24_r_1.3_s_100_BSCRO417-24_fcleaner,1419516,PRD22827.1,superfamily:Araneoidea,null,452,null,null,0.0,104.0,34.72,32.0,0,65,10,0,0,74.86
BSCRO455-24_r_1.3_s_50_BSCRO455-24_fcleaner,BSCRO455-24,r_1.3_s_50_fcleaner,>BSCRO455-24_r_1.3_s_50_BSCRO455-24_fcleaner,2747120,QNV12043.1,subfamily:Linyphiinae,null,868,null,null,0.0,152.0,58.48,56.0,0,84,22,0,0,99.8
BSCRO397-24_r_1_s_50_BSCRO397-24_fcleaner,BSCRO397-24,r_1_s_50_fcleaner,>BSCRO397-24_r_1_s_50_BSCRO397-24_fcleaner,3139669,YP_009349339.1,family:Agelenidae,null,2329,null,null,0.0,432.0,184.87,185.0,0,299,215,0,3,94.34
BSCRO421-24_r_1.5_s_100_BSCRO421-24_fcleaner,BSCRO421-24,r_1.5_s_100_fcleaner,>BSCRO421-24_r_1.5_s_100_BSCRO421-24_fcleaner,1926205,XCA36587.1,family:Linyphiidae,null,324,null,null,0.0,179.0,24.68,0.0,0,22,5,0,1,44.03
BSCRO394-24_r_1.3_s_50_BSCRO394-24_fcleaner,BSCRO394-24,r_1.3_s_50_fcleaner,>BSCRO394-24_r_1.3_s_50_BSCRO394-24_fcleaner,3228881,XCA36587.1,family:Linyphiidae,null,106,null,null,0.0,17.0,6.49,6.0,0,225,10,0,1,87.87
BSCRO419-24_r_1.3_s_100_BSCRO419-24_fcleaner,BSCRO419-24,r_1.3_s_100_fcleaner,>BSCRO419-24_r_1.3_s_100_BSCRO419-24_fcleaner,1907062,XCA36587.1,subfamily:Erigoninae,null,105,null,null,0.0,59.0,6.61,2.0,0,18,6,0,0,50.1
BSCRO427-24_r_1_s_100_BSCRO427-24_fcleaner,BSCRO427-24,r_1_s_100_fcleaner,>BSCRO427-24_r_1_s_100_BSCRO427-24_fcleaner,3139652,YP_009349339.1,family:Agelenidae,null,882,null,null,21.0,132.0,77.7,77.0,0,101,15,0,0,100.0
BSCRO396-24_r_1.3_s_50_BSCRO396-24_fcleaner,BSCRO396-24,r_1.3_s_50_fcleaner,>BSCRO396-24_r_1.3_s_50_BSCRO396-24_fcleaner,2747120,QNV12043.1,subfamily:Linyphiinae,null,810,null,null,0.0,112.0,54.14,55.0,0,153,30,0,0,99.8
BSCRO441-24_r_1.5_s_50_BSCRO441-24_fcleaner,BSCRO441-24,r_1.5_s_50_fcleaner,>BSCRO441-24_r_1.5_s_50_BSCRO441-24_fcleaner,2747156,XRO44683.1,genus:Zoropsis,null,4569,null,null,0.0,480.0,346.75,351.0,0,279,202,0,0,99.8
BSCRO386-24_r_1.5_s_100_BSCRO386-24_fcleaner,BSCRO386-24,r_1.5_s_100_fcleaner,>BSCRO386-24_r_1.5_s_100_BSCRO386-24_fcleaner,2747120,QNV12043.1,subfamily:Linyphiinae,null,864,null,null,0.0,151.0,71.73,71.0,0,60,17,0,0,99.8
BSCRO461-24_r_1.5_s_100_BSCRO461-24_fcleaner,BSCRO461-24,r_1.5_s_100_fcleaner,>BSCRO461-24_r_1.5_s_100_BSCRO461-24_fcleaner,2721252,YP_009680079.1,family:Dysderidae,null,509,null,null,0.0,109.0,35.88,31.5,0,12,7,0,0,94.31
BSCRO468-24_r_1_s_100_BSCRO468-24_fcleaner,BSCRO468-24,r_1_s_100_fcleaner,>BSCRO468-24_r_1_s_100_BSCRO468-24_fcleaner,3139653,YP_009349339.1,family:Agelenidae,null,701,null,null,16.0,78.0,49.95,51.0,0,17,12,0,0,100.0
BSCRO386-24_r_1_s_50_BSCRO386-24_fcleaner,BSCRO386-24,r_1_s_50_fcleaner,>BSCRO386-24_r_1_s_50_BSCRO386-24_fcleaner,2747120,QNV12043.1,subfamily:Linyphiinae,null,1466,null,null,0.0,286.0,99.68,87.0,0,1057,88,0,0,99.8
BSCRO444-24_r_1.3_s_100_BSCRO444-24_fcleaner,BSCRO444-24,r_1.3_s_100_fcleaner,>BSCRO444-24_r_1.3_s_100_BSCRO444-24_fcleaner,1654896,PRD22827.1,superfamily:Araneoidea,null,89,null,null,0.0,25.0,5.59,2.0,0,20,3,0,0,63.22
BSCRO397-24_r_1.5_s_100_BSCRO397-24_fcleaner,BSCRO397-24,r_1.5_s_100_fcleaner,>BSCRO397-24_r_1.5_s_100_BSCRO397-24_fcleaner,3139669,YP_009349339.1,family:Agelenidae,null,301,null,null,0.0,174.0,24.02,0.0,0,38,7,0,0,39.84
BSCRO429-24_r_1.5_s_50_BSCRO429-24_fcleaner,BSCRO429-24,r_1.5_s_50_fcleaner,null,3139653,YP_009349339.1,family:Agelenidae,null,0,null,null,0.0,0.0,0.0,0.0,0,0,0,0,0,0.0
BSCRO440-24_r_1.3_s_50_BSCRO440-24_fcleaner,BSCRO440-24,r_1.3_s_50_fcleaner,>BSCRO440-24_r_1.3_s_50_BSCRO440-24_fcleaner,1959304,PRD22827.1,superfamily:Araneoidea,null,2032,null,null,0.0,435.0,147.31,117.0,0,220,35,0,0,85.21
BSCRO459-24_r_1_s_50_BSCRO459-24_fcleaner,BSCRO459-24,r_1_s_50_fcleaner,>BSCRO459-24_r_1_s_50_BSCRO459-24_fcleaner,1872039,YP_009680079.1,family:Dysderidae,null,4084,null,null,104.0,580.0,240.48,225.5,0,1283,110,0,0,100.0
BSCRO416-24_r_1.5_s_100_BSCRO416-24_fcleaner,BSCRO416-24,r_1.5_s_100_fcleaner,>BSCRO416-24_r_1.5_s_100_BSCRO416-24_fcleaner,2766751,WWQ79001.1,superfamily:Leptonetoidea,null,2331,null,null,0.0,508.0,168.66,123.0,0,137,50,0,0,84.72
BSCRO467-24_r_1.3_s_100_BSCRO467-24_fcleaner,BSCRO467-24,r_1.3_s_100_fcleaner,>BSCRO467-24_r_1.3_s_100_BSCRO467-24_fcleaner,3139668,YP_009349339.1,family:Agelenidae,null,1513,null,null,0.0,178.0,114.61,125.0,0,248,38,0,0,98.63
BSCRO441-24_r_1.3_s_100_BSCRO441-24_fcleaner,BSCRO441-24,r_1.3_s_100_fcleaner,>BSCRO441-24_r_1.3_s_100_BSCRO441-24_fcleaner,2747156,XRO44683.1,genus:Zoropsis,null,4665,null,null,0.0,481.0,369.3,387.0,0,307,241,0,0,99.8
BSCRO421-24_r_1_s_100_BSCRO421-24_fcleaner,BSCRO421-24,r_1_s_100_fcleaner,>BSCRO421-24_r_1_s_100_BSCRO421-24_fcleaner,1926205,XCA36587.1,family:Linyphiidae,null,1786,null,null,0.0,359.0,151.48,147.0,0,78,117,0,5,91.19
BSCRO448-24_r_1.5_s_100_BSCRO448-24_fcleaner,BSCRO448-24,r_1.5_s_100_fcleaner,>BSCRO448-24_r_1.5_s_100_BSCRO448-24_fcleaner,1926205,XCA36587.1,family:Linyphiidae,null,322,null,null,0.0,39.0,21.55,24.0,0,29,6,0,0,99.02
BSCRO399-24_r_1.3_s_100_BSCRO399-24_fcleaner,BSCRO399-24,r_1.3_s_100_fcleaner,>BSCRO399-24_r_1.3_s_100_BSCRO399-24_fcleaner,3237715,YP_010545517.1,family:Theridiidae,null,2163,null,null,0.0,280.0,175.54,185.0,0,54,95,0,0,99.02
BSCRO434-24_r_1.5_s_50_BSCRO434-24_fcleaner,BSCRO434-24,r_1.5_s_50_fcleaner,>BSCRO434-24_r_1.5_s_50_BSCRO434-24_fcleaner,2721252,YP_009680079.1,family:Dysderidae,null,726,null,null,0.0,128.0,45.22,40.0,0,47,27,0,0,95.29
BSCRO382-24_r_1.3_s_50_BSCRO382-24_fcleaner,BSCRO382-24,r_1.3_s_50_fcleaner,>BSCRO382-24_r_1.3_s_50_BSCRO382-24_fcleaner,2721269,YP_009680079.1,family:Dysderidae,null,1756,null,null,0.0,230.0,126.71,131.0,0,320,61,0,0,99.61
BSCRO437-24_r_1_s_50_BSCRO437-24_fcleaner,BSCRO437-24,r_1_s_50_fcleaner,>BSCRO437-24_r_1_s_50_BSCRO437-24_fcleaner,1959301,PRD22827.1,superfamily:Araneoidea,null,2466,null,null,0.0,339.0,177.3,190.0,0,344,65,0,6,97.78
BSCRO447-24_r_1.5_s_50_BSCRO447-24_fcleaner,BSCRO447-24,r_1.5_s_50_fcleaner,>BSCRO447-24_r_1.5_s_50_BSCRO447-24_fcleaner,1959301,PRD22827.1,superfamily:Araneoidea,null,159,null,null,0.0,55.0,8.43,2.0,0,31,3,0,0,59.52
BSCRO409-24_r_1.3_s_50_BSCRO409-24_fcleaner,BSCRO409-24,r_1.3_s_50_fcleaner,>BSCRO409-24_r_1.3_s_50_BSCRO409-24_fcleaner,3228881,XCA36587.1,family:Linyphiidae,null,2251,null,null,0.0,345.0,173.17,181.0,0,323,80,0,0,99.8
BSCRO415-24_r_1.3_s_50_BSCRO415-24_fcleaner,BSCRO415-24,r_1.3_s_50_fcleaner,>BSCRO415-24_r_1.3_s_50_BSCRO415-24_fcleaner,2747120,QNV12043.1,subfamily:Linyphiinae,null,1309,null,null,0.0,169.0,76.22,69.0,0,709,32,0,0,99.8
BSCRO429-24_r_1.3_s_100_BSCRO429-24_fcleaner,BSCRO429-24,r_1.3_s_100_fcleaner,null,3139653,YP_009349339.1,family:Agelenidae,null,0,null,null,0.0,0.0,0.0,0.0,0,0,0,0,0,0.0
BSCRO382-24_r_1.5_s_50_BSCRO382-24_fcleaner,BSCRO382-24,r_1.5_s_50_fcleaner,>BSCRO382-24_r_1.5_s_50_BSCRO382-24_fcleaner,2721269,YP_009680079.1,family:Dysderidae,null,1174,null,null,0.0,182.0,85.54,92.0,0,165,29,0,0,90.59
BSCRO407-24_r_1.5_s_100_BSCRO407-24_fcleaner,BSCRO407-24,r_1.5_s_100_fcleaner,>BSCRO407-24_r_1.5_s_100_BSCRO407-24_fcleaner,2721249,YP_009680079.1,family:Dysderidae,null,193,null,null,0.0,33.0,14.65,16.0,0,6,7,0,0,95.49
BSCRO470-24_r_1.3_s_100_BSCRO470-24_fcleaner,BSCRO470-24,r_1.3_s_100_fcleaner,>BSCRO470-24_r_1.3_s_100_BSCRO470-24_fcleaner,2721269,YP_009680079.1,family:Dysderidae,null,420,null,null,0.0,64.0,30.61,29.0,0,26,9,0,0,90.98
BSCRO462-24_r_1.3_s_100_BSCRO462-24_fcleaner,BSCRO462-24,r_1.3_s_100_fcleaner,>BSCRO462-24_r_1.3_s_100_BSCRO462-24_fcleaner,3139648,YP_009680079.1,family:Dysderidae,null,335,null,null,0.0,135.0,23.13,14.0,0,34,11,0,1,69.41
BSCRO462-24_r_1_s_50_BSCRO462-24_fcleaner,BSCRO462-24,r_1_s_50_fcleaner,>BSCRO462-24_r_1_s_50_BSCRO462-24_fcleaner,3139648,YP_009680079.1,family:Dysderidae,null,1016,null,null,0.0,146.0,65.19,72.5,0,147,74,0,6,92.16
BSCRO430-24_r_1.5_s_50_BSCRO430-24_fcleaner,BSCRO430-24,r_1.5_s_50_fcleaner,>BSCRO430-24_r_1.5_s_50_BSCRO430-24_fcleaner,3139653,YP_009349339.1,family:Agelenidae,null,256,null,null,0.0,34.0,17.37,17.0,0,36,23,0,0,92.77
BSCRO416-24_r_1.3_s_50_BSCRO416-24_fcleaner,BSCRO416-24,r_1.3_s_50_fcleaner,>BSCRO416-24_r_1.3_s_50_BSCRO416-24_fcleaner,2766751,WWQ79001.1,superfamily:Leptonetoidea,null,3899,null,null,0.0,552.0,275.09,272.0,0,438,97,0,0,91.49
BSCRO471-24_r_1.3_s_100_BSCRO471-24_fcleaner,BSCRO471-24,r_1.3_s_100_fcleaner,>BSCRO471-24_r_1.3_s_100_BSCRO471-24_fcleaner,2970455,YP_009349339.1,family:Agelenidae,null,1031,null,null,0.0,115.0,76.44,80.0,0,128,21,0,0,99.8
BSCRO404-24_r_1.3_s_50_BSCRO404-24_fcleaner,BSCRO404-24,r_1.3_s_50_fcleaner,>BSCRO404-24_r_1.3_s_50_BSCRO404-24_fcleaner,2721249,YP_009680079.1,family:Dysderidae,null,776,null,null,2.0,98.0,46.5,44.0,0,46,33,0,0,100.0
BSCRO417-24_r_1.5_s_100_BSCRO417-24_fcleaner,BSCRO417-24,r_1.5_s_100_fcleaner,>BSCRO417-24_r_1.5_s_100_BSCRO417-24_fcleaner,1419516,PRD22827.1,superfamily:Araneoidea,null,177,null,null,0.0,97.0,13.44,4.0,0,20,3,0,0,56.75
BSCRO411-24_r_1_s_100_BSCRO411-24_fcleaner,BSCRO411-24,r_1_s_100_fcleaner,>BSCRO411-24_r_1_s_100_BSCRO411-24_fcleaner,3139650,YP_009349339.1,family:Agelenidae,null,2291,null,null,0.0,272.0,188.57,193.0,0,98,90,0,0,99.61
BSCRO412-24_r_1.5_s_50_BSCRO412-24_fcleaner,BSCRO412-24,r_1.5_s_50_fcleaner,>BSCRO412-24_r_1.5_s_50_BSCRO412-24_fcleaner,2721269,YP_009680079.1,family:Dysderidae,null,225,null,null,0.0,41.0,15.43,13.0,0,71,5,0,0,94.31
BSCRO469-24_r_1.5_s_100_BSCRO469-24_fcleaner,BSCRO469-24,r_1.5_s_100_fcleaner,>BSCRO469-24_r_1.5_s_100_BSCRO469-24_fcleaner,3139660,XCA36587.1,family:Linyphiidae,null,610,null,null,0.0,99.0,36.49,36.0,0,73,8,0,0,97.06
BSCRO406-24_r_1.5_s_50_BSCRO406-24_fcleaner,BSCRO406-24,r_1.5_s_50_fcleaner,>BSCRO406-24_r_1.5_s_50_BSCRO406-24_fcleaner,2716446,WWQ79001.1,superfamily:Leptonetoidea,null,180,null,null,0.0,63.0,10.79,6.0,0,136,9,0,0,67.31
BSCRO436-24_r_1.3_s_50_BSCRO436-24_fcleaner,BSCRO436-24,r_1.3_s_50_fcleaner,>BSCRO436-24_r_1.3_s_50_BSCRO436-24_fcleaner,3139668,YP_009349339.1,family:Agelenidae,null,503,null,null,7.0,59.0,35.28,37.0,0,94,37,0,0,100.0
BSCRO421-24_r_1.3_s_50_BSCRO421-24_fcleaner,BSCRO421-24,r_1.3_s_50_fcleaner,>BSCRO421-24_r_1.3_s_50_BSCRO421-24_fcleaner,1926205,XCA36587.1,family:Linyphiidae,null,1010,null,null,0.0,252.0,71.41,65.0,0,84,43,0,3,77.69
BSCRO440-24_r_1.3_s_100_BSCRO440-24_fcleaner,BSCRO440-24,r_1.3_s_100_fcleaner,>BSCRO440-24_r_1.3_s_100_BSCRO440-24_fcleaner,1959304,PRD22827.1,superfamily:Araneoidea,null,1836,null,null,0.0,416.0,139.86,109.0,0,64,28,0,0,75.05
BSCRO390-24_r_1.5_s_50_BSCRO390-24_fcleaner,BSCRO390-24,r_1.5_s_50_fcleaner,>BSCRO390-24_r_1.5_s_50_BSCRO390-24_fcleaner,2747120,QNV12043.1,subfamily:Linyphiinae,null,203,null,null,0.0,41.0,11.83,10.0,0,64,6,0,0,94.48
BSCRO416-24_r_1.3_s_100_BSCRO416-24_fcleaner,BSCRO416-24,r_1.3_s_100_fcleaner,>BSCRO416-24_r_1.3_s_100_BSCRO416-24_fcleaner,2766751,WWQ79001.1,superfamily:Leptonetoidea,null,3532,null,null,0.0,525.0,261.71,255.0,0,260,95,0,0,91.49
BSCRO448-24_r_1_s_100_BSCRO448-24_fcleaner,BSCRO448-24,r_1_s_100_fcleaner,>BSCRO448-24_r_1_s_100_BSCRO448-24_fcleaner,1926205,XCA36587.1,family:Linyphiidae,null,337,null,null,0.0,42.0,22.59,24.0,0,57,6,0,0,99.41
BSCRO438-24_r_1.3_s_50_BSCRO438-24_fcleaner,BSCRO438-24,r_1.3_s_50_fcleaner,>BSCRO438-24_r_1.3_s_50_BSCRO438-24_fcleaner,2721255,YP_009680079.1,family:Dysderidae,null,228,null,null,0.0,63.0,15.74,7.0,0,99,10,0,1,63.92
BSCRO471-24_r_1.3_s_50_BSCRO471-24_fcleaner,BSCRO471-24,r_1.3_s_50_fcleaner,>BSCRO471-24_r_1.3_s_50_BSCRO471-24_fcleaner,2970455,YP_009349339.1,family:Agelenidae,null,1202,null,null,0.0,124.0,82.08,85.0,0,189,33,0,0,99.8
BSCRO442-24_r_1.3_s_50_BSCRO442-24_fcleaner,BSCRO442-24,r_1.3_s_50_fcleaner,>BSCRO442-24_r_1.3_s_50_BSCRO442-24_fcleaner,2721269,YP_009680079.1,family:Dysderidae,null,1632,null,null,0.0,209.0,100.22,102.0,0,499,72,0,0,99.22
BSCRO404-24_r_1.5_s_50_BSCRO404-24_fcleaner,BSCRO404-24,r_1.5_s_50_fcleaner,>BSCRO404-24_r_1.5_s_50_BSCRO404-24_fcleaner,2721249,YP_009680079.1,family:Dysderidae,null,427,null,null,0.0,89.0,25.03,19.0,0,26,14,0,1,88.63
BSCRO458-24_r_1_s_100_BSCRO458-24_fcleaner,BSCRO458-24,r_1_s_100_fcleaner,>BSCRO458-24_r_1_s_100_BSCRO458-24_fcleaner,1872039,YP_009680079.1,family:Dysderidae,null,1069,null,null,26.0,167.0,83.3,79.0,0,107,25,0,0,100.0
BSCRO459-24_r_1.5_s_50_BSCRO459-24_fcleaner,BSCRO459-24,r_1.5_s_50_fcleaner,>BSCRO459-24_r_1.5_s_50_BSCRO459-24_fcleaner,1872039,YP_009680079.1,family:Dysderidae,null,2388,null,null,0.0,359.0,147.04,158.0,0,664,32,0,0,97.65
BSCRO461-24_r_1_s_50_BSCRO461-24_fcleaner,BSCRO461-24,r_1_s_50_fcleaner,>BSCRO461-24_r_1_s_50_BSCRO461-24_fcleaner,2721252,YP_009680079.1,family:Dysderidae,null,1188,null,null,6.0,127.0,74.82,73.0,0,227,35,0,0,100.0
BSCRO431-24_r_1_s_100_BSCRO431-24_fcleaner,BSCRO431-24,r_1_s_100_fcleaner,>BSCRO431-24_r_1_s_100_BSCRO431-24_fcleaner,1419516,PRD22827.1,superfamily:Araneoidea,null,3184,null,null,0.0,460.0,233.95,260.0,0,134,117,0,3,88.91
BSCRO395-24_r_1.3_s_100_BSCRO395-24_fcleaner,BSCRO395-24,r_1.3_s_100_fcleaner,>BSCRO395-24_r_1.3_s_100_BSCRO395-24_fcleaner,2892423,PRD22827.1,superfamily:Araneoidea,null,118,null,null,0.0,39.0,7.9,3.0,0,211,3,0,0,60.63
BSCRO407-24_r_1.3_s_50_BSCRO407-24_fcleaner,BSCRO407-24,r_1.3_s_50_fcleaner,>BSCRO407-24_r_1.3_s_50_BSCRO407-24_fcleaner,2721249,YP_009680079.1,family:Dysderidae,null,541,null,null,6.0,221.0,26.65,22.0,0,175,39,0,0,100.0
BSCRO410-24_r_1_s_100_BSCRO410-24_fcleaner,BSCRO410-24,r_1_s_100_fcleaner,>BSCRO410-24_r_1_s_100_BSCRO410-24_fcleaner,2716446,WWQ79001.1,superfamily:Leptonetoidea,null,612,null,null,0.0,140.0,46.98,44.0,0,230,42,0,3,89.94
BSCRO391-24_r_1.3_s_100_BSCRO391-24_fcleaner,BSCRO391-24,r_1.3_s_100_fcleaner,>BSCRO391-24_r_1.3_s_100_BSCRO391-24_fcleaner,3139650,YP_009349339.1,family:Agelenidae,null,386,null,null,0.0,88.0,33.74,31.0,0,128,20,0,0,89.45
BSCRO470-24_r_1.5_s_100_BSCRO470-24_fcleaner,BSCRO470-24,r_1.5_s_100_fcleaner,>BSCRO470-24_r_1.5_s_100_BSCRO470-24_fcleaner,2721269,YP_009680079.1,family:Dysderidae,null,308,null,null,0.0,58.0,22.09,17.0,0,24,8,0,0,90.2
BSCRO448-24_r_1_s_50_BSCRO448-24_fcleaner,BSCRO448-24,r_1_s_50_fcleaner,>BSCRO448-24_r_1_s_50_BSCRO448-24_fcleaner,1926205,XCA36587.1,family:Linyphiidae,null,476,null,null,0.0,59.0,27.17,28.0,0,186,18,0,0,99.41
BSCRO413-24_r_1.5_s_50_BSCRO413-24_fcleaner,BSCRO413-24,r_1.5_s_50_fcleaner,>BSCRO413-24_r_1.5_s_50_BSCRO413-24_fcleaner,3139648,YP_009680079.1,family:Dysderidae,null,106,null,null,0.0,57.0,7.33,0.0,0,12,2,0,0,46.08
BSCRO449-24_r_1.3_s_50_BSCRO449-24_fcleaner,BSCRO449-24,r_1.3_s_50_fcleaner,>BSCRO449-24_r_1.3_s_50_BSCRO449-24_fcleaner,2721269,YP_009680079.1,family:Dysderidae,null,384,null,null,0.0,74.0,26.62,20.0,0,26,16,0,0,75.49
BSCRO399-24_r_1.5_s_50_BSCRO399-24_fcleaner,BSCRO399-24,r_1.5_s_50_fcleaner,>BSCRO399-24_r_1.5_s_50_BSCRO399-24_fcleaner,3237715,YP_010545517.1,family:Theridiidae,null,2101,null,null,0.0,284.0,163.85,178.0,0,85,79,0,0,98.24
BSCRO383-24_r_1.3_s_50_BSCRO383-24_fcleaner,BSCRO383-24,r_1.3_s_50_fcleaner,>BSCRO383-24_r_1.3_s_50_BSCRO383-24_fcleaner,2721269,YP_009680079.1,family:Dysderidae,null,309,null,null,0.0,52.0,20.4,18.0,0,258,14,0,0,97.84
BSCRO469-24_r_1_s_50_BSCRO469-24_fcleaner,BSCRO469-24,r_1_s_50_fcleaner,>BSCRO469-24_r_1_s_50_BSCRO469-24_fcleaner,3139660,XCA36587.1,family:Linyphiidae,null,1025,null,null,0.0,121.0,50.5,45.0,0,365,29,0,0,99.8
BSCRO395-24_r_1_s_50_BSCRO395-24_fcleaner,BSCRO395-24,r_1_s_50_fcleaner,>BSCRO395-24_r_1_s_50_BSCRO395-24_fcleaner,2892423,PRD22827.1,superfamily:Araneoidea,null,507,null,null,0.0,150.0,27.28,24.0,0,624,36,0,6,95.93
BSCRO434-24_r_1.5_s_100_BSCRO434-24_fcleaner,BSCRO434-24,r_1.5_s_100_fcleaner,>BSCRO434-24_r_1.5_s_100_BSCRO434-24_fcleaner,2721252,YP_009680079.1,family:Dysderidae,null,589,null,null,0.0,104.0,40.73,39.0,0,21,21,0,0,90.78
BSCRO412-24_r_1_s_50_BSCRO412-24_fcleaner,BSCRO412-24,r_1_s_50_fcleaner,>BSCRO412-24_r_1_s_50_BSCRO412-24_fcleaner,2721269,YP_009680079.1,family:Dysderidae,null,632,null,null,6.0,157.0,31.87,27.0,0,308,51,0,0,100.0
BSCRO467-24_r_1.5_s_100_BSCRO467-24_fcleaner,BSCRO467-24,r_1.5_s_100_fcleaner,>BSCRO467-24_r_1.5_s_100_BSCRO467-24_fcleaner,3139668,YP_009349339.1,family:Agelenidae,null,1103,null,null,0.0,178.0,82.83,89.0,0,135,35,0,0,91.99
BSCRO445-24_r_1.5_s_100_BSCRO445-24_fcleaner,BSCRO445-24,r_1.5_s_100_fcleaner,>BSCRO445-24_r_1.5_s_100_BSCRO445-24_fcleaner,1959301,PRD22827.1,superfamily:Araneoidea,null,82,null,null,0.0,36.0,4.11,0.0,0,2,2,0,0,37.34
BSCRO392-24_r_1.5_s_50_BSCRO392-24_fcleaner,BSCRO392-24,r_1.5_s_50_fcleaner,>BSCRO392-24_r_1.5_s_50_BSCRO392-24_fcleaner,3139650,YP_009349339.1,family:Agelenidae,null,466,null,null,0.0,212.0,20.9,14.0,0,285,28,0,0,81.25
BSCRO405-24_r_1.5_s_50_BSCRO405-24_fcleaner,BSCRO405-24,r_1.5_s_50_fcleaner,null,2770607,YP_009680079.1,family:Dysderidae,null,0,null,null,0.0,0.0,0.0,0.0,0,0,0,0,0,0.0
BSCRO451-24_r_1_s_100_BSCRO451-24_fcleaner,BSCRO451-24,r_1_s_100_fcleaner,>BSCRO451-24_r_1_s_100_BSCRO451-24_fcleaner,3228881,XCA36587.1,family:Linyphiidae,null,2713,null,null,0.0,344.0,226.88,226.0,0,86,100,0,0,99.8
BSCRO422-24_r_1_s_100_BSCRO422-24_fcleaner,BSCRO422-24,r_1_s_100_fcleaner,>BSCRO422-24_r_1_s_100_BSCRO422-24_fcleaner,1959304,PRD22827.1,superfamily:Araneoidea,null,1197,null,null,0.0,181.0,91.36,99.0,0,79,49,0,6,87.43
BSCRO450-24_r_1.5_s_50_BSCRO450-24_fcleaner,BSCRO450-24,r_1.5_s_50_fcleaner,>BSCRO450-24_r_1.5_s_50_BSCRO450-24_fcleaner,2721269,YP_009680079.1,family:Dysderidae,null,60,null,null,0.0,21.0,4.22,0.0,0,90,4,0,0,47.45
BSCRO441-24_r_1_s_50_BSCRO441-24_fcleaner,BSCRO441-24,r_1_s_50_fcleaner,>BSCRO441-24_r_1_s_50_BSCRO441-24_fcleaner,2747156,XRO44683.1,genus:Zoropsis,null,5383,null,null,0.0,588.0,405.97,412.0,0,687,262,0,0,99.8
BSCRO429-24_r_1_s_100_BSCRO429-24_fcleaner,BSCRO429-24,r_1_s_100_fcleaner,null,3139653,YP_009349339.1,family:Agelenidae,null,0,null,null,0.0,0.0,0.0,0.0,0,0,0,0,0,0.0
BSCRO388-24_r_1.5_s_100_BSCRO388-24_fcleaner,BSCRO388-24,r_1.5_s_100_fcleaner,>BSCRO388-24_r_1.5_s_100_BSCRO388-24_fcleaner,2721269,YP_009680079.1,family:Dysderidae,null,219,null,null,0.0,106.0,17.01,0.0,0,25,4,0,0,41.18
BSCRO471-24_r_1_s_50_BSCRO471-24_fcleaner,BSCRO471-24,r_1_s_50_fcleaner,>BSCRO471-24_r_1_s_50_BSCRO471-24_fcleaner,2970455,YP_009349339.1,family:Agelenidae,null,1478,null,null,3.0,160.0,91.82,93.0,0,295,74,0,0,100.0
BSCRO416-24_r_1_s_100_BSCRO416-24_fcleaner,BSCRO416-24,r_1_s_100_fcleaner,>BSCRO416-24_r_1_s_100_BSCRO416-24_fcleaner,2766751,WWQ79001.1,superfamily:Leptonetoidea,null,4194,null,null,0.0,539.0,311.69,325.0,0,808,126,0,0,91.49
BSCRO387-24_r_1_s_50_BSCRO387-24_fcleaner,BSCRO387-24,r_1_s_50_fcleaner,>BSCRO387-24_r_1_s_50_BSCRO387-24_fcleaner,2689247,XCA36587.1,family:Linyphiidae,null,1197,null,null,0.0,234.0,87.66,85.0,0,391,102,0,3,88.45
BSCRO401-24_r_1.3_s_50_BSCRO401-24_fcleaner,BSCRO401-24,r_1.3_s_50_fcleaner,>BSCRO401-24_r_1.3_s_50_BSCRO401-24_fcleaner,2721249,YP_009680079.1,family:Dysderidae,null,3068,null,null,0.0,403.0,247.96,265.5,0,147,107,0,0,98.24
BSCRO422-24_r_1.3_s_50_BSCRO422-24_fcleaner,BSCRO422-24,r_1.3_s_50_fcleaner,>BSCRO422-24_r_1.3_s_50_BSCRO422-24_fcleaner,1959304,PRD22827.1,superfamily:Araneoidea,null,889,null,null,0.0,183.0,63.74,48.0,0,136,37,0,0,81.15
BSCRO444-24_r_1.5_s_100_BSCRO444-24_fcleaner,BSCRO444-24,r_1.5_s_100_fcleaner,>BSCRO444-24_r_1.5_s_100_BSCRO444-24_fcleaner,1654896,PRD22827.1,superfamily:Araneoidea,null,54,null,null,0.0,25.0,3.34,0.0,0,9,2,0,0,39.19
BSCRO467-24_r_1_s_50_BSCRO467-24_fcleaner,BSCRO467-24,r_1_s_50_fcleaner,>BSCRO467-24_r_1_s_50_BSCRO467-24_fcleaner,3139668,YP_009349339.1,family:Agelenidae,null,2042,null,null,0.0,218.0,135.07,139.0,0,543,82,0,0,99.61
BSCRO435-24_r_1.3_s_50_BSCRO435-24_fcleaner,BSCRO435-24,r_1.3_s_50_fcleaner,>BSCRO435-24_r_1.3_s_50_BSCRO435-24_fcleaner,3139669,YP_009349339.1,family:Agelenidae,null,496,null,null,0.0,129.0,33.77,27.0,0,327,16,0,0,76.95
BSCRO384-24_r_1_s_100_BSCRO384-24_fcleaner,BSCRO384-24,r_1_s_100_fcleaner,>BSCRO384-24_r_1_s_100_BSCRO384-24_fcleaner,2721269,YP_009680079.1,family:Dysderidae,null,2364,null,null,66.0,395.0,202.55,180.0,0,48,93,0,0,100.0
BSCRO468-24_r_1.3_s_100_BSCRO468-24_fcleaner,BSCRO468-24,r_1.3_s_100_fcleaner,>BSCRO468-24_r_1.3_s_100_BSCRO468-24_fcleaner,3139653,YP_009349339.1,family:Agelenidae,null,679,null,null,15.0,78.0,48.33,49.0,0,15,14,0,0,100.0
BSCRO461-24_r_1.5_s_50_BSCRO461-24_fcleaner,BSCRO461-24,r_1.5_s_50_fcleaner,>BSCRO461-24_r_1.5_s_50_BSCRO461-24_fcleaner,2721252,YP_009680079.1,family:Dysderidae,null,600,null,null,0.0,111.0,38.78,35.0,0,41,8,0,0,95.69
BSCRO474-24_r_1.3_s_100_BSCRO474-24_fcleaner,BSCRO474-24,r_1.3_s_100_fcleaner,>BSCRO474-24_r_1.3_s_100_BSCRO474-24_fcleaner,1872039,YP_009680079.1,family:Dysderidae,null,352,null,null,0.0,98.0,25.57,16.5,0,210,13,0,0,68.82
BSCRO432-24_r_1.5_s_100_BSCRO432-24_fcleaner,BSCRO432-24,r_1.5_s_100_fcleaner,>BSCRO432-24_r_1.5_s_100_BSCRO432-24_fcleaner,3139650,YP_009349339.1,family:Agelenidae,null,87,null,null,0.0,15.0,5.37,4.5,0,2,2,0,0,90.43
BSCRO445-24_r_1_s_100_BSCRO445-24_fcleaner,BSCRO445-24,r_1_s_100_fcleaner,>BSCRO445-24_r_1_s_100_BSCRO445-24_fcleaner,1959301,PRD22827.1,superfamily:Araneoidea,null,142,null,null,0.0,40.0,8.0,4.0,0,18,6,0,0,81.33
BSCRO406-24_r_1.3_s_50_BSCRO406-24_fcleaner,BSCRO406-24,r_1.3_s_50_fcleaner,>BSCRO406-24_r_1.3_s_50_BSCRO406-24_fcleaner,2716446,WWQ79001.1,superfamily:Leptonetoidea,null,218,null,null,0.0,57.0,11.22,5.0,0,482,14,0,0,65.96
BSCRO410-24_r_1.5_s_50_BSCRO410-24_fcleaner,BSCRO410-24,r_1.5_s_50_fcleaner,>BSCRO410-24_r_1.5_s_50_BSCRO410-24_fcleaner,2716446,WWQ79001.1,superfamily:Leptonetoidea,null,144,null,null,0.0,59.0,8.82,0.0,0,139,5,0,0,46.81
BSCRO427-24_r_1.3_s_50_BSCRO427-24_fcleaner,BSCRO427-24,r_1.3_s_50_fcleaner,>BSCRO427-24_r_1.3_s_50_BSCRO427-24_fcleaner,3139652,YP_009349339.1,family:Agelenidae,null,914,null,null,23.0,132.0,78.54,77.0,0,62,15,0,0,100.0
BSCRO444-24_r_1.3_s_50_BSCRO444-24_fcleaner,BSCRO444-24,r_1.3_s_50_fcleaner,>BSCRO444-24_r_1.3_s_50_BSCRO444-24_fcleaner,1654896,PRD22827.1,superfamily:Araneoidea,null,170,null,null,0.0,45.0,8.36,6.0,0,48,10,0,0,75.79
BSCRO411-24_r_1.5_s_100_BSCRO411-24_fcleaner,BSCRO411-24,r_1.5_s_100_fcleaner,>BSCRO411-24_r_1.5_s_100_BSCRO411-24_fcleaner,3139650,YP_009349339.1,family:Agelenidae,null,1739,null,null,0.0,271.0,143.53,167.0,0,32,58,0,0,97.85
BSCRO421-24_r_1_s_50_BSCRO421-24_fcleaner,BSCRO421-24,r_1_s_50_fcleaner,>BSCRO421-24_r_1_s_50_BSCRO421-24_fcleaner,1926205,XCA36587.1,family:Linyphiidae,null,2154,null,null,0.0,388.0,166.81,169.0,0,134,144,0,3,93.35
BSCRO422-24_r_1.5_s_100_BSCRO422-24_fcleaner,BSCRO422-24,r_1.5_s_100_fcleaner,>BSCRO422-24_r_1.5_s_100_BSCRO422-24_fcleaner,1959304,PRD22827.1,superfamily:Araneoidea,null,364,null,null,0.0,151.0,26.21,0.0,0,10,18,0,0,49.17
BSCRO451-24_r_1.5_s_100_BSCRO451-24_fcleaner,BSCRO451-24,r_1.5_s_100_fcleaner,>BSCRO451-24_r_1.5_s_100_BSCRO451-24_fcleaner,3228881,XCA36587.1,family:Linyphiidae,null,2182,null,null,0.0,313.0,182.76,199.0,0,50,62,0,0,99.8
BSCRO456-24_r_1.3_s_50_BSCRO456-24_fcleaner,BSCRO456-24,r_1.3_s_50_fcleaner,>BSCRO456-24_r_1.3_s_50_BSCRO456-24_fcleaner,3139660,XCA36587.1,family:Linyphiidae,null,1778,null,null,0.0,174.0,121.63,122.0,0,288,34,0,0,99.41
BSCRO409-24_r_1.5_s_100_BSCRO409-24_fcleaner,BSCRO409-24,r_1.5_s_100_fcleaner,>BSCRO409-24_r_1.5_s_100_BSCRO409-24_fcleaner,3228881,XCA36587.1,family:Linyphiidae,null,1367,null,null,0.0,328.0,107.04,104.0,0,95,45,0,0,85.91
BSCRO400-24_r_1.3_s_50_BSCRO400-24_fcleaner,BSCRO400-24,r_1.3_s_50_fcleaner,>BSCRO400-24_r_1.3_s_50_BSCRO400-24_fcleaner,2766751,WWQ79001.1,superfamily:Leptonetoidea,null,663,null,null,0.0,102.0,50.39,59.0,0,270,24,0,0,91.3
BSCRO439-24_r_1.5_s_50_BSCRO439-24_fcleaner,BSCRO439-24,r_1.5_s_50_fcleaner,>BSCRO439-24_r_1.5_s_50_BSCRO439-24_fcleaner,2970455,YP_009349339.1,family:Agelenidae,null,825,null,null,0.0,155.0,65.65,67.0,0,73,18,0,0,99.8
BSCRO473-24_r_1.3_s_100_BSCRO473-24_fcleaner,BSCRO473-24,r_1.3_s_100_fcleaner,>BSCRO473-24_r_1.3_s_100_BSCRO473-24_fcleaner,3139653,YP_009349339.1,family:Agelenidae,null,449,null,null,0.0,169.0,36.13,16.0,0,118,17,0,1,79.49
BSCRO390-24_r_1_s_100_BSCRO390-24_fcleaner,BSCRO390-24,r_1_s_100_fcleaner,>BSCRO390-24_r_1_s_100_BSCRO390-24_fcleaner,2747120,QNV12043.1,subfamily:Linyphiinae,null,131,null,null,0.0,26.0,9.48,9.0,0,283,10,0,0,86.98
BSCRO385-24_r_1.3_s_50_BSCRO385-24_fcleaner,BSCRO385-24,r_1.3_s_50_fcleaner,>BSCRO385-24_r_1.3_s_50_BSCRO385-24_fcleaner,2747120,QNV12043.1,subfamily:Linyphiinae,null,1551,null,null,0.0,228.0,120.19,117.0,0,97,38,0,0,99.8
BSCRO394-24_r_1.3_s_100_BSCRO394-24_fcleaner,BSCRO394-24,r_1.3_s_100_fcleaner,>BSCRO394-24_r_1.3_s_100_BSCRO394-24_fcleaner,3228881,XCA36587.1,family:Linyphiidae,null,68,null,null,0.0,16.0,4.88,5.0,0,141,6,0,0,77.5
BSCRO428-24_r_1.5_s_50_BSCRO428-24_fcleaner,BSCRO428-24,r_1.5_s_50_fcleaner,>BSCRO428-24_r_1.5_s_50_BSCRO428-24_fcleaner,3139669,YP_009349339.1,family:Agelenidae,null,317,null,null,0.0,158.0,19.74,1.0,0,67,13,0,1,50.2
BSCRO440-24_r_1_s_100_BSCRO440-24_fcleaner,BSCRO440-24,r_1_s_100_fcleaner,>BSCRO440-24_r_1_s_100_BSCRO440-24_fcleaner,1959304,PRD22827.1,superfamily:Araneoidea,null,2805,null,null,0.0,422.0,220.15,244.0,0,129,49,0,6,87.43
BSCRO458-24_r_1.3_s_100_BSCRO458-24_fcleaner,BSCRO458-24,r_1.3_s_100_fcleaner,>BSCRO458-24_r_1.3_s_100_BSCRO458-24_fcleaner,1872039,YP_009680079.1,family:Dysderidae,null,938,null,null,0.0,160.0,72.92,74.0,0,55,20,0,0,99.41
BSCRO419-24_r_1.5_s_50_BSCRO419-24_fcleaner,BSCRO419-24,r_1.5_s_50_fcleaner,>BSCRO419-24_r_1.5_s_50_BSCRO419-24_fcleaner,1907062,XCA36587.1,subfamily:Erigoninae,null,86,null,null,0.0,58.0,5.12,0.0,0,19,6,0,0,33.27
BSCRO460-24_r_1_s_100_BSCRO460-24_fcleaner,BSCRO460-24,r_1_s_100_fcleaner,>BSCRO460-24_r_1_s_100_BSCRO460-24_fcleaner,2689247,XCA36587.1,family:Linyphiidae,null,1974,null,null,0.0,225.0,165.82,168.0,0,37,31,0,0,99.41
BSCRO448-24_r_1.5_s_50_BSCRO448-24_fcleaner,BSCRO448-24,r_1.5_s_50_fcleaner,>BSCRO448-24_r_1.5_s_50_BSCRO448-24_fcleaner,1926205,XCA36587.1,family:Linyphiidae,null,402,null,null,0.0,47.0,24.29,26.0,0,54,6,0,0,99.02
BSCRO455-24_r_1.3_s_100_BSCRO455-24_fcleaner,BSCRO455-24,r_1.3_s_100_fcleaner,>BSCRO455-24_r_1.3_s_100_BSCRO455-24_fcleaner,2747120,QNV12043.1,subfamily:Linyphiinae,null,700,null,null,0.0,77.0,53.47,53.0,0,36,10,0,0,99.8
BSCRO420-24_r_1.5_s_100_BSCRO420-24_fcleaner,BSCRO420-24,r_1.5_s_100_fcleaner,>BSCRO420-24_r_1.5_s_100_BSCRO420-24_fcleaner,933043,XCA36587.1,family:Linyphiidae,null,4038,null,null,0.0,784.0,284.43,258.0,0,424,68,0,0,90.8
BSCRO392-24_r_1.3_s_100_BSCRO392-24_fcleaner,BSCRO392-24,r_1.3_s_100_fcleaner,>BSCRO392-24_r_1.3_s_100_BSCRO392-24_fcleaner,3139650,YP_009349339.1,family:Agelenidae,null,224,null,null,0.0,87.0,13.37,6.0,0,614,20,0,0,78.12
BSCRO396-24_r_1_s_100_BSCRO396-24_fcleaner,BSCRO396-24,r_1_s_100_fcleaner,>BSCRO396-24_r_1_s_100_BSCRO396-24_fcleaner,2747120,QNV12043.1,subfamily:Linyphiinae,null,635,null,null,0.0,83.0,47.3,49.0,0,277,17,0,0,99.8
BSCRO392-24_r_1_s_100_BSCRO392-24_fcleaner,BSCRO392-24,r_1_s_100_fcleaner,>BSCRO392-24_r_1_s_100_BSCRO392-24_fcleaner,3139650,YP_009349339.1,family:Agelenidae,null,624,null,null,0.0,172.0,51.91,50.0,0,784,53,0,0,86.91
BSCRO401-24_r_1_s_50_BSCRO401-24_fcleaner,BSCRO401-24,r_1_s_50_fcleaner,>BSCRO401-24_r_1_s_50_BSCRO401-24_fcleaner,2721249,YP_009680079.1,family:Dysderidae,null,3833,null,null,36.0,417.0,289.16,292.5,0,352,179,0,0,100.0
BSCRO451-24_r_1.3_s_50_BSCRO451-24_fcleaner,BSCRO451-24,r_1.3_s_50_fcleaner,>BSCRO451-24_r_1.3_s_50_BSCRO451-24_fcleaner,3228881,XCA36587.1,family:Linyphiidae,null,2931,null,null,0.0,340.0,235.02,232.0,0,129,109,0,0,99.8
BSCRO463-24_r_1.5_s_100_BSCRO463-24_fcleaner,BSCRO463-24,r_1.5_s_100_fcleaner,>BSCRO463-24_r_1.5_s_100_BSCRO463-24_fcleaner,2721269,YP_009680079.1,family:Dysderidae,null,195,null,null,0.0,100.0,15.68,0.0,0,3,8,0,0,42.35
BSCRO382-24_r_1.3_s_100_BSCRO382-24_fcleaner,BSCRO382-24,r_1.3_s_100_fcleaner,>BSCRO382-24_r_1.3_s_100_BSCRO382-24_fcleaner,2721269,YP_009680079.1,family:Dysderidae,null,1465,null,null,0.0,226.0,116.93,123.0,0,55,33,0,0,98.63
BSCRO417-24_r_1_s_100_BSCRO417-24_fcleaner,BSCRO417-24,r_1_s_100_fcleaner,>BSCRO417-24_r_1_s_100_BSCRO417-24_fcleaner,1419516,PRD22827.1,superfamily:Araneoidea,null,715,null,null,0.0,109.0,56.38,63.0,0,144,18,0,6,87.06
BSCRO440-24_r_1.5_s_100_BSCRO440-24_fcleaner,BSCRO440-24,r_1.5_s_100_fcleaner,>BSCRO440-24_r_1.5_s_100_BSCRO440-24_fcleaner,1959304,PRD22827.1,superfamily:Araneoidea,null,836,null,null,0.0,334.0,60.55,10.0,0,4,12,0,0,58.41
BSCRO468-24_r_1.3_s_50_BSCRO468-24_fcleaner,BSCRO468-24,r_1.3_s_50_fcleaner,>BSCRO468-24_r_1.3_s_50_BSCRO468-24_fcleaner,3139653,YP_009349339.1,family:Agelenidae,null,898,null,null,17.0,88.0,55.52,56.0,0,113,23,0,0,100.0
BSCRO408-24_r_1.3_s_50_BSCRO408-24_fcleaner,BSCRO408-24,r_1.3_s_50_fcleaner,>BSCRO408-24_r_1.3_s_50_BSCRO408-24_fcleaner,3228881,XCA36587.1,family:Linyphiidae,null,1364,null,null,0.0,134.0,96.73,99.0,0,116,39,0,0,99.8
BSCRO405-24_r_1.3_s_50_BSCRO405-24_fcleaner,BSCRO405-24,r_1.3_s_50_fcleaner,null,2770607,YP_009680079.1,family:Dysderidae,null,0,null,null,0.0,0.0,0.0,0.0,0,0,0,0,0,0.0
BSCRO386-24_r_1.3_s_100_BSCRO386-24_fcleaner,BSCRO386-24,r_1.3_s_100_fcleaner,>BSCRO386-24_r_1.3_s_100_BSCRO386-24_fcleaner,2747120,QNV12043.1,subfamily:Linyphiinae,null,1045,null,null,0.0,158.0,86.73,82.0,0,123,24,0,0,99.8
BSCRO436-24_r_1.5_s_50_BSCRO436-24_fcleaner,BSCRO436-24,r_1.5_s_50_fcleaner,>BSCRO436-24_r_1.5_s_50_BSCRO436-24_fcleaner,3139668,YP_009349339.1,family:Agelenidae,null,373,null,null,0.0,51.0,26.3,29.0,0,66,24,0,0,98.83
BSCRO414-24_r_1.3_s_100_BSCRO414-24_fcleaner,BSCRO414-24,r_1.3_s_100_fcleaner,>BSCRO414-24_r_1.3_s_100_BSCRO414-24_fcleaner,2721269,YP_009680079.1,family:Dysderidae,null,1085,null,null,2.0,179.0,86.08,84.0,0,56,24,0,0,100.0
BSCRO397-24_r_1.5_s_50_BSCRO397-24_fcleaner,BSCRO397-24,r_1.5_s_50_fcleaner,>BSCRO397-24_r_1.5_s_50_BSCRO397-24_fcleaner,3139669,YP_009349339.1,family:Agelenidae,null,407,null,null,0.0,174.0,27.36,1.0,0,55,7,0,0,51.95
BSCRO408-24_r_1.3_s_100_BSCRO408-24_fcleaner,BSCRO408-24,r_1.3_s_100_fcleaner,>BSCRO408-24_r_1.3_s_100_BSCRO408-24_fcleaner,3228881,XCA36587.1,family:Linyphiidae,null,1160,null,null,0.0,129.0,89.13,90.0,0,70,28,0,0,99.8
BSCRO401-24_r_1.5_s_50_BSCRO401-24_fcleaner,BSCRO401-24,r_1.5_s_50_fcleaner,>BSCRO401-24_r_1.5_s_50_BSCRO401-24_fcleaner,2721249,YP_009680079.1,family:Dysderidae,null,1607,null,null,0.0,365.0,126.42,105.5,0,65,43,0,0,94.9
BSCRO412-24_r_1.3_s_100_BSCRO412-24_fcleaner,BSCRO412-24,r_1.3_s_100_fcleaner,>BSCRO412-24_r_1.3_s_100_BSCRO412-24_fcleaner,2721269,YP_009680079.1,family:Dysderidae,null,248,null,null,0.0,41.0,19.12,20.0,0,12,4,0,0,98.04
BSCRO406-24_r_1.3_s_100_BSCRO406-24_fcleaner,BSCRO406-24,r_1.3_s_100_fcleaner,>BSCRO406-24_r_1.3_s_100_BSCRO406-24_fcleaner,2716446,WWQ79001.1,superfamily:Leptonetoidea,null,126,null,null,0.0,40.0,8.69,7.0,0,376,12,0,0,54.93
BSCRO384-24_r_1.3_s_100_BSCRO384-24_fcleaner,BSCRO384-24,r_1.3_s_100_fcleaner,>BSCRO384-24_r_1.3_s_100_BSCRO384-24_fcleaner,2721269,YP_009680079.1,family:Dysderidae,null,2020,null,null,0.0,387.0,173.73,168.0,0,25,49,0,0,99.02
BSCRO420-24_r_1.3_s_50_BSCRO420-24_fcleaner,BSCRO420-24,r_1.3_s_50_fcleaner,>BSCRO420-24_r_1.3_s_50_BSCRO420-24_fcleaner,933043,XCA36587.1,family:Linyphiidae,null,7043,null,null,0.0,809.0,479.14,523.0,0,1102,137,0,0,92.76
BSCRO438-24_r_1.5_s_50_BSCRO438-24_fcleaner,BSCRO438-24,r_1.5_s_50_fcleaner,>BSCRO438-24_r_1.5_s_50_BSCRO438-24_fcleaner,2721255,YP_009680079.1,family:Dysderidae,null,153,null,null,0.0,56.0,10.07,1.0,0,31,8,0,0,51.76
BSCRO402-24_r_1.5_s_100_BSCRO402-24_fcleaner,BSCRO402-24,r_1.5_s_100_fcleaner,>BSCRO402-24_r_1.5_s_100_BSCRO402-24_fcleaner,2721255,YP_009680079.1,family:Dysderidae,null,82,null,null,0.0,60.0,6.43,0.0,0,13,4,0,0,32.16
BSCRO389-24_r_1_s_100_BSCRO389-24_fcleaner,BSCRO389-24,r_1_s_100_fcleaner,>BSCRO389-24_r_1_s_100_BSCRO389-24_fcleaner,2747120,QNV12043.1,subfamily:Linyphiinae,null,899,null,null,0.0,116.0,77.58,78.0,0,39,28,0,0,99.8
BSCRO459-24_r_1.5_s_100_BSCRO459-24_fcleaner,BSCRO459-24,r_1.5_s_100_fcleaner,>BSCRO459-24_r_1.5_s_100_BSCRO459-24_fcleaner,1872039,YP_009680079.1,family:Dysderidae,null,1948,null,null,0.0,330.0,132.68,140.5,0,117,23,0,0,91.37
BSCRO454-24_r_1.3_s_100_BSCRO454-24_fcleaner,BSCRO454-24,r_1.3_s_100_fcleaner,>BSCRO454-24_r_1.3_s_100_BSCRO454-24_fcleaner,1926205,XCA36587.1,family:Linyphiidae,null,350,null,null,0.0,142.0,30.92,28.0,0,77,20,0,0,73.39
BSCRO465-24_r_1.5_s_100_BSCRO465-24_fcleaner,BSCRO465-24,r_1.5_s_100_fcleaner,>BSCRO465-24_r_1.5_s_100_BSCRO465-24_fcleaner,1926205,XCA36587.1,family:Linyphiidae,null,1599,null,null,0.0,191.0,123.9,130.0,0,78,28,0,0,99.41
BSCRO452-24_r_1.3_s_100_BSCRO452-24_fcleaner,BSCRO452-24,r_1.3_s_100_fcleaner,>BSCRO452-24_r_1.3_s_100_BSCRO452-24_fcleaner,1959301,PRD22827.1,superfamily:Araneoidea,null,603,null,null,0.0,138.0,43.17,32.0,0,21,14,0,0,75.05
BSCRO413-24_r_1.5_s_100_BSCRO413-24_fcleaner,BSCRO413-24,r_1.5_s_100_fcleaner,>BSCRO413-24_r_1.5_s_100_BSCRO413-24_fcleaner,3139648,YP_009680079.1,family:Dysderidae,null,73,null,null,0.0,57.0,6.39,0.0,0,0,0,0,0,42.16
BSCRO475-24_r_1.3_s_100_BSCRO475-24_fcleaner,BSCRO475-24,r_1.3_s_100_fcleaner,>BSCRO475-24_r_1.3_s_100_BSCRO475-24_fcleaner,2970455,YP_009349339.1,family:Agelenidae,null,578,null,null,0.0,236.0,44.95,32.0,0,63,21,0,0,75.0
BSCRO446-24_r_1_s_100_BSCRO446-24_fcleaner,BSCRO446-24,r_1_s_100_fcleaner,>BSCRO446-24_r_1_s_100_BSCRO446-24_fcleaner,2734922,XAW19444.1,genus:Cheiracanthium,null,79,null,null,0.0,18.0,5.27,4.0,0,91,2,0,0,71.68
BSCRO423-24_r_1_s_100_BSCRO423-24_fcleaner,BSCRO423-24,r_1_s_100_fcleaner,>BSCRO423-24_r_1_s_100_BSCRO423-24_fcleaner,1959304,PRD22827.1,superfamily:Araneoidea,null,790,null,null,0.0,150.0,60.36,66.0,0,45,34,0,6,87.43
BSCRO461-24_r_1_s_100_BSCRO461-24_fcleaner,BSCRO461-24,r_1_s_100_fcleaner,>BSCRO461-24_r_1_s_100_BSCRO461-24_fcleaner,2721252,YP_009680079.1,family:Dysderidae,null,897,null,null,0.0,109.0,65.08,64.0,0,40,13,0,0,99.8
BSCRO435-24_r_1_s_100_BSCRO435-24_fcleaner,BSCRO435-24,r_1_s_100_fcleaner,>BSCRO435-24_r_1_s_100_BSCRO435-24_fcleaner,3139669,YP_009349339.1,family:Agelenidae,null,1416,null,null,0.0,241.0,117.12,121.5,0,170,75,0,6,91.21
BSCRO456-24_r_1.5_s_50_BSCRO456-24_fcleaner,BSCRO456-24,r_1.5_s_50_fcleaner,>BSCRO456-24_r_1.5_s_50_BSCRO456-24_fcleaner,3139660,XCA36587.1,family:Linyphiidae,null,1651,null,null,0.0,171.0,113.29,119.0,0,164,30,0,0,99.41
BSCRO392-24_r_1_s_50_BSCRO392-24_fcleaner,BSCRO392-24,r_1_s_50_fcleaner,>BSCRO392-24_r_1_s_50_BSCRO392-24_fcleaner,3139650,YP_009349339.1,family:Agelenidae,null,808,null,null,0.0,217.0,53.82,53.0,0,1203,79,0,0,91.41
BSCRO462-24_r_1_s_100_BSCRO462-24_fcleaner,BSCRO462-24,r_1_s_100_fcleaner,>BSCRO462-24_r_1_s_100_BSCRO462-24_fcleaner,3139648,YP_009680079.1,family:Dysderidae,null,705,null,null,0.0,139.0,52.38,56.0,0,77,50,0,6,91.18
BSCRO443-24_r_1_s_50_BSCRO443-24_fcleaner,BSCRO443-24,r_1_s_50_fcleaner,>BSCRO443-24_r_1_s_50_BSCRO443-24_fcleaner,1654896,PRD22827.1,superfamily:Araneoidea,null,400,null,null,0.0,51.0,21.13,22.0,0,122,47,0,0,88.91
BSCRO433-24_r_1.5_s_100_BSCRO433-24_fcleaner,BSCRO433-24,r_1.5_s_100_fcleaner,>BSCRO433-24_r_1.5_s_100_BSCRO433-24_fcleaner,2716446,WWQ79001.1,superfamily:Leptonetoidea,null,156,null,null,0.0,31.0,10.09,8.0,0,4,2,0,0,79.3
BSCRO389-24_r_1.5_s_100_BSCRO389-24_fcleaner,BSCRO389-24,r_1.5_s_100_fcleaner,>BSCRO389-24_r_1.5_s_100_BSCRO389-24_fcleaner,2747120,QNV12043.1,subfamily:Linyphiinae,null,688,null,null,0.0,110.0,59.74,63.0,0,28,15,0,0,99.41
BSCRO462-24_r_1.3_s_50_BSCRO462-24_fcleaner,BSCRO462-24,r_1.3_s_50_fcleaner,>BSCRO462-24_r_1.3_s_50_BSCRO462-24_fcleaner,3139648,YP_009680079.1,family:Dysderidae,null,474,null,null,0.0,135.0,27.92,18.0,0,48,14,0,1,75.69
BSCRO403-24_r_1.3_s_100_BSCRO403-24_fcleaner,BSCRO403-24,r_1.3_s_100_fcleaner,>BSCRO403-24_r_1.3_s_100_BSCRO403-24_fcleaner,2721256,YP_009680079.1,family:Dysderidae,null,813,null,null,0.0,135.0,56.19,58.0,0,49,23,0,0,99.8
BSCRO467-24_r_1_s_100_BSCRO467-24_fcleaner,BSCRO467-24,r_1_s_100_fcleaner,>BSCRO467-24_r_1_s_100_BSCRO467-24_fcleaner,3139668,YP_009349339.1,family:Agelenidae,null,1549,null,null,0.0,181.0,117.36,127.0,0,280,40,0,0,99.61
BSCRO469-24_r_1.3_s_50_BSCRO469-24_fcleaner,BSCRO469-24,r_1.3_s_50_fcleaner,>BSCRO469-24_r_1.3_s_50_BSCRO469-24_fcleaner,3139660,XCA36587.1,family:Linyphiidae,null,949,null,null,0.0,117.0,48.6,44.0,0,178,15,0,0,99.41
BSCRO430-24_r_1_s_50_BSCRO430-24_fcleaner,BSCRO430-24,r_1_s_50_fcleaner,>BSCRO430-24_r_1_s_50_BSCRO430-24_fcleaner,3139653,YP_009349339.1,family:Agelenidae,null,478,null,null,2.0,48.0,25.33,25.0,0,129,47,0,0,100.0
BSCRO472-24_r_1.5_s_100_BSCRO472-24_fcleaner,BSCRO472-24,r_1.5_s_100_fcleaner,>BSCRO472-24_r_1.5_s_100_BSCRO472-24_fcleaner,3139660,XCA36587.1,family:Linyphiidae,null,643,null,null,0.0,84.0,51.07,54.0,0,18,12,0,0,99.41
BSCRO381-24_r_1.5_s_100_BSCRO381-24_fcleaner,BSCRO381-24,r_1.5_s_100_fcleaner,null,3139648,YP_009680079.1,family:Dysderidae,null,0,null,null,0.0,0.0,0.0,0.0,0,0,0,0,0,0.0
BSCRO472-24_r_1.3_s_100_BSCRO472-24_fcleaner,BSCRO472-24,r_1.3_s_100_fcleaner,>BSCRO472-24_r_1.3_s_100_BSCRO472-24_fcleaner,3139660,XCA36587.1,family:Linyphiidae,null,686,null,null,0.0,92.0,54.63,56.0,0,39,14,0,0,99.41
BSCRO391-24_r_1_s_50_BSCRO391-24_fcleaner,BSCRO391-24,r_1_s_50_fcleaner,>BSCRO391-24_r_1_s_50_BSCRO391-24_fcleaner,3139650,YP_009349339.1,family:Agelenidae,null,937,null,null,0.0,144.0,73.56,74.0,0,729,102,0,0,95.7
BSCRO427-24_r_1.5_s_50_BSCRO427-24_fcleaner,BSCRO427-24,r_1.5_s_50_fcleaner,>BSCRO427-24_r_1.5_s_50_BSCRO427-24_fcleaner,3139652,YP_009349339.1,family:Agelenidae,null,803,null,null,0.0,131.0,68.48,71.0,0,36,13,0,0,99.8
BSCRO414-24_r_1.3_s_50_BSCRO414-24_fcleaner,BSCRO414-24,r_1.3_s_50_fcleaner,>BSCRO414-24_r_1.3_s_50_BSCRO414-24_fcleaner,2721269,YP_009680079.1,family:Dysderidae,null,1441,null,null,2.0,282.0,95.94,89.0,0,597,65,0,0,100.0
BSCRO394-24_r_1_s_100_BSCRO394-24_fcleaner,BSCRO394-24,r_1_s_100_fcleaner,>BSCRO394-24_r_1_s_100_BSCRO394-24_fcleaner,3228881,XCA36587.1,family:Linyphiidae,null,101,null,null,0.0,26.0,8.75,9.0,0,254,8,0,2,71.23
BSCRO403-24_r_1_s_50_BSCRO403-24_fcleaner,BSCRO403-24,r_1_s_50_fcleaner,>BSCRO403-24_r_1_s_50_BSCRO403-24_fcleaner,2721256,YP_009680079.1,family:Dysderidae,null,1509,null,null,0.0,183.0,83.94,80.5,0,293,83,0,0,99.8
BSCRO466-24_r_1.5_s_50_BSCRO466-24_fcleaner,BSCRO466-24,r_1.5_s_50_fcleaner,>BSCRO466-24_r_1.5_s_50_BSCRO466-24_fcleaner,2721252,YP_009680079.1,family:Dysderidae,null,286,null,null,0.0,51.0,17.24,17.0,0,57,9,0,0,93.33
BSCRO410-24_r_1.3_s_100_BSCRO410-24_fcleaner,BSCRO410-24,r_1.3_s_100_fcleaner,>BSCRO410-24_r_1.3_s_100_BSCRO410-24_fcleaner,2716446,WWQ79001.1,superfamily:Leptonetoidea,null,228,null,null,0.0,62.0,17.69,9.0,0,202,6,0,3,65.96
BSCRO453-24_r_1.3_s_50_BSCRO453-24_fcleaner,BSCRO453-24,r_1.3_s_50_fcleaner,>BSCRO453-24_r_1.3_s_50_BSCRO453-24_fcleaner,1395086,YP_009680079.1,family:Dysderidae,null,1287,null,null,0.0,126.0,82.87,90.0,0,413,33,0,0,99.02
BSCRO400-24_r_1_s_50_BSCRO400-24_fcleaner,BSCRO400-24,r_1_s_50_fcleaner,>BSCRO400-24_r_1_s_50_BSCRO400-24_fcleaner,2766751,WWQ79001.1,superfamily:Leptonetoidea,null,905,null,null,0.0,118.0,66.37,72.0,0,845,50,0,0,97.49
BSCRO425-24_r_1_s_50_BSCRO425-24_fcleaner,BSCRO425-24,r_1_s_50_fcleaner,>BSCRO425-24_r_1_s_50_BSCRO425-24_fcleaner,1419516,PRD22827.1,superfamily:Araneoidea,null,1189,null,null,0.0,156.0,79.77,87.0,0,211,46,0,6,95.56
BSCRO461-24_r_1.3_s_50_BSCRO461-24_fcleaner,BSCRO461-24,r_1.3_s_50_fcleaner,>BSCRO461-24_r_1.3_s_50_BSCRO461-24_fcleaner,2721252,YP_009680079.1,family:Dysderidae,null,1012,null,null,1.0,113.0,66.74,70.0,0,127,17,0,0,100.0
BSCRO402-24_r_1.3_s_50_BSCRO402-24_fcleaner,BSCRO402-24,r_1.3_s_50_fcleaner,>BSCRO402-24_r_1.3_s_50_BSCRO402-24_fcleaner,2721255,YP_009680079.1,family:Dysderidae,null,158,null,null,0.0,56.0,12.3,8.0,0,73,10,0,0,82.16
BSCRO405-24_r_1_s_50_BSCRO405-24_fcleaner,BSCRO405-24,r_1_s_50_fcleaner,null,2770607,YP_009680079.1,family:Dysderidae,null,0,null,null,0.0,0.0,0.0,0.0,0,0,0,0,0,0.0
BSCRO434-24_r_1.3_s_50_BSCRO434-24_fcleaner,BSCRO434-24,r_1.3_s_50_fcleaner,>BSCRO434-24_r_1.3_s_50_BSCRO434-24_fcleaner,2721252,YP_009680079.1,family:Dysderidae,null,1144,null,null,7.0,137.0,73.21,72.5,0,135,41,0,0,100.0
BSCRO428-24_r_1.5_s_100_BSCRO428-24_fcleaner,BSCRO428-24,r_1.5_s_100_fcleaner,>BSCRO428-24_r_1.5_s_100_BSCRO428-24_fcleaner,3139669,YP_009349339.1,family:Agelenidae,null,248,null,null,0.0,146.0,17.65,0.0,0,51,5,0,1,44.53
BSCRO418-24_r_1.5_s_100_BSCRO418-24_fcleaner,BSCRO418-24,r_1.5_s_100_fcleaner,>BSCRO418-24_r_1.5_s_100_BSCRO418-24_fcleaner,1109451,QNV12118.1,genus:Amaurobius,null,461,null,null,0.0,161.0,35.2,26.0,0,150,27,0,0,99.8
BSCRO420-24_r_1.5_s_50_BSCRO420-24_fcleaner,BSCRO420-24,r_1.5_s_50_fcleaner,>BSCRO420-24_r_1.5_s_50_BSCRO420-24_fcleaner,933043,XCA36587.1,family:Linyphiidae,null,4633,null,null,0.0,805.0,303.45,266.0,0,590,71,0,0,90.8
BSCRO452-24_r_1_s_100_BSCRO452-24_fcleaner,BSCRO452-24,r_1_s_100_fcleaner,>BSCRO452-24_r_1_s_100_BSCRO452-24_fcleaner,1959301,PRD22827.1,superfamily:Araneoidea,null,896,null,null,0.0,161.0,66.72,67.0,0,49,24,0,6,87.43
BSCRO407-24_r_1.3_s_100_BSCRO407-24_fcleaner,BSCRO407-24,r_1.3_s_100_fcleaner,>BSCRO407-24_r_1.3_s_100_BSCRO407-24_fcleaner,2721249,YP_009680079.1,family:Dysderidae,null,264,null,null,6.0,33.0,20.06,20.0,0,9,8,0,0,100.0
BSCRO453-24_r_1.5_s_50_BSCRO453-24_fcleaner,BSCRO453-24,r_1.5_s_50_fcleaner,>BSCRO453-24_r_1.5_s_50_BSCRO453-24_fcleaner,1395086,YP_009680079.1,family:Dysderidae,null,999,null,null,0.0,146.0,63.84,69.0,0,323,24,0,0,95.88
BSCRO420-24_r_1_s_50_BSCRO420-24_fcleaner,BSCRO420-24,r_1_s_50_fcleaner,>BSCRO420-24_r_1_s_50_BSCRO420-24_fcleaner,933043,XCA36587.1,family:Linyphiidae,null,7838,null,null,0.0,823.0,521.86,562.0,0,1749,163,0,3,99.41
BSCRO454-24_r_1_s_50_BSCRO454-24_fcleaner,BSCRO454-24,r_1_s_50_fcleaner,>BSCRO454-24_r_1_s_50_BSCRO454-24_fcleaner,1926205,XCA36587.1,family:Linyphiidae,null,1027,null,null,0.0,240.0,85.06,81.0,0,226,81,0,6,93.74
BSCRO432-24_r_1_s_100_BSCRO432-24_fcleaner,BSCRO432-24,r_1_s_100_fcleaner,>BSCRO432-24_r_1_s_100_BSCRO432-24_fcleaner,3139650,YP_009349339.1,family:Agelenidae,null,110,null,null,0.0,18.0,6.9,6.0,0,2,4,0,0,98.63
BSCRO381-24_r_1.3_s_100_BSCRO381-24_fcleaner,BSCRO381-24,r_1.3_s_100_fcleaner,null,3139648,YP_009680079.1,family:Dysderidae,null,0,null,null,0.0,0.0,0.0,0.0,0,0,0,0,0,0.0
BSCRO419-24_r_1_s_50_BSCRO419-24_fcleaner,BSCRO419-24,r_1_s_50_fcleaner,>BSCRO419-24_r_1_s_50_BSCRO419-24_fcleaner,1907062,XCA36587.1,subfamily:Erigoninae,null,285,null,null,0.0,55.0,15.57,11.0,0,286,24,0,0,66.73
BSCRO466-24_r_1_s_50_BSCRO466-24_fcleaner,BSCRO466-24,r_1_s_50_fcleaner,>BSCRO466-24_r_1_s_50_BSCRO466-24_fcleaner,2721252,YP_009680079.1,family:Dysderidae,null,798,null,null,5.0,95.0,39.16,38.0,0,465,65,0,0,100.0
BSCRO435-24_r_1.5_s_50_BSCRO435-24_fcleaner,BSCRO435-24,r_1.5_s_50_fcleaner,>BSCRO435-24_r_1.5_s_50_BSCRO435-24_fcleaner,3139669,YP_009349339.1,family:Agelenidae,null,12,null,null,0.0,5.0,0.45,0.0,0,456,0,0,0,16.8
BSCRO458-24_r_1.5_s_50_BSCRO458-24_fcleaner,BSCRO458-24,r_1.5_s_50_fcleaner,>BSCRO458-24_r_1.5_s_50_BSCRO458-24_fcleaner,1872039,YP_009680079.1,family:Dysderidae,null,830,null,null,0.0,184.0,59.62,60.5,0,360,16,0,0,91.37
BSCRO418-24_r_1_s_100_BSCRO418-24_fcleaner,BSCRO418-24,r_1_s_100_fcleaner,>BSCRO418-24_r_1_s_100_BSCRO418-24_fcleaner,1109451,QNV12118.1,genus:Amaurobius,null,1078,null,null,0.0,258.0,84.67,78.0,0,319,79,0,3,92.58
BSCRO457-24_r_1.3_s_50_BSCRO457-24_fcleaner,BSCRO457-24,r_1.3_s_50_fcleaner,>BSCRO457-24_r_1.3_s_50_BSCRO457-24_fcleaner,2721249,YP_009680079.1,family:Dysderidae,null,739,null,null,0.0,96.0,37.34,35.0,0,142,18,0,0,99.8
BSCRO439-24_r_1.5_s_100_BSCRO439-24_fcleaner,BSCRO439-24,r_1.5_s_100_fcleaner,>BSCRO439-24_r_1.5_s_100_BSCRO439-24_fcleaner,2970455,YP_009349339.1,family:Agelenidae,null,788,null,null,0.0,145.0,64.07,67.0,0,42,14,0,0,99.8
BSCRO433-24_r_1.3_s_50_BSCRO433-24_fcleaner,BSCRO433-24,r_1.3_s_50_fcleaner,>BSCRO433-24_r_1.3_s_50_BSCRO433-24_fcleaner,2716446,WWQ79001.1,superfamily:Leptonetoidea,null,350,null,null,0.0,50.0,20.16,19.0,0,45,9,0,0,94.97
BSCRO457-24_r_1.3_s_100_BSCRO457-24_fcleaner,BSCRO457-24,r_1.3_s_100_fcleaner,>BSCRO457-24_r_1.3_s_100_BSCRO457-24_fcleaner,2721249,YP_009680079.1,family:Dysderidae,null,472,null,null,0.0,75.0,28.76,27.0,0,33,9,0,0,97.65
BSCRO468-24_r_1_s_50_BSCRO468-24_fcleaner,BSCRO468-24,r_1_s_50_fcleaner,>BSCRO468-24_r_1_s_50_BSCRO468-24_fcleaner,3139653,YP_009349339.1,family:Agelenidae,null,1104,null,null,29.0,114.0,62.41,61.0,0,170,41,0,0,100.0
BSCRO389-24_r_1.3_s_50_BSCRO389-24_fcleaner,BSCRO389-24,r_1.3_s_50_fcleaner,>BSCRO389-24_r_1.3_s_50_BSCRO389-24_fcleaner,2747120,QNV12043.1,subfamily:Linyphiinae,null,921,null,null,0.0,117.0,77.35,77.0,0,77,27,0,0,99.8
BSCRO399-24_r_1.5_s_100_BSCRO399-24_fcleaner,BSCRO399-24,r_1.5_s_100_fcleaner,>BSCRO399-24_r_1.5_s_100_BSCRO399-24_fcleaner,3237715,YP_010545517.1,family:Theridiidae,null,1888,null,null,0.0,279.0,153.61,171.0,0,33,82,0,0,98.24
BSCRO457-24_r_1.5_s_100_BSCRO457-24_fcleaner,BSCRO457-24,r_1.5_s_100_fcleaner,>BSCRO457-24_r_1.5_s_100_BSCRO457-24_fcleaner,2721249,YP_009680079.1,family:Dysderidae,null,329,null,null,0.0,74.0,19.46,16.0,0,25,4,0,0,95.69
BSCRO443-24_r_1.5_s_100_BSCRO443-24_fcleaner,BSCRO443-24,r_1.5_s_100_fcleaner,>BSCRO443-24_r_1.5_s_100_BSCRO443-24_fcleaner,1654896,PRD22827.1,superfamily:Araneoidea,null,77,null,null,0.0,31.0,5.09,1.0,0,3,7,0,0,50.09
BSCRO422-24_r_1.5_s_50_BSCRO422-24_fcleaner,BSCRO422-24,r_1.5_s_50_fcleaner,>BSCRO422-24_r_1.5_s_50_BSCRO422-24_fcleaner,1959304,PRD22827.1,superfamily:Araneoidea,null,403,null,null,0.0,157.0,27.44,2.0,0,27,22,0,0,60.63
BSCRO430-24_r_1.3_s_100_BSCRO430-24_fcleaner,BSCRO430-24,r_1.3_s_100_fcleaner,>BSCRO430-24_r_1.3_s_100_BSCRO430-24_fcleaner,3139653,YP_009349339.1,family:Agelenidae,null,241,null,null,0.0,30.0,17.53,18.0,0,8,22,0,0,99.61
BSCRO450-24_r_1.3_s_50_BSCRO450-24_fcleaner,BSCRO450-24,r_1.3_s_50_fcleaner,>BSCRO450-24_r_1.3_s_50_BSCRO450-24_fcleaner,2721269,YP_009680079.1,family:Dysderidae,null,227,null,null,0.0,49.0,17.15,17.0,0,130,11,0,0,81.57
BSCRO409-24_r_1_s_50_BSCRO409-24_fcleaner,BSCRO409-24,r_1_s_50_fcleaner,>BSCRO409-24_r_1_s_50_BSCRO409-24_fcleaner,3228881,XCA36587.1,family:Linyphiidae,null,2595,null,null,0.0,364.0,195.54,196.0,0,771,98,0,0,99.8
BSCRO460-24_r_1.3_s_50_BSCRO460-24_fcleaner,BSCRO460-24,r_1.3_s_50_fcleaner,>BSCRO460-24_r_1.3_s_50_BSCRO460-24_fcleaner,2689247,XCA36587.1,family:Linyphiidae,null,2094,null,null,0.0,225.0,169.79,172.0,0,113,33,0,0,99.41
BSCRO424-24_r_1_s_50_BSCRO424-24_fcleaner,BSCRO424-24,r_1_s_50_fcleaner,>BSCRO424-24_r_1_s_50_BSCRO424-24_fcleaner,2721269,YP_009680079.1,family:Dysderidae,null,709,null,null,6.0,157.0,40.17,36.0,0,345,48,0,0,100.0
BSCRO404-24_r_1_s_50_BSCRO404-24_fcleaner,BSCRO404-24,r_1_s_50_fcleaner,>BSCRO404-24_r_1_s_50_BSCRO404-24_fcleaner,2721249,YP_009680079.1,family:Dysderidae,null,995,null,null,5.0,112.0,57.2,56.0,0,176,58,0,0,100.0
BSCRO405-24_r_1.5_s_100_BSCRO405-24_fcleaner,BSCRO405-24,r_1.5_s_100_fcleaner,null,2770607,YP_009680079.1,family:Dysderidae,null,0,null,null,0.0,0.0,0.0,0.0,0,0,0,0,0,0.0
BSCRO472-24_r_1_s_50_BSCRO472-24_fcleaner,BSCRO472-24,r_1_s_50_fcleaner,>BSCRO472-24_r_1_s_50_BSCRO472-24_fcleaner,3139660,XCA36587.1,family:Linyphiidae,null,891,null,null,8.0,112.0,61.49,60.0,0,214,36,0,0,100.0
BSCRO416-24_r_1_s_50_BSCRO416-24_fcleaner,BSCRO416-24,r_1_s_50_fcleaner,>BSCRO416-24_r_1_s_50_BSCRO416-24_fcleaner,2766751,WWQ79001.1,superfamily:Leptonetoidea,null,4893,null,null,0.0,576.0,340.84,354.0,0,1140,133,0,0,96.13
BSCRO458-24_r_1.3_s_50_BSCRO458-24_fcleaner,BSCRO458-24,r_1.3_s_50_fcleaner,>BSCRO458-24_r_1.3_s_50_BSCRO458-24_fcleaner,1872039,YP_009680079.1,family:Dysderidae,null,1336,null,null,0.0,327.0,83.99,77.0,0,655,47,0,0,99.41
BSCRO385-24_r_1_s_100_BSCRO385-24_fcleaner,BSCRO385-24,r_1_s_100_fcleaner,>BSCRO385-24_r_1_s_100_BSCRO385-24_fcleaner,2747120,QNV12043.1,subfamily:Linyphiinae,null,1425,null,null,0.0,194.0,117.4,116.0,0,95,36,0,0,99.8
BSCRO393-24_r_1.5_s_100_BSCRO393-24_fcleaner,BSCRO393-24,r_1.5_s_100_fcleaner,>BSCRO393-24_r_1.5_s_100_BSCRO393-24_fcleaner,3228881,XCA36587.1,family:Linyphiidae,null,165,null,null,0.0,34.0,10.69,10.0,0,15,4,0,0,94.91
BSCRO411-24_r_1.5_s_50_BSCRO411-24_fcleaner,BSCRO411-24,r_1.5_s_50_fcleaner,>BSCRO411-24_r_1.5_s_50_BSCRO411-24_fcleaner,3139650,YP_009349339.1,family:Agelenidae,null,1864,null,null,0.0,277.0,149.66,176.5,0,73,64,0,0,98.63
BSCRO468-24_r_1.5_s_50_BSCRO468-24_fcleaner,BSCRO468-24,r_1.5_s_50_fcleaner,>BSCRO468-24_r_1.5_s_50_BSCRO468-24_fcleaner,3139653,YP_009349339.1,family:Agelenidae,null,738,null,null,0.0,86.0,45.68,47.0,0,94,14,0,0,98.63
BSCRO427-24_r_1.5_s_100_BSCRO427-24_fcleaner,BSCRO427-24,r_1.5_s_100_fcleaner,>BSCRO427-24_r_1.5_s_100_BSCRO427-24_fcleaner,3139652,YP_009349339.1,family:Agelenidae,null,766,null,null,0.0,131.0,67.14,70.0,0,14,12,0,0,99.8
BSCRO466-24_r_1.3_s_50_BSCRO466-24_fcleaner,BSCRO466-24,r_1.3_s_50_fcleaner,>BSCRO466-24_r_1.3_s_50_BSCRO466-24_fcleaner,2721252,YP_009680079.1,family:Dysderidae,null,523,null,null,2.0,59.0,29.33,30.0,0,175,23,0,0,100.0
BSCRO465-24_r_1.3_s_50_BSCRO465-24_fcleaner,BSCRO465-24,r_1.3_s_50_fcleaner,>BSCRO465-24_r_1.3_s_50_BSCRO465-24_fcleaner,1926205,XCA36587.1,family:Linyphiidae,null,2008,null,null,0.0,198.0,144.56,147.0,0,257,39,0,0,99.41
BSCRO385-24_r_1.3_s_100_BSCRO385-24_fcleaner,BSCRO385-24,r_1.3_s_100_fcleaner,>BSCRO385-24_r_1.3_s_100_BSCRO385-24_fcleaner,2747120,QNV12043.1,subfamily:Linyphiinae,null,1382,null,null,0.0,190.0,113.89,114.0,0,76,29,0,0,99.8
BSCRO439-24_r_1_s_50_BSCRO439-24_fcleaner,BSCRO439-24,r_1_s_50_fcleaner,>BSCRO439-24_r_1_s_50_BSCRO439-24_fcleaner,2970455,YP_009349339.1,family:Agelenidae,null,1208,null,null,0.0,187.0,87.78,87.0,0,190,55,0,0,99.8
BSCRO469-24_r_1.5_s_50_BSCRO469-24_fcleaner,BSCRO469-24,r_1.5_s_50_fcleaner,>BSCRO469-24_r_1.5_s_50_BSCRO469-24_fcleaner,3139660,XCA36587.1,family:Linyphiidae,null,869,null,null,0.0,116.0,44.93,42.0,0,126,11,0,0,99.41
BSCRO393-24_r_1_s_50_BSCRO393-24_fcleaner,BSCRO393-24,r_1_s_50_fcleaner,>BSCRO393-24_r_1_s_50_BSCRO393-24_fcleaner,3228881,XCA36587.1,family:Linyphiidae,null,408,null,null,0.0,54.0,19.51,19.0,0,275,36,0,0,99.8
BSCRO415-24_r_1.5_s_50_BSCRO415-24_fcleaner,BSCRO415-24,r_1.5_s_50_fcleaner,>BSCRO415-24_r_1.5_s_50_BSCRO415-24_fcleaner,2747120,QNV12043.1,subfamily:Linyphiinae,null,1052,null,null,0.0,129.0,59.68,54.0,0,277,25,0,0,99.41
BSCRO464-24_r_1_s_50_BSCRO464-24_fcleaner,BSCRO464-24,r_1_s_50_fcleaner,>BSCRO464-24_r_1_s_50_BSCRO464-24_fcleaner,1926205,XCA36587.1,family:Linyphiidae,null,1013,null,null,0.0,90.0,53.78,52.0,0,148,27,0,0,99.41
BSCRO458-24_r_1_s_50_BSCRO458-24_fcleaner,BSCRO458-24,r_1_s_50_fcleaner,>BSCRO458-24_r_1_s_50_BSCRO458-24_fcleaner,1872039,YP_009680079.1,family:Dysderidae,null,1596,null,null,48.0,392.0,99.71,88.5,0,861,67,0,0,100.0
BSCRO388-24_r_1_s_50_BSCRO388-24_fcleaner,BSCRO388-24,r_1_s_50_fcleaner,>BSCRO388-24_r_1_s_50_BSCRO388-24_fcleaner,2721269,YP_009680079.1,family:Dysderidae,null,1330,null,null,0.0,300.0,103.55,95.0,0,142,121,0,6,90.59
BSCRO427-24_r_1.3_s_100_BSCRO427-24_fcleaner,BSCRO427-24,r_1.3_s_100_fcleaner,>BSCRO427-24_r_1.3_s_100_BSCRO427-24_fcleaner,3139652,YP_009349339.1,family:Agelenidae,null,868,null,null,21.0,132.0,76.54,75.0,0,33,15,0,0,100.0
BSCRO399-24_r_1.3_s_50_BSCRO399-24_fcleaner,BSCRO399-24,r_1.3_s_50_fcleaner,>BSCRO399-24_r_1.3_s_50_BSCRO399-24_fcleaner,3237715,YP_010545517.1,family:Theridiidae,null,2478,null,null,0.0,286.0,189.14,202.0,0,134,115,0,0,99.02
BSCRO382-24_r_1_s_50_BSCRO382-24_fcleaner,BSCRO382-24,r_1_s_50_fcleaner,>BSCRO382-24_r_1_s_50_BSCRO382-24_fcleaner,2721269,YP_009680079.1,family:Dysderidae,null,2194,null,null,38.0,323.0,149.42,146.0,0,831,106,0,0,100.0
BSCRO457-24_r_1_s_50_BSCRO457-24_fcleaner,BSCRO457-24,r_1_s_50_fcleaner,>BSCRO457-24_r_1_s_50_BSCRO457-24_fcleaner,2721249,YP_009680079.1,family:Dysderidae,null,841,null,null,2.0,120.0,41.5,39.0,0,253,32,0,0,100.0
