Filename,ID,mge_params,fasta_header,sample_taxid,ref_accession,ref_rank,n_reads_in,n_reads_aligned,n_reads_skipped,ref_length,cov_min,cov_max,cov_avg,cov_med,cleaning_removed_human,cleaning_removed_at,cleaning_removed_outlier,cleaning_removed_reference,cleaning_ambig_bases,cleaning_cov_percent
BSCRO1231-25_r_1_s_100_BSCRO1231-25,BSCRO1231-25,r_1_s_100_merge,>BSCRO1231-25_r_1_s_100_BSCRO1231-25_merge,2768102,YP_010265401.1,family:Paronellidae,,1069,null,1533,0.0,165.0,114.88,118.0,null,null,null,null,null,null
BSCRO1180-25_r_1.3_s_50_BSCRO1180-25,BSCRO1180-25,r_1.3_s_50_merge,>BSCRO1180-25_r_1.3_s_50_BSCRO1180-25_merge,3139678,UFX54039.1,subfamily:Onychiurinae,,819,null,1533,1.0,115.0,78.24,80.0,null,null,null,null,null,null
BSCRO1216-25_r_1.5_s_100_BSCRO1216-25,BSCRO1216-25,r_1.5_s_100_merge,>BSCRO1216-25_r_1.5_s_100_BSCRO1216-25_merge,187632,UFX54039.1,subfamily:Onychiurinae,,1553,null,1533,0.0,224.0,165.42,168.0,null,null,null,null,null,null
BSCRO1208-25_r_1_s_50_BSCRO1208-25,BSCRO1208-25,r_1_s_50_merge,>BSCRO1208-25_r_1_s_50_BSCRO1208-25_merge,1136003,QGZ08860.1,genus:Neelus,,730,null,1530,25.0,101.0,55.37,53.0,null,null,null,null,null,null
BSCRO1182-25_r_1_s_100_BSCRO1182-25,BSCRO1182-25,r_1_s_100_merge,>BSCRO1182-25_r_1_s_100_BSCRO1182-25_merge,3139678,UFX54039.1,subfamily:Onychiurinae,,1090,null,1533,0.0,163.0,112.72,113.0,null,null,null,null,null,null
BSCRO1193-25_r_1.3_s_100_BSCRO1193-25,BSCRO1193-25,r_1.3_s_100_merge,>BSCRO1193-25_r_1.3_s_100_BSCRO1193-25_merge,370027,QFX74494.1,genus:Isotomurus,,935,null,1533,60.0,137.0,94.0,94.0,null,null,null,null,null,null
BSCRO1161-25_r_1.3_s_50_BSCRO1161-25,BSCRO1161-25,r_1.3_s_50_merge,>BSCRO1161-25_r_1.3_s_50_BSCRO1161-25_merge,187676,YP_009753939.1,genus:Oncopodura,,325,null,1533,0.0,46.0,23.41,23.0,null,null,null,null,null,null
BSCRO1150-25_r_1_s_50_BSCRO1150-25,BSCRO1150-25,r_1_s_50_merge,>BSCRO1150-25_r_1_s_50_BSCRO1150-25_merge,187676,YP_009753939.1,genus:Oncopodura,,1010,null,1533,4.0,130.0,97.29,99.0,null,null,null,null,null,null
BSCRO1235-25_r_1_s_100_BSCRO1235-25,BSCRO1235-25,r_1_s_100_merge,>BSCRO1235-25_r_1_s_100_BSCRO1235-25_merge,2768102,YP_010265401.1,family:Paronellidae,,1221,null,1533,0.0,147.0,111.77,112.0,null,null,null,null,null,null
BSCRO1214-25_r_1_s_100_BSCRO1214-25,BSCRO1214-25,r_1_s_100_merge,>BSCRO1214-25_r_1_s_100_BSCRO1214-25_merge,2772100,AJK28732.1,genus:Pseudosinella,,1213,null,1536,64.0,182.0,134.05,134.0,null,null,null,null,null,null
BSCRO1152-25_r_1.5_s_50_BSCRO1152-25,BSCRO1152-25,r_1.5_s_50_merge,>BSCRO1152-25_r_1.5_s_50_BSCRO1152-25_merge,187676,YP_009753939.1,genus:Oncopodura,,934,null,1533,0.0,146.0,90.98,95.0,null,null,null,null,null,null
BSCRO1160-25_r_1.3_s_50_BSCRO1160-25,BSCRO1160-25,r_1.3_s_50_merge,>BSCRO1160-25_r_1.3_s_50_BSCRO1160-25_merge,187676,YP_009753939.1,genus:Oncopodura,,1159,null,1533,0.0,167.0,117.13,122.0,null,null,null,null,null,null
BSCRO1212-25_r_1_s_50_BSCRO1212-25,BSCRO1212-25,r_1_s_50_merge,>BSCRO1212-25_r_1_s_50_BSCRO1212-25_merge,2772100,AJK28732.1,genus:Pseudosinella,,1126,null,1536,45.0,308.0,79.79,75.0,null,null,null,null,null,null
BSCRO1173-25_r_1.5_s_100_BSCRO1173-25,BSCRO1173-25,r_1.5_s_100_merge,>BSCRO1173-25_r_1.5_s_100_BSCRO1173-25_merge,3139678,UFX54039.1,subfamily:Onychiurinae,,353,null,1533,0.0,64.0,39.54,43.0,null,null,null,null,null,null
BSCRO1199-25_r_1.5_s_50_BSCRO1199-25,BSCRO1199-25,r_1.5_s_50_merge,>BSCRO1199-25_r_1.5_s_50_BSCRO1199-25_merge,1765952,XCD10116.1,subfamily:Heteromurinae,,1414,null,1536,0.0,167.0,124.72,123.0,null,null,null,null,null,null
BSCRO1146-25_r_1.3_s_50_BSCRO1146-25,BSCRO1146-25,r_1.3_s_50_merge,>BSCRO1146-25_r_1.3_s_50_BSCRO1146-25_merge,187676,YP_009753939.1,genus:Oncopodura,,834,null,1533,0.0,107.0,77.55,83.0,null,null,null,null,null,null
BSCRO1232-25_r_1.5_s_100_BSCRO1232-25,BSCRO1232-25,r_1.5_s_100_merge,>BSCRO1232-25_r_1.5_s_100_BSCRO1232-25_merge,2768102,YP_010265401.1,family:Paronellidae,,973,null,1533,0.0,152.0,106.32,115.0,null,null,null,null,null,null
BSCRO1181-25_r_1.5_s_50_BSCRO1181-25,BSCRO1181-25,r_1.5_s_50_merge,>BSCRO1181-25_r_1.5_s_50_BSCRO1181-25_merge,3139678,UFX54039.1,subfamily:Onychiurinae,,545,null,1533,0.0,83.0,53.51,55.0,null,null,null,null,null,null
BSCRO1225-25_r_1.5_s_100_BSCRO1225-25,BSCRO1225-25,r_1.5_s_100_merge,>BSCRO1225-25_r_1.5_s_100_BSCRO1225-25_merge,2768102,YP_010265401.1,family:Paronellidae,,2112,null,1533,0.0,314.0,217.4,236.0,null,null,null,null,null,null
BSCRO1216-25_r_1_s_50_BSCRO1216-25,BSCRO1216-25,r_1_s_50_merge,>BSCRO1216-25_r_1_s_50_BSCRO1216-25_merge,187632,UFX54039.1,subfamily:Onychiurinae,,1977,null,1533,0.0,235.0,185.05,184.0,null,null,null,null,null,null
BSCRO1214-25_r_1.5_s_100_BSCRO1214-25,BSCRO1214-25,r_1.5_s_100_merge,>BSCRO1214-25_r_1.5_s_100_BSCRO1214-25_merge,2772100,AJK28732.1,genus:Pseudosinella,,1051,null,1536,0.0,180.0,117.59,127.0,null,null,null,null,null,null
BSCRO1204-25_r_1_s_50_BSCRO1204-25,BSCRO1204-25,r_1_s_50_merge,>BSCRO1204-25_r_1_s_50_BSCRO1204-25_merge,2768102,YP_010265401.1,family:Paronellidae,,1249,null,1533,0.0,152.0,97.81,92.0,null,null,null,null,null,null
BSCRO1166-25_r_1.3_s_50_BSCRO1166-25,BSCRO1166-25,r_1.3_s_50_merge,>BSCRO1166-25_r_1.3_s_50_BSCRO1166-25_merge,187676,YP_009753939.1,genus:Oncopodura,,1354,null,1533,0.0,186.0,131.4,144.0,null,null,null,null,null,null
BSCRO1202-25_r_1.3_s_50_BSCRO1202-25,BSCRO1202-25,r_1.3_s_50_merge,>BSCRO1202-25_r_1.3_s_50_BSCRO1202-25_merge,1136003,QGZ08860.1,genus:Neelus,,241,null,1530,3.0,40.0,15.59,14.0,null,null,null,null,null,null
BSCRO1157-25_r_1.5_s_50_BSCRO1157-25,BSCRO1157-25,r_1.5_s_50_merge,>BSCRO1157-25_r_1.5_s_50_BSCRO1157-25_merge,187676,YP_009753939.1,genus:Oncopodura,,655,null,1533,0.0,112.0,65.23,72.0,null,null,null,null,null,null
BSCRO1173-25_r_1_s_50_BSCRO1173-25,BSCRO1173-25,r_1_s_50_merge,>BSCRO1173-25_r_1_s_50_BSCRO1173-25_merge,3139678,UFX54039.1,subfamily:Onychiurinae,,870,null,1533,3.0,378.0,60.06,48.0,null,null,null,null,null,null
BSCRO1171-25_r_1_s_100_BSCRO1171-25,BSCRO1171-25,r_1_s_100_merge,>BSCRO1171-25_r_1_s_100_BSCRO1171-25_merge,3139678,UFX54039.1,subfamily:Onychiurinae,,753,null,1533,0.0,100.0,74.25,74.0,null,null,null,null,null,null
BSCRO1234-25_r_1_s_100_BSCRO1234-25,BSCRO1234-25,r_1_s_100_merge,>BSCRO1234-25_r_1_s_100_BSCRO1234-25_merge,2768102,YP_010265401.1,family:Paronellidae,,875,null,1533,0.0,124.0,93.97,95.0,null,null,null,null,null,null
BSCRO1220-25_r_1_s_100_BSCRO1220-25,BSCRO1220-25,r_1_s_100_merge,>BSCRO1220-25_r_1_s_100_BSCRO1220-25_merge,2768102,YP_010265401.1,family:Paronellidae,,781,null,1533,0.0,96.0,77.4,77.0,null,null,null,null,null,null
BSCRO1210-25_r_1.5_s_50_BSCRO1210-25,BSCRO1210-25,r_1.5_s_50_merge,>BSCRO1210-25_r_1.5_s_50_BSCRO1210-25_merge,2768102,YP_010265401.1,family:Paronellidae,,2412,null,1533,0.0,349.0,252.47,267.0,null,null,null,null,null,null
BSCRO1217-25_r_1_s_50_BSCRO1217-25,BSCRO1217-25,r_1_s_50_merge,>BSCRO1217-25_r_1_s_50_BSCRO1217-25_merge,187632,UFX54039.1,subfamily:Onychiurinae,,1088,null,1533,0.0,132.0,85.75,84.0,null,null,null,null,null,null
BSCRO1162-25_r_1.3_s_100_BSCRO1162-25,BSCRO1162-25,r_1.3_s_100_merge,>BSCRO1162-25_r_1.3_s_100_BSCRO1162-25_merge,187676,YP_009753939.1,genus:Oncopodura,,154,null,1533,0.0,34.0,14.69,14.0,null,null,null,null,null,null
BSCRO1159-25_r_1.5_s_50_BSCRO1159-25,BSCRO1159-25,r_1.5_s_50_merge,>BSCRO1159-25_r_1.5_s_50_BSCRO1159-25_merge,187676,YP_009753939.1,genus:Oncopodura,,1497,null,1533,0.0,268.0,170.13,180.0,null,null,null,null,null,null
BSCRO1151-25_r_1.5_s_100_BSCRO1151-25,BSCRO1151-25,r_1.5_s_100_merge,>BSCRO1151-25_r_1.5_s_100_BSCRO1151-25_merge,187676,YP_009753939.1,genus:Oncopodura,,915,null,1533,0.0,155.0,103.79,117.0,null,null,null,null,null,null
BSCRO1158-25_r_1_s_100_BSCRO1158-25,BSCRO1158-25,r_1_s_100_merge,>BSCRO1158-25_r_1_s_100_BSCRO1158-25_merge,187676,YP_009753939.1,genus:Oncopodura,,1724,null,1533,0.0,292.0,201.56,199.0,null,null,null,null,null,null
BSCRO1224-25_r_1_s_100_BSCRO1224-25,BSCRO1224-25,r_1_s_100_merge,>BSCRO1224-25_r_1_s_100_BSCRO1224-25_merge,1765952,XCD10116.1,subfamily:Heteromurinae,,869,null,1536,0.0,118.0,89.86,92.0,null,null,null,null,null,null
BSCRO1142-25_r_1.3_s_100_BSCRO1142-25,BSCRO1142-25,r_1.3_s_100_merge,>BSCRO1142-25_r_1.3_s_100_BSCRO1142-25_merge,187676,YP_009753939.1,genus:Oncopodura,,589,null,1533,0.0,95.0,60.85,64.0,null,null,null,null,null,null
BSCRO1149-25_r_1_s_100_BSCRO1149-25,BSCRO1149-25,r_1_s_100_merge,>BSCRO1149-25_r_1_s_100_BSCRO1149-25_merge,187676,YP_009753939.1,genus:Oncopodura,,616,null,1533,0.0,91.0,68.7,69.0,null,null,null,null,null,null
BSCRO1221-25_r_1_s_100_BSCRO1221-25,BSCRO1221-25,r_1_s_100_merge,>BSCRO1221-25_r_1_s_100_BSCRO1221-25_merge,2768102,YP_010265401.1,family:Paronellidae,,852,null,1533,0.0,112.0,89.53,90.0,null,null,null,null,null,null
BSCRO1173-25_r_1.3_s_100_BSCRO1173-25,BSCRO1173-25,r_1.3_s_100_merge,>BSCRO1173-25_r_1.3_s_100_BSCRO1173-25_merge,3139678,UFX54039.1,subfamily:Onychiurinae,,399,null,1533,0.0,64.0,44.51,45.0,null,null,null,null,null,null
BSCRO1161-25_r_1_s_50_BSCRO1161-25,BSCRO1161-25,r_1_s_50_merge,>BSCRO1161-25_r_1_s_50_BSCRO1161-25_merge,187676,YP_009753939.1,genus:Oncopodura,,490,null,1533,6.0,56.0,29.9,28.0,null,null,null,null,null,null
BSCRO1201-25_r_1.5_s_50_BSCRO1201-25,BSCRO1201-25,r_1.5_s_50_merge,>BSCRO1201-25_r_1.5_s_50_BSCRO1201-25_merge,1765952,XCD10116.1,subfamily:Heteromurinae,,768,null,1536,0.0,101.0,69.71,72.0,null,null,null,null,null,null
BSCRO1191-25_r_1.3_s_100_BSCRO1191-25,BSCRO1191-25,r_1.3_s_100_merge,>BSCRO1191-25_r_1.3_s_100_BSCRO1191-25_merge,2926737,QIT06492.1,family:Sminthuridae,,260,null,1563,0.0,61.0,20.56,18.0,null,null,null,null,null,null
BSCRO1211-25_r_1_s_100_BSCRO1211-25,BSCRO1211-25,r_1_s_100_merge,>BSCRO1211-25_r_1_s_100_BSCRO1211-25_merge,2768102,YP_010265401.1,family:Paronellidae,,2669,null,1533,0.0,334.0,274.33,275.0,null,null,null,null,null,null
BSCRO1163-25_r_1_s_100_BSCRO1163-25,BSCRO1163-25,r_1_s_100_merge,>BSCRO1163-25_r_1_s_100_BSCRO1163-25_merge,187676,YP_009753939.1,genus:Oncopodura,,1318,null,1533,0.0,190.0,128.19,125.0,null,null,null,null,null,null
BSCRO1166-25_r_1_s_100_BSCRO1166-25,BSCRO1166-25,r_1_s_100_merge,>BSCRO1166-25_r_1_s_100_BSCRO1166-25_merge,187676,YP_009753939.1,genus:Oncopodura,,1363,null,1533,0.0,187.0,138.77,142.0,null,null,null,null,null,null
BSCRO1147-25_r_1.5_s_100_BSCRO1147-25,BSCRO1147-25,r_1.5_s_100_merge,>BSCRO1147-25_r_1.5_s_100_BSCRO1147-25_merge,187676,YP_009753939.1,genus:Oncopodura,,456,null,1533,0.0,93.0,50.03,52.0,null,null,null,null,null,null
BSCRO1166-25_r_1.5_s_50_BSCRO1166-25,BSCRO1166-25,r_1.5_s_50_merge,>BSCRO1166-25_r_1.5_s_50_BSCRO1166-25_merge,187676,YP_009753939.1,genus:Oncopodura,,1246,null,1533,0.0,184.0,123.36,137.0,null,null,null,null,null,null
BSCRO1181-25_r_1_s_100_BSCRO1181-25,BSCRO1181-25,r_1_s_100_merge,>BSCRO1181-25_r_1_s_100_BSCRO1181-25_merge,3139678,UFX54039.1,subfamily:Onychiurinae,,569,null,1533,0.0,83.0,57.63,56.0,null,null,null,null,null,null
BSCRO1199-25_r_1.3_s_50_BSCRO1199-25,BSCRO1199-25,r_1.3_s_50_merge,>BSCRO1199-25_r_1.3_s_50_BSCRO1199-25_merge,1765952,XCD10116.1,subfamily:Heteromurinae,,1566,null,1536,0.0,176.0,132.87,133.0,null,null,null,null,null,null
BSCRO1211-25_r_1_s_50_BSCRO1211-25,BSCRO1211-25,r_1_s_50_merge,>BSCRO1211-25_r_1_s_50_BSCRO1211-25_merge,2768102,YP_010265401.1,family:Paronellidae,,2990,null,1533,0.0,346.0,283.99,284.0,null,null,null,null,null,null
BSCRO1200-25_r_1.5_s_100_BSCRO1200-25,BSCRO1200-25,r_1.5_s_100_merge,>BSCRO1200-25_r_1.5_s_100_BSCRO1200-25_merge,1765952,XCD10116.1,subfamily:Heteromurinae,,1469,null,1536,0.0,187.0,143.91,146.0,null,null,null,null,null,null
BSCRO1190-25_r_1.5_s_100_BSCRO1190-25,BSCRO1190-25,r_1.5_s_100_merge,>BSCRO1190-25_r_1.5_s_100_BSCRO1190-25_merge,2926737,QIT06492.1,family:Sminthuridae,,107,null,1563,0.0,44.0,9.73,8.0,null,null,null,null,null,null
BSCRO1197-25_r_1.5_s_50_BSCRO1197-25,BSCRO1197-25,r_1.5_s_50_merge,>BSCRO1197-25_r_1.5_s_50_BSCRO1197-25_merge,2768102,YP_010265401.1,family:Paronellidae,,997,null,1533,0.0,143.0,100.36,106.0,null,null,null,null,null,null
BSCRO1205-25_r_1.5_s_100_BSCRO1205-25,BSCRO1205-25,r_1.5_s_100_merge,>BSCRO1205-25_r_1.5_s_100_BSCRO1205-25_merge,2768102,YP_010265401.1,family:Paronellidae,,1253,null,1533,0.0,162.0,114.23,125.0,null,null,null,null,null,null
BSCRO1195-25_r_1.3_s_50_BSCRO1195-25,BSCRO1195-25,r_1.3_s_50_merge,>BSCRO1195-25_r_1.3_s_50_BSCRO1195-25_merge,187632,UFX54039.1,subfamily:Onychiurinae,,2445,null,1533,1.0,266.0,222.69,225.0,null,null,null,null,null,null
BSCRO1202-25_r_1.5_s_50_BSCRO1202-25,BSCRO1202-25,r_1.5_s_50_merge,>BSCRO1202-25_r_1.5_s_50_BSCRO1202-25_merge,1136003,QGZ08860.1,genus:Neelus,,211,null,1530,0.0,34.0,13.62,12.0,null,null,null,null,null,null
BSCRO1151-25_r_1_s_100_BSCRO1151-25,BSCRO1151-25,r_1_s_100_merge,>BSCRO1151-25_r_1_s_100_BSCRO1151-25_merge,187676,YP_009753939.1,genus:Oncopodura,,1158,null,1533,0.0,172.0,126.38,126.0,null,null,null,null,null,null
BSCRO1201-25_r_1.3_s_100_BSCRO1201-25,BSCRO1201-25,r_1.3_s_100_merge,>BSCRO1201-25_r_1.3_s_100_BSCRO1201-25_merge,1765952,XCD10116.1,subfamily:Heteromurinae,,691,null,1536,0.0,89.0,68.64,72.0,null,null,null,null,null,null
BSCRO1210-25_r_1.3_s_100_BSCRO1210-25,BSCRO1210-25,r_1.3_s_100_merge,>BSCRO1210-25_r_1.3_s_100_BSCRO1210-25_merge,2768102,YP_010265401.1,family:Paronellidae,,2496,null,1533,0.0,350.0,268.82,271.0,null,null,null,null,null,null
BSCRO1208-25_r_1.3_s_50_BSCRO1208-25,BSCRO1208-25,r_1.3_s_50_merge,>BSCRO1208-25_r_1.3_s_50_BSCRO1208-25_merge,1136003,QGZ08860.1,genus:Neelus,,495,null,1530,17.0,71.0,36.34,34.0,null,null,null,null,null,null
BSCRO1187-25_r_1.5_s_100_BSCRO1187-25,BSCRO1187-25,r_1.5_s_100_merge,>BSCRO1187-25_r_1.5_s_100_BSCRO1187-25_merge,2926737,QIT06492.1,family:Sminthuridae,,84,null,1563,0.0,32.0,7.6,3.0,null,null,null,null,null,null
BSCRO1152-25_r_1_s_50_BSCRO1152-25,BSCRO1152-25,r_1_s_50_merge,>BSCRO1152-25_r_1_s_50_BSCRO1152-25_merge,187676,YP_009753939.1,genus:Oncopodura,,1406,null,1533,12.0,180.0,119.82,117.0,null,null,null,null,null,null
BSCRO1193-25_r_1.5_s_50_BSCRO1193-25,BSCRO1193-25,r_1.5_s_50_merge,>BSCRO1193-25_r_1.5_s_50_BSCRO1193-25_merge,370027,QFX74494.1,genus:Isotomurus,,967,null,1533,59.0,136.0,94.18,93.0,null,null,null,null,null,null
BSCRO1213-25_r_1_s_50_BSCRO1213-25,BSCRO1213-25,r_1_s_50_merge,>BSCRO1213-25_r_1_s_50_BSCRO1213-25_merge,2772100,AJK28732.1,genus:Pseudosinella,,2300,null,1536,102.0,470.0,171.38,165.0,null,null,null,null,null,null
BSCRO1206-25_r_1.3_s_100_BSCRO1206-25,BSCRO1206-25,r_1.3_s_100_merge,>BSCRO1206-25_r_1.3_s_100_BSCRO1206-25_merge,1765952,XCD10116.1,subfamily:Heteromurinae,,386,null,1536,0.0,59.0,32.24,31.0,null,null,null,null,null,null
BSCRO1168-25_r_1.3_s_100_BSCRO1168-25,BSCRO1168-25,r_1.3_s_100_merge,>BSCRO1168-25_r_1.3_s_100_BSCRO1168-25_merge,3139678,UFX54039.1,subfamily:Onychiurinae,,1413,null,1533,0.0,181.0,130.59,132.0,null,null,null,null,null,null
BSCRO1222-25_r_1_s_100_BSCRO1222-25,BSCRO1222-25,r_1_s_100_merge,>BSCRO1222-25_r_1_s_100_BSCRO1222-25_merge,2768102,YP_010265401.1,family:Paronellidae,,778,null,1533,0.0,112.0,78.24,76.0,null,null,null,null,null,null
BSCRO1143-25_r_1.3_s_100_BSCRO1143-25,BSCRO1143-25,r_1.3_s_100_merge,>BSCRO1143-25_r_1.3_s_100_BSCRO1143-25_merge,2768102,YP_010265401.1,family:Paronellidae,,978,null,1533,0.0,138.0,108.14,108.0,null,null,null,null,null,null
BSCRO1155-25_r_1.5_s_100_BSCRO1155-25,BSCRO1155-25,r_1.5_s_100_merge,>BSCRO1155-25_r_1.5_s_100_BSCRO1155-25_merge,2768102,YP_010265401.1,family:Paronellidae,,1681,null,1533,0.0,270.0,188.23,199.0,null,null,null,null,null,null
BSCRO1165-25_r_1.5_s_100_BSCRO1165-25,BSCRO1165-25,r_1.5_s_100_merge,>BSCRO1165-25_r_1.5_s_100_BSCRO1165-25_merge,187676,YP_009753939.1,genus:Oncopodura,,842,null,1533,0.0,134.0,91.93,102.0,null,null,null,null,null,null
BSCRO1175-25_r_1_s_50_BSCRO1175-25,BSCRO1175-25,r_1_s_50_merge,>BSCRO1175-25_r_1_s_50_BSCRO1175-25_merge,187632,UFX54039.1,subfamily:Onychiurinae,,1375,null,1533,66.0,215.0,131.53,138.0,null,null,null,null,null,null
BSCRO1224-25_r_1.3_s_100_BSCRO1224-25,BSCRO1224-25,r_1.3_s_100_merge,>BSCRO1224-25_r_1.3_s_100_BSCRO1224-25_merge,1765952,XCD10116.1,subfamily:Heteromurinae,,865,null,1536,0.0,117.0,89.45,92.0,null,null,null,null,null,null
BSCRO1199-25_r_1.5_s_100_BSCRO1199-25,BSCRO1199-25,r_1.5_s_100_merge,>BSCRO1199-25_r_1.5_s_100_BSCRO1199-25_merge,1765952,XCD10116.1,subfamily:Heteromurinae,,1281,null,1536,0.0,155.0,121.2,120.0,null,null,null,null,null,null
BSCRO1226-25_r_1_s_50_BSCRO1226-25,BSCRO1226-25,r_1_s_50_merge,>BSCRO1226-25_r_1_s_50_BSCRO1226-25_merge,2768102,YP_010265401.1,family:Paronellidae,,2238,null,1533,0.0,280.0,213.4,210.0,null,null,null,null,null,null
BSCRO1171-25_r_1.5_s_50_BSCRO1171-25,BSCRO1171-25,r_1.5_s_50_merge,>BSCRO1171-25_r_1.5_s_50_BSCRO1171-25_merge,3139678,UFX54039.1,subfamily:Onychiurinae,,708,null,1533,0.0,100.0,67.49,72.0,null,null,null,null,null,null
BSCRO1145-25_r_1.3_s_100_BSCRO1145-25,BSCRO1145-25,r_1.3_s_100_merge,>BSCRO1145-25_r_1.3_s_100_BSCRO1145-25_merge,2768102,YP_010265401.1,family:Paronellidae,,524,null,1533,0.0,73.0,56.71,57.0,null,null,null,null,null,null
BSCRO1186-25_r_1.3_s_50_BSCRO1186-25,BSCRO1186-25,r_1.3_s_50_merge,>BSCRO1186-25_r_1.3_s_50_BSCRO1186-25_merge,2926737,QIT06492.1,family:Sminthuridae,,281,null,1563,0.0,66.0,21.74,21.0,null,null,null,null,null,null
BSCRO1161-25_r_1.5_s_100_BSCRO1161-25,BSCRO1161-25,r_1.5_s_100_merge,>BSCRO1161-25_r_1.5_s_100_BSCRO1161-25_merge,187676,YP_009753939.1,genus:Oncopodura,,193,null,1533,0.0,40.0,18.4,18.0,null,null,null,null,null,null
BSCRO1181-25_r_1_s_50_BSCRO1181-25,BSCRO1181-25,r_1_s_50_merge,>BSCRO1181-25_r_1_s_50_BSCRO1181-25_merge,3139678,UFX54039.1,subfamily:Onychiurinae,,929,null,1533,0.0,342.0,68.73,60.0,null,null,null,null,null,null
BSCRO1171-25_r_1.3_s_100_BSCRO1171-25,BSCRO1171-25,r_1.3_s_100_merge,>BSCRO1171-25_r_1.3_s_100_BSCRO1171-25_merge,3139678,UFX54039.1,subfamily:Onychiurinae,,731,null,1533,0.0,100.0,72.68,73.0,null,null,null,null,null,null
BSCRO1145-25_r_1.3_s_50_BSCRO1145-25,BSCRO1145-25,r_1.3_s_50_merge,>BSCRO1145-25_r_1.3_s_50_BSCRO1145-25_merge,2768102,YP_010265401.1,family:Paronellidae,,663,null,1533,0.0,82.0,60.07,60.0,null,null,null,null,null,null
BSCRO1174-25_r_1_s_100_BSCRO1174-25,BSCRO1174-25,r_1_s_100_merge,>BSCRO1174-25_r_1_s_100_BSCRO1174-25_merge,187632,UFX54039.1,subfamily:Onychiurinae,,991,null,1533,60.0,144.0,113.9,116.0,null,null,null,null,null,null
BSCRO1157-25_r_1.3_s_50_BSCRO1157-25,BSCRO1157-25,r_1.3_s_50_merge,>BSCRO1157-25_r_1.3_s_50_BSCRO1157-25_merge,187676,YP_009753939.1,genus:Oncopodura,,823,null,1533,0.0,128.0,78.9,83.0,null,null,null,null,null,null
BSCRO1172-25_r_1.3_s_50_BSCRO1172-25,BSCRO1172-25,r_1.3_s_50_merge,>BSCRO1172-25_r_1.3_s_50_BSCRO1172-25_merge,3139678,UFX54039.1,subfamily:Onychiurinae,,1355,null,1533,0.0,171.0,130.8,133.0,null,null,null,null,null,null
BSCRO1196-25_r_1_s_100_BSCRO1196-25,BSCRO1196-25,r_1_s_100_merge,>BSCRO1196-25_r_1_s_100_BSCRO1196-25_merge,187632,UFX54039.1,subfamily:Onychiurinae,,2035,null,1533,0.0,690.0,203.82,147.0,null,null,null,null,null,null
BSCRO1226-25_r_1_s_100_BSCRO1226-25,BSCRO1226-25,r_1_s_100_merge,>BSCRO1226-25_r_1_s_100_BSCRO1226-25_merge,2768102,YP_010265401.1,family:Paronellidae,,1932,null,1533,0.0,279.0,204.4,204.0,null,null,null,null,null,null
BSCRO1204-25_r_1_s_100_BSCRO1204-25,BSCRO1204-25,r_1_s_100_merge,>BSCRO1204-25_r_1_s_100_BSCRO1204-25_merge,2768102,YP_010265401.1,family:Paronellidae,,937,null,1533,0.0,129.0,88.58,84.0,null,null,null,null,null,null
BSCRO1148-25_r_1.3_s_50_BSCRO1148-25,BSCRO1148-25,r_1.3_s_50_merge,>BSCRO1148-25_r_1.3_s_50_BSCRO1148-25_merge,187676,YP_009753939.1,genus:Oncopodura,,297,null,1533,0.0,50.0,23.12,23.0,null,null,null,null,null,null
BSCRO1193-25_r_1.5_s_100_BSCRO1193-25,BSCRO1193-25,r_1.5_s_100_merge,>BSCRO1193-25_r_1.5_s_100_BSCRO1193-25_merge,370027,QFX74494.1,genus:Isotomurus,,924,null,1533,59.0,136.0,92.92,92.0,null,null,null,null,null,null
BSCRO1210-25_r_1_s_100_BSCRO1210-25,BSCRO1210-25,r_1_s_100_merge,>BSCRO1210-25_r_1_s_100_BSCRO1210-25_merge,2768102,YP_010265401.1,family:Paronellidae,,2525,null,1533,0.0,354.0,271.54,273.0,null,null,null,null,null,null
BSCRO1141-25_r_1.5_s_50_BSCRO1141-25,BSCRO1141-25,r_1.5_s_50_merge,>BSCRO1141-25_r_1.5_s_50_BSCRO1141-25_merge,187676,YP_009753939.1,genus:Oncopodura,,151,null,1533,0.0,18.0,8.52,9.0,null,null,null,null,null,null
BSCRO1218-25_r_1.3_s_100_BSCRO1218-25,BSCRO1218-25,r_1.3_s_100_merge,>BSCRO1218-25_r_1.3_s_100_BSCRO1218-25_merge,187632,UFX54039.1,subfamily:Onychiurinae,,1099,null,1533,0.0,144.0,107.88,110.0,null,null,null,null,null,null
BSCRO1164-25_r_1.3_s_50_BSCRO1164-25,BSCRO1164-25,r_1.3_s_50_merge,>BSCRO1164-25_r_1.3_s_50_BSCRO1164-25_merge,187676,YP_009753939.1,genus:Oncopodura,,436,null,1533,0.0,62.0,38.51,39.0,null,null,null,null,null,null
BSCRO1206-25_r_1_s_100_BSCRO1206-25,BSCRO1206-25,r_1_s_100_merge,>BSCRO1206-25_r_1_s_100_BSCRO1206-25_merge,1765952,XCD10116.1,subfamily:Heteromurinae,,386,null,1536,0.0,59.0,32.24,31.0,null,null,null,null,null,null
BSCRO1160-25_r_1_s_50_BSCRO1160-25,BSCRO1160-25,r_1_s_50_merge,>BSCRO1160-25_r_1_s_50_BSCRO1160-25_merge,187676,YP_009753939.1,genus:Oncopodura,,1327,null,1533,0.0,171.0,126.82,127.0,null,null,null,null,null,null
BSCRO1222-25_r_1.3_s_50_BSCRO1222-25,BSCRO1222-25,r_1.3_s_50_merge,>BSCRO1222-25_r_1.3_s_50_BSCRO1222-25_merge,2768102,YP_010265401.1,family:Paronellidae,,901,null,1533,0.0,119.0,81.08,80.0,null,null,null,null,null,null
BSCRO1227-25_r_1_s_50_BSCRO1227-25,BSCRO1227-25,r_1_s_50_merge,>BSCRO1227-25_r_1_s_50_BSCRO1227-25_merge,2768102,YP_010265401.1,family:Paronellidae,,1574,null,1533,0.0,207.0,136.92,137.0,null,null,null,null,null,null
BSCRO1142-25_r_1.3_s_50_BSCRO1142-25,BSCRO1142-25,r_1.3_s_50_merge,>BSCRO1142-25_r_1.3_s_50_BSCRO1142-25_merge,187676,YP_009753939.1,genus:Oncopodura,,674,null,1533,0.0,97.0,63.01,66.0,null,null,null,null,null,null
BSCRO1146-25_r_1.5_s_100_BSCRO1146-25,BSCRO1146-25,r_1.5_s_100_merge,>BSCRO1146-25_r_1.5_s_100_BSCRO1146-25_merge,187676,YP_009753939.1,genus:Oncopodura,,598,null,1533,0.0,103.0,64.26,68.0,null,null,null,null,null,null
BSCRO1198-25_r_1.5_s_100_BSCRO1198-25,BSCRO1198-25,r_1.5_s_100_merge,>BSCRO1198-25_r_1.5_s_100_BSCRO1198-25_merge,2768102,YP_010265401.1,family:Paronellidae,,951,null,1533,0.0,145.0,102.78,111.0,null,null,null,null,null,null
BSCRO1176-25_r_1.3_s_50_BSCRO1176-25,BSCRO1176-25,r_1.3_s_50_merge,>BSCRO1176-25_r_1.3_s_50_BSCRO1176-25_merge,187632,UFX54039.1,subfamily:Onychiurinae,,671,null,1533,36.0,95.0,65.25,65.0,null,null,null,null,null,null
BSCRO1151-25_r_1.3_s_100_BSCRO1151-25,BSCRO1151-25,r_1.3_s_100_merge,>BSCRO1151-25_r_1.3_s_100_BSCRO1151-25_merge,187676,YP_009753939.1,genus:Oncopodura,,1066,null,1533,0.0,170.0,118.43,123.0,null,null,null,null,null,null
BSCRO1188-25_r_1.3_s_100_BSCRO1188-25,BSCRO1188-25,r_1.3_s_100_merge,>BSCRO1188-25_r_1.3_s_100_BSCRO1188-25_merge,187676,YP_009753939.1,genus:Oncopodura,,2285,null,1533,0.0,360.0,275.15,306.0,null,null,null,null,null,null
BSCRO1151-25_r_1_s_50_BSCRO1151-25,BSCRO1151-25,r_1_s_50_merge,>BSCRO1151-25_r_1_s_50_BSCRO1151-25_merge,187676,YP_009753939.1,genus:Oncopodura,,1577,null,1533,20.0,213.0,139.35,138.0,null,null,null,null,null,null
BSCRO1212-25_r_1.3_s_100_BSCRO1212-25,BSCRO1212-25,r_1.3_s_100_merge,>BSCRO1212-25_r_1.3_s_100_BSCRO1212-25_merge,2772100,AJK28732.1,genus:Pseudosinella,,605,null,1536,0.0,90.0,62.36,69.0,null,null,null,null,null,null
BSCRO1217-25_r_1_s_100_BSCRO1217-25,BSCRO1217-25,r_1_s_100_merge,>BSCRO1217-25_r_1_s_100_BSCRO1217-25_merge,187632,UFX54039.1,subfamily:Onychiurinae,,811,null,1533,0.0,110.0,77.75,79.0,null,null,null,null,null,null
BSCRO1192-25_r_1_s_50_BSCRO1192-25,BSCRO1192-25,r_1_s_50_merge,>BSCRO1192-25_r_1_s_50_BSCRO1192-25_merge,370027,QFX74494.1,genus:Isotomurus,,973,null,1533,63.0,152.0,91.77,91.0,null,null,null,null,null,null
BSCRO1164-25_r_1.3_s_100_BSCRO1164-25,BSCRO1164-25,r_1.3_s_100_merge,>BSCRO1164-25_r_1.3_s_100_BSCRO1164-25_merge,187676,YP_009753939.1,genus:Oncopodura,,394,null,1533,0.0,59.0,37.38,38.0,null,null,null,null,null,null
BSCRO1143-25_r_1.5_s_100_BSCRO1143-25,BSCRO1143-25,r_1.5_s_100_merge,>BSCRO1143-25_r_1.5_s_100_BSCRO1143-25_merge,2768102,YP_010265401.1,family:Paronellidae,,883,null,1533,0.0,127.0,97.94,104.0,null,null,null,null,null,null
BSCRO1222-25_r_1.3_s_100_BSCRO1222-25,BSCRO1222-25,r_1.3_s_100_merge,>BSCRO1222-25_r_1.3_s_100_BSCRO1222-25_merge,2768102,YP_010265401.1,family:Paronellidae,,770,null,1533,0.0,112.0,77.65,76.0,null,null,null,null,null,null
BSCRO1185-25_r_1.5_s_100_BSCRO1185-25,BSCRO1185-25,r_1.5_s_100_merge,>BSCRO1185-25_r_1.5_s_100_BSCRO1185-25_merge,2926737,QIT06492.1,family:Sminthuridae,,104,null,1563,0.0,46.0,9.83,4.0,null,null,null,null,null,null
BSCRO1214-25_r_1.3_s_100_BSCRO1214-25,BSCRO1214-25,r_1.3_s_100_merge,>BSCRO1214-25_r_1.3_s_100_BSCRO1214-25_merge,2772100,AJK28732.1,genus:Pseudosinella,,1101,null,1536,0.0,182.0,123.28,131.0,null,null,null,null,null,null
BSCRO1150-25_r_1.3_s_100_BSCRO1150-25,BSCRO1150-25,r_1.3_s_100_merge,>BSCRO1150-25_r_1.3_s_100_BSCRO1150-25_merge,187676,YP_009753939.1,genus:Oncopodura,,694,null,1533,0.0,113.0,82.89,84.0,null,null,null,null,null,null
BSCRO1212-25_r_1.3_s_50_BSCRO1212-25,BSCRO1212-25,r_1.3_s_50_merge,>BSCRO1212-25_r_1.3_s_50_BSCRO1212-25_merge,2772100,AJK28732.1,genus:Pseudosinella,,895,null,1536,0.0,296.0,68.69,71.0,null,null,null,null,null,null
BSCRO1215-25_r_1.3_s_100_BSCRO1215-25,BSCRO1215-25,r_1.3_s_100_merge,>BSCRO1215-25_r_1.3_s_100_BSCRO1215-25_merge,2768102,YP_010265401.1,family:Paronellidae,,822,null,1533,0.0,112.0,86.14,88.0,null,null,null,null,null,null
BSCRO1235-25_r_1.5_s_100_BSCRO1235-25,BSCRO1235-25,r_1.5_s_100_merge,>BSCRO1235-25_r_1.5_s_100_BSCRO1235-25_merge,2768102,YP_010265401.1,family:Paronellidae,,1076,null,1533,0.0,147.0,98.97,102.0,null,null,null,null,null,null
BSCRO1164-25_r_1.5_s_100_BSCRO1164-25,BSCRO1164-25,r_1.5_s_100_merge,>BSCRO1164-25_r_1.5_s_100_BSCRO1164-25_merge,187676,YP_009753939.1,genus:Oncopodura,,348,null,1533,0.0,57.0,33.04,32.0,null,null,null,null,null,null
BSCRO1157-25_r_1.5_s_100_BSCRO1157-25,BSCRO1157-25,r_1.5_s_100_merge,>BSCRO1157-25_r_1.5_s_100_BSCRO1157-25_merge,187676,YP_009753939.1,genus:Oncopodura,,612,null,1533,0.0,111.0,63.95,72.0,null,null,null,null,null,null
BSCRO1146-25_r_1.5_s_50_BSCRO1146-25,BSCRO1146-25,r_1.5_s_50_merge,>BSCRO1146-25_r_1.5_s_50_BSCRO1146-25_merge,187676,YP_009753939.1,genus:Oncopodura,,667,null,1533,0.0,106.0,66.15,69.0,null,null,null,null,null,null
BSCRO1230-25_r_1_s_100_BSCRO1230-25,BSCRO1230-25,r_1_s_100_merge,>BSCRO1230-25_r_1_s_100_BSCRO1230-25_merge,1765952,XCD10116.1,subfamily:Heteromurinae,,1138,null,1536,0.0,142.0,114.63,115.0,null,null,null,null,null,null
BSCRO1194-25_r_1.3_s_50_BSCRO1194-25,BSCRO1194-25,r_1.3_s_50_merge,>BSCRO1194-25_r_1.3_s_50_BSCRO1194-25_merge,370027,QFX74494.1,genus:Isotomurus,,639,null,1533,42.0,93.0,66.04,66.0,null,null,null,null,null,null
BSCRO1142-25_r_1_s_100_BSCRO1142-25,BSCRO1142-25,r_1_s_100_merge,>BSCRO1142-25_r_1_s_100_BSCRO1142-25_merge,187676,YP_009753939.1,genus:Oncopodura,,647,null,1533,0.0,97.0,66.27,67.0,null,null,null,null,null,null
BSCRO1216-25_r_1.5_s_50_BSCRO1216-25,BSCRO1216-25,r_1.5_s_50_merge,>BSCRO1216-25_r_1.5_s_50_BSCRO1216-25_merge,187632,UFX54039.1,subfamily:Onychiurinae,,1673,null,1533,0.0,233.0,168.81,172.0,null,null,null,null,null,null
BSCRO1208-25_r_1.3_s_100_BSCRO1208-25,BSCRO1208-25,r_1.3_s_100_merge,>BSCRO1208-25_r_1.3_s_100_BSCRO1208-25_merge,1136003,QGZ08860.1,genus:Neelus,,414,null,1530,17.0,69.0,34.13,31.0,null,null,null,null,null,null
BSCRO1156-25_r_1.5_s_100_BSCRO1156-25,BSCRO1156-25,r_1.5_s_100_merge,>BSCRO1156-25_r_1.5_s_100_BSCRO1156-25_merge,187676,YP_009753939.1,genus:Oncopodura,,566,null,1533,0.0,97.0,63.94,70.0,null,null,null,null,null,null
BSCRO1227-25_r_1.3_s_100_BSCRO1227-25,BSCRO1227-25,r_1.3_s_100_merge,>BSCRO1227-25_r_1.3_s_100_BSCRO1227-25_merge,2768102,YP_010265401.1,family:Paronellidae,,1249,null,1533,0.0,192.0,127.01,128.0,null,null,null,null,null,null
BSCRO1220-25_r_1.5_s_50_BSCRO1220-25,BSCRO1220-25,r_1.5_s_50_merge,>BSCRO1220-25_r_1.5_s_50_BSCRO1220-25_merge,2768102,YP_010265401.1,family:Paronellidae,,777,null,1533,0.0,95.0,72.28,77.0,null,null,null,null,null,null
BSCRO1203-25_r_1_s_50_BSCRO1203-25,BSCRO1203-25,r_1_s_50_merge,>BSCRO1203-25_r_1_s_50_BSCRO1203-25_merge,2768102,YP_010265401.1,family:Paronellidae,,1559,null,1533,3.0,172.0,122.77,123.0,null,null,null,null,null,null
BSCRO1225-25_r_1.3_s_50_BSCRO1225-25,BSCRO1225-25,r_1.3_s_50_merge,>BSCRO1225-25_r_1.3_s_50_BSCRO1225-25_merge,2768102,YP_010265401.1,family:Paronellidae,,2536,null,1533,0.0,321.0,242.95,246.0,null,null,null,null,null,null
BSCRO1170-25_r_1.5_s_100_BSCRO1170-25,BSCRO1170-25,r_1.5_s_100_merge,>BSCRO1170-25_r_1.5_s_100_BSCRO1170-25_merge,3139678,UFX54039.1,subfamily:Onychiurinae,,2884,null,1533,0.0,459.0,348.79,381.0,null,null,null,null,null,null
BSCRO1142-25_r_1.5_s_50_BSCRO1142-25,BSCRO1142-25,r_1.5_s_50_merge,>BSCRO1142-25_r_1.5_s_50_BSCRO1142-25_merge,187676,YP_009753939.1,genus:Oncopodura,,596,null,1533,0.0,94.0,58.91,63.0,null,null,null,null,null,null
BSCRO1200-25_r_1_s_50_BSCRO1200-25,BSCRO1200-25,r_1_s_50_merge,>BSCRO1200-25_r_1_s_50_BSCRO1200-25_merge,1765952,XCD10116.1,subfamily:Heteromurinae,,1867,null,1536,0.0,211.0,159.45,160.0,null,null,null,null,null,null
BSCRO1208-25_r_1.5_s_50_BSCRO1208-25,BSCRO1208-25,r_1.5_s_50_merge,>BSCRO1208-25_r_1.5_s_50_BSCRO1208-25_merge,1136003,QGZ08860.1,genus:Neelus,,408,null,1530,5.0,55.0,29.84,30.0,null,null,null,null,null,null
BSCRO1197-25_r_1.5_s_100_BSCRO1197-25,BSCRO1197-25,r_1.5_s_100_merge,>BSCRO1197-25_r_1.5_s_100_BSCRO1197-25_merge,2768102,YP_010265401.1,family:Paronellidae,,894,null,1533,0.0,142.0,97.67,102.0,null,null,null,null,null,null
BSCRO1213-25_r_1.5_s_100_BSCRO1213-25,BSCRO1213-25,r_1.5_s_100_merge,>BSCRO1213-25_r_1.5_s_100_BSCRO1213-25_merge,2772100,AJK28732.1,genus:Pseudosinella,,1293,null,1536,0.0,214.0,132.1,144.0,null,null,null,null,null,null
BSCRO1195-25_r_1.5_s_50_BSCRO1195-25,BSCRO1195-25,r_1.5_s_50_merge,>BSCRO1195-25_r_1.5_s_50_BSCRO1195-25_merge,187632,UFX54039.1,subfamily:Onychiurinae,,2322,null,1533,0.0,264.0,215.38,219.0,null,null,null,null,null,null
BSCRO1154-25_r_1_s_100_BSCRO1154-25,BSCRO1154-25,r_1_s_100_merge,>BSCRO1154-25_r_1_s_100_BSCRO1154-25_merge,2768102,YP_010265401.1,family:Paronellidae,,869,null,1533,0.0,119.0,93.8,93.0,null,null,null,null,null,null
BSCRO1210-25_r_1.3_s_50_BSCRO1210-25,BSCRO1210-25,r_1.3_s_50_merge,>BSCRO1210-25_r_1.3_s_50_BSCRO1210-25_merge,2768102,YP_010265401.1,family:Paronellidae,,2686,null,1533,0.0,352.0,274.24,277.0,null,null,null,null,null,null
BSCRO1231-25_r_1.3_s_50_BSCRO1231-25,BSCRO1231-25,r_1.3_s_50_merge,>BSCRO1231-25_r_1.3_s_50_BSCRO1231-25_merge,2768102,YP_010265401.1,family:Paronellidae,,1159,null,1533,0.0,165.0,114.99,117.0,null,null,null,null,null,null
BSCRO1194-25_r_1_s_50_BSCRO1194-25,BSCRO1194-25,r_1_s_50_merge,>BSCRO1194-25_r_1_s_50_BSCRO1194-25_merge,370027,QFX74494.1,genus:Isotomurus,,680,null,1533,42.0,95.0,67.68,68.0,null,null,null,null,null,null
BSCRO1211-25_r_1.3_s_100_BSCRO1211-25,BSCRO1211-25,r_1.3_s_100_merge,>BSCRO1211-25_r_1.3_s_100_BSCRO1211-25_merge,2768102,YP_010265401.1,family:Paronellidae,,2636,null,1533,0.0,332.0,271.54,270.0,null,null,null,null,null,null
BSCRO1228-25_r_1_s_50_BSCRO1228-25,BSCRO1228-25,r_1_s_50_merge,>BSCRO1228-25_r_1_s_50_BSCRO1228-25_merge,1765952,XCD10116.1,subfamily:Heteromurinae,,2221,null,1536,0.0,275.0,208.0,209.0,null,null,null,null,null,null
BSCRO1145-25_r_1_s_50_BSCRO1145-25,BSCRO1145-25,r_1_s_50_merge,>BSCRO1145-25_r_1_s_50_BSCRO1145-25_merge,2768102,YP_010265401.1,family:Paronellidae,,762,null,1533,0.0,84.0,63.41,64.0,null,null,null,null,null,null
BSCRO1234-25_r_1.5_s_100_BSCRO1234-25,BSCRO1234-25,r_1.5_s_100_merge,>BSCRO1234-25_r_1.5_s_100_BSCRO1234-25_merge,2768102,YP_010265401.1,family:Paronellidae,,790,null,1533,0.0,122.0,86.15,90.0,null,null,null,null,null,null
BSCRO1220-25_r_1.3_s_50_BSCRO1220-25,BSCRO1220-25,r_1.3_s_50_merge,>BSCRO1220-25_r_1.3_s_50_BSCRO1220-25_merge,2768102,YP_010265401.1,family:Paronellidae,,880,null,1533,0.0,99.0,79.44,80.0,null,null,null,null,null,null
BSCRO1168-25_r_1.5_s_100_BSCRO1168-25,BSCRO1168-25,r_1.5_s_100_merge,>BSCRO1168-25_r_1.5_s_100_BSCRO1168-25_merge,3139678,UFX54039.1,subfamily:Onychiurinae,,1314,null,1533,0.0,181.0,121.02,130.0,null,null,null,null,null,null
BSCRO1180-25_r_1_s_100_BSCRO1180-25,BSCRO1180-25,r_1_s_100_merge,>BSCRO1180-25_r_1_s_100_BSCRO1180-25_merge,3139678,UFX54039.1,subfamily:Onychiurinae,,775,null,1533,0.0,103.0,78.19,79.0,null,null,null,null,null,null
BSCRO1229-25_r_1.5_s_50_BSCRO1229-25,BSCRO1229-25,r_1.5_s_50_merge,>BSCRO1229-25_r_1.5_s_50_BSCRO1229-25_merge,2768102,YP_010265401.1,family:Paronellidae,,1158,null,1533,0.0,163.0,115.99,123.0,null,null,null,null,null,null
BSCRO1212-25_r_1.5_s_100_BSCRO1212-25,BSCRO1212-25,r_1.5_s_100_merge,>BSCRO1212-25_r_1.5_s_100_BSCRO1212-25_merge,2772100,AJK28732.1,genus:Pseudosinella,,569,null,1536,0.0,89.0,59.15,66.0,null,null,null,null,null,null
BSCRO1223-25_r_1.3_s_50_BSCRO1223-25,BSCRO1223-25,r_1.3_s_50_merge,>BSCRO1223-25_r_1.3_s_50_BSCRO1223-25_merge,1765952,XCD10116.1,subfamily:Heteromurinae,,950,null,1536,0.0,126.0,88.07,87.0,null,null,null,null,null,null
BSCRO1165-25_r_1.3_s_50_BSCRO1165-25,BSCRO1165-25,r_1.3_s_50_merge,>BSCRO1165-25_r_1.3_s_50_BSCRO1165-25_merge,187676,YP_009753939.1,genus:Oncopodura,,1013,null,1533,0.0,136.0,103.12,106.0,null,null,null,null,null,null
BSCRO1221-25_r_1_s_50_BSCRO1221-25,BSCRO1221-25,r_1_s_50_merge,>BSCRO1221-25_r_1_s_50_BSCRO1221-25_merge,2768102,YP_010265401.1,family:Paronellidae,,1106,null,1533,0.0,129.0,96.62,97.0,null,null,null,null,null,null
BSCRO1143-25_r_1.5_s_50_BSCRO1143-25,BSCRO1143-25,r_1.5_s_50_merge,>BSCRO1143-25_r_1.5_s_50_BSCRO1143-25_merge,2768102,YP_010265401.1,family:Paronellidae,,1007,null,1533,0.0,159.0,100.84,106.0,null,null,null,null,null,null
BSCRO1174-25_r_1.3_s_100_BSCRO1174-25,BSCRO1174-25,r_1.3_s_100_merge,>BSCRO1174-25_r_1.3_s_100_BSCRO1174-25_merge,187632,UFX54039.1,subfamily:Onychiurinae,,892,null,1533,54.0,139.0,103.08,101.0,null,null,null,null,null,null
BSCRO1226-25_r_1.5_s_50_BSCRO1226-25,BSCRO1226-25,r_1.5_s_50_merge,>BSCRO1226-25_r_1.5_s_50_BSCRO1226-25_merge,2768102,YP_010265401.1,family:Paronellidae,,1842,null,1533,0.0,274.0,187.66,197.0,null,null,null,null,null,null
BSCRO1222-25_r_1.5_s_50_BSCRO1222-25,BSCRO1222-25,r_1.5_s_50_merge,>BSCRO1222-25_r_1.5_s_50_BSCRO1222-25_merge,2768102,YP_010265401.1,family:Paronellidae,,810,null,1533,0.0,114.0,75.35,79.0,null,null,null,null,null,null
BSCRO1230-25_r_1_s_50_BSCRO1230-25,BSCRO1230-25,r_1_s_50_merge,>BSCRO1230-25_r_1_s_50_BSCRO1230-25_merge,1765952,XCD10116.1,subfamily:Heteromurinae,,1455,null,1536,0.0,160.0,123.79,123.0,null,null,null,null,null,null
BSCRO1179-25_r_1_s_50_BSCRO1179-25,BSCRO1179-25,r_1_s_50_merge,>BSCRO1179-25_r_1_s_50_BSCRO1179-25_merge,3139678,UFX54039.1,subfamily:Onychiurinae,,1343,null,1533,0.0,176.0,134.36,141.0,null,null,null,null,null,null
BSCRO1190-25_r_1_s_100_BSCRO1190-25,BSCRO1190-25,r_1_s_100_merge,>BSCRO1190-25_r_1_s_100_BSCRO1190-25_merge,2926737,QIT06492.1,family:Sminthuridae,,539,null,1563,0.0,91.0,56.28,60.0,null,null,null,null,null,null
BSCRO1190-25_r_1_s_50_BSCRO1190-25,BSCRO1190-25,r_1_s_50_merge,>BSCRO1190-25_r_1_s_50_BSCRO1190-25_merge,2926737,QIT06492.1,family:Sminthuridae,,726,null,1563,0.0,99.0,61.84,65.0,null,null,null,null,null,null
BSCRO1215-25_r_1_s_100_BSCRO1215-25,BSCRO1215-25,r_1_s_100_merge,>BSCRO1215-25_r_1_s_100_BSCRO1215-25_merge,2768102,YP_010265401.1,family:Paronellidae,,831,null,1533,0.0,113.0,86.95,89.0,null,null,null,null,null,null
BSCRO1197-25_r_1.3_s_100_BSCRO1197-25,BSCRO1197-25,r_1.3_s_100_merge,>BSCRO1197-25_r_1.3_s_100_BSCRO1197-25_merge,2768102,YP_010265401.1,family:Paronellidae,,978,null,1533,0.0,142.0,106.09,105.0,null,null,null,null,null,null
BSCRO1154-25_r_1.3_s_100_BSCRO1154-25,BSCRO1154-25,r_1.3_s_100_merge,>BSCRO1154-25_r_1.3_s_100_BSCRO1154-25_merge,2768102,YP_010265401.1,family:Paronellidae,,867,null,1533,0.0,119.0,93.63,93.0,null,null,null,null,null,null
BSCRO1197-25_r_1_s_100_BSCRO1197-25,BSCRO1197-25,r_1_s_100_merge,>BSCRO1197-25_r_1_s_100_BSCRO1197-25_merge,2768102,YP_010265401.1,family:Paronellidae,,988,null,1533,0.0,142.0,106.88,105.0,null,null,null,null,null,null
BSCRO1222-25_r_1.5_s_100_BSCRO1222-25,BSCRO1222-25,r_1.5_s_100_merge,>BSCRO1222-25_r_1.5_s_100_BSCRO1222-25_merge,2768102,YP_010265401.1,family:Paronellidae,,721,null,1533,0.0,112.0,73.19,76.0,null,null,null,null,null,null
BSCRO1147-25_r_1.5_s_50_BSCRO1147-25,BSCRO1147-25,r_1.5_s_50_merge,>BSCRO1147-25_r_1.5_s_50_BSCRO1147-25_merge,187676,YP_009753939.1,genus:Oncopodura,,518,null,1533,0.0,93.0,51.71,54.0,null,null,null,null,null,null
BSCRO1182-25_r_1.5_s_100_BSCRO1182-25,BSCRO1182-25,r_1.5_s_100_merge,>BSCRO1182-25_r_1.5_s_100_BSCRO1182-25_merge,3139678,UFX54039.1,subfamily:Onychiurinae,,998,null,1533,0.0,163.0,103.55,112.0,null,null,null,null,null,null
BSCRO1155-25_r_1.3_s_100_BSCRO1155-25,BSCRO1155-25,r_1.3_s_100_merge,>BSCRO1155-25_r_1.3_s_100_BSCRO1155-25_merge,2768102,YP_010265401.1,family:Paronellidae,,1822,null,1533,0.0,270.0,202.33,204.0,null,null,null,null,null,null
BSCRO1195-25_r_1_s_100_BSCRO1195-25,BSCRO1195-25,r_1_s_100_merge,>BSCRO1195-25_r_1_s_100_BSCRO1195-25_merge,187632,UFX54039.1,subfamily:Onychiurinae,,2279,null,1533,0.0,264.0,218.0,220.0,null,null,null,null,null,null
BSCRO1205-25_r_1_s_100_BSCRO1205-25,BSCRO1205-25,r_1_s_100_merge,>BSCRO1205-25_r_1_s_100_BSCRO1205-25_merge,2768102,YP_010265401.1,family:Paronellidae,,1397,null,1533,0.0,164.0,126.07,128.0,null,null,null,null,null,null
BSCRO1232-25_r_1.5_s_50_BSCRO1232-25,BSCRO1232-25,r_1.5_s_50_merge,>BSCRO1232-25_r_1.5_s_50_BSCRO1232-25_merge,2768102,YP_010265401.1,family:Paronellidae,,1101,null,1533,0.0,168.0,109.49,119.0,null,null,null,null,null,null
BSCRO1184-25_r_1.3_s_100_BSCRO1184-25,BSCRO1184-25,r_1.3_s_100_merge,>BSCRO1184-25_r_1.3_s_100_BSCRO1184-25_merge,2926737,QIT06492.1,family:Sminthuridae,,354,null,1563,0.0,117.0,40.29,38.0,null,null,null,null,null,null
BSCRO1217-25_r_1.3_s_50_BSCRO1217-25,BSCRO1217-25,r_1.3_s_50_merge,>BSCRO1217-25_r_1.3_s_50_BSCRO1217-25_merge,187632,UFX54039.1,subfamily:Onychiurinae,,966,null,1533,0.0,117.0,81.39,81.0,null,null,null,null,null,null
BSCRO1169-25_r_1.5_s_100_BSCRO1169-25,BSCRO1169-25,r_1.5_s_100_merge,>BSCRO1169-25_r_1.5_s_100_BSCRO1169-25_merge,3139678,UFX54039.1,subfamily:Onychiurinae,,2155,null,1533,1.0,313.0,230.54,251.0,null,null,null,null,null,null
BSCRO1186-25_r_1_s_50_BSCRO1186-25,BSCRO1186-25,r_1_s_50_merge,>BSCRO1186-25_r_1_s_50_BSCRO1186-25_merge,2926737,QIT06492.1,family:Sminthuridae,,538,null,1563,0.0,69.0,40.51,41.0,null,null,null,null,null,null
BSCRO1167-25_r_1.3_s_100_BSCRO1167-25,BSCRO1167-25,r_1.3_s_100_merge,>BSCRO1167-25_r_1.3_s_100_BSCRO1167-25_merge,3139678,UFX54039.1,subfamily:Onychiurinae,,2007,null,1533,0.0,229.0,180.84,187.0,null,null,null,null,null,null
BSCRO1158-25_r_1.3_s_50_BSCRO1158-25,BSCRO1158-25,r_1.3_s_50_merge,>BSCRO1158-25_r_1.3_s_50_BSCRO1158-25_merge,187676,YP_009753939.1,genus:Oncopodura,,1683,null,1533,0.0,296.0,189.32,196.0,null,null,null,null,null,null
BSCRO1183-25_r_1.5_s_50_BSCRO1183-25,BSCRO1183-25,r_1.5_s_50_merge,>BSCRO1183-25_r_1.5_s_50_BSCRO1183-25_merge,2926737,QIT06492.1,family:Sminthuridae,,187,null,1563,0.0,71.0,13.6,6.0,null,null,null,null,null,null
BSCRO1159-25_r_1.5_s_100_BSCRO1159-25,BSCRO1159-25,r_1.5_s_100_merge,>BSCRO1159-25_r_1.5_s_100_BSCRO1159-25_merge,187676,YP_009753939.1,genus:Oncopodura,,1429,null,1533,0.0,266.0,168.24,179.0,null,null,null,null,null,null
BSCRO1163-25_r_1.5_s_50_BSCRO1163-25,BSCRO1163-25,r_1.5_s_50_merge,>BSCRO1163-25_r_1.5_s_50_BSCRO1163-25_merge,187676,YP_009753939.1,genus:Oncopodura,,1173,null,1533,0.0,188.0,109.8,115.0,null,null,null,null,null,null
BSCRO1148-25_r_1.3_s_100_BSCRO1148-25,BSCRO1148-25,r_1.3_s_100_merge,>BSCRO1148-25_r_1.3_s_100_BSCRO1148-25_merge,187676,YP_009753939.1,genus:Oncopodura,,179,null,1533,0.0,44.0,20.11,20.0,null,null,null,null,null,null
BSCRO1231-25_r_1_s_50_BSCRO1231-25,BSCRO1231-25,r_1_s_50_merge,>BSCRO1231-25_r_1_s_50_BSCRO1231-25_merge,2768102,YP_010265401.1,family:Paronellidae,,1294,null,1533,0.0,169.0,121.4,125.0,null,null,null,null,null,null
BSCRO1203-25_r_1_s_100_BSCRO1203-25,BSCRO1203-25,r_1_s_100_merge,>BSCRO1203-25_r_1_s_100_BSCRO1203-25_merge,2768102,YP_010265401.1,family:Paronellidae,,1236,null,1533,0.0,159.0,112.9,112.0,null,null,null,null,null,null
BSCRO1169-25_r_1.3_s_100_BSCRO1169-25,BSCRO1169-25,r_1.3_s_100_merge,>BSCRO1169-25_r_1.3_s_100_BSCRO1169-25_merge,3139678,UFX54039.1,subfamily:Onychiurinae,,2419,null,1533,2.0,314.0,253.02,258.0,null,null,null,null,null,null
BSCRO1187-25_r_1.3_s_100_BSCRO1187-25,BSCRO1187-25,r_1.3_s_100_merge,>BSCRO1187-25_r_1.3_s_100_BSCRO1187-25_merge,2926737,QIT06492.1,family:Sminthuridae,,264,null,1563,0.0,70.0,28.05,28.0,null,null,null,null,null,null
BSCRO1189-25_r_1.3_s_100_BSCRO1189-25,BSCRO1189-25,r_1.3_s_100_merge,>BSCRO1189-25_r_1.3_s_100_BSCRO1189-25_merge,2926737,QIT06492.1,family:Sminthuridae,,255,null,1563,0.0,68.0,25.64,22.0,null,null,null,null,null,null
BSCRO1213-25_r_1.5_s_50_BSCRO1213-25,BSCRO1213-25,r_1.5_s_50_merge,>BSCRO1213-25_r_1.5_s_50_BSCRO1213-25_merge,2772100,AJK28732.1,genus:Pseudosinella,,1746,null,1536,0.0,457.0,142.05,150.0,null,null,null,null,null,null
BSCRO1143-25_r_1_s_100_BSCRO1143-25,BSCRO1143-25,r_1_s_100_merge,>BSCRO1143-25_r_1_s_100_BSCRO1143-25_merge,2768102,YP_010265401.1,family:Paronellidae,,988,null,1533,0.0,141.0,109.09,108.0,null,null,null,null,null,null
BSCRO1189-25_r_1.5_s_50_BSCRO1189-25,BSCRO1189-25,r_1.5_s_50_merge,>BSCRO1189-25_r_1.5_s_50_BSCRO1189-25_merge,2926737,QIT06492.1,family:Sminthuridae,,123,null,1563,0.0,50.0,8.75,3.0,null,null,null,null,null,null
BSCRO1220-25_r_1_s_50_BSCRO1220-25,BSCRO1220-25,r_1_s_50_merge,>BSCRO1220-25_r_1_s_50_BSCRO1220-25_merge,2768102,YP_010265401.1,family:Paronellidae,,988,null,1533,0.0,107.0,83.4,83.0,null,null,null,null,null,null
BSCRO1158-25_r_1.5_s_100_BSCRO1158-25,BSCRO1158-25,r_1.5_s_100_merge,>BSCRO1158-25_r_1.5_s_100_BSCRO1158-25_merge,187676,YP_009753939.1,genus:Oncopodura,,1457,null,1533,0.0,280.0,172.43,183.0,null,null,null,null,null,null
BSCRO1228-25_r_1.3_s_50_BSCRO1228-25,BSCRO1228-25,r_1.3_s_50_merge,>BSCRO1228-25_r_1.3_s_50_BSCRO1228-25_merge,1765952,XCD10116.1,subfamily:Heteromurinae,,2064,null,1536,0.0,266.0,201.66,205.0,null,null,null,null,null,null
BSCRO1189-25_r_1.5_s_100_BSCRO1189-25,BSCRO1189-25,r_1.5_s_100_merge,>BSCRO1189-25_r_1.5_s_100_BSCRO1189-25_merge,2926737,QIT06492.1,family:Sminthuridae,,97,null,1563,0.0,42.0,8.19,1.0,null,null,null,null,null,null
BSCRO1145-25_r_1.5_s_100_BSCRO1145-25,BSCRO1145-25,r_1.5_s_100_merge,>BSCRO1145-25_r_1.5_s_100_BSCRO1145-25_merge,2768102,YP_010265401.1,family:Paronellidae,,477,null,1533,0.0,72.0,51.94,55.0,null,null,null,null,null,null
BSCRO1221-25_r_1.5_s_100_BSCRO1221-25,BSCRO1221-25,r_1.5_s_100_merge,>BSCRO1221-25_r_1.5_s_100_BSCRO1221-25_merge,2768102,YP_010265401.1,family:Paronellidae,,767,null,1533,0.0,108.0,81.53,87.0,null,null,null,null,null,null
BSCRO1225-25_r_1.3_s_100_BSCRO1225-25,BSCRO1225-25,r_1.3_s_100_merge,>BSCRO1225-25_r_1.3_s_100_BSCRO1225-25_merge,2768102,YP_010265401.1,family:Paronellidae,,2323,null,1533,0.0,314.0,237.25,242.0,null,null,null,null,null,null
BSCRO1183-25_r_1.3_s_50_BSCRO1183-25,BSCRO1183-25,r_1.3_s_50_merge,>BSCRO1183-25_r_1.3_s_50_BSCRO1183-25_merge,2926737,QIT06492.1,family:Sminthuridae,,555,null,1563,0.0,140.0,52.75,50.0,null,null,null,null,null,null
BSCRO1172-25_r_1.5_s_50_BSCRO1172-25,BSCRO1172-25,r_1.5_s_50_merge,>BSCRO1172-25_r_1.5_s_50_BSCRO1172-25_merge,3139678,UFX54039.1,subfamily:Onychiurinae,,1251,null,1533,0.0,167.0,121.53,133.0,null,null,null,null,null,null
BSCRO1221-25_r_1.3_s_100_BSCRO1221-25,BSCRO1221-25,r_1.3_s_100_merge,>BSCRO1221-25_r_1.3_s_100_BSCRO1221-25_merge,2768102,YP_010265401.1,family:Paronellidae,,839,null,1533,0.0,112.0,88.39,89.0,null,null,null,null,null,null
BSCRO1213-25_r_1.3_s_100_BSCRO1213-25,BSCRO1213-25,r_1.3_s_100_merge,>BSCRO1213-25_r_1.3_s_100_BSCRO1213-25_merge,2772100,AJK28732.1,genus:Pseudosinella,,1348,null,1536,0.0,214.0,137.86,147.0,null,null,null,null,null,null
BSCRO1179-25_r_1_s_100_BSCRO1179-25,BSCRO1179-25,r_1_s_100_merge,>BSCRO1179-25_r_1_s_100_BSCRO1179-25_merge,3139678,UFX54039.1,subfamily:Onychiurinae,,1224,null,1533,0.0,171.0,131.23,138.0,null,null,null,null,null,null
BSCRO1161-25_r_1_s_100_BSCRO1161-25,BSCRO1161-25,r_1_s_100_merge,>BSCRO1161-25_r_1_s_100_BSCRO1161-25_merge,187676,YP_009753939.1,genus:Oncopodura,,245,null,1533,0.0,44.0,22.69,22.0,null,null,null,null,null,null
BSCRO1168-25_r_1_s_100_BSCRO1168-25,BSCRO1168-25,r_1_s_100_merge,>BSCRO1168-25_r_1_s_100_BSCRO1168-25_merge,3139678,UFX54039.1,subfamily:Onychiurinae,,1455,null,1533,0.0,181.0,133.71,135.0,null,null,null,null,null,null
BSCRO1144-25_r_1.5_s_100_BSCRO1144-25,BSCRO1144-25,r_1.5_s_100_merge,>BSCRO1144-25_r_1.5_s_100_BSCRO1144-25_merge,2768102,YP_010265401.1,family:Paronellidae,,397,null,1533,0.0,65.0,42.25,45.0,null,null,null,null,null,null
BSCRO1183-25_r_1.5_s_100_BSCRO1183-25,BSCRO1183-25,r_1.5_s_100_merge,>BSCRO1183-25_r_1.5_s_100_BSCRO1183-25_merge,2926737,QIT06492.1,family:Sminthuridae,,137,null,1563,0.0,54.0,12.56,6.0,null,null,null,null,null,null
BSCRO1219-25_r_1_s_50_BSCRO1219-25,BSCRO1219-25,r_1_s_50_merge,>BSCRO1219-25_r_1_s_50_BSCRO1219-25_merge,187676,YP_009753939.1,genus:Oncopodura,,1010,null,1533,5.0,129.0,79.13,75.0,null,null,null,null,null,null
BSCRO1184-25_r_1.5_s_100_BSCRO1184-25,BSCRO1184-25,r_1.5_s_100_merge,>BSCRO1184-25_r_1.5_s_100_BSCRO1184-25_merge,2926737,QIT06492.1,family:Sminthuridae,,110,null,1563,0.0,45.0,10.42,6.0,null,null,null,null,null,null
BSCRO1179-25_r_1.3_s_50_BSCRO1179-25,BSCRO1179-25,r_1.3_s_50_merge,>BSCRO1179-25_r_1.3_s_50_BSCRO1179-25_merge,3139678,UFX54039.1,subfamily:Onychiurinae,,1277,null,1533,0.0,172.0,131.06,138.0,null,null,null,null,null,null
BSCRO1169-25_r_1.5_s_50_BSCRO1169-25,BSCRO1169-25,r_1.5_s_50_merge,>BSCRO1169-25_r_1.5_s_50_BSCRO1169-25_merge,3139678,UFX54039.1,subfamily:Onychiurinae,,2231,null,1533,1.0,313.0,232.68,252.0,null,null,null,null,null,null
BSCRO1168-25_r_1.5_s_50_BSCRO1168-25,BSCRO1168-25,r_1.5_s_50_merge,>BSCRO1168-25_r_1.5_s_50_BSCRO1168-25_merge,3139678,UFX54039.1,subfamily:Onychiurinae,,1401,null,1533,0.0,183.0,123.46,132.0,null,null,null,null,null,null
BSCRO1213-25_r_1.3_s_50_BSCRO1213-25,BSCRO1213-25,r_1.3_s_50_merge,>BSCRO1213-25_r_1.3_s_50_BSCRO1213-25_merge,2772100,AJK28732.1,genus:Pseudosinella,,1866,null,1536,0.0,459.0,149.69,155.0,null,null,null,null,null,null
BSCRO1142-25_r_1.5_s_100_BSCRO1142-25,BSCRO1142-25,r_1.5_s_100_merge,>BSCRO1142-25_r_1.5_s_100_BSCRO1142-25_merge,187676,YP_009753939.1,genus:Oncopodura,,553,null,1533,0.0,94.0,57.88,62.0,null,null,null,null,null,null
BSCRO1188-25_r_1.3_s_50_BSCRO1188-25,BSCRO1188-25,r_1.3_s_50_merge,>BSCRO1188-25_r_1.3_s_50_BSCRO1188-25_merge,187676,YP_009753939.1,genus:Oncopodura,,2436,null,1533,0.0,367.0,279.2,308.0,null,null,null,null,null,null
BSCRO1141-25_r_1_s_100_BSCRO1141-25,BSCRO1141-25,r_1_s_100_merge,>BSCRO1141-25_r_1_s_100_BSCRO1141-25_merge,187676,YP_009753939.1,genus:Oncopodura,,200,null,1533,0.0,36.0,15.58,16.0,null,null,null,null,null,null
BSCRO1218-25_r_1.5_s_50_BSCRO1218-25,BSCRO1218-25,r_1.5_s_50_merge,>BSCRO1218-25_r_1.5_s_50_BSCRO1218-25_merge,187632,UFX54039.1,subfamily:Onychiurinae,,1098,null,1533,0.0,150.0,103.14,106.0,null,null,null,null,null,null
BSCRO1228-25_r_1.3_s_100_BSCRO1228-25,BSCRO1228-25,r_1.3_s_100_merge,>BSCRO1228-25_r_1.3_s_100_BSCRO1228-25_merge,1765952,XCD10116.1,subfamily:Heteromurinae,,1938,null,1536,0.0,261.0,198.1,203.0,null,null,null,null,null,null
BSCRO1235-25_r_1.3_s_50_BSCRO1235-25,BSCRO1235-25,r_1.3_s_50_merge,>BSCRO1235-25_r_1.3_s_50_BSCRO1235-25_merge,2768102,YP_010265401.1,family:Paronellidae,,1371,null,1533,0.0,176.0,114.16,113.0,null,null,null,null,null,null
BSCRO1148-25_r_1_s_50_BSCRO1148-25,BSCRO1148-25,r_1_s_50_merge,>BSCRO1148-25_r_1_s_50_BSCRO1148-25_merge,187676,YP_009753939.1,genus:Oncopodura,,533,null,1533,3.0,76.0,33.32,31.0,null,null,null,null,null,null
BSCRO1152-25_r_1_s_100_BSCRO1152-25,BSCRO1152-25,r_1_s_100_merge,>BSCRO1152-25_r_1_s_100_BSCRO1152-25_merge,187676,YP_009753939.1,genus:Oncopodura,,1067,null,1533,0.0,144.0,109.41,111.0,null,null,null,null,null,null
BSCRO1206-25_r_1.5_s_100_BSCRO1206-25,BSCRO1206-25,r_1.5_s_100_merge,>BSCRO1206-25_r_1.5_s_100_BSCRO1206-25_merge,1765952,XCD10116.1,subfamily:Heteromurinae,,355,null,1536,0.0,59.0,30.15,29.0,null,null,null,null,null,null
BSCRO1202-25_r_1_s_100_BSCRO1202-25,BSCRO1202-25,r_1_s_100_merge,>BSCRO1202-25_r_1_s_100_BSCRO1202-25_merge,1136003,QGZ08860.1,genus:Neelus,,309,null,1530,4.0,54.0,26.76,26.0,null,null,null,null,null,null
BSCRO1207-25_r_1.5_s_100_BSCRO1207-25,BSCRO1207-25,r_1.5_s_100_merge,>BSCRO1207-25_r_1.5_s_100_BSCRO1207-25_merge,1136003,QGZ08860.1,genus:Neelus,,303,null,1530,0.0,49.0,23.21,22.0,null,null,null,null,null,null
BSCRO1141-25_r_1.3_s_100_BSCRO1141-25,BSCRO1141-25,r_1.3_s_100_merge,>BSCRO1141-25_r_1.3_s_100_BSCRO1141-25_merge,187676,YP_009753939.1,genus:Oncopodura,,141,null,1533,0.0,18.0,9.69,11.0,null,null,null,null,null,null
BSCRO1228-25_r_1_s_100_BSCRO1228-25,BSCRO1228-25,r_1_s_100_merge,>BSCRO1228-25_r_1_s_100_BSCRO1228-25_merge,1765952,XCD10116.1,subfamily:Heteromurinae,,1959,null,1536,0.0,261.0,200.15,206.0,null,null,null,null,null,null
BSCRO1167-25_r_1.5_s_50_BSCRO1167-25,BSCRO1167-25,r_1.5_s_50_merge,>BSCRO1167-25_r_1.5_s_50_BSCRO1167-25_merge,3139678,UFX54039.1,subfamily:Onychiurinae,,2000,null,1533,0.0,227.0,171.55,187.0,null,null,null,null,null,null
BSCRO1222-25_r_1_s_50_BSCRO1222-25,BSCRO1222-25,r_1_s_50_merge,>BSCRO1222-25_r_1_s_50_BSCRO1222-25_merge,2768102,YP_010265401.1,family:Paronellidae,,1027,null,1533,0.0,126.0,85.35,83.0,null,null,null,null,null,null
BSCRO1233-25_r_1.5_s_100_BSCRO1233-25,BSCRO1233-25,r_1.5_s_100_merge,>BSCRO1233-25_r_1.5_s_100_BSCRO1233-25_merge,2768102,YP_010265401.1,family:Paronellidae,,1392,null,1533,0.0,221.0,155.5,164.0,null,null,null,null,null,null
BSCRO1199-25_r_1_s_100_BSCRO1199-25,BSCRO1199-25,r_1_s_100_merge,>BSCRO1199-25_r_1_s_100_BSCRO1199-25_merge,1765952,XCD10116.1,subfamily:Heteromurinae,,1364,null,1536,0.0,163.0,128.04,129.0,null,null,null,null,null,null
BSCRO1145-25_r_1.5_s_50_BSCRO1145-25,BSCRO1145-25,r_1.5_s_50_merge,>BSCRO1145-25_r_1.5_s_50_BSCRO1145-25_merge,2768102,YP_010265401.1,family:Paronellidae,,571,null,1533,0.0,82.0,53.95,58.0,null,null,null,null,null,null
BSCRO1173-25_r_1_s_100_BSCRO1173-25,BSCRO1173-25,r_1_s_100_merge,>BSCRO1173-25_r_1_s_100_BSCRO1173-25_merge,3139678,UFX54039.1,subfamily:Onychiurinae,,408,null,1533,0.0,65.0,45.29,46.0,null,null,null,null,null,null
BSCRO1156-25_r_1.3_s_100_BSCRO1156-25,BSCRO1156-25,r_1.3_s_100_merge,>BSCRO1156-25_r_1.3_s_100_BSCRO1156-25_merge,187676,YP_009753939.1,genus:Oncopodura,,621,null,1533,0.0,106.0,69.41,72.0,null,null,null,null,null,null
BSCRO1183-25_r_1_s_50_BSCRO1183-25,BSCRO1183-25,r_1_s_50_merge,>BSCRO1183-25_r_1_s_50_BSCRO1183-25_merge,2926737,QIT06492.1,family:Sminthuridae,,1139,null,1563,0.0,163.0,102.78,113.0,null,null,null,null,null,null
BSCRO1224-25_r_1.5_s_100_BSCRO1224-25,BSCRO1224-25,r_1.5_s_100_merge,>BSCRO1224-25_r_1.5_s_100_BSCRO1224-25_merge,1765952,XCD10116.1,subfamily:Heteromurinae,,842,null,1536,0.0,112.0,87.56,91.0,null,null,null,null,null,null
BSCRO1220-25_r_1.5_s_100_BSCRO1220-25,BSCRO1220-25,r_1.5_s_100_merge,>BSCRO1220-25_r_1.5_s_100_BSCRO1220-25_merge,2768102,YP_010265401.1,family:Paronellidae,,700,null,1533,0.0,92.0,70.32,75.0,null,null,null,null,null,null
BSCRO1197-25_r_1_s_50_BSCRO1197-25,BSCRO1197-25,r_1_s_50_merge,>BSCRO1197-25_r_1_s_50_BSCRO1197-25_merge,2768102,YP_010265401.1,family:Paronellidae,,1246,null,1533,0.0,150.0,114.42,116.0,null,null,null,null,null,null
BSCRO1183-25_r_1_s_100_BSCRO1183-25,BSCRO1183-25,r_1_s_100_merge,>BSCRO1183-25_r_1_s_100_BSCRO1183-25_merge,2926737,QIT06492.1,family:Sminthuridae,,852,null,1563,0.0,150.0,94.65,106.0,null,null,null,null,null,null
BSCRO1187-25_r_1.3_s_50_BSCRO1187-25,BSCRO1187-25,r_1.3_s_50_merge,>BSCRO1187-25_r_1.3_s_50_BSCRO1187-25_merge,2926737,QIT06492.1,family:Sminthuridae,,330,null,1563,0.0,75.0,29.55,28.0,null,null,null,null,null,null
BSCRO1202-25_r_1_s_50_BSCRO1202-25,BSCRO1202-25,r_1_s_50_merge,>BSCRO1202-25_r_1_s_50_BSCRO1202-25_merge,1136003,QGZ08860.1,genus:Neelus,,412,null,1530,4.0,55.0,30.31,29.0,null,null,null,null,null,null
BSCRO1185-25_r_1.3_s_100_BSCRO1185-25,BSCRO1185-25,r_1.3_s_100_merge,>BSCRO1185-25_r_1.3_s_100_BSCRO1185-25_merge,2926737,QIT06492.1,family:Sminthuridae,,309,null,1563,0.0,109.0,36.1,35.0,null,null,null,null,null,null
BSCRO1223-25_r_1.5_s_100_BSCRO1223-25,BSCRO1223-25,r_1.5_s_100_merge,>BSCRO1223-25_r_1.5_s_100_BSCRO1223-25_merge,1765952,XCD10116.1,subfamily:Heteromurinae,,820,null,1536,0.0,125.0,83.04,83.0,null,null,null,null,null,null
BSCRO1182-25_r_1.5_s_50_BSCRO1182-25,BSCRO1182-25,r_1.5_s_50_merge,>BSCRO1182-25_r_1.5_s_50_BSCRO1182-25_merge,3139678,UFX54039.1,subfamily:Onychiurinae,,1056,null,1533,0.0,164.0,105.16,113.0,null,null,null,null,null,null
BSCRO1231-25_r_1.5_s_100_BSCRO1231-25,BSCRO1231-25,r_1.5_s_100_merge,>BSCRO1231-25_r_1.5_s_100_BSCRO1231-25_merge,2768102,YP_010265401.1,family:Paronellidae,,940,null,1533,0.0,158.0,102.14,105.0,null,null,null,null,null,null
BSCRO1180-25_r_1_s_50_BSCRO1180-25,BSCRO1180-25,r_1_s_50_merge,>BSCRO1180-25_r_1_s_50_BSCRO1180-25_merge,3139678,UFX54039.1,subfamily:Onychiurinae,,1153,null,1533,3.0,326.0,89.77,84.0,null,null,null,null,null,null
BSCRO1201-25_r_1.3_s_50_BSCRO1201-25,BSCRO1201-25,r_1.3_s_50_merge,>BSCRO1201-25_r_1.3_s_50_BSCRO1201-25_merge,1765952,XCD10116.1,subfamily:Heteromurinae,,831,null,1536,0.0,101.0,72.29,74.0,null,null,null,null,null,null
BSCRO1193-25_r_1_s_50_BSCRO1193-25,BSCRO1193-25,r_1_s_50_merge,>BSCRO1193-25_r_1_s_50_BSCRO1193-25_merge,370027,QFX74494.1,genus:Isotomurus,,1075,null,1533,61.0,144.0,100.07,99.0,null,null,null,null,null,null
BSCRO1230-25_r_1.5_s_100_BSCRO1230-25,BSCRO1230-25,r_1.5_s_100_merge,>BSCRO1230-25_r_1.5_s_100_BSCRO1230-25_merge,1765952,XCD10116.1,subfamily:Heteromurinae,,1076,null,1536,0.0,133.0,109.81,112.0,null,null,null,null,null,null
BSCRO1169-25_r_1_s_100_BSCRO1169-25,BSCRO1169-25,r_1_s_100_merge,>BSCRO1169-25_r_1_s_100_BSCRO1169-25_merge,3139678,UFX54039.1,subfamily:Onychiurinae,,2456,null,1533,2.0,316.0,256.02,260.0,null,null,null,null,null,null
BSCRO1178-25_r_1.3_s_100_BSCRO1178-25,BSCRO1178-25,r_1.3_s_100_merge,>BSCRO1178-25_r_1.3_s_100_BSCRO1178-25_merge,3139678,UFX54039.1,subfamily:Onychiurinae,,1399,null,1533,0.0,215.0,161.92,180.0,null,null,null,null,null,null
BSCRO1198-25_r_1_s_100_BSCRO1198-25,BSCRO1198-25,r_1_s_100_merge,>BSCRO1198-25_r_1_s_100_BSCRO1198-25_merge,2768102,YP_010265401.1,family:Paronellidae,,1064,null,1533,0.0,148.0,113.28,113.0,null,null,null,null,null,null
BSCRO1214-25_r_1_s_50_BSCRO1214-25,BSCRO1214-25,r_1_s_50_merge,>BSCRO1214-25_r_1_s_50_BSCRO1214-25_merge,2772100,AJK28732.1,genus:Pseudosinella,,1787,null,1536,94.0,388.0,149.22,145.0,null,null,null,null,null,null
BSCRO1179-25_r_1.5_s_50_BSCRO1179-25,BSCRO1179-25,r_1.5_s_50_merge,>BSCRO1179-25_r_1.5_s_50_BSCRO1179-25_merge,3139678,UFX54039.1,subfamily:Onychiurinae,,1145,null,1533,0.0,154.0,120.28,131.0,null,null,null,null,null,null
BSCRO1226-25_r_1.3_s_100_BSCRO1226-25,BSCRO1226-25,r_1.3_s_100_merge,>BSCRO1226-25_r_1.3_s_100_BSCRO1226-25_merge,2768102,YP_010265401.1,family:Paronellidae,,1903,null,1533,0.0,275.0,201.83,201.0,null,null,null,null,null,null
BSCRO1206-25_r_1_s_50_BSCRO1206-25,BSCRO1206-25,r_1_s_50_merge,>BSCRO1206-25_r_1_s_50_BSCRO1206-25_merge,1765952,XCD10116.1,subfamily:Heteromurinae,,539,null,1536,0.0,66.0,36.69,36.0,null,null,null,null,null,null
BSCRO1176-25_r_1_s_100_BSCRO1176-25,BSCRO1176-25,r_1_s_100_merge,>BSCRO1176-25_r_1_s_100_BSCRO1176-25_merge,187632,UFX54039.1,subfamily:Onychiurinae,,599,null,1533,37.0,95.0,63.25,63.0,null,null,null,null,null,null
BSCRO1168-25_r_1_s_50_BSCRO1168-25,BSCRO1168-25,r_1_s_50_merge,>BSCRO1168-25_r_1_s_50_BSCRO1168-25_merge,3139678,UFX54039.1,subfamily:Onychiurinae,,1723,null,1533,0.0,269.0,141.68,140.0,null,null,null,null,null,null
BSCRO1141-25_r_1_s_50_BSCRO1141-25,BSCRO1141-25,r_1_s_50_merge,>BSCRO1141-25_r_1_s_50_BSCRO1141-25_merge,187676,YP_009753939.1,genus:Oncopodura,,327,null,1533,3.0,43.0,19.53,19.0,null,null,null,null,null,null
BSCRO1143-25_r_1_s_50_BSCRO1143-25,BSCRO1143-25,r_1_s_50_merge,>BSCRO1143-25_r_1_s_50_BSCRO1143-25_merge,2768102,YP_010265401.1,family:Paronellidae,,1286,null,1533,0.0,160.0,117.53,117.0,null,null,null,null,null,null
BSCRO1211-25_r_1.3_s_50_BSCRO1211-25,BSCRO1211-25,r_1.3_s_50_merge,>BSCRO1211-25_r_1.3_s_50_BSCRO1211-25_merge,2768102,YP_010265401.1,family:Paronellidae,,2840,null,1533,0.0,335.0,277.31,273.0,null,null,null,null,null,null
BSCRO1224-25_r_1_s_50_BSCRO1224-25,BSCRO1224-25,r_1_s_50_merge,>BSCRO1224-25_r_1_s_50_BSCRO1224-25_merge,1765952,XCD10116.1,subfamily:Heteromurinae,,1128,null,1536,0.0,141.0,97.25,99.0,null,null,null,null,null,null
BSCRO1147-25_r_1.3_s_50_BSCRO1147-25,BSCRO1147-25,r_1.3_s_50_merge,>BSCRO1147-25_r_1.3_s_50_BSCRO1147-25_merge,187676,YP_009753939.1,genus:Oncopodura,,634,null,1533,0.0,111.0,60.25,61.0,null,null,null,null,null,null
BSCRO1211-25_r_1.5_s_50_BSCRO1211-25,BSCRO1211-25,r_1.5_s_50_merge,>BSCRO1211-25_r_1.5_s_50_BSCRO1211-25_merge,2768102,YP_010265401.1,family:Paronellidae,,2551,null,1533,0.0,332.0,253.89,261.0,null,null,null,null,null,null
BSCRO1230-25_r_1.3_s_100_BSCRO1230-25,BSCRO1230-25,r_1.3_s_100_merge,>BSCRO1230-25_r_1.3_s_100_BSCRO1230-25_merge,1765952,XCD10116.1,subfamily:Heteromurinae,,1135,null,1536,0.0,142.0,114.28,114.0,null,null,null,null,null,null
BSCRO1213-25_r_1_s_100_BSCRO1213-25,BSCRO1213-25,r_1_s_100_merge,>BSCRO1213-25_r_1_s_100_BSCRO1213-25_merge,2772100,AJK28732.1,genus:Pseudosinella,,1477,null,1536,71.0,214.0,149.21,149.0,null,null,null,null,null,null
BSCRO1162-25_r_1_s_100_BSCRO1162-25,BSCRO1162-25,r_1_s_100_merge,>BSCRO1162-25_r_1_s_100_BSCRO1162-25_merge,187676,YP_009753939.1,genus:Oncopodura,,169,null,1533,0.0,34.0,16.09,15.0,null,null,null,null,null,null
BSCRO1146-25_r_1_s_50_BSCRO1146-25,BSCRO1146-25,r_1_s_50_merge,>BSCRO1146-25_r_1_s_50_BSCRO1146-25_merge,187676,YP_009753939.1,genus:Oncopodura,,1128,null,1533,5.0,142.0,92.97,93.0,null,null,null,null,null,null
BSCRO1200-25_r_1.3_s_50_BSCRO1200-25,BSCRO1200-25,r_1.3_s_50_merge,>BSCRO1200-25_r_1.3_s_50_BSCRO1200-25_merge,1765952,XCD10116.1,subfamily:Heteromurinae,,1736,null,1536,0.0,205.0,154.45,156.0,null,null,null,null,null,null
BSCRO1196-25_r_1.5_s_100_BSCRO1196-25,BSCRO1196-25,r_1.5_s_100_merge,>BSCRO1196-25_r_1.5_s_100_BSCRO1196-25_merge,187632,UFX54039.1,subfamily:Onychiurinae,,843,null,1533,0.0,135.0,84.04,84.0,null,null,null,null,null,null
BSCRO1148-25_r_1.5_s_50_BSCRO1148-25,BSCRO1148-25,r_1.5_s_50_merge,>BSCRO1148-25_r_1.5_s_50_BSCRO1148-25_merge,187676,YP_009753939.1,genus:Oncopodura,,213,null,1533,0.0,48.0,18.97,18.0,null,null,null,null,null,null
BSCRO1209-25_r_1.3_s_50_BSCRO1209-25,BSCRO1209-25,r_1.3_s_50_merge,>BSCRO1209-25_r_1.3_s_50_BSCRO1209-25_merge,1136003,QGZ08860.1,genus:Neelus,,746,null,1530,37.0,88.0,59.79,58.0,null,null,null,null,null,null
BSCRO1219-25_r_1.3_s_100_BSCRO1219-25,BSCRO1219-25,r_1.3_s_100_merge,>BSCRO1219-25_r_1.3_s_100_BSCRO1219-25_merge,187676,YP_009753939.1,genus:Oncopodura,,717,null,1533,0.0,109.0,66.4,68.0,null,null,null,null,null,null
BSCRO1159-25_r_1.3_s_50_BSCRO1159-25,BSCRO1159-25,r_1.3_s_50_merge,>BSCRO1159-25_r_1.3_s_50_BSCRO1159-25_merge,187676,YP_009753939.1,genus:Oncopodura,,1628,null,1533,1.0,276.0,180.5,188.0,null,null,null,null,null,null
BSCRO1217-25_r_1.5_s_50_BSCRO1217-25,BSCRO1217-25,r_1.5_s_50_merge,>BSCRO1217-25_r_1.5_s_50_BSCRO1217-25_merge,187632,UFX54039.1,subfamily:Onychiurinae,,873,null,1533,0.0,116.0,76.39,79.0,null,null,null,null,null,null
BSCRO1229-25_r_1_s_100_BSCRO1229-25,BSCRO1229-25,r_1_s_100_merge,>BSCRO1229-25_r_1_s_100_BSCRO1229-25_merge,2768102,YP_010265401.1,family:Paronellidae,,1167,null,1533,0.0,163.0,125.66,125.0,null,null,null,null,null,null
BSCRO1184-25_r_1_s_100_BSCRO1184-25,BSCRO1184-25,r_1_s_100_merge,>BSCRO1184-25_r_1_s_100_BSCRO1184-25_merge,2926737,QIT06492.1,family:Sminthuridae,,719,null,1563,0.0,119.0,80.86,92.0,null,null,null,null,null,null
BSCRO1186-25_r_1.3_s_100_BSCRO1186-25,BSCRO1186-25,r_1.3_s_100_merge,>BSCRO1186-25_r_1.3_s_100_BSCRO1186-25_merge,2926737,QIT06492.1,family:Sminthuridae,,201,null,1563,0.0,63.0,19.71,19.0,null,null,null,null,null,null
BSCRO1180-25_r_1.5_s_100_BSCRO1180-25,BSCRO1180-25,r_1.5_s_100_merge,>BSCRO1180-25_r_1.5_s_100_BSCRO1180-25_merge,3139678,UFX54039.1,subfamily:Onychiurinae,,708,null,1533,0.0,103.0,71.95,78.0,null,null,null,null,null,null
BSCRO1170-25_r_1_s_100_BSCRO1170-25,BSCRO1170-25,r_1_s_100_merge,>BSCRO1170-25_r_1_s_100_BSCRO1170-25_merge,3139678,UFX54039.1,subfamily:Onychiurinae,,3475,null,1533,8.0,483.0,407.03,411.0,null,null,null,null,null,null
BSCRO1203-25_r_1.5_s_100_BSCRO1203-25,BSCRO1203-25,r_1.5_s_100_merge,>BSCRO1203-25_r_1.5_s_100_BSCRO1203-25_merge,2768102,YP_010265401.1,family:Paronellidae,,1094,null,1533,0.0,150.0,100.49,103.0,null,null,null,null,null,null
BSCRO1192-25_r_1.3_s_100_BSCRO1192-25,BSCRO1192-25,r_1.3_s_100_merge,>BSCRO1192-25_r_1.3_s_100_BSCRO1192-25_merge,370027,QFX74494.1,genus:Isotomurus,,826,null,1533,59.0,111.0,86.52,87.0,null,null,null,null,null,null
BSCRO1181-25_r_1.3_s_100_BSCRO1181-25,BSCRO1181-25,r_1.3_s_100_merge,>BSCRO1181-25_r_1.3_s_100_BSCRO1181-25_merge,3139678,UFX54039.1,subfamily:Onychiurinae,,561,null,1533,0.0,83.0,56.97,56.0,null,null,null,null,null,null
BSCRO1187-25_r_1_s_100_BSCRO1187-25,BSCRO1187-25,r_1_s_100_merge,>BSCRO1187-25_r_1_s_100_BSCRO1187-25_merge,2926737,QIT06492.1,family:Sminthuridae,,491,null,1563,0.0,83.0,53.14,56.0,null,null,null,null,null,null
BSCRO1160-25_r_1.5_s_50_BSCRO1160-25,BSCRO1160-25,r_1.5_s_50_merge,>BSCRO1160-25_r_1.5_s_50_BSCRO1160-25_merge,187676,YP_009753939.1,genus:Oncopodura,,1005,null,1533,0.0,164.0,105.92,114.0,null,null,null,null,null,null
BSCRO1191-25_r_1.3_s_50_BSCRO1191-25,BSCRO1191-25,r_1.3_s_50_merge,>BSCRO1191-25_r_1.3_s_50_BSCRO1191-25_merge,2926737,QIT06492.1,family:Sminthuridae,,349,null,1563,0.0,69.0,23.01,20.0,null,null,null,null,null,null
BSCRO1163-25_r_1.3_s_50_BSCRO1163-25,BSCRO1163-25,r_1.3_s_50_merge,>BSCRO1163-25_r_1.3_s_50_BSCRO1163-25_merge,187676,YP_009753939.1,genus:Oncopodura,,1368,null,1533,0.0,190.0,122.61,122.0,null,null,null,null,null,null
BSCRO1166-25_r_1.5_s_100_BSCRO1166-25,BSCRO1166-25,r_1.5_s_100_merge,>BSCRO1166-25_r_1.5_s_100_BSCRO1166-25_merge,187676,YP_009753939.1,genus:Oncopodura,,1160,null,1533,0.0,184.0,120.98,135.0,null,null,null,null,null,null
BSCRO1156-25_r_1_s_100_BSCRO1156-25,BSCRO1156-25,r_1_s_100_merge,>BSCRO1156-25_r_1_s_100_BSCRO1156-25_merge,187676,YP_009753939.1,genus:Oncopodura,,685,null,1533,0.0,106.0,75.53,75.0,null,null,null,null,null,null
BSCRO1198-25_r_1.3_s_100_BSCRO1198-25,BSCRO1198-25,r_1.3_s_100_merge,>BSCRO1198-25_r_1.3_s_100_BSCRO1198-25_merge,2768102,YP_010265401.1,family:Paronellidae,,1054,null,1533,0.0,145.0,112.33,113.0,null,null,null,null,null,null
BSCRO1193-25_r_1_s_100_BSCRO1193-25,BSCRO1193-25,r_1_s_100_merge,>BSCRO1193-25_r_1_s_100_BSCRO1193-25_merge,370027,QFX74494.1,genus:Isotomurus,,959,null,1533,61.0,139.0,96.5,96.0,null,null,null,null,null,null
BSCRO1183-25_r_1.3_s_100_BSCRO1183-25,BSCRO1183-25,r_1.3_s_100_merge,>BSCRO1183-25_r_1.3_s_100_BSCRO1183-25_merge,2926737,QIT06492.1,family:Sminthuridae,,441,null,1563,0.0,123.0,49.97,49.0,null,null,null,null,null,null
BSCRO1186-25_r_1.5_s_100_BSCRO1186-25,BSCRO1186-25,r_1.5_s_100_merge,>BSCRO1186-25_r_1.5_s_100_BSCRO1186-25_merge,2926737,QIT06492.1,family:Sminthuridae,,86,null,1563,0.0,30.0,8.17,5.0,null,null,null,null,null,null
BSCRO1186-25_r_1.5_s_50_BSCRO1186-25,BSCRO1186-25,r_1.5_s_50_merge,>BSCRO1186-25_r_1.5_s_50_BSCRO1186-25_merge,2926737,QIT06492.1,family:Sminthuridae,,120,null,1563,0.0,31.0,8.95,5.0,null,null,null,null,null,null
BSCRO1165-25_r_1.3_s_100_BSCRO1165-25,BSCRO1165-25,r_1.3_s_100_merge,>BSCRO1165-25_r_1.3_s_100_BSCRO1165-25_merge,187676,YP_009753939.1,genus:Oncopodura,,932,null,1533,0.0,136.0,100.86,105.0,null,null,null,null,null,null
BSCRO1199-25_r_1.3_s_100_BSCRO1199-25,BSCRO1199-25,r_1.3_s_100_merge,>BSCRO1199-25_r_1.3_s_100_BSCRO1199-25_merge,1765952,XCD10116.1,subfamily:Heteromurinae,,1353,null,1536,0.0,162.0,127.06,128.0,null,null,null,null,null,null
BSCRO1207-25_r_1.3_s_100_BSCRO1207-25,BSCRO1207-25,r_1.3_s_100_merge,>BSCRO1207-25_r_1.3_s_100_BSCRO1207-25_merge,1136003,QGZ08860.1,genus:Neelus,,396,null,1530,10.0,72.0,30.86,25.0,null,null,null,null,null,null
BSCRO1194-25_r_1.5_s_50_BSCRO1194-25,BSCRO1194-25,r_1.5_s_50_merge,>BSCRO1194-25_r_1.5_s_50_BSCRO1194-25_merge,370027,QFX74494.1,genus:Isotomurus,,624,null,1533,42.0,88.0,64.99,64.0,null,null,null,null,null,null
BSCRO1141-25_r_1.3_s_50_BSCRO1141-25,BSCRO1141-25,r_1.3_s_50_merge,>BSCRO1141-25_r_1.3_s_50_BSCRO1141-25_merge,187676,YP_009753939.1,genus:Oncopodura,,200,null,1533,0.0,20.0,11.47,12.0,null,null,null,null,null,null
BSCRO1191-25_r_1_s_50_BSCRO1191-25,BSCRO1191-25,r_1_s_50_merge,>BSCRO1191-25_r_1_s_50_BSCRO1191-25_merge,2926737,QIT06492.1,family:Sminthuridae,,739,null,1563,0.0,109.0,49.48,51.0,null,null,null,null,null,null
BSCRO1150-25_r_1.3_s_50_BSCRO1150-25,BSCRO1150-25,r_1.3_s_50_merge,>BSCRO1150-25_r_1.3_s_50_BSCRO1150-25_merge,187676,YP_009753939.1,genus:Oncopodura,,803,null,1533,0.0,119.0,85.95,87.0,null,null,null,null,null,null
BSCRO1167-25_r_1_s_50_BSCRO1167-25,BSCRO1167-25,r_1_s_50_merge,>BSCRO1167-25_r_1_s_50_BSCRO1167-25_merge,3139678,UFX54039.1,subfamily:Onychiurinae,,2430,null,1533,0.0,335.0,196.63,194.0,null,null,null,null,null,null
BSCRO1233-25_r_1.3_s_100_BSCRO1233-25,BSCRO1233-25,r_1.3_s_100_merge,>BSCRO1233-25_r_1.3_s_100_BSCRO1233-25_merge,2768102,YP_010265401.1,family:Paronellidae,,1528,null,1533,0.0,221.0,169.05,168.0,null,null,null,null,null,null
BSCRO1201-25_r_1_s_100_BSCRO1201-25,BSCRO1201-25,r_1_s_100_merge,>BSCRO1201-25_r_1_s_100_BSCRO1201-25_merge,1765952,XCD10116.1,subfamily:Heteromurinae,,708,null,1536,0.0,89.0,70.12,73.5,null,null,null,null,null,null
BSCRO1223-25_r_1.3_s_100_BSCRO1223-25,BSCRO1223-25,r_1.3_s_100_merge,>BSCRO1223-25_r_1.3_s_100_BSCRO1223-25_merge,1765952,XCD10116.1,subfamily:Heteromurinae,,850,null,1536,0.0,126.0,85.46,84.0,null,null,null,null,null,null
BSCRO1160-25_r_1.3_s_100_BSCRO1160-25,BSCRO1160-25,r_1.3_s_100_merge,>BSCRO1160-25_r_1.3_s_100_BSCRO1160-25_merge,187676,YP_009753939.1,genus:Oncopodura,,1027,null,1533,0.0,165.0,113.41,120.0,null,null,null,null,null,null
BSCRO1184-25_r_1_s_50_BSCRO1184-25,BSCRO1184-25,r_1_s_50_merge,>BSCRO1184-25_r_1_s_50_BSCRO1184-25_merge,2926737,QIT06492.1,family:Sminthuridae,,952,null,1563,0.0,134.0,87.53,97.0,null,null,null,null,null,null
BSCRO1164-25_r_1_s_50_BSCRO1164-25,BSCRO1164-25,r_1_s_50_merge,>BSCRO1164-25_r_1_s_50_BSCRO1164-25_merge,187676,YP_009753939.1,genus:Oncopodura,,559,null,1533,0.0,82.0,44.27,43.0,null,null,null,null,null,null
BSCRO1203-25_r_1.5_s_50_BSCRO1203-25,BSCRO1203-25,r_1.5_s_50_merge,>BSCRO1203-25_r_1.5_s_50_BSCRO1203-25_merge,2768102,YP_010265401.1,family:Paronellidae,,1224,null,1533,0.0,154.0,104.13,107.0,null,null,null,null,null,null
BSCRO1211-25_r_1.5_s_100_BSCRO1211-25,BSCRO1211-25,r_1.5_s_100_merge,>BSCRO1211-25_r_1.5_s_100_BSCRO1211-25_merge,2768102,YP_010265401.1,family:Paronellidae,,2416,null,1533,0.0,329.0,250.1,256.0,null,null,null,null,null,null
BSCRO1157-25_r_1_s_50_BSCRO1157-25,BSCRO1157-25,r_1_s_50_merge,>BSCRO1157-25_r_1_s_50_BSCRO1157-25_merge,187676,YP_009753939.1,genus:Oncopodura,,993,null,1533,0.0,133.0,87.55,87.0,null,null,null,null,null,null
BSCRO1200-25_r_1.5_s_50_BSCRO1200-25,BSCRO1200-25,r_1.5_s_50_merge,>BSCRO1200-25_r_1.5_s_50_BSCRO1200-25_merge,1765952,XCD10116.1,subfamily:Heteromurinae,,1619,null,1536,0.0,205.0,147.82,149.0,null,null,null,null,null,null
BSCRO1178-25_r_1_s_50_BSCRO1178-25,BSCRO1178-25,r_1_s_50_merge,>BSCRO1178-25_r_1_s_50_BSCRO1178-25_merge,3139678,UFX54039.1,subfamily:Onychiurinae,,1574,null,1533,0.0,225.0,168.35,183.0,null,null,null,null,null,null
BSCRO1144-25_r_1_s_100_BSCRO1144-25,BSCRO1144-25,r_1_s_100_merge,>BSCRO1144-25_r_1_s_100_BSCRO1144-25_merge,2768102,YP_010265401.1,family:Paronellidae,,478,null,1533,0.0,67.0,50.2,51.0,null,null,null,null,null,null
BSCRO1170-25_r_1.5_s_50_BSCRO1170-25,BSCRO1170-25,r_1.5_s_50_merge,>BSCRO1170-25_r_1.5_s_50_BSCRO1170-25_merge,3139678,UFX54039.1,subfamily:Onychiurinae,,2955,null,1533,1.0,460.0,350.81,382.0,null,null,null,null,null,null
BSCRO1203-25_r_1.3_s_50_BSCRO1203-25,BSCRO1203-25,r_1.3_s_50_merge,>BSCRO1203-25_r_1.3_s_50_BSCRO1203-25_merge,2768102,YP_010265401.1,family:Paronellidae,,1410,null,1533,3.0,161.0,116.56,115.0,null,null,null,null,null,null
BSCRO1192-25_r_1.5_s_100_BSCRO1192-25,BSCRO1192-25,r_1.5_s_100_merge,>BSCRO1192-25_r_1.5_s_100_BSCRO1192-25_merge,370027,QFX74494.1,genus:Isotomurus,,818,null,1533,58.0,110.0,85.73,86.0,null,null,null,null,null,null
BSCRO1205-25_r_1.5_s_50_BSCRO1205-25,BSCRO1205-25,r_1.5_s_50_merge,>BSCRO1205-25_r_1.5_s_50_BSCRO1205-25_merge,2768102,YP_010265401.1,family:Paronellidae,,1370,null,1533,0.0,173.0,117.51,129.0,null,null,null,null,null,null
BSCRO1224-25_r_1.3_s_50_BSCRO1224-25,BSCRO1224-25,r_1.3_s_50_merge,>BSCRO1224-25_r_1.3_s_50_BSCRO1224-25_merge,1765952,XCD10116.1,subfamily:Heteromurinae,,993,null,1536,0.0,119.0,92.83,93.5,null,null,null,null,null,null
BSCRO1162-25_r_1.5_s_50_BSCRO1162-25,BSCRO1162-25,r_1.5_s_50_merge,>BSCRO1162-25_r_1.5_s_50_BSCRO1162-25_merge,187676,YP_009753939.1,genus:Oncopodura,,159,null,1533,0.0,31.0,13.85,14.0,null,null,null,null,null,null
BSCRO1164-25_r_1.5_s_50_BSCRO1164-25,BSCRO1164-25,r_1.5_s_50_merge,>BSCRO1164-25_r_1.5_s_50_BSCRO1164-25_merge,187676,YP_009753939.1,genus:Oncopodura,,370,null,1533,0.0,61.0,33.62,33.0,null,null,null,null,null,null
BSCRO1150-25_r_1.5_s_50_BSCRO1150-25,BSCRO1150-25,r_1.5_s_50_merge,>BSCRO1150-25_r_1.5_s_50_BSCRO1150-25_merge,187676,YP_009753939.1,genus:Oncopodura,,678,null,1533,0.0,117.0,76.72,81.0,null,null,null,null,null,null
BSCRO1148-25_r_1.5_s_100_BSCRO1148-25,BSCRO1148-25,r_1.5_s_100_merge,>BSCRO1148-25_r_1.5_s_100_BSCRO1148-25_merge,187676,YP_009753939.1,genus:Oncopodura,,158,null,1533,0.0,42.0,17.61,17.0,null,null,null,null,null,null
BSCRO1184-25_r_1.3_s_50_BSCRO1184-25,BSCRO1184-25,r_1.3_s_50_merge,>BSCRO1184-25_r_1.3_s_50_BSCRO1184-25_merge,2926737,QIT06492.1,family:Sminthuridae,,437,null,1563,0.0,125.0,42.38,40.0,null,null,null,null,null,null
BSCRO1207-25_r_1.3_s_50_BSCRO1207-25,BSCRO1207-25,r_1.3_s_50_merge,>BSCRO1207-25_r_1.3_s_50_BSCRO1207-25_merge,1136003,QGZ08860.1,genus:Neelus,,489,null,1530,10.0,80.0,33.47,30.0,null,null,null,null,null,null
BSCRO1204-25_r_1.3_s_100_BSCRO1204-25,BSCRO1204-25,r_1.3_s_100_merge,>BSCRO1204-25_r_1.3_s_100_BSCRO1204-25_merge,2768102,YP_010265401.1,family:Paronellidae,,926,null,1533,0.0,129.0,87.69,83.0,null,null,null,null,null,null
BSCRO1159-25_r_1_s_50_BSCRO1159-25,BSCRO1159-25,r_1_s_50_merge,>BSCRO1159-25_r_1_s_50_BSCRO1159-25_merge,187676,YP_009753939.1,genus:Oncopodura,,1929,null,1533,3.0,295.0,197.7,198.0,null,null,null,null,null,null
BSCRO1169-25_r_1_s_50_BSCRO1169-25,BSCRO1169-25,r_1_s_50_merge,>BSCRO1169-25_r_1_s_50_BSCRO1169-25_merge,3139678,UFX54039.1,subfamily:Onychiurinae,,2686,null,1533,6.0,317.0,262.68,267.0,null,null,null,null,null,null
BSCRO1158-25_r_1.3_s_100_BSCRO1158-25,BSCRO1158-25,r_1.3_s_100_merge,>BSCRO1158-25_r_1.3_s_100_BSCRO1158-25_merge,187676,YP_009753939.1,genus:Oncopodura,,1580,null,1533,0.0,291.0,186.35,195.0,null,null,null,null,null,null
BSCRO1223-25_r_1_s_50_BSCRO1223-25,BSCRO1223-25,r_1_s_50_merge,>BSCRO1223-25_r_1_s_50_BSCRO1223-25_merge,1765952,XCD10116.1,subfamily:Heteromurinae,,1090,null,1536,0.0,137.0,92.35,90.0,null,null,null,null,null,null
BSCRO1229-25_r_1.3_s_50_BSCRO1229-25,BSCRO1229-25,r_1.3_s_50_merge,>BSCRO1229-25_r_1.3_s_50_BSCRO1229-25_merge,2768102,YP_010265401.1,family:Paronellidae,,1332,null,1533,0.0,165.0,128.21,128.0,null,null,null,null,null,null
BSCRO1172-25_r_1_s_100_BSCRO1172-25,BSCRO1172-25,r_1_s_100_merge,>BSCRO1172-25_r_1_s_100_BSCRO1172-25_merge,3139678,UFX54039.1,subfamily:Onychiurinae,,1298,null,1533,0.0,166.0,130.68,133.0,null,null,null,null,null,null
BSCRO1196-25_r_1.5_s_50_BSCRO1196-25,BSCRO1196-25,r_1.5_s_50_merge,>BSCRO1196-25_r_1.5_s_50_BSCRO1196-25_merge,187632,UFX54039.1,subfamily:Onychiurinae,,1010,null,1533,0.0,203.0,89.08,86.0,null,null,null,null,null,null
BSCRO1206-25_r_1.3_s_50_BSCRO1206-25,BSCRO1206-25,r_1.3_s_50_merge,>BSCRO1206-25_r_1.3_s_50_BSCRO1206-25_merge,1765952,XCD10116.1,subfamily:Heteromurinae,,464,null,1536,0.0,61.0,34.29,33.0,null,null,null,null,null,null
BSCRO1147-25_r_1_s_100_BSCRO1147-25,BSCRO1147-25,r_1_s_100_merge,>BSCRO1147-25_r_1_s_100_BSCRO1147-25_merge,187676,YP_009753939.1,genus:Oncopodura,,569,null,1533,0.0,103.0,61.97,60.0,null,null,null,null,null,null
BSCRO1226-25_r_1.3_s_50_BSCRO1226-25,BSCRO1226-25,r_1.3_s_50_merge,>BSCRO1226-25_r_1.3_s_50_BSCRO1226-25_merge,2768102,YP_010265401.1,family:Paronellidae,,2063,null,1533,0.0,275.0,206.13,205.0,null,null,null,null,null,null
BSCRO1214-25_r_1.5_s_50_BSCRO1214-25,BSCRO1214-25,r_1.5_s_50_merge,>BSCRO1214-25_r_1.5_s_50_BSCRO1214-25_merge,2772100,AJK28732.1,genus:Pseudosinella,,1376,null,1536,0.0,373.0,124.57,132.0,null,null,null,null,null,null
BSCRO1154-25_r_1.5_s_50_BSCRO1154-25,BSCRO1154-25,r_1.5_s_50_merge,>BSCRO1154-25_r_1.5_s_50_BSCRO1154-25_merge,2768102,YP_010265401.1,family:Paronellidae,,875,null,1533,0.0,135.0,89.33,93.0,null,null,null,null,null,null
BSCRO1216-25_r_1_s_100_BSCRO1216-25,BSCRO1216-25,r_1_s_100_merge,>BSCRO1216-25_r_1_s_100_BSCRO1216-25_merge,187632,UFX54039.1,subfamily:Onychiurinae,,1690,null,1533,0.0,225.0,176.75,174.0,null,null,null,null,null,null
BSCRO1216-25_r_1.3_s_50_BSCRO1216-25,BSCRO1216-25,r_1.3_s_50_merge,>BSCRO1216-25_r_1.3_s_50_BSCRO1216-25_merge,187632,UFX54039.1,subfamily:Onychiurinae,,1860,null,1533,0.0,235.0,181.22,178.0,null,null,null,null,null,null
BSCRO1201-25_r_1.5_s_100_BSCRO1201-25,BSCRO1201-25,r_1.5_s_100_merge,>BSCRO1201-25_r_1.5_s_100_BSCRO1201-25_merge,1765952,XCD10116.1,subfamily:Heteromurinae,,675,null,1536,0.0,88.0,67.35,72.0,null,null,null,null,null,null
BSCRO1190-25_r_1.3_s_50_BSCRO1190-25,BSCRO1190-25,r_1.3_s_50_merge,>BSCRO1190-25_r_1.3_s_50_BSCRO1190-25_merge,2926737,QIT06492.1,family:Sminthuridae,,339,null,1563,0.0,70.0,30.52,31.0,null,null,null,null,null,null
BSCRO1234-25_r_1_s_50_BSCRO1234-25,BSCRO1234-25,r_1_s_50_merge,>BSCRO1234-25_r_1_s_50_BSCRO1234-25_merge,2768102,YP_010265401.1,family:Paronellidae,,1081,null,1533,0.0,156.0,99.6,99.0,null,null,null,null,null,null
BSCRO1197-25_r_1.3_s_50_BSCRO1197-25,BSCRO1197-25,r_1.3_s_50_merge,>BSCRO1197-25_r_1.3_s_50_BSCRO1197-25_merge,2768102,YP_010265401.1,family:Paronellidae,,1129,null,1533,0.0,146.0,110.22,112.0,null,null,null,null,null,null
BSCRO1194-25_r_1_s_100_BSCRO1194-25,BSCRO1194-25,r_1_s_100_merge,>BSCRO1194-25_r_1_s_100_BSCRO1194-25_merge,370027,QFX74494.1,genus:Isotomurus,,618,null,1533,36.0,94.0,65.77,66.0,null,null,null,null,null,null
BSCRO1208-25_r_1.5_s_100_BSCRO1208-25,BSCRO1208-25,r_1.5_s_100_merge,>BSCRO1208-25_r_1.5_s_100_BSCRO1208-25_merge,1136003,QGZ08860.1,genus:Neelus,,349,null,1530,5.0,54.0,28.27,28.0,null,null,null,null,null,null
BSCRO1227-25_r_1.5_s_100_BSCRO1227-25,BSCRO1227-25,r_1.5_s_100_merge,>BSCRO1227-25_r_1.5_s_100_BSCRO1227-25_merge,2768102,YP_010265401.1,family:Paronellidae,,1158,null,1533,0.0,192.0,118.46,123.0,null,null,null,null,null,null
BSCRO1153-25_r_1.5_s_50_BSCRO1153-25,BSCRO1153-25,r_1.5_s_50_merge,>BSCRO1153-25_r_1.5_s_50_BSCRO1153-25_merge,187676,YP_009753939.1,genus:Oncopodura,,964,null,1533,0.0,164.0,101.67,113.0,null,null,null,null,null,null
BSCRO1156-25_r_1_s_50_BSCRO1156-25,BSCRO1156-25,r_1_s_50_merge,>BSCRO1156-25_r_1_s_50_BSCRO1156-25_merge,187676,YP_009753939.1,genus:Oncopodura,,866,null,1533,0.0,122.0,81.13,79.0,null,null,null,null,null,null
BSCRO1180-25_r_1.5_s_50_BSCRO1180-25,BSCRO1180-25,r_1.5_s_50_merge,>BSCRO1180-25_r_1.5_s_50_BSCRO1180-25_merge,3139678,UFX54039.1,subfamily:Onychiurinae,,759,null,1533,0.0,107.0,73.34,79.0,null,null,null,null,null,null
BSCRO1151-25_r_1.5_s_50_BSCRO1151-25,BSCRO1151-25,r_1.5_s_50_merge,>BSCRO1151-25_r_1.5_s_50_BSCRO1151-25_merge,187676,YP_009753939.1,genus:Oncopodura,,1003,null,1533,0.0,155.0,106.29,118.0,null,null,null,null,null,null
BSCRO1176-25_r_1.5_s_100_BSCRO1176-25,BSCRO1176-25,r_1.5_s_100_merge,>BSCRO1176-25_r_1.5_s_100_BSCRO1176-25_merge,187632,UFX54039.1,subfamily:Onychiurinae,,561,null,1533,10.0,95.0,60.02,61.0,null,null,null,null,null,null
BSCRO1160-25_r_1_s_100_BSCRO1160-25,BSCRO1160-25,r_1_s_100_merge,>BSCRO1160-25_r_1_s_100_BSCRO1160-25_merge,187676,YP_009753939.1,genus:Oncopodura,,1108,null,1533,0.0,169.0,120.55,120.0,null,null,null,null,null,null
BSCRO1158-25_r_1.5_s_50_BSCRO1158-25,BSCRO1158-25,r_1.5_s_50_merge,>BSCRO1158-25_r_1.5_s_50_BSCRO1158-25_merge,187676,YP_009753939.1,genus:Oncopodura,,1522,null,1533,0.0,286.0,174.05,184.0,null,null,null,null,null,null
BSCRO1235-25_r_1.3_s_100_BSCRO1235-25,BSCRO1235-25,r_1.3_s_100_merge,>BSCRO1235-25_r_1.3_s_100_BSCRO1235-25_merge,2768102,YP_010265401.1,family:Paronellidae,,1194,null,1533,0.0,147.0,109.31,109.0,null,null,null,null,null,null
BSCRO1184-25_r_1.5_s_50_BSCRO1184-25,BSCRO1184-25,r_1.5_s_50_merge,>BSCRO1184-25_r_1.5_s_50_BSCRO1184-25_merge,2926737,QIT06492.1,family:Sminthuridae,,138,null,1563,0.0,50.0,10.98,6.0,null,null,null,null,null,null
BSCRO1210-25_r_1.5_s_100_BSCRO1210-25,BSCRO1210-25,r_1.5_s_100_merge,>BSCRO1210-25_r_1.5_s_100_BSCRO1210-25_merge,2768102,YP_010265401.1,family:Paronellidae,,2284,null,1533,0.0,347.0,248.93,264.0,null,null,null,null,null,null
BSCRO1194-25_r_1.5_s_100_BSCRO1194-25,BSCRO1194-25,r_1.5_s_100_merge,>BSCRO1194-25_r_1.5_s_100_BSCRO1194-25_merge,370027,QFX74494.1,genus:Isotomurus,,602,null,1533,36.0,87.0,64.33,64.0,null,null,null,null,null,null
BSCRO1216-25_r_1.3_s_100_BSCRO1216-25,BSCRO1216-25,r_1.3_s_100_merge,>BSCRO1216-25_r_1.3_s_100_BSCRO1216-25_merge,187632,UFX54039.1,subfamily:Onychiurinae,,1685,null,1533,0.0,225.0,176.37,174.0,null,null,null,null,null,null
BSCRO1176-25_r_1_s_50_BSCRO1176-25,BSCRO1176-25,r_1_s_50_merge,>BSCRO1176-25_r_1_s_50_BSCRO1176-25_merge,187632,UFX54039.1,subfamily:Onychiurinae,,768,null,1533,41.0,101.0,68.46,67.0,null,null,null,null,null,null
BSCRO1182-25_r_1.3_s_100_BSCRO1182-25,BSCRO1182-25,r_1.3_s_100_merge,>BSCRO1182-25_r_1.3_s_100_BSCRO1182-25_merge,3139678,UFX54039.1,subfamily:Onychiurinae,,1063,null,1533,0.0,163.0,110.67,112.0,null,null,null,null,null,null
BSCRO1218-25_r_1_s_100_BSCRO1218-25,BSCRO1218-25,r_1_s_100_merge,>BSCRO1218-25_r_1_s_100_BSCRO1218-25_merge,187632,UFX54039.1,subfamily:Onychiurinae,,1106,null,1533,0.0,144.0,108.6,110.0,null,null,null,null,null,null
BSCRO1207-25_r_1_s_50_BSCRO1207-25,BSCRO1207-25,r_1_s_50_merge,>BSCRO1207-25_r_1_s_50_BSCRO1207-25_merge,1136003,QGZ08860.1,genus:Neelus,,884,null,1530,13.0,122.0,67.17,70.0,null,null,null,null,null,null
BSCRO1171-25_r_1_s_50_BSCRO1171-25,BSCRO1171-25,r_1_s_50_merge,>BSCRO1171-25_r_1_s_50_BSCRO1171-25_merge,3139678,UFX54039.1,subfamily:Onychiurinae,,1015,null,1533,2.0,210.0,82.42,77.0,null,null,null,null,null,null
BSCRO1206-25_r_1.5_s_50_BSCRO1206-25,BSCRO1206-25,r_1.5_s_50_merge,>BSCRO1206-25_r_1.5_s_50_BSCRO1206-25_merge,1765952,XCD10116.1,subfamily:Heteromurinae,,403,null,1536,0.0,61.0,31.33,30.0,null,null,null,null,null,null
BSCRO1232-25_r_1.3_s_100_BSCRO1232-25,BSCRO1232-25,r_1.3_s_100_merge,>BSCRO1232-25_r_1.3_s_100_BSCRO1232-25_merge,2768102,YP_010265401.1,family:Paronellidae,,1082,null,1533,0.0,153.0,116.57,116.0,null,null,null,null,null,null
BSCRO1159-25_r_1_s_100_BSCRO1159-25,BSCRO1159-25,r_1_s_100_merge,>BSCRO1159-25_r_1_s_100_BSCRO1159-25_merge,187676,YP_009753939.1,genus:Oncopodura,,1630,null,1533,0.0,272.0,188.25,190.0,null,null,null,null,null,null
BSCRO1215-25_r_1_s_50_BSCRO1215-25,BSCRO1215-25,r_1_s_50_merge,>BSCRO1215-25_r_1_s_50_BSCRO1215-25_merge,2768102,YP_010265401.1,family:Paronellidae,,1120,null,1533,0.0,126.0,95.05,96.0,null,null,null,null,null,null
BSCRO1167-25_r_1_s_100_BSCRO1167-25,BSCRO1167-25,r_1_s_100_merge,>BSCRO1167-25_r_1_s_100_BSCRO1167-25_merge,3139678,UFX54039.1,subfamily:Onychiurinae,,2072,null,1533,0.0,229.0,185.61,189.0,null,null,null,null,null,null
BSCRO1145-25_r_1_s_100_BSCRO1145-25,BSCRO1145-25,r_1_s_100_merge,>BSCRO1145-25_r_1_s_100_BSCRO1145-25_merge,2768102,YP_010265401.1,family:Paronellidae,,527,null,1533,0.0,73.0,57.0,58.0,null,null,null,null,null,null
BSCRO1234-25_r_1.5_s_50_BSCRO1234-25,BSCRO1234-25,r_1.5_s_50_merge,>BSCRO1234-25_r_1.5_s_50_BSCRO1234-25_merge,2768102,YP_010265401.1,family:Paronellidae,,879,null,1533,0.0,135.0,88.32,92.0,null,null,null,null,null,null
BSCRO1189-25_r_1.3_s_50_BSCRO1189-25,BSCRO1189-25,r_1.3_s_50_merge,>BSCRO1189-25_r_1.3_s_50_BSCRO1189-25_merge,2926737,QIT06492.1,family:Sminthuridae,,325,null,1563,0.0,69.0,27.44,26.0,null,null,null,null,null,null
BSCRO1155-25_r_1_s_100_BSCRO1155-25,BSCRO1155-25,r_1_s_100_merge,>BSCRO1155-25_r_1_s_100_BSCRO1155-25_merge,2768102,YP_010265401.1,family:Paronellidae,,1831,null,1533,0.0,270.0,203.09,205.0,null,null,null,null,null,null
BSCRO1170-25_r_1_s_50_BSCRO1170-25,BSCRO1170-25,r_1_s_50_merge,>BSCRO1170-25_r_1_s_50_BSCRO1170-25_merge,3139678,UFX54039.1,subfamily:Onychiurinae,,3736,null,1533,13.0,491.0,414.99,415.0,null,null,null,null,null,null
BSCRO1187-25_r_1_s_50_BSCRO1187-25,BSCRO1187-25,r_1_s_50_merge,>BSCRO1187-25_r_1_s_50_BSCRO1187-25_merge,2926737,QIT06492.1,family:Sminthuridae,,715,null,1563,0.0,85.0,59.68,62.0,null,null,null,null,null,null
BSCRO1144-25_r_1.3_s_100_BSCRO1144-25,BSCRO1144-25,r_1.3_s_100_merge,>BSCRO1144-25_r_1.3_s_100_BSCRO1144-25_merge,2768102,YP_010265401.1,family:Paronellidae,,468,null,1533,0.0,66.0,49.01,50.0,null,null,null,null,null,null
BSCRO1156-25_r_1.5_s_50_BSCRO1156-25,BSCRO1156-25,r_1.5_s_50_merge,>BSCRO1156-25_r_1.5_s_50_BSCRO1156-25_merge,187676,YP_009753939.1,genus:Oncopodura,,596,null,1533,0.0,99.0,64.82,70.0,null,null,null,null,null,null
BSCRO1163-25_r_1.3_s_100_BSCRO1163-25,BSCRO1163-25,r_1.3_s_100_merge,>BSCRO1163-25_r_1.3_s_100_BSCRO1163-25_merge,187676,YP_009753939.1,genus:Oncopodura,,1211,null,1533,0.0,190.0,118.25,118.0,null,null,null,null,null,null
BSCRO1176-25_r_1.5_s_50_BSCRO1176-25,BSCRO1176-25,r_1.5_s_50_merge,>BSCRO1176-25_r_1.5_s_50_BSCRO1176-25_merge,187632,UFX54039.1,subfamily:Onychiurinae,,607,null,1533,10.0,95.0,61.41,62.0,null,null,null,null,null,null
BSCRO1153-25_r_1_s_100_BSCRO1153-25,BSCRO1153-25,r_1_s_100_merge,>BSCRO1153-25_r_1_s_100_BSCRO1153-25_merge,187676,YP_009753939.1,genus:Oncopodura,,1101,null,1533,0.0,169.0,119.0,120.0,null,null,null,null,null,null
BSCRO1234-25_r_1.3_s_100_BSCRO1234-25,BSCRO1234-25,r_1.3_s_100_merge,>BSCRO1234-25_r_1.3_s_100_BSCRO1234-25_merge,2768102,YP_010265401.1,family:Paronellidae,,859,null,1533,0.0,122.0,92.59,93.0,null,null,null,null,null,null
BSCRO1165-25_r_1.5_s_50_BSCRO1165-25,BSCRO1165-25,r_1.5_s_50_merge,>BSCRO1165-25_r_1.5_s_50_BSCRO1165-25_merge,187676,YP_009753939.1,genus:Oncopodura,,897,null,1533,0.0,134.0,93.46,103.0,null,null,null,null,null,null
BSCRO1170-25_r_1.3_s_100_BSCRO1170-25,BSCRO1170-25,r_1.3_s_100_merge,>BSCRO1170-25_r_1.3_s_100_BSCRO1170-25_merge,3139678,UFX54039.1,subfamily:Onychiurinae,,3323,null,1533,8.0,465.0,391.09,401.0,null,null,null,null,null,null
BSCRO1188-25_r_1.5_s_50_BSCRO1188-25,BSCRO1188-25,r_1.5_s_50_merge,>BSCRO1188-25_r_1.5_s_50_BSCRO1188-25_merge,187676,YP_009753939.1,genus:Oncopodura,,2197,null,1533,0.0,347.0,254.68,284.0,null,null,null,null,null,null
BSCRO1204-25_r_1.3_s_50_BSCRO1204-25,BSCRO1204-25,r_1.3_s_50_merge,>BSCRO1204-25_r_1.3_s_50_BSCRO1204-25_merge,2768102,YP_010265401.1,family:Paronellidae,,1094,null,1533,0.0,150.0,92.23,86.0,null,null,null,null,null,null
BSCRO1188-25_r_1_s_100_BSCRO1188-25,BSCRO1188-25,r_1_s_100_merge,>BSCRO1188-25_r_1_s_100_BSCRO1188-25_merge,187676,YP_009753939.1,genus:Oncopodura,,2514,null,1533,0.0,364.0,297.26,314.0,null,null,null,null,null,null
BSCRO1165-25_r_1_s_100_BSCRO1165-25,BSCRO1165-25,r_1_s_100_merge,>BSCRO1165-25_r_1_s_100_BSCRO1165-25_merge,187676,YP_009753939.1,genus:Oncopodura,,995,null,1533,0.0,136.0,107.3,108.0,null,null,null,null,null,null
BSCRO1218-25_r_1.3_s_50_BSCRO1218-25,BSCRO1218-25,r_1.3_s_50_merge,>BSCRO1218-25_r_1.3_s_50_BSCRO1218-25_merge,187632,UFX54039.1,subfamily:Onychiurinae,,1245,null,1533,0.0,154.0,111.86,112.0,null,null,null,null,null,null
BSCRO1148-25_r_1_s_100_BSCRO1148-25,BSCRO1148-25,r_1_s_100_merge,>BSCRO1148-25_r_1_s_100_BSCRO1148-25_merge,187676,YP_009753939.1,genus:Oncopodura,,223,null,1533,0.0,50.0,24.41,23.0,null,null,null,null,null,null
BSCRO1175-25_r_1.3_s_50_BSCRO1175-25,BSCRO1175-25,r_1.3_s_50_merge,>BSCRO1175-25_r_1.3_s_50_BSCRO1175-25_merge,187632,UFX54039.1,subfamily:Onychiurinae,,1031,null,1533,62.0,132.0,103.76,105.0,null,null,null,null,null,null
BSCRO1154-25_r_1.5_s_100_BSCRO1154-25,BSCRO1154-25,r_1.5_s_100_merge,>BSCRO1154-25_r_1.5_s_100_BSCRO1154-25_merge,2768102,YP_010265401.1,family:Paronellidae,,798,null,1533,0.0,119.0,87.29,92.0,null,null,null,null,null,null
BSCRO1195-25_r_1_s_50_BSCRO1195-25,BSCRO1195-25,r_1_s_50_merge,>BSCRO1195-25_r_1_s_50_BSCRO1195-25_merge,187632,UFX54039.1,subfamily:Onychiurinae,,2506,null,1533,1.0,269.0,224.85,227.0,null,null,null,null,null,null
BSCRO1215-25_r_1.5_s_100_BSCRO1215-25,BSCRO1215-25,r_1.5_s_100_merge,>BSCRO1215-25_r_1.5_s_100_BSCRO1215-25_merge,2768102,YP_010265401.1,family:Paronellidae,,763,null,1533,0.0,112.0,80.56,86.0,null,null,null,null,null,null
BSCRO1177-25_r_1.3_s_50_BSCRO1177-25,BSCRO1177-25,r_1.3_s_50_merge,>BSCRO1177-25_r_1.3_s_50_BSCRO1177-25_merge,3139678,UFX54039.1,subfamily:Onychiurinae,,1198,null,1533,0.0,169.0,122.34,127.0,null,null,null,null,null,null
BSCRO1153-25_r_1_s_50_BSCRO1153-25,BSCRO1153-25,r_1_s_50_merge,>BSCRO1153-25_r_1_s_50_BSCRO1153-25_merge,187676,YP_009753939.1,genus:Oncopodura,,1363,null,1533,7.0,169.0,127.01,126.0,null,null,null,null,null,null
BSCRO1142-25_r_1_s_50_BSCRO1142-25,BSCRO1142-25,r_1_s_50_merge,>BSCRO1142-25_r_1_s_50_BSCRO1142-25_merge,187676,YP_009753939.1,genus:Oncopodura,,852,null,1533,0.0,105.0,72.1,71.0,null,null,null,null,null,null
BSCRO1203-25_r_1.3_s_100_BSCRO1203-25,BSCRO1203-25,r_1.3_s_100_merge,>BSCRO1203-25_r_1.3_s_100_BSCRO1203-25_merge,2768102,YP_010265401.1,family:Paronellidae,,1212,null,1533,0.0,156.0,110.83,109.0,null,null,null,null,null,null
BSCRO1162-25_r_1.5_s_100_BSCRO1162-25,BSCRO1162-25,r_1.5_s_100_merge,>BSCRO1162-25_r_1.5_s_100_BSCRO1162-25_merge,187676,YP_009753939.1,genus:Oncopodura,,135,null,1533,0.0,31.0,13.16,13.0,null,null,null,null,null,null
BSCRO1185-25_r_1.5_s_50_BSCRO1185-25,BSCRO1185-25,r_1.5_s_50_merge,>BSCRO1185-25_r_1.5_s_50_BSCRO1185-25_merge,2926737,QIT06492.1,family:Sminthuridae,,122,null,1563,0.0,53.0,10.18,5.0,null,null,null,null,null,null
BSCRO1165-25_r_1_s_50_BSCRO1165-25,BSCRO1165-25,r_1_s_50_merge,>BSCRO1165-25_r_1_s_50_BSCRO1165-25_merge,187676,YP_009753939.1,genus:Oncopodura,,1170,null,1533,0.0,150.0,112.56,111.0,null,null,null,null,null,null
BSCRO1166-25_r_1.3_s_100_BSCRO1166-25,BSCRO1166-25,r_1.3_s_100_merge,>BSCRO1166-25_r_1.3_s_100_BSCRO1166-25_merge,187676,YP_009753939.1,genus:Oncopodura,,1232,null,1533,0.0,184.0,127.96,142.0,null,null,null,null,null,null
BSCRO1221-25_r_1.5_s_50_BSCRO1221-25,BSCRO1221-25,r_1.5_s_50_merge,>BSCRO1221-25_r_1.5_s_50_BSCRO1221-25_merge,2768102,YP_010265401.1,family:Paronellidae,,873,null,1533,0.0,119.0,84.2,88.0,null,null,null,null,null,null
BSCRO1177-25_r_1.5_s_50_BSCRO1177-25,BSCRO1177-25,r_1.5_s_50_merge,>BSCRO1177-25_r_1.5_s_50_BSCRO1177-25_merge,3139678,UFX54039.1,subfamily:Onychiurinae,,1093,null,1533,0.0,163.0,113.53,121.0,null,null,null,null,null,null
BSCRO1153-25_r_1.3_s_50_BSCRO1153-25,BSCRO1153-25,r_1.3_s_50_merge,>BSCRO1153-25_r_1.3_s_50_BSCRO1153-25_merge,187676,YP_009753939.1,genus:Oncopodura,,1140,null,1533,0.0,165.0,115.4,121.0,null,null,null,null,null,null
BSCRO1192-25_r_1_s_100_BSCRO1192-25,BSCRO1192-25,r_1_s_100_merge,>BSCRO1192-25_r_1_s_100_BSCRO1192-25_merge,370027,QFX74494.1,genus:Isotomurus,,837,null,1533,59.0,111.0,87.62,89.0,null,null,null,null,null,null
BSCRO1224-25_r_1.5_s_50_BSCRO1224-25,BSCRO1224-25,r_1.5_s_50_merge,>BSCRO1224-25_r_1.5_s_50_BSCRO1224-25_merge,1765952,XCD10116.1,subfamily:Heteromurinae,,940,null,1536,0.0,114.0,90.12,93.0,null,null,null,null,null,null
BSCRO1195-25_r_1.3_s_100_BSCRO1195-25,BSCRO1195-25,r_1.3_s_100_merge,>BSCRO1195-25_r_1.3_s_100_BSCRO1195-25_merge,187632,UFX54039.1,subfamily:Onychiurinae,,2273,null,1533,0.0,264.0,217.59,219.0,null,null,null,null,null,null
BSCRO1209-25_r_1_s_100_BSCRO1209-25,BSCRO1209-25,r_1_s_100_merge,>BSCRO1209-25_r_1_s_100_BSCRO1209-25_merge,1136003,QGZ08860.1,genus:Neelus,,777,null,1530,25.0,97.0,68.78,66.0,null,null,null,null,null,null
BSCRO1207-25_r_1_s_100_BSCRO1207-25,BSCRO1207-25,r_1_s_100_merge,>BSCRO1207-25_r_1_s_100_BSCRO1207-25_merge,1136003,QGZ08860.1,genus:Neelus,,706,null,1530,11.0,111.0,61.08,62.0,null,null,null,null,null,null
BSCRO1141-25_r_1.5_s_100_BSCRO1141-25,BSCRO1141-25,r_1.5_s_100_merge,>BSCRO1141-25_r_1.5_s_100_BSCRO1141-25_merge,187676,YP_009753939.1,genus:Oncopodura,,107,null,1533,0.0,18.0,7.2,8.0,null,null,null,null,null,null
BSCRO1169-25_r_1.3_s_50_BSCRO1169-25,BSCRO1169-25,r_1.3_s_50_merge,>BSCRO1169-25_r_1.3_s_50_BSCRO1169-25_merge,3139678,UFX54039.1,subfamily:Onychiurinae,,2601,null,1533,6.0,315.0,258.14,263.0,null,null,null,null,null,null
BSCRO1204-25_r_1.5_s_100_BSCRO1204-25,BSCRO1204-25,r_1.5_s_100_merge,>BSCRO1204-25_r_1.5_s_100_BSCRO1204-25_merge,2768102,YP_010265401.1,family:Paronellidae,,832,null,1533,0.0,128.0,79.81,78.0,null,null,null,null,null,null
BSCRO1214-25_r_1.3_s_50_BSCRO1214-25,BSCRO1214-25,r_1.3_s_50_merge,>BSCRO1214-25_r_1.3_s_50_BSCRO1214-25_merge,2772100,AJK28732.1,genus:Pseudosinella,,1464,null,1536,1.0,375.0,131.38,136.0,null,null,null,null,null,null
BSCRO1172-25_r_1.3_s_100_BSCRO1172-25,BSCRO1172-25,r_1.3_s_100_merge,>BSCRO1172-25_r_1.3_s_100_BSCRO1172-25_merge,3139678,UFX54039.1,subfamily:Onychiurinae,,1265,null,1533,0.0,165.0,128.21,132.0,null,null,null,null,null,null
BSCRO1162-25_r_1.3_s_50_BSCRO1162-25,BSCRO1162-25,r_1.3_s_50_merge,>BSCRO1162-25_r_1.3_s_50_BSCRO1162-25_merge,187676,YP_009753939.1,genus:Oncopodura,,189,null,1533,0.0,34.0,15.71,15.0,null,null,null,null,null,null
BSCRO1227-25_r_1.3_s_50_BSCRO1227-25,BSCRO1227-25,r_1.3_s_50_merge,>BSCRO1227-25_r_1.3_s_50_BSCRO1227-25_merge,2768102,YP_010265401.1,family:Paronellidae,,1412,null,1533,0.0,205.0,131.15,131.0,null,null,null,null,null,null
BSCRO1196-25_r_1_s_50_BSCRO1196-25,BSCRO1196-25,r_1_s_50_merge,>BSCRO1196-25_r_1_s_50_BSCRO1196-25_merge,187632,UFX54039.1,subfamily:Onychiurinae,,2327,null,1533,3.0,692.0,214.33,149.0,null,null,null,null,null,null
BSCRO1209-25_r_1_s_50_BSCRO1209-25,BSCRO1209-25,r_1_s_50_merge,>BSCRO1209-25_r_1_s_50_BSCRO1209-25_merge,1136003,QGZ08860.1,genus:Neelus,,946,null,1530,44.0,117.0,73.78,71.5,null,null,null,null,null,null
BSCRO1180-25_r_1.3_s_100_BSCRO1180-25,BSCRO1180-25,r_1.3_s_100_merge,>BSCRO1180-25_r_1.3_s_100_BSCRO1180-25_merge,3139678,UFX54039.1,subfamily:Onychiurinae,,753,null,1533,0.0,103.0,76.45,79.0,null,null,null,null,null,null
BSCRO1198-25_r_1.3_s_50_BSCRO1198-25,BSCRO1198-25,r_1.3_s_50_merge,>BSCRO1198-25_r_1.3_s_50_BSCRO1198-25_merge,2768102,YP_010265401.1,family:Paronellidae,,1189,null,1533,0.0,147.0,115.92,116.0,null,null,null,null,null,null
BSCRO1191-25_r_1.5_s_100_BSCRO1191-25,BSCRO1191-25,r_1.5_s_100_merge,>BSCRO1191-25_r_1.5_s_100_BSCRO1191-25_merge,2926737,QIT06492.1,family:Sminthuridae,,125,null,1563,0.0,51.0,9.29,3.0,null,null,null,null,null,null
BSCRO1229-25_r_1.3_s_100_BSCRO1229-25,BSCRO1229-25,r_1.3_s_100_merge,>BSCRO1229-25_r_1.3_s_100_BSCRO1229-25_merge,2768102,YP_010265401.1,family:Paronellidae,,1144,null,1533,0.0,160.0,123.12,123.0,null,null,null,null,null,null
BSCRO1147-25_r_1_s_50_BSCRO1147-25,BSCRO1147-25,r_1_s_50_merge,>BSCRO1147-25_r_1_s_50_BSCRO1147-25_merge,187676,YP_009753939.1,genus:Oncopodura,,837,null,1533,7.0,115.0,69.87,68.0,null,null,null,null,null,null
BSCRO1212-25_r_1_s_100_BSCRO1212-25,BSCRO1212-25,r_1_s_100_merge,>BSCRO1212-25_r_1_s_100_BSCRO1212-25_merge,2772100,AJK28732.1,genus:Pseudosinella,,660,null,1536,26.0,93.0,67.53,69.0,null,null,null,null,null,null
BSCRO1178-25_r_1.3_s_50_BSCRO1178-25,BSCRO1178-25,r_1.3_s_50_merge,>BSCRO1178-25_r_1.3_s_50_BSCRO1178-25_merge,3139678,UFX54039.1,subfamily:Onychiurinae,,1495,null,1533,0.0,216.0,164.53,180.0,null,null,null,null,null,null
BSCRO1171-25_r_1.5_s_100_BSCRO1171-25,BSCRO1171-25,r_1.5_s_100_merge,>BSCRO1171-25_r_1.5_s_100_BSCRO1171-25_merge,3139678,UFX54039.1,subfamily:Onychiurinae,,670,null,1533,0.0,99.0,66.47,71.0,null,null,null,null,null,null
BSCRO1147-25_r_1.3_s_100_BSCRO1147-25,BSCRO1147-25,r_1.3_s_100_merge,>BSCRO1147-25_r_1.3_s_100_BSCRO1147-25_merge,187676,YP_009753939.1,genus:Oncopodura,,521,null,1533,0.0,103.0,57.13,58.0,null,null,null,null,null,null
BSCRO1228-25_r_1.5_s_100_BSCRO1228-25,BSCRO1228-25,r_1.5_s_100_merge,>BSCRO1228-25_r_1.5_s_100_BSCRO1228-25_merge,1765952,XCD10116.1,subfamily:Heteromurinae,,1871,null,1536,0.0,260.0,192.75,199.0,null,null,null,null,null,null
BSCRO1182-25_r_1.3_s_50_BSCRO1182-25,BSCRO1182-25,r_1.3_s_50_merge,>BSCRO1182-25_r_1.3_s_50_BSCRO1182-25_merge,3139678,UFX54039.1,subfamily:Onychiurinae,,1146,null,1533,0.0,165.0,112.97,114.0,null,null,null,null,null,null
BSCRO1220-25_r_1.3_s_100_BSCRO1220-25,BSCRO1220-25,r_1.3_s_100_merge,>BSCRO1220-25_r_1.3_s_100_BSCRO1220-25_merge,2768102,YP_010265401.1,family:Paronellidae,,767,null,1533,0.0,94.0,76.42,77.0,null,null,null,null,null,null
BSCRO1149-25_r_1.3_s_100_BSCRO1149-25,BSCRO1149-25,r_1.3_s_100_merge,>BSCRO1149-25_r_1.3_s_100_BSCRO1149-25_merge,187676,YP_009753939.1,genus:Oncopodura,,522,null,1533,0.0,83.0,59.46,62.0,null,null,null,null,null,null
BSCRO1178-25_r_1_s_100_BSCRO1178-25,BSCRO1178-25,r_1_s_100_merge,>BSCRO1178-25_r_1_s_100_BSCRO1178-25_merge,3139678,UFX54039.1,subfamily:Onychiurinae,,1424,null,1533,0.0,219.0,164.1,181.0,null,null,null,null,null,null
BSCRO1150-25_r_1_s_100_BSCRO1150-25,BSCRO1150-25,r_1_s_100_merge,>BSCRO1150-25_r_1_s_100_BSCRO1150-25_merge,187676,YP_009753939.1,genus:Oncopodura,,766,null,1533,0.0,116.0,89.88,88.0,null,null,null,null,null,null
BSCRO1152-25_r_1.5_s_100_BSCRO1152-25,BSCRO1152-25,r_1.5_s_100_merge,>BSCRO1152-25_r_1.5_s_100_BSCRO1152-25_merge,187676,YP_009753939.1,genus:Oncopodura,,828,null,1533,0.0,138.0,87.99,93.0,null,null,null,null,null,null
BSCRO1144-25_r_1.5_s_50_BSCRO1144-25,BSCRO1144-25,r_1.5_s_50_merge,>BSCRO1144-25_r_1.5_s_50_BSCRO1144-25_merge,2768102,YP_010265401.1,family:Paronellidae,,464,null,1533,0.0,73.0,43.65,47.0,null,null,null,null,null,null
BSCRO1185-25_r_1_s_100_BSCRO1185-25,BSCRO1185-25,r_1_s_100_merge,>BSCRO1185-25_r_1_s_100_BSCRO1185-25_merge,2926737,QIT06492.1,family:Sminthuridae,,549,null,1563,0.0,111.0,62.43,64.0,null,null,null,null,null,null
BSCRO1178-25_r_1.5_s_50_BSCRO1178-25,BSCRO1178-25,r_1.5_s_50_merge,>BSCRO1178-25_r_1.5_s_50_BSCRO1178-25_merge,3139678,UFX54039.1,subfamily:Onychiurinae,,1374,null,1533,0.0,203.0,153.71,174.0,null,null,null,null,null,null
BSCRO1205-25_r_1.3_s_100_BSCRO1205-25,BSCRO1205-25,r_1.3_s_100_merge,>BSCRO1205-25_r_1.3_s_100_BSCRO1205-25_merge,2768102,YP_010265401.1,family:Paronellidae,,1378,null,1533,0.0,164.0,124.79,127.0,null,null,null,null,null,null
BSCRO1185-25_r_1_s_50_BSCRO1185-25,BSCRO1185-25,r_1_s_50_merge,>BSCRO1185-25_r_1_s_50_BSCRO1185-25_merge,2926737,QIT06492.1,family:Sminthuridae,,709,null,1563,0.0,126.0,66.91,70.0,null,null,null,null,null,null
BSCRO1219-25_r_1.3_s_50_BSCRO1219-25,BSCRO1219-25,r_1.3_s_50_merge,>BSCRO1219-25_r_1.3_s_50_BSCRO1219-25_merge,187676,YP_009753939.1,genus:Oncopodura,,831,null,1533,0.0,117.0,69.77,71.0,null,null,null,null,null,null
BSCRO1231-25_r_1.5_s_50_BSCRO1231-25,BSCRO1231-25,r_1.5_s_50_merge,>BSCRO1231-25_r_1.5_s_50_BSCRO1231-25_merge,2768102,YP_010265401.1,family:Paronellidae,,1029,null,1533,0.0,159.0,104.39,107.0,null,null,null,null,null,null
BSCRO1215-25_r_1.5_s_50_BSCRO1215-25,BSCRO1215-25,r_1.5_s_50_merge,>BSCRO1215-25_r_1.5_s_50_BSCRO1215-25_merge,2768102,YP_010265401.1,family:Paronellidae,,882,null,1533,0.0,117.0,83.59,88.0,null,null,null,null,null,null
BSCRO1202-25_r_1.3_s_100_BSCRO1202-25,BSCRO1202-25,r_1.3_s_100_merge,>BSCRO1202-25_r_1.3_s_100_BSCRO1202-25_merge,1136003,QGZ08860.1,genus:Neelus,,188,null,1530,2.0,39.0,13.95,12.0,null,null,null,null,null,null
BSCRO1210-25_r_1_s_50_BSCRO1210-25,BSCRO1210-25,r_1_s_50_merge,>BSCRO1210-25_r_1_s_50_BSCRO1210-25_merge,2768102,YP_010265401.1,family:Paronellidae,,2818,null,1533,0.0,369.0,280.27,283.0,null,null,null,null,null,null
BSCRO1200-25_r_1_s_100_BSCRO1200-25,BSCRO1200-25,r_1_s_100_merge,>BSCRO1200-25_r_1_s_100_BSCRO1200-25_merge,1765952,XCD10116.1,subfamily:Heteromurinae,,1540,null,1536,0.0,191.0,150.03,152.0,null,null,null,null,null,null
BSCRO1159-25_r_1.3_s_100_BSCRO1159-25,BSCRO1159-25,r_1.3_s_100_merge,>BSCRO1159-25_r_1.3_s_100_BSCRO1159-25_merge,187676,YP_009753939.1,genus:Oncopodura,,1519,null,1533,0.0,272.0,177.2,187.0,null,null,null,null,null,null
BSCRO1233-25_r_1.5_s_50_BSCRO1233-25,BSCRO1233-25,r_1.5_s_50_merge,>BSCRO1233-25_r_1.5_s_50_BSCRO1233-25_merge,2768102,YP_010265401.1,family:Paronellidae,,1546,null,1533,0.0,228.0,159.42,166.0,null,null,null,null,null,null
BSCRO1173-25_r_1.5_s_50_BSCRO1173-25,BSCRO1173-25,r_1.5_s_50_merge,>BSCRO1173-25_r_1.5_s_50_BSCRO1173-25_merge,3139678,UFX54039.1,subfamily:Onychiurinae,,388,null,1533,0.0,65.0,40.46,43.0,null,null,null,null,null,null
BSCRO1154-25_r_1.3_s_50_BSCRO1154-25,BSCRO1154-25,r_1.3_s_50_merge,>BSCRO1154-25_r_1.3_s_50_BSCRO1154-25_merge,2768102,YP_010265401.1,family:Paronellidae,,977,null,1533,0.0,135.0,96.59,95.0,null,null,null,null,null,null
BSCRO1150-25_r_1.5_s_100_BSCRO1150-25,BSCRO1150-25,r_1.5_s_100_merge,>BSCRO1150-25_r_1.5_s_100_BSCRO1150-25_merge,187676,YP_009753939.1,genus:Oncopodura,,618,null,1533,0.0,110.0,74.98,80.0,null,null,null,null,null,null
BSCRO1200-25_r_1.3_s_100_BSCRO1200-25,BSCRO1200-25,r_1.3_s_100_merge,>BSCRO1200-25_r_1.3_s_100_BSCRO1200-25_merge,1765952,XCD10116.1,subfamily:Heteromurinae,,1525,null,1536,0.0,187.0,148.7,152.0,null,null,null,null,null,null
BSCRO1157-25_r_1.3_s_100_BSCRO1157-25,BSCRO1157-25,r_1.3_s_100_merge,>BSCRO1157-25_r_1.3_s_100_BSCRO1157-25_merge,187676,YP_009753939.1,genus:Oncopodura,,746,null,1533,0.0,123.0,76.73,81.0,null,null,null,null,null,null
BSCRO1187-25_r_1.5_s_50_BSCRO1187-25,BSCRO1187-25,r_1.5_s_50_merge,>BSCRO1187-25_r_1.5_s_50_BSCRO1187-25_merge,2926737,QIT06492.1,family:Sminthuridae,,117,null,1563,0.0,44.0,8.29,5.0,null,null,null,null,null,null
BSCRO1225-25_r_1_s_100_BSCRO1225-25,BSCRO1225-25,r_1_s_100_merge,>BSCRO1225-25_r_1_s_100_BSCRO1225-25_merge,2768102,YP_010265401.1,family:Paronellidae,,2335,null,1533,0.0,314.0,238.2,242.0,null,null,null,null,null,null
BSCRO1146-25_r_1.3_s_100_BSCRO1146-25,BSCRO1146-25,r_1.3_s_100_merge,>BSCRO1146-25_r_1.3_s_100_BSCRO1146-25_merge,187676,YP_009753939.1,genus:Oncopodura,,699,null,1533,0.0,104.0,73.79,82.0,null,null,null,null,null,null
BSCRO1174-25_r_1.5_s_100_BSCRO1174-25,BSCRO1174-25,r_1.5_s_100_merge,>BSCRO1174-25_r_1.5_s_100_BSCRO1174-25_merge,187632,UFX54039.1,subfamily:Onychiurinae,,839,null,1533,12.0,138.0,98.35,99.0,null,null,null,null,null,null
BSCRO1175-25_r_1.5_s_50_BSCRO1175-25,BSCRO1175-25,r_1.5_s_50_merge,>BSCRO1175-25_r_1.5_s_50_BSCRO1175-25_merge,187632,UFX54039.1,subfamily:Onychiurinae,,917,null,1533,16.0,129.0,95.95,101.0,null,null,null,null,null,null
BSCRO1157-25_r_1_s_100_BSCRO1157-25,BSCRO1157-25,r_1_s_100_merge,>BSCRO1157-25_r_1_s_100_BSCRO1157-25_merge,187676,YP_009753939.1,genus:Oncopodura,,794,null,1533,0.0,123.0,81.53,83.0,null,null,null,null,null,null
BSCRO1186-25_r_1_s_100_BSCRO1186-25,BSCRO1186-25,r_1_s_100_merge,>BSCRO1186-25_r_1_s_100_BSCRO1186-25_merge,2926737,QIT06492.1,family:Sminthuridae,,349,null,1563,0.0,63.0,35.08,36.0,null,null,null,null,null,null
BSCRO1163-25_r_1.5_s_100_BSCRO1163-25,BSCRO1163-25,r_1.5_s_100_merge,>BSCRO1163-25_r_1.5_s_100_BSCRO1163-25_merge,187676,YP_009753939.1,genus:Oncopodura,,1082,null,1533,0.0,188.0,107.22,113.0,null,null,null,null,null,null
BSCRO1230-25_r_1.5_s_50_BSCRO1230-25,BSCRO1230-25,r_1.5_s_50_merge,>BSCRO1230-25_r_1.5_s_50_BSCRO1230-25_merge,1765952,XCD10116.1,subfamily:Heteromurinae,,1157,null,1536,0.0,137.0,111.96,113.5,null,null,null,null,null,null
BSCRO1149-25_r_1_s_50_BSCRO1149-25,BSCRO1149-25,r_1_s_50_merge,>BSCRO1149-25_r_1_s_50_BSCRO1149-25_merge,187676,YP_009753939.1,genus:Oncopodura,,861,null,1533,6.0,112.0,76.67,76.0,null,null,null,null,null,null
BSCRO1221-25_r_1.3_s_50_BSCRO1221-25,BSCRO1221-25,r_1.3_s_50_merge,>BSCRO1221-25_r_1.3_s_50_BSCRO1221-25_merge,2768102,YP_010265401.1,family:Paronellidae,,983,null,1533,0.0,120.0,92.07,92.0,null,null,null,null,null,null
BSCRO1229-25_r_1_s_50_BSCRO1229-25,BSCRO1229-25,r_1_s_50_merge,>BSCRO1229-25_r_1_s_50_BSCRO1229-25_merge,2768102,YP_010265401.1,family:Paronellidae,,1468,null,1533,0.0,183.0,134.2,134.0,null,null,null,null,null,null
BSCRO1219-25_r_1.5_s_100_BSCRO1219-25,BSCRO1219-25,r_1.5_s_100_merge,>BSCRO1219-25_r_1.5_s_100_BSCRO1219-25_merge,187676,YP_009753939.1,genus:Oncopodura,,615,null,1533,0.0,109.0,58.66,59.0,null,null,null,null,null,null
BSCRO1198-25_r_1_s_50_BSCRO1198-25,BSCRO1198-25,r_1_s_50_merge,>BSCRO1198-25_r_1_s_50_BSCRO1198-25_merge,2768102,YP_010265401.1,family:Paronellidae,,1290,null,1533,0.0,155.0,119.79,119.0,null,null,null,null,null,null
BSCRO1205-25_r_1_s_50_BSCRO1205-25,BSCRO1205-25,r_1_s_50_merge,>BSCRO1205-25_r_1_s_50_BSCRO1205-25_merge,2768102,YP_010265401.1,family:Paronellidae,,1678,null,1533,0.0,175.0,134.49,137.0,null,null,null,null,null,null
BSCRO1223-25_r_1.5_s_50_BSCRO1223-25,BSCRO1223-25,r_1.5_s_50_merge,>BSCRO1223-25_r_1.5_s_50_BSCRO1223-25_merge,1765952,XCD10116.1,subfamily:Heteromurinae,,880,null,1536,0.0,125.0,84.57,85.0,null,null,null,null,null,null
BSCRO1162-25_r_1_s_50_BSCRO1162-25,BSCRO1162-25,r_1_s_50_merge,>BSCRO1162-25_r_1_s_50_BSCRO1162-25_merge,187676,YP_009753939.1,genus:Oncopodura,,294,null,1533,3.0,50.0,20.07,19.0,null,null,null,null,null,null
BSCRO1149-25_r_1.5_s_100_BSCRO1149-25,BSCRO1149-25,r_1.5_s_100_merge,>BSCRO1149-25_r_1.5_s_100_BSCRO1149-25_merge,187676,YP_009753939.1,genus:Oncopodura,,443,null,1533,0.0,73.0,51.18,57.0,null,null,null,null,null,null
BSCRO1191-25_r_1.5_s_50_BSCRO1191-25,BSCRO1191-25,r_1.5_s_50_merge,>BSCRO1191-25_r_1.5_s_50_BSCRO1191-25_merge,2926737,QIT06492.1,family:Sminthuridae,,165,null,1563,0.0,57.0,10.28,5.0,null,null,null,null,null,null
BSCRO1167-25_r_1.5_s_100_BSCRO1167-25,BSCRO1167-25,r_1.5_s_100_merge,>BSCRO1167-25_r_1.5_s_100_BSCRO1167-25_merge,3139678,UFX54039.1,subfamily:Onychiurinae,,1858,null,1533,0.0,225.0,167.35,184.0,null,null,null,null,null,null
BSCRO1219-25_r_1_s_100_BSCRO1219-25,BSCRO1219-25,r_1_s_100_merge,>BSCRO1219-25_r_1_s_100_BSCRO1219-25_merge,187676,YP_009753939.1,genus:Oncopodura,,768,null,1533,0.0,114.0,71.53,70.0,null,null,null,null,null,null
BSCRO1201-25_r_1_s_50_BSCRO1201-25,BSCRO1201-25,r_1_s_50_merge,>BSCRO1201-25_r_1_s_50_BSCRO1201-25_merge,1765952,XCD10116.1,subfamily:Heteromurinae,,947,null,1536,0.0,105.0,77.01,78.0,null,null,null,null,null,null
BSCRO1168-25_r_1.3_s_50_BSCRO1168-25,BSCRO1168-25,r_1.3_s_50_merge,>BSCRO1168-25_r_1.3_s_50_BSCRO1168-25_merge,3139678,UFX54039.1,subfamily:Onychiurinae,,1533,null,1533,0.0,183.0,133.95,134.0,null,null,null,null,null,null
BSCRO1160-25_r_1.5_s_100_BSCRO1160-25,BSCRO1160-25,r_1.5_s_100_merge,>BSCRO1160-25_r_1.5_s_100_BSCRO1160-25_merge,187676,YP_009753939.1,genus:Oncopodura,,930,null,1533,0.0,164.0,103.75,112.0,null,null,null,null,null,null
BSCRO1233-25_r_1_s_100_BSCRO1233-25,BSCRO1233-25,r_1_s_100_merge,>BSCRO1233-25_r_1_s_100_BSCRO1233-25_merge,2768102,YP_010265401.1,family:Paronellidae,,1535,null,1533,0.0,221.0,169.54,168.0,null,null,null,null,null,null
BSCRO1209-25_r_1.5_s_100_BSCRO1209-25,BSCRO1209-25,r_1.5_s_100_merge,>BSCRO1209-25_r_1.5_s_100_BSCRO1209-25_merge,1136003,QGZ08860.1,genus:Neelus,,588,null,1530,4.0,79.0,51.48,53.0,null,null,null,null,null,null
BSCRO1172-25_r_1_s_50_BSCRO1172-25,BSCRO1172-25,r_1_s_50_merge,>BSCRO1172-25_r_1_s_50_BSCRO1172-25_merge,3139678,UFX54039.1,subfamily:Onychiurinae,,1689,null,1533,3.0,319.0,142.89,137.0,null,null,null,null,null,null
BSCRO1234-25_r_1.3_s_50_BSCRO1234-25,BSCRO1234-25,r_1.3_s_50_merge,>BSCRO1234-25_r_1.3_s_50_BSCRO1234-25_merge,2768102,YP_010265401.1,family:Paronellidae,,978,null,1533,0.0,138.0,95.57,95.0,null,null,null,null,null,null
BSCRO1229-25_r_1.5_s_100_BSCRO1229-25,BSCRO1229-25,r_1.5_s_100_merge,>BSCRO1229-25_r_1.5_s_100_BSCRO1229-25_merge,2768102,YP_010265401.1,family:Paronellidae,,1032,null,1533,0.0,159.0,112.54,120.0,null,null,null,null,null,null
BSCRO1192-25_r_1.5_s_50_BSCRO1192-25,BSCRO1192-25,r_1.5_s_50_merge,>BSCRO1192-25_r_1.5_s_50_BSCRO1192-25_merge,370027,QFX74494.1,genus:Isotomurus,,857,null,1533,60.0,111.0,86.8,87.0,null,null,null,null,null,null
BSCRO1173-25_r_1.3_s_50_BSCRO1173-25,BSCRO1173-25,r_1.3_s_50_merge,>BSCRO1173-25_r_1.3_s_50_BSCRO1173-25_merge,3139678,UFX54039.1,subfamily:Onychiurinae,,439,null,1533,0.0,66.0,45.53,46.0,null,null,null,null,null,null
BSCRO1215-25_r_1.3_s_50_BSCRO1215-25,BSCRO1215-25,r_1.3_s_50_merge,>BSCRO1215-25_r_1.3_s_50_BSCRO1215-25_merge,2768102,YP_010265401.1,family:Paronellidae,,1008,null,1533,0.0,118.0,90.88,91.0,null,null,null,null,null,null
BSCRO1170-25_r_1.3_s_50_BSCRO1170-25,BSCRO1170-25,r_1.3_s_50_merge,>BSCRO1170-25_r_1.3_s_50_BSCRO1170-25_merge,3139678,UFX54039.1,subfamily:Onychiurinae,,3535,null,1533,13.0,468.0,397.46,404.0,null,null,null,null,null,null
BSCRO1178-25_r_1.5_s_100_BSCRO1178-25,BSCRO1178-25,r_1.5_s_100_merge,>BSCRO1178-25_r_1.5_s_100_BSCRO1178-25_merge,3139678,UFX54039.1,subfamily:Onychiurinae,,1310,null,1533,0.0,202.0,152.05,173.0,null,null,null,null,null,null
BSCRO1228-25_r_1.5_s_50_BSCRO1228-25,BSCRO1228-25,r_1.5_s_50_merge,>BSCRO1228-25_r_1.5_s_50_BSCRO1228-25_merge,1765952,XCD10116.1,subfamily:Heteromurinae,,1965,null,1536,0.0,261.0,195.43,200.0,null,null,null,null,null,null
BSCRO1227-25_r_1_s_100_BSCRO1227-25,BSCRO1227-25,r_1_s_100_merge,>BSCRO1227-25_r_1_s_100_BSCRO1227-25_merge,2768102,YP_010265401.1,family:Paronellidae,,1262,null,1533,0.0,192.0,127.97,128.0,null,null,null,null,null,null
BSCRO1188-25_r_1.5_s_100_BSCRO1188-25,BSCRO1188-25,r_1.5_s_100_merge,>BSCRO1188-25_r_1.5_s_100_BSCRO1188-25_merge,187676,YP_009753939.1,genus:Oncopodura,,2094,null,1533,0.0,347.0,251.89,281.0,null,null,null,null,null,null
BSCRO1191-25_r_1_s_100_BSCRO1191-25,BSCRO1191-25,r_1_s_100_merge,>BSCRO1191-25_r_1_s_100_BSCRO1191-25_merge,2926737,QIT06492.1,family:Sminthuridae,,485,null,1563,0.0,81.0,41.51,46.0,null,null,null,null,null,null
BSCRO1205-25_r_1.3_s_50_BSCRO1205-25,BSCRO1205-25,r_1.3_s_50_merge,>BSCRO1205-25_r_1.3_s_50_BSCRO1205-25_merge,2768102,YP_010265401.1,family:Paronellidae,,1553,null,1533,0.0,175.0,129.81,133.0,null,null,null,null,null,null
BSCRO1174-25_r_1.3_s_50_BSCRO1174-25,BSCRO1174-25,r_1.3_s_50_merge,>BSCRO1174-25_r_1.3_s_50_BSCRO1174-25_merge,187632,UFX54039.1,subfamily:Onychiurinae,,1053,null,1533,62.0,148.0,107.87,108.0,null,null,null,null,null,null
BSCRO1232-25_r_1.3_s_50_BSCRO1232-25,BSCRO1232-25,r_1.3_s_50_merge,>BSCRO1232-25_r_1.3_s_50_BSCRO1232-25_merge,2768102,YP_010265401.1,family:Paronellidae,,1242,null,1533,0.0,169.0,120.7,121.0,null,null,null,null,null,null
BSCRO1175-25_r_1_s_100_BSCRO1175-25,BSCRO1175-25,r_1_s_100_merge,>BSCRO1175-25_r_1_s_100_BSCRO1175-25_merge,187632,UFX54039.1,subfamily:Onychiurinae,,1116,null,1533,58.0,188.0,123.81,127.0,null,null,null,null,null,null
BSCRO1231-25_r_1.3_s_100_BSCRO1231-25,BSCRO1231-25,r_1.3_s_100_merge,>BSCRO1231-25_r_1.3_s_100_BSCRO1231-25_merge,2768102,YP_010265401.1,family:Paronellidae,,1035,null,1533,0.0,163.0,111.72,115.0,null,null,null,null,null,null
BSCRO1218-25_r_1.5_s_100_BSCRO1218-25,BSCRO1218-25,r_1.5_s_100_merge,>BSCRO1218-25_r_1.5_s_100_BSCRO1218-25_merge,187632,UFX54039.1,subfamily:Onychiurinae,,1011,null,1533,0.0,144.0,100.77,105.0,null,null,null,null,null,null
BSCRO1212-25_r_1.5_s_50_BSCRO1212-25,BSCRO1212-25,r_1.5_s_50_merge,>BSCRO1212-25_r_1.5_s_50_BSCRO1212-25_merge,2772100,AJK28732.1,genus:Pseudosinella,,834,null,1536,0.0,295.0,64.77,68.0,null,null,null,null,null,null
BSCRO1155-25_r_1_s_50_BSCRO1155-25,BSCRO1155-25,r_1_s_50_merge,>BSCRO1155-25_r_1_s_50_BSCRO1155-25_merge,2768102,YP_010265401.1,family:Paronellidae,,2072,null,1533,0.0,287.0,210.11,212.0,null,null,null,null,null,null
BSCRO1177-25_r_1_s_50_BSCRO1177-25,BSCRO1177-25,r_1_s_50_merge,>BSCRO1177-25_r_1_s_50_BSCRO1177-25_merge,3139678,UFX54039.1,subfamily:Onychiurinae,,1255,null,1533,0.0,172.0,124.86,130.0,null,null,null,null,null,null
BSCRO1164-25_r_1_s_100_BSCRO1164-25,BSCRO1164-25,r_1_s_100_merge,>BSCRO1164-25_r_1_s_100_BSCRO1164-25_merge,187676,YP_009753939.1,genus:Oncopodura,,425,null,1533,0.0,63.0,40.24,40.0,null,null,null,null,null,null
BSCRO1219-25_r_1.5_s_50_BSCRO1219-25,BSCRO1219-25,r_1.5_s_50_merge,>BSCRO1219-25_r_1.5_s_50_BSCRO1219-25_merge,187676,YP_009753939.1,genus:Oncopodura,,698,null,1533,0.0,117.0,61.11,61.0,null,null,null,null,null,null
BSCRO1153-25_r_1.3_s_100_BSCRO1153-25,BSCRO1153-25,r_1.3_s_100_merge,>BSCRO1153-25_r_1.3_s_100_BSCRO1153-25_merge,187676,YP_009753939.1,genus:Oncopodura,,1029,null,1533,0.0,165.0,112.27,119.0,null,null,null,null,null,null
BSCRO1179-25_r_1.3_s_100_BSCRO1179-25,BSCRO1179-25,r_1.3_s_100_merge,>BSCRO1179-25_r_1.3_s_100_BSCRO1179-25_merge,3139678,UFX54039.1,subfamily:Onychiurinae,,1201,null,1533,0.0,171.0,129.25,136.0,null,null,null,null,null,null
BSCRO1182-25_r_1_s_50_BSCRO1182-25,BSCRO1182-25,r_1_s_50_merge,>BSCRO1182-25_r_1_s_50_BSCRO1182-25_merge,3139678,UFX54039.1,subfamily:Onychiurinae,,1483,null,1533,3.0,384.0,124.86,119.0,null,null,null,null,null,null
BSCRO1209-25_r_1.3_s_100_BSCRO1209-25,BSCRO1209-25,r_1.3_s_100_merge,>BSCRO1209-25_r_1.3_s_100_BSCRO1209-25_merge,1136003,QGZ08860.1,genus:Neelus,,666,null,1530,25.0,86.0,57.63,56.5,null,null,null,null,null,null
BSCRO1227-25_r_1.5_s_50_BSCRO1227-25,BSCRO1227-25,r_1.5_s_50_merge,>BSCRO1227-25_r_1.5_s_50_BSCRO1227-25_merge,2768102,YP_010265401.1,family:Paronellidae,,1267,null,1533,0.0,204.0,121.2,125.0,null,null,null,null,null,null
BSCRO1152-25_r_1.3_s_50_BSCRO1152-25,BSCRO1152-25,r_1.3_s_50_merge,>BSCRO1152-25_r_1.3_s_50_BSCRO1152-25_merge,187676,YP_009753939.1,genus:Oncopodura,,1141,null,1533,0.0,163.0,106.0,109.0,null,null,null,null,null,null
BSCRO1177-25_r_1_s_100_BSCRO1177-25,BSCRO1177-25,r_1_s_100_merge,>BSCRO1177-25_r_1_s_100_BSCRO1177-25_merge,3139678,UFX54039.1,subfamily:Onychiurinae,,1125,null,1533,0.0,166.0,121.0,125.0,null,null,null,null,null,null
BSCRO1166-25_r_1_s_50_BSCRO1166-25,BSCRO1166-25,r_1_s_50_merge,>BSCRO1166-25_r_1_s_50_BSCRO1166-25_merge,187676,YP_009753939.1,genus:Oncopodura,,1562,null,1533,0.0,195.0,144.64,146.0,null,null,null,null,null,null
BSCRO1146-25_r_1_s_100_BSCRO1146-25,BSCRO1146-25,r_1_s_100_merge,>BSCRO1146-25_r_1_s_100_BSCRO1146-25_merge,187676,YP_009753939.1,genus:Oncopodura,,791,null,1533,0.0,116.0,82.78,86.0,null,null,null,null,null,null
BSCRO1193-25_r_1.3_s_50_BSCRO1193-25,BSCRO1193-25,r_1.3_s_50_merge,>BSCRO1193-25_r_1.3_s_50_BSCRO1193-25_merge,370027,QFX74494.1,genus:Isotomurus,,985,null,1533,60.0,137.0,95.5,95.0,null,null,null,null,null,null
BSCRO1143-25_r_1.3_s_50_BSCRO1143-25,BSCRO1143-25,r_1.3_s_50_merge,>BSCRO1143-25_r_1.3_s_50_BSCRO1143-25_merge,2768102,YP_010265401.1,family:Paronellidae,,1159,null,1533,0.0,160.0,112.74,112.0,null,null,null,null,null,null
BSCRO1171-25_r_1.3_s_50_BSCRO1171-25,BSCRO1171-25,r_1.3_s_50_merge,>BSCRO1171-25_r_1.3_s_50_BSCRO1171-25_merge,3139678,UFX54039.1,subfamily:Onychiurinae,,782,null,1533,0.0,101.0,74.07,73.0,null,null,null,null,null,null
BSCRO1175-25_r_1.3_s_100_BSCRO1175-25,BSCRO1175-25,r_1.3_s_100_merge,>BSCRO1175-25_r_1.3_s_100_BSCRO1175-25_merge,187632,UFX54039.1,subfamily:Onychiurinae,,909,null,1533,57.0,130.0,100.21,102.0,null,null,null,null,null,null
BSCRO1177-25_r_1.3_s_100_BSCRO1177-25,BSCRO1177-25,r_1.3_s_100_merge,>BSCRO1177-25_r_1.3_s_100_BSCRO1177-25_merge,3139678,UFX54039.1,subfamily:Onychiurinae,,1115,null,1533,0.0,166.0,120.01,125.0,null,null,null,null,null,null
BSCRO1172-25_r_1.5_s_100_BSCRO1172-25,BSCRO1172-25,r_1.5_s_100_merge,>BSCRO1172-25_r_1.5_s_100_BSCRO1172-25_merge,3139678,UFX54039.1,subfamily:Onychiurinae,,1176,null,1533,0.0,164.0,119.33,132.0,null,null,null,null,null,null
BSCRO1151-25_r_1.3_s_50_BSCRO1151-25,BSCRO1151-25,r_1.3_s_50_merge,>BSCRO1151-25_r_1.3_s_50_BSCRO1151-25_merge,187676,YP_009753939.1,genus:Oncopodura,,1225,null,1533,0.0,174.0,122.86,127.0,null,null,null,null,null,null
BSCRO1149-25_r_1.3_s_50_BSCRO1149-25,BSCRO1149-25,r_1.3_s_50_merge,>BSCRO1149-25_r_1.3_s_50_BSCRO1149-25_merge,187676,YP_009753939.1,genus:Oncopodura,,609,null,1533,0.0,84.0,61.93,63.0,null,null,null,null,null,null
BSCRO1217-25_r_1.5_s_100_BSCRO1217-25,BSCRO1217-25,r_1.5_s_100_merge,>BSCRO1217-25_r_1.5_s_100_BSCRO1217-25_merge,187632,UFX54039.1,subfamily:Onychiurinae,,754,null,1533,0.0,108.0,73.13,77.0,null,null,null,null,null,null
BSCRO1202-25_r_1.5_s_100_BSCRO1202-25,BSCRO1202-25,r_1.5_s_100_merge,>BSCRO1202-25_r_1.5_s_100_BSCRO1202-25_merge,1136003,QGZ08860.1,genus:Neelus,,166,null,1530,0.0,32.0,12.23,11.0,null,null,null,null,null,null
BSCRO1185-25_r_1.3_s_50_BSCRO1185-25,BSCRO1185-25,r_1.3_s_50_merge,>BSCRO1185-25_r_1.3_s_50_BSCRO1185-25_merge,2926737,QIT06492.1,family:Sminthuridae,,372,null,1563,0.0,124.0,37.62,37.0,null,null,null,null,null,null
BSCRO1232-25_r_1_s_100_BSCRO1232-25,BSCRO1232-25,r_1_s_100_merge,>BSCRO1232-25_r_1_s_100_BSCRO1232-25_merge,2768102,YP_010265401.1,family:Paronellidae,,1096,null,1533,0.0,153.0,117.56,117.0,null,null,null,null,null,null
BSCRO1223-25_r_1_s_100_BSCRO1223-25,BSCRO1223-25,r_1_s_100_merge,>BSCRO1223-25_r_1_s_100_BSCRO1223-25_merge,1765952,XCD10116.1,subfamily:Heteromurinae,,850,null,1536,0.0,126.0,85.46,84.0,null,null,null,null,null,null
BSCRO1155-25_r_1.3_s_50_BSCRO1155-25,BSCRO1155-25,r_1.3_s_50_merge,>BSCRO1155-25_r_1.3_s_50_BSCRO1155-25_merge,2768102,YP_010265401.1,family:Paronellidae,,1954,null,1533,0.0,286.0,205.85,206.0,null,null,null,null,null,null
BSCRO1196-25_r_1.3_s_50_BSCRO1196-25,BSCRO1196-25,r_1.3_s_50_merge,>BSCRO1196-25_r_1.3_s_50_BSCRO1196-25_merge,187632,UFX54039.1,subfamily:Onychiurinae,,1276,null,1533,3.0,288.0,109.46,89.0,null,null,null,null,null,null
BSCRO1195-25_r_1.5_s_100_BSCRO1195-25,BSCRO1195-25,r_1.5_s_100_merge,>BSCRO1195-25_r_1.5_s_100_BSCRO1195-25_merge,187632,UFX54039.1,subfamily:Onychiurinae,,2188,null,1533,0.0,262.0,211.44,216.0,null,null,null,null,null,null
BSCRO1167-25_r_1.3_s_50_BSCRO1167-25,BSCRO1167-25,r_1.3_s_50_merge,>BSCRO1167-25_r_1.3_s_50_BSCRO1167-25_merge,3139678,UFX54039.1,subfamily:Onychiurinae,,2182,null,1533,0.0,233.0,186.1,191.0,null,null,null,null,null,null
BSCRO1198-25_r_1.5_s_50_BSCRO1198-25,BSCRO1198-25,r_1.5_s_50_merge,>BSCRO1198-25_r_1.5_s_50_BSCRO1198-25_merge,2768102,YP_010265401.1,family:Paronellidae,,1040,null,1533,0.0,146.0,104.98,114.0,null,null,null,null,null,null
BSCRO1163-25_r_1_s_50_BSCRO1163-25,BSCRO1163-25,r_1_s_50_merge,>BSCRO1163-25_r_1_s_50_BSCRO1163-25_merge,187676,YP_009753939.1,genus:Oncopodura,,1615,null,1533,0.0,197.0,136.82,137.0,null,null,null,null,null,null
BSCRO1189-25_r_1_s_50_BSCRO1189-25,BSCRO1189-25,r_1_s_50_merge,>BSCRO1189-25_r_1_s_50_BSCRO1189-25_merge,2926737,QIT06492.1,family:Sminthuridae,,657,null,1563,0.0,95.0,51.86,54.0,null,null,null,null,null,null
BSCRO1225-25_r_1.5_s_50_BSCRO1225-25,BSCRO1225-25,r_1.5_s_50_merge,>BSCRO1225-25_r_1.5_s_50_BSCRO1225-25_merge,2768102,YP_010265401.1,family:Paronellidae,,2261,null,1533,0.0,319.0,221.43,238.0,null,null,null,null,null,null
BSCRO1181-25_r_1.5_s_100_BSCRO1181-25,BSCRO1181-25,r_1.5_s_100_merge,>BSCRO1181-25_r_1.5_s_100_BSCRO1181-25_merge,3139678,UFX54039.1,subfamily:Onychiurinae,,517,null,1533,0.0,83.0,52.75,55.0,null,null,null,null,null,null
BSCRO1144-25_r_1.3_s_50_BSCRO1144-25,BSCRO1144-25,r_1.3_s_50_merge,>BSCRO1144-25_r_1.3_s_50_BSCRO1144-25_merge,2768102,YP_010265401.1,family:Paronellidae,,580,null,1533,0.0,78.0,51.73,53.0,null,null,null,null,null,null
BSCRO1189-25_r_1_s_100_BSCRO1189-25,BSCRO1189-25,r_1_s_100_merge,>BSCRO1189-25_r_1_s_100_BSCRO1189-25_merge,2926737,QIT06492.1,family:Sminthuridae,,467,null,1563,0.0,87.0,46.36,47.0,null,null,null,null,null,null
BSCRO1144-25_r_1_s_50_BSCRO1144-25,BSCRO1144-25,r_1_s_50_merge,>BSCRO1144-25_r_1_s_50_BSCRO1144-25_merge,2768102,YP_010265401.1,family:Paronellidae,,677,null,1533,0.0,83.0,55.89,57.0,null,null,null,null,null,null
BSCRO1188-25_r_1_s_50_BSCRO1188-25,BSCRO1188-25,r_1_s_50_merge,>BSCRO1188-25_r_1_s_50_BSCRO1188-25_merge,187676,YP_009753939.1,genus:Oncopodura,,2763,null,1533,0.0,384.0,304.61,318.0,null,null,null,null,null,null
BSCRO1174-25_r_1_s_50_BSCRO1174-25,BSCRO1174-25,r_1_s_50_merge,>BSCRO1174-25_r_1_s_50_BSCRO1174-25_merge,187632,UFX54039.1,subfamily:Onychiurinae,,1284,null,1533,68.0,212.0,122.65,119.0,null,null,null,null,null,null
BSCRO1174-25_r_1.5_s_50_BSCRO1174-25,BSCRO1174-25,r_1.5_s_50_merge,>BSCRO1174-25_r_1.5_s_50_BSCRO1174-25_merge,187632,UFX54039.1,subfamily:Onychiurinae,,943,null,1533,15.0,147.0,101.43,104.0,null,null,null,null,null,null
BSCRO1226-25_r_1.5_s_100_BSCRO1226-25,BSCRO1226-25,r_1.5_s_100_merge,>BSCRO1226-25_r_1.5_s_100_BSCRO1226-25_merge,2768102,YP_010265401.1,family:Paronellidae,,1732,null,1533,0.0,274.0,184.75,195.0,null,null,null,null,null,null
BSCRO1161-25_r_1.3_s_100_BSCRO1161-25,BSCRO1161-25,r_1.3_s_100_merge,>BSCRO1161-25_r_1.3_s_100_BSCRO1161-25_merge,187676,YP_009753939.1,genus:Oncopodura,,222,null,1533,0.0,44.0,20.76,21.0,null,null,null,null,null,null
BSCRO1154-25_r_1_s_50_BSCRO1154-25,BSCRO1154-25,r_1_s_50_merge,>BSCRO1154-25_r_1_s_50_BSCRO1154-25_merge,2768102,YP_010265401.1,family:Paronellidae,,1075,null,1533,0.0,142.0,99.7,98.0,null,null,null,null,null,null
BSCRO1161-25_r_1.5_s_50_BSCRO1161-25,BSCRO1161-25,r_1.5_s_50_merge,>BSCRO1161-25_r_1.5_s_50_BSCRO1161-25_merge,187676,YP_009753939.1,genus:Oncopodura,,245,null,1533,0.0,42.0,19.77,19.0,null,null,null,null,null,null
BSCRO1232-25_r_1_s_50_BSCRO1232-25,BSCRO1232-25,r_1_s_50_merge,>BSCRO1232-25_r_1_s_50_BSCRO1232-25_merge,2768102,YP_010265401.1,family:Paronellidae,,1377,null,1533,0.0,182.0,125.7,126.0,null,null,null,null,null,null
BSCRO1155-25_r_1.5_s_50_BSCRO1155-25,BSCRO1155-25,r_1.5_s_50_merge,>BSCRO1155-25_r_1.5_s_50_BSCRO1155-25_merge,2768102,YP_010265401.1,family:Paronellidae,,1763,null,1533,0.0,286.0,190.33,201.0,null,null,null,null,null,null
BSCRO1225-25_r_1_s_50_BSCRO1225-25,BSCRO1225-25,r_1_s_50_merge,>BSCRO1225-25_r_1_s_50_BSCRO1225-25_merge,2768102,YP_010265401.1,family:Paronellidae,,2737,null,1533,0.0,339.0,250.01,256.0,null,null,null,null,null,null
BSCRO1177-25_r_1.5_s_100_BSCRO1177-25,BSCRO1177-25,r_1.5_s_100_merge,>BSCRO1177-25_r_1.5_s_100_BSCRO1177-25_merge,3139678,UFX54039.1,subfamily:Onychiurinae,,1030,null,1533,0.0,162.0,111.83,119.0,null,null,null,null,null,null
BSCRO1207-25_r_1.5_s_50_BSCRO1207-25,BSCRO1207-25,r_1.5_s_50_merge,>BSCRO1207-25_r_1.5_s_50_BSCRO1207-25_merge,1136003,QGZ08860.1,genus:Neelus,,372,null,1530,0.0,57.0,25.1,23.5,null,null,null,null,null,null
BSCRO1233-25_r_1.3_s_50_BSCRO1233-25,BSCRO1233-25,r_1.3_s_50_merge,>BSCRO1233-25_r_1.3_s_50_BSCRO1233-25_merge,2768102,YP_010265401.1,family:Paronellidae,,1731,null,1533,0.0,229.0,174.46,171.0,null,null,null,null,null,null
BSCRO1175-25_r_1.5_s_100_BSCRO1175-25,BSCRO1175-25,r_1.5_s_100_merge,>BSCRO1175-25_r_1.5_s_100_BSCRO1175-25_merge,187632,UFX54039.1,subfamily:Onychiurinae,,835,null,1533,15.0,125.0,93.65,99.0,null,null,null,null,null,null
BSCRO1199-25_r_1_s_50_BSCRO1199-25,BSCRO1199-25,r_1_s_50_merge,>BSCRO1199-25_r_1_s_50_BSCRO1199-25_merge,1765952,XCD10116.1,subfamily:Heteromurinae,,1660,null,1536,0.0,184.0,136.59,136.0,null,null,null,null,null,null
BSCRO1235-25_r_1_s_50_BSCRO1235-25,BSCRO1235-25,r_1_s_50_merge,>BSCRO1235-25_r_1_s_50_BSCRO1235-25_merge,2768102,YP_010265401.1,family:Paronellidae,,1519,null,1533,1.0,190.0,120.48,121.0,null,null,null,null,null,null
BSCRO1218-25_r_1_s_50_BSCRO1218-25,BSCRO1218-25,r_1_s_50_merge,>BSCRO1218-25_r_1_s_50_BSCRO1218-25_merge,187632,UFX54039.1,subfamily:Onychiurinae,,1361,null,1533,0.0,164.0,116.13,116.0,null,null,null,null,null,null
BSCRO1230-25_r_1.3_s_50_BSCRO1230-25,BSCRO1230-25,r_1.3_s_50_merge,>BSCRO1230-25_r_1.3_s_50_BSCRO1230-25_merge,1765952,XCD10116.1,subfamily:Heteromurinae,,1281,null,1536,0.0,150.0,118.25,119.0,null,null,null,null,null,null
BSCRO1176-25_r_1.3_s_100_BSCRO1176-25,BSCRO1176-25,r_1.3_s_100_merge,>BSCRO1176-25_r_1.3_s_100_BSCRO1176-25_merge,187632,UFX54039.1,subfamily:Onychiurinae,,594,null,1533,33.0,95.0,62.88,63.0,null,null,null,null,null,null
BSCRO1204-25_r_1.5_s_50_BSCRO1204-25,BSCRO1204-25,r_1.5_s_50_merge,>BSCRO1204-25_r_1.5_s_50_BSCRO1204-25_merge,2768102,YP_010265401.1,family:Paronellidae,,954,null,1533,0.0,142.0,82.99,81.0,null,null,null,null,null,null
BSCRO1208-25_r_1_s_100_BSCRO1208-25,BSCRO1208-25,r_1_s_100_merge,>BSCRO1208-25_r_1_s_100_BSCRO1208-25_merge,1136003,QGZ08860.1,genus:Neelus,,576,null,1530,21.0,97.0,50.6,47.0,null,null,null,null,null,null
BSCRO1209-25_r_1.5_s_50_BSCRO1209-25,BSCRO1209-25,r_1.5_s_50_merge,>BSCRO1209-25_r_1.5_s_50_BSCRO1209-25_merge,1136003,QGZ08860.1,genus:Neelus,,650,null,1530,4.0,82.0,53.15,53.0,null,null,null,null,null,null
BSCRO1217-25_r_1.3_s_100_BSCRO1217-25,BSCRO1217-25,r_1.3_s_100_merge,>BSCRO1217-25_r_1.3_s_100_BSCRO1217-25_merge,187632,UFX54039.1,subfamily:Onychiurinae,,803,null,1533,0.0,108.0,76.91,79.0,null,null,null,null,null,null
BSCRO1194-25_r_1.3_s_100_BSCRO1194-25,BSCRO1194-25,r_1.3_s_100_merge,>BSCRO1194-25_r_1.3_s_100_BSCRO1194-25_merge,370027,QFX74494.1,genus:Isotomurus,,614,null,1533,36.0,92.0,65.26,66.0,null,null,null,null,null,null
BSCRO1181-25_r_1.3_s_50_BSCRO1181-25,BSCRO1181-25,r_1.3_s_50_merge,>BSCRO1181-25_r_1.3_s_50_BSCRO1181-25_merge,3139678,UFX54039.1,subfamily:Onychiurinae,,603,null,1533,0.0,85.0,58.14,57.0,null,null,null,null,null,null
BSCRO1196-25_r_1.3_s_100_BSCRO1196-25,BSCRO1196-25,r_1.3_s_100_merge,>BSCRO1196-25_r_1.3_s_100_BSCRO1196-25_merge,187632,UFX54039.1,subfamily:Onychiurinae,,1078,null,1533,0.0,287.0,103.49,85.0,null,null,null,null,null,null
BSCRO1158-25_r_1_s_50_BSCRO1158-25,BSCRO1158-25,r_1_s_50_merge,>BSCRO1158-25_r_1_s_50_BSCRO1158-25_merge,187676,YP_009753939.1,genus:Oncopodura,,1954,null,1533,0.0,303.0,208.66,203.0,null,null,null,null,null,null
BSCRO1233-25_r_1_s_50_BSCRO1233-25,BSCRO1233-25,r_1_s_50_merge,>BSCRO1233-25_r_1_s_50_BSCRO1233-25_merge,2768102,YP_010265401.1,family:Paronellidae,,1851,null,1533,0.0,239.0,178.58,175.0,null,null,null,null,null,null
BSCRO1235-25_r_1.5_s_50_BSCRO1235-25,BSCRO1235-25,r_1.5_s_50_merge,>BSCRO1235-25_r_1.5_s_50_BSCRO1235-25_merge,2768102,YP_010265401.1,family:Paronellidae,,1209,null,1533,0.0,176.0,102.48,104.0,null,null,null,null,null,null
BSCRO1156-25_r_1.3_s_50_BSCRO1156-25,BSCRO1156-25,r_1.3_s_50_merge,>BSCRO1156-25_r_1.3_s_50_BSCRO1156-25_merge,187676,YP_009753939.1,genus:Oncopodura,,680,null,1533,0.0,109.0,71.11,73.0,null,null,null,null,null,null
BSCRO1190-25_r_1.5_s_50_BSCRO1190-25,BSCRO1190-25,r_1.5_s_50_merge,>BSCRO1190-25_r_1.5_s_50_BSCRO1190-25_merge,2926737,QIT06492.1,family:Sminthuridae,,137,null,1563,0.0,44.0,10.42,9.0,null,null,null,null,null,null
BSCRO1149-25_r_1.5_s_50_BSCRO1149-25,BSCRO1149-25,r_1.5_s_50_merge,>BSCRO1149-25_r_1.5_s_50_BSCRO1149-25_merge,187676,YP_009753939.1,genus:Oncopodura,,497,null,1533,0.0,76.0,52.71,58.0,null,null,null,null,null,null
BSCRO1152-25_r_1.3_s_100_BSCRO1152-25,BSCRO1152-25,r_1.3_s_100_merge,>BSCRO1152-25_r_1.3_s_100_BSCRO1152-25_merge,187676,YP_009753939.1,genus:Oncopodura,,982,null,1533,0.0,144.0,101.43,108.0,null,null,null,null,null,null
BSCRO1192-25_r_1.3_s_50_BSCRO1192-25,BSCRO1192-25,r_1.3_s_50_merge,>BSCRO1192-25_r_1.3_s_50_BSCRO1192-25_merge,370027,QFX74494.1,genus:Isotomurus,,870,null,1533,61.0,112.0,87.77,88.0,null,null,null,null,null,null
BSCRO1190-25_r_1.3_s_100_BSCRO1190-25,BSCRO1190-25,r_1.3_s_100_merge,>BSCRO1190-25_r_1.3_s_100_BSCRO1190-25_merge,2926737,QIT06492.1,family:Sminthuridae,,283,null,1563,0.0,70.0,29.17,30.0,null,null,null,null,null,null
BSCRO1179-25_r_1.5_s_100_BSCRO1179-25,BSCRO1179-25,r_1.5_s_100_merge,>BSCRO1179-25_r_1.5_s_100_BSCRO1179-25_merge,3139678,UFX54039.1,subfamily:Onychiurinae,,1099,null,1533,0.0,153.0,119.05,130.0,null,null,null,null,null,null
BSCRO1153-25_r_1.5_s_100_BSCRO1153-25,BSCRO1153-25,r_1.5_s_100_merge,>BSCRO1153-25_r_1.5_s_100_BSCRO1153-25_merge,187676,YP_009753939.1,genus:Oncopodura,,887,null,1533,0.0,164.0,99.5,112.0,null,null,null,null,null,null
BSCRO1192-25_r_1_s_100_BSCRO1192-25_fcleaner_merge,BSCRO1192-25,r_1_s_100_fcleaner_merge,>BSCRO1192-25_r_1_s_100_BSCRO1192-25_fcleaner_merge,370027,QFX74494.1,genus:Isotomurus,null,805,null,null,59.0,110.0,84.84,85.0,0,14,18,0,0,100.0
BSCRO1188-25_r_1.3_s_100_BSCRO1188-25_fcleaner_merge,BSCRO1188-25,r_1.3_s_100_fcleaner_merge,>BSCRO1188-25_r_1.3_s_100_BSCRO1188-25_fcleaner_merge,187676,YP_009753939.1,genus:Oncopodura,null,2255,null,null,0.0,355.0,271.97,302.0,0,3,27,0,0,99.02
BSCRO1149-25_r_1.3_s_100_BSCRO1149-25_fcleaner_merge,BSCRO1149-25,r_1.3_s_100_fcleaner_merge,>BSCRO1149-25_r_1.3_s_100_BSCRO1149-25_fcleaner_merge,187676,YP_009753939.1,genus:Oncopodura,null,486,null,null,0.0,79.0,55.95,59.0,0,28,8,0,0,99.41
BSCRO1224-25_r_1_s_100_BSCRO1224-25_fcleaner_merge,BSCRO1224-25,r_1_s_100_fcleaner_merge,>BSCRO1224-25_r_1_s_100_BSCRO1224-25_fcleaner_merge,1765952,XCD10116.1,subfamily:Heteromurinae,null,773,null,null,0.0,117.0,80.37,85.0,0,85,11,0,0,99.61
BSCRO1151-25_r_1_s_50_BSCRO1151-25_fcleaner_merge,BSCRO1151-25,r_1_s_50_fcleaner_merge,>BSCRO1151-25_r_1_s_50_BSCRO1151-25_fcleaner_merge,187676,YP_009753939.1,genus:Oncopodura,null,1370,null,null,20.0,177.0,131.54,132.0,0,172,35,0,0,100.0
BSCRO1191-25_r_1.5_s_50_BSCRO1191-25_fcleaner_merge,BSCRO1191-25,r_1.5_s_50_fcleaner_merge,>BSCRO1191-25_r_1.5_s_50_BSCRO1191-25_fcleaner_merge,2926737,QIT06492.1,family:Sminthuridae,null,133,null,null,0.0,48.0,8.91,4.0,0,26,6,0,0,64.88
BSCRO1141-25_r_1.3_s_50_BSCRO1141-25_fcleaner_merge,BSCRO1141-25,r_1.3_s_50_fcleaner_merge,>BSCRO1141-25_r_1.3_s_50_BSCRO1141-25_fcleaner_merge,187676,YP_009753939.1,genus:Oncopodura,null,141,null,null,0.0,15.0,8.09,8.0,0,54,5,0,0,97.26
BSCRO1163-25_r_1.3_s_100_BSCRO1163-25_fcleaner_merge,BSCRO1163-25,r_1.3_s_100_fcleaner_merge,>BSCRO1163-25_r_1.3_s_100_BSCRO1163-25_fcleaner_merge,187676,YP_009753939.1,genus:Oncopodura,null,1173,null,null,0.0,183.0,115.18,116.0,0,16,22,0,0,99.02
BSCRO1195-25_r_1.5_s_50_BSCRO1195-25_fcleaner_merge,BSCRO1195-25,r_1.5_s_50_fcleaner_merge,>BSCRO1195-25_r_1.5_s_50_BSCRO1195-25_fcleaner_merge,187632,UFX54039.1,subfamily:Onychiurinae,null,2044,null,null,0.0,255.0,195.15,203.0,0,150,128,0,0,99.8
BSCRO1220-25_r_1_s_50_BSCRO1220-25_fcleaner_merge,BSCRO1220-25,r_1_s_50_fcleaner_merge,>BSCRO1220-25_r_1_s_50_BSCRO1220-25_fcleaner_merge,2768102,YP_010265401.1,family:Paronellidae,null,786,null,null,0.0,101.0,73.04,77.0,0,184,18,0,0,99.8
BSCRO1207-25_r_1_s_50_BSCRO1207-25_fcleaner_merge,BSCRO1207-25,r_1_s_50_fcleaner_merge,>BSCRO1207-25_r_1_s_50_BSCRO1207-25_fcleaner_merge,1136003,QGZ08860.1,genus:Neelus,null,699,null,null,13.0,100.0,56.43,58.0,0,131,54,0,0,100.0
BSCRO1175-25_r_1.5_s_50_BSCRO1175-25_fcleaner_merge,BSCRO1175-25,r_1.5_s_50_fcleaner_merge,>BSCRO1175-25_r_1.5_s_50_BSCRO1175-25_fcleaner_merge,187632,UFX54039.1,subfamily:Onychiurinae,null,797,null,null,13.0,125.0,90.47,96.0,0,60,60,0,0,100.0
BSCRO1141-25_r_1_s_50_BSCRO1141-25_fcleaner_merge,BSCRO1141-25,r_1_s_50_fcleaner_merge,>BSCRO1141-25_r_1_s_50_BSCRO1141-25_fcleaner_merge,187676,YP_009753939.1,genus:Oncopodura,null,151,null,null,0.0,22.0,8.49,9.0,0,168,8,0,0,97.46
BSCRO1202-25_r_1_s_50_BSCRO1202-25_fcleaner_merge,BSCRO1202-25,r_1_s_50_fcleaner_merge,>BSCRO1202-25_r_1_s_50_BSCRO1202-25_fcleaner_merge,1136003,QGZ08860.1,genus:Neelus,null,243,null,null,0.0,44.0,18.82,18.0,0,139,30,0,0,99.8
BSCRO1176-25_r_1.5_s_50_BSCRO1176-25_fcleaner_merge,BSCRO1176-25,r_1.5_s_50_fcleaner_merge,>BSCRO1176-25_r_1.5_s_50_BSCRO1176-25_fcleaner_merge,187632,UFX54039.1,subfamily:Onychiurinae,null,531,null,null,10.0,95.0,57.17,58.0,0,24,52,0,0,100.0
BSCRO1147-25_r_1.5_s_50_BSCRO1147-25_fcleaner_merge,BSCRO1147-25,r_1.5_s_50_fcleaner_merge,>BSCRO1147-25_r_1.5_s_50_BSCRO1147-25_fcleaner_merge,187676,YP_009753939.1,genus:Oncopodura,null,482,null,null,0.0,85.0,50.55,52.0,0,24,12,0,0,97.26
BSCRO1150-25_r_1.5_s_100_BSCRO1150-25_fcleaner_merge,BSCRO1150-25,r_1.5_s_100_fcleaner_merge,>BSCRO1150-25_r_1.5_s_100_BSCRO1150-25_fcleaner_merge,187676,YP_009753939.1,genus:Oncopodura,null,610,null,null,0.0,108.0,73.87,78.0,0,1,7,0,0,94.13
BSCRO1145-25_r_1_s_100_BSCRO1145-25_fcleaner_merge,BSCRO1145-25,r_1_s_100_fcleaner_merge,>BSCRO1145-25_r_1_s_100_BSCRO1145-25_fcleaner_merge,2768102,YP_010265401.1,family:Paronellidae,null,473,null,null,0.0,72.0,52.49,52.0,0,48,6,0,0,99.8
BSCRO1158-25_r_1.5_s_50_BSCRO1158-25_fcleaner_merge,BSCRO1158-25,r_1.5_s_50_fcleaner_merge,>BSCRO1158-25_r_1.5_s_50_BSCRO1158-25_fcleaner_merge,187676,YP_009753939.1,genus:Oncopodura,null,1454,null,null,0.0,280.0,169.83,181.0,0,31,37,0,0,95.69
BSCRO1147-25_r_1_s_100_BSCRO1147-25_fcleaner_merge,BSCRO1147-25,r_1_s_100_fcleaner_merge,>BSCRO1147-25_r_1_s_100_BSCRO1147-25_fcleaner_merge,187676,YP_009753939.1,genus:Oncopodura,null,535,null,null,0.0,92.0,58.91,58.0,0,19,15,0,0,99.41
BSCRO1164-25_r_1.3_s_50_BSCRO1164-25_fcleaner_merge,BSCRO1164-25,r_1.3_s_50_fcleaner_merge,>BSCRO1164-25_r_1.3_s_50_BSCRO1164-25_fcleaner_merge,187676,YP_009753939.1,genus:Oncopodura,null,416,null,null,0.0,58.0,37.75,38.0,0,10,10,0,0,99.02
BSCRO1193-25_r_1.3_s_50_BSCRO1193-25_fcleaner_merge,BSCRO1193-25,r_1.3_s_50_fcleaner_merge,>BSCRO1193-25_r_1.3_s_50_BSCRO1193-25_fcleaner_merge,370027,QFX74494.1,genus:Isotomurus,null,957,null,null,58.0,134.0,93.35,92.0,0,12,16,0,0,100.0
BSCRO1220-25_r_1.3_s_100_BSCRO1220-25_fcleaner_merge,BSCRO1220-25,r_1.3_s_100_fcleaner_merge,>BSCRO1220-25_r_1.3_s_100_BSCRO1220-25_fcleaner_merge,2768102,YP_010265401.1,family:Paronellidae,null,692,null,null,0.0,92.0,69.85,74.0,0,64,11,0,0,99.8
BSCRO1213-25_r_1.3_s_100_BSCRO1213-25_fcleaner_merge,BSCRO1213-25,r_1.3_s_100_fcleaner_merge,>BSCRO1213-25_r_1.3_s_100_BSCRO1213-25_fcleaner_merge,2772100,AJK28732.1,genus:Pseudosinella,null,1219,null,null,0.0,213.0,127.64,133.0,0,96,33,0,0,98.63
BSCRO1166-25_r_1.3_s_100_BSCRO1166-25_fcleaner_merge,BSCRO1166-25,r_1.3_s_100_fcleaner_merge,>BSCRO1166-25_r_1.3_s_100_BSCRO1166-25_fcleaner_merge,187676,YP_009753939.1,genus:Oncopodura,null,1189,null,null,0.0,176.0,124.08,137.0,0,14,29,0,1,99.41
BSCRO1219-25_r_1_s_100_BSCRO1219-25_fcleaner_merge,BSCRO1219-25,r_1_s_100_fcleaner_merge,>BSCRO1219-25_r_1_s_100_BSCRO1219-25_fcleaner_merge,187676,YP_009753939.1,genus:Oncopodura,null,730,null,null,0.0,108.0,68.64,68.0,0,27,11,0,0,99.41
BSCRO1197-25_r_1_s_50_BSCRO1197-25_fcleaner_merge,BSCRO1197-25,r_1_s_50_fcleaner_merge,>BSCRO1197-25_r_1_s_50_BSCRO1197-25_fcleaner_merge,2768102,YP_010265401.1,family:Paronellidae,null,1005,null,null,0.0,146.0,103.08,105.0,0,197,44,0,0,99.8
BSCRO1193-25_r_1.3_s_100_BSCRO1193-25_fcleaner_merge,BSCRO1193-25,r_1.3_s_100_fcleaner_merge,>BSCRO1193-25_r_1.3_s_100_BSCRO1193-25_fcleaner_merge,370027,QFX74494.1,genus:Isotomurus,null,915,null,null,58.0,134.0,92.1,91.0,0,6,14,0,0,100.0
BSCRO1171-25_r_1_s_50_BSCRO1171-25_fcleaner_merge,BSCRO1171-25,r_1_s_50_fcleaner_merge,>BSCRO1171-25_r_1_s_50_BSCRO1171-25_fcleaner_merge,3139678,UFX54039.1,subfamily:Onychiurinae,null,894,null,null,0.0,195.0,76.95,73.0,0,79,42,0,0,99.8
BSCRO1199-25_r_1.5_s_100_BSCRO1199-25_fcleaner_merge,BSCRO1199-25,r_1.5_s_100_fcleaner_merge,>BSCRO1199-25_r_1.5_s_100_BSCRO1199-25_fcleaner_merge,1765952,XCD10116.1,subfamily:Heteromurinae,null,1182,null,null,0.0,148.0,113.46,113.0,0,49,50,0,0,99.61
BSCRO1168-25_r_1.3_s_100_BSCRO1168-25_fcleaner_merge,BSCRO1168-25,r_1.3_s_100_fcleaner_merge,>BSCRO1168-25_r_1.3_s_100_BSCRO1168-25_fcleaner_merge,3139678,UFX54039.1,subfamily:Onychiurinae,null,1263,null,null,0.0,178.0,117.22,120.0,0,100,50,0,0,99.61
BSCRO1150-25_r_1_s_50_BSCRO1150-25_fcleaner_merge,BSCRO1150-25,r_1_s_50_fcleaner_merge,>BSCRO1150-25_r_1_s_50_BSCRO1150-25_fcleaner_merge,187676,YP_009753939.1,genus:Oncopodura,null,904,null,null,4.0,122.0,93.8,94.0,0,84,22,0,0,100.0
BSCRO1234-25_r_1.5_s_100_BSCRO1234-25_fcleaner_merge,BSCRO1234-25,r_1.5_s_100_fcleaner_merge,>BSCRO1234-25_r_1.5_s_100_BSCRO1234-25_fcleaner_merge,2768102,YP_010265401.1,family:Paronellidae,null,732,null,null,0.0,105.0,80.81,85.0,0,48,10,0,0,99.8
BSCRO1232-25_r_1.5_s_100_BSCRO1232-25_fcleaner_merge,BSCRO1232-25,r_1.5_s_100_fcleaner_merge,>BSCRO1232-25_r_1.5_s_100_BSCRO1232-25_fcleaner_merge,2768102,YP_010265401.1,family:Paronellidae,null,897,null,null,0.0,152.0,100.2,110.0,0,62,14,0,0,99.8
BSCRO1194-25_r_1_s_50_BSCRO1194-25_fcleaner_merge,BSCRO1194-25,r_1_s_50_fcleaner_merge,>BSCRO1194-25_r_1_s_50_BSCRO1194-25_fcleaner_merge,370027,QFX74494.1,genus:Isotomurus,null,646,null,null,42.0,95.0,66.39,66.0,0,15,19,0,0,100.0
BSCRO1195-25_r_1_s_100_BSCRO1195-25_fcleaner_merge,BSCRO1195-25,r_1_s_100_fcleaner_merge,>BSCRO1195-25_r_1_s_100_BSCRO1195-25_fcleaner_merge,187632,UFX54039.1,subfamily:Onychiurinae,null,2052,null,null,0.0,256.0,198.41,205.0,0,102,125,0,0,99.8
BSCRO1174-25_r_1_s_100_BSCRO1174-25_fcleaner_merge,BSCRO1174-25,r_1_s_100_fcleaner_merge,>BSCRO1174-25_r_1_s_100_BSCRO1174-25_fcleaner_merge,187632,UFX54039.1,subfamily:Onychiurinae,null,856,null,null,56.0,138.0,100.07,98.0,0,84,51,0,0,100.0
BSCRO1193-25_r_1_s_50_BSCRO1193-25_fcleaner_merge,BSCRO1193-25,r_1_s_50_fcleaner_merge,>BSCRO1193-25_r_1_s_50_BSCRO1193-25_fcleaner_merge,370027,QFX74494.1,genus:Isotomurus,null,1023,null,null,60.0,140.0,98.03,98.0,0,23,29,0,0,100.0
BSCRO1171-25_r_1.3_s_50_BSCRO1171-25_fcleaner_merge,BSCRO1171-25,r_1.3_s_50_fcleaner_merge,>BSCRO1171-25_r_1.3_s_50_BSCRO1171-25_fcleaner_merge,3139678,UFX54039.1,subfamily:Onychiurinae,null,683,null,null,0.0,98.0,67.88,67.0,0,77,22,0,0,99.8
BSCRO1162-25_r_1.5_s_50_BSCRO1162-25_fcleaner_merge,BSCRO1162-25,r_1.5_s_50_fcleaner_merge,>BSCRO1162-25_r_1.5_s_50_BSCRO1162-25_fcleaner_merge,187676,YP_009753939.1,genus:Oncopodura,null,141,null,null,0.0,30.0,13.09,12.0,0,15,3,0,0,97.26
BSCRO1228-25_r_1.5_s_100_BSCRO1228-25_fcleaner_merge,BSCRO1228-25,r_1.5_s_100_fcleaner_merge,>BSCRO1228-25_r_1.5_s_100_BSCRO1228-25_fcleaner_merge,1765952,XCD10116.1,subfamily:Heteromurinae,null,1705,null,null,0.0,247.0,177.57,195.0,0,143,23,0,0,99.61
BSCRO1199-25_r_1_s_100_BSCRO1199-25_fcleaner_merge,BSCRO1199-25,r_1_s_100_fcleaner_merge,>BSCRO1199-25_r_1_s_100_BSCRO1199-25_fcleaner_merge,1765952,XCD10116.1,subfamily:Heteromurinae,null,1240,null,null,0.0,150.0,118.77,120.0,0,69,55,0,0,99.61
BSCRO1160-25_r_1_s_50_BSCRO1160-25_fcleaner_merge,BSCRO1160-25,r_1_s_50_fcleaner_merge,>BSCRO1160-25_r_1_s_50_BSCRO1160-25_fcleaner_merge,187676,YP_009753939.1,genus:Oncopodura,null,1246,null,null,0.0,165.0,123.97,124.0,0,53,28,0,0,99.02
BSCRO1166-25_r_1_s_50_BSCRO1166-25_fcleaner_merge,BSCRO1166-25,r_1_s_50_fcleaner_merge,>BSCRO1166-25_r_1_s_50_BSCRO1166-25_fcleaner_merge,187676,YP_009753939.1,genus:Oncopodura,null,1478,null,null,0.0,186.0,141.25,144.0,0,46,38,0,1,99.41
BSCRO1164-25_r_1.3_s_100_BSCRO1164-25_fcleaner_merge,BSCRO1164-25,r_1.3_s_100_fcleaner_merge,>BSCRO1164-25_r_1.3_s_100_BSCRO1164-25_fcleaner_merge,187676,YP_009753939.1,genus:Oncopodura,null,380,null,null,0.0,57.0,36.27,37.0,0,6,8,0,0,99.02
BSCRO1183-25_r_1_s_50_BSCRO1183-25_fcleaner_merge,BSCRO1183-25,r_1_s_50_fcleaner_merge,>BSCRO1183-25_r_1_s_50_BSCRO1183-25_fcleaner_merge,2926737,QIT06492.1,family:Sminthuridae,null,954,null,null,0.0,150.0,96.74,106.0,0,147,38,0,3,97.7
BSCRO1186-25_r_1_s_100_BSCRO1186-25_fcleaner_merge,BSCRO1186-25,r_1_s_100_fcleaner_merge,>BSCRO1186-25_r_1_s_100_BSCRO1186-25_fcleaner_merge,2926737,QIT06492.1,family:Sminthuridae,null,334,null,null,0.0,60.0,33.57,35.0,0,2,13,0,3,90.21
BSCRO1214-25_r_1.5_s_50_BSCRO1214-25_fcleaner_merge,BSCRO1214-25,r_1.5_s_50_fcleaner_merge,>BSCRO1214-25_r_1.5_s_50_BSCRO1214-25_fcleaner_merge,2772100,AJK28732.1,genus:Pseudosinella,null,1233,null,null,0.0,359.0,116.96,121.0,0,103,40,0,0,95.7
BSCRO1165-25_r_1_s_100_BSCRO1165-25_fcleaner_merge,BSCRO1165-25,r_1_s_100_fcleaner_merge,>BSCRO1165-25_r_1_s_100_BSCRO1165-25_fcleaner_merge,187676,YP_009753939.1,genus:Oncopodura,null,972,null,null,0.0,135.0,105.15,106.0,0,11,12,0,0,99.02
BSCRO1196-25_r_1.3_s_100_BSCRO1196-25_fcleaner_merge,BSCRO1196-25,r_1.3_s_100_fcleaner_merge,>BSCRO1196-25_r_1.3_s_100_BSCRO1196-25_fcleaner_merge,187632,UFX54039.1,subfamily:Onychiurinae,null,892,null,null,0.0,184.0,87.88,80.0,0,122,64,0,0,99.8
BSCRO1168-25_r_1.5_s_50_BSCRO1168-25_fcleaner_merge,BSCRO1168-25,r_1.5_s_50_fcleaner_merge,>BSCRO1168-25_r_1.5_s_50_BSCRO1168-25_fcleaner_merge,3139678,UFX54039.1,subfamily:Onychiurinae,null,1220,null,null,0.0,178.0,110.14,117.0,0,134,47,0,0,99.61
BSCRO1235-25_r_1.3_s_100_BSCRO1235-25_fcleaner_merge,BSCRO1235-25,r_1.3_s_100_fcleaner_merge,>BSCRO1235-25_r_1.3_s_100_BSCRO1235-25_fcleaner_merge,2768102,YP_010265401.1,family:Paronellidae,null,1058,null,null,0.0,141.0,98.9,105.0,0,111,25,0,0,99.8
BSCRO1226-25_r_1_s_50_BSCRO1226-25_fcleaner_merge,BSCRO1226-25,r_1_s_50_fcleaner_merge,>BSCRO1226-25_r_1_s_50_BSCRO1226-25_fcleaner_merge,2768102,YP_010265401.1,family:Paronellidae,null,1896,null,null,0.0,273.0,196.79,197.0,0,305,37,0,0,99.8
BSCRO1211-25_r_1.5_s_50_BSCRO1211-25_fcleaner_merge,BSCRO1211-25,r_1.5_s_50_fcleaner_merge,>BSCRO1211-25_r_1.5_s_50_BSCRO1211-25_fcleaner_merge,2768102,YP_010265401.1,family:Paronellidae,null,2242,null,null,0.0,329.0,230.61,253.0,0,283,26,0,0,99.8
BSCRO1151-25_r_1.5_s_100_BSCRO1151-25_fcleaner_merge,BSCRO1151-25,r_1.5_s_100_fcleaner_merge,>BSCRO1151-25_r_1.5_s_100_BSCRO1151-25_fcleaner_merge,187676,YP_009753939.1,genus:Oncopodura,null,893,null,null,0.0,153.0,101.71,114.0,0,10,12,0,0,94.13
BSCRO1180-25_r_1.5_s_50_BSCRO1180-25_fcleaner_merge,BSCRO1180-25,r_1.5_s_50_fcleaner_merge,>BSCRO1180-25_r_1.5_s_50_BSCRO1180-25_fcleaner_merge,3139678,UFX54039.1,subfamily:Onychiurinae,null,660,null,null,0.0,103.0,66.88,71.0,0,71,28,0,0,99.8
BSCRO1142-25_r_1_s_100_BSCRO1142-25_fcleaner_merge,BSCRO1142-25,r_1_s_100_fcleaner_merge,>BSCRO1142-25_r_1_s_100_BSCRO1142-25_fcleaner_merge,187676,YP_009753939.1,genus:Oncopodura,null,620,null,null,0.0,95.0,63.9,64.0,0,20,7,0,0,99.02
BSCRO1141-25_r_1.3_s_100_BSCRO1141-25_fcleaner_merge,BSCRO1141-25,r_1.3_s_100_fcleaner_merge,>BSCRO1141-25_r_1.3_s_100_BSCRO1141-25_fcleaner_merge,187676,YP_009753939.1,genus:Oncopodura,null,101,null,null,0.0,16.0,6.74,7.0,0,37,3,0,0,88.26
BSCRO1202-25_r_1.3_s_100_BSCRO1202-25_fcleaner_merge,BSCRO1202-25,r_1.3_s_100_fcleaner_merge,>BSCRO1202-25_r_1.3_s_100_BSCRO1202-25_fcleaner_merge,1136003,QGZ08860.1,genus:Neelus,null,168,null,null,2.0,25.0,12.28,11.0,0,11,9,0,0,100.0
BSCRO1188-25_r_1_s_50_BSCRO1188-25_fcleaner_merge,BSCRO1188-25,r_1_s_50_fcleaner_merge,>BSCRO1188-25_r_1_s_50_BSCRO1188-25_fcleaner_merge,187676,YP_009753939.1,genus:Oncopodura,null,2660,null,null,0.0,373.0,301.12,315.0,0,64,39,0,0,99.41
BSCRO1191-25_r_1_s_50_BSCRO1191-25_fcleaner_merge,BSCRO1191-25,r_1_s_50_fcleaner_merge,>BSCRO1191-25_r_1_s_50_BSCRO1191-25_fcleaner_merge,2926737,QIT06492.1,family:Sminthuridae,null,550,null,null,0.0,82.0,40.81,41.0,0,161,28,0,0,98.27
BSCRO1225-25_r_1.5_s_50_BSCRO1225-25_fcleaner_merge,BSCRO1225-25,r_1.5_s_50_fcleaner_merge,>BSCRO1225-25_r_1.5_s_50_BSCRO1225-25_fcleaner_merge,2768102,YP_010265401.1,family:Paronellidae,null,2023,null,null,0.0,293.0,210.41,231.0,0,200,38,0,0,99.8
BSCRO1197-25_r_1.3_s_50_BSCRO1197-25_fcleaner_merge,BSCRO1197-25,r_1.3_s_50_fcleaner_merge,>BSCRO1197-25_r_1.3_s_50_BSCRO1197-25_fcleaner_merge,2768102,YP_010265401.1,family:Paronellidae,null,960,null,null,0.0,142.0,101.21,103.0,0,130,39,0,0,99.8
BSCRO1196-25_r_1.3_s_50_BSCRO1196-25_fcleaner_merge,BSCRO1196-25,r_1.3_s_50_fcleaner_merge,>BSCRO1196-25_r_1.3_s_50_BSCRO1196-25_fcleaner_merge,187632,UFX54039.1,subfamily:Onychiurinae,null,1049,null,null,0.0,223.0,94.58,83.0,0,145,82,0,0,99.8
BSCRO1208-25_r_1_s_100_BSCRO1208-25_fcleaner_merge,BSCRO1208-25,r_1_s_100_fcleaner_merge,>BSCRO1208-25_r_1_s_100_BSCRO1208-25_fcleaner_merge,1136003,QGZ08860.1,genus:Neelus,null,468,null,null,16.0,86.0,40.58,36.0,0,66,42,0,0,100.0
BSCRO1153-25_r_1.5_s_100_BSCRO1153-25_fcleaner_merge,BSCRO1153-25,r_1.5_s_100_fcleaner_merge,>BSCRO1153-25_r_1.5_s_100_BSCRO1153-25_fcleaner_merge,187676,YP_009753939.1,genus:Oncopodura,null,871,null,null,0.0,163.0,98.16,109.0,0,6,10,0,0,93.54
BSCRO1209-25_r_1.5_s_100_BSCRO1209-25_fcleaner_merge,BSCRO1209-25,r_1.5_s_100_fcleaner_merge,>BSCRO1209-25_r_1.5_s_100_BSCRO1209-25_fcleaner_merge,1136003,QGZ08860.1,genus:Neelus,null,557,null,null,4.0,73.0,49.22,51.0,0,15,16,0,0,100.0
BSCRO1169-25_r_1_s_50_BSCRO1169-25_fcleaner_merge,BSCRO1169-25,r_1_s_50_fcleaner_merge,>BSCRO1169-25_r_1_s_50_BSCRO1169-25_fcleaner_merge,3139678,UFX54039.1,subfamily:Onychiurinae,null,2376,null,null,5.0,312.0,243.05,247.0,0,128,182,0,0,100.0
BSCRO1217-25_r_1.5_s_50_BSCRO1217-25_fcleaner_merge,BSCRO1217-25,r_1.5_s_50_fcleaner_merge,>BSCRO1217-25_r_1.5_s_50_BSCRO1217-25_fcleaner_merge,187632,UFX54039.1,subfamily:Onychiurinae,null,779,null,null,0.0,108.0,72.59,76.0,0,72,22,0,0,99.8
BSCRO1172-25_r_1.3_s_100_BSCRO1172-25_fcleaner_merge,BSCRO1172-25,r_1.3_s_100_fcleaner_merge,>BSCRO1172-25_r_1.3_s_100_BSCRO1172-25_fcleaner_merge,3139678,UFX54039.1,subfamily:Onychiurinae,null,1150,null,null,0.0,165.0,117.51,121.0,0,90,25,0,0,99.8
BSCRO1222-25_r_1_s_100_BSCRO1222-25_fcleaner_merge,BSCRO1222-25,r_1_s_100_fcleaner_merge,>BSCRO1222-25_r_1_s_100_BSCRO1222-25_fcleaner_merge,2768102,YP_010265401.1,family:Paronellidae,null,707,null,null,0.0,108.0,71.71,73.0,0,60,11,0,0,99.8
BSCRO1202-25_r_1.3_s_50_BSCRO1202-25_fcleaner_merge,BSCRO1202-25,r_1.3_s_50_fcleaner_merge,>BSCRO1202-25_r_1.3_s_50_BSCRO1202-25_fcleaner_merge,1136003,QGZ08860.1,genus:Neelus,null,197,null,null,2.0,28.0,13.28,12.0,0,31,13,0,0,100.0
BSCRO1213-25_r_1.3_s_50_BSCRO1213-25_fcleaner_merge,BSCRO1213-25,r_1.3_s_50_fcleaner_merge,>BSCRO1213-25_r_1.3_s_50_BSCRO1213-25_fcleaner_merge,2772100,AJK28732.1,genus:Pseudosinella,null,1632,null,null,0.0,448.0,138.02,137.0,0,178,56,0,0,98.63
BSCRO1165-25_r_1.5_s_100_BSCRO1165-25_fcleaner_merge,BSCRO1165-25,r_1.5_s_100_fcleaner_merge,>BSCRO1165-25_r_1.5_s_100_BSCRO1165-25_fcleaner_merge,187676,YP_009753939.1,genus:Oncopodura,null,831,null,null,0.0,133.0,91.05,101.0,0,1,10,0,0,93.15
BSCRO1230-25_r_1_s_100_BSCRO1230-25_fcleaner_merge,BSCRO1230-25,r_1_s_100_fcleaner_merge,>BSCRO1230-25_r_1_s_100_BSCRO1230-25_fcleaner_merge,1765952,XCD10116.1,subfamily:Heteromurinae,null,1095,null,null,0.0,140.0,110.93,111.0,0,18,25,0,0,99.61
BSCRO1144-25_r_1.5_s_100_BSCRO1144-25_fcleaner_merge,BSCRO1144-25,r_1.5_s_100_fcleaner_merge,>BSCRO1144-25_r_1.5_s_100_BSCRO1144-25_fcleaner_merge,2768102,YP_010265401.1,family:Paronellidae,null,350,null,null,0.0,62.0,37.57,40.0,0,41,6,0,0,99.8
BSCRO1152-25_r_1.5_s_50_BSCRO1152-25_fcleaner_merge,BSCRO1152-25,r_1.5_s_50_fcleaner_merge,>BSCRO1152-25_r_1.5_s_50_BSCRO1152-25_fcleaner_merge,187676,YP_009753939.1,genus:Oncopodura,null,893,null,null,0.0,136.0,89.67,94.0,0,23,18,0,0,97.46
BSCRO1231-25_r_1.5_s_100_BSCRO1231-25_fcleaner_merge,BSCRO1231-25,r_1.5_s_100_fcleaner_merge,>BSCRO1231-25_r_1.5_s_100_BSCRO1231-25_fcleaner_merge,2768102,YP_010265401.1,family:Paronellidae,null,883,null,null,0.0,158.0,96.76,100.0,0,45,12,0,0,99.8
BSCRO1144-25_r_1.3_s_100_BSCRO1144-25_fcleaner_merge,BSCRO1144-25,r_1.3_s_100_fcleaner_merge,>BSCRO1144-25_r_1.3_s_100_BSCRO1144-25_fcleaner_merge,2768102,YP_010265401.1,family:Paronellidae,null,399,null,null,0.0,66.0,42.05,42.0,0,63,6,0,0,99.8
BSCRO1225-25_r_1.3_s_100_BSCRO1225-25_fcleaner_merge,BSCRO1225-25,r_1.3_s_100_fcleaner_merge,>BSCRO1225-25_r_1.3_s_100_BSCRO1225-25_fcleaner_merge,2768102,YP_010265401.1,family:Paronellidae,null,2158,null,null,0.0,302.0,226.23,233.0,0,126,39,0,0,99.8
BSCRO1170-25_r_1.5_s_100_BSCRO1170-25_fcleaner_merge,BSCRO1170-25,r_1.5_s_100_fcleaner_merge,>BSCRO1170-25_r_1.5_s_100_BSCRO1170-25_fcleaner_merge,3139678,UFX54039.1,subfamily:Onychiurinae,null,2562,null,null,0.0,427.0,311.23,334.0,0,93,229,0,0,99.8
BSCRO1177-25_r_1_s_50_BSCRO1177-25_fcleaner_merge,BSCRO1177-25,r_1_s_50_fcleaner_merge,>BSCRO1177-25_r_1_s_50_BSCRO1177-25_fcleaner_merge,3139678,UFX54039.1,subfamily:Onychiurinae,null,1107,null,null,0.0,161.0,117.26,121.0,0,57,91,0,0,99.61
BSCRO1207-25_r_1.5_s_50_BSCRO1207-25_fcleaner_merge,BSCRO1207-25,r_1.5_s_50_fcleaner_merge,>BSCRO1207-25_r_1.5_s_50_BSCRO1207-25_fcleaner_merge,1136003,QGZ08860.1,genus:Neelus,null,319,null,null,0.0,43.0,22.96,22.0,0,40,13,0,0,99.8
BSCRO1200-25_r_1_s_100_BSCRO1200-25_fcleaner_merge,BSCRO1200-25,r_1_s_100_fcleaner_merge,>BSCRO1200-25_r_1_s_100_BSCRO1200-25_fcleaner_merge,1765952,XCD10116.1,subfamily:Heteromurinae,null,1413,null,null,0.0,177.0,138.51,143.0,0,77,50,0,0,99.61
BSCRO1214-25_r_1.5_s_100_BSCRO1214-25_fcleaner_merge,BSCRO1214-25,r_1.5_s_100_fcleaner_merge,>BSCRO1214-25_r_1.5_s_100_BSCRO1214-25_fcleaner_merge,2772100,AJK28732.1,genus:Pseudosinella,null,977,null,null,0.0,177.0,110.71,118.0,0,49,25,0,0,93.36
BSCRO1232-25_r_1.5_s_50_BSCRO1232-25_fcleaner_merge,BSCRO1232-25,r_1.5_s_50_fcleaner_merge,>BSCRO1232-25_r_1.5_s_50_BSCRO1232-25_fcleaner_merge,2768102,YP_010265401.1,family:Paronellidae,null,968,null,null,0.0,154.0,103.05,113.0,0,113,20,0,0,99.8
BSCRO1165-25_r_1.3_s_100_BSCRO1165-25_fcleaner_merge,BSCRO1165-25,r_1.3_s_100_fcleaner_merge,>BSCRO1165-25_r_1.3_s_100_BSCRO1165-25_fcleaner_merge,187676,YP_009753939.1,genus:Oncopodura,null,915,null,null,0.0,135.0,99.51,104.0,0,5,12,0,0,99.02
BSCRO1218-25_r_1_s_50_BSCRO1218-25_fcleaner_merge,BSCRO1218-25,r_1_s_50_fcleaner_merge,>BSCRO1218-25_r_1_s_50_BSCRO1218-25_fcleaner_merge,187632,UFX54039.1,subfamily:Onychiurinae,null,1206,null,null,0.0,155.0,110.01,114.0,0,116,39,0,0,99.8
BSCRO1233-25_r_1.5_s_50_BSCRO1233-25_fcleaner_merge,BSCRO1233-25,r_1.5_s_50_fcleaner_merge,>BSCRO1233-25_r_1.5_s_50_BSCRO1233-25_fcleaner_merge,2768102,YP_010265401.1,family:Paronellidae,null,1372,null,null,0.0,224.0,148.81,159.0,0,156,18,0,0,99.8
BSCRO1201-25_r_1.3_s_100_BSCRO1201-25_fcleaner_merge,BSCRO1201-25,r_1.3_s_100_fcleaner_merge,>BSCRO1201-25_r_1.3_s_100_BSCRO1201-25_fcleaner_merge,1765952,XCD10116.1,subfamily:Heteromurinae,null,632,null,null,0.0,81.0,63.6,66.0,0,21,38,0,0,99.61
BSCRO1155-25_r_1.5_s_100_BSCRO1155-25_fcleaner_merge,BSCRO1155-25,r_1.5_s_100_fcleaner_merge,>BSCRO1155-25_r_1.5_s_100_BSCRO1155-25_fcleaner_merge,2768102,YP_010265401.1,family:Paronellidae,null,1650,null,null,0.0,265.0,185.42,198.0,0,13,18,0,0,99.8
BSCRO1172-25_r_1.5_s_50_BSCRO1172-25_fcleaner_merge,BSCRO1172-25,r_1.5_s_50_fcleaner_merge,>BSCRO1172-25_r_1.5_s_50_BSCRO1172-25_fcleaner_merge,3139678,UFX54039.1,subfamily:Onychiurinae,null,1092,null,null,0.0,164.0,110.26,120.0,0,135,24,0,0,99.8
BSCRO1233-25_r_1_s_100_BSCRO1233-25_fcleaner_merge,BSCRO1233-25,r_1_s_100_fcleaner_merge,>BSCRO1233-25_r_1_s_100_BSCRO1233-25_fcleaner_merge,2768102,YP_010265401.1,family:Paronellidae,null,1407,null,null,0.0,217.0,157.63,163.0,0,102,26,0,0,99.8
BSCRO1203-25_r_1_s_50_BSCRO1203-25_fcleaner_merge,BSCRO1203-25,r_1_s_50_fcleaner_merge,>BSCRO1203-25_r_1_s_50_BSCRO1203-25_fcleaner_merge,2768102,YP_010265401.1,family:Paronellidae,null,1276,null,null,0.0,165.0,110.07,110.0,0,244,39,0,0,99.8
BSCRO1142-25_r_1.5_s_50_BSCRO1142-25_fcleaner_merge,BSCRO1142-25,r_1.5_s_50_fcleaner_merge,>BSCRO1142-25_r_1.5_s_50_BSCRO1142-25_fcleaner_merge,187676,YP_009753939.1,genus:Oncopodura,null,573,null,null,0.0,94.0,58.24,62.0,0,13,10,0,0,96.87
BSCRO1141-25_r_1.5_s_50_BSCRO1141-25_fcleaner_merge,BSCRO1141-25,r_1.5_s_50_fcleaner_merge,>BSCRO1141-25_r_1.5_s_50_BSCRO1141-25_fcleaner_merge,187676,YP_009753939.1,genus:Oncopodura,null,114,null,null,0.0,12.0,6.58,7.0,0,35,2,0,0,94.52
BSCRO1186-25_r_1.5_s_100_BSCRO1186-25_fcleaner_merge,BSCRO1186-25,r_1.5_s_100_fcleaner_merge,>BSCRO1186-25_r_1.5_s_100_BSCRO1186-25_fcleaner_merge,2926737,QIT06492.1,family:Sminthuridae,null,83,null,null,0.0,30.0,7.88,5.0,0,0,3,0,0,62.57
BSCRO1153-25_r_1_s_100_BSCRO1153-25_fcleaner_merge,BSCRO1153-25,r_1_s_100_fcleaner_merge,>BSCRO1153-25_r_1_s_100_BSCRO1153-25_fcleaner_merge,187676,YP_009753939.1,genus:Oncopodura,null,1071,null,null,0.0,164.0,116.4,118.0,0,16,14,0,0,99.41
BSCRO1187-25_r_1.5_s_50_BSCRO1187-25_fcleaner_merge,BSCRO1187-25,r_1.5_s_50_fcleaner_merge,>BSCRO1187-25_r_1.5_s_50_BSCRO1187-25_fcleaner_merge,2926737,QIT06492.1,family:Sminthuridae,null,107,null,null,0.0,43.0,8.08,5.0,0,7,3,0,0,62.76
BSCRO1158-25_r_1.5_s_100_BSCRO1158-25_fcleaner_merge,BSCRO1158-25,r_1.5_s_100_fcleaner_merge,>BSCRO1158-25_r_1.5_s_100_BSCRO1158-25_fcleaner_merge,187676,YP_009753939.1,genus:Oncopodura,null,1399,null,null,0.0,277.0,166.95,179.0,0,25,33,0,0,97.65
BSCRO1179-25_r_1_s_50_BSCRO1179-25_fcleaner_merge,BSCRO1179-25,r_1_s_50_fcleaner_merge,>BSCRO1179-25_r_1_s_50_BSCRO1179-25_fcleaner_merge,3139678,UFX54039.1,subfamily:Onychiurinae,null,1188,null,null,0.0,161.0,126.14,133.0,0,66,89,0,0,99.8
BSCRO1197-25_r_1_s_100_BSCRO1197-25_fcleaner_merge,BSCRO1197-25,r_1_s_100_fcleaner_merge,>BSCRO1197-25_r_1_s_100_BSCRO1197-25_fcleaner_merge,2768102,YP_010265401.1,family:Paronellidae,null,881,null,null,0.0,142.0,96.79,97.0,0,72,35,0,0,99.8
BSCRO1234-25_r_1.3_s_100_BSCRO1234-25_fcleaner_merge,BSCRO1234-25,r_1.3_s_100_fcleaner_merge,>BSCRO1234-25_r_1.3_s_100_BSCRO1234-25_fcleaner_merge,2768102,YP_010265401.1,family:Paronellidae,null,799,null,null,0.0,110.0,87.07,90.0,0,49,11,0,0,99.8
BSCRO1164-25_r_1.5_s_50_BSCRO1164-25_fcleaner_merge,BSCRO1164-25,r_1.5_s_50_fcleaner_merge,>BSCRO1164-25_r_1.5_s_50_BSCRO1164-25_fcleaner_merge,187676,YP_009753939.1,genus:Oncopodura,null,360,null,null,0.0,57.0,33.31,33.0,0,6,4,0,0,96.87
BSCRO1160-25_r_1.5_s_100_BSCRO1160-25_fcleaner_merge,BSCRO1160-25,r_1.5_s_100_fcleaner_merge,>BSCRO1160-25_r_1.5_s_100_BSCRO1160-25_fcleaner_merge,187676,YP_009753939.1,genus:Oncopodura,null,907,null,null,0.0,159.0,101.71,111.0,0,10,13,0,0,94.52
BSCRO1201-25_r_1.5_s_50_BSCRO1201-25_fcleaner_merge,BSCRO1201-25,r_1.5_s_50_fcleaner_merge,>BSCRO1201-25_r_1.5_s_50_BSCRO1201-25_fcleaner_merge,1765952,XCD10116.1,subfamily:Heteromurinae,null,698,null,null,0.0,89.0,67.33,70.0,0,33,37,0,0,99.61
BSCRO1175-25_r_1.3_s_100_BSCRO1175-25_fcleaner_merge,BSCRO1175-25,r_1.3_s_100_fcleaner_merge,>BSCRO1175-25_r_1.3_s_100_BSCRO1175-25_fcleaner_merge,187632,UFX54039.1,subfamily:Onychiurinae,null,805,null,null,50.0,120.0,90.99,92.0,0,41,63,0,0,100.0
BSCRO1174-25_r_1.5_s_50_BSCRO1174-25_fcleaner_merge,BSCRO1174-25,r_1.5_s_50_fcleaner_merge,>BSCRO1174-25_r_1.5_s_50_BSCRO1174-25_fcleaner_merge,187632,UFX54039.1,subfamily:Onychiurinae,null,825,null,null,12.0,139.0,94.99,98.0,0,71,47,0,0,100.0
BSCRO1222-25_r_1.5_s_100_BSCRO1222-25_fcleaner_merge,BSCRO1222-25,r_1.5_s_100_fcleaner_merge,>BSCRO1222-25_r_1.5_s_100_BSCRO1222-25_fcleaner_merge,2768102,YP_010265401.1,family:Paronellidae,null,651,null,null,0.0,106.0,66.65,72.0,0,60,10,0,0,99.8
BSCRO1204-25_r_1.3_s_100_BSCRO1204-25_fcleaner_merge,BSCRO1204-25,r_1.3_s_100_fcleaner_merge,>BSCRO1204-25_r_1.3_s_100_BSCRO1204-25_fcleaner_merge,2768102,YP_010265401.1,family:Paronellidae,null,827,null,null,0.0,122.0,79.59,81.0,0,81,18,0,0,99.8
BSCRO1156-25_r_1.3_s_50_BSCRO1156-25_fcleaner_merge,BSCRO1156-25,r_1.3_s_50_fcleaner_merge,>BSCRO1156-25_r_1.3_s_50_BSCRO1156-25_fcleaner_merge,187676,YP_009753939.1,genus:Oncopodura,null,647,null,null,0.0,109.0,69.97,71.0,0,20,13,0,0,99.41
BSCRO1197-25_r_1.3_s_100_BSCRO1197-25_fcleaner_merge,BSCRO1197-25,r_1.3_s_100_fcleaner_merge,>BSCRO1197-25_r_1.3_s_100_BSCRO1197-25_fcleaner_merge,2768102,YP_010265401.1,family:Paronellidae,null,873,null,null,0.0,142.0,96.1,96.0,0,71,34,0,0,99.8
BSCRO1174-25_r_1_s_50_BSCRO1174-25_fcleaner_merge,BSCRO1174-25,r_1_s_50_fcleaner_merge,>BSCRO1174-25_r_1_s_50_BSCRO1174-25_fcleaner_merge,187632,UFX54039.1,subfamily:Onychiurinae,null,973,null,null,68.0,139.0,105.37,103.0,0,243,68,0,0,100.0
BSCRO1211-25_r_1.3_s_50_BSCRO1211-25_fcleaner_merge,BSCRO1211-25,r_1.3_s_50_fcleaner_merge,>BSCRO1211-25_r_1.3_s_50_BSCRO1211-25_fcleaner_merge,2768102,YP_010265401.1,family:Paronellidae,null,2492,null,null,0.0,334.0,252.74,267.0,0,317,31,0,0,99.8
BSCRO1212-25_r_1.5_s_100_BSCRO1212-25_fcleaner_merge,BSCRO1212-25,r_1.5_s_100_fcleaner_merge,>BSCRO1212-25_r_1.5_s_100_BSCRO1212-25_fcleaner_merge,2772100,AJK28732.1,genus:Pseudosinella,null,512,null,null,0.0,89.0,54.73,58.0,0,40,17,0,0,93.36
BSCRO1217-25_r_1.5_s_100_BSCRO1217-25_fcleaner_merge,BSCRO1217-25,r_1.5_s_100_fcleaner_merge,>BSCRO1217-25_r_1.5_s_100_BSCRO1217-25_fcleaner_merge,187632,UFX54039.1,subfamily:Onychiurinae,null,701,null,null,0.0,106.0,69.16,73.0,0,34,19,0,0,99.8
BSCRO1229-25_r_1_s_100_BSCRO1229-25_fcleaner_merge,BSCRO1229-25,r_1_s_100_fcleaner_merge,>BSCRO1229-25_r_1_s_100_BSCRO1229-25_fcleaner_merge,2768102,YP_010265401.1,family:Paronellidae,null,1100,null,null,0.0,149.0,119.65,120.0,0,42,25,0,0,99.8
BSCRO1145-25_r_1.5_s_50_BSCRO1145-25_fcleaner_merge,BSCRO1145-25,r_1.5_s_50_fcleaner_merge,>BSCRO1145-25_r_1.5_s_50_BSCRO1145-25_fcleaner_merge,2768102,YP_010265401.1,family:Paronellidae,null,479,null,null,0.0,73.0,49.25,52.0,0,87,5,0,0,99.8
BSCRO1189-25_r_1_s_100_BSCRO1189-25_fcleaner_merge,BSCRO1189-25,r_1_s_100_fcleaner_merge,>BSCRO1189-25_r_1_s_100_BSCRO1189-25_fcleaner_merge,2926737,QIT06492.1,family:Sminthuridae,null,453,null,null,0.0,79.0,45.05,46.0,0,3,11,0,3,92.32
BSCRO1200-25_r_1.5_s_100_BSCRO1200-25_fcleaner_merge,BSCRO1200-25,r_1.5_s_100_fcleaner_merge,>BSCRO1200-25_r_1.5_s_100_BSCRO1200-25_fcleaner_merge,1765952,XCD10116.1,subfamily:Heteromurinae,null,1364,null,null,0.0,176.0,134.11,137.5,0,55,50,0,0,99.61
BSCRO1216-25_r_1.5_s_100_BSCRO1216-25_fcleaner_merge,BSCRO1216-25,r_1.5_s_100_fcleaner_merge,>BSCRO1216-25_r_1.5_s_100_BSCRO1216-25_fcleaner_merge,187632,UFX54039.1,subfamily:Onychiurinae,null,1490,null,null,0.0,220.0,160.21,162.0,0,36,27,0,0,99.8
BSCRO1158-25_r_1_s_100_BSCRO1158-25_fcleaner_merge,BSCRO1158-25,r_1_s_100_fcleaner_merge,>BSCRO1158-25_r_1_s_100_BSCRO1158-25_fcleaner_merge,187676,YP_009753939.1,genus:Oncopodura,null,1653,null,null,0.0,284.0,194.73,194.0,0,31,40,0,0,99.61
BSCRO1194-25_r_1.5_s_100_BSCRO1194-25_fcleaner_merge,BSCRO1194-25,r_1.5_s_100_fcleaner_merge,>BSCRO1194-25_r_1.5_s_100_BSCRO1194-25_fcleaner_merge,370027,QFX74494.1,genus:Isotomurus,null,583,null,null,35.0,84.0,62.52,63.0,0,7,12,0,0,100.0
BSCRO1163-25_r_1.3_s_50_BSCRO1163-25_fcleaner_merge,BSCRO1163-25,r_1.3_s_50_fcleaner_merge,>BSCRO1163-25_r_1.3_s_50_BSCRO1163-25_fcleaner_merge,187676,YP_009753939.1,genus:Oncopodura,null,1307,null,null,0.0,189.0,120.38,120.0,0,32,29,0,0,99.02
BSCRO1173-25_r_1.5_s_50_BSCRO1173-25_fcleaner_merge,BSCRO1173-25,r_1.5_s_50_fcleaner_merge,>BSCRO1173-25_r_1.5_s_50_BSCRO1173-25_fcleaner_merge,3139678,UFX54039.1,subfamily:Onychiurinae,null,334,null,null,0.0,60.0,37.13,39.0,0,39,15,0,0,98.83
BSCRO1163-25_r_1_s_100_BSCRO1163-25_fcleaner_merge,BSCRO1163-25,r_1_s_100_fcleaner_merge,>BSCRO1163-25_r_1_s_100_BSCRO1163-25_fcleaner_merge,187676,YP_009753939.1,genus:Oncopodura,null,1270,null,null,0.0,186.0,124.0,121.0,0,25,23,0,0,99.02
BSCRO1188-25_r_1.3_s_50_BSCRO1188-25_fcleaner_merge,BSCRO1188-25,r_1.3_s_50_fcleaner_merge,>BSCRO1188-25_r_1.3_s_50_BSCRO1188-25_fcleaner_merge,187676,YP_009753939.1,genus:Oncopodura,null,2373,null,null,0.0,360.0,277.58,307.0,0,34,29,0,0,99.02
BSCRO1157-25_r_1.3_s_100_BSCRO1157-25_fcleaner_merge,BSCRO1157-25,r_1.3_s_100_fcleaner_merge,>BSCRO1157-25_r_1.3_s_100_BSCRO1157-25_fcleaner_merge,187676,YP_009753939.1,genus:Oncopodura,null,615,null,null,0.0,111.0,63.46,74.0,0,66,65,0,0,99.41
BSCRO1142-25_r_1.5_s_100_BSCRO1142-25_fcleaner_merge,BSCRO1142-25,r_1.5_s_100_fcleaner_merge,>BSCRO1142-25_r_1.5_s_100_BSCRO1142-25_fcleaner_merge,187676,YP_009753939.1,genus:Oncopodura,null,543,null,null,0.0,94.0,57.2,62.0,0,4,6,0,0,92.76
BSCRO1174-25_r_1.3_s_50_BSCRO1174-25_fcleaner_merge,BSCRO1174-25,r_1.3_s_50_fcleaner_merge,>BSCRO1174-25_r_1.3_s_50_BSCRO1174-25_fcleaner_merge,187632,UFX54039.1,subfamily:Onychiurinae,null,904,null,null,58.0,139.0,101.6,100.0,0,93,56,0,0,100.0
BSCRO1203-25_r_1_s_100_BSCRO1203-25_fcleaner_merge,BSCRO1203-25,r_1_s_100_fcleaner_merge,>BSCRO1203-25_r_1_s_100_BSCRO1203-25_fcleaner_merge,2768102,YP_010265401.1,family:Paronellidae,null,1102,null,null,0.0,154.0,103.35,105.0,0,108,26,0,0,99.8
BSCRO1157-25_r_1_s_100_BSCRO1157-25_fcleaner_merge,BSCRO1157-25,r_1_s_100_fcleaner_merge,>BSCRO1157-25_r_1_s_100_BSCRO1157-25_fcleaner_merge,187676,YP_009753939.1,genus:Oncopodura,null,653,null,null,0.0,111.0,67.15,72.0,0,71,70,0,0,99.41
BSCRO1173-25_r_1_s_50_BSCRO1173-25_fcleaner_merge,BSCRO1173-25,r_1_s_50_fcleaner_merge,>BSCRO1173-25_r_1_s_50_BSCRO1173-25_fcleaner_merge,3139678,UFX54039.1,subfamily:Onychiurinae,null,769,null,null,0.0,367.0,56.37,44.0,0,52,49,0,0,99.8
BSCRO1145-25_r_1.5_s_100_BSCRO1145-25_fcleaner_merge,BSCRO1145-25,r_1.5_s_100_fcleaner_merge,>BSCRO1145-25_r_1.5_s_100_BSCRO1145-25_fcleaner_merge,2768102,YP_010265401.1,family:Paronellidae,null,428,null,null,0.0,70.0,47.69,51.0,0,44,5,0,0,99.8
BSCRO1198-25_r_1.5_s_50_BSCRO1198-25_fcleaner_merge,BSCRO1198-25,r_1.5_s_50_fcleaner_merge,>BSCRO1198-25_r_1.5_s_50_BSCRO1198-25_fcleaner_merge,2768102,YP_010265401.1,family:Paronellidae,null,886,null,null,0.0,145.0,94.89,99.0,0,129,25,0,0,99.8
BSCRO1178-25_r_1.3_s_100_BSCRO1178-25_fcleaner_merge,BSCRO1178-25,r_1.3_s_100_fcleaner_merge,>BSCRO1178-25_r_1.3_s_100_BSCRO1178-25_fcleaner_merge,3139678,UFX54039.1,subfamily:Onychiurinae,null,1261,null,null,0.0,199.0,148.58,164.0,0,36,102,0,0,99.8
BSCRO1187-25_r_1_s_50_BSCRO1187-25_fcleaner_merge,BSCRO1187-25,r_1_s_50_fcleaner_merge,>BSCRO1187-25_r_1_s_50_BSCRO1187-25_fcleaner_merge,2926737,QIT06492.1,family:Sminthuridae,null,621,null,null,0.0,85.0,56.39,59.0,0,69,25,0,3,98.66
BSCRO1154-25_r_1.5_s_50_BSCRO1154-25_fcleaner_merge,BSCRO1154-25,r_1.5_s_50_fcleaner_merge,>BSCRO1154-25_r_1.5_s_50_BSCRO1154-25_fcleaner_merge,2768102,YP_010265401.1,family:Paronellidae,null,813,null,null,0.0,121.0,86.91,91.0,0,52,10,0,0,99.8
BSCRO1191-25_r_1_s_100_BSCRO1191-25_fcleaner_merge,BSCRO1191-25,r_1_s_100_fcleaner_merge,>BSCRO1191-25_r_1_s_100_BSCRO1191-25_fcleaner_merge,2926737,QIT06492.1,family:Sminthuridae,null,422,null,null,0.0,78.0,35.92,37.0,0,48,15,0,3,91.94
BSCRO1219-25_r_1.3_s_50_BSCRO1219-25_fcleaner_merge,BSCRO1219-25,r_1.3_s_50_fcleaner_merge,>BSCRO1219-25_r_1.3_s_50_BSCRO1219-25_fcleaner_merge,187676,YP_009753939.1,genus:Oncopodura,null,771,null,null,0.0,115.0,67.54,70.0,0,46,14,0,0,99.41
BSCRO1222-25_r_1.3_s_50_BSCRO1222-25_fcleaner_merge,BSCRO1222-25,r_1.3_s_50_fcleaner_merge,>BSCRO1222-25_r_1.3_s_50_BSCRO1222-25_fcleaner_merge,2768102,YP_010265401.1,family:Paronellidae,null,772,null,null,0.0,111.0,73.9,75.0,0,114,15,0,0,99.8
BSCRO1175-25_r_1.5_s_100_BSCRO1175-25_fcleaner_merge,BSCRO1175-25,r_1.5_s_100_fcleaner_merge,>BSCRO1175-25_r_1.5_s_100_BSCRO1175-25_fcleaner_merge,187632,UFX54039.1,subfamily:Onychiurinae,null,748,null,null,12.0,118.0,85.71,90.0,0,29,58,0,0,100.0
BSCRO1158-25_r_1_s_50_BSCRO1158-25_fcleaner_merge,BSCRO1158-25,r_1_s_50_fcleaner_merge,>BSCRO1158-25_r_1_s_50_BSCRO1158-25_fcleaner_merge,187676,YP_009753939.1,genus:Oncopodura,null,1820,null,null,0.0,293.0,202.8,199.0,0,77,57,0,0,99.8
BSCRO1169-25_r_1_s_100_BSCRO1169-25_fcleaner_merge,BSCRO1169-25,r_1_s_100_fcleaner_merge,>BSCRO1169-25_r_1_s_100_BSCRO1169-25_fcleaner_merge,3139678,UFX54039.1,subfamily:Onychiurinae,null,2216,null,null,0.0,307.0,233.24,237.0,0,63,177,0,0,99.8
BSCRO1198-25_r_1.3_s_50_BSCRO1198-25_fcleaner_merge,BSCRO1198-25,r_1.3_s_50_fcleaner_merge,>BSCRO1198-25_r_1.3_s_50_BSCRO1198-25_fcleaner_merge,2768102,YP_010265401.1,family:Paronellidae,null,997,null,null,0.0,145.0,104.82,103.0,0,160,32,0,0,99.8
BSCRO1153-25_r_1_s_50_BSCRO1153-25_fcleaner_merge,BSCRO1153-25,r_1_s_50_fcleaner_merge,>BSCRO1153-25_r_1_s_50_BSCRO1153-25_fcleaner_merge,187676,YP_009753939.1,genus:Oncopodura,null,1246,null,null,7.0,165.0,122.45,122.0,0,88,29,0,0,100.0
BSCRO1186-25_r_1.5_s_50_BSCRO1186-25_fcleaner_merge,BSCRO1186-25,r_1.5_s_50_fcleaner_merge,>BSCRO1186-25_r_1.5_s_50_BSCRO1186-25_fcleaner_merge,2926737,QIT06492.1,family:Sminthuridae,null,108,null,null,0.0,31.0,8.62,5.0,0,7,5,0,0,68.14
BSCRO1166-25_r_1_s_100_BSCRO1166-25_fcleaner_merge,BSCRO1166-25,r_1_s_100_fcleaner_merge,>BSCRO1166-25_r_1_s_100_BSCRO1166-25_fcleaner_merge,187676,YP_009753939.1,genus:Oncopodura,null,1314,null,null,0.0,176.0,134.35,137.0,0,17,32,0,1,99.41
BSCRO1183-25_r_1.5_s_100_BSCRO1183-25_fcleaner_merge,BSCRO1183-25,r_1.5_s_100_fcleaner_merge,>BSCRO1183-25_r_1.5_s_100_BSCRO1183-25_fcleaner_merge,2926737,QIT06492.1,family:Sminthuridae,null,131,null,null,0.0,51.0,12.05,5.0,0,1,5,0,0,61.42
BSCRO1204-25_r_1.5_s_100_BSCRO1204-25_fcleaner_merge,BSCRO1204-25,r_1.5_s_100_fcleaner_merge,>BSCRO1204-25_r_1.5_s_100_BSCRO1204-25_fcleaner_merge,2768102,YP_010265401.1,family:Paronellidae,null,742,null,null,0.0,121.0,72.19,74.0,0,74,16,0,0,99.8
BSCRO1167-25_r_1_s_100_BSCRO1167-25_fcleaner_merge,BSCRO1167-25,r_1_s_100_fcleaner_merge,>BSCRO1167-25_r_1_s_100_BSCRO1167-25_fcleaner_merge,3139678,UFX54039.1,subfamily:Onychiurinae,null,1840,null,null,0.0,218.0,166.06,175.0,0,153,79,0,0,99.61
BSCRO1220-25_r_1.5_s_100_BSCRO1220-25_fcleaner_merge,BSCRO1220-25,r_1.5_s_100_fcleaner_merge,>BSCRO1220-25_r_1.5_s_100_BSCRO1220-25_fcleaner_merge,2768102,YP_010265401.1,family:Paronellidae,null,628,null,null,0.0,89.0,64.08,70.0,0,62,10,0,0,99.8
BSCRO1176-25_r_1_s_100_BSCRO1176-25_fcleaner_merge,BSCRO1176-25,r_1_s_100_fcleaner_merge,>BSCRO1176-25_r_1_s_100_BSCRO1176-25_fcleaner_merge,187632,UFX54039.1,subfamily:Onychiurinae,null,538,null,null,31.0,94.0,57.58,56.0,0,15,46,0,0,100.0
BSCRO1169-25_r_1.5_s_100_BSCRO1169-25_fcleaner_merge,BSCRO1169-25,r_1.5_s_100_fcleaner_merge,>BSCRO1169-25_r_1.5_s_100_BSCRO1169-25_fcleaner_merge,3139678,UFX54039.1,subfamily:Onychiurinae,null,1938,null,null,0.0,305.0,209.25,228.0,0,62,155,0,0,99.8
BSCRO1165-25_r_1_s_50_BSCRO1165-25_fcleaner_merge,BSCRO1165-25,r_1_s_50_fcleaner_merge,>BSCRO1165-25_r_1_s_50_BSCRO1165-25_fcleaner_merge,187676,YP_009753939.1,genus:Oncopodura,null,1096,null,null,0.0,141.0,109.55,109.0,0,52,22,0,0,99.02
BSCRO1216-25_r_1.3_s_100_BSCRO1216-25_fcleaner_merge,BSCRO1216-25,r_1.3_s_100_fcleaner_merge,>BSCRO1216-25_r_1.3_s_100_BSCRO1216-25_fcleaner_merge,187632,UFX54039.1,subfamily:Onychiurinae,null,1614,null,null,0.0,221.0,170.4,169.0,0,42,29,0,0,99.8
BSCRO1204-25_r_1_s_50_BSCRO1204-25_fcleaner_merge,BSCRO1204-25,r_1_s_50_fcleaner_merge,>BSCRO1204-25_r_1_s_50_BSCRO1204-25_fcleaner_merge,2768102,YP_010265401.1,family:Paronellidae,null,984,null,null,0.0,132.0,85.98,84.0,0,231,34,0,0,99.8
BSCRO1171-25_r_1.3_s_100_BSCRO1171-25_fcleaner_merge,BSCRO1171-25,r_1.3_s_100_fcleaner_merge,>BSCRO1171-25_r_1.3_s_100_BSCRO1171-25_fcleaner_merge,3139678,UFX54039.1,subfamily:Onychiurinae,null,663,null,null,0.0,96.0,66.75,67.0,0,48,20,0,0,99.8
BSCRO1194-25_r_1_s_100_BSCRO1194-25_fcleaner_merge,BSCRO1194-25,r_1_s_100_fcleaner_merge,>BSCRO1194-25_r_1_s_100_BSCRO1194-25_fcleaner_merge,370027,QFX74494.1,genus:Isotomurus,null,597,null,null,36.0,86.0,63.99,64.0,0,7,14,0,0,100.0
BSCRO1176-25_r_1_s_50_BSCRO1176-25_fcleaner_merge,BSCRO1176-25,r_1_s_50_fcleaner_merge,>BSCRO1176-25_r_1_s_50_BSCRO1176-25_fcleaner_merge,187632,UFX54039.1,subfamily:Onychiurinae,null,634,null,null,41.0,95.0,63.75,62.0,0,83,51,0,0,100.0
BSCRO1156-25_r_1.5_s_50_BSCRO1156-25_fcleaner_merge,BSCRO1156-25,r_1.5_s_50_fcleaner_merge,>BSCRO1156-25_r_1.5_s_50_BSCRO1156-25_fcleaner_merge,187676,YP_009753939.1,genus:Oncopodura,null,576,null,null,0.0,99.0,63.69,69.0,0,9,11,0,0,96.87
BSCRO1233-25_r_1.3_s_100_BSCRO1233-25_fcleaner_merge,BSCRO1233-25,r_1.3_s_100_fcleaner_merge,>BSCRO1233-25_r_1.3_s_100_BSCRO1233-25_fcleaner_merge,2768102,YP_010265401.1,family:Paronellidae,null,1403,null,null,0.0,217.0,157.36,163.0,0,99,26,0,0,99.8
BSCRO1146-25_r_1.5_s_100_BSCRO1146-25_fcleaner_merge,BSCRO1146-25,r_1.5_s_100_fcleaner_merge,>BSCRO1146-25_r_1.5_s_100_BSCRO1146-25_fcleaner_merge,187676,YP_009753939.1,genus:Oncopodura,null,579,null,null,0.0,100.0,63.2,67.0,0,7,12,0,0,93.15
BSCRO1167-25_r_1.5_s_50_BSCRO1167-25_fcleaner_merge,BSCRO1167-25,r_1.5_s_50_fcleaner_merge,>BSCRO1167-25_r_1.5_s_50_BSCRO1167-25_fcleaner_merge,3139678,UFX54039.1,subfamily:Onychiurinae,null,1717,null,null,0.0,219.0,152.37,171.0,0,208,75,0,0,98.63
BSCRO1209-25_r_1.3_s_50_BSCRO1209-25_fcleaner_merge,BSCRO1209-25,r_1.3_s_50_fcleaner_merge,>BSCRO1209-25_r_1.3_s_50_BSCRO1209-25_fcleaner_merge,1136003,QGZ08860.1,genus:Neelus,null,690,null,null,37.0,77.0,56.38,56.0,0,37,19,0,0,100.0
BSCRO1160-25_r_1.5_s_50_BSCRO1160-25_fcleaner_merge,BSCRO1160-25,r_1.5_s_50_fcleaner_merge,>BSCRO1160-25_r_1.5_s_50_BSCRO1160-25_fcleaner_merge,187676,YP_009753939.1,genus:Oncopodura,null,969,null,null,0.0,159.0,104.45,113.0,0,22,14,0,0,98.24
BSCRO1195-25_r_1.3_s_100_BSCRO1195-25_fcleaner_merge,BSCRO1195-25,r_1.3_s_100_fcleaner_merge,>BSCRO1195-25_r_1.3_s_100_BSCRO1195-25_fcleaner_merge,187632,UFX54039.1,subfamily:Onychiurinae,null,2045,null,null,0.0,256.0,197.73,204.0,0,102,126,0,0,99.8
BSCRO1202-25_r_1.5_s_50_BSCRO1202-25_fcleaner_merge,BSCRO1202-25,r_1.5_s_50_fcleaner_merge,>BSCRO1202-25_r_1.5_s_50_BSCRO1202-25_fcleaner_merge,1136003,QGZ08860.1,genus:Neelus,null,178,null,null,0.0,25.0,11.91,12.0,0,26,7,0,0,99.8
BSCRO1205-25_r_1_s_100_BSCRO1205-25_fcleaner_merge,BSCRO1205-25,r_1_s_100_fcleaner_merge,>BSCRO1205-25_r_1_s_100_BSCRO1205-25_fcleaner_merge,2768102,YP_010265401.1,family:Paronellidae,null,1245,null,null,0.0,157.0,114.47,120.0,0,126,26,0,0,99.8
BSCRO1211-25_r_1.3_s_100_BSCRO1211-25_fcleaner_merge,BSCRO1211-25,r_1.3_s_100_fcleaner_merge,>BSCRO1211-25_r_1.3_s_100_BSCRO1211-25_fcleaner_merge,2768102,YP_010265401.1,family:Paronellidae,null,2393,null,null,0.0,326.0,248.03,264.0,0,215,28,0,0,99.8
BSCRO1203-25_r_1.5_s_100_BSCRO1203-25_fcleaner_merge,BSCRO1203-25,r_1.5_s_100_fcleaner_merge,>BSCRO1203-25_r_1.5_s_100_BSCRO1203-25_fcleaner_merge,2768102,YP_010265401.1,family:Paronellidae,null,976,null,null,0.0,147.0,92.15,99.0,0,98,20,0,0,99.8
BSCRO1191-25_r_1.5_s_100_BSCRO1191-25_fcleaner_merge,BSCRO1191-25,r_1.5_s_100_fcleaner_merge,>BSCRO1191-25_r_1.5_s_100_BSCRO1191-25_fcleaner_merge,2926737,QIT06492.1,family:Sminthuridae,null,110,null,null,0.0,44.0,8.17,3.0,0,12,3,0,0,60.08
BSCRO1141-25_r_1.5_s_100_BSCRO1141-25_fcleaner_merge,BSCRO1141-25,r_1.5_s_100_fcleaner_merge,>BSCRO1141-25_r_1.5_s_100_BSCRO1141-25_fcleaner_merge,187676,YP_009753939.1,genus:Oncopodura,null,82,null,null,0.0,12.0,5.49,6.0,0,22,3,0,0,88.26
BSCRO1149-25_r_1.3_s_50_BSCRO1149-25_fcleaner_merge,BSCRO1149-25,r_1.3_s_50_fcleaner_merge,>BSCRO1149-25_r_1.3_s_50_BSCRO1149-25_fcleaner_merge,187676,YP_009753939.1,genus:Oncopodura,null,553,null,null,0.0,80.0,58.7,61.0,0,45,11,0,0,99.41
BSCRO1229-25_r_1.3_s_100_BSCRO1229-25_fcleaner_merge,BSCRO1229-25,r_1.3_s_100_fcleaner_merge,>BSCRO1229-25_r_1.3_s_100_BSCRO1229-25_fcleaner_merge,2768102,YP_010265401.1,family:Paronellidae,null,1087,null,null,0.0,148.0,118.4,120.0,0,33,24,0,0,99.8
BSCRO1181-25_r_1.5_s_50_BSCRO1181-25_fcleaner_merge,BSCRO1181-25,r_1.5_s_50_fcleaner_merge,>BSCRO1181-25_r_1.5_s_50_BSCRO1181-25_fcleaner_merge,3139678,UFX54039.1,subfamily:Onychiurinae,null,452,null,null,0.0,76.0,45.36,46.0,0,53,40,0,0,99.8
BSCRO1167-25_r_1.5_s_100_BSCRO1167-25_fcleaner_merge,BSCRO1167-25,r_1.5_s_100_fcleaner_merge,>BSCRO1167-25_r_1.5_s_100_BSCRO1167-25_fcleaner_merge,3139678,UFX54039.1,subfamily:Onychiurinae,null,1643,null,null,0.0,215.0,149.75,169.0,0,142,73,0,0,98.63
BSCRO1162-25_r_1_s_50_BSCRO1162-25_fcleaner_merge,BSCRO1162-25,r_1_s_50_fcleaner_merge,>BSCRO1162-25_r_1_s_50_BSCRO1162-25_fcleaner_merge,187676,YP_009753939.1,genus:Oncopodura,null,231,null,null,3.0,41.0,17.5,16.0,0,46,17,0,0,100.0
BSCRO1162-25_r_1.3_s_100_BSCRO1162-25_fcleaner_merge,BSCRO1162-25,r_1.3_s_100_fcleaner_merge,>BSCRO1162-25_r_1.3_s_100_BSCRO1162-25_fcleaner_merge,187676,YP_009753939.1,genus:Oncopodura,null,144,null,null,0.0,34.0,13.99,13.0,0,6,4,0,0,99.41
BSCRO1183-25_r_1.3_s_100_BSCRO1183-25_fcleaner_merge,BSCRO1183-25,r_1.3_s_100_fcleaner_merge,>BSCRO1183-25_r_1.3_s_100_BSCRO1183-25_fcleaner_merge,2926737,QIT06492.1,family:Sminthuridae,null,427,null,null,0.0,121.0,48.47,48.0,0,2,12,0,3,85.22
BSCRO1149-25_r_1.5_s_50_BSCRO1149-25_fcleaner_merge,BSCRO1149-25,r_1.5_s_50_fcleaner_merge,>BSCRO1149-25_r_1.5_s_50_BSCRO1149-25_fcleaner_merge,187676,YP_009753939.1,genus:Oncopodura,null,469,null,null,0.0,73.0,51.3,57.0,0,22,6,0,0,97.26
BSCRO1223-25_r_1.5_s_50_BSCRO1223-25_fcleaner_merge,BSCRO1223-25,r_1.5_s_50_fcleaner_merge,>BSCRO1223-25_r_1.5_s_50_BSCRO1223-25_fcleaner_merge,1765952,XCD10116.1,subfamily:Heteromurinae,null,795,null,null,0.0,125.0,78.74,83.0,0,72,13,0,0,99.61
BSCRO1168-25_r_1_s_50_BSCRO1168-25_fcleaner_merge,BSCRO1168-25,r_1_s_50_fcleaner_merge,>BSCRO1168-25_r_1_s_50_BSCRO1168-25_fcleaner_merge,3139678,UFX54039.1,subfamily:Onychiurinae,null,1511,null,null,0.0,247.0,130.1,130.0,0,154,58,0,0,99.61
BSCRO1173-25_r_1.3_s_100_BSCRO1173-25_fcleaner_merge,BSCRO1173-25,r_1.3_s_100_fcleaner_merge,>BSCRO1173-25_r_1.3_s_100_BSCRO1173-25_fcleaner_merge,3139678,UFX54039.1,subfamily:Onychiurinae,null,360,null,null,0.0,59.0,40.76,40.0,0,19,20,0,0,99.8
BSCRO1156-25_r_1_s_50_BSCRO1156-25_fcleaner_merge,BSCRO1156-25,r_1_s_50_fcleaner_merge,>BSCRO1156-25_r_1_s_50_BSCRO1156-25_fcleaner_merge,187676,YP_009753939.1,genus:Oncopodura,null,804,null,null,0.0,109.0,78.69,77.0,0,38,24,0,0,99.41
BSCRO1146-25_r_1_s_100_BSCRO1146-25_fcleaner_merge,BSCRO1146-25,r_1_s_100_fcleaner_merge,>BSCRO1146-25_r_1_s_100_BSCRO1146-25_fcleaner_merge,187676,YP_009753939.1,genus:Oncopodura,null,760,null,null,0.0,111.0,80.0,84.0,0,18,13,0,0,99.41
BSCRO1150-25_r_1_s_100_BSCRO1150-25_fcleaner_merge,BSCRO1150-25,r_1_s_100_fcleaner_merge,>BSCRO1150-25_r_1_s_100_BSCRO1150-25_fcleaner_merge,187676,YP_009753939.1,genus:Oncopodura,null,751,null,null,0.0,116.0,88.19,87.0,0,6,9,0,0,99.41
BSCRO1212-25_r_1_s_50_BSCRO1212-25_fcleaner_merge,BSCRO1212-25,r_1_s_50_fcleaner_merge,>BSCRO1212-25_r_1_s_50_BSCRO1212-25_fcleaner_merge,2772100,AJK28732.1,genus:Pseudosinella,null,940,null,null,38.0,297.0,71.6,65.0,0,149,37,0,0,100.0
BSCRO1227-25_r_1_s_50_BSCRO1227-25_fcleaner_merge,BSCRO1227-25,r_1_s_50_fcleaner_merge,>BSCRO1227-25_r_1_s_50_BSCRO1227-25_fcleaner_merge,2768102,YP_010265401.1,family:Paronellidae,null,1303,null,null,0.0,186.0,126.12,129.0,0,243,28,0,0,99.8
BSCRO1194-25_r_1.3_s_100_BSCRO1194-25_fcleaner_merge,BSCRO1194-25,r_1.3_s_100_fcleaner_merge,>BSCRO1194-25_r_1.3_s_100_BSCRO1194-25_fcleaner_merge,370027,QFX74494.1,genus:Isotomurus,null,594,null,null,36.0,84.0,63.77,64.0,0,7,13,0,0,100.0
BSCRO1156-25_r_1_s_100_BSCRO1156-25_fcleaner_merge,BSCRO1156-25,r_1_s_100_fcleaner_merge,>BSCRO1156-25_r_1_s_100_BSCRO1156-25_fcleaner_merge,187676,YP_009753939.1,genus:Oncopodura,null,666,null,null,0.0,106.0,73.36,72.0,0,8,11,0,0,99.41
BSCRO1218-25_r_1.5_s_100_BSCRO1218-25_fcleaner_merge,BSCRO1218-25,r_1.5_s_100_fcleaner_merge,>BSCRO1218-25_r_1.5_s_100_BSCRO1218-25_fcleaner_merge,187632,UFX54039.1,subfamily:Onychiurinae,null,955,null,null,0.0,143.0,96.52,102.0,0,33,23,0,0,99.8
BSCRO1214-25_r_1.3_s_100_BSCRO1214-25_fcleaner_merge,BSCRO1214-25,r_1.3_s_100_fcleaner_merge,>BSCRO1214-25_r_1.3_s_100_BSCRO1214-25_fcleaner_merge,2772100,AJK28732.1,genus:Pseudosinella,null,1024,null,null,0.0,177.0,116.88,124.0,0,50,27,0,0,98.83
BSCRO1177-25_r_1.5_s_50_BSCRO1177-25_fcleaner_merge,BSCRO1177-25,r_1.5_s_50_fcleaner_merge,>BSCRO1177-25_r_1.5_s_50_BSCRO1177-25_fcleaner_merge,3139678,UFX54039.1,subfamily:Onychiurinae,null,973,null,null,0.0,140.0,104.69,111.0,0,41,79,0,0,99.61
BSCRO1184-25_r_1_s_50_BSCRO1184-25_fcleaner_merge,BSCRO1184-25,r_1_s_50_fcleaner_merge,>BSCRO1184-25_r_1_s_50_BSCRO1184-25_fcleaner_merge,2926737,QIT06492.1,family:Sminthuridae,null,814,null,null,0.0,129.0,83.54,95.0,0,101,37,0,3,95.01
BSCRO1147-25_r_1.5_s_100_BSCRO1147-25_fcleaner_merge,BSCRO1147-25,r_1.5_s_100_fcleaner_merge,>BSCRO1147-25_r_1.5_s_100_BSCRO1147-25_fcleaner_merge,187676,YP_009753939.1,genus:Oncopodura,null,440,null,null,0.0,85.0,49.15,50.0,0,7,9,0,0,93.54
BSCRO1188-25_r_1.5_s_50_BSCRO1188-25_fcleaner_merge,BSCRO1188-25,r_1.5_s_50_fcleaner_merge,>BSCRO1188-25_r_1.5_s_50_BSCRO1188-25_fcleaner_merge,187676,YP_009753939.1,genus:Oncopodura,null,2160,null,null,0.0,346.0,253.5,282.0,0,9,28,0,0,97.46
BSCRO1190-25_r_1_s_100_BSCRO1190-25_fcleaner_merge,BSCRO1190-25,r_1_s_100_fcleaner_merge,>BSCRO1190-25_r_1_s_100_BSCRO1190-25_fcleaner_merge,2926737,QIT06492.1,family:Sminthuridae,null,501,null,null,0.0,82.0,52.36,56.0,0,21,17,0,3,93.47
BSCRO1179-25_r_1_s_100_BSCRO1179-25_fcleaner_merge,BSCRO1179-25,r_1_s_100_fcleaner_merge,>BSCRO1179-25_r_1_s_100_BSCRO1179-25_fcleaner_merge,3139678,UFX54039.1,subfamily:Onychiurinae,null,1103,null,null,0.0,153.0,120.08,127.0,0,39,82,0,0,99.8
BSCRO1164-25_r_1_s_100_BSCRO1164-25_fcleaner_merge,BSCRO1164-25,r_1_s_100_fcleaner_merge,>BSCRO1164-25_r_1_s_100_BSCRO1164-25_fcleaner_merge,187676,YP_009753939.1,genus:Oncopodura,null,400,null,null,0.0,57.0,38.01,38.0,0,16,9,0,0,99.02
BSCRO1166-25_r_1.5_s_100_BSCRO1166-25_fcleaner_merge,BSCRO1166-25,r_1.5_s_100_fcleaner_merge,>BSCRO1166-25_r_1.5_s_100_BSCRO1166-25_fcleaner_merge,187676,YP_009753939.1,genus:Oncopodura,null,1122,null,null,0.0,175.0,117.34,131.0,0,12,26,0,1,93.54
BSCRO1227-25_r_1_s_100_BSCRO1227-25_fcleaner_merge,BSCRO1227-25,r_1_s_100_fcleaner_merge,>BSCRO1227-25_r_1_s_100_BSCRO1227-25_fcleaner_merge,2768102,YP_010265401.1,family:Paronellidae,null,1157,null,null,0.0,176.0,121.09,124.0,0,88,17,0,0,99.8
BSCRO1223-25_r_1.3_s_50_BSCRO1223-25_fcleaner_merge,BSCRO1223-25,r_1.3_s_50_fcleaner_merge,>BSCRO1223-25_r_1.3_s_50_BSCRO1223-25_fcleaner_merge,1765952,XCD10116.1,subfamily:Heteromurinae,null,858,null,null,0.0,126.0,81.88,84.0,0,81,11,0,0,99.61
BSCRO1196-25_r_1_s_100_BSCRO1196-25_fcleaner_merge,BSCRO1196-25,r_1_s_100_fcleaner_merge,>BSCRO1196-25_r_1_s_100_BSCRO1196-25_fcleaner_merge,187632,UFX54039.1,subfamily:Onychiurinae,null,1645,null,null,0.0,631.0,170.84,127.0,0,237,153,0,3,99.8
BSCRO1208-25_r_1.3_s_50_BSCRO1208-25_fcleaner_merge,BSCRO1208-25,r_1.3_s_50_fcleaner_merge,>BSCRO1208-25_r_1.3_s_50_BSCRO1208-25_fcleaner_merge,1136003,QGZ08860.1,genus:Neelus,null,418,null,null,17.0,56.0,32.31,31.0,0,56,21,0,0,100.0
BSCRO1177-25_r_1.5_s_100_BSCRO1177-25_fcleaner_merge,BSCRO1177-25,r_1.5_s_100_fcleaner_merge,>BSCRO1177-25_r_1.5_s_100_BSCRO1177-25_fcleaner_merge,3139678,UFX54039.1,subfamily:Onychiurinae,null,935,null,null,0.0,140.0,102.62,110.0,0,19,76,0,0,99.61
BSCRO1146-25_r_1_s_50_BSCRO1146-25_fcleaner_merge,BSCRO1146-25,r_1_s_50_fcleaner_merge,>BSCRO1146-25_r_1_s_50_BSCRO1146-25_fcleaner_merge,187676,YP_009753939.1,genus:Oncopodura,null,943,null,null,5.0,129.0,86.1,88.0,0,153,32,0,0,100.0
BSCRO1178-25_r_1_s_100_BSCRO1178-25_fcleaner_merge,BSCRO1178-25,r_1_s_100_fcleaner_merge,>BSCRO1178-25_r_1_s_100_BSCRO1178-25_fcleaner_merge,3139678,UFX54039.1,subfamily:Onychiurinae,null,1276,null,null,0.0,199.0,150.23,165.0,0,39,109,0,0,99.8
BSCRO1161-25_r_1.3_s_50_BSCRO1161-25_fcleaner_merge,BSCRO1161-25,r_1.3_s_50_fcleaner_merge,>BSCRO1161-25_r_1.3_s_50_BSCRO1161-25_fcleaner_merge,187676,YP_009753939.1,genus:Oncopodura,null,288,null,null,0.0,45.0,22.36,22.0,0,21,16,0,0,99.41
BSCRO1198-25_r_1.3_s_100_BSCRO1198-25_fcleaner_merge,BSCRO1198-25,r_1.3_s_100_fcleaner_merge,>BSCRO1198-25_r_1.3_s_100_BSCRO1198-25_fcleaner_merge,2768102,YP_010265401.1,family:Paronellidae,null,943,null,null,0.0,145.0,101.5,99.0,0,85,26,0,0,99.8
BSCRO1184-25_r_1.3_s_100_BSCRO1184-25_fcleaner_merge,BSCRO1184-25,r_1.3_s_100_fcleaner_merge,>BSCRO1184-25_r_1.3_s_100_BSCRO1184-25_fcleaner_merge,2926737,QIT06492.1,family:Sminthuridae,null,343,null,null,0.0,110.0,39.14,38.0,0,0,11,0,3,86.76
BSCRO1178-25_r_1_s_50_BSCRO1178-25_fcleaner_merge,BSCRO1178-25,r_1_s_50_fcleaner_merge,>BSCRO1178-25_r_1_s_50_BSCRO1178-25_fcleaner_merge,3139678,UFX54039.1,subfamily:Onychiurinae,null,1391,null,null,0.0,203.0,157.42,171.0,0,73,110,0,0,99.8
BSCRO1178-25_r_1.3_s_50_BSCRO1178-25_fcleaner_merge,BSCRO1178-25,r_1.3_s_50_fcleaner_merge,>BSCRO1178-25_r_1.3_s_50_BSCRO1178-25_fcleaner_merge,3139678,UFX54039.1,subfamily:Onychiurinae,null,1331,null,null,0.0,200.0,152.73,167.0,0,55,109,0,0,99.8
BSCRO1217-25_r_1.3_s_50_BSCRO1217-25_fcleaner_merge,BSCRO1217-25,r_1.3_s_50_fcleaner_merge,>BSCRO1217-25_r_1.3_s_50_BSCRO1217-25_fcleaner_merge,187632,UFX54039.1,subfamily:Onychiurinae,null,857,null,null,0.0,108.0,77.15,78.0,0,85,24,0,0,99.8
BSCRO1147-25_r_1.3_s_50_BSCRO1147-25_fcleaner_merge,BSCRO1147-25,r_1.3_s_50_fcleaner_merge,>BSCRO1147-25_r_1.3_s_50_BSCRO1147-25_fcleaner_merge,187676,YP_009753939.1,genus:Oncopodura,null,590,null,null,0.0,104.0,58.83,59.0,0,32,12,0,0,99.41
BSCRO1228-25_r_1.5_s_50_BSCRO1228-25_fcleaner_merge,BSCRO1228-25,r_1.5_s_50_fcleaner_merge,>BSCRO1228-25_r_1.5_s_50_BSCRO1228-25_fcleaner_merge,1765952,XCD10116.1,subfamily:Heteromurinae,null,1777,null,null,0.0,248.0,180.44,196.5,0,163,25,0,0,99.61
BSCRO1177-25_r_1.3_s_100_BSCRO1177-25_fcleaner_merge,BSCRO1177-25,r_1.3_s_100_fcleaner_merge,>BSCRO1177-25_r_1.3_s_100_BSCRO1177-25_fcleaner_merge,3139678,UFX54039.1,subfamily:Onychiurinae,null,1007,null,null,0.0,144.0,109.79,116.0,0,26,82,0,0,99.61
BSCRO1182-25_r_1.5_s_100_BSCRO1182-25_fcleaner_merge,BSCRO1182-25,r_1.5_s_100_fcleaner_merge,>BSCRO1182-25_r_1.5_s_100_BSCRO1182-25_fcleaner_merge,3139678,UFX54039.1,subfamily:Onychiurinae,null,900,null,null,0.0,156.0,94.77,102.0,0,62,36,0,0,98.83
BSCRO1148-25_r_1_s_100_BSCRO1148-25_fcleaner_merge,BSCRO1148-25,r_1_s_100_fcleaner_merge,>BSCRO1148-25_r_1_s_100_BSCRO1148-25_fcleaner_merge,187676,YP_009753939.1,genus:Oncopodura,null,201,null,null,0.0,40.0,22.36,22.0,0,15,7,0,0,99.41
BSCRO1151-25_r_1_s_100_BSCRO1151-25_fcleaner_merge,BSCRO1151-25,r_1_s_100_fcleaner_merge,>BSCRO1151-25_r_1_s_100_BSCRO1151-25_fcleaner_merge,187676,YP_009753939.1,genus:Oncopodura,null,1117,null,null,0.0,168.0,122.49,124.0,0,26,15,0,0,99.41
BSCRO1144-25_r_1.5_s_50_BSCRO1144-25_fcleaner_merge,BSCRO1144-25,r_1.5_s_50_fcleaner_merge,>BSCRO1144-25_r_1.5_s_50_BSCRO1144-25_fcleaner_merge,2768102,YP_010265401.1,family:Paronellidae,null,375,null,null,0.0,64.0,38.07,40.0,0,81,8,0,0,99.8
BSCRO1210-25_r_1_s_50_BSCRO1210-25_fcleaner_merge,BSCRO1210-25,r_1_s_50_fcleaner_merge,>BSCRO1210-25_r_1_s_50_BSCRO1210-25_fcleaner_merge,2768102,YP_010265401.1,family:Paronellidae,null,2403,null,null,0.0,348.0,251.03,266.0,0,379,36,0,0,99.8
BSCRO1171-25_r_1_s_100_BSCRO1171-25_fcleaner_merge,BSCRO1171-25,r_1_s_100_fcleaner_merge,>BSCRO1171-25_r_1_s_100_BSCRO1171-25_fcleaner_merge,3139678,UFX54039.1,subfamily:Onychiurinae,null,683,null,null,0.0,96.0,68.15,68.0,0,49,21,0,0,99.8
BSCRO1206-25_r_1_s_50_BSCRO1206-25_fcleaner_merge,BSCRO1206-25,r_1_s_50_fcleaner_merge,>BSCRO1206-25_r_1_s_50_BSCRO1206-25_fcleaner_merge,1765952,XCD10116.1,subfamily:Heteromurinae,null,443,null,null,0.0,63.0,31.96,31.5,0,75,21,0,0,99.61
BSCRO1232-25_r_1.3_s_50_BSCRO1232-25_fcleaner_merge,BSCRO1232-25,r_1.3_s_50_fcleaner_merge,>BSCRO1232-25_r_1.3_s_50_BSCRO1232-25_fcleaner_merge,2768102,YP_010265401.1,family:Paronellidae,null,1078,null,null,0.0,154.0,112.86,114.0,0,140,24,0,0,99.8
BSCRO1179-25_r_1.5_s_100_BSCRO1179-25_fcleaner_merge,BSCRO1179-25,r_1.5_s_100_fcleaner_merge,>BSCRO1179-25_r_1.5_s_100_BSCRO1179-25_fcleaner_merge,3139678,UFX54039.1,subfamily:Onychiurinae,null,995,null,null,0.0,143.0,108.82,118.0,0,24,80,0,0,98.83
BSCRO1221-25_r_1_s_100_BSCRO1221-25_fcleaner_merge,BSCRO1221-25,r_1_s_100_fcleaner_merge,>BSCRO1221-25_r_1_s_100_BSCRO1221-25_fcleaner_merge,2768102,YP_010265401.1,family:Paronellidae,null,783,null,null,0.0,111.0,83.67,88.0,0,57,12,0,0,99.8
BSCRO1194-25_r_1.3_s_50_BSCRO1194-25_fcleaner_merge,BSCRO1194-25,r_1.3_s_50_fcleaner_merge,>BSCRO1194-25_r_1.3_s_50_BSCRO1194-25_fcleaner_merge,370027,QFX74494.1,genus:Isotomurus,null,618,null,null,42.0,87.0,64.65,64.0,0,9,12,0,0,100.0
BSCRO1182-25_r_1_s_50_BSCRO1182-25_fcleaner_merge,BSCRO1182-25,r_1_s_50_fcleaner_merge,>BSCRO1182-25_r_1_s_50_BSCRO1182-25_fcleaner_merge,3139678,UFX54039.1,subfamily:Onychiurinae,null,1286,null,null,0.0,364.0,115.22,105.0,0,115,82,0,0,99.8
BSCRO1167-25_r_1_s_50_BSCRO1167-25_fcleaner_merge,BSCRO1167-25,r_1_s_50_fcleaner_merge,>BSCRO1167-25_r_1_s_50_BSCRO1167-25_fcleaner_merge,3139678,UFX54039.1,subfamily:Onychiurinae,null,2134,null,null,0.0,310.0,179.92,186.0,0,240,56,0,0,99.61
BSCRO1192-25_r_1.3_s_50_BSCRO1192-25_fcleaner_merge,BSCRO1192-25,r_1.3_s_50_fcleaner_merge,>BSCRO1192-25_r_1.3_s_50_BSCRO1192-25_fcleaner_merge,370027,QFX74494.1,genus:Isotomurus,null,833,null,null,60.0,110.0,85.41,85.0,0,20,17,0,0,100.0
BSCRO1192-25_r_1_s_50_BSCRO1192-25_fcleaner_merge,BSCRO1192-25,r_1_s_50_fcleaner_merge,>BSCRO1192-25_r_1_s_50_BSCRO1192-25_fcleaner_merge,370027,QFX74494.1,genus:Isotomurus,null,915,null,null,63.0,137.0,89.58,90.0,0,30,28,0,0,100.0
BSCRO1218-25_r_1.3_s_50_BSCRO1218-25_fcleaner_merge,BSCRO1218-25,r_1.3_s_50_fcleaner_merge,>BSCRO1218-25_r_1.3_s_50_BSCRO1218-25_fcleaner_merge,187632,UFX54039.1,subfamily:Onychiurinae,null,1126,null,null,0.0,150.0,106.9,110.0,0,91,28,0,0,99.8
BSCRO1201-25_r_1.5_s_100_BSCRO1201-25_fcleaner_merge,BSCRO1201-25,r_1.5_s_100_fcleaner_merge,>BSCRO1201-25_r_1.5_s_100_BSCRO1201-25_fcleaner_merge,1765952,XCD10116.1,subfamily:Heteromurinae,null,621,null,null,0.0,81.0,62.62,65.0,0,17,37,0,0,99.61
BSCRO1185-25_r_1.3_s_50_BSCRO1185-25_fcleaner_merge,BSCRO1185-25,r_1.3_s_50_fcleaner_merge,>BSCRO1185-25_r_1.3_s_50_BSCRO1185-25_fcleaner_merge,2926737,QIT06492.1,family:Sminthuridae,null,334,null,null,0.0,123.0,36.61,35.0,0,27,11,0,3,87.52
BSCRO1179-25_r_1.3_s_50_BSCRO1179-25_fcleaner_merge,BSCRO1179-25,r_1.3_s_50_fcleaner_merge,>BSCRO1179-25_r_1.3_s_50_BSCRO1179-25_fcleaner_merge,3139678,UFX54039.1,subfamily:Onychiurinae,null,1138,null,null,0.0,157.0,121.81,129.0,0,56,83,0,0,99.8
BSCRO1144-25_r_1.3_s_50_BSCRO1144-25_fcleaner_merge,BSCRO1144-25,r_1.3_s_50_fcleaner_merge,>BSCRO1144-25_r_1.3_s_50_BSCRO1144-25_fcleaner_merge,2768102,YP_010265401.1,family:Paronellidae,null,441,null,null,0.0,68.0,43.05,42.0,0,130,9,0,0,99.8
BSCRO1216-25_r_1_s_50_BSCRO1216-25_fcleaner_merge,BSCRO1216-25,r_1_s_50_fcleaner_merge,>BSCRO1216-25_r_1_s_50_BSCRO1216-25_fcleaner_merge,187632,UFX54039.1,subfamily:Onychiurinae,null,1789,null,null,0.0,225.0,177.47,178.0,0,144,44,0,0,99.8
BSCRO1183-25_r_1.3_s_50_BSCRO1183-25_fcleaner_merge,BSCRO1183-25,r_1.3_s_50_fcleaner_merge,>BSCRO1183-25_r_1.3_s_50_BSCRO1183-25_fcleaner_merge,2926737,QIT06492.1,family:Sminthuridae,null,477,null,null,0.0,128.0,50.62,49.0,0,61,17,0,3,88.68
BSCRO1170-25_r_1_s_100_BSCRO1170-25_fcleaner_merge,BSCRO1170-25,r_1_s_100_fcleaner_merge,>BSCRO1170-25_r_1_s_100_BSCRO1170-25_fcleaner_merge,3139678,UFX54039.1,subfamily:Onychiurinae,null,3105,null,null,7.0,449.0,365.28,376.0,0,90,280,0,0,100.0
BSCRO1185-25_r_1_s_50_BSCRO1185-25_fcleaner_merge,BSCRO1185-25,r_1_s_50_fcleaner_merge,>BSCRO1185-25_r_1_s_50_BSCRO1185-25_fcleaner_merge,2926737,QIT06492.1,family:Sminthuridae,null,625,null,null,0.0,125.0,64.48,67.0,0,56,28,0,3,96.35
BSCRO1205-25_r_1.3_s_100_BSCRO1205-25_fcleaner_merge,BSCRO1205-25,r_1.3_s_100_fcleaner_merge,>BSCRO1205-25_r_1.3_s_100_BSCRO1205-25_fcleaner_merge,2768102,YP_010265401.1,family:Paronellidae,null,1230,null,null,0.0,157.0,113.47,120.0,0,123,25,0,0,99.8
BSCRO1217-25_r_1.3_s_100_BSCRO1217-25_fcleaner_merge,BSCRO1217-25,r_1.3_s_100_fcleaner_merge,>BSCRO1217-25_r_1.3_s_100_BSCRO1217-25_fcleaner_merge,187632,UFX54039.1,subfamily:Onychiurinae,null,748,null,null,0.0,106.0,72.86,75.0,0,37,18,0,0,99.8
BSCRO1209-25_r_1.5_s_50_BSCRO1209-25_fcleaner_merge,BSCRO1209-25,r_1.5_s_50_fcleaner_merge,>BSCRO1209-25_r_1.5_s_50_BSCRO1209-25_fcleaner_merge,1136003,QGZ08860.1,genus:Neelus,null,604,null,null,4.0,75.0,50.9,52.0,0,28,18,0,0,100.0
BSCRO1205-25_r_1.5_s_50_BSCRO1205-25_fcleaner_merge,BSCRO1205-25,r_1.5_s_50_fcleaner_merge,>BSCRO1205-25_r_1.5_s_50_BSCRO1205-25_fcleaner_merge,2768102,YP_010265401.1,family:Paronellidae,null,1182,null,null,0.0,159.0,106.75,121.0,0,167,21,0,0,99.8
BSCRO1189-25_r_1.3_s_100_BSCRO1189-25_fcleaner_merge,BSCRO1189-25,r_1.3_s_100_fcleaner_merge,>BSCRO1189-25_r_1.3_s_100_BSCRO1189-25_fcleaner_merge,2926737,QIT06492.1,family:Sminthuridae,null,249,null,null,0.0,68.0,25.05,21.0,0,1,5,0,3,88.1
BSCRO1160-25_r_1.3_s_50_BSCRO1160-25_fcleaner_merge,BSCRO1160-25,r_1.3_s_50_fcleaner_merge,>BSCRO1160-25_r_1.3_s_50_BSCRO1160-25_fcleaner_merge,187676,YP_009753939.1,genus:Oncopodura,null,1103,null,null,0.0,161.0,115.27,120.0,0,35,21,0,0,99.02
BSCRO1193-25_r_1.5_s_50_BSCRO1193-25_fcleaner_merge,BSCRO1193-25,r_1.5_s_50_fcleaner_merge,>BSCRO1193-25_r_1.5_s_50_BSCRO1193-25_fcleaner_merge,370027,QFX74494.1,genus:Isotomurus,null,945,null,null,58.0,132.0,92.22,91.0,0,8,14,0,0,100.0
BSCRO1173-25_r_1.3_s_50_BSCRO1173-25_fcleaner_merge,BSCRO1173-25,r_1.3_s_50_fcleaner_merge,>BSCRO1173-25_r_1.3_s_50_BSCRO1173-25_fcleaner_merge,3139678,UFX54039.1,subfamily:Onychiurinae,null,378,null,null,0.0,61.0,41.78,41.0,0,40,21,0,0,99.8
BSCRO1159-25_r_1_s_50_BSCRO1159-25_fcleaner_merge,BSCRO1159-25,r_1_s_50_fcleaner_merge,>BSCRO1159-25_r_1_s_50_BSCRO1159-25_fcleaner_merge,187676,YP_009753939.1,genus:Oncopodura,null,1752,null,null,2.0,276.0,190.58,192.0,0,115,62,0,0,100.0
BSCRO1160-25_r_1_s_100_BSCRO1160-25_fcleaner_merge,BSCRO1160-25,r_1_s_100_fcleaner_merge,>BSCRO1160-25_r_1_s_100_BSCRO1160-25_fcleaner_merge,187676,YP_009753939.1,genus:Oncopodura,null,1075,null,null,0.0,160.0,117.63,118.0,0,17,16,0,0,99.02
BSCRO1170-25_r_1.3_s_100_BSCRO1170-25_fcleaner_merge,BSCRO1170-25,r_1.3_s_100_fcleaner_merge,>BSCRO1170-25_r_1.3_s_100_BSCRO1170-25_fcleaner_merge,3139678,UFX54039.1,subfamily:Onychiurinae,null,2966,null,null,3.0,435.0,350.22,363.0,0,90,267,0,0,100.0
BSCRO1189-25_r_1.3_s_50_BSCRO1189-25_fcleaner_merge,BSCRO1189-25,r_1.3_s_50_fcleaner_merge,>BSCRO1189-25_r_1.3_s_50_BSCRO1189-25_fcleaner_merge,2926737,QIT06492.1,family:Sminthuridae,null,297,null,null,0.0,69.0,26.72,24.0,0,21,7,0,3,93.67
BSCRO1187-25_r_1_s_100_BSCRO1187-25_fcleaner_merge,BSCRO1187-25,r_1_s_100_fcleaner_merge,>BSCRO1187-25_r_1_s_100_BSCRO1187-25_fcleaner_merge,2926737,QIT06492.1,family:Sminthuridae,null,475,null,null,0.0,83.0,51.73,54.0,0,9,7,0,3,93.09
BSCRO1153-25_r_1.3_s_100_BSCRO1153-25_fcleaner_merge,BSCRO1153-25,r_1.3_s_100_fcleaner_merge,>BSCRO1153-25_r_1.3_s_100_BSCRO1153-25_fcleaner_merge,187676,YP_009753939.1,genus:Oncopodura,null,1006,null,null,0.0,164.0,110.28,118.0,0,10,13,0,0,99.41
BSCRO1179-25_r_1.3_s_100_BSCRO1179-25_fcleaner_merge,BSCRO1179-25,r_1.3_s_100_fcleaner_merge,>BSCRO1179-25_r_1.3_s_100_BSCRO1179-25_fcleaner_merge,3139678,UFX54039.1,subfamily:Onychiurinae,null,1080,null,null,0.0,149.0,117.84,126.0,0,36,85,0,0,99.8
BSCRO1155-25_r_1_s_100_BSCRO1155-25_fcleaner_merge,BSCRO1155-25,r_1_s_100_fcleaner_merge,>BSCRO1155-25_r_1_s_100_BSCRO1155-25_fcleaner_merge,2768102,YP_010265401.1,family:Paronellidae,null,1795,null,null,0.0,267.0,199.99,201.0,0,15,21,0,0,99.8
BSCRO1151-25_r_1.5_s_50_BSCRO1151-25_fcleaner_merge,BSCRO1151-25,r_1.5_s_50_fcleaner_merge,>BSCRO1151-25_r_1.5_s_50_BSCRO1151-25_fcleaner_merge,187676,YP_009753939.1,genus:Oncopodura,null,967,null,null,0.0,154.0,104.9,117.0,0,23,13,0,0,98.04
BSCRO1221-25_r_1.5_s_50_BSCRO1221-25_fcleaner_merge,BSCRO1221-25,r_1.5_s_50_fcleaner_merge,>BSCRO1221-25_r_1.5_s_50_BSCRO1221-25_fcleaner_merge,2768102,YP_010265401.1,family:Paronellidae,null,757,null,null,0.0,112.0,78.62,87.0,0,102,14,0,0,99.8
BSCRO1231-25_r_1.3_s_100_BSCRO1231-25_fcleaner_merge,BSCRO1231-25,r_1.3_s_100_fcleaner_merge,>BSCRO1231-25_r_1.3_s_100_BSCRO1231-25_fcleaner_merge,2768102,YP_010265401.1,family:Paronellidae,null,975,null,null,0.0,158.0,106.57,113.0,0,46,14,0,0,99.8
BSCRO1216-25_r_1.3_s_50_BSCRO1216-25_fcleaner_merge,BSCRO1216-25,r_1.3_s_50_fcleaner_merge,>BSCRO1216-25_r_1.3_s_50_BSCRO1216-25_fcleaner_merge,187632,UFX54039.1,subfamily:Onychiurinae,null,1710,null,null,0.0,225.0,175.01,173.0,0,114,36,0,0,99.8
BSCRO1162-25_r_1.5_s_100_BSCRO1162-25_fcleaner_merge,BSCRO1162-25,r_1.5_s_100_fcleaner_merge,>BSCRO1162-25_r_1.5_s_100_BSCRO1162-25_fcleaner_merge,187676,YP_009753939.1,genus:Oncopodura,null,129,null,null,0.0,30.0,12.76,12.0,0,4,2,0,0,93.54
BSCRO1180-25_r_1.3_s_50_BSCRO1180-25_fcleaner_merge,BSCRO1180-25,r_1.3_s_50_fcleaner_merge,>BSCRO1180-25_r_1.3_s_50_BSCRO1180-25_fcleaner_merge,3139678,UFX54039.1,subfamily:Onychiurinae,null,705,null,null,0.0,103.0,71.43,72.0,0,86,28,0,0,99.8
BSCRO1234-25_r_1.3_s_50_BSCRO1234-25_fcleaner_merge,BSCRO1234-25,r_1.3_s_50_fcleaner_merge,>BSCRO1234-25_r_1.3_s_50_BSCRO1234-25_fcleaner_merge,2768102,YP_010265401.1,family:Paronellidae,null,860,null,null,0.0,110.0,89.51,91.0,0,102,16,0,0,99.8
BSCRO1165-25_r_1.5_s_50_BSCRO1165-25_fcleaner_merge,BSCRO1165-25,r_1.5_s_50_fcleaner_merge,>BSCRO1165-25_r_1.5_s_50_BSCRO1165-25_fcleaner_merge,187676,YP_009753939.1,genus:Oncopodura,null,879,null,null,0.0,134.0,92.95,102.0,0,8,10,0,0,96.87
BSCRO1235-25_r_1_s_100_BSCRO1235-25_fcleaner_merge,BSCRO1235-25,r_1_s_100_fcleaner_merge,>BSCRO1235-25_r_1_s_100_BSCRO1235-25_fcleaner_merge,2768102,YP_010265401.1,family:Paronellidae,null,1069,null,null,0.0,141.0,99.59,106.0,0,127,25,0,0,99.8
BSCRO1161-25_r_1_s_100_BSCRO1161-25_fcleaner_merge,BSCRO1161-25,r_1_s_100_fcleaner_merge,>BSCRO1161-25_r_1_s_100_BSCRO1161-25_fcleaner_merge,187676,YP_009753939.1,genus:Oncopodura,null,230,null,null,0.0,38.0,21.66,21.0,0,8,7,0,0,99.41
BSCRO1188-25_r_1_s_100_BSCRO1188-25_fcleaner_merge,BSCRO1188-25,r_1_s_100_fcleaner_merge,>BSCRO1188-25_r_1_s_100_BSCRO1188-25_fcleaner_merge,187676,YP_009753939.1,genus:Oncopodura,null,2479,null,null,0.0,362.0,293.44,309.0,0,6,29,0,0,99.02
BSCRO1144-25_r_1_s_50_BSCRO1144-25_fcleaner_merge,BSCRO1144-25,r_1_s_50_fcleaner_merge,>BSCRO1144-25_r_1_s_50_BSCRO1144-25_fcleaner_merge,2768102,YP_010265401.1,family:Paronellidae,null,475,null,null,0.0,68.0,44.89,45.0,0,184,18,0,0,99.8
BSCRO1175-25_r_1_s_50_BSCRO1175-25_fcleaner_merge,BSCRO1175-25,r_1_s_50_fcleaner_merge,>BSCRO1175-25_r_1_s_50_BSCRO1175-25_fcleaner_merge,187632,UFX54039.1,subfamily:Onychiurinae,null,1009,null,null,51.0,157.0,106.92,106.0,0,281,85,0,0,100.0
BSCRO1181-25_r_1_s_100_BSCRO1181-25_fcleaner_merge,BSCRO1181-25,r_1_s_100_fcleaner_merge,>BSCRO1181-25_r_1_s_100_BSCRO1181-25_fcleaner_merge,3139678,UFX54039.1,subfamily:Onychiurinae,null,485,null,null,0.0,77.0,49.33,49.0,0,39,45,0,0,99.8
BSCRO1145-25_r_1_s_50_BSCRO1145-25_fcleaner_merge,BSCRO1145-25,r_1_s_50_fcleaner_merge,>BSCRO1145-25_r_1_s_50_BSCRO1145-25_fcleaner_merge,2768102,YP_010265401.1,family:Paronellidae,null,573,null,null,0.0,77.0,55.45,55.0,0,170,19,0,0,99.8
BSCRO1200-25_r_1.5_s_50_BSCRO1200-25_fcleaner_merge,BSCRO1200-25,r_1.5_s_50_fcleaner_merge,>BSCRO1200-25_r_1.5_s_50_BSCRO1200-25_fcleaner_merge,1765952,XCD10116.1,subfamily:Heteromurinae,null,1493,null,null,0.0,185.0,142.22,145.0,0,74,52,0,0,99.61
BSCRO1226-25_r_1.5_s_50_BSCRO1226-25_fcleaner_merge,BSCRO1226-25,r_1.5_s_50_fcleaner_merge,>BSCRO1226-25_r_1.5_s_50_BSCRO1226-25_fcleaner_merge,2768102,YP_010265401.1,family:Paronellidae,null,1637,null,null,0.0,273.0,177.32,188.0,0,183,22,0,0,99.8
BSCRO1152-25_r_1.3_s_50_BSCRO1152-25_fcleaner_merge,BSCRO1152-25,r_1.3_s_50_fcleaner_merge,>BSCRO1152-25_r_1.3_s_50_BSCRO1152-25_fcleaner_merge,187676,YP_009753939.1,genus:Oncopodura,null,1084,null,null,0.0,152.0,104.17,109.0,0,34,23,0,0,99.41
BSCRO1180-25_r_1.3_s_100_BSCRO1180-25_fcleaner_merge,BSCRO1180-25,r_1.3_s_100_fcleaner_merge,>BSCRO1180-25_r_1.3_s_100_BSCRO1180-25_fcleaner_merge,3139678,UFX54039.1,subfamily:Onychiurinae,null,679,null,null,0.0,103.0,69.86,70.0,0,46,28,0,0,99.8
BSCRO1210-25_r_1.3_s_100_BSCRO1210-25_fcleaner_merge,BSCRO1210-25,r_1.3_s_100_fcleaner_merge,>BSCRO1210-25_r_1.3_s_100_BSCRO1210-25_fcleaner_merge,2768102,YP_010265401.1,family:Paronellidae,null,2251,null,null,0.0,342.0,244.14,260.0,0,220,25,0,0,99.8
BSCRO1230-25_r_1_s_50_BSCRO1230-25_fcleaner_merge,BSCRO1230-25,r_1_s_50_fcleaner_merge,>BSCRO1230-25_r_1_s_50_BSCRO1230-25_fcleaner_merge,1765952,XCD10116.1,subfamily:Heteromurinae,null,1302,null,null,0.0,149.0,118.59,119.0,0,111,42,0,0,99.61
BSCRO1227-25_r_1.5_s_100_BSCRO1227-25_fcleaner_merge,BSCRO1227-25,r_1.5_s_100_fcleaner_merge,>BSCRO1227-25_r_1.5_s_100_BSCRO1227-25_fcleaner_merge,2768102,YP_010265401.1,family:Paronellidae,null,1061,null,null,0.0,175.0,112.04,119.0,0,82,15,0,0,99.8
BSCRO1229-25_r_1_s_50_BSCRO1229-25_fcleaner_merge,BSCRO1229-25,r_1_s_50_fcleaner_merge,>BSCRO1229-25_r_1_s_50_BSCRO1229-25_fcleaner_merge,2768102,YP_010265401.1,family:Paronellidae,null,1310,null,null,0.0,163.0,127.41,128.0,0,116,42,0,0,99.8
BSCRO1222-25_r_1_s_50_BSCRO1222-25_fcleaner_merge,BSCRO1222-25,r_1_s_50_fcleaner_merge,>BSCRO1222-25_r_1_s_50_BSCRO1222-25_fcleaner_merge,2768102,YP_010265401.1,family:Paronellidae,null,824,null,null,0.0,112.0,75.79,76.0,0,182,21,0,0,99.8
BSCRO1225-25_r_1.3_s_50_BSCRO1225-25_fcleaner_merge,BSCRO1225-25,r_1.3_s_50_fcleaner_merge,>BSCRO1225-25_r_1.3_s_50_BSCRO1225-25_fcleaner_merge,2768102,YP_010265401.1,family:Paronellidae,null,2271,null,null,0.0,307.0,231.36,238.0,0,220,45,0,0,99.8
BSCRO1215-25_r_1.3_s_50_BSCRO1215-25_fcleaner_merge,BSCRO1215-25,r_1.3_s_50_fcleaner_merge,>BSCRO1215-25_r_1.3_s_50_BSCRO1215-25_fcleaner_merge,2768102,YP_010265401.1,family:Paronellidae,null,889,null,null,0.0,113.0,86.48,88.0,0,101,18,0,0,99.8
BSCRO1183-25_r_1.5_s_50_BSCRO1183-25_fcleaner_merge,BSCRO1183-25,r_1.5_s_50_fcleaner_merge,>BSCRO1183-25_r_1.5_s_50_BSCRO1183-25_fcleaner_merge,2926737,QIT06492.1,family:Sminthuridae,null,165,null,null,0.0,61.0,13.07,6.0,0,14,8,0,0,69.29
BSCRO1152-25_r_1_s_50_BSCRO1152-25_fcleaner_merge,BSCRO1152-25,r_1_s_50_fcleaner_merge,>BSCRO1152-25_r_1_s_50_BSCRO1152-25_fcleaner_merge,187676,YP_009753939.1,genus:Oncopodura,null,1265,null,null,12.0,163.0,115.2,115.0,0,102,39,0,0,100.0
BSCRO1148-25_r_1.3_s_100_BSCRO1148-25_fcleaner_merge,BSCRO1148-25,r_1.3_s_100_fcleaner_merge,>BSCRO1148-25_r_1.3_s_100_BSCRO1148-25_fcleaner_merge,187676,YP_009753939.1,genus:Oncopodura,null,169,null,null,0.0,37.0,19.32,20.0,0,4,6,0,0,99.41
BSCRO1204-25_r_1.3_s_50_BSCRO1204-25_fcleaner_merge,BSCRO1204-25,r_1.3_s_50_fcleaner_merge,>BSCRO1204-25_r_1.3_s_50_BSCRO1204-25_fcleaner_merge,2768102,YP_010265401.1,family:Paronellidae,null,914,null,null,0.0,131.0,83.24,82.0,0,157,23,0,0,99.8
BSCRO1182-25_r_1.3_s_50_BSCRO1182-25_fcleaner_merge,BSCRO1182-25,r_1.3_s_50_fcleaner_merge,>BSCRO1182-25_r_1.3_s_50_BSCRO1182-25_fcleaner_merge,3139678,UFX54039.1,subfamily:Onychiurinae,null,1007,null,null,0.0,157.0,104.38,104.0,0,98,41,0,0,99.8
BSCRO1144-25_r_1_s_100_BSCRO1144-25_fcleaner_merge,BSCRO1144-25,r_1_s_100_fcleaner_merge,>BSCRO1144-25_r_1_s_100_BSCRO1144-25_fcleaner_merge,2768102,YP_010265401.1,family:Paronellidae,null,402,null,null,0.0,66.0,42.39,42.0,0,69,7,0,0,99.8
BSCRO1169-25_r_1.3_s_50_BSCRO1169-25_fcleaner_merge,BSCRO1169-25,r_1.3_s_50_fcleaner_merge,>BSCRO1169-25_r_1.3_s_50_BSCRO1169-25_fcleaner_merge,3139678,UFX54039.1,subfamily:Onychiurinae,null,2305,null,null,5.0,309.0,237.14,241.0,0,120,176,0,0,100.0
BSCRO1152-25_r_1.5_s_100_BSCRO1152-25_fcleaner_merge,BSCRO1152-25,r_1.5_s_100_fcleaner_merge,>BSCRO1152-25_r_1.5_s_100_BSCRO1152-25_fcleaner_merge,187676,YP_009753939.1,genus:Oncopodura,null,801,null,null,0.0,136.0,85.76,92.0,0,9,18,0,0,93.54
BSCRO1162-25_r_1_s_100_BSCRO1162-25_fcleaner_merge,BSCRO1162-25,r_1_s_100_fcleaner_merge,>BSCRO1162-25_r_1_s_100_BSCRO1162-25_fcleaner_merge,187676,YP_009753939.1,genus:Oncopodura,null,153,null,null,0.0,34.0,14.86,14.0,0,12,4,0,0,99.41
BSCRO1186-25_r_1.3_s_100_BSCRO1186-25_fcleaner_merge,BSCRO1186-25,r_1.3_s_100_fcleaner_merge,>BSCRO1186-25_r_1.3_s_100_BSCRO1186-25_fcleaner_merge,2926737,QIT06492.1,family:Sminthuridae,null,194,null,null,0.0,60.0,19.1,19.0,0,1,6,0,3,86.76
BSCRO1227-25_r_1.5_s_50_BSCRO1227-25_fcleaner_merge,BSCRO1227-25,r_1.5_s_50_fcleaner_merge,>BSCRO1227-25_r_1.5_s_50_BSCRO1227-25_fcleaner_merge,2768102,YP_010265401.1,family:Paronellidae,null,1112,null,null,0.0,176.0,114.28,120.0,0,138,17,0,0,99.8
BSCRO1169-25_r_1.5_s_50_BSCRO1169-25_fcleaner_merge,BSCRO1169-25,r_1.5_s_50_fcleaner_merge,>BSCRO1169-25_r_1.5_s_50_BSCRO1169-25_fcleaner_merge,3139678,UFX54039.1,subfamily:Onychiurinae,null,1988,null,null,0.0,306.0,212.09,229.0,0,78,165,0,0,99.8
BSCRO1163-25_r_1_s_50_BSCRO1163-25_fcleaner_merge,BSCRO1163-25,r_1_s_50_fcleaner_merge,>BSCRO1163-25_r_1_s_50_BSCRO1163-25_fcleaner_merge,187676,YP_009753939.1,genus:Oncopodura,null,1505,null,null,0.0,190.0,132.24,131.0,0,73,37,0,0,99.02
BSCRO1163-25_r_1.5_s_50_BSCRO1163-25_fcleaner_merge,BSCRO1163-25,r_1.5_s_50_fcleaner_merge,>BSCRO1163-25_r_1.5_s_50_BSCRO1163-25_fcleaner_merge,187676,YP_009753939.1,genus:Oncopodura,null,1131,null,null,0.0,188.0,108.11,114.0,0,23,19,0,0,96.87
BSCRO1195-25_r_1_s_50_BSCRO1195-25_fcleaner_merge,BSCRO1195-25,r_1_s_50_fcleaner_merge,>BSCRO1195-25_r_1_s_50_BSCRO1195-25_fcleaner_merge,187632,UFX54039.1,subfamily:Onychiurinae,null,2204,null,null,0.0,262.0,208.22,210.0,0,168,134,0,0,99.8
BSCRO1157-25_r_1.5_s_100_BSCRO1157-25_fcleaner_merge,BSCRO1157-25,r_1.5_s_100_fcleaner_merge,>BSCRO1157-25_r_1.5_s_100_BSCRO1157-25_fcleaner_merge,187676,YP_009753939.1,genus:Oncopodura,null,509,null,null,0.0,98.0,53.5,56.0,0,37,66,0,0,93.15
BSCRO1185-25_r_1.5_s_100_BSCRO1185-25_fcleaner_merge,BSCRO1185-25,r_1.5_s_100_fcleaner_merge,>BSCRO1185-25_r_1.5_s_100_BSCRO1185-25_fcleaner_merge,2926737,QIT06492.1,family:Sminthuridae,null,101,null,null,0.0,44.0,9.64,4.0,0,1,2,0,0,65.64
BSCRO1172-25_r_1_s_50_BSCRO1172-25_fcleaner_merge,BSCRO1172-25,r_1_s_50_fcleaner_merge,>BSCRO1172-25_r_1_s_50_BSCRO1172-25_fcleaner_merge,3139678,UFX54039.1,subfamily:Onychiurinae,null,1485,null,null,0.0,307.0,131.69,127.0,0,150,54,0,0,99.8
BSCRO1211-25_r_1_s_100_BSCRO1211-25_fcleaner_merge,BSCRO1211-25,r_1_s_100_fcleaner_merge,>BSCRO1211-25_r_1_s_100_BSCRO1211-25_fcleaner_merge,2768102,YP_010265401.1,family:Paronellidae,null,2410,null,null,0.0,329.0,249.32,265.0,0,232,27,0,0,99.8
BSCRO1219-25_r_1.3_s_100_BSCRO1219-25_fcleaner_merge,BSCRO1219-25,r_1.3_s_100_fcleaner_merge,>BSCRO1219-25_r_1.3_s_100_BSCRO1219-25_fcleaner_merge,187676,YP_009753939.1,genus:Oncopodura,null,689,null,null,0.0,108.0,64.69,67.0,0,18,10,0,0,99.41
BSCRO1210-25_r_1.3_s_50_BSCRO1210-25_fcleaner_merge,BSCRO1210-25,r_1.3_s_50_fcleaner_merge,>BSCRO1210-25_r_1.3_s_50_BSCRO1210-25_fcleaner_merge,2768102,YP_010265401.1,family:Paronellidae,null,2339,null,null,0.0,347.0,248.51,264.0,0,322,25,0,0,99.8
BSCRO1200-25_r_1.3_s_50_BSCRO1200-25_fcleaner_merge,BSCRO1200-25,r_1.3_s_50_fcleaner_merge,>BSCRO1200-25_r_1.3_s_50_BSCRO1200-25_fcleaner_merge,1765952,XCD10116.1,subfamily:Heteromurinae,null,1577,null,null,0.0,188.0,147.22,150.0,0,91,68,0,0,99.61
BSCRO1206-25_r_1.5_s_50_BSCRO1206-25_fcleaner_merge,BSCRO1206-25,r_1.5_s_50_fcleaner_merge,>BSCRO1206-25_r_1.5_s_50_BSCRO1206-25_fcleaner_merge,1765952,XCD10116.1,subfamily:Heteromurinae,null,352,null,null,0.0,59.0,28.6,28.0,0,41,10,0,0,99.61
BSCRO1149-25_r_1_s_100_BSCRO1149-25_fcleaner_merge,BSCRO1149-25,r_1_s_100_fcleaner_merge,>BSCRO1149-25_r_1_s_100_BSCRO1149-25_fcleaner_merge,187676,YP_009753939.1,genus:Oncopodura,null,533,null,null,0.0,79.0,60.34,61.0,0,74,9,0,0,99.41
BSCRO1182-25_r_1_s_100_BSCRO1182-25_fcleaner_merge,BSCRO1182-25,r_1_s_100_fcleaner_merge,>BSCRO1182-25_r_1_s_100_BSCRO1182-25_fcleaner_merge,3139678,UFX54039.1,subfamily:Onychiurinae,null,981,null,null,0.0,156.0,102.96,102.0,0,66,43,0,0,99.8
BSCRO1192-25_r_1.5_s_100_BSCRO1192-25_fcleaner_merge,BSCRO1192-25,r_1.5_s_100_fcleaner_merge,>BSCRO1192-25_r_1.5_s_100_BSCRO1192-25_fcleaner_merge,370027,QFX74494.1,genus:Isotomurus,null,789,null,null,55.0,109.0,83.23,83.0,0,13,16,0,0,100.0
BSCRO1158-25_r_1.3_s_100_BSCRO1158-25_fcleaner_merge,BSCRO1158-25,r_1.3_s_100_fcleaner_merge,>BSCRO1158-25_r_1.3_s_100_BSCRO1158-25_fcleaner_merge,187676,YP_009753939.1,genus:Oncopodura,null,1515,null,null,0.0,284.0,180.14,190.0,0,29,36,0,0,99.61
BSCRO1182-25_r_1.5_s_50_BSCRO1182-25_fcleaner_merge,BSCRO1182-25,r_1.5_s_50_fcleaner_merge,>BSCRO1182-25_r_1.5_s_50_BSCRO1182-25_fcleaner_merge,3139678,UFX54039.1,subfamily:Onychiurinae,null,926,null,null,0.0,156.0,96.09,102.0,0,93,37,0,0,98.83
BSCRO1154-25_r_1.3_s_100_BSCRO1154-25_fcleaner_merge,BSCRO1154-25,r_1.3_s_100_fcleaner_merge,>BSCRO1154-25_r_1.3_s_100_BSCRO1154-25_fcleaner_merge,2768102,YP_010265401.1,family:Paronellidae,null,840,null,null,0.0,119.0,91.66,92.0,0,18,9,0,0,99.8
BSCRO1198-25_r_1_s_100_BSCRO1198-25_fcleaner_merge,BSCRO1198-25,r_1_s_100_fcleaner_merge,>BSCRO1198-25_r_1_s_100_BSCRO1198-25_fcleaner_merge,2768102,YP_010265401.1,family:Paronellidae,null,947,null,null,0.0,145.0,101.83,100.0,0,90,27,0,0,99.8
BSCRO1151-25_r_1.3_s_50_BSCRO1151-25_fcleaner_merge,BSCRO1151-25,r_1.3_s_50_fcleaner_merge,>BSCRO1151-25_r_1.3_s_50_BSCRO1151-25_fcleaner_merge,187676,YP_009753939.1,genus:Oncopodura,null,1167,null,null,0.0,172.0,120.67,126.0,0,46,12,0,0,99.41
BSCRO1200-25_r_1_s_50_BSCRO1200-25_fcleaner_merge,BSCRO1200-25,r_1_s_50_fcleaner_merge,>BSCRO1200-25_r_1_s_50_BSCRO1200-25_fcleaner_merge,1765952,XCD10116.1,subfamily:Heteromurinae,null,1660,null,null,0.0,197.0,149.7,152.0,0,139,68,0,0,99.61
BSCRO1214-25_r_1.3_s_50_BSCRO1214-25_fcleaner_merge,BSCRO1214-25,r_1.3_s_50_fcleaner_merge,>BSCRO1214-25_r_1.3_s_50_BSCRO1214-25_fcleaner_merge,2772100,AJK28732.1,genus:Pseudosinella,null,1289,null,null,1.0,360.0,122.46,129.5,0,127,48,0,0,100.0
BSCRO1184-25_r_1.5_s_50_BSCRO1184-25_fcleaner_merge,BSCRO1184-25,r_1.5_s_50_fcleaner_merge,>BSCRO1184-25_r_1.5_s_50_BSCRO1184-25_fcleaner_merge,2926737,QIT06492.1,family:Sminthuridae,null,125,null,null,0.0,45.0,10.74,6.0,0,9,4,0,0,61.42
BSCRO1173-25_r_1_s_100_BSCRO1173-25_fcleaner_merge,BSCRO1173-25,r_1_s_100_fcleaner_merge,>BSCRO1173-25_r_1_s_100_BSCRO1173-25_fcleaner_merge,3139678,UFX54039.1,subfamily:Onychiurinae,null,369,null,null,0.0,60.0,41.56,41.0,0,20,19,0,0,99.8
BSCRO1212-25_r_1.5_s_50_BSCRO1212-25_fcleaner_merge,BSCRO1212-25,r_1.5_s_50_fcleaner_merge,>BSCRO1212-25_r_1.5_s_50_BSCRO1212-25_fcleaner_merge,2772100,AJK28732.1,genus:Pseudosinella,null,738,null,null,0.0,286.0,59.43,60.0,0,72,24,0,0,95.7
BSCRO1188-25_r_1.5_s_100_BSCRO1188-25_fcleaner_merge,BSCRO1188-25,r_1.5_s_100_fcleaner_merge,>BSCRO1188-25_r_1.5_s_100_BSCRO1188-25_fcleaner_merge,187676,YP_009753939.1,genus:Oncopodura,null,2066,null,null,0.0,344.0,249.11,277.0,0,3,25,0,0,93.74
BSCRO1230-25_r_1.3_s_50_BSCRO1230-25_fcleaner_merge,BSCRO1230-25,r_1.3_s_50_fcleaner_merge,>BSCRO1230-25_r_1.3_s_50_BSCRO1230-25_fcleaner_merge,1765952,XCD10116.1,subfamily:Heteromurinae,null,1199,null,null,0.0,144.0,115.61,115.0,0,53,29,0,0,99.61
BSCRO1190-25_r_1.3_s_50_BSCRO1190-25_fcleaner_merge,BSCRO1190-25,r_1.3_s_50_fcleaner_merge,>BSCRO1190-25_r_1.3_s_50_BSCRO1190-25_fcleaner_merge,2926737,QIT06492.1,family:Sminthuridae,null,299,null,null,0.0,69.0,29.4,30.0,0,24,16,0,3,93.47
BSCRO1155-25_r_1_s_50_BSCRO1155-25_fcleaner_merge,BSCRO1155-25,r_1_s_50_fcleaner_merge,>BSCRO1155-25_r_1_s_50_BSCRO1155-25_fcleaner_merge,2768102,YP_010265401.1,family:Paronellidae,null,1928,null,null,0.0,274.0,205.24,207.0,0,111,33,0,0,99.8
BSCRO1145-25_r_1.3_s_50_BSCRO1145-25_fcleaner_merge,BSCRO1145-25,r_1.3_s_50_fcleaner_merge,>BSCRO1145-25_r_1.3_s_50_BSCRO1145-25_fcleaner_merge,2768102,YP_010265401.1,family:Paronellidae,null,546,null,null,0.0,73.0,54.64,54.0,0,108,9,0,0,99.8
BSCRO1159-25_r_1.5_s_50_BSCRO1159-25_fcleaner_merge,BSCRO1159-25,r_1.5_s_50_fcleaner_merge,>BSCRO1159-25_r_1.5_s_50_BSCRO1159-25_fcleaner_merge,187676,YP_009753939.1,genus:Oncopodura,null,1393,null,null,0.0,259.0,164.5,175.0,0,64,40,0,0,95.69
BSCRO1168-25_r_1.3_s_50_BSCRO1168-25_fcleaner_merge,BSCRO1168-25,r_1.3_s_50_fcleaner_merge,>BSCRO1168-25_r_1.3_s_50_BSCRO1168-25_fcleaner_merge,3139678,UFX54039.1,subfamily:Onychiurinae,null,1339,null,null,0.0,178.0,120.28,122.0,0,143,51,0,0,99.61
BSCRO1170-25_r_1_s_50_BSCRO1170-25_fcleaner_merge,BSCRO1170-25,r_1_s_50_fcleaner_merge,>BSCRO1170-25_r_1_s_50_BSCRO1170-25_fcleaner_merge,3139678,UFX54039.1,subfamily:Onychiurinae,null,3279,null,null,13.0,454.0,374.86,382.0,0,164,293,0,0,100.0
BSCRO1142-25_r_1.3_s_50_BSCRO1142-25_fcleaner_merge,BSCRO1142-25,r_1.3_s_50_fcleaner_merge,>BSCRO1142-25_r_1.3_s_50_BSCRO1142-25_fcleaner_merge,187676,YP_009753939.1,genus:Oncopodura,null,635,null,null,0.0,97.0,61.84,65.0,0,33,6,0,0,99.02
BSCRO1154-25_r_1_s_100_BSCRO1154-25_fcleaner_merge,BSCRO1154-25,r_1_s_100_fcleaner_merge,>BSCRO1154-25_r_1_s_100_BSCRO1154-25_fcleaner_merge,2768102,YP_010265401.1,family:Paronellidae,null,840,null,null,0.0,119.0,91.66,92.0,0,19,10,0,0,99.8
BSCRO1229-25_r_1.3_s_50_BSCRO1229-25_fcleaner_merge,BSCRO1229-25,r_1.3_s_50_fcleaner_merge,>BSCRO1229-25_r_1.3_s_50_BSCRO1229-25_fcleaner_merge,2768102,YP_010265401.1,family:Paronellidae,null,1228,null,null,0.0,152.0,123.93,125.0,0,71,33,0,0,99.8
BSCRO1203-25_r_1.3_s_100_BSCRO1203-25_fcleaner_merge,BSCRO1203-25,r_1.3_s_100_fcleaner_merge,>BSCRO1203-25_r_1.3_s_100_BSCRO1203-25_fcleaner_merge,2768102,YP_010265401.1,family:Paronellidae,null,1084,null,null,0.0,153.0,101.6,105.0,0,103,25,0,0,99.8
BSCRO1224-25_r_1.5_s_50_BSCRO1224-25_fcleaner_merge,BSCRO1224-25,r_1.5_s_50_fcleaner_merge,>BSCRO1224-25_r_1.5_s_50_BSCRO1224-25_fcleaner_merge,1765952,XCD10116.1,subfamily:Heteromurinae,null,824,null,null,0.0,112.0,81.73,87.5,0,104,12,0,0,99.61
BSCRO1193-25_r_1_s_100_BSCRO1193-25_fcleaner_merge,BSCRO1193-25,r_1_s_100_fcleaner_merge,>BSCRO1193-25_r_1_s_100_BSCRO1193-25_fcleaner_merge,370027,QFX74494.1,genus:Isotomurus,null,935,null,null,60.0,136.0,94.27,94.0,0,9,15,0,0,100.0
BSCRO1184-25_r_1_s_100_BSCRO1184-25_fcleaner_merge,BSCRO1184-25,r_1_s_100_fcleaner_merge,>BSCRO1184-25_r_1_s_100_BSCRO1184-25_fcleaner_merge,2926737,QIT06492.1,family:Sminthuridae,null,695,null,null,0.0,112.0,78.07,89.0,0,0,24,0,3,90.4
BSCRO1196-25_r_1_s_50_BSCRO1196-25_fcleaner_merge,BSCRO1196-25,r_1_s_50_fcleaner_merge,>BSCRO1196-25_r_1_s_50_BSCRO1196-25_fcleaner_merge,187632,UFX54039.1,subfamily:Onychiurinae,null,1894,null,null,0.0,632.0,181.24,130.0,0,271,162,0,3,99.8
BSCRO1215-25_r_1_s_50_BSCRO1215-25_fcleaner_merge,BSCRO1215-25,r_1_s_50_fcleaner_merge,>BSCRO1215-25_r_1_s_50_BSCRO1215-25_fcleaner_merge,2768102,YP_010265401.1,family:Paronellidae,null,940,null,null,0.0,113.0,88.01,89.0,0,151,29,0,0,99.8
BSCRO1208-25_r_1.5_s_50_BSCRO1208-25_fcleaner_merge,BSCRO1208-25,r_1.5_s_50_fcleaner_merge,>BSCRO1208-25_r_1.5_s_50_BSCRO1208-25_fcleaner_merge,1136003,QGZ08860.1,genus:Neelus,null,355,null,null,5.0,51.0,27.11,27.0,0,37,16,0,0,100.0
BSCRO1218-25_r_1.3_s_100_BSCRO1218-25_fcleaner_merge,BSCRO1218-25,r_1.3_s_100_fcleaner_merge,>BSCRO1218-25_r_1.3_s_100_BSCRO1218-25_fcleaner_merge,187632,UFX54039.1,subfamily:Onychiurinae,null,1034,null,null,0.0,144.0,103.28,107.0,0,40,25,0,0,99.8
BSCRO1210-25_r_1_s_100_BSCRO1210-25_fcleaner_merge,BSCRO1210-25,r_1_s_100_fcleaner_merge,>BSCRO1210-25_r_1_s_100_BSCRO1210-25_fcleaner_merge,2768102,YP_010265401.1,family:Paronellidae,null,2260,null,null,0.0,342.0,244.86,261.0,0,239,26,0,0,99.8
BSCRO1174-25_r_1.5_s_100_BSCRO1174-25_fcleaner_merge,BSCRO1174-25,r_1.5_s_100_fcleaner_merge,>BSCRO1174-25_r_1.5_s_100_BSCRO1174-25_fcleaner_merge,187632,UFX54039.1,subfamily:Onychiurinae,null,765,null,null,8.0,137.0,90.98,95.0,0,28,46,0,0,100.0
BSCRO1218-25_r_1_s_100_BSCRO1218-25_fcleaner_merge,BSCRO1218-25,r_1_s_100_fcleaner_merge,>BSCRO1218-25_r_1_s_100_BSCRO1218-25_fcleaner_merge,187632,UFX54039.1,subfamily:Onychiurinae,null,1040,null,null,0.0,144.0,103.7,108.0,0,40,26,0,0,99.8
BSCRO1177-25_r_1.3_s_50_BSCRO1177-25_fcleaner_merge,BSCRO1177-25,r_1.3_s_50_fcleaner_merge,>BSCRO1177-25_r_1.3_s_50_BSCRO1177-25_fcleaner_merge,3139678,UFX54039.1,subfamily:Onychiurinae,null,1064,null,null,0.0,153.0,113.41,119.0,0,49,85,0,0,99.61
BSCRO1202-25_r_1_s_100_BSCRO1202-25_fcleaner_merge,BSCRO1202-25,r_1_s_100_fcleaner_merge,>BSCRO1202-25_r_1_s_100_BSCRO1202-25_fcleaner_merge,1136003,QGZ08860.1,genus:Neelus,null,208,null,null,1.0,42.0,17.22,16.0,0,81,20,0,0,100.0
BSCRO1226-25_r_1.5_s_100_BSCRO1226-25_fcleaner_merge,BSCRO1226-25,r_1.5_s_100_fcleaner_merge,>BSCRO1226-25_r_1.5_s_100_BSCRO1226-25_fcleaner_merge,2768102,YP_010265401.1,family:Paronellidae,null,1588,null,null,0.0,270.0,174.86,185.0,0,123,21,0,0,99.8
BSCRO1220-25_r_1_s_100_BSCRO1220-25_fcleaner_merge,BSCRO1220-25,r_1_s_100_fcleaner_merge,>BSCRO1220-25_r_1_s_100_BSCRO1220-25_fcleaner_merge,2768102,YP_010265401.1,family:Paronellidae,null,698,null,null,0.0,92.0,70.2,74.0,0,72,11,0,0,99.8
BSCRO1190-25_r_1.5_s_50_BSCRO1190-25_fcleaner_merge,BSCRO1190-25,r_1.5_s_50_fcleaner_merge,>BSCRO1190-25_r_1.5_s_50_BSCRO1190-25_fcleaner_merge,2926737,QIT06492.1,family:Sminthuridae,null,121,null,null,0.0,44.0,10.02,8.0,0,7,9,0,0,76.39
BSCRO1157-25_r_1.3_s_50_BSCRO1157-25_fcleaner_merge,BSCRO1157-25,r_1.3_s_50_fcleaner_merge,>BSCRO1157-25_r_1.3_s_50_BSCRO1157-25_fcleaner_merge,187676,YP_009753939.1,genus:Oncopodura,null,666,null,null,0.0,117.0,66.17,75.0,0,87,70,0,0,99.41
BSCRO1189-25_r_1.5_s_100_BSCRO1189-25_fcleaner_merge,BSCRO1189-25,r_1.5_s_100_fcleaner_merge,>BSCRO1189-25_r_1.5_s_100_BSCRO1189-25_fcleaner_merge,2926737,QIT06492.1,family:Sminthuridae,null,95,null,null,0.0,40.0,8.05,1.0,0,0,2,0,0,55.85
BSCRO1215-25_r_1_s_100_BSCRO1215-25_fcleaner_merge,BSCRO1215-25,r_1_s_100_fcleaner_merge,>BSCRO1215-25_r_1_s_100_BSCRO1215-25_fcleaner_merge,2768102,YP_010265401.1,family:Paronellidae,null,792,null,null,0.0,111.0,83.4,86.0,0,31,8,0,0,99.8
BSCRO1235-25_r_1.3_s_50_BSCRO1235-25_fcleaner_merge,BSCRO1235-25,r_1.3_s_50_fcleaner_merge,>BSCRO1235-25_r_1.3_s_50_BSCRO1235-25_fcleaner_merge,2768102,YP_010265401.1,family:Paronellidae,null,1145,null,null,0.0,160.0,102.92,108.0,0,191,35,0,0,99.8
BSCRO1198-25_r_1.5_s_100_BSCRO1198-25_fcleaner_merge,BSCRO1198-25,r_1.5_s_100_fcleaner_merge,>BSCRO1198-25_r_1.5_s_100_BSCRO1198-25_fcleaner_merge,2768102,YP_010265401.1,family:Paronellidae,null,847,null,null,0.0,145.0,92.41,95.0,0,80,24,0,0,99.8
BSCRO1210-25_r_1.5_s_50_BSCRO1210-25_fcleaner_merge,BSCRO1210-25,r_1.5_s_50_fcleaner_merge,>BSCRO1210-25_r_1.5_s_50_BSCRO1210-25_fcleaner_merge,2768102,YP_010265401.1,family:Paronellidae,null,2110,null,null,0.0,345.0,229.0,258.0,0,278,24,0,0,99.8
BSCRO1206-25_r_1_s_100_BSCRO1206-25_fcleaner_merge,BSCRO1206-25,r_1_s_100_fcleaner_merge,>BSCRO1206-25_r_1_s_100_BSCRO1206-25_fcleaner_merge,1765952,XCD10116.1,subfamily:Heteromurinae,null,337,null,null,0.0,59.0,28.37,28.0,0,41,8,0,0,99.61
BSCRO1199-25_r_1.5_s_50_BSCRO1199-25_fcleaner_merge,BSCRO1199-25,r_1.5_s_50_fcleaner_merge,>BSCRO1199-25_r_1.5_s_50_BSCRO1199-25_fcleaner_merge,1765952,XCD10116.1,subfamily:Heteromurinae,null,1294,null,null,0.0,161.0,119.6,117.0,0,70,50,0,0,99.61
BSCRO1185-25_r_1.3_s_100_BSCRO1185-25_fcleaner_merge,BSCRO1185-25,r_1.3_s_100_fcleaner_merge,>BSCRO1185-25_r_1.3_s_100_BSCRO1185-25_fcleaner_merge,2926737,QIT06492.1,family:Sminthuridae,null,299,null,null,0.0,104.0,35.21,34.0,0,1,9,0,3,87.14
BSCRO1192-25_r_1.5_s_50_BSCRO1192-25_fcleaner_merge,BSCRO1192-25,r_1.5_s_50_fcleaner_merge,>BSCRO1192-25_r_1.5_s_50_BSCRO1192-25_fcleaner_merge,370027,QFX74494.1,genus:Isotomurus,null,823,null,null,60.0,109.0,84.36,84.0,0,17,17,0,0,100.0
BSCRO1189-25_r_1_s_50_BSCRO1189-25_fcleaner_merge,BSCRO1189-25,r_1_s_50_fcleaner_merge,>BSCRO1189-25_r_1_s_50_BSCRO1189-25_fcleaner_merge,2926737,QIT06492.1,family:Sminthuridae,null,584,null,null,0.0,94.0,49.72,50.0,0,49,24,0,3,97.7
BSCRO1147-25_r_1.3_s_100_BSCRO1147-25_fcleaner_merge,BSCRO1147-25,r_1.3_s_100_fcleaner_merge,>BSCRO1147-25_r_1.3_s_100_BSCRO1147-25_fcleaner_merge,187676,YP_009753939.1,genus:Oncopodura,null,498,null,null,0.0,92.0,55.35,56.0,0,9,14,0,0,99.41
BSCRO1204-25_r_1_s_100_BSCRO1204-25_fcleaner_merge,BSCRO1204-25,r_1_s_100_fcleaner_merge,>BSCRO1204-25_r_1_s_100_BSCRO1204-25_fcleaner_merge,2768102,YP_010265401.1,family:Paronellidae,null,835,null,null,0.0,122.0,80.29,81.0,0,84,18,0,0,99.8
BSCRO1195-25_r_1.5_s_100_BSCRO1195-25_fcleaner_merge,BSCRO1195-25,r_1.5_s_100_fcleaner_merge,>BSCRO1195-25_r_1.5_s_100_BSCRO1195-25_fcleaner_merge,187632,UFX54039.1,subfamily:Onychiurinae,null,1966,null,null,0.0,250.0,191.47,199.0,0,101,121,0,0,99.8
BSCRO1203-25_r_1.3_s_50_BSCRO1203-25_fcleaner_merge,BSCRO1203-25,r_1.3_s_50_fcleaner_merge,>BSCRO1203-25_r_1.3_s_50_BSCRO1203-25_fcleaner_merge,2768102,YP_010265401.1,family:Paronellidae,null,1195,null,null,0.0,161.0,106.24,108.0,0,186,29,0,0,99.8
BSCRO1153-25_r_1.3_s_50_BSCRO1153-25_fcleaner_merge,BSCRO1153-25,r_1.3_s_50_fcleaner_merge,>BSCRO1153-25_r_1.3_s_50_BSCRO1153-25_fcleaner_merge,187676,YP_009753939.1,genus:Oncopodura,null,1098,null,null,0.0,165.0,113.88,119.0,0,23,19,0,0,99.41
BSCRO1161-25_r_1.5_s_100_BSCRO1161-25_fcleaner_merge,BSCRO1161-25,r_1.5_s_100_fcleaner_merge,>BSCRO1161-25_r_1.5_s_100_BSCRO1161-25_fcleaner_merge,187676,YP_009753939.1,genus:Oncopodura,null,183,null,null,0.0,37.0,17.68,17.0,0,4,6,0,0,92.56
BSCRO1190-25_r_1.3_s_100_BSCRO1190-25_fcleaner_merge,BSCRO1190-25,r_1.3_s_100_fcleaner_merge,>BSCRO1190-25_r_1.3_s_100_BSCRO1190-25_fcleaner_merge,2926737,QIT06492.1,family:Sminthuridae,null,268,null,null,0.0,69.0,27.75,28.0,0,3,12,0,3,91.17
BSCRO1190-25_r_1_s_50_BSCRO1190-25_fcleaner_merge,BSCRO1190-25,r_1_s_50_fcleaner_merge,>BSCRO1190-25_r_1_s_50_BSCRO1190-25_fcleaner_merge,2926737,QIT06492.1,family:Sminthuridae,null,600,null,null,0.0,85.0,56.23,60.0,0,101,25,0,3,98.66
BSCRO1159-25_r_1.3_s_50_BSCRO1159-25_fcleaner_merge,BSCRO1159-25,r_1.3_s_50_fcleaner_merge,>BSCRO1159-25_r_1.3_s_50_BSCRO1159-25_fcleaner_merge,187676,YP_009753939.1,genus:Oncopodura,null,1519,null,null,0.0,262.0,175.19,185.0,0,63,46,0,0,99.61
BSCRO1208-25_r_1_s_50_BSCRO1208-25_fcleaner_merge,BSCRO1208-25,r_1_s_50_fcleaner_merge,>BSCRO1208-25_r_1_s_50_BSCRO1208-25_fcleaner_merge,1136003,QGZ08860.1,genus:Neelus,null,536,null,null,17.0,86.0,43.66,42.0,0,146,48,0,0,100.0
BSCRO1205-25_r_1.5_s_100_BSCRO1205-25_fcleaner_merge,BSCRO1205-25,r_1.5_s_100_fcleaner_merge,>BSCRO1205-25_r_1.5_s_100_BSCRO1205-25_fcleaner_merge,2768102,YP_010265401.1,family:Paronellidae,null,1114,null,null,0.0,156.0,103.76,117.0,0,118,21,0,0,99.8
BSCRO1223-25_r_1_s_100_BSCRO1223-25_fcleaner_merge,BSCRO1223-25,r_1_s_100_fcleaner_merge,>BSCRO1223-25_r_1_s_100_BSCRO1223-25_fcleaner_merge,1765952,XCD10116.1,subfamily:Heteromurinae,null,779,null,null,0.0,123.0,78.9,82.0,0,60,11,0,0,99.61
BSCRO1221-25_r_1.3_s_50_BSCRO1221-25_fcleaner_merge,BSCRO1221-25,r_1.3_s_50_fcleaner_merge,>BSCRO1221-25_r_1.3_s_50_BSCRO1221-25_fcleaner_merge,2768102,YP_010265401.1,family:Paronellidae,null,851,null,null,0.0,114.0,85.99,89.0,0,115,17,0,0,99.8
BSCRO1206-25_r_1.5_s_100_BSCRO1206-25_fcleaner_merge,BSCRO1206-25,r_1.5_s_100_fcleaner_merge,>BSCRO1206-25_r_1.5_s_100_BSCRO1206-25_fcleaner_merge,1765952,XCD10116.1,subfamily:Heteromurinae,null,318,null,null,0.0,59.0,27.1,26.0,0,29,8,0,0,99.61
BSCRO1162-25_r_1.3_s_50_BSCRO1162-25_fcleaner_merge,BSCRO1162-25,r_1.3_s_50_fcleaner_merge,>BSCRO1162-25_r_1.3_s_50_BSCRO1162-25_fcleaner_merge,187676,YP_009753939.1,genus:Oncopodura,null,165,null,null,0.0,34.0,14.77,13.0,0,18,6,0,0,99.41
BSCRO1224-25_r_1_s_50_BSCRO1224-25_fcleaner_merge,BSCRO1224-25,r_1_s_50_fcleaner_merge,>BSCRO1224-25_r_1_s_50_BSCRO1224-25_fcleaner_merge,1765952,XCD10116.1,subfamily:Heteromurinae,null,936,null,null,0.0,117.0,85.97,90.0,0,170,22,0,0,99.61
BSCRO1150-25_r_1.3_s_50_BSCRO1150-25_fcleaner_merge,BSCRO1150-25,r_1.3_s_50_fcleaner_merge,>BSCRO1150-25_r_1.3_s_50_BSCRO1150-25_fcleaner_merge,187676,YP_009753939.1,genus:Oncopodura,null,762,null,null,0.0,118.0,84.78,86.0,0,30,11,0,0,99.41
BSCRO1231-25_r_1.3_s_50_BSCRO1231-25_fcleaner_merge,BSCRO1231-25,r_1.3_s_50_fcleaner_merge,>BSCRO1231-25_r_1.3_s_50_BSCRO1231-25_fcleaner_merge,2768102,YP_010265401.1,family:Paronellidae,null,1028,null,null,0.0,158.0,108.61,115.0,0,113,18,0,0,99.8
BSCRO1231-25_r_1.5_s_50_BSCRO1231-25_fcleaner_merge,BSCRO1231-25,r_1.5_s_50_fcleaner_merge,>BSCRO1231-25_r_1.5_s_50_BSCRO1231-25_fcleaner_merge,2768102,YP_010265401.1,family:Paronellidae,null,924,null,null,0.0,158.0,98.94,106.0,0,91,14,0,0,99.8
BSCRO1235-25_r_1_s_50_BSCRO1235-25_fcleaner_merge,BSCRO1235-25,r_1_s_50_fcleaner_merge,>BSCRO1235-25_r_1_s_50_BSCRO1235-25_fcleaner_merge,2768102,YP_010265401.1,family:Paronellidae,null,1214,null,null,0.0,164.0,105.53,112.0,0,269,36,0,0,99.8
BSCRO1215-25_r_1.3_s_100_BSCRO1215-25_fcleaner_merge,BSCRO1215-25,r_1.3_s_100_fcleaner_merge,>BSCRO1215-25_r_1.3_s_100_BSCRO1215-25_fcleaner_merge,2768102,YP_010265401.1,family:Paronellidae,null,790,null,null,0.0,111.0,83.28,86.0,0,24,8,0,0,99.8
BSCRO1222-25_r_1.3_s_100_BSCRO1222-25_fcleaner_merge,BSCRO1222-25,r_1.3_s_100_fcleaner_merge,>BSCRO1222-25_r_1.3_s_100_BSCRO1222-25_fcleaner_merge,2768102,YP_010265401.1,family:Paronellidae,null,700,null,null,0.0,108.0,71.2,73.0,0,60,10,0,0,99.8
BSCRO1199-25_r_1.3_s_50_BSCRO1199-25_fcleaner_merge,BSCRO1199-25,r_1.3_s_50_fcleaner_merge,>BSCRO1199-25_r_1.3_s_50_BSCRO1199-25_fcleaner_merge,1765952,XCD10116.1,subfamily:Heteromurinae,null,1409,null,null,0.0,162.0,126.35,127.0,0,96,61,0,0,99.61
BSCRO1164-25_r_1.5_s_100_BSCRO1164-25_fcleaner_merge,BSCRO1164-25,r_1.5_s_100_fcleaner_merge,>BSCRO1164-25_r_1.5_s_100_BSCRO1164-25_fcleaner_merge,187676,YP_009753939.1,genus:Oncopodura,null,339,null,null,0.0,56.0,32.34,32.0,0,3,6,0,0,93.15
BSCRO1148-25_r_1.5_s_100_BSCRO1148-25_fcleaner_merge,BSCRO1148-25,r_1.5_s_100_fcleaner_merge,>BSCRO1148-25_r_1.5_s_100_BSCRO1148-25_fcleaner_merge,187676,YP_009753939.1,genus:Oncopodura,null,149,null,null,0.0,37.0,16.95,17.0,0,4,5,0,0,92.56
BSCRO1233-25_r_1_s_50_BSCRO1233-25_fcleaner_merge,BSCRO1233-25,r_1_s_50_fcleaner_merge,>BSCRO1233-25_r_1_s_50_BSCRO1233-25_fcleaner_merge,2768102,YP_010265401.1,family:Paronellidae,null,1567,null,null,0.0,227.0,164.1,170.0,0,245,39,0,0,99.8
BSCRO1207-25_r_1.3_s_100_BSCRO1207-25_fcleaner_merge,BSCRO1207-25,r_1.3_s_100_fcleaner_merge,>BSCRO1207-25_r_1.3_s_100_BSCRO1207-25_fcleaner_merge,1136003,QGZ08860.1,genus:Neelus,null,341,null,null,10.0,61.0,26.77,23.0,0,32,23,0,0,100.0
BSCRO1207-25_r_1.5_s_100_BSCRO1207-25_fcleaner_merge,BSCRO1207-25,r_1.5_s_100_fcleaner_merge,>BSCRO1207-25_r_1.5_s_100_BSCRO1207-25_fcleaner_merge,1136003,QGZ08860.1,genus:Neelus,null,277,null,null,0.0,39.0,21.47,21.0,0,15,11,0,0,99.8
BSCRO1232-25_r_1.3_s_100_BSCRO1232-25_fcleaner_merge,BSCRO1232-25,r_1.3_s_100_fcleaner_merge,>BSCRO1232-25_r_1.3_s_100_BSCRO1232-25_fcleaner_merge,2768102,YP_010265401.1,family:Paronellidae,null,994,null,null,0.0,152.0,109.8,110.0,0,72,16,0,0,99.8
BSCRO1222-25_r_1.5_s_50_BSCRO1222-25_fcleaner_merge,BSCRO1222-25,r_1.5_s_50_fcleaner_merge,>BSCRO1222-25_r_1.5_s_50_BSCRO1222-25_fcleaner_merge,2768102,YP_010265401.1,family:Paronellidae,null,696,null,null,0.0,109.0,68.66,74.0,0,101,13,0,0,99.8
BSCRO1224-25_r_1.3_s_100_BSCRO1224-25_fcleaner_merge,BSCRO1224-25,r_1.3_s_100_fcleaner_merge,>BSCRO1224-25_r_1.3_s_100_BSCRO1224-25_fcleaner_merge,1765952,XCD10116.1,subfamily:Heteromurinae,null,772,null,null,0.0,117.0,80.26,85.0,0,82,11,0,0,99.61
BSCRO1169-25_r_1.3_s_100_BSCRO1169-25_fcleaner_merge,BSCRO1169-25,r_1.3_s_100_fcleaner_merge,>BSCRO1169-25_r_1.3_s_100_BSCRO1169-25_fcleaner_merge,3139678,UFX54039.1,subfamily:Onychiurinae,null,2179,null,null,0.0,305.0,229.94,234.0,0,62,178,0,0,99.8
BSCRO1208-25_r_1.5_s_100_BSCRO1208-25_fcleaner_merge,BSCRO1208-25,r_1.5_s_100_fcleaner_merge,>BSCRO1208-25_r_1.5_s_100_BSCRO1208-25_fcleaner_merge,1136003,QGZ08860.1,genus:Neelus,null,322,null,null,5.0,51.0,26.2,26.0,0,12,15,0,0,100.0
BSCRO1160-25_r_1.3_s_100_BSCRO1160-25_fcleaner_merge,BSCRO1160-25,r_1.3_s_100_fcleaner_merge,>BSCRO1160-25_r_1.3_s_100_BSCRO1160-25_fcleaner_merge,187676,YP_009753939.1,genus:Oncopodura,null,1001,null,null,0.0,160.0,110.85,117.0,0,11,15,0,0,99.02
BSCRO1171-25_r_1.5_s_50_BSCRO1171-25_fcleaner_merge,BSCRO1171-25,r_1.5_s_50_fcleaner_merge,>BSCRO1171-25_r_1.5_s_50_BSCRO1171-25_fcleaner_merge,3139678,UFX54039.1,subfamily:Onychiurinae,null,622,null,null,0.0,96.0,61.78,64.0,0,67,19,0,0,98.83
BSCRO1175-25_r_1.3_s_50_BSCRO1175-25_fcleaner_merge,BSCRO1175-25,r_1.3_s_50_fcleaner_merge,>BSCRO1175-25_r_1.3_s_50_BSCRO1175-25_fcleaner_merge,187632,UFX54039.1,subfamily:Onychiurinae,null,875,null,null,51.0,126.0,96.93,99.0,0,86,70,0,0,100.0
BSCRO1180-25_r_1_s_50_BSCRO1180-25_fcleaner_merge,BSCRO1180-25,r_1_s_50_fcleaner_merge,>BSCRO1180-25_r_1_s_50_BSCRO1180-25_fcleaner_merge,3139678,UFX54039.1,subfamily:Onychiurinae,null,982,null,null,0.0,311.0,81.6,75.0,0,111,60,0,0,99.8
BSCRO1154-25_r_1_s_50_BSCRO1154-25_fcleaner_merge,BSCRO1154-25,r_1_s_50_fcleaner_merge,>BSCRO1154-25_r_1_s_50_BSCRO1154-25_fcleaner_merge,2768102,YP_010265401.1,family:Paronellidae,null,948,null,null,0.0,123.0,95.17,96.0,0,105,22,0,0,99.8
BSCRO1219-25_r_1_s_50_BSCRO1219-25_fcleaner_merge,BSCRO1219-25,r_1_s_50_fcleaner_merge,>BSCRO1219-25_r_1_s_50_BSCRO1219-25_fcleaner_merge,187676,YP_009753939.1,genus:Oncopodura,null,894,null,null,5.0,125.0,74.23,72.0,0,93,23,0,0,100.0
BSCRO1167-25_r_1.3_s_50_BSCRO1167-25_fcleaner_merge,BSCRO1167-25,r_1.3_s_50_fcleaner_merge,>BSCRO1167-25_r_1.3_s_50_BSCRO1167-25_fcleaner_merge,3139678,UFX54039.1,subfamily:Onychiurinae,null,1881,null,null,0.0,221.0,165.78,177.0,0,219,82,0,0,99.61
BSCRO1141-25_r_1_s_100_BSCRO1141-25_fcleaner_merge,BSCRO1141-25,r_1_s_100_fcleaner_merge,>BSCRO1141-25_r_1_s_100_BSCRO1141-25_fcleaner_merge,187676,YP_009753939.1,genus:Oncopodura,null,93,null,null,0.0,19.0,6.47,7.0,0,103,4,0,0,87.87
BSCRO1187-25_r_1.3_s_50_BSCRO1187-25_fcleaner_merge,BSCRO1187-25,r_1.3_s_50_fcleaner_merge,>BSCRO1187-25_r_1.3_s_50_BSCRO1187-25_fcleaner_merge,2926737,QIT06492.1,family:Sminthuridae,null,292,null,null,0.0,69.0,28.45,28.0,0,28,10,0,3,91.94
BSCRO1184-25_r_1.5_s_100_BSCRO1184-25_fcleaner_merge,BSCRO1184-25,r_1.5_s_100_fcleaner_merge,>BSCRO1184-25_r_1.5_s_100_BSCRO1184-25_fcleaner_merge,2926737,QIT06492.1,family:Sminthuridae,null,107,null,null,0.0,43.0,10.13,6.0,0,0,3,0,0,56.05
BSCRO1201-25_r_1.3_s_50_BSCRO1201-25_fcleaner_merge,BSCRO1201-25,r_1.3_s_50_fcleaner_merge,>BSCRO1201-25_r_1.3_s_50_BSCRO1201-25_fcleaner_merge,1765952,XCD10116.1,subfamily:Heteromurinae,null,745,null,null,0.0,92.0,69.14,71.0,0,46,40,0,0,99.61
BSCRO1214-25_r_1_s_50_BSCRO1214-25_fcleaner_merge,BSCRO1214-25,r_1_s_50_fcleaner_merge,>BSCRO1214-25_r_1_s_50_BSCRO1214-25_fcleaner_merge,2772100,AJK28732.1,genus:Pseudosinella,null,1523,null,null,75.0,368.0,137.42,137.5,0,205,59,0,0,100.0
BSCRO1146-25_r_1.3_s_100_BSCRO1146-25_fcleaner_merge,BSCRO1146-25,r_1.3_s_100_fcleaner_merge,>BSCRO1146-25_r_1.3_s_100_BSCRO1146-25_fcleaner_merge,187676,YP_009753939.1,genus:Oncopodura,null,676,null,null,0.0,104.0,72.44,80.0,0,10,13,0,0,99.41
BSCRO1208-25_r_1.3_s_100_BSCRO1208-25_fcleaner_merge,BSCRO1208-25,r_1.3_s_100_fcleaner_merge,>BSCRO1208-25_r_1.3_s_100_BSCRO1208-25_fcleaner_merge,1136003,QGZ08860.1,genus:Neelus,null,376,null,null,17.0,52.0,30.73,29.0,0,18,20,0,0,100.0
BSCRO1221-25_r_1.5_s_100_BSCRO1221-25_fcleaner_merge,BSCRO1221-25,r_1.5_s_100_fcleaner_merge,>BSCRO1221-25_r_1.5_s_100_BSCRO1221-25_fcleaner_merge,2768102,YP_010265401.1,family:Paronellidae,null,712,null,null,0.0,106.0,76.88,86.0,0,45,10,0,0,99.8
BSCRO1228-25_r_1.3_s_100_BSCRO1228-25_fcleaner_merge,BSCRO1228-25,r_1.3_s_100_fcleaner_merge,>BSCRO1228-25_r_1.3_s_100_BSCRO1228-25_fcleaner_merge,1765952,XCD10116.1,subfamily:Heteromurinae,null,1757,null,null,0.0,251.0,181.86,197.0,0,156,25,0,0,99.61
BSCRO1207-25_r_1.3_s_50_BSCRO1207-25_fcleaner_merge,BSCRO1207-25,r_1.3_s_50_fcleaner_merge,>BSCRO1207-25_r_1.3_s_50_BSCRO1207-25_fcleaner_merge,1136003,QGZ08860.1,genus:Neelus,null,399,null,null,10.0,63.0,28.59,25.0,0,63,27,0,0,100.0
BSCRO1235-25_r_1.5_s_50_BSCRO1235-25_fcleaner_merge,BSCRO1235-25,r_1.5_s_50_fcleaner_merge,>BSCRO1235-25_r_1.5_s_50_BSCRO1235-25_fcleaner_merge,2768102,YP_010265401.1,family:Paronellidae,null,1017,null,null,0.0,160.0,92.53,102.0,0,168,24,0,0,99.8
BSCRO1148-25_r_1.5_s_50_BSCRO1148-25_fcleaner_merge,BSCRO1148-25,r_1.5_s_50_fcleaner_merge,>BSCRO1148-25_r_1.5_s_50_BSCRO1148-25_fcleaner_merge,187676,YP_009753939.1,genus:Oncopodura,null,186,null,null,0.0,38.0,18.13,18.0,0,18,9,0,0,96.28
BSCRO1180-25_r_1_s_100_BSCRO1180-25_fcleaner_merge,BSCRO1180-25,r_1_s_100_fcleaner_merge,>BSCRO1180-25_r_1_s_100_BSCRO1180-25_fcleaner_merge,3139678,UFX54039.1,subfamily:Onychiurinae,null,695,null,null,0.0,103.0,71.04,70.0,0,50,30,0,0,99.8
BSCRO1196-25_r_1.5_s_100_BSCRO1196-25_fcleaner_merge,BSCRO1196-25,r_1.5_s_100_fcleaner_merge,>BSCRO1196-25_r_1.5_s_100_BSCRO1196-25_fcleaner_merge,187632,UFX54039.1,subfamily:Onychiurinae,null,767,null,null,0.0,116.0,78.32,79.0,0,41,35,0,0,99.8
BSCRO1199-25_r_1.3_s_100_BSCRO1199-25_fcleaner_merge,BSCRO1199-25,r_1.3_s_100_fcleaner_merge,>BSCRO1199-25_r_1.3_s_100_BSCRO1199-25_fcleaner_merge,1765952,XCD10116.1,subfamily:Heteromurinae,null,1235,null,null,0.0,148.0,118.33,118.5,0,63,55,0,0,99.61
BSCRO1209-25_r_1.3_s_100_BSCRO1209-25_fcleaner_merge,BSCRO1209-25,r_1.3_s_100_fcleaner_merge,>BSCRO1209-25_r_1.3_s_100_BSCRO1209-25_fcleaner_merge,1136003,QGZ08860.1,genus:Neelus,null,625,null,null,25.0,74.0,54.15,54.5,0,21,20,0,0,100.0
BSCRO1221-25_r_1.3_s_100_BSCRO1221-25_fcleaner_merge,BSCRO1221-25,r_1.3_s_100_fcleaner_merge,>BSCRO1221-25_r_1.3_s_100_BSCRO1221-25_fcleaner_merge,2768102,YP_010265401.1,family:Paronellidae,null,780,null,null,0.0,111.0,83.48,88.0,0,47,12,0,0,99.8
BSCRO1235-25_r_1.5_s_100_BSCRO1235-25_fcleaner_merge,BSCRO1235-25,r_1.5_s_100_fcleaner_merge,>BSCRO1235-25_r_1.5_s_100_BSCRO1235-25_fcleaner_merge,2768102,YP_010265401.1,family:Paronellidae,null,946,null,null,0.0,139.0,88.89,98.0,0,108,22,0,0,99.8
BSCRO1142-25_r_1.3_s_100_BSCRO1142-25_fcleaner_merge,BSCRO1142-25,r_1.3_s_100_fcleaner_merge,>BSCRO1142-25_r_1.3_s_100_BSCRO1142-25_fcleaner_merge,187676,YP_009753939.1,genus:Oncopodura,null,577,null,null,0.0,95.0,60.06,63.0,0,5,7,0,0,99.02
BSCRO1148-25_r_1.3_s_50_BSCRO1148-25_fcleaner_merge,BSCRO1148-25,r_1.3_s_50_fcleaner_merge,>BSCRO1148-25_r_1.3_s_50_BSCRO1148-25_fcleaner_merge,187676,YP_009753939.1,genus:Oncopodura,null,247,null,null,0.0,44.0,21.79,22.0,0,37,13,0,0,99.41
BSCRO1156-25_r_1.5_s_100_BSCRO1156-25_fcleaner_merge,BSCRO1156-25,r_1.5_s_100_fcleaner_merge,>BSCRO1156-25_r_1.5_s_100_BSCRO1156-25_fcleaner_merge,187676,YP_009753939.1,genus:Oncopodura,null,552,null,null,0.0,95.0,62.19,68.0,0,4,10,0,0,93.15
BSCRO1157-25_r_1.5_s_50_BSCRO1157-25_fcleaner_merge,BSCRO1157-25,r_1.5_s_50_fcleaner_merge,>BSCRO1157-25_r_1.5_s_50_BSCRO1157-25_fcleaner_merge,187676,YP_009753939.1,genus:Oncopodura,null,542,null,null,0.0,97.0,55.64,61.0,0,49,64,0,0,96.87
BSCRO1187-25_r_1.5_s_100_BSCRO1187-25_fcleaner_merge,BSCRO1187-25,r_1.5_s_100_fcleaner_merge,>BSCRO1187-25_r_1.5_s_100_BSCRO1187-25_fcleaner_merge,2926737,QIT06492.1,family:Sminthuridae,null,83,null,null,0.0,31.0,7.56,3.0,0,0,1,0,0,55.28
BSCRO1213-25_r_1_s_50_BSCRO1213-25_fcleaner_merge,BSCRO1213-25,r_1_s_50_fcleaner_merge,>BSCRO1213-25_r_1_s_50_BSCRO1213-25_fcleaner_merge,2772100,AJK28732.1,genus:Pseudosinella,null,1954,null,null,79.0,451.0,155.29,150.5,0,274,72,0,0,100.0
BSCRO1233-25_r_1.3_s_50_BSCRO1233-25_fcleaner_merge,BSCRO1233-25,r_1.3_s_50_fcleaner_merge,>BSCRO1233-25_r_1.3_s_50_BSCRO1233-25_fcleaner_merge,2768102,YP_010265401.1,family:Paronellidae,null,1517,null,null,0.0,224.0,162.5,166.0,0,182,32,0,0,99.8
BSCRO1213-25_r_1.5_s_100_BSCRO1213-25_fcleaner_merge,BSCRO1213-25,r_1.5_s_100_fcleaner_merge,>BSCRO1213-25_r_1.5_s_100_BSCRO1213-25_fcleaner_merge,2772100,AJK28732.1,genus:Pseudosinella,null,1167,null,null,0.0,212.0,121.81,131.0,0,96,30,0,0,92.58
BSCRO1173-25_r_1.5_s_100_BSCRO1173-25_fcleaner_merge,BSCRO1173-25,r_1.5_s_100_fcleaner_merge,>BSCRO1173-25_r_1.5_s_100_BSCRO1173-25_fcleaner_merge,3139678,UFX54039.1,subfamily:Onychiurinae,null,320,null,null,0.0,59.0,36.4,39.0,0,18,15,0,0,98.83
BSCRO1143-25_r_1_s_50_BSCRO1143-25_fcleaner_merge,BSCRO1143-25,r_1_s_50_fcleaner_merge,>BSCRO1143-25_r_1_s_50_BSCRO1143-25_fcleaner_merge,2768102,YP_010265401.1,family:Paronellidae,null,1004,null,null,0.0,158.0,102.61,107.0,0,254,28,0,0,99.8
BSCRO1170-25_r_1.3_s_50_BSCRO1170-25_fcleaner_merge,BSCRO1170-25,r_1.3_s_50_fcleaner_merge,>BSCRO1170-25_r_1.3_s_50_BSCRO1170-25_fcleaner_merge,3139678,UFX54039.1,subfamily:Onychiurinae,null,3108,null,null,9.0,438.0,357.68,369.0,0,158,269,0,0,100.0
BSCRO1226-25_r_1_s_100_BSCRO1226-25_fcleaner_merge,BSCRO1226-25,r_1_s_100_fcleaner_merge,>BSCRO1226-25_r_1_s_100_BSCRO1226-25_fcleaner_merge,2768102,YP_010265401.1,family:Paronellidae,null,1752,null,null,0.0,272.0,191.31,192.0,0,155,25,0,0,99.8
BSCRO1219-25_r_1.5_s_50_BSCRO1219-25_fcleaner_merge,BSCRO1219-25,r_1.5_s_50_fcleaner_merge,>BSCRO1219-25_r_1.5_s_50_BSCRO1219-25_fcleaner_merge,187676,YP_009753939.1,genus:Oncopodura,null,655,null,null,0.0,115.0,59.35,59.0,0,34,9,0,0,97.06
BSCRO1168-25_r_1_s_100_BSCRO1168-25_fcleaner_merge,BSCRO1168-25,r_1_s_100_fcleaner_merge,>BSCRO1168-25_r_1_s_100_BSCRO1168-25_fcleaner_merge,3139678,UFX54039.1,subfamily:Onychiurinae,null,1305,null,null,0.0,178.0,120.29,122.0,0,100,50,0,0,99.61
BSCRO1223-25_r_1_s_50_BSCRO1223-25_fcleaner_merge,BSCRO1223-25,r_1_s_50_fcleaner_merge,>BSCRO1223-25_r_1_s_50_BSCRO1223-25_fcleaner_merge,1765952,XCD10116.1,subfamily:Heteromurinae,null,952,null,null,0.0,127.0,84.72,87.0,0,114,24,0,0,99.61
BSCRO1206-25_r_1.3_s_50_BSCRO1206-25_fcleaner_merge,BSCRO1206-25,r_1.3_s_50_fcleaner_merge,>BSCRO1206-25_r_1.3_s_50_BSCRO1206-25_fcleaner_merge,1765952,XCD10116.1,subfamily:Heteromurinae,null,395,null,null,0.0,61.0,30.47,30.0,0,58,11,0,0,99.61
BSCRO1209-25_r_1_s_100_BSCRO1209-25_fcleaner_merge,BSCRO1209-25,r_1_s_100_fcleaner_merge,>BSCRO1209-25_r_1_s_100_BSCRO1209-25_fcleaner_merge,1136003,QGZ08860.1,genus:Neelus,null,699,null,null,25.0,92.0,61.41,60.0,0,46,32,0,0,100.0
BSCRO1155-25_r_1.5_s_50_BSCRO1155-25_fcleaner_merge,BSCRO1155-25,r_1.5_s_50_fcleaner_merge,>BSCRO1155-25_r_1.5_s_50_BSCRO1155-25_fcleaner_merge,2768102,YP_010265401.1,family:Paronellidae,null,1686,null,null,0.0,272.0,187.66,199.0,0,57,20,0,0,99.8
BSCRO1227-25_r_1.3_s_100_BSCRO1227-25_fcleaner_merge,BSCRO1227-25,r_1.3_s_100_fcleaner_merge,>BSCRO1227-25_r_1.3_s_100_BSCRO1227-25_fcleaner_merge,2768102,YP_010265401.1,family:Paronellidae,null,1149,null,null,0.0,176.0,120.47,124.0,0,84,16,0,0,99.8
BSCRO1232-25_r_1_s_50_BSCRO1232-25_fcleaner_merge,BSCRO1232-25,r_1_s_50_fcleaner_merge,>BSCRO1232-25_r_1_s_50_BSCRO1232-25_fcleaner_merge,2768102,YP_010265401.1,family:Paronellidae,null,1130,null,null,0.0,161.0,114.75,114.0,0,219,28,0,0,99.8
BSCRO1194-25_r_1.5_s_50_BSCRO1194-25_fcleaner_merge,BSCRO1194-25,r_1.5_s_50_fcleaner_merge,>BSCRO1194-25_r_1.5_s_50_BSCRO1194-25_fcleaner_merge,370027,QFX74494.1,genus:Isotomurus,null,603,null,null,40.0,85.0,63.2,64.0,0,9,12,0,0,100.0
BSCRO1159-25_r_1_s_100_BSCRO1159-25_fcleaner_merge,BSCRO1159-25,r_1_s_100_fcleaner_merge,>BSCRO1159-25_r_1_s_100_BSCRO1159-25_fcleaner_merge,187676,YP_009753939.1,genus:Oncopodura,null,1547,null,null,0.0,264.0,180.76,186.0,0,40,43,0,0,99.61
BSCRO1228-25_r_1_s_50_BSCRO1228-25_fcleaner_merge,BSCRO1228-25,r_1_s_50_fcleaner_merge,>BSCRO1228-25_r_1_s_50_BSCRO1228-25_fcleaner_merge,1765952,XCD10116.1,subfamily:Heteromurinae,null,1970,null,null,0.0,266.0,190.93,204.0,0,208,43,0,0,99.61
BSCRO1176-25_r_1.3_s_50_BSCRO1176-25_fcleaner_merge,BSCRO1176-25,r_1.3_s_50_fcleaner_merge,>BSCRO1176-25_r_1.3_s_50_BSCRO1176-25_fcleaner_merge,187632,UFX54039.1,subfamily:Onychiurinae,null,582,null,null,33.0,95.0,60.85,60.0,0,34,55,0,0,100.0
BSCRO1231-25_r_1_s_50_BSCRO1231-25_fcleaner_merge,BSCRO1231-25,r_1_s_50_fcleaner_merge,>BSCRO1231-25_r_1_s_50_BSCRO1231-25_fcleaner_merge,2768102,YP_010265401.1,family:Paronellidae,null,1090,null,null,0.0,166.0,111.49,118.0,0,180,24,0,0,99.8
BSCRO1192-25_r_1.3_s_100_BSCRO1192-25_fcleaner_merge,BSCRO1192-25,r_1.3_s_100_fcleaner_merge,>BSCRO1192-25_r_1.3_s_100_BSCRO1192-25_fcleaner_merge,370027,QFX74494.1,genus:Isotomurus,null,797,null,null,58.0,110.0,84.13,84.0,0,13,16,0,0,100.0
BSCRO1161-25_r_1.5_s_50_BSCRO1161-25_fcleaner_merge,BSCRO1161-25,r_1.5_s_50_fcleaner_merge,>BSCRO1161-25_r_1.5_s_50_BSCRO1161-25_fcleaner_merge,187676,YP_009753939.1,genus:Oncopodura,null,227,null,null,0.0,40.0,19.26,18.0,0,14,4,0,0,96.48
BSCRO1176-25_r_1.3_s_100_BSCRO1176-25_fcleaner_merge,BSCRO1176-25,r_1.3_s_100_fcleaner_merge,>BSCRO1176-25_r_1.3_s_100_BSCRO1176-25_fcleaner_merge,187632,UFX54039.1,subfamily:Onychiurinae,null,535,null,null,29.0,93.0,57.36,56.0,0,14,45,0,0,100.0
BSCRO1193-25_r_1.5_s_100_BSCRO1193-25_fcleaner_merge,BSCRO1193-25,r_1.5_s_100_fcleaner_merge,>BSCRO1193-25_r_1.5_s_100_BSCRO1193-25_fcleaner_merge,370027,QFX74494.1,genus:Isotomurus,null,905,null,null,58.0,131.0,90.98,90.0,0,6,13,0,0,100.0
BSCRO1215-25_r_1.5_s_50_BSCRO1215-25_fcleaner_merge,BSCRO1215-25,r_1.5_s_50_fcleaner_merge,>BSCRO1215-25_r_1.5_s_50_BSCRO1215-25_fcleaner_merge,2768102,YP_010265401.1,family:Paronellidae,null,803,null,null,0.0,113.0,80.19,85.0,0,76,3,0,0,99.8
BSCRO1226-25_r_1.3_s_100_BSCRO1226-25_fcleaner_merge,BSCRO1226-25,r_1.3_s_100_fcleaner_merge,>BSCRO1226-25_r_1.3_s_100_BSCRO1226-25_fcleaner_merge,2768102,YP_010265401.1,family:Paronellidae,null,1744,null,null,0.0,270.0,190.59,191.0,0,134,25,0,0,99.8
BSCRO1187-25_r_1.3_s_100_BSCRO1187-25_fcleaner_merge,BSCRO1187-25,r_1.3_s_100_fcleaner_merge,>BSCRO1187-25_r_1.3_s_100_BSCRO1187-25_fcleaner_merge,2926737,QIT06492.1,family:Sminthuridae,null,256,null,null,0.0,68.0,27.46,28.0,0,4,4,0,3,89.44
BSCRO1172-25_r_1.3_s_50_BSCRO1172-25_fcleaner_merge,BSCRO1172-25,r_1.3_s_50_fcleaner_merge,>BSCRO1172-25_r_1.3_s_50_BSCRO1172-25_fcleaner_merge,3139678,UFX54039.1,subfamily:Onychiurinae,null,1184,null,null,0.0,165.0,119.4,122.0,0,144,27,0,0,99.8
BSCRO1229-25_r_1.5_s_50_BSCRO1229-25_fcleaner_merge,BSCRO1229-25,r_1.5_s_50_fcleaner_merge,>BSCRO1229-25_r_1.5_s_50_BSCRO1229-25_fcleaner_merge,2768102,YP_010265401.1,family:Paronellidae,null,1084,null,null,0.0,148.0,112.46,121.0,0,48,26,0,0,99.8
BSCRO1197-25_r_1.5_s_50_BSCRO1197-25_fcleaner_merge,BSCRO1197-25,r_1.5_s_50_fcleaner_merge,>BSCRO1197-25_r_1.5_s_50_BSCRO1197-25_fcleaner_merge,2768102,YP_010265401.1,family:Paronellidae,null,848,null,null,0.0,142.0,91.79,99.0,0,113,36,0,0,99.8
BSCRO1143-25_r_1.3_s_100_BSCRO1143-25_fcleaner_merge,BSCRO1143-25,r_1.3_s_100_fcleaner_merge,>BSCRO1143-25_r_1.3_s_100_BSCRO1143-25_fcleaner_merge,2768102,YP_010265401.1,family:Paronellidae,null,868,null,null,0.0,138.0,98.34,104.0,0,97,13,0,0,99.8
BSCRO1156-25_r_1.3_s_100_BSCRO1156-25_fcleaner_merge,BSCRO1156-25,r_1.3_s_100_fcleaner_merge,>BSCRO1156-25_r_1.3_s_100_BSCRO1156-25_fcleaner_merge,187676,YP_009753939.1,genus:Oncopodura,null,607,null,null,0.0,106.0,67.6,69.0,0,3,11,0,0,99.41
BSCRO1181-25_r_1.3_s_50_BSCRO1181-25_fcleaner_merge,BSCRO1181-25,r_1.3_s_50_fcleaner_merge,>BSCRO1181-25_r_1.3_s_50_BSCRO1181-25_fcleaner_merge,3139678,UFX54039.1,subfamily:Onychiurinae,null,509,null,null,0.0,78.0,51.14,49.0,0,52,42,0,0,99.8
BSCRO1181-25_r_1.3_s_100_BSCRO1181-25_fcleaner_merge,BSCRO1181-25,r_1.3_s_100_fcleaner_merge,>BSCRO1181-25_r_1.3_s_100_BSCRO1181-25_fcleaner_merge,3139678,UFX54039.1,subfamily:Onychiurinae,null,478,null,null,0.0,77.0,48.78,48.0,0,39,44,0,0,99.8
BSCRO1197-25_r_1.5_s_100_BSCRO1197-25_fcleaner_merge,BSCRO1197-25,r_1.5_s_100_fcleaner_merge,>BSCRO1197-25_r_1.5_s_100_BSCRO1197-25_fcleaner_merge,2768102,YP_010265401.1,family:Paronellidae,null,794,null,null,0.0,142.0,88.05,93.0,0,70,30,0,0,99.8
BSCRO1219-25_r_1.5_s_100_BSCRO1219-25_fcleaner_merge,BSCRO1219-25,r_1.5_s_100_fcleaner_merge,>BSCRO1219-25_r_1.5_s_100_BSCRO1219-25_fcleaner_merge,187676,YP_009753939.1,genus:Oncopodura,null,590,null,null,0.0,107.0,57.0,58.0,0,17,8,0,0,93.15
BSCRO1195-25_r_1.3_s_50_BSCRO1195-25_fcleaner_merge,BSCRO1195-25,r_1.3_s_50_fcleaner_merge,>BSCRO1195-25_r_1.3_s_50_BSCRO1195-25_fcleaner_merge,187632,UFX54039.1,subfamily:Onychiurinae,null,2152,null,null,0.0,260.0,203.97,208.0,0,162,131,0,0,99.8
BSCRO1205-25_r_1.3_s_50_BSCRO1205-25_fcleaner_merge,BSCRO1205-25,r_1.3_s_50_fcleaner_merge,>BSCRO1205-25_r_1.3_s_50_BSCRO1205-25_fcleaner_merge,2768102,YP_010265401.1,family:Paronellidae,null,1335,null,null,0.0,162.0,117.69,124.0,0,188,30,0,0,99.8
BSCRO1149-25_r_1_s_50_BSCRO1149-25_fcleaner_merge,BSCRO1149-25,r_1_s_50_fcleaner_merge,>BSCRO1149-25_r_1_s_50_BSCRO1149-25_fcleaner_merge,187676,YP_009753939.1,genus:Oncopodura,null,677,null,null,5.0,89.0,65.57,66.0,0,162,22,0,0,100.0
BSCRO1232-25_r_1_s_100_BSCRO1232-25_fcleaner_merge,BSCRO1232-25,r_1_s_100_fcleaner_merge,>BSCRO1232-25_r_1_s_100_BSCRO1232-25_fcleaner_merge,2768102,YP_010265401.1,family:Paronellidae,null,1001,null,null,0.0,152.0,110.27,111.0,0,79,16,0,0,99.8
BSCRO1209-25_r_1_s_50_BSCRO1209-25_fcleaner_merge,BSCRO1209-25,r_1_s_50_fcleaner_merge,>BSCRO1209-25_r_1_s_50_BSCRO1209-25_fcleaner_merge,1136003,QGZ08860.1,genus:Neelus,null,798,null,null,38.0,99.0,66.0,64.0,0,113,35,0,0,100.0
BSCRO1164-25_r_1_s_50_BSCRO1164-25_fcleaner_merge,BSCRO1164-25,r_1_s_50_fcleaner_merge,>BSCRO1164-25_r_1_s_50_BSCRO1164-25_fcleaner_merge,187676,YP_009753939.1,genus:Oncopodura,null,491,null,null,0.0,67.0,41.24,41.0,0,51,17,0,0,99.02
BSCRO1216-25_r_1_s_100_BSCRO1216-25_fcleaner_merge,BSCRO1216-25,r_1_s_100_fcleaner_merge,>BSCRO1216-25_r_1_s_100_BSCRO1216-25_fcleaner_merge,187632,UFX54039.1,subfamily:Onychiurinae,null,1617,null,null,0.0,221.0,170.75,170.0,0,42,31,0,0,99.8
BSCRO1221-25_r_1_s_50_BSCRO1221-25_fcleaner_merge,BSCRO1221-25,r_1_s_50_fcleaner_merge,>BSCRO1221-25_r_1_s_50_BSCRO1221-25_fcleaner_merge,2768102,YP_010265401.1,family:Paronellidae,null,907,null,null,0.0,114.0,87.81,93.0,0,178,21,0,0,99.8
BSCRO1231-25_r_1_s_100_BSCRO1231-25_fcleaner_merge,BSCRO1231-25,r_1_s_100_fcleaner_merge,>BSCRO1231-25_r_1_s_100_BSCRO1231-25_fcleaner_merge,2768102,YP_010265401.1,family:Paronellidae,null,995,null,null,0.0,158.0,107.99,114.0,0,64,10,0,0,99.8
BSCRO1213-25_r_1.5_s_50_BSCRO1213-25_fcleaner_merge,BSCRO1213-25,r_1.5_s_50_fcleaner_merge,>BSCRO1213-25_r_1.5_s_50_BSCRO1213-25_fcleaner_merge,2772100,AJK28732.1,genus:Pseudosinella,null,1542,null,null,0.0,443.0,130.51,133.0,0,153,51,0,0,94.92
BSCRO1186-25_r_1.3_s_50_BSCRO1186-25_fcleaner_merge,BSCRO1186-25,r_1.3_s_50_fcleaner_merge,>BSCRO1186-25_r_1.3_s_50_BSCRO1186-25_fcleaner_merge,2926737,QIT06492.1,family:Sminthuridae,null,244,null,null,0.0,66.0,20.82,20.0,0,26,11,0,3,91.17
BSCRO1212-25_r_1.3_s_50_BSCRO1212-25_fcleaner_merge,BSCRO1212-25,r_1.3_s_50_fcleaner_merge,>BSCRO1212-25_r_1.3_s_50_BSCRO1212-25_fcleaner_merge,2772100,AJK28732.1,genus:Pseudosinella,null,784,null,null,0.0,289.0,62.74,61.0,0,82,29,0,0,98.24
BSCRO1199-25_r_1_s_50_BSCRO1199-25_fcleaner_merge,BSCRO1199-25,r_1_s_50_fcleaner_merge,>BSCRO1199-25_r_1_s_50_BSCRO1199-25_fcleaner_merge,1765952,XCD10116.1,subfamily:Heteromurinae,null,1468,null,null,0.0,164.0,128.34,130.0,0,127,65,0,0,99.61
BSCRO1202-25_r_1.5_s_100_BSCRO1202-25_fcleaner_merge,BSCRO1202-25,r_1.5_s_100_fcleaner_merge,>BSCRO1202-25_r_1.5_s_100_BSCRO1202-25_fcleaner_merge,1136003,QGZ08860.1,genus:Neelus,null,149,null,null,0.0,22.0,10.76,11.0,0,10,7,0,0,99.8
BSCRO1149-25_r_1.5_s_100_BSCRO1149-25_fcleaner_merge,BSCRO1149-25,r_1.5_s_100_fcleaner_merge,>BSCRO1149-25_r_1.5_s_100_BSCRO1149-25_fcleaner_merge,187676,YP_009753939.1,genus:Oncopodura,null,425,null,null,0.0,69.0,49.32,56.0,0,11,7,0,0,93.54
BSCRO1166-25_r_1.3_s_50_BSCRO1166-25_fcleaner_merge,BSCRO1166-25,r_1.3_s_50_fcleaner_merge,>BSCRO1166-25_r_1.3_s_50_BSCRO1166-25_fcleaner_merge,187676,YP_009753939.1,genus:Oncopodura,null,1290,null,null,0.0,180.0,128.71,142.0,0,32,32,0,1,99.41
BSCRO1191-25_r_1.3_s_50_BSCRO1191-25_fcleaner_merge,BSCRO1191-25,r_1.3_s_50_fcleaner_merge,>BSCRO1191-25_r_1.3_s_50_BSCRO1191-25_fcleaner_merge,2926737,QIT06492.1,family:Sminthuridae,null,279,null,null,0.0,58.0,20.52,18.0,0,59,11,0,3,91.75
BSCRO1201-25_r_1_s_50_BSCRO1201-25_fcleaner_merge,BSCRO1201-25,r_1_s_50_fcleaner_merge,>BSCRO1201-25_r_1_s_50_BSCRO1201-25_fcleaner_merge,1765952,XCD10116.1,subfamily:Heteromurinae,null,805,null,null,0.0,93.0,71.0,72.0,0,80,62,0,0,99.61
BSCRO1216-25_r_1.5_s_50_BSCRO1216-25_fcleaner_merge,BSCRO1216-25,r_1.5_s_50_fcleaner_merge,>BSCRO1216-25_r_1.5_s_50_BSCRO1216-25_fcleaner_merge,187632,UFX54039.1,subfamily:Onychiurinae,null,1550,null,null,0.0,224.0,163.18,167.0,0,94,29,0,0,99.8
BSCRO1161-25_r_1_s_50_BSCRO1161-25_fcleaner_merge,BSCRO1161-25,r_1_s_50_fcleaner_merge,>BSCRO1161-25_r_1_s_50_BSCRO1161-25_fcleaner_merge,187676,YP_009753939.1,genus:Oncopodura,null,418,null,null,6.0,53.0,27.41,25.0,0,46,26,0,0,100.0
BSCRO1228-25_r_1.3_s_50_BSCRO1228-25_fcleaner_merge,BSCRO1228-25,r_1.3_s_50_fcleaner_merge,>BSCRO1228-25_r_1.3_s_50_BSCRO1228-25_fcleaner_merge,1765952,XCD10116.1,subfamily:Heteromurinae,null,1853,null,null,0.0,256.0,185.91,200.0,0,182,29,0,0,99.61
BSCRO1146-25_r_1.3_s_50_BSCRO1146-25_fcleaner_merge,BSCRO1146-25,r_1.3_s_50_fcleaner_merge,>BSCRO1146-25_r_1.3_s_50_BSCRO1146-25_fcleaner_merge,187676,YP_009753939.1,genus:Oncopodura,null,769,null,null,0.0,105.0,75.56,82.0,0,45,20,0,0,99.41
BSCRO1181-25_r_1_s_50_BSCRO1181-25_fcleaner_merge,BSCRO1181-25,r_1_s_50_fcleaner_merge,>BSCRO1181-25_r_1_s_50_BSCRO1181-25_fcleaner_merge,3139678,UFX54039.1,subfamily:Onychiurinae,null,812,null,null,0.0,322.0,62.49,55.0,0,65,52,0,0,99.8
BSCRO1234-25_r_1_s_100_BSCRO1234-25_fcleaner_merge,BSCRO1234-25,r_1_s_100_fcleaner_merge,>BSCRO1234-25_r_1_s_100_BSCRO1234-25_fcleaner_merge,2768102,YP_010265401.1,family:Paronellidae,null,810,null,null,0.0,110.0,88.18,90.0,0,52,13,0,0,99.8
BSCRO1230-25_r_1.5_s_100_BSCRO1230-25_fcleaner_merge,BSCRO1230-25,r_1.5_s_100_fcleaner_merge,>BSCRO1230-25_r_1.5_s_100_BSCRO1230-25_fcleaner_merge,1765952,XCD10116.1,subfamily:Heteromurinae,null,1041,null,null,0.0,132.0,106.62,108.0,0,12,23,0,0,99.61
BSCRO1142-25_r_1_s_50_BSCRO1142-25_fcleaner_merge,BSCRO1142-25,r_1_s_50_fcleaner_merge,>BSCRO1142-25_r_1_s_50_BSCRO1142-25_fcleaner_merge,187676,YP_009753939.1,genus:Oncopodura,null,753,null,null,0.0,100.0,67.89,66.0,0,81,18,0,0,99.02
BSCRO1225-25_r_1_s_50_BSCRO1225-25_fcleaner_merge,BSCRO1225-25,r_1_s_50_fcleaner_merge,>BSCRO1225-25_r_1_s_50_BSCRO1225-25_fcleaner_merge,2768102,YP_010265401.1,family:Paronellidae,null,2380,null,null,0.0,309.0,235.27,244.0,0,301,56,0,0,99.8
BSCRO1143-25_r_1.5_s_100_BSCRO1143-25_fcleaner_merge,BSCRO1143-25,r_1.5_s_100_fcleaner_merge,>BSCRO1143-25_r_1.5_s_100_BSCRO1143-25_fcleaner_merge,2768102,YP_010265401.1,family:Paronellidae,null,779,null,null,0.0,120.0,88.25,98.0,0,92,12,0,0,99.8
BSCRO1228-25_r_1_s_100_BSCRO1228-25_fcleaner_merge,BSCRO1228-25,r_1_s_100_fcleaner_merge,>BSCRO1228-25_r_1_s_100_BSCRO1228-25_fcleaner_merge,1765952,XCD10116.1,subfamily:Heteromurinae,null,1777,null,null,0.0,253.0,183.57,199.0,0,158,24,0,0,99.61
BSCRO1158-25_r_1.3_s_50_BSCRO1158-25_fcleaner_merge,BSCRO1158-25,r_1.3_s_50_fcleaner_merge,>BSCRO1158-25_r_1.3_s_50_BSCRO1158-25_fcleaner_merge,187676,YP_009753939.1,genus:Oncopodura,null,1605,null,null,0.0,288.0,185.62,194.0,0,35,43,0,0,99.61
BSCRO1212-25_r_1_s_100_BSCRO1212-25_fcleaner_merge,BSCRO1212-25,r_1_s_100_fcleaner_merge,>BSCRO1212-25_r_1_s_100_BSCRO1212-25_fcleaner_merge,2772100,AJK28732.1,genus:Pseudosinella,null,594,null,null,26.0,89.0,62.24,61.0,0,45,21,0,0,100.0
BSCRO1145-25_r_1.3_s_100_BSCRO1145-25_fcleaner_merge,BSCRO1145-25,r_1.3_s_100_fcleaner_merge,>BSCRO1145-25_r_1.3_s_100_BSCRO1145-25_fcleaner_merge,2768102,YP_010265401.1,family:Paronellidae,null,473,null,null,0.0,72.0,52.49,52.0,0,45,6,0,0,99.8
BSCRO1224-25_r_1.5_s_100_BSCRO1224-25_fcleaner_merge,BSCRO1224-25,r_1.5_s_100_fcleaner_merge,>BSCRO1224-25_r_1.5_s_100_BSCRO1224-25_fcleaner_merge,1765952,XCD10116.1,subfamily:Heteromurinae,null,754,null,null,0.0,112.0,78.75,84.0,0,78,10,0,0,99.61
BSCRO1223-25_r_1.5_s_100_BSCRO1223-25_fcleaner_merge,BSCRO1223-25,r_1.5_s_100_fcleaner_merge,>BSCRO1223-25_r_1.5_s_100_BSCRO1223-25_fcleaner_merge,1765952,XCD10116.1,subfamily:Heteromurinae,null,754,null,null,0.0,123.0,76.81,81.0,0,55,11,0,0,99.61
BSCRO1182-25_r_1.3_s_100_BSCRO1182-25_fcleaner_merge,BSCRO1182-25,r_1.3_s_100_fcleaner_merge,>BSCRO1182-25_r_1.3_s_100_BSCRO1182-25_fcleaner_merge,3139678,UFX54039.1,subfamily:Onychiurinae,null,962,null,null,0.0,156.0,101.52,102.0,0,62,39,0,0,99.8
BSCRO1225-25_r_1_s_100_BSCRO1225-25_fcleaner_merge,BSCRO1225-25,r_1_s_100_fcleaner_merge,>BSCRO1225-25_r_1_s_100_BSCRO1225-25_fcleaner_merge,2768102,YP_010265401.1,family:Paronellidae,null,2169,null,null,0.0,304.0,226.97,233.0,0,127,39,0,0,99.8
BSCRO1155-25_r_1.3_s_100_BSCRO1155-25_fcleaner_merge,BSCRO1155-25,r_1.3_s_100_fcleaner_merge,>BSCRO1155-25_r_1.3_s_100_BSCRO1155-25_fcleaner_merge,2768102,YP_010265401.1,family:Paronellidae,null,1789,null,null,0.0,266.0,199.45,201.0,0,13,20,0,0,99.8
BSCRO1234-25_r_1.5_s_50_BSCRO1234-25_fcleaner_merge,BSCRO1234-25,r_1.5_s_50_fcleaner_merge,>BSCRO1234-25_r_1.5_s_50_BSCRO1234-25_fcleaner_merge,2768102,YP_010265401.1,family:Paronellidae,null,773,null,null,0.0,108.0,82.68,87.0,0,92,14,0,0,99.8
BSCRO1178-25_r_1.5_s_50_BSCRO1178-25_fcleaner_merge,BSCRO1178-25,r_1.5_s_50_fcleaner_merge,>BSCRO1178-25_r_1.5_s_50_BSCRO1178-25_fcleaner_merge,3139678,UFX54039.1,subfamily:Onychiurinae,null,1229,null,null,0.0,195.0,142.44,158.0,0,49,96,0,0,99.61
BSCRO1165-25_r_1.3_s_50_BSCRO1165-25_fcleaner_merge,BSCRO1165-25,r_1.3_s_50_fcleaner_merge,>BSCRO1165-25_r_1.3_s_50_BSCRO1165-25_fcleaner_merge,187676,YP_009753939.1,genus:Oncopodura,null,988,null,null,0.0,136.0,102.27,106.0,0,12,13,0,0,99.02
BSCRO1153-25_r_1.5_s_50_BSCRO1153-25_fcleaner_merge,BSCRO1153-25,r_1.5_s_50_fcleaner_merge,>BSCRO1153-25_r_1.5_s_50_BSCRO1153-25_fcleaner_merge,187676,YP_009753939.1,genus:Oncopodura,null,936,null,null,0.0,164.0,100.65,111.0,0,13,15,0,0,97.46
BSCRO1181-25_r_1.5_s_100_BSCRO1181-25_fcleaner_merge,BSCRO1181-25,r_1.5_s_100_fcleaner_merge,>BSCRO1181-25_r_1.5_s_100_BSCRO1181-25_fcleaner_merge,3139678,UFX54039.1,subfamily:Onychiurinae,null,436,null,null,0.0,75.0,44.36,46.0,0,43,38,0,0,99.8
BSCRO1177-25_r_1_s_100_BSCRO1177-25_fcleaner_merge,BSCRO1177-25,r_1_s_100_fcleaner_merge,>BSCRO1177-25_r_1_s_100_BSCRO1177-25_fcleaner_merge,3139678,UFX54039.1,subfamily:Onychiurinae,null,1015,null,null,0.0,145.0,110.56,117.0,0,27,83,0,0,99.61
BSCRO1190-25_r_1.5_s_100_BSCRO1190-25_fcleaner_merge,BSCRO1190-25,r_1.5_s_100_fcleaner_merge,>BSCRO1190-25_r_1.5_s_100_BSCRO1190-25_fcleaner_merge,2926737,QIT06492.1,family:Sminthuridae,null,101,null,null,0.0,44.0,9.2,8.0,0,1,5,0,0,76.39
BSCRO1214-25_r_1_s_100_BSCRO1214-25_fcleaner_merge,BSCRO1214-25,r_1_s_100_fcleaner_merge,>BSCRO1214-25_r_1_s_100_BSCRO1214-25_fcleaner_merge,2772100,AJK28732.1,genus:Pseudosinella,null,1122,null,null,64.0,177.0,126.15,129.5,0,61,30,0,0,100.0
BSCRO1224-25_r_1.3_s_50_BSCRO1224-25_fcleaner_merge,BSCRO1224-25,r_1.3_s_50_fcleaner_merge,>BSCRO1224-25_r_1.3_s_50_BSCRO1224-25_fcleaner_merge,1765952,XCD10116.1,subfamily:Heteromurinae,null,868,null,null,0.0,117.0,83.92,89.0,0,113,12,0,0,99.61
BSCRO1233-25_r_1.5_s_100_BSCRO1233-25_fcleaner_merge,BSCRO1233-25,r_1.5_s_100_fcleaner_merge,>BSCRO1233-25_r_1.5_s_100_BSCRO1233-25_fcleaner_merge,2768102,YP_010265401.1,family:Paronellidae,null,1273,null,null,0.0,217.0,144.16,154.0,0,95,24,0,0,99.8
BSCRO1174-25_r_1.3_s_100_BSCRO1174-25_fcleaner_merge,BSCRO1174-25,r_1.3_s_100_fcleaner_merge,>BSCRO1174-25_r_1.3_s_100_BSCRO1174-25_fcleaner_merge,187632,UFX54039.1,subfamily:Onychiurinae,null,806,null,null,46.0,137.0,94.48,95.0,0,35,51,0,0,100.0
BSCRO1218-25_r_1.5_s_50_BSCRO1218-25_fcleaner_merge,BSCRO1218-25,r_1.5_s_50_fcleaner_merge,>BSCRO1218-25_r_1.5_s_50_BSCRO1218-25_fcleaner_merge,187632,UFX54039.1,subfamily:Onychiurinae,null,1003,null,null,0.0,144.0,98.95,104.0,0,69,26,0,0,99.8
BSCRO1206-25_r_1.3_s_100_BSCRO1206-25_fcleaner_merge,BSCRO1206-25,r_1.3_s_100_fcleaner_merge,>BSCRO1206-25_r_1.3_s_100_BSCRO1206-25_fcleaner_merge,1765952,XCD10116.1,subfamily:Heteromurinae,null,337,null,null,0.0,59.0,28.37,28.0,0,41,8,0,0,99.61
BSCRO1230-25_r_1.3_s_100_BSCRO1230-25_fcleaner_merge,BSCRO1230-25,r_1.3_s_100_fcleaner_merge,>BSCRO1230-25_r_1.3_s_100_BSCRO1230-25_fcleaner_merge,1765952,XCD10116.1,subfamily:Heteromurinae,null,1094,null,null,0.0,140.0,110.83,111.0,0,16,25,0,0,99.61
BSCRO1151-25_r_1.3_s_100_BSCRO1151-25_fcleaner_merge,BSCRO1151-25,r_1.3_s_100_fcleaner_merge,>BSCRO1151-25_r_1.3_s_100_BSCRO1151-25_fcleaner_merge,187676,YP_009753939.1,genus:Oncopodura,null,1039,null,null,0.0,168.0,115.9,120.0,0,13,14,0,0,99.41
BSCRO1230-25_r_1.5_s_50_BSCRO1230-25_fcleaner_merge,BSCRO1230-25,r_1.5_s_50_fcleaner_merge,>BSCRO1230-25_r_1.5_s_50_BSCRO1230-25_fcleaner_merge,1765952,XCD10116.1,subfamily:Heteromurinae,null,1096,null,null,0.0,135.0,109.02,110.5,0,36,25,0,0,99.61
BSCRO1178-25_r_1.5_s_100_BSCRO1178-25_fcleaner_merge,BSCRO1178-25,r_1.5_s_100_fcleaner_merge,>BSCRO1178-25_r_1.5_s_100_BSCRO1178-25_fcleaner_merge,3139678,UFX54039.1,subfamily:Onychiurinae,null,1184,null,null,0.0,193.0,139.89,157.0,0,33,93,0,0,99.61
BSCRO1205-25_r_1_s_50_BSCRO1205-25_fcleaner_merge,BSCRO1205-25,r_1_s_50_fcleaner_merge,>BSCRO1205-25_r_1_s_50_BSCRO1205-25_fcleaner_merge,2768102,YP_010265401.1,family:Paronellidae,null,1401,null,null,0.0,168.0,120.49,125.0,0,241,36,0,0,99.8
BSCRO1159-25_r_1.3_s_100_BSCRO1159-25_fcleaner_merge,BSCRO1159-25,r_1.3_s_100_fcleaner_merge,>BSCRO1159-25_r_1.3_s_100_BSCRO1159-25_fcleaner_merge,187676,YP_009753939.1,genus:Oncopodura,null,1434,null,null,0.0,260.0,169.98,182.0,0,43,42,0,0,98.63
BSCRO1226-25_r_1.3_s_50_BSCRO1226-25_fcleaner_merge,BSCRO1226-25,r_1.3_s_50_fcleaner_merge,>BSCRO1226-25_r_1.3_s_50_BSCRO1226-25_fcleaner_merge,2768102,YP_010265401.1,family:Paronellidae,null,1826,null,null,0.0,273.0,194.31,194.0,0,207,30,0,0,99.8
BSCRO1172-25_r_1.5_s_100_BSCRO1172-25_fcleaner_merge,BSCRO1172-25,r_1.5_s_100_fcleaner_merge,>BSCRO1172-25_r_1.5_s_100_BSCRO1172-25_fcleaner_merge,3139678,UFX54039.1,subfamily:Onychiurinae,null,1065,null,null,0.0,164.0,109.1,120.0,0,88,23,0,0,99.8
BSCRO1180-25_r_1.5_s_100_BSCRO1180-25_fcleaner_merge,BSCRO1180-25,r_1.5_s_100_fcleaner_merge,>BSCRO1180-25_r_1.5_s_100_BSCRO1180-25_fcleaner_merge,3139678,UFX54039.1,subfamily:Onychiurinae,null,638,null,null,0.0,103.0,65.66,70.0,0,43,27,0,0,99.8
BSCRO1146-25_r_1.5_s_50_BSCRO1146-25_fcleaner_merge,BSCRO1146-25,r_1.5_s_50_fcleaner_merge,>BSCRO1146-25_r_1.5_s_50_BSCRO1146-25_fcleaner_merge,187676,YP_009753939.1,genus:Oncopodura,null,628,null,null,0.0,103.0,64.78,68.0,0,27,12,0,0,96.87
BSCRO1186-25_r_1_s_50_BSCRO1186-25_fcleaner_merge,BSCRO1186-25,r_1_s_50_fcleaner_merge,>BSCRO1186-25_r_1_s_50_BSCRO1186-25_fcleaner_merge,2926737,QIT06492.1,family:Sminthuridae,null,449,null,null,0.0,67.0,37.85,38.0,0,65,24,0,3,95.97
BSCRO1185-25_r_1_s_100_BSCRO1185-25_fcleaner_merge,BSCRO1185-25,r_1_s_100_fcleaner_merge,>BSCRO1185-25_r_1_s_100_BSCRO1185-25_fcleaner_merge,2926737,QIT06492.1,family:Sminthuridae,null,532,null,null,0.0,106.0,60.67,64.0,0,1,16,0,3,91.17
BSCRO1148-25_r_1_s_50_BSCRO1148-25_fcleaner_merge,BSCRO1148-25,r_1_s_50_fcleaner_merge,>BSCRO1148-25_r_1_s_50_BSCRO1148-25_fcleaner_merge,187676,YP_009753939.1,genus:Oncopodura,null,360,null,null,3.0,54.0,26.92,26.0,0,146,27,0,0,100.0
BSCRO1203-25_r_1.5_s_50_BSCRO1203-25_fcleaner_merge,BSCRO1203-25,r_1.5_s_50_fcleaner_merge,>BSCRO1203-25_r_1.5_s_50_BSCRO1203-25_fcleaner_merge,2768102,YP_010265401.1,family:Paronellidae,null,1046,null,null,0.0,152.0,95.52,101.0,0,155,23,0,0,99.8
BSCRO1198-25_r_1_s_50_BSCRO1198-25_fcleaner_merge,BSCRO1198-25,r_1_s_50_fcleaner_merge,>BSCRO1198-25_r_1_s_50_BSCRO1198-25_fcleaner_merge,2768102,YP_010265401.1,family:Paronellidae,null,1047,null,null,0.0,150.0,106.74,106.0,0,205,38,0,0,99.8
BSCRO1143-25_r_1.3_s_50_BSCRO1143-25_fcleaner_merge,BSCRO1143-25,r_1.3_s_50_fcleaner_merge,>BSCRO1143-25_r_1.3_s_50_BSCRO1143-25_fcleaner_merge,2768102,YP_010265401.1,family:Paronellidae,null,958,null,null,0.0,158.0,101.0,106.0,0,189,12,0,0,99.8
BSCRO1207-25_r_1_s_100_BSCRO1207-25_fcleaner_merge,BSCRO1207-25,r_1_s_100_fcleaner_merge,>BSCRO1207-25_r_1_s_100_BSCRO1207-25_fcleaner_merge,1136003,QGZ08860.1,genus:Neelus,null,585,null,null,9.0,93.0,50.88,52.5,0,70,51,0,0,100.0
BSCRO1167-25_r_1.3_s_100_BSCRO1167-25_fcleaner_merge,BSCRO1167-25,r_1.3_s_100_fcleaner_merge,>BSCRO1167-25_r_1.3_s_100_BSCRO1167-25_fcleaner_merge,3139678,UFX54039.1,subfamily:Onychiurinae,null,1780,null,null,0.0,218.0,161.69,174.0,0,149,78,0,0,99.61
BSCRO1211-25_r_1.5_s_100_BSCRO1211-25_fcleaner_merge,BSCRO1211-25,r_1.5_s_100_fcleaner_merge,>BSCRO1211-25_r_1.5_s_100_BSCRO1211-25_fcleaner_merge,2768102,YP_010265401.1,family:Paronellidae,null,2180,null,null,0.0,324.0,227.32,251.0,0,212,24,0,0,99.8
BSCRO1229-25_r_1.5_s_100_BSCRO1229-25_fcleaner_merge,BSCRO1229-25,r_1.5_s_100_fcleaner_merge,>BSCRO1229-25_r_1.5_s_100_BSCRO1229-25_fcleaner_merge,2768102,YP_010265401.1,family:Paronellidae,null,979,null,null,0.0,148.0,108.14,117.0,0,32,21,0,0,99.8
BSCRO1217-25_r_1_s_100_BSCRO1217-25_fcleaner_merge,BSCRO1217-25,r_1_s_100_fcleaner_merge,>BSCRO1217-25_r_1_s_100_BSCRO1217-25_fcleaner_merge,187632,UFX54039.1,subfamily:Onychiurinae,null,751,null,null,0.0,107.0,73.12,76.0,0,41,19,0,0,99.8
BSCRO1210-25_r_1.5_s_100_BSCRO1210-25_fcleaner_merge,BSCRO1210-25,r_1.5_s_100_fcleaner_merge,>BSCRO1210-25_r_1.5_s_100_BSCRO1210-25_fcleaner_merge,2768102,YP_010265401.1,family:Paronellidae,null,2061,null,null,0.0,342.0,226.08,256.0,0,201,22,0,0,99.8
BSCRO1215-25_r_1.5_s_100_BSCRO1215-25_fcleaner_merge,BSCRO1215-25,r_1.5_s_100_fcleaner_merge,>BSCRO1215-25_r_1.5_s_100_BSCRO1215-25_fcleaner_merge,2768102,YP_010265401.1,family:Paronellidae,null,732,null,null,0.0,111.0,77.76,83.0,0,24,7,0,0,99.8
BSCRO1201-25_r_1_s_100_BSCRO1201-25_fcleaner_merge,BSCRO1201-25,r_1_s_100_fcleaner_merge,>BSCRO1201-25_r_1_s_100_BSCRO1201-25_fcleaner_merge,1765952,XCD10116.1,subfamily:Heteromurinae,null,638,null,null,0.0,82.0,64.21,67.0,0,34,36,0,0,99.61
BSCRO1191-25_r_1.3_s_100_BSCRO1191-25_fcleaner_merge,BSCRO1191-25,r_1.3_s_100_fcleaner_merge,>BSCRO1191-25_r_1.3_s_100_BSCRO1191-25_fcleaner_merge,2926737,QIT06492.1,family:Sminthuridae,null,238,null,null,0.0,53.0,18.9,17.0,0,15,7,0,3,86.18
BSCRO1223-25_r_1.3_s_100_BSCRO1223-25_fcleaner_merge,BSCRO1223-25,r_1.3_s_100_fcleaner_merge,>BSCRO1223-25_r_1.3_s_100_BSCRO1223-25_fcleaner_merge,1765952,XCD10116.1,subfamily:Heteromurinae,null,779,null,null,0.0,123.0,78.9,82.0,0,60,11,0,0,99.61
BSCRO1154-25_r_1.3_s_50_BSCRO1154-25_fcleaner_merge,BSCRO1154-25,r_1.3_s_50_fcleaner_merge,>BSCRO1154-25_r_1.3_s_50_BSCRO1154-25_fcleaner_merge,2768102,YP_010265401.1,family:Paronellidae,null,901,null,null,0.0,123.0,93.72,93.0,0,62,14,0,0,99.8
BSCRO1220-25_r_1.5_s_50_BSCRO1220-25_fcleaner_merge,BSCRO1220-25,r_1.5_s_50_fcleaner_merge,>BSCRO1220-25_r_1.5_s_50_BSCRO1220-25_fcleaner_merge,2768102,YP_010265401.1,family:Paronellidae,null,666,null,null,0.0,93.0,65.36,73.0,0,100,11,0,0,99.8
BSCRO1184-25_r_1.3_s_50_BSCRO1184-25_fcleaner_merge,BSCRO1184-25,r_1.3_s_50_fcleaner_merge,>BSCRO1184-25_r_1.3_s_50_BSCRO1184-25_fcleaner_merge,2926737,QIT06492.1,family:Sminthuridae,null,379,null,null,0.0,122.0,40.89,39.0,0,42,16,0,3,88.1
BSCRO1143-25_r_1_s_100_BSCRO1143-25_fcleaner_merge,BSCRO1143-25,r_1_s_100_fcleaner_merge,>BSCRO1143-25_r_1_s_100_BSCRO1143-25_fcleaner_merge,2768102,YP_010265401.1,family:Paronellidae,null,872,null,null,0.0,141.0,98.63,104.0,0,103,13,0,0,99.8
BSCRO1150-25_r_1.3_s_100_BSCRO1150-25_fcleaner_merge,BSCRO1150-25,r_1.3_s_100_fcleaner_merge,>BSCRO1150-25_r_1.3_s_100_BSCRO1150-25_fcleaner_merge,187676,YP_009753939.1,genus:Oncopodura,null,683,null,null,0.0,112.0,81.53,84.0,0,3,8,0,0,99.41
BSCRO1204-25_r_1.5_s_50_BSCRO1204-25_fcleaner_merge,BSCRO1204-25,r_1.5_s_50_fcleaner_merge,>BSCRO1204-25_r_1.5_s_50_BSCRO1204-25_fcleaner_merge,2768102,YP_010265401.1,family:Paronellidae,null,796,null,null,0.0,129.0,74.91,75.0,0,137,21,0,0,99.8
BSCRO1172-25_r_1_s_100_BSCRO1172-25_fcleaner_merge,BSCRO1172-25,r_1_s_100_fcleaner_merge,>BSCRO1172-25_r_1_s_100_BSCRO1172-25_fcleaner_merge,3139678,UFX54039.1,subfamily:Onychiurinae,null,1179,null,null,0.0,165.0,119.59,122.0,0,92,27,0,0,99.8
BSCRO1168-25_r_1.5_s_100_BSCRO1168-25_fcleaner_merge,BSCRO1168-25,r_1.5_s_100_fcleaner_merge,>BSCRO1168-25_r_1.5_s_100_BSCRO1168-25_fcleaner_merge,3139678,UFX54039.1,subfamily:Onychiurinae,null,1172,null,null,0.0,178.0,108.2,117.0,0,98,44,0,0,99.61
BSCRO1220-25_r_1.3_s_50_BSCRO1220-25_fcleaner_merge,BSCRO1220-25,r_1.3_s_50_fcleaner_merge,>BSCRO1220-25_r_1.3_s_50_BSCRO1220-25_fcleaner_merge,2768102,YP_010265401.1,family:Paronellidae,null,747,null,null,0.0,94.0,71.6,76.0,0,118,15,0,0,99.8
BSCRO1183-25_r_1_s_100_BSCRO1183-25_fcleaner_merge,BSCRO1183-25,r_1_s_100_fcleaner_merge,>BSCRO1183-25_r_1_s_100_BSCRO1183-25_fcleaner_merge,2926737,QIT06492.1,family:Sminthuridae,null,822,null,null,0.0,140.0,91.24,104.0,0,7,23,0,3,91.17
BSCRO1189-25_r_1.5_s_50_BSCRO1189-25_fcleaner_merge,BSCRO1189-25,r_1.5_s_50_fcleaner_merge,>BSCRO1189-25_r_1.5_s_50_BSCRO1189-25_fcleaner_merge,2926737,QIT06492.1,family:Sminthuridae,null,115,null,null,0.0,47.0,8.57,3.0,0,5,3,0,0,62.19
BSCRO1212-25_r_1.3_s_100_BSCRO1212-25_fcleaner_merge,BSCRO1212-25,r_1.3_s_100_fcleaner_merge,>BSCRO1212-25_r_1.3_s_100_BSCRO1212-25_fcleaner_merge,2772100,AJK28732.1,genus:Pseudosinella,null,548,null,null,0.0,89.0,57.88,61.0,0,39,18,0,0,98.24
BSCRO1166-25_r_1.5_s_50_BSCRO1166-25_fcleaner_merge,BSCRO1166-25,r_1.5_s_50_fcleaner_merge,>BSCRO1166-25_r_1.5_s_50_BSCRO1166-25_fcleaner_merge,187676,YP_009753939.1,genus:Oncopodura,null,1196,null,null,0.0,177.0,120.52,134.0,0,19,31,0,1,96.87
BSCRO1157-25_r_1_s_50_BSCRO1157-25_fcleaner_merge,BSCRO1157-25,r_1_s_50_fcleaner_merge,>BSCRO1157-25_r_1_s_50_BSCRO1157-25_fcleaner_merge,187676,YP_009753939.1,genus:Oncopodura,null,792,null,null,0.0,128.0,76.32,81.0,0,122,79,0,0,99.41
BSCRO1200-25_r_1.3_s_100_BSCRO1200-25_fcleaner_merge,BSCRO1200-25,r_1.3_s_100_fcleaner_merge,>BSCRO1200-25_r_1.3_s_100_BSCRO1200-25_fcleaner_merge,1765952,XCD10116.1,subfamily:Heteromurinae,null,1406,null,null,0.0,176.0,137.65,142.0,0,67,52,0,0,99.61
BSCRO1143-25_r_1.5_s_50_BSCRO1143-25_fcleaner_merge,BSCRO1143-25,r_1.5_s_50_fcleaner_merge,>BSCRO1143-25_r_1.5_s_50_BSCRO1143-25_fcleaner_merge,2768102,YP_010265401.1,family:Paronellidae,null,854,null,null,0.0,158.0,90.69,100.0,0,151,2,0,0,99.8
BSCRO1152-25_r_1_s_100_BSCRO1152-25_fcleaner_merge,BSCRO1152-25,r_1_s_100_fcleaner_merge,>BSCRO1152-25_r_1_s_100_BSCRO1152-25_fcleaner_merge,187676,YP_009753939.1,genus:Oncopodura,null,1035,null,null,0.0,140.0,106.77,109.0,0,10,22,0,0,99.41
BSCRO1155-25_r_1.3_s_50_BSCRO1155-25_fcleaner_merge,BSCRO1155-25,r_1.3_s_50_fcleaner_merge,>BSCRO1155-25_r_1.3_s_50_BSCRO1155-25_fcleaner_merge,2768102,YP_010265401.1,family:Paronellidae,null,1869,null,null,0.0,273.0,203.12,205.0,0,61,24,0,0,99.8
BSCRO1170-25_r_1.5_s_50_BSCRO1170-25_fcleaner_merge,BSCRO1170-25,r_1.5_s_50_fcleaner_merge,>BSCRO1170-25_r_1.5_s_50_BSCRO1170-25_fcleaner_merge,3139678,UFX54039.1,subfamily:Onychiurinae,null,2614,null,null,0.0,428.0,314.12,337.0,0,106,235,0,0,99.8
BSCRO1163-25_r_1.5_s_100_BSCRO1163-25_fcleaner_merge,BSCRO1163-25,r_1.5_s_100_fcleaner_merge,>BSCRO1163-25_r_1.5_s_100_BSCRO1163-25_fcleaner_merge,187676,YP_009753939.1,genus:Oncopodura,null,1052,null,null,0.0,182.0,104.75,111.0,0,12,18,0,0,93.15
BSCRO1159-25_r_1.5_s_100_BSCRO1159-25_fcleaner_merge,BSCRO1159-25,r_1.5_s_100_fcleaner_merge,>BSCRO1159-25_r_1.5_s_100_BSCRO1159-25_fcleaner_merge,187676,YP_009753939.1,genus:Oncopodura,null,1349,null,null,0.0,256.0,161.21,172.0,0,40,40,0,0,93.15
BSCRO1154-25_r_1.5_s_100_BSCRO1154-25_fcleaner_merge,BSCRO1154-25,r_1.5_s_100_fcleaner_merge,>BSCRO1154-25_r_1.5_s_100_BSCRO1154-25_fcleaner_merge,2768102,YP_010265401.1,family:Paronellidae,null,776,null,null,0.0,119.0,85.68,91.0,0,17,5,0,0,99.8
BSCRO1185-25_r_1.5_s_50_BSCRO1185-25_fcleaner_merge,BSCRO1185-25,r_1.5_s_50_fcleaner_merge,>BSCRO1185-25_r_1.5_s_50_BSCRO1185-25_fcleaner_merge,2926737,QIT06492.1,family:Sminthuridae,null,119,null,null,0.0,53.0,10.1,4.0,0,3,0,0,0,69.67
BSCRO1176-25_r_1.5_s_100_BSCRO1176-25_fcleaner_merge,BSCRO1176-25,r_1.5_s_100_fcleaner_merge,>BSCRO1176-25_r_1.5_s_100_BSCRO1176-25_fcleaner_merge,187632,UFX54039.1,subfamily:Onychiurinae,null,505,null,null,9.0,93.0,54.77,54.0,0,14,42,0,0,100.0
BSCRO1227-25_r_1.3_s_50_BSCRO1227-25_fcleaner_merge,BSCRO1227-25,r_1.3_s_50_fcleaner_merge,>BSCRO1227-25_r_1.3_s_50_BSCRO1227-25_fcleaner_merge,2768102,YP_010265401.1,family:Paronellidae,null,1232,null,null,0.0,176.0,123.51,127.0,0,158,22,0,0,99.8
BSCRO1225-25_r_1.5_s_100_BSCRO1225-25_fcleaner_merge,BSCRO1225-25,r_1.5_s_100_fcleaner_merge,>BSCRO1225-25_r_1.5_s_100_BSCRO1225-25_fcleaner_merge,2768102,YP_010265401.1,family:Paronellidae,null,1955,null,null,0.0,289.0,207.02,228.0,0,122,35,0,0,99.8
BSCRO1171-25_r_1.5_s_100_BSCRO1171-25_fcleaner_merge,BSCRO1171-25,r_1.5_s_100_fcleaner_merge,>BSCRO1171-25_r_1.5_s_100_BSCRO1171-25_fcleaner_merge,3139678,UFX54039.1,subfamily:Onychiurinae,null,606,null,null,0.0,93.0,60.88,64.0,0,44,20,0,0,98.83
BSCRO1196-25_r_1.5_s_50_BSCRO1196-25_fcleaner_merge,BSCRO1196-25,r_1.5_s_50_fcleaner_merge,>BSCRO1196-25_r_1.5_s_50_BSCRO1196-25_fcleaner_merge,187632,UFX54039.1,subfamily:Onychiurinae,null,900,null,null,0.0,176.0,82.59,83.0,0,58,52,0,0,99.8
BSCRO1161-25_r_1.3_s_100_BSCRO1161-25_fcleaner_merge,BSCRO1161-25,r_1.3_s_100_fcleaner_merge,>BSCRO1161-25_r_1.3_s_100_BSCRO1161-25_fcleaner_merge,187676,YP_009753939.1,genus:Oncopodura,null,211,null,null,0.0,38.0,20.12,20.0,0,5,6,0,0,99.41
BSCRO1175-25_r_1_s_100_BSCRO1175-25_fcleaner_merge,BSCRO1175-25,r_1_s_100_fcleaner_merge,>BSCRO1175-25_r_1_s_100_BSCRO1175-25_fcleaner_merge,187632,UFX54039.1,subfamily:Onychiurinae,null,907,null,null,51.0,129.0,101.76,104.0,0,137,72,0,0,100.0
BSCRO1213-25_r_1_s_100_BSCRO1213-25_fcleaner_merge,BSCRO1213-25,r_1_s_100_fcleaner_merge,>BSCRO1213-25_r_1_s_100_BSCRO1213-25_fcleaner_merge,2772100,AJK28732.1,genus:Pseudosinella,null,1336,null,null,71.0,213.0,138.24,138.0,0,107,34,0,0,100.0
BSCRO1179-25_r_1.5_s_50_BSCRO1179-25_fcleaner_merge,BSCRO1179-25,r_1.5_s_50_fcleaner_merge,>BSCRO1179-25_r_1.5_s_50_BSCRO1179-25_fcleaner_merge,3139678,UFX54039.1,subfamily:Onychiurinae,null,1028,null,null,0.0,145.0,111.26,121.0,0,38,79,0,0,99.8
BSCRO1211-25_r_1_s_50_BSCRO1211-25_fcleaner_merge,BSCRO1211-25,r_1_s_50_fcleaner_merge,>BSCRO1211-25_r_1_s_50_BSCRO1211-25_fcleaner_merge,2768102,YP_010265401.1,family:Paronellidae,null,2560,null,null,0.0,337.0,255.85,272.0,0,392,38,0,0,99.8
BSCRO1234-25_r_1_s_50_BSCRO1234-25_fcleaner_merge,BSCRO1234-25,r_1_s_50_fcleaner_merge,>BSCRO1234-25_r_1_s_50_BSCRO1234-25_fcleaner_merge,2768102,YP_010265401.1,family:Paronellidae,null,922,null,null,0.0,114.0,92.03,94.0,0,136,23,0,0,99.8
BSCRO1217-25_r_1_s_50_BSCRO1217-25_fcleaner_merge,BSCRO1217-25,r_1_s_50_fcleaner_merge,>BSCRO1217-25_r_1_s_50_BSCRO1217-25_fcleaner_merge,187632,UFX54039.1,subfamily:Onychiurinae,null,939,null,null,0.0,114.0,79.88,80.0,0,114,35,0,0,99.8
BSCRO1147-25_r_1_s_50_BSCRO1147-25_fcleaner_merge,BSCRO1147-25,r_1_s_50_fcleaner_merge,>BSCRO1147-25_r_1_s_50_BSCRO1147-25_fcleaner_merge,187676,YP_009753939.1,genus:Oncopodura,null,715,null,null,7.0,115.0,65.11,64.0,0,95,27,0,0,100.0
BSCRO1152-25_r_1.3_s_100_BSCRO1152-25_fcleaner_merge,BSCRO1152-25,r_1.3_s_100_fcleaner_merge,>BSCRO1152-25_r_1.3_s_100_BSCRO1152-25_fcleaner_merge,187676,YP_009753939.1,genus:Oncopodura,null,952,null,null,0.0,140.0,99.0,106.0,0,10,20,0,0,99.41
BSCRO1150-25_r_1.5_s_50_BSCRO1150-25_fcleaner_merge,BSCRO1150-25,r_1.5_s_50_fcleaner_merge,>BSCRO1150-25_r_1.5_s_50_BSCRO1150-25_fcleaner_merge,187676,YP_009753939.1,genus:Oncopodura,null,653,null,null,0.0,112.0,76.11,80.0,0,16,9,0,0,97.85
BSCRO1231-25_r_1_s_100_BSCRO1231-25,BSCRO1231-25,r_1_s_100,>BSCRO1231-25_r_1_s_100_BSCRO1231-25,2768102,YP_010265401.1,family:Paronellidae,,2763,null,1533,0.0,345.0,244.66,245.0,null,null,null,null,null,null
BSCRO1180-25_r_1.3_s_50_BSCRO1180-25,BSCRO1180-25,r_1.3_s_50,>BSCRO1180-25_r_1.3_s_50_BSCRO1180-25,3139678,UFX54039.1,subfamily:Onychiurinae,,1766,null,1533,2.0,205.0,145.59,150.0,null,null,null,null,null,null
BSCRO1216-25_r_1.5_s_100_BSCRO1216-25,BSCRO1216-25,r_1.5_s_100,>BSCRO1216-25_r_1.5_s_100_BSCRO1216-25,187632,UFX54039.1,subfamily:Onychiurinae,,3433,null,1533,0.0,395.0,299.82,308.0,null,null,null,null,null,null
BSCRO1208-25_r_1_s_50_BSCRO1208-25,BSCRO1208-25,r_1_s_50,>BSCRO1208-25_r_1_s_50_BSCRO1208-25,1136003,QGZ08860.1,genus:Neelus,,1320,null,1530,43.0,139.0,89.41,89.0,null,null,null,null,null,null
BSCRO1182-25_r_1_s_100_BSCRO1182-25,BSCRO1182-25,r_1_s_100,>BSCRO1182-25_r_1_s_100_BSCRO1182-25,3139678,UFX54039.1,subfamily:Onychiurinae,,2416,null,1533,0.0,294.0,211.83,213.0,null,null,null,null,null,null
BSCRO1193-25_r_1.3_s_100_BSCRO1193-25,BSCRO1193-25,r_1.3_s_100,>BSCRO1193-25_r_1.3_s_100_BSCRO1193-25,370027,QFX74494.1,genus:Isotomurus,,1927,null,1533,105.0,221.0,163.45,164.0,null,null,null,null,null,null
BSCRO1161-25_r_1.3_s_50_BSCRO1161-25,BSCRO1161-25,r_1.3_s_50,>BSCRO1161-25_r_1.3_s_50_BSCRO1161-25,187676,YP_009753939.1,genus:Oncopodura,,518,null,1533,0.0,64.0,34.32,34.0,null,null,null,null,null,null
BSCRO1150-25_r_1_s_50_BSCRO1150-25,BSCRO1150-25,r_1_s_50,>BSCRO1150-25_r_1_s_50_BSCRO1150-25,187676,YP_009753939.1,genus:Oncopodura,,2871,null,1533,11.0,293.0,222.34,217.0,null,null,null,null,null,null
BSCRO1235-25_r_1_s_100_BSCRO1235-25,BSCRO1235-25,r_1_s_100,>BSCRO1235-25_r_1_s_100_BSCRO1235-25,2768102,YP_010265401.1,family:Paronellidae,,2297,null,1533,0.0,243.0,185.35,183.0,null,null,null,null,null,null
BSCRO1214-25_r_1_s_100_BSCRO1214-25,BSCRO1214-25,r_1_s_100,>BSCRO1214-25_r_1_s_100_BSCRO1214-25,2772100,AJK28732.1,genus:Pseudosinella,,3030,null,1536,100.0,345.0,270.14,276.0,null,null,null,null,null,null
BSCRO1152-25_r_1.5_s_50_BSCRO1152-25,BSCRO1152-25,r_1.5_s_50,>BSCRO1152-25_r_1.5_s_50_BSCRO1152-25,187676,YP_009753939.1,genus:Oncopodura,,2158,null,1533,0.0,299.0,176.51,198.0,null,null,null,null,null,null
BSCRO1160-25_r_1.3_s_50_BSCRO1160-25,BSCRO1160-25,r_1.3_s_50,>BSCRO1160-25_r_1.3_s_50_BSCRO1160-25,187676,YP_009753939.1,genus:Oncopodura,,2305,null,1533,0.0,262.0,186.41,196.0,null,null,null,null,null,null
BSCRO1212-25_r_1_s_50_BSCRO1212-25,BSCRO1212-25,r_1_s_50,>BSCRO1212-25_r_1_s_50_BSCRO1212-25,2772100,AJK28732.1,genus:Pseudosinella,,2320,null,1536,67.0,524.0,145.17,139.0,null,null,null,null,null,null
BSCRO1173-25_r_1.5_s_100_BSCRO1173-25,BSCRO1173-25,r_1.5_s_100,>BSCRO1173-25_r_1.5_s_100_BSCRO1173-25,3139678,UFX54039.1,subfamily:Onychiurinae,,827,null,1533,0.0,131.0,74.35,78.0,null,null,null,null,null,null
BSCRO1199-25_r_1.5_s_50_BSCRO1199-25,BSCRO1199-25,r_1.5_s_50,>BSCRO1199-25_r_1.5_s_50_BSCRO1199-25,1765952,XCD10116.1,subfamily:Heteromurinae,,2506,null,1536,0.0,275.0,192.62,191.0,null,null,null,null,null,null
BSCRO1146-25_r_1.3_s_50_BSCRO1146-25,BSCRO1146-25,r_1.3_s_50,>BSCRO1146-25_r_1.3_s_50_BSCRO1146-25,187676,YP_009753939.1,genus:Oncopodura,,1730,null,1533,0.0,191.0,135.01,146.0,null,null,null,null,null,null
BSCRO1232-25_r_1.5_s_100_BSCRO1232-25,BSCRO1232-25,r_1.5_s_100,>BSCRO1232-25_r_1.5_s_100_BSCRO1232-25,2768102,YP_010265401.1,family:Paronellidae,,2564,null,1533,0.0,326.0,228.22,245.0,null,null,null,null,null,null
BSCRO1181-25_r_1.5_s_50_BSCRO1181-25,BSCRO1181-25,r_1.5_s_50,>BSCRO1181-25_r_1.5_s_50_BSCRO1181-25,3139678,UFX54039.1,subfamily:Onychiurinae,,1181,null,1533,0.0,150.0,98.62,104.0,null,null,null,null,null,null
BSCRO1225-25_r_1.5_s_100_BSCRO1225-25,BSCRO1225-25,r_1.5_s_100,>BSCRO1225-25_r_1.5_s_100_BSCRO1225-25,2768102,YP_010265401.1,family:Paronellidae,,4650,null,1533,0.0,539.0,399.16,431.0,null,null,null,null,null,null
BSCRO1216-25_r_1_s_50_BSCRO1216-25,BSCRO1216-25,r_1_s_50,>BSCRO1216-25_r_1_s_50_BSCRO1216-25,187632,UFX54039.1,subfamily:Onychiurinae,,4318,null,1533,0.0,427.0,338.33,334.0,null,null,null,null,null,null
BSCRO1214-25_r_1.5_s_100_BSCRO1214-25,BSCRO1214-25,r_1.5_s_100,>BSCRO1214-25_r_1.5_s_100_BSCRO1214-25,2772100,AJK28732.1,genus:Pseudosinella,,2652,null,1536,0.0,341.0,238.64,266.0,null,null,null,null,null,null
BSCRO1204-25_r_1_s_50_BSCRO1204-25,BSCRO1204-25,r_1_s_50,>BSCRO1204-25_r_1_s_50_BSCRO1204-25,2768102,YP_010265401.1,family:Paronellidae,,2355,null,1533,0.0,245.0,163.31,157.0,null,null,null,null,null,null
BSCRO1166-25_r_1.3_s_50_BSCRO1166-25,BSCRO1166-25,r_1.3_s_50,>BSCRO1166-25_r_1.3_s_50_BSCRO1166-25,187676,YP_009753939.1,genus:Oncopodura,,2582,null,1533,0.0,309.0,208.57,226.0,null,null,null,null,null,null
BSCRO1202-25_r_1.3_s_50_BSCRO1202-25,BSCRO1202-25,r_1.3_s_50,>BSCRO1202-25_r_1.3_s_50_BSCRO1202-25,1136003,QGZ08860.1,genus:Neelus,,481,null,1530,6.0,76.0,29.77,26.0,null,null,null,null,null,null
BSCRO1157-25_r_1.5_s_50_BSCRO1157-25,BSCRO1157-25,r_1.5_s_50,>BSCRO1157-25_r_1.5_s_50_BSCRO1157-25,187676,YP_009753939.1,genus:Oncopodura,,1250,null,1533,0.0,166.0,104.89,118.0,null,null,null,null,null,null
BSCRO1173-25_r_1_s_50_BSCRO1173-25,BSCRO1173-25,r_1_s_50,>BSCRO1173-25_r_1_s_50_BSCRO1173-25,3139678,UFX54039.1,subfamily:Onychiurinae,,1759,null,1533,7.0,699.0,109.33,86.0,null,null,null,null,null,null
BSCRO1171-25_r_1_s_100_BSCRO1171-25,BSCRO1171-25,r_1_s_100,>BSCRO1171-25_r_1_s_100_BSCRO1171-25,3139678,UFX54039.1,subfamily:Onychiurinae,,1534,null,1533,0.0,182.0,130.85,132.0,null,null,null,null,null,null
BSCRO1234-25_r_1_s_100_BSCRO1234-25,BSCRO1234-25,r_1_s_100,>BSCRO1234-25_r_1_s_100_BSCRO1234-25,2768102,YP_010265401.1,family:Paronellidae,,2048,null,1533,0.0,218.0,180.31,182.0,null,null,null,null,null,null
BSCRO1220-25_r_1_s_100_BSCRO1220-25,BSCRO1220-25,r_1_s_100,>BSCRO1220-25_r_1_s_100_BSCRO1220-25,2768102,YP_010265401.1,family:Paronellidae,,1586,null,1533,0.0,168.0,133.54,133.0,null,null,null,null,null,null
BSCRO1210-25_r_1.5_s_50_BSCRO1210-25,BSCRO1210-25,r_1.5_s_50,>BSCRO1210-25_r_1.5_s_50_BSCRO1210-25,2768102,YP_010265401.1,family:Paronellidae,,5010,null,1533,0.0,579.0,423.7,450.0,null,null,null,null,null,null
BSCRO1217-25_r_1_s_50_BSCRO1217-25,BSCRO1217-25,r_1_s_50,>BSCRO1217-25_r_1_s_50_BSCRO1217-25,187632,UFX54039.1,subfamily:Onychiurinae,,2013,null,1533,0.0,231.0,142.23,142.0,null,null,null,null,null,null
BSCRO1162-25_r_1.3_s_100_BSCRO1162-25,BSCRO1162-25,r_1.3_s_100,>BSCRO1162-25_r_1.3_s_100_BSCRO1162-25,187676,YP_009753939.1,genus:Oncopodura,,287,null,1533,0.0,55.0,23.75,23.0,null,null,null,null,null,null
BSCRO1159-25_r_1.5_s_50_BSCRO1159-25,BSCRO1159-25,r_1.5_s_50,>BSCRO1159-25_r_1.5_s_50_BSCRO1159-25,187676,YP_009753939.1,genus:Oncopodura,,4243,null,1533,0.0,581.0,376.4,425.0,null,null,null,null,null,null
BSCRO1151-25_r_1.5_s_100_BSCRO1151-25,BSCRO1151-25,r_1.5_s_100,>BSCRO1151-25_r_1.5_s_100_BSCRO1151-25,187676,YP_009753939.1,genus:Oncopodura,,2162,null,1533,0.0,290.0,194.21,224.0,null,null,null,null,null,null
BSCRO1158-25_r_1_s_100_BSCRO1158-25,BSCRO1158-25,r_1_s_100,>BSCRO1158-25_r_1_s_100_BSCRO1158-25,187676,YP_009753939.1,genus:Oncopodura,,5072,null,1533,0.0,590.0,465.47,478.0,null,null,null,null,null,null
BSCRO1224-25_r_1_s_100_BSCRO1224-25,BSCRO1224-25,r_1_s_100,>BSCRO1224-25_r_1_s_100_BSCRO1224-25,1765952,XCD10116.1,subfamily:Heteromurinae,,1848,null,1536,0.0,201.0,159.64,163.0,null,null,null,null,null,null
BSCRO1142-25_r_1.3_s_100_BSCRO1142-25,BSCRO1142-25,r_1.3_s_100,>BSCRO1142-25_r_1.3_s_100_BSCRO1142-25,187676,YP_009753939.1,genus:Oncopodura,,1207,null,1533,0.0,161.0,104.25,111.0,null,null,null,null,null,null
BSCRO1149-25_r_1_s_100_BSCRO1149-25,BSCRO1149-25,r_1_s_100,>BSCRO1149-25_r_1_s_100_BSCRO1149-25,187676,YP_009753939.1,genus:Oncopodura,,1761,null,1533,0.0,209.0,158.6,162.0,null,null,null,null,null,null
BSCRO1221-25_r_1_s_100_BSCRO1221-25,BSCRO1221-25,r_1_s_100,>BSCRO1221-25_r_1_s_100_BSCRO1221-25,2768102,YP_010265401.1,family:Paronellidae,,1756,null,1533,0.0,189.0,152.77,156.0,null,null,null,null,null,null
BSCRO1173-25_r_1.3_s_100_BSCRO1173-25,BSCRO1173-25,r_1.3_s_100,>BSCRO1173-25_r_1.3_s_100_BSCRO1173-25,3139678,UFX54039.1,subfamily:Onychiurinae,,888,null,1533,0.0,131.0,79.68,79.0,null,null,null,null,null,null
BSCRO1161-25_r_1_s_50_BSCRO1161-25,BSCRO1161-25,r_1_s_50,>BSCRO1161-25_r_1_s_50_BSCRO1161-25,187676,YP_009753939.1,genus:Oncopodura,,734,null,1533,6.0,85.0,43.27,40.0,null,null,null,null,null,null
BSCRO1201-25_r_1.5_s_50_BSCRO1201-25,BSCRO1201-25,r_1.5_s_50,>BSCRO1201-25_r_1.5_s_50_BSCRO1201-25,1765952,XCD10116.1,subfamily:Heteromurinae,,1397,null,1536,0.0,164.0,108.59,109.0,null,null,null,null,null,null
BSCRO1191-25_r_1.3_s_100_BSCRO1191-25,BSCRO1191-25,r_1.3_s_100,>BSCRO1191-25_r_1.3_s_100_BSCRO1191-25,2926737,QIT06492.1,family:Sminthuridae,,437,null,1563,0.0,100.0,31.17,29.0,null,null,null,null,null,null
BSCRO1211-25_r_1_s_100_BSCRO1211-25,BSCRO1211-25,r_1_s_100,>BSCRO1211-25_r_1_s_100_BSCRO1211-25,2768102,YP_010265401.1,family:Paronellidae,,5277,null,1533,0.0,560.0,453.64,454.0,null,null,null,null,null,null
BSCRO1163-25_r_1_s_100_BSCRO1163-25,BSCRO1163-25,r_1_s_100,>BSCRO1163-25_r_1_s_100_BSCRO1163-25,187676,YP_009753939.1,genus:Oncopodura,,2326,null,1533,0.0,279.0,194.35,197.0,null,null,null,null,null,null
BSCRO1166-25_r_1_s_100_BSCRO1166-25,BSCRO1166-25,r_1_s_100,>BSCRO1166-25_r_1_s_100_BSCRO1166-25,187676,YP_009753939.1,genus:Oncopodura,,2546,null,1533,0.0,307.0,218.42,221.0,null,null,null,null,null,null
BSCRO1147-25_r_1.5_s_100_BSCRO1147-25,BSCRO1147-25,r_1.5_s_100,>BSCRO1147-25_r_1.5_s_100_BSCRO1147-25,187676,YP_009753939.1,genus:Oncopodura,,916,null,1533,0.0,160.0,82.34,90.0,null,null,null,null,null,null
BSCRO1166-25_r_1.5_s_50_BSCRO1166-25,BSCRO1166-25,r_1.5_s_50,>BSCRO1166-25_r_1.5_s_50_BSCRO1166-25,187676,YP_009753939.1,genus:Oncopodura,,2320,null,1533,0.0,296.0,191.16,206.0,null,null,null,null,null,null
BSCRO1181-25_r_1_s_100_BSCRO1181-25,BSCRO1181-25,r_1_s_100,>BSCRO1181-25_r_1_s_100_BSCRO1181-25,3139678,UFX54039.1,subfamily:Onychiurinae,,1221,null,1533,0.0,148.0,105.86,104.0,null,null,null,null,null,null
BSCRO1199-25_r_1.3_s_50_BSCRO1199-25,BSCRO1199-25,r_1.3_s_50,>BSCRO1199-25_r_1.3_s_50_BSCRO1199-25,1765952,XCD10116.1,subfamily:Heteromurinae,,2766,null,1536,0.0,276.0,206.38,206.0,null,null,null,null,null,null
BSCRO1211-25_r_1_s_50_BSCRO1211-25,BSCRO1211-25,r_1_s_50,>BSCRO1211-25_r_1_s_50_BSCRO1211-25,2768102,YP_010265401.1,family:Paronellidae,,5962,null,1533,0.0,574.0,474.16,474.0,null,null,null,null,null,null
BSCRO1200-25_r_1.5_s_100_BSCRO1200-25,BSCRO1200-25,r_1.5_s_100,>BSCRO1200-25_r_1.5_s_100_BSCRO1200-25,1765952,XCD10116.1,subfamily:Heteromurinae,,2649,null,1536,0.0,290.0,222.46,226.0,null,null,null,null,null,null
BSCRO1190-25_r_1.5_s_100_BSCRO1190-25,BSCRO1190-25,r_1.5_s_100,>BSCRO1190-25_r_1.5_s_100_BSCRO1190-25,2926737,QIT06492.1,family:Sminthuridae,,266,null,1563,0.0,93.0,22.08,11.0,null,null,null,null,null,null
BSCRO1197-25_r_1.5_s_50_BSCRO1197-25,BSCRO1197-25,r_1.5_s_50,>BSCRO1197-25_r_1.5_s_50_BSCRO1197-25,2768102,YP_010265401.1,family:Paronellidae,,2136,null,1533,0.0,254.0,173.16,179.0,null,null,null,null,null,null
BSCRO1205-25_r_1.5_s_100_BSCRO1205-25,BSCRO1205-25,r_1.5_s_100,>BSCRO1205-25_r_1.5_s_100_BSCRO1205-25,2768102,YP_010265401.1,family:Paronellidae,,2331,null,1533,0.0,265.0,184.68,202.0,null,null,null,null,null,null
BSCRO1195-25_r_1.3_s_50_BSCRO1195-25,BSCRO1195-25,r_1.3_s_50,>BSCRO1195-25_r_1.3_s_50_BSCRO1195-25,187632,UFX54039.1,subfamily:Onychiurinae,,4704,null,1533,1.0,460.0,375.16,379.0,null,null,null,null,null,null
BSCRO1202-25_r_1.5_s_50_BSCRO1202-25,BSCRO1202-25,r_1.5_s_50,>BSCRO1202-25_r_1.5_s_50_BSCRO1202-25,1136003,QGZ08860.1,genus:Neelus,,395,null,1530,0.0,58.0,24.02,22.0,null,null,null,null,null,null
BSCRO1151-25_r_1_s_100_BSCRO1151-25,BSCRO1151-25,r_1_s_100,>BSCRO1151-25_r_1_s_100_BSCRO1151-25,187676,YP_009753939.1,genus:Oncopodura,,2794,null,1533,0.0,315.0,248.68,252.0,null,null,null,null,null,null
BSCRO1201-25_r_1.3_s_100_BSCRO1201-25,BSCRO1201-25,r_1.3_s_100,>BSCRO1201-25_r_1.3_s_100_BSCRO1201-25,1765952,XCD10116.1,subfamily:Heteromurinae,,1273,null,1536,0.0,145.0,107.83,114.0,null,null,null,null,null,null
BSCRO1210-25_r_1.3_s_100_BSCRO1210-25,BSCRO1210-25,r_1.3_s_100,>BSCRO1210-25_r_1.3_s_100_BSCRO1210-25,2768102,YP_010265401.1,family:Paronellidae,,5189,null,1533,0.0,571.0,455.46,456.0,null,null,null,null,null,null
BSCRO1208-25_r_1.3_s_50_BSCRO1208-25,BSCRO1208-25,r_1.3_s_50,>BSCRO1208-25_r_1.3_s_50_BSCRO1208-25,1136003,QGZ08860.1,genus:Neelus,,888,null,1530,24.0,117.0,59.78,56.0,null,null,null,null,null,null
BSCRO1187-25_r_1.5_s_100_BSCRO1187-25,BSCRO1187-25,r_1.5_s_100,>BSCRO1187-25_r_1.5_s_100_BSCRO1187-25,2926737,QIT06492.1,family:Sminthuridae,,258,null,1563,0.0,89.0,22.35,10.0,null,null,null,null,null,null
BSCRO1152-25_r_1_s_50_BSCRO1152-25,BSCRO1152-25,r_1_s_50,>BSCRO1152-25_r_1_s_50_BSCRO1152-25,187676,YP_009753939.1,genus:Oncopodura,,3307,null,1533,14.0,377.0,243.2,235.0,null,null,null,null,null,null
BSCRO1193-25_r_1.5_s_50_BSCRO1193-25,BSCRO1193-25,r_1.5_s_50,>BSCRO1193-25_r_1.5_s_50_BSCRO1193-25,370027,QFX74494.1,genus:Isotomurus,,1996,null,1533,117.0,221.0,163.89,161.0,null,null,null,null,null,null
BSCRO1213-25_r_1_s_50_BSCRO1213-25,BSCRO1213-25,r_1_s_50,>BSCRO1213-25_r_1_s_50_BSCRO1213-25,2772100,AJK28732.1,genus:Pseudosinella,,4170,null,1536,139.0,754.0,273.7,260.5,null,null,null,null,null,null
BSCRO1206-25_r_1.3_s_100_BSCRO1206-25,BSCRO1206-25,r_1.3_s_100,>BSCRO1206-25_r_1.3_s_100_BSCRO1206-25,1765952,XCD10116.1,subfamily:Heteromurinae,,718,null,1536,0.0,103.0,54.54,53.0,null,null,null,null,null,null
BSCRO1168-25_r_1.3_s_100_BSCRO1168-25,BSCRO1168-25,r_1.3_s_100,>BSCRO1168-25_r_1.3_s_100_BSCRO1168-25,3139678,UFX54039.1,subfamily:Onychiurinae,,2437,null,1533,0.0,277.0,198.69,202.0,null,null,null,null,null,null
BSCRO1222-25_r_1_s_100_BSCRO1222-25,BSCRO1222-25,r_1_s_100,>BSCRO1222-25_r_1_s_100_BSCRO1222-25,2768102,YP_010265401.1,family:Paronellidae,,1690,null,1533,0.0,195.0,143.85,142.0,null,null,null,null,null,null
BSCRO1143-25_r_1.3_s_100_BSCRO1143-25,BSCRO1143-25,r_1.3_s_100,>BSCRO1143-25_r_1.3_s_100_BSCRO1143-25,2768102,YP_010265401.1,family:Paronellidae,,2525,null,1533,0.0,296.0,224.95,226.0,null,null,null,null,null,null
BSCRO1155-25_r_1.5_s_100_BSCRO1155-25,BSCRO1155-25,r_1.5_s_100,>BSCRO1155-25_r_1.5_s_100_BSCRO1155-25,2768102,YP_010265401.1,family:Paronellidae,,4519,null,1533,0.0,558.0,406.96,439.0,null,null,null,null,null,null
BSCRO1165-25_r_1.5_s_100_BSCRO1165-25,BSCRO1165-25,r_1.5_s_100,>BSCRO1165-25_r_1.5_s_100_BSCRO1165-25,187676,YP_009753939.1,genus:Oncopodura,,1930,null,1533,0.0,260.0,171.9,196.0,null,null,null,null,null,null
BSCRO1175-25_r_1_s_50_BSCRO1175-25,BSCRO1175-25,r_1_s_50,>BSCRO1175-25_r_1_s_50_BSCRO1175-25,187632,UFX54039.1,subfamily:Onychiurinae,,3358,null,1533,121.0,410.0,266.27,268.0,null,null,null,null,null,null
BSCRO1224-25_r_1.3_s_100_BSCRO1224-25,BSCRO1224-25,r_1.3_s_100,>BSCRO1224-25_r_1.3_s_100_BSCRO1224-25,1765952,XCD10116.1,subfamily:Heteromurinae,,1841,null,1536,0.0,201.0,159.13,163.0,null,null,null,null,null,null
BSCRO1199-25_r_1.5_s_100_BSCRO1199-25,BSCRO1199-25,r_1.5_s_100,>BSCRO1199-25_r_1.5_s_100_BSCRO1199-25,1765952,XCD10116.1,subfamily:Heteromurinae,,2252,null,1536,0.0,251.0,185.72,186.0,null,null,null,null,null,null
BSCRO1226-25_r_1_s_50_BSCRO1226-25,BSCRO1226-25,r_1_s_50,>BSCRO1226-25_r_1_s_50_BSCRO1226-25,2768102,YP_010265401.1,family:Paronellidae,,5310,null,1533,0.0,527.0,422.74,421.0,null,null,null,null,null,null
BSCRO1171-25_r_1.5_s_50_BSCRO1171-25,BSCRO1171-25,r_1.5_s_50,>BSCRO1171-25_r_1.5_s_50_BSCRO1171-25,3139678,UFX54039.1,subfamily:Onychiurinae,,1477,null,1533,0.0,183.0,121.46,127.0,null,null,null,null,null,null
BSCRO1145-25_r_1.3_s_100_BSCRO1145-25,BSCRO1145-25,r_1.3_s_100,>BSCRO1145-25_r_1.3_s_100_BSCRO1145-25,2768102,YP_010265401.1,family:Paronellidae,,1201,null,1533,0.0,144.0,105.6,105.0,null,null,null,null,null,null
BSCRO1186-25_r_1.3_s_50_BSCRO1186-25,BSCRO1186-25,r_1.3_s_50,>BSCRO1186-25_r_1.3_s_50_BSCRO1186-25,2926737,QIT06492.1,family:Sminthuridae,,545,null,1563,0.0,107.0,36.53,36.0,null,null,null,null,null,null
BSCRO1161-25_r_1.5_s_100_BSCRO1161-25,BSCRO1161-25,r_1.5_s_100,>BSCRO1161-25_r_1.5_s_100_BSCRO1161-25,187676,YP_009753939.1,genus:Oncopodura,,319,null,1533,0.0,48.0,26.69,28.0,null,null,null,null,null,null
BSCRO1181-25_r_1_s_50_BSCRO1181-25,BSCRO1181-25,r_1_s_50,>BSCRO1181-25_r_1_s_50_BSCRO1181-25,3139678,UFX54039.1,subfamily:Onychiurinae,,1811,null,1533,2.0,541.0,123.96,111.0,null,null,null,null,null,null
BSCRO1171-25_r_1.3_s_100_BSCRO1171-25,BSCRO1171-25,r_1.3_s_100,>BSCRO1171-25_r_1.3_s_100_BSCRO1171-25,3139678,UFX54039.1,subfamily:Onychiurinae,,1485,null,1533,0.0,182.0,127.16,128.0,null,null,null,null,null,null
BSCRO1145-25_r_1.3_s_50_BSCRO1145-25,BSCRO1145-25,r_1.3_s_50,>BSCRO1145-25_r_1.3_s_50_BSCRO1145-25,2768102,YP_010265401.1,family:Paronellidae,,1526,null,1533,0.0,168.0,113.58,112.0,null,null,null,null,null,null
BSCRO1174-25_r_1_s_100_BSCRO1174-25,BSCRO1174-25,r_1_s_100,>BSCRO1174-25_r_1_s_100_BSCRO1174-25,187632,UFX54039.1,subfamily:Onychiurinae,,2426,null,1533,108.0,257.0,220.07,223.0,null,null,null,null,null,null
BSCRO1157-25_r_1.3_s_50_BSCRO1157-25,BSCRO1157-25,r_1.3_s_50,>BSCRO1157-25_r_1.3_s_50_BSCRO1157-25,187676,YP_009753939.1,genus:Oncopodura,,1618,null,1533,0.0,201.0,131.93,141.0,null,null,null,null,null,null
BSCRO1172-25_r_1.3_s_50_BSCRO1172-25,BSCRO1172-25,r_1.3_s_50,>BSCRO1172-25_r_1.3_s_50_BSCRO1172-25,3139678,UFX54039.1,subfamily:Onychiurinae,,2706,null,1533,0.0,299.0,223.18,227.0,null,null,null,null,null,null
BSCRO1196-25_r_1_s_100_BSCRO1196-25,BSCRO1196-25,r_1_s_100,>BSCRO1196-25_r_1_s_100_BSCRO1196-25,187632,UFX54039.1,subfamily:Onychiurinae,,4265,null,1533,0.0,1111.0,362.66,330.0,null,null,null,null,null,null
BSCRO1226-25_r_1_s_100_BSCRO1226-25,BSCRO1226-25,r_1_s_100,>BSCRO1226-25_r_1_s_100_BSCRO1226-25,2768102,YP_010265401.1,family:Paronellidae,,4578,null,1533,0.0,509.0,401.4,405.0,null,null,null,null,null,null
BSCRO1204-25_r_1_s_100_BSCRO1204-25,BSCRO1204-25,r_1_s_100,>BSCRO1204-25_r_1_s_100_BSCRO1204-25,2768102,YP_010265401.1,family:Paronellidae,,1799,null,1533,0.0,212.0,146.89,143.0,null,null,null,null,null,null
BSCRO1148-25_r_1.3_s_50_BSCRO1148-25,BSCRO1148-25,r_1.3_s_50,>BSCRO1148-25_r_1.3_s_50_BSCRO1148-25,187676,YP_009753939.1,genus:Oncopodura,,678,null,1533,0.0,89.0,45.02,43.0,null,null,null,null,null,null
BSCRO1193-25_r_1.5_s_100_BSCRO1193-25,BSCRO1193-25,r_1.5_s_100,>BSCRO1193-25_r_1.5_s_100_BSCRO1193-25,370027,QFX74494.1,genus:Isotomurus,,1897,null,1533,104.0,221.0,160.99,160.0,null,null,null,null,null,null
BSCRO1210-25_r_1_s_100_BSCRO1210-25,BSCRO1210-25,r_1_s_100,>BSCRO1210-25_r_1_s_100_BSCRO1210-25,2768102,YP_010265401.1,family:Paronellidae,,5264,null,1533,0.0,579.0,461.52,461.0,null,null,null,null,null,null
BSCRO1141-25_r_1.5_s_50_BSCRO1141-25,BSCRO1141-25,r_1.5_s_50,>BSCRO1141-25_r_1.5_s_50_BSCRO1141-25,187676,YP_009753939.1,genus:Oncopodura,,315,null,1533,0.0,38.0,17.66,19.0,null,null,null,null,null,null
BSCRO1218-25_r_1.3_s_100_BSCRO1218-25,BSCRO1218-25,r_1.3_s_100,>BSCRO1218-25_r_1.3_s_100_BSCRO1218-25,187632,UFX54039.1,subfamily:Onychiurinae,,2250,null,1533,0.0,241.0,188.94,195.0,null,null,null,null,null,null
BSCRO1164-25_r_1.3_s_50_BSCRO1164-25,BSCRO1164-25,r_1.3_s_50,>BSCRO1164-25_r_1.3_s_50_BSCRO1164-25,187676,YP_009753939.1,genus:Oncopodura,,835,null,1533,0.0,99.0,63.72,66.0,null,null,null,null,null,null
BSCRO1206-25_r_1_s_100_BSCRO1206-25,BSCRO1206-25,r_1_s_100,>BSCRO1206-25_r_1_s_100_BSCRO1206-25,1765952,XCD10116.1,subfamily:Heteromurinae,,718,null,1536,0.0,103.0,54.54,53.0,null,null,null,null,null,null
BSCRO1160-25_r_1_s_50_BSCRO1160-25,BSCRO1160-25,r_1_s_50,>BSCRO1160-25_r_1_s_50_BSCRO1160-25,187676,YP_009753939.1,genus:Oncopodura,,2639,null,1533,0.0,270.0,206.25,207.0,null,null,null,null,null,null
BSCRO1222-25_r_1.3_s_50_BSCRO1222-25,BSCRO1222-25,r_1.3_s_50,>BSCRO1222-25_r_1.3_s_50_BSCRO1222-25,2768102,YP_010265401.1,family:Paronellidae,,1945,null,1533,0.0,205.0,149.63,148.0,null,null,null,null,null,null
BSCRO1227-25_r_1_s_50_BSCRO1227-25,BSCRO1227-25,r_1_s_50,>BSCRO1227-25_r_1_s_50_BSCRO1227-25,2768102,YP_010265401.1,family:Paronellidae,,3274,null,1533,0.0,337.0,241.86,240.0,null,null,null,null,null,null
BSCRO1142-25_r_1.3_s_50_BSCRO1142-25,BSCRO1142-25,r_1.3_s_50,>BSCRO1142-25_r_1.3_s_50_BSCRO1142-25,187676,YP_009753939.1,genus:Oncopodura,,1366,null,1533,0.0,167.0,108.49,114.0,null,null,null,null,null,null
BSCRO1146-25_r_1.5_s_100_BSCRO1146-25,BSCRO1146-25,r_1.5_s_100,>BSCRO1146-25_r_1.5_s_100_BSCRO1146-25,187676,YP_009753939.1,genus:Oncopodura,,1222,null,1533,0.0,171.0,108.57,114.0,null,null,null,null,null,null
BSCRO1198-25_r_1.5_s_100_BSCRO1198-25,BSCRO1198-25,r_1.5_s_100,>BSCRO1198-25_r_1.5_s_100_BSCRO1198-25,2768102,YP_010265401.1,family:Paronellidae,,2004,null,1533,0.0,242.0,176.62,189.0,null,null,null,null,null,null
BSCRO1176-25_r_1.3_s_50_BSCRO1176-25,BSCRO1176-25,r_1.3_s_50,>BSCRO1176-25_r_1.3_s_50_BSCRO1176-25,187632,UFX54039.1,subfamily:Onychiurinae,,1463,null,1533,61.0,183.0,120.06,118.0,null,null,null,null,null,null
BSCRO1151-25_r_1.3_s_100_BSCRO1151-25,BSCRO1151-25,r_1.3_s_100,>BSCRO1151-25_r_1.3_s_100_BSCRO1151-25,187676,YP_009753939.1,genus:Oncopodura,,2521,null,1533,0.0,309.0,225.37,242.0,null,null,null,null,null,null
BSCRO1188-25_r_1.3_s_100_BSCRO1188-25,BSCRO1188-25,r_1.3_s_100,>BSCRO1188-25_r_1.3_s_100_BSCRO1188-25,187676,YP_009753939.1,genus:Oncopodura,,6983,null,1533,0.0,865.0,646.7,714.0,null,null,null,null,null,null
BSCRO1151-25_r_1_s_50_BSCRO1151-25,BSCRO1151-25,r_1_s_50,>BSCRO1151-25_r_1_s_50_BSCRO1151-25,187676,YP_009753939.1,genus:Oncopodura,,3767,null,1533,38.0,398.0,279.06,275.0,null,null,null,null,null,null
BSCRO1212-25_r_1.3_s_100_BSCRO1212-25,BSCRO1212-25,r_1.3_s_100,>BSCRO1212-25_r_1.3_s_100_BSCRO1212-25,2772100,AJK28732.1,genus:Pseudosinella,,1305,null,1536,0.0,160.0,111.8,122.0,null,null,null,null,null,null
BSCRO1217-25_r_1_s_100_BSCRO1217-25,BSCRO1217-25,r_1_s_100,>BSCRO1217-25_r_1_s_100_BSCRO1217-25,187632,UFX54039.1,subfamily:Onychiurinae,,1566,null,1533,0.0,183.0,129.37,132.0,null,null,null,null,null,null
BSCRO1192-25_r_1_s_50_BSCRO1192-25,BSCRO1192-25,r_1_s_50,>BSCRO1192-25_r_1_s_50_BSCRO1192-25,370027,QFX74494.1,genus:Isotomurus,,2022,null,1533,114.0,273.0,158.93,154.0,null,null,null,null,null,null
BSCRO1164-25_r_1.3_s_100_BSCRO1164-25,BSCRO1164-25,r_1.3_s_100,>BSCRO1164-25_r_1.3_s_100_BSCRO1164-25,187676,YP_009753939.1,genus:Oncopodura,,750,null,1533,0.0,96.0,61.42,64.0,null,null,null,null,null,null
BSCRO1143-25_r_1.5_s_100_BSCRO1143-25,BSCRO1143-25,r_1.5_s_100,>BSCRO1143-25_r_1.5_s_100_BSCRO1143-25,2768102,YP_010265401.1,family:Paronellidae,,2261,null,1533,0.0,296.0,201.66,217.0,null,null,null,null,null,null
BSCRO1222-25_r_1.3_s_100_BSCRO1222-25,BSCRO1222-25,r_1.3_s_100,>BSCRO1222-25_r_1.3_s_100_BSCRO1222-25,2768102,YP_010265401.1,family:Paronellidae,,1671,null,1533,0.0,195.0,142.42,142.0,null,null,null,null,null,null
BSCRO1185-25_r_1.5_s_100_BSCRO1185-25,BSCRO1185-25,r_1.5_s_100,>BSCRO1185-25_r_1.5_s_100_BSCRO1185-25,2926737,QIT06492.1,family:Sminthuridae,,366,null,1563,0.0,151.0,32.46,10.0,null,null,null,null,null,null
BSCRO1214-25_r_1.3_s_100_BSCRO1214-25,BSCRO1214-25,r_1.3_s_100,>BSCRO1214-25_r_1.3_s_100_BSCRO1214-25,2772100,AJK28732.1,genus:Pseudosinella,,2743,null,1536,0.0,345.0,245.71,271.0,null,null,null,null,null,null
BSCRO1150-25_r_1.3_s_100_BSCRO1150-25,BSCRO1150-25,r_1.3_s_100,>BSCRO1150-25_r_1.3_s_100_BSCRO1150-25,187676,YP_009753939.1,genus:Oncopodura,,2003,null,1533,0.0,251.0,184.05,194.0,null,null,null,null,null,null
BSCRO1212-25_r_1.3_s_50_BSCRO1212-25,BSCRO1212-25,r_1.3_s_50,>BSCRO1212-25_r_1.3_s_50_BSCRO1212-25,2772100,AJK28732.1,genus:Pseudosinella,,1863,null,1536,0.0,499.0,124.43,129.5,null,null,null,null,null,null
BSCRO1215-25_r_1.3_s_100_BSCRO1215-25,BSCRO1215-25,r_1.3_s_100,>BSCRO1215-25_r_1.3_s_100_BSCRO1215-25,2768102,YP_010265401.1,family:Paronellidae,,1824,null,1533,0.0,219.0,160.59,163.0,null,null,null,null,null,null
BSCRO1235-25_r_1.5_s_100_BSCRO1235-25,BSCRO1235-25,r_1.5_s_100,>BSCRO1235-25_r_1.5_s_100_BSCRO1235-25,2768102,YP_010265401.1,family:Paronellidae,,2018,null,1533,0.0,242.0,163.46,168.0,null,null,null,null,null,null
BSCRO1164-25_r_1.5_s_100_BSCRO1164-25,BSCRO1164-25,r_1.5_s_100,>BSCRO1164-25_r_1.5_s_100_BSCRO1164-25,187676,YP_009753939.1,genus:Oncopodura,,657,null,1533,0.0,84.0,54.32,57.0,null,null,null,null,null,null
BSCRO1157-25_r_1.5_s_100_BSCRO1157-25,BSCRO1157-25,r_1.5_s_100,>BSCRO1157-25_r_1.5_s_100_BSCRO1157-25,187676,YP_009753939.1,genus:Oncopodura,,1161,null,1533,0.0,164.0,102.24,115.0,null,null,null,null,null,null
BSCRO1146-25_r_1.5_s_50_BSCRO1146-25,BSCRO1146-25,r_1.5_s_50,>BSCRO1146-25_r_1.5_s_50_BSCRO1146-25,187676,YP_009753939.1,genus:Oncopodura,,1380,null,1533,0.0,189.0,112.77,118.0,null,null,null,null,null,null
BSCRO1230-25_r_1_s_100_BSCRO1230-25,BSCRO1230-25,r_1_s_100,>BSCRO1230-25_r_1_s_100_BSCRO1230-25,1765952,XCD10116.1,subfamily:Heteromurinae,,2225,null,1536,0.0,239.0,188.2,188.0,null,null,null,null,null,null
BSCRO1194-25_r_1.3_s_50_BSCRO1194-25,BSCRO1194-25,r_1.3_s_50,>BSCRO1194-25_r_1.3_s_50_BSCRO1194-25,370027,QFX74494.1,genus:Isotomurus,,1339,null,1533,68.0,156.0,112.68,110.0,null,null,null,null,null,null
BSCRO1142-25_r_1_s_100_BSCRO1142-25,BSCRO1142-25,r_1_s_100,>BSCRO1142-25_r_1_s_100_BSCRO1142-25,187676,YP_009753939.1,genus:Oncopodura,,1350,null,1533,0.0,166.0,116.57,117.0,null,null,null,null,null,null
BSCRO1216-25_r_1.5_s_50_BSCRO1216-25,BSCRO1216-25,r_1.5_s_50,>BSCRO1216-25_r_1.5_s_50_BSCRO1216-25,187632,UFX54039.1,subfamily:Onychiurinae,,3689,null,1533,0.0,399.0,306.98,315.0,null,null,null,null,null,null
BSCRO1208-25_r_1.3_s_100_BSCRO1208-25,BSCRO1208-25,r_1.3_s_100,>BSCRO1208-25_r_1.3_s_100_BSCRO1208-25,1136003,QGZ08860.1,genus:Neelus,,750,null,1530,24.0,113.0,55.84,51.5,null,null,null,null,null,null
BSCRO1156-25_r_1.5_s_100_BSCRO1156-25,BSCRO1156-25,r_1.5_s_100,>BSCRO1156-25_r_1.5_s_100_BSCRO1156-25,187676,YP_009753939.1,genus:Oncopodura,,1247,null,1533,0.0,167.0,113.6,125.0,null,null,null,null,null,null
BSCRO1227-25_r_1.3_s_100_BSCRO1227-25,BSCRO1227-25,r_1.3_s_100,>BSCRO1227-25_r_1.3_s_100_BSCRO1227-25,2768102,YP_010265401.1,family:Paronellidae,,2603,null,1533,0.0,305.0,220.89,221.0,null,null,null,null,null,null
BSCRO1220-25_r_1.5_s_50_BSCRO1220-25,BSCRO1220-25,r_1.5_s_50,>BSCRO1220-25_r_1.5_s_50_BSCRO1220-25,2768102,YP_010265401.1,family:Paronellidae,,1565,null,1533,0.0,167.0,123.09,131.0,null,null,null,null,null,null
BSCRO1203-25_r_1_s_50_BSCRO1203-25,BSCRO1203-25,r_1_s_50,>BSCRO1203-25_r_1_s_50_BSCRO1203-25,2768102,YP_010265401.1,family:Paronellidae,,2881,null,1533,5.0,272.0,200.25,200.0,null,null,null,null,null,null
BSCRO1225-25_r_1.3_s_50_BSCRO1225-25,BSCRO1225-25,r_1.3_s_50,>BSCRO1225-25_r_1.3_s_50_BSCRO1225-25,2768102,YP_010265401.1,family:Paronellidae,,5616,null,1533,0.0,568.0,452.55,467.0,null,null,null,null,null,null
BSCRO1170-25_r_1.5_s_100_BSCRO1170-25,BSCRO1170-25,r_1.5_s_100,>BSCRO1170-25_r_1.5_s_100_BSCRO1170-25,3139678,UFX54039.1,subfamily:Onychiurinae,,7831,null,1533,0.0,1014.0,725.74,796.0,null,null,null,null,null,null
BSCRO1142-25_r_1.5_s_50_BSCRO1142-25,BSCRO1142-25,r_1.5_s_50,>BSCRO1142-25_r_1.5_s_50_BSCRO1142-25,187676,YP_009753939.1,genus:Oncopodura,,1211,null,1533,0.0,152.0,99.93,102.0,null,null,null,null,null,null
BSCRO1200-25_r_1_s_50_BSCRO1200-25,BSCRO1200-25,r_1_s_50,>BSCRO1200-25_r_1_s_50_BSCRO1200-25,1765952,XCD10116.1,subfamily:Heteromurinae,,3385,null,1536,1.0,327.0,251.56,252.0,null,null,null,null,null,null
BSCRO1208-25_r_1.5_s_50_BSCRO1208-25,BSCRO1208-25,r_1.5_s_50,>BSCRO1208-25_r_1.5_s_50_BSCRO1208-25,1136003,QGZ08860.1,genus:Neelus,,717,null,1530,1.0,88.0,47.85,47.0,null,null,null,null,null,null
BSCRO1197-25_r_1.5_s_100_BSCRO1197-25,BSCRO1197-25,r_1.5_s_100,>BSCRO1197-25_r_1.5_s_100_BSCRO1197-25,2768102,YP_010265401.1,family:Paronellidae,,1891,null,1533,0.0,236.0,166.94,175.0,null,null,null,null,null,null
BSCRO1213-25_r_1.5_s_100_BSCRO1213-25,BSCRO1213-25,r_1.5_s_100,>BSCRO1213-25_r_1.5_s_100_BSCRO1213-25,2772100,AJK28732.1,genus:Pseudosinella,,2495,null,1536,0.0,337.0,212.64,232.0,null,null,null,null,null,null
BSCRO1195-25_r_1.5_s_50_BSCRO1195-25,BSCRO1195-25,r_1.5_s_50,>BSCRO1195-25_r_1.5_s_50_BSCRO1195-25,187632,UFX54039.1,subfamily:Onychiurinae,,4439,null,1533,0.0,457.0,359.38,370.0,null,null,null,null,null,null
BSCRO1154-25_r_1_s_100_BSCRO1154-25,BSCRO1154-25,r_1_s_100,>BSCRO1154-25_r_1_s_100_BSCRO1154-25,2768102,YP_010265401.1,family:Paronellidae,,2107,null,1533,0.0,241.0,185.83,185.0,null,null,null,null,null,null
BSCRO1210-25_r_1.3_s_50_BSCRO1210-25,BSCRO1210-25,r_1.3_s_50,>BSCRO1210-25_r_1.3_s_50_BSCRO1210-25,2768102,YP_010265401.1,family:Paronellidae,,5584,null,1533,0.0,586.0,466.64,464.0,null,null,null,null,null,null
BSCRO1231-25_r_1.3_s_50_BSCRO1231-25,BSCRO1231-25,r_1.3_s_50,>BSCRO1231-25_r_1.3_s_50_BSCRO1231-25,2768102,YP_010265401.1,family:Paronellidae,,3050,null,1533,0.0,352.0,248.58,247.0,null,null,null,null,null,null
BSCRO1194-25_r_1_s_50_BSCRO1194-25,BSCRO1194-25,r_1_s_50,>BSCRO1194-25_r_1_s_50_BSCRO1194-25,370027,QFX74494.1,genus:Isotomurus,,1480,null,1533,68.0,198.0,117.56,115.0,null,null,null,null,null,null
BSCRO1211-25_r_1.3_s_100_BSCRO1211-25,BSCRO1211-25,r_1.3_s_100,>BSCRO1211-25_r_1.3_s_100_BSCRO1211-25,2768102,YP_010265401.1,family:Paronellidae,,5206,null,1533,0.0,558.0,447.96,446.0,null,null,null,null,null,null
BSCRO1228-25_r_1_s_50_BSCRO1228-25,BSCRO1228-25,r_1_s_50,>BSCRO1228-25_r_1_s_50_BSCRO1228-25,1765952,XCD10116.1,subfamily:Heteromurinae,,4728,null,1536,0.0,515.0,378.57,374.5,null,null,null,null,null,null
BSCRO1145-25_r_1_s_50_BSCRO1145-25,BSCRO1145-25,r_1_s_50,>BSCRO1145-25_r_1_s_50_BSCRO1145-25,2768102,YP_010265401.1,family:Paronellidae,,1753,null,1533,0.0,171.0,122.39,124.0,null,null,null,null,null,null
BSCRO1234-25_r_1.5_s_100_BSCRO1234-25,BSCRO1234-25,r_1.5_s_100,>BSCRO1234-25_r_1.5_s_100_BSCRO1234-25,2768102,YP_010265401.1,family:Paronellidae,,1814,null,1533,0.0,213.0,160.36,173.0,null,null,null,null,null,null
BSCRO1220-25_r_1.3_s_50_BSCRO1220-25,BSCRO1220-25,r_1.3_s_50,>BSCRO1220-25_r_1.3_s_50_BSCRO1220-25,2768102,YP_010265401.1,family:Paronellidae,,1774,null,1533,0.0,172.0,136.76,136.0,null,null,null,null,null,null
BSCRO1168-25_r_1.5_s_100_BSCRO1168-25,BSCRO1168-25,r_1.5_s_100,>BSCRO1168-25_r_1.5_s_100_BSCRO1168-25,3139678,UFX54039.1,subfamily:Onychiurinae,,2280,null,1533,0.0,277.0,185.78,199.0,null,null,null,null,null,null
BSCRO1180-25_r_1_s_100_BSCRO1180-25,BSCRO1180-25,r_1_s_100,>BSCRO1180-25_r_1_s_100_BSCRO1180-25,3139678,UFX54039.1,subfamily:Onychiurinae,,1666,null,1533,1.0,199.0,144.69,149.0,null,null,null,null,null,null
BSCRO1229-25_r_1.5_s_50_BSCRO1229-25,BSCRO1229-25,r_1.5_s_50,>BSCRO1229-25_r_1.5_s_50_BSCRO1229-25,2768102,YP_010265401.1,family:Paronellidae,,2578,null,1533,0.0,278.0,210.62,228.0,null,null,null,null,null,null
BSCRO1212-25_r_1.5_s_100_BSCRO1212-25,BSCRO1212-25,r_1.5_s_100,>BSCRO1212-25_r_1.5_s_100_BSCRO1212-25,2772100,AJK28732.1,genus:Pseudosinella,,1233,null,1536,0.0,160.0,106.35,115.0,null,null,null,null,null,null
BSCRO1223-25_r_1.3_s_50_BSCRO1223-25,BSCRO1223-25,r_1.3_s_50,>BSCRO1223-25_r_1.3_s_50_BSCRO1223-25,1765952,XCD10116.1,subfamily:Heteromurinae,,1865,null,1536,0.0,205.0,145.95,143.0,null,null,null,null,null,null
BSCRO1165-25_r_1.3_s_50_BSCRO1165-25,BSCRO1165-25,r_1.3_s_50,>BSCRO1165-25_r_1.3_s_50_BSCRO1165-25,187676,YP_009753939.1,genus:Oncopodura,,2318,null,1533,0.0,268.0,194.16,204.0,null,null,null,null,null,null
BSCRO1221-25_r_1_s_50_BSCRO1221-25,BSCRO1221-25,r_1_s_50,>BSCRO1221-25_r_1_s_50_BSCRO1221-25,2768102,YP_010265401.1,family:Paronellidae,,2225,null,1533,0.0,216.0,165.9,167.0,null,null,null,null,null,null
BSCRO1143-25_r_1.5_s_50_BSCRO1143-25,BSCRO1143-25,r_1.5_s_50,>BSCRO1143-25_r_1.5_s_50_BSCRO1143-25,2768102,YP_010265401.1,family:Paronellidae,,2570,null,1533,0.0,358.0,208.83,220.0,null,null,null,null,null,null
BSCRO1174-25_r_1.3_s_100_BSCRO1174-25,BSCRO1174-25,r_1.3_s_100,>BSCRO1174-25_r_1.3_s_100_BSCRO1174-25,187632,UFX54039.1,subfamily:Onychiurinae,,2214,null,1533,95.0,251.0,201.43,203.0,null,null,null,null,null,null
BSCRO1226-25_r_1.5_s_50_BSCRO1226-25,BSCRO1226-25,r_1.5_s_50,>BSCRO1226-25_r_1.5_s_50_BSCRO1226-25,2768102,YP_010265401.1,family:Paronellidae,,4407,null,1533,0.0,513.0,369.21,392.0,null,null,null,null,null,null
BSCRO1222-25_r_1.5_s_50_BSCRO1222-25,BSCRO1222-25,r_1.5_s_50,>BSCRO1222-25_r_1.5_s_50_BSCRO1222-25,2768102,YP_010265401.1,family:Paronellidae,,1739,null,1533,0.0,202.0,136.8,145.0,null,null,null,null,null,null
BSCRO1230-25_r_1_s_50_BSCRO1230-25,BSCRO1230-25,r_1_s_50,>BSCRO1230-25_r_1_s_50_BSCRO1230-25,1765952,XCD10116.1,subfamily:Heteromurinae,,2782,null,1536,0.0,263.0,204.38,204.0,null,null,null,null,null,null
BSCRO1179-25_r_1_s_50_BSCRO1179-25,BSCRO1179-25,r_1_s_50,>BSCRO1179-25_r_1_s_50_BSCRO1179-25,3139678,UFX54039.1,subfamily:Onychiurinae,,2778,null,1533,0.0,305.0,229.69,239.0,null,null,null,null,null,null
BSCRO1190-25_r_1_s_100_BSCRO1190-25,BSCRO1190-25,r_1_s_100,>BSCRO1190-25_r_1_s_100_BSCRO1190-25,2926737,QIT06492.1,family:Sminthuridae,,1089,null,1563,0.0,145.0,93.96,102.0,null,null,null,null,null,null
BSCRO1190-25_r_1_s_50_BSCRO1190-25,BSCRO1190-25,r_1_s_50,>BSCRO1190-25_r_1_s_50_BSCRO1190-25,2926737,QIT06492.1,family:Sminthuridae,,1466,null,1563,0.0,155.0,105.21,112.0,null,null,null,null,null,null
BSCRO1215-25_r_1_s_100_BSCRO1215-25,BSCRO1215-25,r_1_s_100,>BSCRO1215-25_r_1_s_100_BSCRO1215-25,2768102,YP_010265401.1,family:Paronellidae,,1847,null,1533,0.0,220.0,162.37,165.0,null,null,null,null,null,null
BSCRO1197-25_r_1.3_s_100_BSCRO1197-25,BSCRO1197-25,r_1.3_s_100,>BSCRO1197-25_r_1.3_s_100_BSCRO1197-25,2768102,YP_010265401.1,family:Paronellidae,,2072,null,1533,0.0,238.0,182.81,183.0,null,null,null,null,null,null
BSCRO1154-25_r_1.3_s_100_BSCRO1154-25,BSCRO1154-25,r_1.3_s_100,>BSCRO1154-25_r_1.3_s_100_BSCRO1154-25,2768102,YP_010265401.1,family:Paronellidae,,2093,null,1533,0.0,240.0,184.64,184.0,null,null,null,null,null,null
BSCRO1197-25_r_1_s_100_BSCRO1197-25,BSCRO1197-25,r_1_s_100,>BSCRO1197-25_r_1_s_100_BSCRO1197-25,2768102,YP_010265401.1,family:Paronellidae,,2097,null,1533,0.0,238.0,184.72,184.0,null,null,null,null,null,null
BSCRO1222-25_r_1.5_s_100_BSCRO1222-25,BSCRO1222-25,r_1.5_s_100,>BSCRO1222-25_r_1.5_s_100_BSCRO1222-25,2768102,YP_010265401.1,family:Paronellidae,,1551,null,1533,0.0,193.0,132.15,141.0,null,null,null,null,null,null
BSCRO1147-25_r_1.5_s_50_BSCRO1147-25,BSCRO1147-25,r_1.5_s_50,>BSCRO1147-25_r_1.5_s_50_BSCRO1147-25,187676,YP_009753939.1,genus:Oncopodura,,1065,null,1533,0.0,168.0,86.36,90.0,null,null,null,null,null,null
BSCRO1182-25_r_1.5_s_100_BSCRO1182-25,BSCRO1182-25,r_1.5_s_100,>BSCRO1182-25_r_1.5_s_100_BSCRO1182-25,3139678,UFX54039.1,subfamily:Onychiurinae,,2222,null,1533,0.0,292.0,195.25,210.0,null,null,null,null,null,null
BSCRO1155-25_r_1.3_s_100_BSCRO1155-25,BSCRO1155-25,r_1.3_s_100,>BSCRO1155-25_r_1.3_s_100_BSCRO1155-25,2768102,YP_010265401.1,family:Paronellidae,,4929,null,1533,0.0,568.0,443.49,450.0,null,null,null,null,null,null
BSCRO1195-25_r_1_s_100_BSCRO1195-25,BSCRO1195-25,r_1_s_100,>BSCRO1195-25_r_1_s_100_BSCRO1195-25,187632,UFX54039.1,subfamily:Onychiurinae,,4396,null,1533,0.0,458.0,366.41,372.0,null,null,null,null,null,null
BSCRO1205-25_r_1_s_100_BSCRO1205-25,BSCRO1205-25,r_1_s_100,>BSCRO1205-25_r_1_s_100_BSCRO1205-25,2768102,YP_010265401.1,family:Paronellidae,,2637,null,1533,0.0,275.0,208.3,207.0,null,null,null,null,null,null
BSCRO1232-25_r_1.5_s_50_BSCRO1232-25,BSCRO1232-25,r_1.5_s_50,>BSCRO1232-25_r_1.5_s_50_BSCRO1232-25,2768102,YP_010265401.1,family:Paronellidae,,2857,null,1533,0.0,348.0,235.31,249.0,null,null,null,null,null,null
BSCRO1184-25_r_1.3_s_100_BSCRO1184-25,BSCRO1184-25,r_1.3_s_100,>BSCRO1184-25_r_1.3_s_100_BSCRO1184-25,2926737,QIT06492.1,family:Sminthuridae,,787,null,1563,0.0,192.0,68.8,61.0,null,null,null,null,null,null
BSCRO1217-25_r_1.3_s_50_BSCRO1217-25,BSCRO1217-25,r_1.3_s_50,>BSCRO1217-25_r_1.3_s_50_BSCRO1217-25,187632,UFX54039.1,subfamily:Onychiurinae,,1817,null,1533,0.0,203.0,135.11,135.0,null,null,null,null,null,null
BSCRO1169-25_r_1.5_s_100_BSCRO1169-25,BSCRO1169-25,r_1.5_s_100,>BSCRO1169-25_r_1.5_s_100_BSCRO1169-25,3139678,UFX54039.1,subfamily:Onychiurinae,,4691,null,1533,1.0,565.0,418.74,458.0,null,null,null,null,null,null
BSCRO1186-25_r_1_s_50_BSCRO1186-25,BSCRO1186-25,r_1_s_50,>BSCRO1186-25_r_1_s_50_BSCRO1186-25,2926737,QIT06492.1,family:Sminthuridae,,990,null,1563,0.0,119.0,65.43,65.0,null,null,null,null,null,null
BSCRO1167-25_r_1.3_s_100_BSCRO1167-25,BSCRO1167-25,r_1.3_s_100,>BSCRO1167-25_r_1.3_s_100_BSCRO1167-25,3139678,UFX54039.1,subfamily:Onychiurinae,,3461,null,1533,0.0,363.0,278.5,284.0,null,null,null,null,null,null
BSCRO1158-25_r_1.3_s_50_BSCRO1158-25,BSCRO1158-25,r_1.3_s_50,>BSCRO1158-25_r_1.3_s_50_BSCRO1158-25,187676,YP_009753939.1,genus:Oncopodura,,4950,null,1533,0.0,591.0,437.34,474.0,null,null,null,null,null,null
BSCRO1183-25_r_1.5_s_50_BSCRO1183-25,BSCRO1183-25,r_1.5_s_50,>BSCRO1183-25_r_1.5_s_50_BSCRO1183-25,2926737,QIT06492.1,family:Sminthuridae,,502,null,1563,0.0,177.0,38.82,12.0,null,null,null,null,null,null
BSCRO1159-25_r_1.5_s_100_BSCRO1159-25,BSCRO1159-25,r_1.5_s_100,>BSCRO1159-25_r_1.5_s_100_BSCRO1159-25,187676,YP_009753939.1,genus:Oncopodura,,4038,null,1533,0.0,559.0,370.68,423.0,null,null,null,null,null,null
BSCRO1163-25_r_1.5_s_50_BSCRO1163-25,BSCRO1163-25,r_1.5_s_50,>BSCRO1163-25_r_1.5_s_50_BSCRO1163-25,187676,YP_009753939.1,genus:Oncopodura,,2055,null,1533,0.0,273.0,163.12,176.0,null,null,null,null,null,null
BSCRO1148-25_r_1.3_s_100_BSCRO1148-25,BSCRO1148-25,r_1.3_s_100,>BSCRO1148-25_r_1.3_s_100_BSCRO1148-25,187676,YP_009753939.1,genus:Oncopodura,,446,null,1533,0.0,74.0,39.11,39.0,null,null,null,null,null,null
BSCRO1231-25_r_1_s_50_BSCRO1231-25,BSCRO1231-25,r_1_s_50,>BSCRO1231-25_r_1_s_50_BSCRO1231-25,2768102,YP_010265401.1,family:Paronellidae,,3340,null,1533,0.0,362.0,261.19,258.0,null,null,null,null,null,null
BSCRO1203-25_r_1_s_100_BSCRO1203-25,BSCRO1203-25,r_1_s_100,>BSCRO1203-25_r_1_s_100_BSCRO1203-25,2768102,YP_010265401.1,family:Paronellidae,,2300,null,1533,0.0,259.0,182.65,181.0,null,null,null,null,null,null
BSCRO1169-25_r_1.3_s_100_BSCRO1169-25,BSCRO1169-25,r_1.3_s_100,>BSCRO1169-25_r_1.3_s_100_BSCRO1169-25,3139678,UFX54039.1,subfamily:Onychiurinae,,5253,null,1533,5.0,568.0,462.59,472.0,null,null,null,null,null,null
BSCRO1187-25_r_1.3_s_100_BSCRO1187-25,BSCRO1187-25,r_1.3_s_100,>BSCRO1187-25_r_1.3_s_100_BSCRO1187-25,2926737,QIT06492.1,family:Sminthuridae,,607,null,1563,0.0,117.0,52.89,54.0,null,null,null,null,null,null
BSCRO1189-25_r_1.3_s_100_BSCRO1189-25,BSCRO1189-25,r_1.3_s_100,>BSCRO1189-25_r_1.3_s_100_BSCRO1189-25,2926737,QIT06492.1,family:Sminthuridae,,452,null,1563,0.0,103.0,37.5,34.0,null,null,null,null,null,null
BSCRO1213-25_r_1.5_s_50_BSCRO1213-25,BSCRO1213-25,r_1.5_s_50,>BSCRO1213-25_r_1.5_s_50_BSCRO1213-25,2772100,AJK28732.1,genus:Pseudosinella,,3258,null,1536,0.0,730.0,229.73,239.0,null,null,null,null,null,null
BSCRO1143-25_r_1_s_100_BSCRO1143-25,BSCRO1143-25,r_1_s_100,>BSCRO1143-25_r_1_s_100_BSCRO1143-25,2768102,YP_010265401.1,family:Paronellidae,,2555,null,1533,0.0,298.0,227.44,228.0,null,null,null,null,null,null
BSCRO1189-25_r_1.5_s_50_BSCRO1189-25,BSCRO1189-25,r_1.5_s_50,>BSCRO1189-25_r_1.5_s_50_BSCRO1189-25,2926737,QIT06492.1,family:Sminthuridae,,282,null,1563,0.0,103.0,20.73,7.0,null,null,null,null,null,null
BSCRO1220-25_r_1_s_50_BSCRO1220-25,BSCRO1220-25,r_1_s_50,>BSCRO1220-25_r_1_s_50_BSCRO1220-25,2768102,YP_010265401.1,family:Paronellidae,,1993,null,1533,0.0,198.0,145.44,144.0,null,null,null,null,null,null
BSCRO1158-25_r_1.5_s_100_BSCRO1158-25,BSCRO1158-25,r_1.5_s_100,>BSCRO1158-25_r_1.5_s_100_BSCRO1158-25,187676,YP_009753939.1,genus:Oncopodura,,4262,null,1533,0.0,555.0,392.39,434.0,null,null,null,null,null,null
BSCRO1228-25_r_1.3_s_50_BSCRO1228-25,BSCRO1228-25,r_1.3_s_50,>BSCRO1228-25_r_1.3_s_50_BSCRO1228-25,1765952,XCD10116.1,subfamily:Heteromurinae,,4409,null,1536,0.0,498.0,365.22,360.5,null,null,null,null,null,null
BSCRO1189-25_r_1.5_s_100_BSCRO1189-25,BSCRO1189-25,r_1.5_s_100,>BSCRO1189-25_r_1.5_s_100_BSCRO1189-25,2926737,QIT06492.1,family:Sminthuridae,,242,null,1563,0.0,94.0,19.86,5.0,null,null,null,null,null,null
BSCRO1145-25_r_1.5_s_100_BSCRO1145-25,BSCRO1145-25,r_1.5_s_100,>BSCRO1145-25_r_1.5_s_100_BSCRO1145-25,2768102,YP_010265401.1,family:Paronellidae,,1102,null,1533,0.0,143.0,97.23,103.0,null,null,null,null,null,null
BSCRO1221-25_r_1.5_s_100_BSCRO1221-25,BSCRO1221-25,r_1.5_s_100,>BSCRO1221-25_r_1.5_s_100_BSCRO1221-25,2768102,YP_010265401.1,family:Paronellidae,,1583,null,1533,0.0,189.0,138.36,149.0,null,null,null,null,null,null
BSCRO1225-25_r_1.3_s_100_BSCRO1225-25,BSCRO1225-25,r_1.3_s_100,>BSCRO1225-25_r_1.3_s_100_BSCRO1225-25,2768102,YP_010265401.1,family:Paronellidae,,5142,null,1533,0.0,559.0,439.97,451.0,null,null,null,null,null,null
BSCRO1183-25_r_1.3_s_50_BSCRO1183-25,BSCRO1183-25,r_1.3_s_50,>BSCRO1183-25_r_1.3_s_50_BSCRO1183-25,2926737,QIT06492.1,family:Sminthuridae,,1037,null,1563,0.0,249.0,78.25,73.0,null,null,null,null,null,null
BSCRO1172-25_r_1.5_s_50_BSCRO1172-25,BSCRO1172-25,r_1.5_s_50,>BSCRO1172-25_r_1.5_s_50_BSCRO1172-25,3139678,UFX54039.1,subfamily:Onychiurinae,,2520,null,1533,0.0,297.0,209.52,225.0,null,null,null,null,null,null
BSCRO1221-25_r_1.3_s_100_BSCRO1221-25,BSCRO1221-25,r_1.3_s_100,>BSCRO1221-25_r_1.3_s_100_BSCRO1221-25,2768102,YP_010265401.1,family:Paronellidae,,1734,null,1533,0.0,189.0,151.1,155.0,null,null,null,null,null,null
BSCRO1213-25_r_1.3_s_100_BSCRO1213-25,BSCRO1213-25,r_1.3_s_100,>BSCRO1213-25_r_1.3_s_100_BSCRO1213-25,2772100,AJK28732.1,genus:Pseudosinella,,2579,null,1536,0.0,337.0,219.06,234.0,null,null,null,null,null,null
BSCRO1179-25_r_1_s_100_BSCRO1179-25,BSCRO1179-25,r_1_s_100,>BSCRO1179-25_r_1_s_100_BSCRO1179-25,3139678,UFX54039.1,subfamily:Onychiurinae,,2546,null,1533,0.0,302.0,223.17,234.0,null,null,null,null,null,null
BSCRO1161-25_r_1_s_100_BSCRO1161-25,BSCRO1161-25,r_1_s_100,>BSCRO1161-25_r_1_s_100_BSCRO1161-25,187676,YP_009753939.1,genus:Oncopodura,,408,null,1533,0.0,59.0,33.71,33.0,null,null,null,null,null,null
BSCRO1168-25_r_1_s_100_BSCRO1168-25,BSCRO1168-25,r_1_s_100,>BSCRO1168-25_r_1_s_100_BSCRO1168-25,3139678,UFX54039.1,subfamily:Onychiurinae,,2511,null,1533,0.0,277.0,204.17,205.0,null,null,null,null,null,null
BSCRO1144-25_r_1.5_s_100_BSCRO1144-25,BSCRO1144-25,r_1.5_s_100,>BSCRO1144-25_r_1.5_s_100_BSCRO1144-25,2768102,YP_010265401.1,family:Paronellidae,,903,null,1533,0.0,131.0,79.11,80.0,null,null,null,null,null,null
BSCRO1183-25_r_1.5_s_100_BSCRO1183-25,BSCRO1183-25,r_1.5_s_100,>BSCRO1183-25_r_1.5_s_100_BSCRO1183-25,2926737,QIT06492.1,family:Sminthuridae,,428,null,1563,0.0,154.0,37.29,12.0,null,null,null,null,null,null
BSCRO1219-25_r_1_s_50_BSCRO1219-25,BSCRO1219-25,r_1_s_50,>BSCRO1219-25_r_1_s_50_BSCRO1219-25,187676,YP_009753939.1,genus:Oncopodura,,1980,null,1533,6.0,218.0,138.03,130.0,null,null,null,null,null,null
BSCRO1184-25_r_1.5_s_100_BSCRO1184-25,BSCRO1184-25,r_1.5_s_100,>BSCRO1184-25_r_1.5_s_100_BSCRO1184-25,2926737,QIT06492.1,family:Sminthuridae,,373,null,1563,0.0,134.0,33.12,15.0,null,null,null,null,null,null
BSCRO1179-25_r_1.3_s_50_BSCRO1179-25,BSCRO1179-25,r_1.3_s_50,>BSCRO1179-25_r_1.3_s_50_BSCRO1179-25,3139678,UFX54039.1,subfamily:Onychiurinae,,2628,null,1533,0.0,297.0,221.98,233.0,null,null,null,null,null,null
BSCRO1169-25_r_1.5_s_50_BSCRO1169-25,BSCRO1169-25,r_1.5_s_50,>BSCRO1169-25_r_1.5_s_50_BSCRO1169-25,3139678,UFX54039.1,subfamily:Onychiurinae,,4854,null,1533,1.0,571.0,423.57,462.0,null,null,null,null,null,null
BSCRO1168-25_r_1.5_s_50_BSCRO1168-25,BSCRO1168-25,r_1.5_s_50,>BSCRO1168-25_r_1.5_s_50_BSCRO1168-25,3139678,UFX54039.1,subfamily:Onychiurinae,,2419,null,1533,0.0,281.0,189.79,201.0,null,null,null,null,null,null
BSCRO1213-25_r_1.3_s_50_BSCRO1213-25,BSCRO1213-25,r_1.3_s_50,>BSCRO1213-25_r_1.3_s_50_BSCRO1213-25,2772100,AJK28732.1,genus:Pseudosinella,,3439,null,1536,0.0,732.0,238.91,246.0,null,null,null,null,null,null
BSCRO1142-25_r_1.5_s_100_BSCRO1142-25,BSCRO1142-25,r_1.5_s_100,>BSCRO1142-25_r_1.5_s_100_BSCRO1142-25,187676,YP_009753939.1,genus:Oncopodura,,1118,null,1533,0.0,152.0,97.56,101.0,null,null,null,null,null,null
BSCRO1188-25_r_1.3_s_50_BSCRO1188-25,BSCRO1188-25,r_1.3_s_50,>BSCRO1188-25_r_1.3_s_50_BSCRO1188-25,187676,YP_009753939.1,genus:Oncopodura,,7387,null,1533,0.0,865.0,657.89,720.0,null,null,null,null,null,null
BSCRO1141-25_r_1_s_100_BSCRO1141-25,BSCRO1141-25,r_1_s_100,>BSCRO1141-25_r_1_s_100_BSCRO1141-25,187676,YP_009753939.1,genus:Oncopodura,,516,null,1533,0.0,87.0,38.64,36.0,null,null,null,null,null,null
BSCRO1218-25_r_1.5_s_50_BSCRO1218-25,BSCRO1218-25,r_1.5_s_50,>BSCRO1218-25_r_1.5_s_50_BSCRO1218-25,187632,UFX54039.1,subfamily:Onychiurinae,,2260,null,1533,0.0,257.0,181.04,191.0,null,null,null,null,null,null
BSCRO1228-25_r_1.3_s_100_BSCRO1228-25,BSCRO1228-25,r_1.3_s_100,>BSCRO1228-25_r_1.3_s_100_BSCRO1228-25,1765952,XCD10116.1,subfamily:Heteromurinae,,4138,null,1536,0.0,490.0,357.59,359.0,null,null,null,null,null,null
BSCRO1235-25_r_1.3_s_50_BSCRO1235-25,BSCRO1235-25,r_1.3_s_50,>BSCRO1235-25_r_1.3_s_50_BSCRO1235-25,2768102,YP_010265401.1,family:Paronellidae,,2546,null,1533,0.0,262.0,189.49,189.0,null,null,null,null,null,null
BSCRO1148-25_r_1_s_50_BSCRO1148-25,BSCRO1148-25,r_1_s_50,>BSCRO1148-25_r_1_s_50_BSCRO1148-25,187676,YP_009753939.1,genus:Oncopodura,,1129,null,1533,3.0,127.0,63.59,57.0,null,null,null,null,null,null
BSCRO1152-25_r_1_s_100_BSCRO1152-25,BSCRO1152-25,r_1_s_100,>BSCRO1152-25_r_1_s_100_BSCRO1152-25,187676,YP_009753939.1,genus:Oncopodura,,2531,null,1533,0.0,288.0,219.46,217.0,null,null,null,null,null,null
BSCRO1206-25_r_1.5_s_100_BSCRO1206-25,BSCRO1206-25,r_1.5_s_100,>BSCRO1206-25_r_1.5_s_100_BSCRO1206-25,1765952,XCD10116.1,subfamily:Heteromurinae,,648,null,1536,0.0,103.0,49.65,48.0,null,null,null,null,null,null
BSCRO1202-25_r_1_s_100_BSCRO1202-25,BSCRO1202-25,r_1_s_100,>BSCRO1202-25_r_1_s_100_BSCRO1202-25,1136003,QGZ08860.1,genus:Neelus,,598,null,1530,6.0,102.0,46.6,50.0,null,null,null,null,null,null
BSCRO1207-25_r_1.5_s_100_BSCRO1207-25,BSCRO1207-25,r_1.5_s_100,>BSCRO1207-25_r_1.5_s_100_BSCRO1207-25,1136003,QGZ08860.1,genus:Neelus,,576,null,1530,0.0,103.0,41.06,38.0,null,null,null,null,null,null
BSCRO1141-25_r_1.3_s_100_BSCRO1141-25,BSCRO1141-25,r_1.3_s_100,>BSCRO1141-25_r_1.3_s_100_BSCRO1141-25,187676,YP_009753939.1,genus:Oncopodura,,326,null,1533,0.0,46.0,22.2,24.0,null,null,null,null,null,null
BSCRO1228-25_r_1_s_100_BSCRO1228-25,BSCRO1228-25,r_1_s_100,>BSCRO1228-25_r_1_s_100_BSCRO1228-25,1765952,XCD10116.1,subfamily:Heteromurinae,,4201,null,1536,0.0,491.0,362.97,364.5,null,null,null,null,null,null
BSCRO1167-25_r_1.5_s_50_BSCRO1167-25,BSCRO1167-25,r_1.5_s_50,>BSCRO1167-25_r_1.5_s_50_BSCRO1167-25,3139678,UFX54039.1,subfamily:Onychiurinae,,3450,null,1533,0.0,358.0,266.04,283.0,null,null,null,null,null,null
BSCRO1222-25_r_1_s_50_BSCRO1222-25,BSCRO1222-25,r_1_s_50,>BSCRO1222-25_r_1_s_50_BSCRO1222-25,2768102,YP_010265401.1,family:Paronellidae,,2184,null,1533,0.0,222.0,158.02,155.0,null,null,null,null,null,null
BSCRO1233-25_r_1.5_s_100_BSCRO1233-25,BSCRO1233-25,r_1.5_s_100,>BSCRO1233-25_r_1.5_s_100_BSCRO1233-25,2768102,YP_010265401.1,family:Paronellidae,,3695,null,1533,0.0,451.0,330.67,359.0,null,null,null,null,null,null
BSCRO1199-25_r_1_s_100_BSCRO1199-25,BSCRO1199-25,r_1_s_100,>BSCRO1199-25_r_1_s_100_BSCRO1199-25,1765952,XCD10116.1,subfamily:Heteromurinae,,2400,null,1536,0.0,263.0,197.2,195.0,null,null,null,null,null,null
BSCRO1145-25_r_1.5_s_50_BSCRO1145-25,BSCRO1145-25,r_1.5_s_50,>BSCRO1145-25_r_1.5_s_50_BSCRO1145-25,2768102,YP_010265401.1,family:Paronellidae,,1320,null,1533,0.0,167.0,102.05,106.0,null,null,null,null,null,null
BSCRO1173-25_r_1_s_100_BSCRO1173-25,BSCRO1173-25,r_1_s_100,>BSCRO1173-25_r_1_s_100_BSCRO1173-25,3139678,UFX54039.1,subfamily:Onychiurinae,,924,null,1533,0.0,135.0,82.55,81.0,null,null,null,null,null,null
BSCRO1156-25_r_1.3_s_100_BSCRO1156-25,BSCRO1156-25,r_1.3_s_100,>BSCRO1156-25_r_1.3_s_100_BSCRO1156-25,187676,YP_009753939.1,genus:Oncopodura,,1414,null,1533,0.0,194.0,128.02,134.0,null,null,null,null,null,null
BSCRO1183-25_r_1_s_50_BSCRO1183-25,BSCRO1183-25,r_1_s_50,>BSCRO1183-25_r_1_s_50_BSCRO1183-25,2926737,QIT06492.1,family:Sminthuridae,,2291,null,1563,0.0,265.0,172.67,189.0,null,null,null,null,null,null
BSCRO1224-25_r_1.5_s_100_BSCRO1224-25,BSCRO1224-25,r_1.5_s_100,>BSCRO1224-25_r_1.5_s_100_BSCRO1224-25,1765952,XCD10116.1,subfamily:Heteromurinae,,1771,null,1536,0.0,192.0,153.38,160.0,null,null,null,null,null,null
BSCRO1220-25_r_1.5_s_100_BSCRO1220-25,BSCRO1220-25,r_1.5_s_100,>BSCRO1220-25_r_1.5_s_100_BSCRO1220-25,2768102,YP_010265401.1,family:Paronellidae,,1408,null,1533,0.0,159.0,119.06,127.0,null,null,null,null,null,null
BSCRO1197-25_r_1_s_50_BSCRO1197-25,BSCRO1197-25,r_1_s_50,>BSCRO1197-25_r_1_s_50_BSCRO1197-25,2768102,YP_010265401.1,family:Paronellidae,,2707,null,1533,1.0,265.0,202.41,199.0,null,null,null,null,null,null
BSCRO1183-25_r_1_s_100_BSCRO1183-25,BSCRO1183-25,r_1_s_100,>BSCRO1183-25_r_1_s_100_BSCRO1183-25,2926737,QIT06492.1,family:Sminthuridae,,1794,null,1563,0.0,248.0,158.38,182.0,null,null,null,null,null,null
BSCRO1187-25_r_1.3_s_50_BSCRO1187-25,BSCRO1187-25,r_1.3_s_50,>BSCRO1187-25_r_1.3_s_50_BSCRO1187-25,2926737,QIT06492.1,family:Sminthuridae,,746,null,1563,0.0,127.0,56.02,56.0,null,null,null,null,null,null
BSCRO1202-25_r_1_s_50_BSCRO1202-25,BSCRO1202-25,r_1_s_50,>BSCRO1202-25_r_1_s_50_BSCRO1202-25,1136003,QGZ08860.1,genus:Neelus,,803,null,1530,7.0,105.0,53.72,56.0,null,null,null,null,null,null
BSCRO1185-25_r_1.3_s_100_BSCRO1185-25,BSCRO1185-25,r_1.3_s_100,>BSCRO1185-25_r_1.3_s_100_BSCRO1185-25,2926737,QIT06492.1,family:Sminthuridae,,660,null,1563,0.0,200.0,58.33,48.0,null,null,null,null,null,null
BSCRO1223-25_r_1.5_s_100_BSCRO1223-25,BSCRO1223-25,r_1.5_s_100,>BSCRO1223-25_r_1.5_s_100_BSCRO1223-25,1765952,XCD10116.1,subfamily:Heteromurinae,,1584,null,1536,0.0,197.0,134.04,134.0,null,null,null,null,null,null
BSCRO1182-25_r_1.5_s_50_BSCRO1182-25,BSCRO1182-25,r_1.5_s_50,>BSCRO1182-25_r_1.5_s_50_BSCRO1182-25,3139678,UFX54039.1,subfamily:Onychiurinae,,2374,null,1533,0.0,292.0,199.58,212.0,null,null,null,null,null,null
BSCRO1231-25_r_1.5_s_100_BSCRO1231-25,BSCRO1231-25,r_1.5_s_100,>BSCRO1231-25_r_1.5_s_100_BSCRO1231-25,2768102,YP_010265401.1,family:Paronellidae,,2448,null,1533,0.0,334.0,217.91,224.0,null,null,null,null,null,null
BSCRO1180-25_r_1_s_50_BSCRO1180-25,BSCRO1180-25,r_1_s_50,>BSCRO1180-25_r_1_s_50_BSCRO1180-25,3139678,UFX54039.1,subfamily:Onychiurinae,,2369,null,1533,8.0,611.0,166.3,157.0,null,null,null,null,null,null
BSCRO1201-25_r_1.3_s_50_BSCRO1201-25,BSCRO1201-25,r_1.3_s_50,>BSCRO1201-25_r_1.3_s_50_BSCRO1201-25,1765952,XCD10116.1,subfamily:Heteromurinae,,1523,null,1536,0.0,165.0,114.45,117.0,null,null,null,null,null,null
BSCRO1193-25_r_1_s_50_BSCRO1193-25,BSCRO1193-25,r_1_s_50,>BSCRO1193-25_r_1_s_50_BSCRO1193-25,370027,QFX74494.1,genus:Isotomurus,,2231,null,1533,120.0,284.0,175.12,172.0,null,null,null,null,null,null
BSCRO1230-25_r_1.5_s_100_BSCRO1230-25,BSCRO1230-25,r_1.5_s_100,>BSCRO1230-25_r_1.5_s_100_BSCRO1230-25,1765952,XCD10116.1,subfamily:Heteromurinae,,2078,null,1536,0.0,228.0,177.15,181.0,null,null,null,null,null,null
BSCRO1169-25_r_1_s_100_BSCRO1169-25,BSCRO1169-25,r_1_s_100,>BSCRO1169-25_r_1_s_100_BSCRO1169-25,3139678,UFX54039.1,subfamily:Onychiurinae,,5339,null,1533,5.0,568.0,469.24,479.0,null,null,null,null,null,null
BSCRO1178-25_r_1.3_s_100_BSCRO1178-25,BSCRO1178-25,r_1.3_s_100,>BSCRO1178-25_r_1.3_s_100_BSCRO1178-25,3139678,UFX54039.1,subfamily:Onychiurinae,,3855,null,1533,0.0,446.0,352.6,385.0,null,null,null,null,null,null
BSCRO1198-25_r_1_s_100_BSCRO1198-25,BSCRO1198-25,r_1_s_100,>BSCRO1198-25_r_1_s_100_BSCRO1198-25,2768102,YP_010265401.1,family:Paronellidae,,2264,null,1533,0.0,254.0,198.58,197.0,null,null,null,null,null,null
BSCRO1214-25_r_1_s_50_BSCRO1214-25,BSCRO1214-25,r_1_s_50,>BSCRO1214-25_r_1_s_50_BSCRO1214-25,2772100,AJK28732.1,genus:Pseudosinella,,4192,null,1536,163.0,743.0,300.98,292.0,null,null,null,null,null,null
BSCRO1179-25_r_1.5_s_50_BSCRO1179-25,BSCRO1179-25,r_1.5_s_50,>BSCRO1179-25_r_1.5_s_50_BSCRO1179-25,3139678,UFX54039.1,subfamily:Onychiurinae,,2342,null,1533,0.0,263.0,200.44,216.0,null,null,null,null,null,null
BSCRO1226-25_r_1.3_s_100_BSCRO1226-25,BSCRO1226-25,r_1.3_s_100,>BSCRO1226-25_r_1.3_s_100_BSCRO1226-25,2768102,YP_010265401.1,family:Paronellidae,,4511,null,1533,0.0,499.0,395.9,401.0,null,null,null,null,null,null
BSCRO1206-25_r_1_s_50_BSCRO1206-25,BSCRO1206-25,r_1_s_50,>BSCRO1206-25_r_1_s_50_BSCRO1206-25,1765952,XCD10116.1,subfamily:Heteromurinae,,988,null,1536,0.0,114.0,62.52,61.0,null,null,null,null,null,null
BSCRO1176-25_r_1_s_100_BSCRO1176-25,BSCRO1176-25,r_1_s_100,>BSCRO1176-25_r_1_s_100_BSCRO1176-25,187632,UFX54039.1,subfamily:Onychiurinae,,1315,null,1533,56.0,148.0,115.77,116.0,null,null,null,null,null,null
BSCRO1168-25_r_1_s_50_BSCRO1168-25,BSCRO1168-25,r_1_s_50,>BSCRO1168-25_r_1_s_50_BSCRO1168-25,3139678,UFX54039.1,subfamily:Onychiurinae,,2942,null,1533,0.0,388.0,217.19,211.0,null,null,null,null,null,null
BSCRO1141-25_r_1_s_50_BSCRO1141-25,BSCRO1141-25,r_1_s_50,>BSCRO1141-25_r_1_s_50_BSCRO1141-25,187676,YP_009753939.1,genus:Oncopodura,,781,null,1533,6.0,101.0,46.89,43.0,null,null,null,null,null,null
BSCRO1143-25_r_1_s_50_BSCRO1143-25,BSCRO1143-25,r_1_s_50,>BSCRO1143-25_r_1_s_50_BSCRO1143-25,2768102,YP_010265401.1,family:Paronellidae,,3246,null,1533,0.0,367.0,246.74,240.0,null,null,null,null,null,null
BSCRO1211-25_r_1.3_s_50_BSCRO1211-25,BSCRO1211-25,r_1.3_s_50,>BSCRO1211-25_r_1.3_s_50_BSCRO1211-25,2768102,YP_010265401.1,family:Paronellidae,,5665,null,1533,0.0,562.0,460.92,459.0,null,null,null,null,null,null
BSCRO1224-25_r_1_s_50_BSCRO1224-25,BSCRO1224-25,r_1_s_50,>BSCRO1224-25_r_1_s_50_BSCRO1224-25,1765952,XCD10116.1,subfamily:Heteromurinae,,2399,null,1536,0.0,242.0,175.36,177.0,null,null,null,null,null,null
BSCRO1147-25_r_1.3_s_50_BSCRO1147-25,BSCRO1147-25,r_1.3_s_50,>BSCRO1147-25_r_1.3_s_50_BSCRO1147-25,187676,YP_009753939.1,genus:Oncopodura,,1341,null,1533,0.0,179.0,103.5,109.0,null,null,null,null,null,null
BSCRO1211-25_r_1.5_s_50_BSCRO1211-25,BSCRO1211-25,r_1.5_s_50,>BSCRO1211-25_r_1.5_s_50_BSCRO1211-25,2768102,YP_010265401.1,family:Paronellidae,,5024,null,1533,0.0,540.0,414.9,432.0,null,null,null,null,null,null
BSCRO1230-25_r_1.3_s_100_BSCRO1230-25,BSCRO1230-25,r_1.3_s_100,>BSCRO1230-25_r_1.3_s_100_BSCRO1230-25,1765952,XCD10116.1,subfamily:Heteromurinae,,2221,null,1536,0.0,239.0,187.86,188.0,null,null,null,null,null,null
BSCRO1213-25_r_1_s_100_BSCRO1213-25,BSCRO1213-25,r_1_s_100,>BSCRO1213-25_r_1_s_100_BSCRO1213-25,2772100,AJK28732.1,genus:Pseudosinella,,2793,null,1536,71.0,337.0,236.29,237.0,null,null,null,null,null,null
BSCRO1162-25_r_1_s_100_BSCRO1162-25,BSCRO1162-25,r_1_s_100,>BSCRO1162-25_r_1_s_100_BSCRO1162-25,187676,YP_009753939.1,genus:Oncopodura,,322,null,1533,0.0,56.0,26.69,26.0,null,null,null,null,null,null
BSCRO1146-25_r_1_s_50_BSCRO1146-25,BSCRO1146-25,r_1_s_50,>BSCRO1146-25_r_1_s_50_BSCRO1146-25,187676,YP_009753939.1,genus:Oncopodura,,2289,null,1533,12.0,251.0,162.04,161.0,null,null,null,null,null,null
BSCRO1200-25_r_1.3_s_50_BSCRO1200-25,BSCRO1200-25,r_1.3_s_50,>BSCRO1200-25_r_1.3_s_50_BSCRO1200-25,1765952,XCD10116.1,subfamily:Heteromurinae,,3166,null,1536,0.0,316.0,243.31,244.5,null,null,null,null,null,null
BSCRO1196-25_r_1.5_s_100_BSCRO1196-25,BSCRO1196-25,r_1.5_s_100,>BSCRO1196-25_r_1.5_s_100_BSCRO1196-25,187632,UFX54039.1,subfamily:Onychiurinae,,1668,null,1533,0.0,259.0,142.73,141.0,null,null,null,null,null,null
BSCRO1148-25_r_1.5_s_50_BSCRO1148-25,BSCRO1148-25,r_1.5_s_50,>BSCRO1148-25_r_1.5_s_50_BSCRO1148-25,187676,YP_009753939.1,genus:Oncopodura,,494,null,1533,0.0,87.0,36.19,35.0,null,null,null,null,null,null
BSCRO1209-25_r_1.3_s_50_BSCRO1209-25,BSCRO1209-25,r_1.3_s_50,>BSCRO1209-25_r_1.3_s_50_BSCRO1209-25,1136003,QGZ08860.1,genus:Neelus,,1361,null,1530,62.0,148.0,98.2,97.0,null,null,null,null,null,null
BSCRO1219-25_r_1.3_s_100_BSCRO1219-25,BSCRO1219-25,r_1.3_s_100,>BSCRO1219-25_r_1.3_s_100_BSCRO1219-25,187676,YP_009753939.1,genus:Oncopodura,,1429,null,1533,0.0,193.0,115.38,119.0,null,null,null,null,null,null
BSCRO1159-25_r_1.3_s_50_BSCRO1159-25,BSCRO1159-25,r_1.3_s_50,>BSCRO1159-25_r_1.3_s_50_BSCRO1159-25,187676,YP_009753939.1,genus:Oncopodura,,4741,null,1533,0.0,606.0,415.67,449.0,null,null,null,null,null,null
BSCRO1217-25_r_1.5_s_50_BSCRO1217-25,BSCRO1217-25,r_1.5_s_50,>BSCRO1217-25_r_1.5_s_50_BSCRO1217-25,187632,UFX54039.1,subfamily:Onychiurinae,,1640,null,1533,0.0,188.0,125.72,130.0,null,null,null,null,null,null
BSCRO1229-25_r_1_s_100_BSCRO1229-25,BSCRO1229-25,r_1_s_100,>BSCRO1229-25_r_1_s_100_BSCRO1229-25,2768102,YP_010265401.1,family:Paronellidae,,2641,null,1533,0.0,277.0,231.84,235.0,null,null,null,null,null,null
BSCRO1184-25_r_1_s_100_BSCRO1184-25,BSCRO1184-25,r_1_s_100,>BSCRO1184-25_r_1_s_100_BSCRO1184-25,2926737,QIT06492.1,family:Sminthuridae,,1695,null,1563,0.0,221.0,151.24,174.0,null,null,null,null,null,null
BSCRO1186-25_r_1.3_s_100_BSCRO1186-25,BSCRO1186-25,r_1.3_s_100,>BSCRO1186-25_r_1.3_s_100_BSCRO1186-25,2926737,QIT06492.1,family:Sminthuridae,,388,null,1563,0.0,100.0,32.56,34.0,null,null,null,null,null,null
BSCRO1180-25_r_1.5_s_100_BSCRO1180-25,BSCRO1180-25,r_1.5_s_100,>BSCRO1180-25_r_1.5_s_100_BSCRO1180-25,3139678,UFX54039.1,subfamily:Onychiurinae,,1535,null,1533,0.0,197.0,133.76,145.0,null,null,null,null,null,null
BSCRO1170-25_r_1_s_100_BSCRO1170-25,BSCRO1170-25,r_1_s_100,>BSCRO1170-25_r_1_s_100_BSCRO1170-25,3139678,UFX54039.1,subfamily:Onychiurinae,,9214,null,1533,10.0,1076.0,839.27,851.0,null,null,null,null,null,null
BSCRO1203-25_r_1.5_s_100_BSCRO1203-25,BSCRO1203-25,r_1.5_s_100,>BSCRO1203-25_r_1.5_s_100_BSCRO1203-25,2768102,YP_010265401.1,family:Paronellidae,,2036,null,1533,0.0,236.0,161.61,167.0,null,null,null,null,null,null
BSCRO1192-25_r_1.3_s_100_BSCRO1192-25,BSCRO1192-25,r_1.3_s_100,>BSCRO1192-25_r_1.3_s_100_BSCRO1192-25,370027,QFX74494.1,genus:Isotomurus,,1698,null,1533,97.0,189.0,147.61,145.0,null,null,null,null,null,null
BSCRO1181-25_r_1.3_s_100_BSCRO1181-25,BSCRO1181-25,r_1.3_s_100,>BSCRO1181-25_r_1.3_s_100_BSCRO1181-25,3139678,UFX54039.1,subfamily:Onychiurinae,,1195,null,1533,0.0,148.0,103.73,104.0,null,null,null,null,null,null
BSCRO1187-25_r_1_s_100_BSCRO1187-25,BSCRO1187-25,r_1_s_100,>BSCRO1187-25_r_1_s_100_BSCRO1187-25,2926737,QIT06492.1,family:Sminthuridae,,1092,null,1563,0.0,146.0,95.8,103.0,null,null,null,null,null,null
BSCRO1160-25_r_1.5_s_50_BSCRO1160-25,BSCRO1160-25,r_1.5_s_50,>BSCRO1160-25_r_1.5_s_50_BSCRO1160-25,187676,YP_009753939.1,genus:Oncopodura,,1931,null,1533,0.0,255.0,160.94,180.0,null,null,null,null,null,null
BSCRO1191-25_r_1.3_s_50_BSCRO1191-25,BSCRO1191-25,r_1.3_s_50,>BSCRO1191-25_r_1.3_s_50_BSCRO1191-25,2926737,QIT06492.1,family:Sminthuridae,,598,null,1563,0.0,115.0,35.79,34.0,null,null,null,null,null,null
BSCRO1163-25_r_1.3_s_50_BSCRO1163-25,BSCRO1163-25,r_1.3_s_50,>BSCRO1163-25_r_1.3_s_50_BSCRO1163-25,187676,YP_009753939.1,genus:Oncopodura,,2421,null,1533,0.0,279.0,186.61,193.0,null,null,null,null,null,null
BSCRO1166-25_r_1.5_s_100_BSCRO1166-25,BSCRO1166-25,r_1.5_s_100,>BSCRO1166-25_r_1.5_s_100_BSCRO1166-25,187676,YP_009753939.1,genus:Oncopodura,,2156,null,1533,0.0,296.0,186.65,202.0,null,null,null,null,null,null
BSCRO1156-25_r_1_s_100_BSCRO1156-25,BSCRO1156-25,r_1_s_100,>BSCRO1156-25_r_1_s_100_BSCRO1156-25,187676,YP_009753939.1,genus:Oncopodura,,1558,null,1533,0.0,196.0,140.41,139.0,null,null,null,null,null,null
BSCRO1198-25_r_1.3_s_100_BSCRO1198-25,BSCRO1198-25,r_1.3_s_100,>BSCRO1198-25_r_1.3_s_100_BSCRO1198-25,2768102,YP_010265401.1,family:Paronellidae,,2241,null,1533,0.0,254.0,196.74,194.0,null,null,null,null,null,null
BSCRO1193-25_r_1_s_100_BSCRO1193-25,BSCRO1193-25,r_1_s_100,>BSCRO1193-25_r_1_s_100_BSCRO1193-25,370027,QFX74494.1,genus:Isotomurus,,1967,null,1533,105.0,221.0,166.93,167.0,null,null,null,null,null,null
BSCRO1183-25_r_1.3_s_100_BSCRO1183-25,BSCRO1183-25,r_1.3_s_100,>BSCRO1183-25_r_1.3_s_100_BSCRO1183-25,2926737,QIT06492.1,family:Sminthuridae,,846,null,1563,0.0,217.0,73.49,69.0,null,null,null,null,null,null
BSCRO1186-25_r_1.5_s_100_BSCRO1186-25,BSCRO1186-25,r_1.5_s_100,>BSCRO1186-25_r_1.5_s_100_BSCRO1186-25,2926737,QIT06492.1,family:Sminthuridae,,184,null,1563,0.0,62.0,15.58,6.0,null,null,null,null,null,null
BSCRO1186-25_r_1.5_s_50_BSCRO1186-25,BSCRO1186-25,r_1.5_s_50,>BSCRO1186-25_r_1.5_s_50_BSCRO1186-25,2926737,QIT06492.1,family:Sminthuridae,,252,null,1563,0.0,64.0,17.09,8.0,null,null,null,null,null,null
BSCRO1165-25_r_1.3_s_100_BSCRO1165-25,BSCRO1165-25,r_1.3_s_100,>BSCRO1165-25_r_1.3_s_100_BSCRO1165-25,187676,YP_009753939.1,genus:Oncopodura,,2140,null,1533,0.0,268.0,189.25,201.0,null,null,null,null,null,null
BSCRO1199-25_r_1.3_s_100_BSCRO1199-25,BSCRO1199-25,r_1.3_s_100,>BSCRO1199-25_r_1.3_s_100_BSCRO1199-25,1765952,XCD10116.1,subfamily:Heteromurinae,,2381,null,1536,0.0,253.0,195.75,195.0,null,null,null,null,null,null
BSCRO1207-25_r_1.3_s_100_BSCRO1207-25,BSCRO1207-25,r_1.3_s_100,>BSCRO1207-25_r_1.3_s_100_BSCRO1207-25,1136003,QGZ08860.1,genus:Neelus,,769,null,1530,12.0,151.0,55.78,45.0,null,null,null,null,null,null
BSCRO1194-25_r_1.5_s_50_BSCRO1194-25,BSCRO1194-25,r_1.5_s_50,>BSCRO1194-25_r_1.5_s_50_BSCRO1194-25,370027,QFX74494.1,genus:Isotomurus,,1312,null,1533,68.0,156.0,110.96,109.0,null,null,null,null,null,null
BSCRO1141-25_r_1.3_s_50_BSCRO1141-25,BSCRO1141-25,r_1.3_s_50,>BSCRO1141-25_r_1.3_s_50_BSCRO1141-25,187676,YP_009753939.1,genus:Oncopodura,,446,null,1533,0.0,52.0,25.79,26.0,null,null,null,null,null,null
BSCRO1191-25_r_1_s_50_BSCRO1191-25,BSCRO1191-25,r_1_s_50,>BSCRO1191-25_r_1_s_50_BSCRO1191-25,2926737,QIT06492.1,family:Sminthuridae,,1211,null,1563,0.0,139.0,72.73,76.0,null,null,null,null,null,null
BSCRO1150-25_r_1.3_s_50_BSCRO1150-25,BSCRO1150-25,r_1.3_s_50,>BSCRO1150-25_r_1.3_s_50_BSCRO1150-25,187676,YP_009753939.1,genus:Oncopodura,,2282,null,1533,0.0,262.0,192.21,201.0,null,null,null,null,null,null
BSCRO1167-25_r_1_s_50_BSCRO1167-25,BSCRO1167-25,r_1_s_50,>BSCRO1167-25_r_1_s_50_BSCRO1167-25,3139678,UFX54039.1,subfamily:Onychiurinae,,4154,null,1533,0.0,528.0,304.43,296.0,null,null,null,null,null,null
BSCRO1233-25_r_1.3_s_100_BSCRO1233-25,BSCRO1233-25,r_1.3_s_100,>BSCRO1233-25_r_1.3_s_100_BSCRO1233-25,2768102,YP_010265401.1,family:Paronellidae,,4078,null,1533,0.0,453.0,364.57,368.0,null,null,null,null,null,null
BSCRO1201-25_r_1_s_100_BSCRO1201-25,BSCRO1201-25,r_1_s_100,>BSCRO1201-25_r_1_s_100_BSCRO1201-25,1765952,XCD10116.1,subfamily:Heteromurinae,,1308,null,1536,0.0,146.0,110.66,116.0,null,null,null,null,null,null
BSCRO1223-25_r_1.3_s_100_BSCRO1223-25,BSCRO1223-25,r_1.3_s_100,>BSCRO1223-25_r_1.3_s_100_BSCRO1223-25,1765952,XCD10116.1,subfamily:Heteromurinae,,1666,null,1536,0.0,204.0,140.79,138.0,null,null,null,null,null,null
BSCRO1160-25_r_1.3_s_100_BSCRO1160-25,BSCRO1160-25,r_1.3_s_100,>BSCRO1160-25_r_1.3_s_100_BSCRO1160-25,187676,YP_009753939.1,genus:Oncopodura,,2010,null,1533,0.0,253.0,178.2,190.0,null,null,null,null,null,null
BSCRO1184-25_r_1_s_50_BSCRO1184-25,BSCRO1184-25,r_1_s_50,>BSCRO1184-25_r_1_s_50_BSCRO1184-25,2926737,QIT06492.1,family:Sminthuridae,,2127,null,1563,0.0,238.0,163.93,184.0,null,null,null,null,null,null
BSCRO1164-25_r_1_s_50_BSCRO1164-25,BSCRO1164-25,r_1_s_50,>BSCRO1164-25_r_1_s_50_BSCRO1164-25,187676,YP_009753939.1,genus:Oncopodura,,1046,null,1533,0.0,132.0,74.07,71.0,null,null,null,null,null,null
BSCRO1203-25_r_1.5_s_50_BSCRO1203-25,BSCRO1203-25,r_1.5_s_50,>BSCRO1203-25_r_1.5_s_50_BSCRO1203-25,2768102,YP_010265401.1,family:Paronellidae,,2277,null,1533,0.0,241.0,168.35,175.0,null,null,null,null,null,null
BSCRO1211-25_r_1.5_s_100_BSCRO1211-25,BSCRO1211-25,r_1.5_s_100,>BSCRO1211-25_r_1.5_s_100_BSCRO1211-25,2768102,YP_010265401.1,family:Paronellidae,,4714,null,1533,0.0,533.0,406.39,425.0,null,null,null,null,null,null
BSCRO1157-25_r_1_s_50_BSCRO1157-25,BSCRO1157-25,r_1_s_50,>BSCRO1157-25_r_1_s_50_BSCRO1157-25,187676,YP_009753939.1,genus:Oncopodura,,1900,null,1533,0.0,212.0,145.3,149.0,null,null,null,null,null,null
BSCRO1200-25_r_1.5_s_50_BSCRO1200-25,BSCRO1200-25,r_1.5_s_50,>BSCRO1200-25_r_1.5_s_50_BSCRO1200-25,1765952,XCD10116.1,subfamily:Heteromurinae,,2930,null,1536,0.0,314.0,229.72,232.0,null,null,null,null,null,null
BSCRO1178-25_r_1_s_50_BSCRO1178-25,BSCRO1178-25,r_1_s_50,>BSCRO1178-25_r_1_s_50_BSCRO1178-25,3139678,UFX54039.1,subfamily:Onychiurinae,,4326,null,1533,0.0,465.0,370.07,394.0,null,null,null,null,null,null
BSCRO1144-25_r_1_s_100_BSCRO1144-25,BSCRO1144-25,r_1_s_100,>BSCRO1144-25_r_1_s_100_BSCRO1144-25,2768102,YP_010265401.1,family:Paronellidae,,1097,null,1533,0.0,134.0,95.88,95.0,null,null,null,null,null,null
BSCRO1170-25_r_1.5_s_50_BSCRO1170-25,BSCRO1170-25,r_1.5_s_50,>BSCRO1170-25_r_1.5_s_50_BSCRO1170-25,3139678,UFX54039.1,subfamily:Onychiurinae,,7999,null,1533,2.0,1016.0,730.82,798.0,null,null,null,null,null,null
BSCRO1203-25_r_1.3_s_50_BSCRO1203-25,BSCRO1203-25,r_1.3_s_50,>BSCRO1203-25_r_1.3_s_50_BSCRO1203-25,2768102,YP_010265401.1,family:Paronellidae,,2628,null,1533,5.0,264.0,190.26,189.0,null,null,null,null,null,null
BSCRO1192-25_r_1.5_s_100_BSCRO1192-25,BSCRO1192-25,r_1.5_s_100,>BSCRO1192-25_r_1.5_s_100_BSCRO1192-25,370027,QFX74494.1,genus:Isotomurus,,1685,null,1533,97.0,186.0,146.51,144.0,null,null,null,null,null,null
BSCRO1205-25_r_1.5_s_50_BSCRO1205-25,BSCRO1205-25,r_1.5_s_50,>BSCRO1205-25_r_1.5_s_50_BSCRO1205-25,2768102,YP_010265401.1,family:Paronellidae,,2558,null,1533,0.0,282.0,191.12,208.0,null,null,null,null,null,null
BSCRO1224-25_r_1.3_s_50_BSCRO1224-25,BSCRO1224-25,r_1.3_s_50,>BSCRO1224-25_r_1.3_s_50_BSCRO1224-25,1765952,XCD10116.1,subfamily:Heteromurinae,,2102,null,1536,0.0,204.0,165.96,168.0,null,null,null,null,null,null
BSCRO1162-25_r_1.5_s_50_BSCRO1162-25,BSCRO1162-25,r_1.5_s_50,>BSCRO1162-25_r_1.5_s_50_BSCRO1162-25,187676,YP_009753939.1,genus:Oncopodura,,288,null,1533,0.0,48.0,21.86,23.0,null,null,null,null,null,null
BSCRO1164-25_r_1.5_s_50_BSCRO1164-25,BSCRO1164-25,r_1.5_s_50,>BSCRO1164-25_r_1.5_s_50_BSCRO1164-25,187676,YP_009753939.1,genus:Oncopodura,,699,null,1533,0.0,92.0,55.4,57.0,null,null,null,null,null,null
BSCRO1150-25_r_1.5_s_50_BSCRO1150-25,BSCRO1150-25,r_1.5_s_50,>BSCRO1150-25_r_1.5_s_50_BSCRO1150-25,187676,YP_009753939.1,genus:Oncopodura,,1914,null,1533,0.0,254.0,166.67,188.0,null,null,null,null,null,null
BSCRO1148-25_r_1.5_s_100_BSCRO1148-25,BSCRO1148-25,r_1.5_s_100,>BSCRO1148-25_r_1.5_s_100_BSCRO1148-25,187676,YP_009753939.1,genus:Oncopodura,,384,null,1533,0.0,74.0,33.49,35.0,null,null,null,null,null,null
BSCRO1184-25_r_1.3_s_50_BSCRO1184-25,BSCRO1184-25,r_1.3_s_50,>BSCRO1184-25_r_1.3_s_50_BSCRO1184-25,2926737,QIT06492.1,family:Sminthuridae,,943,null,1563,0.0,208.0,72.82,65.0,null,null,null,null,null,null
BSCRO1207-25_r_1.3_s_50_BSCRO1207-25,BSCRO1207-25,r_1.3_s_50,>BSCRO1207-25_r_1.3_s_50_BSCRO1207-25,1136003,QGZ08860.1,genus:Neelus,,935,null,1530,13.0,160.0,60.6,51.0,null,null,null,null,null,null
BSCRO1204-25_r_1.3_s_100_BSCRO1204-25,BSCRO1204-25,r_1.3_s_100,>BSCRO1204-25_r_1.3_s_100_BSCRO1204-25,2768102,YP_010265401.1,family:Paronellidae,,1777,null,1533,0.0,212.0,145.24,143.0,null,null,null,null,null,null
BSCRO1159-25_r_1_s_50_BSCRO1159-25,BSCRO1159-25,r_1_s_50,>BSCRO1159-25_r_1_s_50_BSCRO1159-25,187676,YP_009753939.1,genus:Oncopodura,,5497,null,1533,4.0,641.0,457.99,463.0,null,null,null,null,null,null
BSCRO1169-25_r_1_s_50_BSCRO1169-25,BSCRO1169-25,r_1_s_50,>BSCRO1169-25_r_1_s_50_BSCRO1169-25,3139678,UFX54039.1,subfamily:Onychiurinae,,5802,null,1533,10.0,582.0,482.99,494.0,null,null,null,null,null,null
BSCRO1158-25_r_1.3_s_100_BSCRO1158-25,BSCRO1158-25,r_1.3_s_100,>BSCRO1158-25_r_1.3_s_100_BSCRO1158-25,187676,YP_009753939.1,genus:Oncopodura,,4667,null,1533,0.0,590.0,429.02,469.0,null,null,null,null,null,null
BSCRO1223-25_r_1_s_50_BSCRO1223-25,BSCRO1223-25,r_1_s_50,>BSCRO1223-25_r_1_s_50_BSCRO1223-25,1765952,XCD10116.1,subfamily:Heteromurinae,,2123,null,1536,0.0,228.0,153.97,149.0,null,null,null,null,null,null
BSCRO1229-25_r_1.3_s_50_BSCRO1229-25,BSCRO1229-25,r_1.3_s_50,>BSCRO1229-25_r_1.3_s_50_BSCRO1229-25,2768102,YP_010265401.1,family:Paronellidae,,2997,null,1533,0.0,295.0,239.32,241.0,null,null,null,null,null,null
BSCRO1172-25_r_1_s_100_BSCRO1172-25,BSCRO1172-25,r_1_s_100,>BSCRO1172-25_r_1_s_100_BSCRO1172-25,3139678,UFX54039.1,subfamily:Onychiurinae,,2603,null,1533,0.0,300.0,223.82,225.0,null,null,null,null,null,null
BSCRO1196-25_r_1.5_s_50_BSCRO1196-25,BSCRO1196-25,r_1.5_s_50,>BSCRO1196-25_r_1.5_s_50_BSCRO1196-25,187632,UFX54039.1,subfamily:Onychiurinae,,2052,null,1533,0.0,429.0,154.26,145.0,null,null,null,null,null,null
BSCRO1206-25_r_1.3_s_50_BSCRO1206-25,BSCRO1206-25,r_1.3_s_50,>BSCRO1206-25_r_1.3_s_50_BSCRO1206-25,1765952,XCD10116.1,subfamily:Heteromurinae,,850,null,1536,0.0,105.0,58.11,56.0,null,null,null,null,null,null
BSCRO1147-25_r_1_s_100_BSCRO1147-25,BSCRO1147-25,r_1_s_100,>BSCRO1147-25_r_1_s_100_BSCRO1147-25,187676,YP_009753939.1,genus:Oncopodura,,1201,null,1533,0.0,164.0,106.95,108.0,null,null,null,null,null,null
BSCRO1226-25_r_1.3_s_50_BSCRO1226-25,BSCRO1226-25,r_1.3_s_50,>BSCRO1226-25_r_1.3_s_50_BSCRO1226-25,2768102,YP_010265401.1,family:Paronellidae,,4915,null,1533,0.0,517.0,406.77,407.0,null,null,null,null,null,null
BSCRO1214-25_r_1.5_s_50_BSCRO1214-25,BSCRO1214-25,r_1.5_s_50,>BSCRO1214-25_r_1.5_s_50_BSCRO1214-25,2772100,AJK28732.1,genus:Pseudosinella,,3308,null,1536,0.0,717.0,253.04,274.0,null,null,null,null,null,null
BSCRO1154-25_r_1.5_s_50_BSCRO1154-25,BSCRO1154-25,r_1.5_s_50,>BSCRO1154-25_r_1.5_s_50_BSCRO1154-25,2768102,YP_010265401.1,family:Paronellidae,,2087,null,1533,0.0,248.0,173.92,184.0,null,null,null,null,null,null
BSCRO1216-25_r_1_s_100_BSCRO1216-25,BSCRO1216-25,r_1_s_100,>BSCRO1216-25_r_1_s_100_BSCRO1216-25,187632,UFX54039.1,subfamily:Onychiurinae,,3697,null,1533,0.0,395.0,320.28,315.0,null,null,null,null,null,null
BSCRO1216-25_r_1.3_s_50_BSCRO1216-25,BSCRO1216-25,r_1.3_s_50,>BSCRO1216-25_r_1.3_s_50_BSCRO1216-25,187632,UFX54039.1,subfamily:Onychiurinae,,4057,null,1533,0.0,402.0,329.28,322.0,null,null,null,null,null,null
BSCRO1201-25_r_1.5_s_100_BSCRO1201-25,BSCRO1201-25,r_1.5_s_100,>BSCRO1201-25_r_1.5_s_100_BSCRO1201-25,1765952,XCD10116.1,subfamily:Heteromurinae,,1229,null,1536,0.0,138.0,104.23,108.0,null,null,null,null,null,null
BSCRO1190-25_r_1.3_s_50_BSCRO1190-25,BSCRO1190-25,r_1.3_s_50,>BSCRO1190-25_r_1.3_s_50_BSCRO1190-25,2926737,QIT06492.1,family:Sminthuridae,,736,null,1563,0.0,131.0,54.14,54.0,null,null,null,null,null,null
BSCRO1234-25_r_1_s_50_BSCRO1234-25,BSCRO1234-25,r_1_s_50,>BSCRO1234-25_r_1_s_50_BSCRO1234-25,2768102,YP_010265401.1,family:Paronellidae,,2515,null,1533,0.0,276.0,193.26,193.0,null,null,null,null,null,null
BSCRO1197-25_r_1.3_s_50_BSCRO1197-25,BSCRO1197-25,r_1.3_s_50,>BSCRO1197-25_r_1.3_s_50_BSCRO1197-25,2768102,YP_010265401.1,family:Paronellidae,,2436,null,1533,0.0,255.0,192.69,189.0,null,null,null,null,null,null
BSCRO1194-25_r_1_s_100_BSCRO1194-25,BSCRO1194-25,r_1_s_100,>BSCRO1194-25_r_1_s_100_BSCRO1194-25,370027,QFX74494.1,genus:Isotomurus,,1283,null,1533,53.0,154.0,111.46,110.0,null,null,null,null,null,null
BSCRO1208-25_r_1.5_s_100_BSCRO1208-25,BSCRO1208-25,r_1.5_s_100,>BSCRO1208-25_r_1.5_s_100_BSCRO1208-25,1136003,QGZ08860.1,genus:Neelus,,619,null,1530,1.0,87.0,45.13,45.0,null,null,null,null,null,null
BSCRO1227-25_r_1.5_s_100_BSCRO1227-25,BSCRO1227-25,r_1.5_s_100,>BSCRO1227-25_r_1.5_s_100_BSCRO1227-25,2768102,YP_010265401.1,family:Paronellidae,,2408,null,1533,0.0,304.0,204.86,216.0,null,null,null,null,null,null
BSCRO1153-25_r_1.5_s_50_BSCRO1153-25,BSCRO1153-25,r_1.5_s_50,>BSCRO1153-25_r_1.5_s_50_BSCRO1153-25,187676,YP_009753939.1,genus:Oncopodura,,2357,null,1533,0.0,306.0,202.24,235.0,null,null,null,null,null,null
BSCRO1156-25_r_1_s_50_BSCRO1156-25,BSCRO1156-25,r_1_s_50,>BSCRO1156-25_r_1_s_50_BSCRO1156-25,187676,YP_009753939.1,genus:Oncopodura,,1954,null,1533,0.0,226.0,152.42,149.0,null,null,null,null,null,null
BSCRO1180-25_r_1.5_s_50_BSCRO1180-25,BSCRO1180-25,r_1.5_s_50,>BSCRO1180-25_r_1.5_s_50_BSCRO1180-25,3139678,UFX54039.1,subfamily:Onychiurinae,,1635,null,1533,0.0,205.0,136.58,148.0,null,null,null,null,null,null
BSCRO1151-25_r_1.5_s_50_BSCRO1151-25,BSCRO1151-25,r_1.5_s_50,>BSCRO1151-25_r_1.5_s_50_BSCRO1151-25,187676,YP_009753939.1,genus:Oncopodura,,2380,null,1533,0.0,311.0,200.41,227.0,null,null,null,null,null,null
BSCRO1176-25_r_1.5_s_100_BSCRO1176-25,BSCRO1176-25,r_1.5_s_100,>BSCRO1176-25_r_1.5_s_100_BSCRO1176-25,187632,UFX54039.1,subfamily:Onychiurinae,,1239,null,1533,18.0,148.0,109.69,111.0,null,null,null,null,null,null
BSCRO1160-25_r_1_s_100_BSCRO1160-25,BSCRO1160-25,r_1_s_100,>BSCRO1160-25_r_1_s_100_BSCRO1160-25,187676,YP_009753939.1,genus:Oncopodura,,2187,null,1533,0.0,258.0,193.23,194.0,null,null,null,null,null,null
BSCRO1158-25_r_1.5_s_50_BSCRO1158-25,BSCRO1158-25,r_1.5_s_50,>BSCRO1158-25_r_1.5_s_50_BSCRO1158-25,187676,YP_009753939.1,genus:Oncopodura,,4446,null,1533,0.0,568.0,397.11,438.0,null,null,null,null,null,null
BSCRO1235-25_r_1.3_s_100_BSCRO1235-25,BSCRO1235-25,r_1.3_s_100,>BSCRO1235-25_r_1.3_s_100_BSCRO1235-25,2768102,YP_010265401.1,family:Paronellidae,,2235,null,1533,0.0,242.0,180.66,178.0,null,null,null,null,null,null
BSCRO1184-25_r_1.5_s_50_BSCRO1184-25,BSCRO1184-25,r_1.5_s_50,>BSCRO1184-25_r_1.5_s_50_BSCRO1184-25,2926737,QIT06492.1,family:Sminthuridae,,429,null,1563,0.0,148.0,34.27,15.0,null,null,null,null,null,null
BSCRO1210-25_r_1.5_s_100_BSCRO1210-25,BSCRO1210-25,r_1.5_s_100,>BSCRO1210-25_r_1.5_s_100_BSCRO1210-25,2768102,YP_010265401.1,family:Paronellidae,,4732,null,1533,0.0,564.0,416.16,445.0,null,null,null,null,null,null
BSCRO1194-25_r_1.5_s_100_BSCRO1194-25,BSCRO1194-25,r_1.5_s_100,>BSCRO1194-25_r_1.5_s_100_BSCRO1194-25,370027,QFX74494.1,genus:Isotomurus,,1255,null,1533,53.0,154.0,109.27,107.0,null,null,null,null,null,null
BSCRO1216-25_r_1.3_s_100_BSCRO1216-25,BSCRO1216-25,r_1.3_s_100,>BSCRO1216-25_r_1.3_s_100_BSCRO1216-25,187632,UFX54039.1,subfamily:Onychiurinae,,3679,null,1533,0.0,395.0,318.78,312.0,null,null,null,null,null,null
BSCRO1176-25_r_1_s_50_BSCRO1176-25,BSCRO1176-25,r_1_s_50,>BSCRO1176-25_r_1_s_50_BSCRO1176-25,187632,UFX54039.1,subfamily:Onychiurinae,,1635,null,1533,68.0,185.0,125.71,123.0,null,null,null,null,null,null
BSCRO1182-25_r_1.3_s_100_BSCRO1182-25,BSCRO1182-25,r_1.3_s_100,>BSCRO1182-25_r_1.3_s_100_BSCRO1182-25,3139678,UFX54039.1,subfamily:Onychiurinae,,2347,null,1533,0.0,294.0,206.16,211.0,null,null,null,null,null,null
BSCRO1218-25_r_1_s_100_BSCRO1218-25,BSCRO1218-25,r_1_s_100,>BSCRO1218-25_r_1_s_100_BSCRO1218-25,187632,UFX54039.1,subfamily:Onychiurinae,,2261,null,1533,0.0,242.0,189.93,196.0,null,null,null,null,null,null
BSCRO1207-25_r_1_s_50_BSCRO1207-25,BSCRO1207-25,r_1_s_50,>BSCRO1207-25_r_1_s_50_BSCRO1207-25,1136003,QGZ08860.1,genus:Neelus,,1575,null,1530,22.0,204.0,107.27,111.5,null,null,null,null,null,null
BSCRO1171-25_r_1_s_50_BSCRO1171-25,BSCRO1171-25,r_1_s_50,>BSCRO1171-25_r_1_s_50_BSCRO1171-25,3139678,UFX54039.1,subfamily:Onychiurinae,,2060,null,1533,2.0,396.0,147.46,139.0,null,null,null,null,null,null
BSCRO1206-25_r_1.5_s_50_BSCRO1206-25,BSCRO1206-25,r_1.5_s_50,>BSCRO1206-25_r_1.5_s_50_BSCRO1206-25,1765952,XCD10116.1,subfamily:Heteromurinae,,723,null,1536,0.0,105.0,51.55,49.0,null,null,null,null,null,null
BSCRO1232-25_r_1.3_s_100_BSCRO1232-25,BSCRO1232-25,r_1.3_s_100,>BSCRO1232-25_r_1.3_s_100_BSCRO1232-25,2768102,YP_010265401.1,family:Paronellidae,,2841,null,1533,0.0,328.0,251.76,250.0,null,null,null,null,null,null
BSCRO1159-25_r_1_s_100_BSCRO1159-25,BSCRO1159-25,r_1_s_100,>BSCRO1159-25_r_1_s_100_BSCRO1159-25,187676,YP_009753939.1,genus:Oncopodura,,4760,null,1533,2.0,591.0,434.56,448.0,null,null,null,null,null,null
BSCRO1215-25_r_1_s_50_BSCRO1215-25,BSCRO1215-25,r_1_s_50,>BSCRO1215-25_r_1_s_50_BSCRO1215-25,2768102,YP_010265401.1,family:Paronellidae,,2385,null,1533,0.0,227.0,177.65,181.0,null,null,null,null,null,null
BSCRO1167-25_r_1_s_100_BSCRO1167-25,BSCRO1167-25,r_1_s_100,>BSCRO1167-25_r_1_s_100_BSCRO1167-25,3139678,UFX54039.1,subfamily:Onychiurinae,,3572,null,1533,0.0,364.0,286.31,285.0,null,null,null,null,null,null
BSCRO1145-25_r_1_s_100_BSCRO1145-25,BSCRO1145-25,r_1_s_100,>BSCRO1145-25_r_1_s_100_BSCRO1145-25,2768102,YP_010265401.1,family:Paronellidae,,1228,null,1533,0.0,146.0,107.98,107.0,null,null,null,null,null,null
BSCRO1234-25_r_1.5_s_50_BSCRO1234-25,BSCRO1234-25,r_1.5_s_50,>BSCRO1234-25_r_1.5_s_50_BSCRO1234-25,2768102,YP_010265401.1,family:Paronellidae,,2021,null,1533,0.0,234.0,165.42,176.0,null,null,null,null,null,null
BSCRO1189-25_r_1.3_s_50_BSCRO1189-25,BSCRO1189-25,r_1.3_s_50,>BSCRO1189-25_r_1.3_s_50_BSCRO1189-25,2926737,QIT06492.1,family:Sminthuridae,,564,null,1563,0.0,111.0,40.38,36.0,null,null,null,null,null,null
BSCRO1155-25_r_1_s_100_BSCRO1155-25,BSCRO1155-25,r_1_s_100,>BSCRO1155-25_r_1_s_100_BSCRO1155-25,2768102,YP_010265401.1,family:Paronellidae,,4960,null,1533,0.0,570.0,446.02,452.0,null,null,null,null,null,null
BSCRO1170-25_r_1_s_50_BSCRO1170-25,BSCRO1170-25,r_1_s_50,>BSCRO1170-25_r_1_s_50_BSCRO1170-25,3139678,UFX54039.1,subfamily:Onychiurinae,,9845,null,1533,16.0,1084.0,858.88,866.0,null,null,null,null,null,null
BSCRO1187-25_r_1_s_50_BSCRO1187-25,BSCRO1187-25,r_1_s_50,>BSCRO1187-25_r_1_s_50_BSCRO1187-25,2926737,QIT06492.1,family:Sminthuridae,,1542,null,1563,0.0,157.0,108.81,116.0,null,null,null,null,null,null
BSCRO1144-25_r_1.3_s_100_BSCRO1144-25,BSCRO1144-25,r_1.3_s_100,>BSCRO1144-25_r_1.3_s_100_BSCRO1144-25,2768102,YP_010265401.1,family:Paronellidae,,1064,null,1533,0.0,131.0,92.92,93.0,null,null,null,null,null,null
BSCRO1156-25_r_1.5_s_50_BSCRO1156-25,BSCRO1156-25,r_1.5_s_50,>BSCRO1156-25_r_1.5_s_50_BSCRO1156-25,187676,YP_009753939.1,genus:Oncopodura,,1339,null,1533,0.0,172.0,116.26,127.0,null,null,null,null,null,null
BSCRO1163-25_r_1.3_s_100_BSCRO1163-25,BSCRO1163-25,r_1.3_s_100,>BSCRO1163-25_r_1.3_s_100_BSCRO1163-25,187676,YP_009753939.1,genus:Oncopodura,,2140,null,1533,0.0,279.0,178.48,184.0,null,null,null,null,null,null
BSCRO1176-25_r_1.5_s_50_BSCRO1176-25,BSCRO1176-25,r_1.5_s_50,>BSCRO1176-25_r_1.5_s_50_BSCRO1176-25,187632,UFX54039.1,subfamily:Onychiurinae,,1348,null,1533,19.0,172.0,113.01,112.0,null,null,null,null,null,null
BSCRO1153-25_r_1_s_100_BSCRO1153-25,BSCRO1153-25,r_1_s_100,>BSCRO1153-25_r_1_s_100_BSCRO1153-25,187676,YP_009753939.1,genus:Oncopodura,,2777,null,1533,0.0,316.0,248.46,257.0,null,null,null,null,null,null
BSCRO1234-25_r_1.3_s_100_BSCRO1234-25,BSCRO1234-25,r_1.3_s_100,>BSCRO1234-25_r_1.3_s_100_BSCRO1234-25,2768102,YP_010265401.1,family:Paronellidae,,2006,null,1533,0.0,215.0,176.91,179.0,null,null,null,null,null,null
BSCRO1165-25_r_1.5_s_50_BSCRO1165-25,BSCRO1165-25,r_1.5_s_50,>BSCRO1165-25_r_1.5_s_50_BSCRO1165-25,187676,YP_009753939.1,genus:Oncopodura,,2051,null,1533,0.0,260.0,175.17,198.0,null,null,null,null,null,null
BSCRO1170-25_r_1.3_s_100_BSCRO1170-25,BSCRO1170-25,r_1.3_s_100,>BSCRO1170-25_r_1.3_s_100_BSCRO1170-25,3139678,UFX54039.1,subfamily:Onychiurinae,,8841,null,1533,7.0,1026.0,807.17,826.0,null,null,null,null,null,null
BSCRO1188-25_r_1.5_s_50_BSCRO1188-25,BSCRO1188-25,r_1.5_s_50,>BSCRO1188-25_r_1.5_s_50_BSCRO1188-25,187676,YP_009753939.1,genus:Oncopodura,,6580,null,1533,0.0,854.0,590.31,644.0,null,null,null,null,null,null
BSCRO1204-25_r_1.3_s_50_BSCRO1204-25,BSCRO1204-25,r_1.3_s_50,>BSCRO1204-25_r_1.3_s_50_BSCRO1204-25,2768102,YP_010265401.1,family:Paronellidae,,2083,null,1533,0.0,243.0,153.49,149.0,null,null,null,null,null,null
BSCRO1188-25_r_1_s_100_BSCRO1188-25,BSCRO1188-25,r_1_s_100,>BSCRO1188-25_r_1_s_100_BSCRO1188-25,187676,YP_009753939.1,genus:Oncopodura,,7642,null,1533,0.0,866.0,702.1,728.0,null,null,null,null,null,null
BSCRO1165-25_r_1_s_100_BSCRO1165-25,BSCRO1165-25,r_1_s_100,>BSCRO1165-25_r_1_s_100_BSCRO1165-25,187676,YP_009753939.1,genus:Oncopodura,,2266,null,1533,0.0,269.0,200.65,204.0,null,null,null,null,null,null
BSCRO1218-25_r_1.3_s_50_BSCRO1218-25,BSCRO1218-25,r_1.3_s_50,>BSCRO1218-25_r_1.3_s_50_BSCRO1218-25,187632,UFX54039.1,subfamily:Onychiurinae,,2554,null,1533,0.0,268.0,197.37,198.0,null,null,null,null,null,null
BSCRO1148-25_r_1_s_100_BSCRO1148-25,BSCRO1148-25,r_1_s_100,>BSCRO1148-25_r_1_s_100_BSCRO1148-25,187676,YP_009753939.1,genus:Oncopodura,,531,null,1533,0.0,80.0,46.34,45.0,null,null,null,null,null,null
BSCRO1175-25_r_1.3_s_50_BSCRO1175-25,BSCRO1175-25,r_1.3_s_50,>BSCRO1175-25_r_1.3_s_50_BSCRO1175-25,187632,UFX54039.1,subfamily:Onychiurinae,,2576,null,1533,121.0,309.0,214.12,214.0,null,null,null,null,null,null
BSCRO1154-25_r_1.5_s_100_BSCRO1154-25,BSCRO1154-25,r_1.5_s_100,>BSCRO1154-25_r_1.5_s_100_BSCRO1154-25,2768102,YP_010265401.1,family:Paronellidae,,1916,null,1533,0.0,240.0,169.34,180.0,null,null,null,null,null,null
BSCRO1195-25_r_1_s_50_BSCRO1195-25,BSCRO1195-25,r_1_s_50,>BSCRO1195-25_r_1_s_50_BSCRO1195-25,187632,UFX54039.1,subfamily:Onychiurinae,,4811,null,1533,1.0,468.0,379.09,383.0,null,null,null,null,null,null
BSCRO1215-25_r_1.5_s_100_BSCRO1215-25,BSCRO1215-25,r_1.5_s_100,>BSCRO1215-25_r_1.5_s_100_BSCRO1215-25,2768102,YP_010265401.1,family:Paronellidae,,1680,null,1533,0.0,218.0,148.24,158.0,null,null,null,null,null,null
BSCRO1177-25_r_1.3_s_50_BSCRO1177-25,BSCRO1177-25,r_1.3_s_50,>BSCRO1177-25_r_1.3_s_50_BSCRO1177-25,3139678,UFX54039.1,subfamily:Onychiurinae,,2648,null,1533,0.0,299.0,226.7,233.0,null,null,null,null,null,null
BSCRO1153-25_r_1_s_50_BSCRO1153-25,BSCRO1153-25,r_1_s_50,>BSCRO1153-25_r_1_s_50_BSCRO1153-25,187676,YP_009753939.1,genus:Oncopodura,,3395,null,1533,9.0,330.0,267.27,268.0,null,null,null,null,null,null
BSCRO1142-25_r_1_s_50_BSCRO1142-25,BSCRO1142-25,r_1_s_50,>BSCRO1142-25_r_1_s_50_BSCRO1142-25,187676,YP_009753939.1,genus:Oncopodura,,1774,null,1533,0.0,181.0,128.92,125.0,null,null,null,null,null,null
BSCRO1203-25_r_1.3_s_100_BSCRO1203-25,BSCRO1203-25,r_1.3_s_100,>BSCRO1203-25_r_1.3_s_100_BSCRO1203-25,2768102,YP_010265401.1,family:Paronellidae,,2257,null,1533,0.0,253.0,179.53,180.0,null,null,null,null,null,null
BSCRO1162-25_r_1.5_s_100_BSCRO1162-25,BSCRO1162-25,r_1.5_s_100,>BSCRO1162-25_r_1.5_s_100_BSCRO1162-25,187676,YP_009753939.1,genus:Oncopodura,,246,null,1533,0.0,48.0,20.62,22.0,null,null,null,null,null,null
BSCRO1185-25_r_1.5_s_50_BSCRO1185-25,BSCRO1185-25,r_1.5_s_50,>BSCRO1185-25_r_1.5_s_50_BSCRO1185-25,2926737,QIT06492.1,family:Sminthuridae,,411,null,1563,0.0,168.0,33.34,10.0,null,null,null,null,null,null
BSCRO1165-25_r_1_s_50_BSCRO1165-25,BSCRO1165-25,r_1_s_50,>BSCRO1165-25_r_1_s_50_BSCRO1165-25,187676,YP_009753939.1,genus:Oncopodura,,2684,null,1533,0.0,282.0,213.14,213.0,null,null,null,null,null,null
BSCRO1166-25_r_1.3_s_100_BSCRO1166-25,BSCRO1166-25,r_1.3_s_100,>BSCRO1166-25_r_1.3_s_100_BSCRO1166-25,187676,YP_009753939.1,genus:Oncopodura,,2331,null,1533,0.0,303.0,201.53,221.0,null,null,null,null,null,null
BSCRO1221-25_r_1.5_s_50_BSCRO1221-25,BSCRO1221-25,r_1.5_s_50,>BSCRO1221-25_r_1.5_s_50_BSCRO1221-25,2768102,YP_010265401.1,family:Paronellidae,,1778,null,1533,0.0,204.0,143.16,154.0,null,null,null,null,null,null
BSCRO1177-25_r_1.5_s_50_BSCRO1177-25,BSCRO1177-25,r_1.5_s_50,>BSCRO1177-25_r_1.5_s_50_BSCRO1177-25,3139678,UFX54039.1,subfamily:Onychiurinae,,2410,null,1533,0.0,274.0,208.63,222.0,null,null,null,null,null,null
BSCRO1153-25_r_1.3_s_50_BSCRO1153-25,BSCRO1153-25,r_1.3_s_50,>BSCRO1153-25_r_1.3_s_50_BSCRO1153-25,187676,YP_009753939.1,genus:Oncopodura,,2827,null,1533,0.0,310.0,237.3,259.0,null,null,null,null,null,null
BSCRO1192-25_r_1_s_100_BSCRO1192-25,BSCRO1192-25,r_1_s_100,>BSCRO1192-25_r_1_s_100_BSCRO1192-25,370027,QFX74494.1,genus:Isotomurus,,1724,null,1533,100.0,189.0,149.76,149.0,null,null,null,null,null,null
BSCRO1224-25_r_1.5_s_50_BSCRO1224-25,BSCRO1224-25,r_1.5_s_50,>BSCRO1224-25_r_1.5_s_50_BSCRO1224-25,1765952,XCD10116.1,subfamily:Heteromurinae,,1971,null,1536,0.0,195.0,158.5,164.0,null,null,null,null,null,null
BSCRO1195-25_r_1.3_s_100_BSCRO1195-25,BSCRO1195-25,r_1.3_s_100,>BSCRO1195-25_r_1.3_s_100_BSCRO1195-25,187632,UFX54039.1,subfamily:Onychiurinae,,4383,null,1533,0.0,458.0,365.49,371.0,null,null,null,null,null,null
BSCRO1209-25_r_1_s_100_BSCRO1209-25,BSCRO1209-25,r_1_s_100,>BSCRO1209-25_r_1_s_100_BSCRO1209-25,1136003,QGZ08860.1,genus:Neelus,,1424,null,1530,46.0,159.0,111.89,112.0,null,null,null,null,null,null
BSCRO1207-25_r_1_s_100_BSCRO1207-25,BSCRO1207-25,r_1_s_100,>BSCRO1207-25_r_1_s_100_BSCRO1207-25,1136003,QGZ08860.1,genus:Neelus,,1253,null,1530,16.0,188.0,95.98,94.0,null,null,null,null,null,null
BSCRO1141-25_r_1.5_s_100_BSCRO1141-25,BSCRO1141-25,r_1.5_s_100,>BSCRO1141-25_r_1.5_s_100_BSCRO1141-25,187676,YP_009753939.1,genus:Oncopodura,,229,null,1533,0.0,37.0,15.1,16.0,null,null,null,null,null,null
BSCRO1169-25_r_1.3_s_50_BSCRO1169-25,BSCRO1169-25,r_1.3_s_50,>BSCRO1169-25_r_1.3_s_50_BSCRO1169-25,3139678,UFX54039.1,subfamily:Onychiurinae,,5624,null,1533,10.0,574.0,473.34,485.0,null,null,null,null,null,null
BSCRO1204-25_r_1.5_s_100_BSCRO1204-25,BSCRO1204-25,r_1.5_s_100,>BSCRO1204-25_r_1.5_s_100_BSCRO1204-25,2768102,YP_010265401.1,family:Paronellidae,,1613,null,1533,0.0,211.0,132.35,137.0,null,null,null,null,null,null
BSCRO1214-25_r_1.3_s_50_BSCRO1214-25,BSCRO1214-25,r_1.3_s_50,>BSCRO1214-25_r_1.3_s_50_BSCRO1214-25,2772100,AJK28732.1,genus:Pseudosinella,,3483,null,1536,0.0,722.0,262.54,280.0,null,null,null,null,null,null
BSCRO1172-25_r_1.3_s_100_BSCRO1172-25,BSCRO1172-25,r_1.3_s_100,>BSCRO1172-25_r_1.3_s_100_BSCRO1172-25,3139678,UFX54039.1,subfamily:Onychiurinae,,2524,null,1533,0.0,299.0,217.91,224.0,null,null,null,null,null,null
BSCRO1162-25_r_1.3_s_50_BSCRO1162-25,BSCRO1162-25,r_1.3_s_50,>BSCRO1162-25_r_1.3_s_50_BSCRO1162-25,187676,YP_009753939.1,genus:Oncopodura,,352,null,1533,1.0,55.0,25.66,25.0,null,null,null,null,null,null
BSCRO1227-25_r_1.3_s_50_BSCRO1227-25,BSCRO1227-25,r_1.3_s_50,>BSCRO1227-25_r_1.3_s_50_BSCRO1227-25,2768102,YP_010265401.1,family:Paronellidae,,2943,null,1533,0.0,333.0,229.89,228.0,null,null,null,null,null,null
BSCRO1196-25_r_1_s_50_BSCRO1196-25,BSCRO1196-25,r_1_s_50,>BSCRO1196-25_r_1_s_50_BSCRO1196-25,187632,UFX54039.1,subfamily:Onychiurinae,,4913,null,1533,4.0,1117.0,385.89,337.0,null,null,null,null,null,null
BSCRO1209-25_r_1_s_50_BSCRO1209-25,BSCRO1209-25,r_1_s_50,>BSCRO1209-25_r_1_s_50_BSCRO1209-25,1136003,QGZ08860.1,genus:Neelus,,1728,null,1530,72.0,173.0,121.35,121.5,null,null,null,null,null,null
BSCRO1180-25_r_1.3_s_100_BSCRO1180-25,BSCRO1180-25,r_1.3_s_100,>BSCRO1180-25_r_1.3_s_100_BSCRO1180-25,3139678,UFX54039.1,subfamily:Onychiurinae,,1628,null,1533,1.0,197.0,141.72,148.0,null,null,null,null,null,null
BSCRO1198-25_r_1.3_s_50_BSCRO1198-25,BSCRO1198-25,r_1.3_s_50,>BSCRO1198-25_r_1.3_s_50_BSCRO1198-25,2768102,YP_010265401.1,family:Paronellidae,,2520,null,1533,0.0,258.0,204.08,202.0,null,null,null,null,null,null
BSCRO1191-25_r_1.5_s_100_BSCRO1191-25,BSCRO1191-25,r_1.5_s_100,>BSCRO1191-25_r_1.5_s_100_BSCRO1191-25,2926737,QIT06492.1,family:Sminthuridae,,225,null,1563,0.0,90.0,15.69,5.0,null,null,null,null,null,null
BSCRO1229-25_r_1.3_s_100_BSCRO1229-25,BSCRO1229-25,r_1.3_s_100,>BSCRO1229-25_r_1.3_s_100_BSCRO1229-25,2768102,YP_010265401.1,family:Paronellidae,,2601,null,1533,0.0,275.0,228.49,234.0,null,null,null,null,null,null
BSCRO1147-25_r_1_s_50_BSCRO1147-25,BSCRO1147-25,r_1_s_50,>BSCRO1147-25_r_1_s_50_BSCRO1147-25,187676,YP_009753939.1,genus:Oncopodura,,1819,null,1533,7.0,198.0,125.11,121.0,null,null,null,null,null,null
BSCRO1212-25_r_1_s_100_BSCRO1212-25,BSCRO1212-25,r_1_s_100,>BSCRO1212-25_r_1_s_100_BSCRO1212-25,2772100,AJK28732.1,genus:Pseudosinella,,1417,null,1536,35.0,163.0,120.96,127.0,null,null,null,null,null,null
BSCRO1178-25_r_1.3_s_50_BSCRO1178-25,BSCRO1178-25,r_1.3_s_50,>BSCRO1178-25_r_1.3_s_50_BSCRO1178-25,3139678,UFX54039.1,subfamily:Onychiurinae,,4121,null,1533,0.0,461.0,360.02,388.0,null,null,null,null,null,null
BSCRO1171-25_r_1.5_s_100_BSCRO1171-25,BSCRO1171-25,r_1.5_s_100,>BSCRO1171-25_r_1.5_s_100_BSCRO1171-25,3139678,UFX54039.1,subfamily:Onychiurinae,,1386,null,1533,0.0,182.0,118.82,125.0,null,null,null,null,null,null
BSCRO1147-25_r_1.3_s_100_BSCRO1147-25,BSCRO1147-25,r_1.3_s_100,>BSCRO1147-25_r_1.3_s_100_BSCRO1147-25,187676,YP_009753939.1,genus:Oncopodura,,1075,null,1533,0.0,162.0,96.24,104.0,null,null,null,null,null,null
BSCRO1228-25_r_1.5_s_100_BSCRO1228-25,BSCRO1228-25,r_1.5_s_100,>BSCRO1228-25_r_1.5_s_100_BSCRO1228-25,1765952,XCD10116.1,subfamily:Heteromurinae,,3918,null,1536,0.0,489.0,339.5,346.0,null,null,null,null,null,null
BSCRO1182-25_r_1.3_s_50_BSCRO1182-25,BSCRO1182-25,r_1.3_s_50,>BSCRO1182-25_r_1.3_s_50_BSCRO1182-25,3139678,UFX54039.1,subfamily:Onychiurinae,,2539,null,1533,0.0,294.0,211.6,215.0,null,null,null,null,null,null
BSCRO1220-25_r_1.3_s_100_BSCRO1220-25,BSCRO1220-25,r_1.3_s_100,>BSCRO1220-25_r_1.3_s_100_BSCRO1220-25,2768102,YP_010265401.1,family:Paronellidae,,1549,null,1533,0.0,161.0,130.71,131.0,null,null,null,null,null,null
BSCRO1149-25_r_1.3_s_100_BSCRO1149-25,BSCRO1149-25,r_1.3_s_100,>BSCRO1149-25_r_1.3_s_100_BSCRO1149-25,187676,YP_009753939.1,genus:Oncopodura,,1513,null,1533,0.0,207.0,137.12,141.0,null,null,null,null,null,null
BSCRO1178-25_r_1_s_100_BSCRO1178-25,BSCRO1178-25,r_1_s_100,>BSCRO1178-25_r_1_s_100_BSCRO1178-25,3139678,UFX54039.1,subfamily:Onychiurinae,,3929,null,1533,0.0,456.0,358.49,389.0,null,null,null,null,null,null
BSCRO1150-25_r_1_s_100_BSCRO1150-25,BSCRO1150-25,r_1_s_100,>BSCRO1150-25_r_1_s_100_BSCRO1150-25,187676,YP_009753939.1,genus:Oncopodura,,2200,null,1533,0.0,259.0,201.58,201.0,null,null,null,null,null,null
BSCRO1152-25_r_1.5_s_100_BSCRO1152-25,BSCRO1152-25,r_1.5_s_100,>BSCRO1152-25_r_1.5_s_100_BSCRO1152-25,187676,YP_009753939.1,genus:Oncopodura,,1936,null,1533,0.0,287.0,170.24,194.0,null,null,null,null,null,null
BSCRO1144-25_r_1.5_s_50_BSCRO1144-25,BSCRO1144-25,r_1.5_s_50,>BSCRO1144-25_r_1.5_s_50_BSCRO1144-25,2768102,YP_010265401.1,family:Paronellidae,,1039,null,1533,0.0,147.0,82.09,84.0,null,null,null,null,null,null
BSCRO1185-25_r_1_s_100_BSCRO1185-25,BSCRO1185-25,r_1_s_100,>BSCRO1185-25_r_1_s_100_BSCRO1185-25,2926737,QIT06492.1,family:Sminthuridae,,1417,null,1563,0.0,220.0,127.08,133.0,null,null,null,null,null,null
BSCRO1178-25_r_1.5_s_50_BSCRO1178-25,BSCRO1178-25,r_1.5_s_50,>BSCRO1178-25_r_1.5_s_50_BSCRO1178-25,3139678,UFX54039.1,subfamily:Onychiurinae,,3670,null,1533,0.0,428.0,323.43,363.0,null,null,null,null,null,null
BSCRO1205-25_r_1.3_s_100_BSCRO1205-25,BSCRO1205-25,r_1.3_s_100,>BSCRO1205-25_r_1.3_s_100_BSCRO1205-25,2768102,YP_010265401.1,family:Paronellidae,,2588,null,1533,0.0,273.0,204.83,205.0,null,null,null,null,null,null
BSCRO1185-25_r_1_s_50_BSCRO1185-25,BSCRO1185-25,r_1_s_50,>BSCRO1185-25_r_1_s_50_BSCRO1185-25,2926737,QIT06492.1,family:Sminthuridae,,1769,null,1563,0.0,234.0,137.35,144.0,null,null,null,null,null,null
BSCRO1219-25_r_1.3_s_50_BSCRO1219-25,BSCRO1219-25,r_1.3_s_50,>BSCRO1219-25_r_1.3_s_50_BSCRO1219-25,187676,YP_009753939.1,genus:Oncopodura,,1659,null,1533,0.0,208.0,122.17,123.0,null,null,null,null,null,null
BSCRO1231-25_r_1.5_s_50_BSCRO1231-25,BSCRO1231-25,r_1.5_s_50,>BSCRO1231-25_r_1.5_s_50_BSCRO1231-25,2768102,YP_010265401.1,family:Paronellidae,,2697,null,1533,0.0,341.0,224.18,231.0,null,null,null,null,null,null
BSCRO1215-25_r_1.5_s_50_BSCRO1215-25,BSCRO1215-25,r_1.5_s_50,>BSCRO1215-25_r_1.5_s_50_BSCRO1215-25,2768102,YP_010265401.1,family:Paronellidae,,1897,null,1533,0.0,224.0,153.81,161.0,null,null,null,null,null,null
BSCRO1202-25_r_1.3_s_100_BSCRO1202-25,BSCRO1202-25,r_1.3_s_100,>BSCRO1202-25_r_1.3_s_100_BSCRO1202-25,1136003,QGZ08860.1,genus:Neelus,,357,null,1530,4.0,74.0,25.94,22.0,null,null,null,null,null,null
BSCRO1210-25_r_1_s_50_BSCRO1210-25,BSCRO1210-25,r_1_s_50,>BSCRO1210-25_r_1_s_50_BSCRO1210-25,2768102,YP_010265401.1,family:Paronellidae,,5834,null,1533,0.0,602.0,478.29,475.0,null,null,null,null,null,null
BSCRO1200-25_r_1_s_100_BSCRO1200-25,BSCRO1200-25,r_1_s_100,>BSCRO1200-25_r_1_s_100_BSCRO1200-25,1765952,XCD10116.1,subfamily:Heteromurinae,,2809,null,1536,0.0,301.0,235.0,240.0,null,null,null,null,null,null
BSCRO1159-25_r_1.3_s_100_BSCRO1159-25,BSCRO1159-25,r_1.3_s_100,>BSCRO1159-25_r_1.3_s_100_BSCRO1159-25,187676,YP_009753939.1,genus:Oncopodura,,4439,null,1533,0.0,591.0,406.52,445.0,null,null,null,null,null,null
BSCRO1233-25_r_1.5_s_50_BSCRO1233-25,BSCRO1233-25,r_1.5_s_50,>BSCRO1233-25_r_1.5_s_50_BSCRO1233-25,2768102,YP_010265401.1,family:Paronellidae,,4018,null,1533,0.0,464.0,338.77,364.0,null,null,null,null,null,null
BSCRO1173-25_r_1.5_s_50_BSCRO1173-25,BSCRO1173-25,r_1.5_s_50,>BSCRO1173-25_r_1.5_s_50_BSCRO1173-25,3139678,UFX54039.1,subfamily:Onychiurinae,,891,null,1533,0.0,136.0,76.04,79.0,null,null,null,null,null,null
BSCRO1154-25_r_1.3_s_50_BSCRO1154-25,BSCRO1154-25,r_1.3_s_50,>BSCRO1154-25_r_1.3_s_50_BSCRO1154-25,2768102,YP_010265401.1,family:Paronellidae,,2340,null,1533,0.0,251.0,191.39,190.0,null,null,null,null,null,null
BSCRO1150-25_r_1.5_s_100_BSCRO1150-25,BSCRO1150-25,r_1.5_s_100,>BSCRO1150-25_r_1.5_s_100_BSCRO1150-25,187676,YP_009753939.1,genus:Oncopodura,,1755,null,1533,0.0,248.0,161.95,186.0,null,null,null,null,null,null
BSCRO1200-25_r_1.3_s_100_BSCRO1200-25,BSCRO1200-25,r_1.3_s_100,>BSCRO1200-25_r_1.3_s_100_BSCRO1200-25,1765952,XCD10116.1,subfamily:Heteromurinae,,2784,null,1536,0.0,295.0,233.03,238.0,null,null,null,null,null,null
BSCRO1157-25_r_1.3_s_100_BSCRO1157-25,BSCRO1157-25,r_1.3_s_100,>BSCRO1157-25_r_1.3_s_100_BSCRO1157-25,187676,YP_009753939.1,genus:Oncopodura,,1460,null,1533,0.0,196.0,127.4,138.0,null,null,null,null,null,null
BSCRO1187-25_r_1.5_s_50_BSCRO1187-25,BSCRO1187-25,r_1.5_s_50,>BSCRO1187-25_r_1.5_s_50_BSCRO1187-25,2926737,QIT06492.1,family:Sminthuridae,,334,null,1563,0.0,106.0,23.94,12.0,null,null,null,null,null,null
BSCRO1225-25_r_1_s_100_BSCRO1225-25,BSCRO1225-25,r_1_s_100,>BSCRO1225-25_r_1_s_100_BSCRO1225-25,2768102,YP_010265401.1,family:Paronellidae,,5185,null,1533,0.0,564.0,443.46,455.0,null,null,null,null,null,null
BSCRO1146-25_r_1.3_s_100_BSCRO1146-25,BSCRO1146-25,r_1.3_s_100,>BSCRO1146-25_r_1.3_s_100_BSCRO1146-25,187676,YP_009753939.1,genus:Oncopodura,,1450,null,1533,0.0,174.0,127.34,142.0,null,null,null,null,null,null
BSCRO1174-25_r_1.5_s_100_BSCRO1174-25,BSCRO1174-25,r_1.5_s_100,>BSCRO1174-25_r_1.5_s_100_BSCRO1174-25,187632,UFX54039.1,subfamily:Onychiurinae,,2074,null,1533,21.0,249.0,189.9,195.0,null,null,null,null,null,null
BSCRO1175-25_r_1.5_s_50_BSCRO1175-25,BSCRO1175-25,r_1.5_s_50,>BSCRO1175-25_r_1.5_s_50_BSCRO1175-25,187632,UFX54039.1,subfamily:Onychiurinae,,2267,null,1533,34.0,282.0,193.7,203.0,null,null,null,null,null,null
BSCRO1157-25_r_1_s_100_BSCRO1157-25,BSCRO1157-25,r_1_s_100,>BSCRO1157-25_r_1_s_100_BSCRO1157-25,187676,YP_009753939.1,genus:Oncopodura,,1541,null,1533,0.0,197.0,134.46,141.0,null,null,null,null,null,null
BSCRO1186-25_r_1_s_100_BSCRO1186-25,BSCRO1186-25,r_1_s_100,>BSCRO1186-25_r_1_s_100_BSCRO1186-25,2926737,QIT06492.1,family:Sminthuridae,,650,null,1563,0.0,100.0,55.71,57.0,null,null,null,null,null,null
BSCRO1163-25_r_1.5_s_100_BSCRO1163-25,BSCRO1163-25,r_1.5_s_100,>BSCRO1163-25_r_1.5_s_100_BSCRO1163-25,187676,YP_009753939.1,genus:Oncopodura,,1879,null,1533,0.0,273.0,157.97,172.0,null,null,null,null,null,null
BSCRO1230-25_r_1.5_s_50_BSCRO1230-25,BSCRO1230-25,r_1.5_s_50,>BSCRO1230-25_r_1.5_s_50_BSCRO1230-25,1765952,XCD10116.1,subfamily:Heteromurinae,,2251,null,1536,0.0,234.0,181.8,185.0,null,null,null,null,null,null
BSCRO1149-25_r_1_s_50_BSCRO1149-25,BSCRO1149-25,r_1_s_50,>BSCRO1149-25_r_1_s_50_BSCRO1149-25,187676,YP_009753939.1,genus:Oncopodura,,2345,null,1533,12.0,285.0,177.14,176.0,null,null,null,null,null,null
BSCRO1221-25_r_1.3_s_50_BSCRO1221-25,BSCRO1221-25,r_1.3_s_50,>BSCRO1221-25_r_1.3_s_50_BSCRO1221-25,2768102,YP_010265401.1,family:Paronellidae,,1996,null,1533,0.0,207.0,157.71,161.0,null,null,null,null,null,null
BSCRO1229-25_r_1_s_50_BSCRO1229-25,BSCRO1229-25,r_1_s_50,>BSCRO1229-25_r_1_s_50_BSCRO1229-25,2768102,YP_010265401.1,family:Paronellidae,,3234,null,1533,0.0,329.0,248.67,249.0,null,null,null,null,null,null
BSCRO1219-25_r_1.5_s_100_BSCRO1219-25,BSCRO1219-25,r_1.5_s_100,>BSCRO1219-25_r_1.5_s_100_BSCRO1219-25,187676,YP_009753939.1,genus:Oncopodura,,1201,null,1533,0.0,187.0,98.06,101.0,null,null,null,null,null,null
BSCRO1198-25_r_1_s_50_BSCRO1198-25,BSCRO1198-25,r_1_s_50,>BSCRO1198-25_r_1_s_50_BSCRO1198-25,2768102,YP_010265401.1,family:Paronellidae,,2726,null,1533,0.0,274.0,211.81,212.0,null,null,null,null,null,null
BSCRO1205-25_r_1_s_50_BSCRO1205-25,BSCRO1205-25,r_1_s_50,>BSCRO1205-25_r_1_s_50_BSCRO1205-25,2768102,YP_010265401.1,family:Paronellidae,,3145,null,1533,0.0,303.0,223.56,222.0,null,null,null,null,null,null
BSCRO1223-25_r_1.5_s_50_BSCRO1223-25,BSCRO1223-25,r_1.5_s_50,>BSCRO1223-25_r_1.5_s_50_BSCRO1223-25,1765952,XCD10116.1,subfamily:Heteromurinae,,1711,null,1536,0.0,197.0,137.27,138.0,null,null,null,null,null,null
BSCRO1162-25_r_1_s_50_BSCRO1162-25,BSCRO1162-25,r_1_s_50,>BSCRO1162-25_r_1_s_50_BSCRO1162-25,187676,YP_009753939.1,genus:Oncopodura,,530,null,1533,3.0,73.0,33.27,33.0,null,null,null,null,null,null
BSCRO1149-25_r_1.5_s_100_BSCRO1149-25,BSCRO1149-25,r_1.5_s_100,>BSCRO1149-25_r_1.5_s_100_BSCRO1149-25,187676,YP_009753939.1,genus:Oncopodura,,1243,null,1533,0.0,192.0,113.38,126.0,null,null,null,null,null,null
BSCRO1191-25_r_1.5_s_50_BSCRO1191-25,BSCRO1191-25,r_1.5_s_50,>BSCRO1191-25_r_1.5_s_50_BSCRO1191-25,2926737,QIT06492.1,family:Sminthuridae,,294,null,1563,0.0,102.0,17.45,8.0,null,null,null,null,null,null
BSCRO1167-25_r_1.5_s_100_BSCRO1167-25,BSCRO1167-25,r_1.5_s_100,>BSCRO1167-25_r_1.5_s_100_BSCRO1167-25,3139678,UFX54039.1,subfamily:Onychiurinae,,3210,null,1533,0.0,354.0,258.79,278.0,null,null,null,null,null,null
BSCRO1219-25_r_1_s_100_BSCRO1219-25,BSCRO1219-25,r_1_s_100,>BSCRO1219-25_r_1_s_100_BSCRO1219-25,187676,YP_009753939.1,genus:Oncopodura,,1528,null,1533,0.0,193.0,123.89,121.0,null,null,null,null,null,null
BSCRO1201-25_r_1_s_50_BSCRO1201-25,BSCRO1201-25,r_1_s_50,>BSCRO1201-25_r_1_s_50_BSCRO1201-25,1765952,XCD10116.1,subfamily:Heteromurinae,,1734,null,1536,0.0,184.0,123.01,124.0,null,null,null,null,null,null
BSCRO1168-25_r_1.3_s_50_BSCRO1168-25,BSCRO1168-25,r_1.3_s_50,>BSCRO1168-25_r_1.3_s_50_BSCRO1168-25,3139678,UFX54039.1,subfamily:Onychiurinae,,2634,null,1533,0.0,281.0,204.35,205.0,null,null,null,null,null,null
BSCRO1160-25_r_1.5_s_100_BSCRO1160-25,BSCRO1160-25,r_1.5_s_100,>BSCRO1160-25_r_1.5_s_100_BSCRO1160-25,187676,YP_009753939.1,genus:Oncopodura,,1747,null,1533,0.0,237.0,155.74,177.0,null,null,null,null,null,null
BSCRO1233-25_r_1_s_100_BSCRO1233-25,BSCRO1233-25,r_1_s_100,>BSCRO1233-25_r_1_s_100_BSCRO1233-25,2768102,YP_010265401.1,family:Paronellidae,,4109,null,1533,0.0,455.0,366.76,371.0,null,null,null,null,null,null
BSCRO1209-25_r_1.5_s_100_BSCRO1209-25,BSCRO1209-25,r_1.5_s_100,>BSCRO1209-25_r_1.5_s_100_BSCRO1209-25,1136003,QGZ08860.1,genus:Neelus,,1052,null,1530,0.0,135.0,82.12,83.0,null,null,null,null,null,null
BSCRO1172-25_r_1_s_50_BSCRO1172-25,BSCRO1172-25,r_1_s_50,>BSCRO1172-25_r_1_s_50_BSCRO1172-25,3139678,UFX54039.1,subfamily:Onychiurinae,,3302,null,1533,4.0,550.0,245.83,231.0,null,null,null,null,null,null
BSCRO1234-25_r_1.3_s_50_BSCRO1234-25,BSCRO1234-25,r_1.3_s_50,>BSCRO1234-25_r_1.3_s_50_BSCRO1234-25,2768102,YP_010265401.1,family:Paronellidae,,2282,null,1533,0.0,245.0,183.9,183.0,null,null,null,null,null,null
BSCRO1229-25_r_1.5_s_100_BSCRO1229-25,BSCRO1229-25,r_1.5_s_100,>BSCRO1229-25_r_1.5_s_100_BSCRO1229-25,2768102,YP_010265401.1,family:Paronellidae,,2302,null,1533,0.0,268.0,203.03,222.0,null,null,null,null,null,null
BSCRO1192-25_r_1.5_s_50_BSCRO1192-25,BSCRO1192-25,r_1.5_s_50,>BSCRO1192-25_r_1.5_s_50_BSCRO1192-25,370027,QFX74494.1,genus:Isotomurus,,1767,null,1533,104.0,186.0,148.83,146.0,null,null,null,null,null,null
BSCRO1173-25_r_1.3_s_50_BSCRO1173-25,BSCRO1173-25,r_1.3_s_50,>BSCRO1173-25_r_1.3_s_50_BSCRO1173-25,3139678,UFX54039.1,subfamily:Onychiurinae,,968,null,1533,0.0,139.0,81.76,81.0,null,null,null,null,null,null
BSCRO1215-25_r_1.3_s_50_BSCRO1215-25,BSCRO1215-25,r_1.3_s_50,>BSCRO1215-25_r_1.3_s_50_BSCRO1215-25,2768102,YP_010265401.1,family:Paronellidae,,2167,null,1533,0.0,225.0,169.47,172.0,null,null,null,null,null,null
BSCRO1170-25_r_1.3_s_50_BSCRO1170-25,BSCRO1170-25,r_1.3_s_50,>BSCRO1170-25_r_1.3_s_50_BSCRO1170-25,3139678,UFX54039.1,subfamily:Onychiurinae,,9355,null,1533,13.0,1032.0,823.05,837.0,null,null,null,null,null,null
BSCRO1178-25_r_1.5_s_100_BSCRO1178-25,BSCRO1178-25,r_1.5_s_100,>BSCRO1178-25_r_1.5_s_100_BSCRO1178-25,3139678,UFX54039.1,subfamily:Onychiurinae,,3474,null,1533,0.0,427.0,317.97,361.0,null,null,null,null,null,null
BSCRO1228-25_r_1.5_s_50_BSCRO1228-25,BSCRO1228-25,r_1.5_s_50,>BSCRO1228-25_r_1.5_s_50_BSCRO1228-25,1765952,XCD10116.1,subfamily:Heteromurinae,,4130,null,1536,0.0,491.0,345.55,351.0,null,null,null,null,null,null
BSCRO1227-25_r_1_s_100_BSCRO1227-25,BSCRO1227-25,r_1_s_100,>BSCRO1227-25_r_1_s_100_BSCRO1227-25,2768102,YP_010265401.1,family:Paronellidae,,2630,null,1533,0.0,306.0,223.04,221.0,null,null,null,null,null,null
BSCRO1188-25_r_1.5_s_100_BSCRO1188-25,BSCRO1188-25,r_1.5_s_100,>BSCRO1188-25_r_1.5_s_100_BSCRO1188-25,187676,YP_009753939.1,genus:Oncopodura,,6292,null,1533,0.0,835.0,582.16,635.0,null,null,null,null,null,null
BSCRO1191-25_r_1_s_100_BSCRO1191-25,BSCRO1191-25,r_1_s_100,>BSCRO1191-25_r_1_s_100_BSCRO1191-25,2926737,QIT06492.1,family:Sminthuridae,,782,null,1563,0.0,115.0,58.97,66.0,null,null,null,null,null,null
BSCRO1205-25_r_1.3_s_50_BSCRO1205-25,BSCRO1205-25,r_1.3_s_50,>BSCRO1205-25_r_1.3_s_50_BSCRO1205-25,2768102,YP_010265401.1,family:Paronellidae,,2916,null,1533,0.0,286.0,214.26,216.0,null,null,null,null,null,null
BSCRO1174-25_r_1.3_s_50_BSCRO1174-25,BSCRO1174-25,r_1.3_s_50,>BSCRO1174-25_r_1.3_s_50_BSCRO1174-25,187632,UFX54039.1,subfamily:Onychiurinae,,2542,null,1533,118.0,301.0,211.23,210.0,null,null,null,null,null,null
BSCRO1232-25_r_1.3_s_50_BSCRO1232-25,BSCRO1232-25,r_1.3_s_50,>BSCRO1232-25_r_1.3_s_50_BSCRO1232-25,2768102,YP_010265401.1,family:Paronellidae,,3225,null,1533,0.0,351.0,261.61,260.0,null,null,null,null,null,null
BSCRO1175-25_r_1_s_100_BSCRO1175-25,BSCRO1175-25,r_1_s_100,>BSCRO1175-25_r_1_s_100_BSCRO1175-25,187632,UFX54039.1,subfamily:Onychiurinae,,2745,null,1533,86.0,350.0,247.37,247.0,null,null,null,null,null,null
BSCRO1231-25_r_1.3_s_100_BSCRO1231-25,BSCRO1231-25,r_1.3_s_100,>BSCRO1231-25_r_1.3_s_100_BSCRO1231-25,2768102,YP_010265401.1,family:Paronellidae,,2694,null,1533,0.0,341.0,239.22,238.0,null,null,null,null,null,null
BSCRO1218-25_r_1.5_s_100_BSCRO1218-25,BSCRO1218-25,r_1.5_s_100,>BSCRO1218-25_r_1.5_s_100_BSCRO1218-25,187632,UFX54039.1,subfamily:Onychiurinae,,2076,null,1533,0.0,233.0,175.9,188.0,null,null,null,null,null,null
BSCRO1212-25_r_1.5_s_50_BSCRO1212-25,BSCRO1212-25,r_1.5_s_50,>BSCRO1212-25_r_1.5_s_50_BSCRO1212-25,2772100,AJK28732.1,genus:Pseudosinella,,1721,null,1536,0.0,495.0,116.95,122.0,null,null,null,null,null,null
BSCRO1155-25_r_1_s_50_BSCRO1155-25,BSCRO1155-25,r_1_s_50,>BSCRO1155-25_r_1_s_50_BSCRO1155-25,2768102,YP_010265401.1,family:Paronellidae,,5563,null,1533,0.0,596.0,463.42,472.0,null,null,null,null,null,null
BSCRO1177-25_r_1_s_50_BSCRO1177-25,BSCRO1177-25,r_1_s_50,>BSCRO1177-25_r_1_s_50_BSCRO1177-25,3139678,UFX54039.1,subfamily:Onychiurinae,,2759,null,1533,0.0,309.0,231.85,240.0,null,null,null,null,null,null
BSCRO1164-25_r_1_s_100_BSCRO1164-25,BSCRO1164-25,r_1_s_100,>BSCRO1164-25_r_1_s_100_BSCRO1164-25,187676,YP_009753939.1,genus:Oncopodura,,819,null,1533,0.0,100.0,67.29,67.0,null,null,null,null,null,null
BSCRO1219-25_r_1.5_s_50_BSCRO1219-25,BSCRO1219-25,r_1.5_s_50,>BSCRO1219-25_r_1.5_s_50_BSCRO1219-25,187676,YP_009753939.1,genus:Oncopodura,,1373,null,1533,0.0,191.0,103.08,106.0,null,null,null,null,null,null
BSCRO1153-25_r_1.3_s_100_BSCRO1153-25,BSCRO1153-25,r_1.3_s_100,>BSCRO1153-25_r_1.3_s_100_BSCRO1153-25,187676,YP_009753939.1,genus:Oncopodura,,2562,null,1533,0.0,310.0,229.9,254.0,null,null,null,null,null,null
BSCRO1179-25_r_1.3_s_100_BSCRO1179-25,BSCRO1179-25,r_1.3_s_100,>BSCRO1179-25_r_1.3_s_100_BSCRO1179-25,3139678,UFX54039.1,subfamily:Onychiurinae,,2482,null,1533,0.0,294.0,218.24,230.0,null,null,null,null,null,null
BSCRO1182-25_r_1_s_50_BSCRO1182-25,BSCRO1182-25,r_1_s_50,>BSCRO1182-25_r_1_s_50_BSCRO1182-25,3139678,UFX54039.1,subfamily:Onychiurinae,,3193,null,1533,6.0,696.0,235.78,227.0,null,null,null,null,null,null
BSCRO1209-25_r_1.3_s_100_BSCRO1209-25,BSCRO1209-25,r_1.3_s_100,>BSCRO1209-25_r_1.3_s_100_BSCRO1209-25,1136003,QGZ08860.1,genus:Neelus,,1209,null,1530,46.0,141.0,93.91,93.0,null,null,null,null,null,null
BSCRO1227-25_r_1.5_s_50_BSCRO1227-25,BSCRO1227-25,r_1.5_s_50,>BSCRO1227-25_r_1.5_s_50_BSCRO1227-25,2768102,YP_010265401.1,family:Paronellidae,,2642,null,1533,0.0,331.0,211.0,220.0,null,null,null,null,null,null
BSCRO1152-25_r_1.3_s_50_BSCRO1152-25,BSCRO1152-25,r_1.3_s_50,>BSCRO1152-25_r_1.3_s_50_BSCRO1152-25,187676,YP_009753939.1,genus:Oncopodura,,2674,null,1533,0.0,321.0,212.0,219.0,null,null,null,null,null,null
BSCRO1177-25_r_1_s_100_BSCRO1177-25,BSCRO1177-25,r_1_s_100,>BSCRO1177-25_r_1_s_100_BSCRO1177-25,3139678,UFX54039.1,subfamily:Onychiurinae,,2527,null,1533,0.0,286.0,225.06,233.0,null,null,null,null,null,null
BSCRO1166-25_r_1_s_50_BSCRO1166-25,BSCRO1166-25,r_1_s_50,>BSCRO1166-25_r_1_s_50_BSCRO1166-25,187676,YP_009753939.1,genus:Oncopodura,,2950,null,1533,0.0,313.0,230.34,229.0,null,null,null,null,null,null
BSCRO1146-25_r_1_s_100_BSCRO1146-25,BSCRO1146-25,r_1_s_100,>BSCRO1146-25_r_1_s_100_BSCRO1146-25,187676,YP_009753939.1,genus:Oncopodura,,1630,null,1533,0.0,199.0,142.29,149.0,null,null,null,null,null,null
BSCRO1193-25_r_1.3_s_50_BSCRO1193-25,BSCRO1193-25,r_1.3_s_50,>BSCRO1193-25_r_1.3_s_50_BSCRO1193-25,370027,QFX74494.1,genus:Isotomurus,,2038,null,1533,117.0,221.0,166.76,167.0,null,null,null,null,null,null
BSCRO1143-25_r_1.3_s_50_BSCRO1143-25,BSCRO1143-25,r_1.3_s_50,>BSCRO1143-25_r_1.3_s_50_BSCRO1143-25,2768102,YP_010265401.1,family:Paronellidae,,2973,null,1533,0.0,364.0,236.23,231.0,null,null,null,null,null,null
BSCRO1171-25_r_1.3_s_50_BSCRO1171-25,BSCRO1171-25,r_1.3_s_50,>BSCRO1171-25_r_1.3_s_50_BSCRO1171-25,3139678,UFX54039.1,subfamily:Onychiurinae,,1604,null,1533,0.0,185.0,130.59,131.0,null,null,null,null,null,null
BSCRO1175-25_r_1.3_s_100_BSCRO1175-25,BSCRO1175-25,r_1.3_s_100,>BSCRO1175-25_r_1.3_s_100_BSCRO1175-25,187632,UFX54039.1,subfamily:Onychiurinae,,2276,null,1533,86.0,267.0,204.99,209.0,null,null,null,null,null,null
BSCRO1177-25_r_1.3_s_100_BSCRO1177-25,BSCRO1177-25,r_1.3_s_100,>BSCRO1177-25_r_1.3_s_100_BSCRO1177-25,3139678,UFX54039.1,subfamily:Onychiurinae,,2495,null,1533,0.0,285.0,222.41,231.0,null,null,null,null,null,null
BSCRO1172-25_r_1.5_s_100_BSCRO1172-25,BSCRO1172-25,r_1.5_s_100,>BSCRO1172-25_r_1.5_s_100_BSCRO1172-25,3139678,UFX54039.1,subfamily:Onychiurinae,,2372,null,1533,0.0,297.0,205.16,223.0,null,null,null,null,null,null
BSCRO1151-25_r_1.3_s_50_BSCRO1151-25,BSCRO1151-25,r_1.3_s_50,>BSCRO1151-25_r_1.3_s_50_BSCRO1151-25,187676,YP_009753939.1,genus:Oncopodura,,2904,null,1533,0.0,317.0,236.3,248.0,null,null,null,null,null,null
BSCRO1149-25_r_1.3_s_50_BSCRO1149-25,BSCRO1149-25,r_1.3_s_50,>BSCRO1149-25_r_1.3_s_50_BSCRO1149-25,187676,YP_009753939.1,genus:Oncopodura,,1753,null,1533,0.0,229.0,144.02,146.0,null,null,null,null,null,null
BSCRO1217-25_r_1.5_s_100_BSCRO1217-25,BSCRO1217-25,r_1.5_s_100,>BSCRO1217-25_r_1.5_s_100_BSCRO1217-25,187632,UFX54039.1,subfamily:Onychiurinae,,1454,null,1533,0.0,179.0,120.71,127.0,null,null,null,null,null,null
BSCRO1202-25_r_1.5_s_100_BSCRO1202-25,BSCRO1202-25,r_1.5_s_100,>BSCRO1202-25_r_1.5_s_100_BSCRO1202-25,1136003,QGZ08860.1,genus:Neelus,,296,null,1530,0.0,56.0,20.95,20.0,null,null,null,null,null,null
BSCRO1185-25_r_1.3_s_50_BSCRO1185-25,BSCRO1185-25,r_1.3_s_50,>BSCRO1185-25_r_1.3_s_50_BSCRO1185-25,2926737,QIT06492.1,family:Sminthuridae,,794,null,1563,0.0,228.0,61.71,53.0,null,null,null,null,null,null
BSCRO1232-25_r_1_s_100_BSCRO1232-25,BSCRO1232-25,r_1_s_100,>BSCRO1232-25_r_1_s_100_BSCRO1232-25,2768102,YP_010265401.1,family:Paronellidae,,2887,null,1533,0.0,329.0,255.17,253.0,null,null,null,null,null,null
BSCRO1223-25_r_1_s_100_BSCRO1223-25,BSCRO1223-25,r_1_s_100,>BSCRO1223-25_r_1_s_100_BSCRO1223-25,1765952,XCD10116.1,subfamily:Heteromurinae,,1668,null,1536,0.0,205.0,140.96,138.0,null,null,null,null,null,null
BSCRO1155-25_r_1.3_s_50_BSCRO1155-25,BSCRO1155-25,r_1.3_s_50,>BSCRO1155-25_r_1.3_s_50_BSCRO1155-25,2768102,YP_010265401.1,family:Paronellidae,,5273,null,1533,0.0,589.0,452.6,455.0,null,null,null,null,null,null
BSCRO1196-25_r_1.3_s_50_BSCRO1196-25,BSCRO1196-25,r_1.3_s_50,>BSCRO1196-25_r_1.3_s_50_BSCRO1196-25,187632,UFX54039.1,subfamily:Onychiurinae,,2891,null,1533,4.0,772.0,219.65,149.0,null,null,null,null,null,null
BSCRO1195-25_r_1.5_s_100_BSCRO1195-25,BSCRO1195-25,r_1.5_s_100,>BSCRO1195-25_r_1.5_s_100_BSCRO1195-25,187632,UFX54039.1,subfamily:Onychiurinae,,4191,null,1533,0.0,455.0,351.94,364.0,null,null,null,null,null,null
BSCRO1167-25_r_1.3_s_50_BSCRO1167-25,BSCRO1167-25,r_1.3_s_50,>BSCRO1167-25_r_1.3_s_50_BSCRO1167-25,3139678,UFX54039.1,subfamily:Onychiurinae,,3768,null,1533,0.0,369.0,287.98,289.0,null,null,null,null,null,null
BSCRO1198-25_r_1.5_s_50_BSCRO1198-25,BSCRO1198-25,r_1.5_s_50,>BSCRO1198-25_r_1.5_s_50_BSCRO1198-25,2768102,YP_010265401.1,family:Paronellidae,,2186,null,1533,0.0,246.0,181.17,192.0,null,null,null,null,null,null
BSCRO1163-25_r_1_s_50_BSCRO1163-25,BSCRO1163-25,r_1_s_50,>BSCRO1163-25_r_1_s_50_BSCRO1163-25,187676,YP_009753939.1,genus:Oncopodura,,2863,null,1533,0.0,303.0,210.35,210.0,null,null,null,null,null,null
BSCRO1189-25_r_1_s_50_BSCRO1189-25,BSCRO1189-25,r_1_s_50,>BSCRO1189-25_r_1_s_50_BSCRO1189-25,2926737,QIT06492.1,family:Sminthuridae,,1215,null,1563,0.0,156.0,85.2,87.0,null,null,null,null,null,null
BSCRO1225-25_r_1.5_s_50_BSCRO1225-25,BSCRO1225-25,r_1.5_s_50,>BSCRO1225-25_r_1.5_s_50_BSCRO1225-25,2768102,YP_010265401.1,family:Paronellidae,,4988,null,1533,0.0,550.0,408.12,445.0,null,null,null,null,null,null
BSCRO1181-25_r_1.5_s_100_BSCRO1181-25,BSCRO1181-25,r_1.5_s_100,>BSCRO1181-25_r_1.5_s_100_BSCRO1181-25,3139678,UFX54039.1,subfamily:Onychiurinae,,1111,null,1533,0.0,146.0,96.61,103.0,null,null,null,null,null,null
BSCRO1144-25_r_1.3_s_50_BSCRO1144-25,BSCRO1144-25,r_1.3_s_50,>BSCRO1144-25_r_1.3_s_50_BSCRO1144-25,2768102,YP_010265401.1,family:Paronellidae,,1288,null,1533,0.0,147.0,98.58,97.0,null,null,null,null,null,null
BSCRO1189-25_r_1_s_100_BSCRO1189-25,BSCRO1189-25,r_1_s_100,>BSCRO1189-25_r_1_s_100_BSCRO1189-25,2926737,QIT06492.1,family:Sminthuridae,,893,null,1563,0.0,139.0,75.67,79.0,null,null,null,null,null,null
BSCRO1144-25_r_1_s_50_BSCRO1144-25,BSCRO1144-25,r_1_s_50,>BSCRO1144-25_r_1_s_50_BSCRO1144-25,2768102,YP_010265401.1,family:Paronellidae,,1498,null,1533,0.0,161.0,107.37,106.0,null,null,null,null,null,null
BSCRO1188-25_r_1_s_50_BSCRO1188-25,BSCRO1188-25,r_1_s_50,>BSCRO1188-25_r_1_s_50_BSCRO1188-25,187676,YP_009753939.1,genus:Oncopodura,,8320,null,1533,0.0,872.0,722.75,740.0,null,null,null,null,null,null
BSCRO1174-25_r_1_s_50_BSCRO1174-25,BSCRO1174-25,r_1_s_50,>BSCRO1174-25_r_1_s_50_BSCRO1174-25,187632,UFX54039.1,subfamily:Onychiurinae,,3023,null,1533,131.0,367.0,238.1,231.0,null,null,null,null,null,null
BSCRO1174-25_r_1.5_s_50_BSCRO1174-25,BSCRO1174-25,r_1.5_s_50,>BSCRO1174-25_r_1.5_s_50_BSCRO1174-25,187632,UFX54039.1,subfamily:Onychiurinae,,2272,null,1533,25.0,264.0,195.77,201.0,null,null,null,null,null,null
BSCRO1226-25_r_1.5_s_100_BSCRO1226-25,BSCRO1226-25,r_1.5_s_100,>BSCRO1226-25_r_1.5_s_100_BSCRO1226-25,2768102,YP_010265401.1,family:Paronellidae,,4111,null,1533,0.0,497.0,361.4,387.0,null,null,null,null,null,null
BSCRO1161-25_r_1.3_s_100_BSCRO1161-25,BSCRO1161-25,r_1.3_s_100,>BSCRO1161-25_r_1.3_s_100_BSCRO1161-25,187676,YP_009753939.1,genus:Oncopodura,,366,null,1533,0.0,52.0,30.36,30.0,null,null,null,null,null,null
BSCRO1154-25_r_1_s_50_BSCRO1154-25,BSCRO1154-25,r_1_s_50,>BSCRO1154-25_r_1_s_50_BSCRO1154-25,2768102,YP_010265401.1,family:Paronellidae,,2556,null,1533,0.0,264.0,198.83,197.0,null,null,null,null,null,null
BSCRO1161-25_r_1.5_s_50_BSCRO1161-25,BSCRO1161-25,r_1.5_s_50,>BSCRO1161-25_r_1.5_s_50_BSCRO1161-25,187676,YP_009753939.1,genus:Oncopodura,,407,null,1533,0.0,55.0,29.01,29.0,null,null,null,null,null,null
BSCRO1232-25_r_1_s_50_BSCRO1232-25,BSCRO1232-25,r_1_s_50,>BSCRO1232-25_r_1_s_50_BSCRO1232-25,2768102,YP_010265401.1,family:Paronellidae,,3587,null,1533,0.0,383.0,275.41,272.0,null,null,null,null,null,null
BSCRO1155-25_r_1.5_s_50_BSCRO1155-25,BSCRO1155-25,r_1.5_s_50,>BSCRO1155-25_r_1.5_s_50_BSCRO1155-25,2768102,YP_010265401.1,family:Paronellidae,,4753,null,1533,0.0,587.0,413.0,442.0,null,null,null,null,null,null
BSCRO1225-25_r_1_s_50_BSCRO1225-25,BSCRO1225-25,r_1_s_50,>BSCRO1225-25_r_1_s_50_BSCRO1225-25,2768102,YP_010265401.1,family:Paronellidae,,6051,null,1533,0.0,585.0,468.69,480.0,null,null,null,null,null,null
BSCRO1177-25_r_1.5_s_100_BSCRO1177-25,BSCRO1177-25,r_1.5_s_100,>BSCRO1177-25_r_1.5_s_100_BSCRO1177-25,3139678,UFX54039.1,subfamily:Onychiurinae,,2299,null,1533,0.0,273.0,205.53,220.0,null,null,null,null,null,null
BSCRO1207-25_r_1.5_s_50_BSCRO1207-25,BSCRO1207-25,r_1.5_s_50,>BSCRO1207-25_r_1.5_s_50_BSCRO1207-25,1136003,QGZ08860.1,genus:Neelus,,699,null,1530,0.0,111.0,44.55,40.0,null,null,null,null,null,null
BSCRO1233-25_r_1.3_s_50_BSCRO1233-25,BSCRO1233-25,r_1.3_s_50,>BSCRO1233-25_r_1.3_s_50_BSCRO1233-25,2768102,YP_010265401.1,family:Paronellidae,,4523,null,1533,0.0,471.0,376.38,373.0,null,null,null,null,null,null
BSCRO1175-25_r_1.5_s_100_BSCRO1175-25,BSCRO1175-25,r_1.5_s_100,>BSCRO1175-25_r_1.5_s_100_BSCRO1175-25,187632,UFX54039.1,subfamily:Onychiurinae,,2077,null,1533,27.0,233.0,188.09,202.0,null,null,null,null,null,null
BSCRO1199-25_r_1_s_50_BSCRO1199-25,BSCRO1199-25,r_1_s_50,>BSCRO1199-25_r_1_s_50_BSCRO1199-25,1765952,XCD10116.1,subfamily:Heteromurinae,,2920,null,1536,0.0,276.0,212.23,212.0,null,null,null,null,null,null
BSCRO1235-25_r_1_s_50_BSCRO1235-25,BSCRO1235-25,r_1_s_50,>BSCRO1235-25_r_1_s_50_BSCRO1235-25,2768102,YP_010265401.1,family:Paronellidae,,2835,null,1533,1.0,285.0,201.54,202.0,null,null,null,null,null,null
BSCRO1218-25_r_1_s_50_BSCRO1218-25,BSCRO1218-25,r_1_s_50,>BSCRO1218-25_r_1_s_50_BSCRO1218-25,187632,UFX54039.1,subfamily:Onychiurinae,,2745,null,1533,0.0,296.0,204.09,204.0,null,null,null,null,null,null
BSCRO1230-25_r_1.3_s_50_BSCRO1230-25,BSCRO1230-25,r_1.3_s_50,>BSCRO1230-25_r_1.3_s_50_BSCRO1230-25,1765952,XCD10116.1,subfamily:Heteromurinae,,2494,null,1536,0.0,244.0,195.36,193.0,null,null,null,null,null,null
BSCRO1176-25_r_1.3_s_100_BSCRO1176-25,BSCRO1176-25,r_1.3_s_100,>BSCRO1176-25_r_1.3_s_100_BSCRO1176-25,187632,UFX54039.1,subfamily:Onychiurinae,,1308,null,1533,52.0,148.0,115.24,116.0,null,null,null,null,null,null
BSCRO1204-25_r_1.5_s_50_BSCRO1204-25,BSCRO1204-25,r_1.5_s_50,>BSCRO1204-25_r_1.5_s_50_BSCRO1204-25,2768102,YP_010265401.1,family:Paronellidae,,1837,null,1533,0.0,229.0,138.23,141.0,null,null,null,null,null,null
BSCRO1208-25_r_1_s_100_BSCRO1208-25,BSCRO1208-25,r_1_s_100,>BSCRO1208-25_r_1_s_100_BSCRO1208-25,1136003,QGZ08860.1,genus:Neelus,,1048,null,1530,31.0,131.0,80.71,79.0,null,null,null,null,null,null
BSCRO1209-25_r_1.5_s_50_BSCRO1209-25,BSCRO1209-25,r_1.5_s_50,>BSCRO1209-25_r_1.5_s_50_BSCRO1209-25,1136003,QGZ08860.1,genus:Neelus,,1168,null,1530,0.0,142.0,85.42,87.0,null,null,null,null,null,null
BSCRO1217-25_r_1.3_s_100_BSCRO1217-25,BSCRO1217-25,r_1.3_s_100,>BSCRO1217-25_r_1.3_s_100_BSCRO1217-25,187632,UFX54039.1,subfamily:Onychiurinae,,1548,null,1533,0.0,180.0,127.81,131.0,null,null,null,null,null,null
BSCRO1194-25_r_1.3_s_100_BSCRO1194-25,BSCRO1194-25,r_1.3_s_100,>BSCRO1194-25_r_1.3_s_100_BSCRO1194-25,370027,QFX74494.1,genus:Isotomurus,,1275,null,1533,53.0,154.0,110.74,109.0,null,null,null,null,null,null
BSCRO1181-25_r_1.3_s_50_BSCRO1181-25,BSCRO1181-25,r_1.3_s_50,>BSCRO1181-25_r_1.3_s_50_BSCRO1181-25,3139678,UFX54039.1,subfamily:Onychiurinae,,1298,null,1533,1.0,158.0,106.68,105.0,null,null,null,null,null,null
BSCRO1196-25_r_1.3_s_100_BSCRO1196-25,BSCRO1196-25,r_1.3_s_100,>BSCRO1196-25_r_1.3_s_100_BSCRO1196-25,187632,UFX54039.1,subfamily:Onychiurinae,,2440,null,1533,0.0,770.0,206.02,145.0,null,null,null,null,null,null
BSCRO1158-25_r_1_s_50_BSCRO1158-25,BSCRO1158-25,r_1_s_50,>BSCRO1158-25_r_1_s_50_BSCRO1158-25,187676,YP_009753939.1,genus:Oncopodura,,5734,null,1533,0.0,619.0,486.51,492.0,null,null,null,null,null,null
BSCRO1233-25_r_1_s_50_BSCRO1233-25,BSCRO1233-25,r_1_s_50,>BSCRO1233-25_r_1_s_50_BSCRO1233-25,2768102,YP_010265401.1,family:Paronellidae,,4823,null,1533,0.0,481.0,387.2,384.0,null,null,null,null,null,null
BSCRO1235-25_r_1.5_s_50_BSCRO1235-25,BSCRO1235-25,r_1.5_s_50,>BSCRO1235-25_r_1.5_s_50_BSCRO1235-25,2768102,YP_010265401.1,family:Paronellidae,,2233,null,1533,0.0,260.0,169.3,174.0,null,null,null,null,null,null
BSCRO1156-25_r_1.3_s_50_BSCRO1156-25,BSCRO1156-25,r_1.3_s_50,>BSCRO1156-25_r_1.3_s_50_BSCRO1156-25,187676,YP_009753939.1,genus:Oncopodura,,1566,null,1533,0.0,194.0,132.35,138.0,null,null,null,null,null,null
BSCRO1190-25_r_1.5_s_50_BSCRO1190-25,BSCRO1190-25,r_1.5_s_50,>BSCRO1190-25_r_1.5_s_50_BSCRO1190-25,2926737,QIT06492.1,family:Sminthuridae,,339,null,1563,0.0,94.0,23.83,16.0,null,null,null,null,null,null
BSCRO1149-25_r_1.5_s_50_BSCRO1149-25,BSCRO1149-25,r_1.5_s_50,>BSCRO1149-25_r_1.5_s_50_BSCRO1149-25,187676,YP_009753939.1,genus:Oncopodura,,1371,null,1533,0.0,201.0,117.14,127.0,null,null,null,null,null,null
BSCRO1152-25_r_1.3_s_100_BSCRO1152-25,BSCRO1152-25,r_1.3_s_100,>BSCRO1152-25_r_1.3_s_100_BSCRO1152-25,187676,YP_009753939.1,genus:Oncopodura,,2331,null,1533,0.0,287.0,202.12,215.0,null,null,null,null,null,null
BSCRO1192-25_r_1.3_s_50_BSCRO1192-25,BSCRO1192-25,r_1.3_s_50,>BSCRO1192-25_r_1.3_s_50_BSCRO1192-25,370027,QFX74494.1,genus:Isotomurus,,1790,null,1533,108.0,189.0,150.25,148.0,null,null,null,null,null,null
BSCRO1190-25_r_1.3_s_100_BSCRO1190-25,BSCRO1190-25,r_1.3_s_100,>BSCRO1190-25_r_1.3_s_100_BSCRO1190-25,2926737,QIT06492.1,family:Sminthuridae,,598,null,1563,0.0,122.0,50.7,47.0,null,null,null,null,null,null
BSCRO1179-25_r_1.5_s_100_BSCRO1179-25,BSCRO1179-25,r_1.5_s_100,>BSCRO1179-25_r_1.5_s_100_BSCRO1179-25,3139678,UFX54039.1,subfamily:Onychiurinae,,2243,null,1533,0.0,261.0,197.77,215.0,null,null,null,null,null,null
BSCRO1153-25_r_1.5_s_100_BSCRO1153-25,BSCRO1153-25,r_1.5_s_100,>BSCRO1153-25_r_1.5_s_100_BSCRO1153-25,187676,YP_009753939.1,genus:Oncopodura,,2177,null,1533,0.0,306.0,197.26,233.0,null,null,null,null,null,null
BSCRO1165-25_r_1_s_100_BSCRO1165-25_fcleaner,BSCRO1165-25,r_1_s_100_fcleaner,>BSCRO1165-25_r_1_s_100_BSCRO1165-25_fcleaner,187676,YP_009753939.1,genus:Oncopodura,null,2208,null,null,0.0,263.0,196.33,199.0,0,22,36,0,0,99.02
BSCRO1199-25_r_1.3_s_50_BSCRO1199-25_fcleaner,BSCRO1199-25,r_1.3_s_50_fcleaner,>BSCRO1199-25_r_1.3_s_50_BSCRO1199-25_fcleaner,1765952,XCD10116.1,subfamily:Heteromurinae,null,2469,null,null,0.0,268.0,193.41,191.0,0,188,109,0,0,99.61
BSCRO1176-25_r_1.3_s_100_BSCRO1176-25_fcleaner,BSCRO1176-25,r_1.3_s_100_fcleaner,>BSCRO1176-25_r_1.3_s_100_BSCRO1176-25_fcleaner,187632,UFX54039.1,subfamily:Onychiurinae,null,1152,null,null,42.0,146.0,102.18,104.0,0,59,97,0,0,100.0
BSCRO1203-25_r_1.5_s_50_BSCRO1203-25_fcleaner,BSCRO1203-25,r_1.5_s_50_fcleaner,>BSCRO1203-25_r_1.5_s_50_BSCRO1203-25_fcleaner,2768102,YP_010265401.1,family:Paronellidae,null,1917,null,null,0.0,240.0,150.04,165.0,0,314,46,0,0,99.8
BSCRO1178-25_r_1.5_s_50_BSCRO1178-25_fcleaner,BSCRO1178-25,r_1.5_s_50_fcleaner,>BSCRO1178-25_r_1.5_s_50_BSCRO1178-25_fcleaner,3139678,UFX54039.1,subfamily:Onychiurinae,null,3244,null,null,0.0,402.0,292.45,332.0,0,177,249,0,0,99.61
BSCRO1154-25_r_1_s_50_BSCRO1154-25_fcleaner,BSCRO1154-25,r_1_s_50_fcleaner,>BSCRO1154-25_r_1_s_50_BSCRO1154-25_fcleaner,2768102,YP_010265401.1,family:Paronellidae,null,2256,null,null,0.0,254.0,185.91,184.0,0,241,59,0,0,99.8
BSCRO1197-25_r_1_s_50_BSCRO1197-25_fcleaner,BSCRO1197-25,r_1_s_50_fcleaner,>BSCRO1197-25_r_1_s_50_BSCRO1197-25_fcleaner,2768102,YP_010265401.1,family:Paronellidae,null,2135,null,null,0.0,248.0,176.51,184.0,0,462,110,0,0,99.8
BSCRO1146-25_r_1.5_s_100_BSCRO1146-25_fcleaner,BSCRO1146-25,r_1.5_s_100_fcleaner,>BSCRO1146-25_r_1.5_s_100_BSCRO1146-25_fcleaner,187676,YP_009753939.1,genus:Oncopodura,null,1173,null,null,0.0,164.0,105.39,113.0,0,16,33,0,0,93.15
BSCRO1145-25_r_1_s_100_BSCRO1145-25_fcleaner,BSCRO1145-25,r_1_s_100_fcleaner,>BSCRO1145-25_r_1_s_100_BSCRO1145-25_fcleaner,2768102,YP_010265401.1,family:Paronellidae,null,1056,null,null,0.0,137.0,93.91,95.0,0,156,16,0,0,99.8
BSCRO1165-25_r_1.5_s_100_BSCRO1165-25_fcleaner,BSCRO1165-25,r_1.5_s_100_fcleaner,>BSCRO1165-25_r_1.5_s_100_BSCRO1165-25_fcleaner,187676,YP_009753939.1,genus:Oncopodura,null,1899,null,null,0.0,258.0,169.8,194.0,0,3,28,0,0,92.76
BSCRO1172-25_r_1.3_s_100_BSCRO1172-25_fcleaner,BSCRO1172-25,r_1.3_s_100_fcleaner,>BSCRO1172-25_r_1.3_s_100_BSCRO1172-25_fcleaner,3139678,UFX54039.1,subfamily:Onychiurinae,null,2267,null,null,0.0,297.0,196.42,212.0,0,201,56,0,0,99.8
BSCRO1199-25_r_1.5_s_100_BSCRO1199-25_fcleaner,BSCRO1199-25,r_1.5_s_100_fcleaner,>BSCRO1199-25_r_1.5_s_100_BSCRO1199-25_fcleaner,1765952,XCD10116.1,subfamily:Heteromurinae,null,2056,null,null,0.0,239.0,170.94,171.0,0,102,94,0,0,99.61
BSCRO1161-25_r_1.5_s_50_BSCRO1161-25_fcleaner,BSCRO1161-25,r_1.5_s_50_fcleaner,>BSCRO1161-25_r_1.5_s_50_BSCRO1161-25_fcleaner,187676,YP_009753939.1,genus:Oncopodura,null,374,null,null,0.0,49.0,27.95,28.0,0,21,12,0,0,97.06
BSCRO1176-25_r_1_s_50_BSCRO1176-25_fcleaner,BSCRO1176-25,r_1_s_50_fcleaner,>BSCRO1176-25_r_1_s_50_BSCRO1176-25_fcleaner,187632,UFX54039.1,subfamily:Onychiurinae,null,1332,null,null,60.0,179.0,113.45,113.0,0,193,110,0,0,100.0
BSCRO1142-25_r_1_s_50_BSCRO1142-25_fcleaner,BSCRO1142-25,r_1_s_50_fcleaner,>BSCRO1142-25_r_1_s_50_BSCRO1142-25_fcleaner,187676,YP_009753939.1,genus:Oncopodura,null,1520,null,null,0.0,164.0,116.62,115.0,0,212,42,0,0,99.02
BSCRO1226-25_r_1.3_s_100_BSCRO1226-25_fcleaner,BSCRO1226-25,r_1.3_s_100_fcleaner,>BSCRO1226-25_r_1.3_s_100_BSCRO1226-25_fcleaner,2768102,YP_010265401.1,family:Paronellidae,null,4045,null,null,0.0,488.0,360.54,377.0,0,395,71,0,0,99.8
BSCRO1172-25_r_1.5_s_100_BSCRO1172-25_fcleaner,BSCRO1172-25,r_1.5_s_100_fcleaner,>BSCRO1172-25_r_1.5_s_100_BSCRO1172-25_fcleaner,3139678,UFX54039.1,subfamily:Onychiurinae,null,2124,null,null,0.0,295.0,184.37,209.0,0,195,53,0,0,98.83
BSCRO1175-25_r_1.5_s_100_BSCRO1175-25_fcleaner,BSCRO1175-25,r_1.5_s_100_fcleaner,>BSCRO1175-25_r_1.5_s_100_BSCRO1175-25_fcleaner,187632,UFX54039.1,subfamily:Onychiurinae,null,1845,null,null,21.0,218.0,168.6,181.0,0,93,139,0,0,100.0
BSCRO1162-25_r_1.5_s_100_BSCRO1162-25_fcleaner,BSCRO1162-25,r_1.5_s_100_fcleaner,>BSCRO1162-25_r_1.5_s_100_BSCRO1162-25_fcleaner,187676,YP_009753939.1,genus:Oncopodura,null,223,null,null,0.0,47.0,18.73,20.0,0,16,7,0,0,92.95
BSCRO1177-25_r_1_s_50_BSCRO1177-25_fcleaner,BSCRO1177-25,r_1_s_50_fcleaner,>BSCRO1177-25_r_1_s_50_BSCRO1177-25_fcleaner,3139678,UFX54039.1,subfamily:Onychiurinae,null,2435,null,null,0.0,282.0,213.48,226.0,0,132,192,0,0,99.61
BSCRO1170-25_r_1.3_s_50_BSCRO1170-25_fcleaner,BSCRO1170-25,r_1.3_s_50_fcleaner,>BSCRO1170-25_r_1.3_s_50_BSCRO1170-25_fcleaner,3139678,UFX54039.1,subfamily:Onychiurinae,null,7990,null,null,4.0,969.0,714.62,741.0,0,711,654,0,0,100.0
BSCRO1207-25_r_1_s_100_BSCRO1207-25_fcleaner,BSCRO1207-25,r_1_s_100_fcleaner,>BSCRO1207-25_r_1_s_100_BSCRO1207-25_fcleaner,1136003,QGZ08860.1,genus:Neelus,null,1023,null,null,11.0,156.0,78.64,80.0,0,144,86,0,0,100.0
BSCRO1199-25_r_1_s_100_BSCRO1199-25_fcleaner,BSCRO1199-25,r_1_s_100_fcleaner,>BSCRO1199-25_r_1_s_100_BSCRO1199-25_fcleaner,1765952,XCD10116.1,subfamily:Heteromurinae,null,2156,null,null,0.0,239.0,179.1,181.0,0,140,104,0,0,99.61
BSCRO1191-25_r_1.5_s_100_BSCRO1191-25_fcleaner,BSCRO1191-25,r_1.5_s_100_fcleaner,>BSCRO1191-25_r_1.5_s_100_BSCRO1191-25_fcleaner,2926737,QIT06492.1,family:Sminthuridae,null,197,null,null,0.0,74.0,13.47,4.0,0,23,5,0,0,58.35
BSCRO1215-25_r_1.5_s_50_BSCRO1215-25_fcleaner,BSCRO1215-25,r_1.5_s_50_fcleaner,>BSCRO1215-25_r_1.5_s_50_BSCRO1215-25_fcleaner,2768102,YP_010265401.1,family:Paronellidae,null,1681,null,null,0.0,220.0,141.46,153.0,0,187,29,0,0,99.8
BSCRO1169-25_r_1_s_100_BSCRO1169-25_fcleaner,BSCRO1169-25,r_1_s_100_fcleaner,>BSCRO1169-25_r_1_s_100_BSCRO1169-25_fcleaner,3139678,UFX54039.1,subfamily:Onychiurinae,null,4729,null,null,0.0,545.0,415.91,435.0,0,247,363,0,0,99.8
BSCRO1216-25_r_1.3_s_50_BSCRO1216-25_fcleaner,BSCRO1216-25,r_1.3_s_50_fcleaner,>BSCRO1216-25_r_1.3_s_50_BSCRO1216-25_fcleaner,187632,UFX54039.1,subfamily:Onychiurinae,null,3667,null,null,0.0,397.0,310.07,313.0,0,292,98,0,0,99.8
BSCRO1210-25_r_1.3_s_50_BSCRO1210-25_fcleaner,BSCRO1210-25,r_1.3_s_50_fcleaner,>BSCRO1210-25_r_1.3_s_50_BSCRO1210-25_fcleaner,2768102,YP_010265401.1,family:Paronellidae,null,4792,null,null,0.0,563.0,416.07,441.0,0,716,76,0,0,99.8
BSCRO1191-25_r_1.3_s_50_BSCRO1191-25_fcleaner,BSCRO1191-25,r_1.3_s_50_fcleaner,>BSCRO1191-25_r_1.3_s_50_BSCRO1191-25_fcleaner,2926737,QIT06492.1,family:Sminthuridae,null,470,null,null,0.0,91.0,30.8,30.0,0,108,20,0,0,94.63
BSCRO1208-25_r_1.3_s_100_BSCRO1208-25_fcleaner,BSCRO1208-25,r_1.3_s_100_fcleaner,>BSCRO1208-25_r_1.3_s_100_BSCRO1208-25_fcleaner,1136003,QGZ08860.1,genus:Neelus,null,652,null,null,22.0,87.0,48.25,47.0,0,54,44,0,0,100.0
BSCRO1206-25_r_1.3_s_50_BSCRO1206-25_fcleaner,BSCRO1206-25,r_1.3_s_50_fcleaner,>BSCRO1206-25_r_1.3_s_50_BSCRO1206-25_fcleaner,1765952,XCD10116.1,subfamily:Heteromurinae,null,717,null,null,0.0,105.0,50.58,50.5,0,114,19,0,0,99.61
BSCRO1154-25_r_1_s_100_BSCRO1154-25_fcleaner,BSCRO1154-25,r_1_s_100_fcleaner,>BSCRO1154-25_r_1_s_100_BSCRO1154-25_fcleaner,2768102,YP_010265401.1,family:Paronellidae,null,2003,null,null,0.0,240.0,177.25,176.0,0,73,31,0,0,99.8
BSCRO1219-25_r_1.5_s_50_BSCRO1219-25_fcleaner,BSCRO1219-25,r_1.5_s_50_fcleaner,>BSCRO1219-25_r_1.5_s_50_BSCRO1219-25_fcleaner,187676,YP_009753939.1,genus:Oncopodura,null,1285,null,null,0.0,182.0,99.67,102.0,0,66,22,0,0,96.28
BSCRO1203-25_r_1.5_s_100_BSCRO1203-25_fcleaner,BSCRO1203-25,r_1.5_s_100_fcleaner,>BSCRO1203-25_r_1.5_s_100_BSCRO1203-25_fcleaner,2768102,YP_010265401.1,family:Paronellidae,null,1782,null,null,0.0,224.0,144.17,160.0,0,213,41,0,0,99.8
BSCRO1218-25_r_1.3_s_100_BSCRO1218-25_fcleaner,BSCRO1218-25,r_1.3_s_100_fcleaner,>BSCRO1218-25_r_1.3_s_100_BSCRO1218-25_fcleaner,187632,UFX54039.1,subfamily:Onychiurinae,null,2087,null,null,0.0,234.0,176.71,188.0,0,106,57,0,0,99.8
BSCRO1235-25_r_1.5_s_50_BSCRO1235-25_fcleaner,BSCRO1235-25,r_1.5_s_50_fcleaner,>BSCRO1235-25_r_1.5_s_50_BSCRO1235-25_fcleaner,2768102,YP_010265401.1,family:Paronellidae,null,1884,null,null,0.0,238.0,151.48,168.0,0,293,56,0,0,99.8
BSCRO1144-25_r_1.3_s_50_BSCRO1144-25_fcleaner,BSCRO1144-25,r_1.3_s_50_fcleaner,>BSCRO1144-25_r_1.3_s_50_BSCRO1144-25_fcleaner,2768102,YP_010265401.1,family:Paronellidae,null,971,null,null,0.0,115.0,79.66,84.0,0,285,32,0,0,99.8
BSCRO1186-25_r_1.5_s_50_BSCRO1186-25_fcleaner,BSCRO1186-25,r_1.5_s_50_fcleaner,>BSCRO1186-25_r_1.5_s_50_BSCRO1186-25_fcleaner,2926737,QIT06492.1,family:Sminthuridae,null,221,null,null,0.0,64.0,16.21,7.0,0,21,10,0,0,68.71
BSCRO1185-25_r_1.5_s_50_BSCRO1185-25_fcleaner,BSCRO1185-25,r_1.5_s_50_fcleaner,>BSCRO1185-25_r_1.5_s_50_BSCRO1185-25_fcleaner,2926737,QIT06492.1,family:Sminthuridae,null,381,null,null,0.0,158.0,32.49,10.0,0,18,12,0,0,66.99
BSCRO1231-25_r_1.5_s_50_BSCRO1231-25_fcleaner,BSCRO1231-25,r_1.5_s_50_fcleaner,>BSCRO1231-25_r_1.5_s_50_BSCRO1231-25_fcleaner,2768102,YP_010265401.1,family:Paronellidae,null,2319,null,null,0.0,336.0,203.11,224.0,0,344,34,0,0,99.8
BSCRO1155-25_r_1.3_s_100_BSCRO1155-25_fcleaner,BSCRO1155-25,r_1.3_s_100_fcleaner,>BSCRO1155-25_r_1.3_s_100_BSCRO1155-25_fcleaner,2768102,YP_010265401.1,family:Paronellidae,null,4756,null,null,0.0,567.0,429.11,442.0,0,100,73,0,0,99.8
BSCRO1198-25_r_1.5_s_50_BSCRO1198-25_fcleaner,BSCRO1198-25,r_1.5_s_50_fcleaner,>BSCRO1198-25_r_1.5_s_50_BSCRO1198-25_fcleaner,2768102,YP_010265401.1,family:Paronellidae,null,1832,null,null,0.0,239.0,160.21,176.0,0,291,63,0,0,99.8
BSCRO1235-25_r_1_s_50_BSCRO1235-25_fcleaner,BSCRO1235-25,r_1_s_50_fcleaner,>BSCRO1235-25_r_1_s_50_BSCRO1235-25_fcleaner,2768102,YP_010265401.1,family:Paronellidae,null,2280,null,null,0.0,250.0,175.08,185.0,0,479,76,0,0,99.8
BSCRO1167-25_r_1.3_s_50_BSCRO1167-25_fcleaner,BSCRO1167-25,r_1.3_s_50_fcleaner,>BSCRO1167-25_r_1.3_s_50_BSCRO1167-25_fcleaner,3139678,UFX54039.1,subfamily:Onychiurinae,null,3258,null,null,0.0,354.0,255.37,268.0,0,367,143,0,0,99.61
BSCRO1154-25_r_1.3_s_50_BSCRO1154-25_fcleaner,BSCRO1154-25,r_1.3_s_50_fcleaner,>BSCRO1154-25_r_1.3_s_50_BSCRO1154-25_fcleaner,2768102,YP_010265401.1,family:Paronellidae,null,2158,null,null,0.0,251.0,182.71,180.0,0,149,33,0,0,99.8
BSCRO1146-25_r_1_s_100_BSCRO1146-25_fcleaner,BSCRO1146-25,r_1_s_100_fcleaner,>BSCRO1146-25_r_1_s_100_BSCRO1146-25_fcleaner,187676,YP_009753939.1,genus:Oncopodura,null,1555,null,null,0.0,190.0,137.23,144.0,0,32,43,0,0,99.41
BSCRO1175-25_r_1.3_s_100_BSCRO1175-25_fcleaner,BSCRO1175-25,r_1.3_s_100_fcleaner,>BSCRO1175-25_r_1.3_s_100_BSCRO1175-25_fcleaner,187632,UFX54039.1,subfamily:Onychiurinae,null,1955,null,null,71.0,220.0,178.01,185.0,0,166,155,0,0,100.0
BSCRO1220-25_r_1.3_s_100_BSCRO1220-25_fcleaner,BSCRO1220-25,r_1.3_s_100_fcleaner,>BSCRO1220-25_r_1.3_s_100_BSCRO1220-25_fcleaner,2768102,YP_010265401.1,family:Paronellidae,null,1357,null,null,0.0,159.0,115.66,123.0,0,164,28,0,0,99.8
BSCRO1146-25_r_1_s_50_BSCRO1146-25_fcleaner,BSCRO1146-25,r_1_s_50_fcleaner,>BSCRO1146-25_r_1_s_50_BSCRO1146-25_fcleaner,187676,YP_009753939.1,genus:Oncopodura,null,1929,null,null,12.0,215.0,149.99,155.0,0,286,74,0,0,100.0
BSCRO1171-25_r_1.5_s_50_BSCRO1171-25_fcleaner,BSCRO1171-25,r_1.5_s_50_fcleaner,>BSCRO1171-25_r_1.5_s_50_BSCRO1171-25_fcleaner,3139678,UFX54039.1,subfamily:Onychiurinae,null,1282,null,null,0.0,178.0,109.22,117.0,0,155,40,0,0,98.83
BSCRO1190-25_r_1_s_100_BSCRO1190-25_fcleaner,BSCRO1190-25,r_1_s_100_fcleaner,>BSCRO1190-25_r_1_s_100_BSCRO1190-25_fcleaner,2926737,QIT06492.1,family:Sminthuridae,null,1002,null,null,0.0,128.0,86.67,95.0,0,50,37,0,3,92.71
BSCRO1200-25_r_1.3_s_50_BSCRO1200-25_fcleaner,BSCRO1200-25,r_1.3_s_50_fcleaner,>BSCRO1200-25_r_1.3_s_50_BSCRO1200-25_fcleaner,1765952,XCD10116.1,subfamily:Heteromurinae,null,2843,null,null,0.0,299.0,227.57,234.5,0,202,121,0,0,99.61
BSCRO1156-25_r_1_s_100_BSCRO1156-25_fcleaner,BSCRO1156-25,r_1_s_100_fcleaner,>BSCRO1156-25_r_1_s_100_BSCRO1156-25_fcleaner,187676,YP_009753939.1,genus:Oncopodura,null,1503,null,null,0.0,193.0,135.48,135.0,0,24,31,0,0,99.41
BSCRO1227-25_r_1_s_100_BSCRO1227-25_fcleaner,BSCRO1227-25,r_1_s_100_fcleaner,>BSCRO1227-25_r_1_s_100_BSCRO1227-25_fcleaner,2768102,YP_010265401.1,family:Paronellidae,null,2326,null,null,0.0,284.0,201.3,210.0,0,262,42,0,0,99.8
BSCRO1145-25_r_1.5_s_50_BSCRO1145-25_fcleaner,BSCRO1145-25,r_1.5_s_50_fcleaner,>BSCRO1145-25_r_1.5_s_50_BSCRO1145-25_fcleaner,2768102,YP_010265401.1,family:Paronellidae,null,1072,null,null,0.0,154.0,88.89,96.0,0,226,22,0,0,99.8
BSCRO1222-25_r_1.5_s_50_BSCRO1222-25_fcleaner,BSCRO1222-25,r_1.5_s_50_fcleaner,>BSCRO1222-25_r_1.5_s_50_BSCRO1222-25_fcleaner,2768102,YP_010265401.1,family:Paronellidae,null,1476,null,null,0.0,195.0,121.41,135.0,0,236,27,0,0,99.8
BSCRO1190-25_r_1.5_s_100_BSCRO1190-25_fcleaner,BSCRO1190-25,r_1.5_s_100_fcleaner,>BSCRO1190-25_r_1.5_s_100_BSCRO1190-25_fcleaner,2926737,QIT06492.1,family:Sminthuridae,null,251,null,null,0.0,93.0,20.89,10.0,0,5,10,0,0,75.62
BSCRO1163-25_r_1.3_s_50_BSCRO1163-25_fcleaner,BSCRO1163-25,r_1.3_s_50_fcleaner,>BSCRO1163-25_r_1.3_s_50_BSCRO1163-25_fcleaner,187676,YP_009753939.1,genus:Oncopodura,null,2297,null,null,0.0,274.0,181.96,188.0,0,75,49,0,0,99.41
BSCRO1165-25_r_1_s_50_BSCRO1165-25_fcleaner,BSCRO1165-25,r_1_s_50_fcleaner,>BSCRO1165-25_r_1_s_50_BSCRO1165-25_fcleaner,187676,YP_009753939.1,genus:Oncopodura,null,2497,null,null,0.0,271.0,206.53,208.0,0,127,60,0,0,99.02
BSCRO1225-25_r_1.5_s_50_BSCRO1225-25_fcleaner,BSCRO1225-25,r_1.5_s_50_fcleaner,>BSCRO1225-25_r_1.5_s_50_BSCRO1225-25_fcleaner,2768102,YP_010265401.1,family:Paronellidae,null,4370,null,null,0.0,540.0,373.46,415.0,0,527,91,0,0,99.8
BSCRO1232-25_r_1_s_50_BSCRO1232-25_fcleaner,BSCRO1232-25,r_1_s_50_fcleaner,>BSCRO1232-25_r_1_s_50_BSCRO1232-25_fcleaner,2768102,YP_010265401.1,family:Paronellidae,null,2901,null,null,0.0,331.0,241.88,254.0,0,607,79,0,0,99.8
BSCRO1212-25_r_1_s_50_BSCRO1212-25_fcleaner,BSCRO1212-25,r_1_s_50_fcleaner,>BSCRO1212-25_r_1_s_50_BSCRO1212-25_fcleaner,2772100,AJK28732.1,genus:Pseudosinella,null,1840,null,null,21.0,499.0,123.29,117.5,0,330,150,0,0,100.0
BSCRO1193-25_r_1.5_s_50_BSCRO1193-25_fcleaner,BSCRO1193-25,r_1.5_s_50_fcleaner,>BSCRO1193-25_r_1.5_s_50_BSCRO1193-25_fcleaner,370027,QFX74494.1,genus:Isotomurus,null,1936,null,null,117.0,212.0,159.62,158.0,0,24,36,0,0,100.0
BSCRO1202-25_r_1_s_50_BSCRO1202-25_fcleaner,BSCRO1202-25,r_1_s_50_fcleaner,>BSCRO1202-25_r_1_s_50_BSCRO1202-25_fcleaner,1136003,QGZ08860.1,genus:Neelus,null,455,null,null,2.0,83.0,31.35,26.5,0,301,47,0,1,100.0
BSCRO1230-25_r_1_s_50_BSCRO1230-25_fcleaner,BSCRO1230-25,r_1_s_50_fcleaner,>BSCRO1230-25_r_1_s_50_BSCRO1230-25_fcleaner,1765952,XCD10116.1,subfamily:Heteromurinae,null,2470,null,null,0.0,245.0,192.19,195.0,0,220,92,0,0,99.8
BSCRO1188-25_r_1_s_100_BSCRO1188-25_fcleaner,BSCRO1188-25,r_1_s_100_fcleaner,>BSCRO1188-25_r_1_s_100_BSCRO1188-25_fcleaner,187676,YP_009753939.1,genus:Oncopodura,null,7488,null,null,0.0,850.0,688.23,715.0,0,26,128,0,1,99.41
BSCRO1233-25_r_1.3_s_50_BSCRO1233-25_fcleaner,BSCRO1233-25,r_1.3_s_50_fcleaner,>BSCRO1233-25_r_1.3_s_50_BSCRO1233-25_fcleaner,2768102,YP_010265401.1,family:Paronellidae,null,3887,null,null,0.0,461.0,339.9,363.0,0,545,91,0,0,99.8
BSCRO1191-25_r_1_s_50_BSCRO1191-25_fcleaner,BSCRO1191-25,r_1_s_50_fcleaner,>BSCRO1191-25_r_1_s_50_BSCRO1191-25_fcleaner,2926737,QIT06492.1,family:Sminthuridae,null,893,null,null,0.0,107.0,58.47,64.0,0,268,50,0,0,99.42
BSCRO1207-25_r_1.5_s_100_BSCRO1207-25_fcleaner,BSCRO1207-25,r_1.5_s_100_fcleaner,>BSCRO1207-25_r_1.5_s_100_BSCRO1207-25_fcleaner,1136003,QGZ08860.1,genus:Neelus,null,517,null,null,0.0,79.0,37.15,35.0,0,38,21,0,0,99.8
BSCRO1201-25_r_1.3_s_50_BSCRO1201-25_fcleaner,BSCRO1201-25,r_1.3_s_50_fcleaner,>BSCRO1201-25_r_1.3_s_50_BSCRO1201-25_fcleaner,1765952,XCD10116.1,subfamily:Heteromurinae,null,1334,null,null,0.0,149.0,106.4,110.0,0,112,77,0,0,99.61
BSCRO1164-25_r_1.5_s_50_BSCRO1164-25_fcleaner,BSCRO1164-25,r_1.5_s_50_fcleaner,>BSCRO1164-25_r_1.5_s_50_BSCRO1164-25_fcleaner,187676,YP_009753939.1,genus:Oncopodura,null,677,null,null,0.0,84.0,54.54,57.0,0,14,8,0,0,97.85
BSCRO1153-25_r_1.3_s_50_BSCRO1153-25_fcleaner,BSCRO1153-25,r_1.3_s_50_fcleaner,>BSCRO1153-25_r_1.3_s_50_BSCRO1153-25_fcleaner,187676,YP_009753939.1,genus:Oncopodura,null,2700,null,null,0.0,308.0,232.7,253.0,0,68,59,0,0,99.41
BSCRO1191-25_r_1.3_s_100_BSCRO1191-25_fcleaner,BSCRO1191-25,r_1.3_s_100_fcleaner,>BSCRO1191-25_r_1.3_s_100_BSCRO1191-25_fcleaner,2926737,QIT06492.1,family:Sminthuridae,null,393,null,null,0.0,81.0,27.68,27.0,0,30,14,0,0,85.8
BSCRO1230-25_r_1.5_s_50_BSCRO1230-25_fcleaner,BSCRO1230-25,r_1.5_s_50_fcleaner,>BSCRO1230-25_r_1.5_s_50_BSCRO1230-25_fcleaner,1765952,XCD10116.1,subfamily:Heteromurinae,null,2102,null,null,0.0,231.0,173.64,176.0,0,98,51,0,0,99.8
BSCRO1211-25_r_1.3_s_100_BSCRO1211-25_fcleaner,BSCRO1211-25,r_1.3_s_100_fcleaner,>BSCRO1211-25_r_1.3_s_100_BSCRO1211-25_fcleaner,2768102,YP_010265401.1,family:Paronellidae,null,4685,null,null,0.0,549.0,405.41,433.0,0,446,75,0,0,99.8
BSCRO1194-25_r_1_s_100_BSCRO1194-25_fcleaner,BSCRO1194-25,r_1_s_100_fcleaner,>BSCRO1194-25_r_1_s_100_BSCRO1194-25_fcleaner,370027,QFX74494.1,genus:Isotomurus,null,1234,null,null,53.0,145.0,107.59,106.0,0,19,30,0,0,100.0
BSCRO1141-25_r_1_s_100_BSCRO1141-25_fcleaner,BSCRO1141-25,r_1_s_100_fcleaner,>BSCRO1141-25_r_1_s_100_BSCRO1141-25_fcleaner,187676,YP_009753939.1,genus:Oncopodura,null,226,null,null,0.0,52.0,16.31,16.0,0,270,20,0,0,89.04
BSCRO1187-25_r_1.5_s_100_BSCRO1187-25_fcleaner,BSCRO1187-25,r_1.5_s_100_fcleaner,>BSCRO1187-25_r_1.5_s_100_BSCRO1187-25_fcleaner,2926737,QIT06492.1,family:Sminthuridae,null,251,null,null,0.0,83.0,21.91,10.0,0,2,5,0,0,56.81
BSCRO1185-25_r_1.5_s_100_BSCRO1185-25_fcleaner,BSCRO1185-25,r_1.5_s_100_fcleaner,>BSCRO1185-25_r_1.5_s_100_BSCRO1185-25_fcleaner,2926737,QIT06492.1,family:Sminthuridae,null,353,null,null,0.0,147.0,31.39,10.0,0,4,9,0,0,63.53
BSCRO1188-25_r_1.3_s_100_BSCRO1188-25_fcleaner,BSCRO1188-25,r_1.3_s_100_fcleaner,>BSCRO1188-25_r_1.3_s_100_BSCRO1188-25_fcleaner,187676,YP_009753939.1,genus:Oncopodura,null,6842,null,null,0.0,850.0,633.99,700.0,0,21,120,0,1,95.11
BSCRO1182-25_r_1.5_s_100_BSCRO1182-25_fcleaner,BSCRO1182-25,r_1.5_s_100_fcleaner,>BSCRO1182-25_r_1.5_s_100_BSCRO1182-25_fcleaner,3139678,UFX54039.1,subfamily:Onychiurinae,null,1962,null,null,0.0,273.0,173.38,188.0,0,168,92,0,0,98.83
BSCRO1177-25_r_1.3_s_50_BSCRO1177-25_fcleaner,BSCRO1177-25,r_1.3_s_50_fcleaner,>BSCRO1177-25_r_1.3_s_50_BSCRO1177-25_fcleaner,3139678,UFX54039.1,subfamily:Onychiurinae,null,2343,null,null,0.0,265.0,205.88,217.0,0,115,190,0,0,99.61
BSCRO1201-25_r_1_s_100_BSCRO1201-25_fcleaner,BSCRO1201-25,r_1_s_100_fcleaner,>BSCRO1201-25_r_1_s_100_BSCRO1201-25_fcleaner,1765952,XCD10116.1,subfamily:Heteromurinae,null,1146,null,null,0.0,131.0,97.73,102.0,0,95,67,0,0,99.61
BSCRO1198-25_r_1_s_100_BSCRO1198-25_fcleaner,BSCRO1198-25,r_1_s_100_fcleaner,>BSCRO1198-25_r_1_s_100_BSCRO1198-25_fcleaner,2768102,YP_010265401.1,family:Paronellidae,null,1984,null,null,0.0,250.0,175.66,179.0,0,215,65,0,0,99.8
BSCRO1205-25_r_1_s_50_BSCRO1205-25_fcleaner,BSCRO1205-25,r_1_s_50_fcleaner,>BSCRO1205-25_r_1_s_50_BSCRO1205-25_fcleaner,2768102,YP_010265401.1,family:Paronellidae,null,2608,null,null,0.0,284.0,196.41,206.0,0,467,70,0,0,99.8
BSCRO1155-25_r_1.5_s_100_BSCRO1155-25_fcleaner,BSCRO1155-25,r_1.5_s_100_fcleaner,>BSCRO1155-25_r_1.5_s_100_BSCRO1155-25_fcleaner,2768102,YP_010265401.1,family:Paronellidae,null,4359,null,null,0.0,552.0,393.58,433.0,0,96,64,0,0,99.8
BSCRO1171-25_r_1.3_s_50_BSCRO1171-25_fcleaner,BSCRO1171-25,r_1.3_s_50_fcleaner,>BSCRO1171-25_r_1.3_s_50_BSCRO1171-25_fcleaner,3139678,UFX54039.1,subfamily:Onychiurinae,null,1384,null,null,0.0,183.0,117.65,119.0,0,171,49,0,0,99.8
BSCRO1148-25_r_1_s_100_BSCRO1148-25_fcleaner,BSCRO1148-25,r_1_s_100_fcleaner,>BSCRO1148-25_r_1_s_100_BSCRO1148-25_fcleaner,187676,YP_009753939.1,genus:Oncopodura,null,481,null,null,0.0,65.0,42.55,42.0,0,32,18,0,0,99.41
BSCRO1209-25_r_1_s_100_BSCRO1209-25_fcleaner,BSCRO1209-25,r_1_s_100_fcleaner,>BSCRO1209-25_r_1_s_100_BSCRO1209-25_fcleaner,1136003,QGZ08860.1,genus:Neelus,null,1270,null,null,46.0,147.0,99.5,100.0,0,91,63,0,0,100.0
BSCRO1145-25_r_1.3_s_100_BSCRO1145-25_fcleaner,BSCRO1145-25,r_1.3_s_100_fcleaner,>BSCRO1145-25_r_1.3_s_100_BSCRO1145-25_fcleaner,2768102,YP_010265401.1,family:Paronellidae,null,1051,null,null,0.0,137.0,93.55,95.0,0,134,16,0,0,99.8
BSCRO1210-25_r_1.3_s_100_BSCRO1210-25_fcleaner,BSCRO1210-25,r_1.3_s_100_fcleaner,>BSCRO1210-25_r_1.3_s_100_BSCRO1210-25_fcleaner,2768102,YP_010265401.1,family:Paronellidae,null,4633,null,null,0.0,553.0,407.89,436.0,0,487,69,0,0,99.8
BSCRO1170-25_r_1_s_100_BSCRO1170-25_fcleaner,BSCRO1170-25,r_1_s_100_fcleaner,>BSCRO1170-25_r_1_s_100_BSCRO1170-25_fcleaner,3139678,UFX54039.1,subfamily:Onychiurinae,null,8000,null,null,6.0,993.0,727.97,756.0,0,539,675,0,0,100.0
BSCRO1152-25_r_1_s_100_BSCRO1152-25_fcleaner,BSCRO1152-25,r_1_s_100_fcleaner,>BSCRO1152-25_r_1_s_100_BSCRO1152-25_fcleaner,187676,YP_009753939.1,genus:Oncopodura,null,2443,null,null,0.0,282.0,213.14,212.0,0,29,59,0,0,99.41
BSCRO1217-25_r_1_s_100_BSCRO1217-25_fcleaner,BSCRO1217-25,r_1_s_100_fcleaner,>BSCRO1217-25_r_1_s_100_BSCRO1217-25_fcleaner,187632,UFX54039.1,subfamily:Onychiurinae,null,1423,null,null,0.0,175.0,118.58,126.0,0,101,42,0,0,99.8
BSCRO1172-25_r_1.3_s_50_BSCRO1172-25_fcleaner,BSCRO1172-25,r_1.3_s_50_fcleaner,>BSCRO1172-25_r_1.3_s_50_BSCRO1172-25_fcleaner,3139678,UFX54039.1,subfamily:Onychiurinae,null,2335,null,null,0.0,298.0,199.69,215.0,0,310,61,0,0,99.8
BSCRO1211-25_r_1.5_s_100_BSCRO1211-25_fcleaner,BSCRO1211-25,r_1.5_s_100_fcleaner,>BSCRO1211-25_r_1.5_s_100_BSCRO1211-25_fcleaner,2768102,YP_010265401.1,family:Paronellidae,null,4217,null,null,0.0,527.0,365.53,416.0,0,434,63,0,0,99.8
BSCRO1224-25_r_1_s_100_BSCRO1224-25_fcleaner,BSCRO1224-25,r_1_s_100_fcleaner,>BSCRO1224-25_r_1_s_100_BSCRO1224-25_fcleaner,1765952,XCD10116.1,subfamily:Heteromurinae,null,1638,null,null,0.0,196.0,141.87,153.0,0,185,25,0,0,99.61
BSCRO1159-25_r_1_s_100_BSCRO1159-25_fcleaner,BSCRO1159-25,r_1_s_100_fcleaner,>BSCRO1159-25_r_1_s_100_BSCRO1159-25_fcleaner,187676,YP_009753939.1,genus:Oncopodura,null,4363,null,null,2.0,575.0,400.33,425.0,0,246,151,0,0,100.0
BSCRO1209-25_r_1_s_50_BSCRO1209-25_fcleaner,BSCRO1209-25,r_1_s_50_fcleaner,>BSCRO1209-25_r_1_s_50_BSCRO1209-25_fcleaner,1136003,QGZ08860.1,genus:Neelus,null,1433,null,null,64.0,148.0,105.91,107.0,0,220,75,0,0,100.0
BSCRO1210-25_r_1_s_50_BSCRO1210-25_fcleaner,BSCRO1210-25,r_1_s_50_fcleaner,>BSCRO1210-25_r_1_s_50_BSCRO1210-25_fcleaner,2768102,YP_010265401.1,family:Paronellidae,null,4920,null,null,0.0,567.0,421.28,447.0,0,825,89,0,0,99.8
BSCRO1169-25_r_1.5_s_50_BSCRO1169-25_fcleaner,BSCRO1169-25,r_1.5_s_50_fcleaner,>BSCRO1169-25_r_1.5_s_50_BSCRO1169-25_fcleaner,3139678,UFX54039.1,subfamily:Onychiurinae,null,4242,null,null,0.0,542.0,374.25,418.0,0,271,341,0,0,99.8
BSCRO1190-25_r_1.3_s_100_BSCRO1190-25_fcleaner,BSCRO1190-25,r_1.3_s_100_fcleaner,>BSCRO1190-25_r_1.3_s_100_BSCRO1190-25_fcleaner,2926737,QIT06492.1,family:Sminthuridae,null,564,null,null,0.0,120.0,47.87,44.0,0,10,24,0,3,89.06
BSCRO1224-25_r_1_s_50_BSCRO1224-25_fcleaner,BSCRO1224-25,r_1_s_50_fcleaner,>BSCRO1224-25_r_1_s_50_BSCRO1224-25_fcleaner,1765952,XCD10116.1,subfamily:Heteromurinae,null,1996,null,null,0.0,202.0,153.51,165.0,0,352,51,0,0,99.61
BSCRO1194-25_r_1.3_s_100_BSCRO1194-25_fcleaner,BSCRO1194-25,r_1.3_s_100_fcleaner,>BSCRO1194-25_r_1.3_s_100_BSCRO1194-25_fcleaner,370027,QFX74494.1,genus:Isotomurus,null,1229,null,null,52.0,143.0,107.16,106.0,0,16,30,0,0,100.0
BSCRO1205-25_r_1.5_s_100_BSCRO1205-25_fcleaner,BSCRO1205-25,r_1.5_s_100_fcleaner,>BSCRO1205-25_r_1.5_s_100_BSCRO1205-25_fcleaner,2768102,YP_010265401.1,family:Paronellidae,null,2045,null,null,0.0,245.0,164.19,190.0,0,245,41,0,0,99.8
BSCRO1206-25_r_1.5_s_100_BSCRO1206-25_fcleaner,BSCRO1206-25,r_1.5_s_100_fcleaner,>BSCRO1206-25_r_1.5_s_100_BSCRO1206-25_fcleaner,1765952,XCD10116.1,subfamily:Heteromurinae,null,574,null,null,0.0,103.0,43.84,42.5,0,60,14,0,0,99.61
BSCRO1148-25_r_1.3_s_50_BSCRO1148-25_fcleaner,BSCRO1148-25,r_1.3_s_50_fcleaner,>BSCRO1148-25_r_1.3_s_50_BSCRO1148-25_fcleaner,187676,YP_009753939.1,genus:Oncopodura,null,562,null,null,0.0,79.0,41.71,41.0,0,92,24,0,0,99.41
BSCRO1222-25_r_1_s_50_BSCRO1222-25_fcleaner,BSCRO1222-25,r_1_s_50_fcleaner,>BSCRO1222-25_r_1_s_50_BSCRO1222-25_fcleaner,2768102,YP_010265401.1,family:Paronellidae,null,1741,null,null,0.0,203.0,136.62,141.0,0,382,61,0,0,99.8
BSCRO1146-25_r_1.3_s_100_BSCRO1146-25_fcleaner,BSCRO1146-25,r_1.3_s_100_fcleaner,>BSCRO1146-25_r_1.3_s_100_BSCRO1146-25_fcleaner,187676,YP_009753939.1,genus:Oncopodura,null,1388,null,null,0.0,174.0,123.31,134.0,0,21,41,0,0,99.41
BSCRO1150-25_r_1_s_50_BSCRO1150-25_fcleaner,BSCRO1150-25,r_1_s_50_fcleaner,>BSCRO1150-25_r_1_s_50_BSCRO1150-25_fcleaner,187676,YP_009753939.1,genus:Oncopodura,null,2574,null,null,8.0,265.0,211.95,208.0,0,226,71,0,0,100.0
BSCRO1180-25_r_1.5_s_50_BSCRO1180-25_fcleaner,BSCRO1180-25,r_1.5_s_50_fcleaner,>BSCRO1180-25_r_1.5_s_50_BSCRO1180-25_fcleaner,3139678,UFX54039.1,subfamily:Onychiurinae,null,1397,null,null,0.0,174.0,120.92,131.0,0,176,62,0,0,99.02
BSCRO1147-25_r_1.3_s_50_BSCRO1147-25_fcleaner,BSCRO1147-25,r_1.3_s_50_fcleaner,>BSCRO1147-25_r_1.3_s_50_BSCRO1147-25_fcleaner,187676,YP_009753939.1,genus:Oncopodura,null,1220,null,null,0.0,168.0,99.82,105.0,0,81,40,0,0,99.41
BSCRO1150-25_r_1.3_s_50_BSCRO1150-25_fcleaner,BSCRO1150-25,r_1.3_s_50_fcleaner,>BSCRO1150-25_r_1.3_s_50_BSCRO1150-25_fcleaner,187676,YP_009753939.1,genus:Oncopodura,null,2155,null,null,0.0,255.0,187.99,197.0,0,84,43,0,0,99.41
BSCRO1173-25_r_1_s_50_BSCRO1173-25_fcleaner,BSCRO1173-25,r_1_s_50_fcleaner,>BSCRO1173-25_r_1_s_50_BSCRO1173-25_fcleaner,3139678,UFX54039.1,subfamily:Onychiurinae,null,1553,null,null,0.0,675.0,100.18,79.0,0,120,86,0,0,99.8
BSCRO1143-25_r_1.3_s_50_BSCRO1143-25_fcleaner,BSCRO1143-25,r_1.3_s_50_fcleaner,>BSCRO1143-25_r_1.3_s_50_BSCRO1143-25_fcleaner,2768102,YP_010265401.1,family:Paronellidae,null,2471,null,null,0.0,351.0,209.83,225.0,0,472,30,0,0,99.8
BSCRO1179-25_r_1.3_s_50_BSCRO1179-25_fcleaner,BSCRO1179-25,r_1.3_s_50_fcleaner,>BSCRO1179-25_r_1.3_s_50_BSCRO1179-25_fcleaner,3139678,UFX54039.1,subfamily:Onychiurinae,null,2287,null,null,0.0,249.0,198.37,212.0,0,158,183,0,0,99.8
BSCRO1235-25_r_1.3_s_100_BSCRO1235-25_fcleaner,BSCRO1235-25,r_1.3_s_100_fcleaner,>BSCRO1235-25_r_1.3_s_100_BSCRO1235-25_fcleaner,2768102,YP_010265401.1,family:Paronellidae,null,1979,null,null,0.0,229.0,161.99,173.0,0,202,54,0,0,99.8
BSCRO1144-25_r_1_s_50_BSCRO1144-25_fcleaner,BSCRO1144-25,r_1_s_50_fcleaner,>BSCRO1144-25_r_1_s_50_BSCRO1144-25_fcleaner,2768102,YP_010265401.1,family:Paronellidae,null,1069,null,null,0.0,121.0,84.48,88.0,0,393,36,0,0,99.8
BSCRO1160-25_r_1.5_s_50_BSCRO1160-25_fcleaner,BSCRO1160-25,r_1.5_s_50_fcleaner,>BSCRO1160-25_r_1.5_s_50_BSCRO1160-25_fcleaner,187676,YP_009753939.1,genus:Oncopodura,null,1860,null,null,0.0,234.0,158.73,178.0,0,40,31,0,0,96.87
BSCRO1211-25_r_1_s_100_BSCRO1211-25_fcleaner,BSCRO1211-25,r_1_s_100_fcleaner,>BSCRO1211-25_r_1_s_100_BSCRO1211-25_fcleaner,2768102,YP_010265401.1,family:Paronellidae,null,4716,null,null,0.0,549.0,407.72,439.0,0,485,76,0,0,99.8
BSCRO1163-25_r_1.3_s_100_BSCRO1163-25_fcleaner,BSCRO1163-25,r_1.3_s_100_fcleaner,>BSCRO1163-25_r_1.3_s_100_BSCRO1163-25_fcleaner,187676,YP_009753939.1,genus:Oncopodura,null,2062,null,null,0.0,270.0,172.83,179.0,0,36,42,0,0,99.41
BSCRO1235-25_r_1.5_s_100_BSCRO1235-25_fcleaner,BSCRO1235-25,r_1.5_s_100_fcleaner,>BSCRO1235-25_r_1.5_s_100_BSCRO1235-25_fcleaner,2768102,YP_010265401.1,family:Paronellidae,null,1775,null,null,0.0,228.0,145.71,162.0,0,193,50,0,0,99.8
BSCRO1202-25_r_1.5_s_50_BSCRO1202-25_fcleaner,BSCRO1202-25,r_1.5_s_50_fcleaner,>BSCRO1202-25_r_1.5_s_50_BSCRO1202-25_fcleaner,1136003,QGZ08860.1,genus:Neelus,null,323,null,null,0.0,42.0,20.76,21.0,0,58,14,0,1,99.8
BSCRO1167-25_r_1.5_s_50_BSCRO1167-25_fcleaner,BSCRO1167-25,r_1.5_s_50_fcleaner,>BSCRO1167-25_r_1.5_s_50_BSCRO1167-25_fcleaner,3139678,UFX54039.1,subfamily:Onychiurinae,null,2966,null,null,0.0,347.0,234.63,262.0,0,351,133,0,0,98.63
BSCRO1206-25_r_1_s_100_BSCRO1206-25_fcleaner,BSCRO1206-25,r_1_s_100_fcleaner,>BSCRO1206-25_r_1_s_100_BSCRO1206-25_fcleaner,1765952,XCD10116.1,subfamily:Heteromurinae,null,620,null,null,0.0,103.0,47.13,47.0,0,83,15,0,0,99.61
BSCRO1147-25_r_1.5_s_50_BSCRO1147-25_fcleaner,BSCRO1147-25,r_1.5_s_50_fcleaner,>BSCRO1147-25_r_1.5_s_50_BSCRO1147-25_fcleaner,187676,YP_009753939.1,genus:Oncopodura,null,998,null,null,0.0,153.0,84.41,90.0,0,48,19,0,0,96.28
BSCRO1183-25_r_1.3_s_100_BSCRO1183-25_fcleaner,BSCRO1183-25,r_1.3_s_100_fcleaner,>BSCRO1183-25_r_1.3_s_100_BSCRO1183-25_fcleaner,2926737,QIT06492.1,family:Sminthuridae,null,816,null,null,0.0,203.0,70.96,67.0,0,3,27,0,0,80.23
BSCRO1190-25_r_1.3_s_50_BSCRO1190-25_fcleaner,BSCRO1190-25,r_1.3_s_50_fcleaner,>BSCRO1190-25_r_1.3_s_50_BSCRO1190-25_fcleaner,2926737,QIT06492.1,family:Sminthuridae,null,658,null,null,0.0,124.0,51.94,50.0,0,46,32,0,3,94.82
BSCRO1176-25_r_1.5_s_50_BSCRO1176-25_fcleaner,BSCRO1176-25,r_1.5_s_50_fcleaner,>BSCRO1176-25_r_1.5_s_50_BSCRO1176-25_fcleaner,187632,UFX54039.1,subfamily:Onychiurinae,null,1162,null,null,18.0,148.0,101.97,105.0,0,89,97,0,0,100.0
BSCRO1195-25_r_1.5_s_100_BSCRO1195-25_fcleaner,BSCRO1195-25,r_1.5_s_100_fcleaner,>BSCRO1195-25_r_1.5_s_100_BSCRO1195-25_fcleaner,187632,UFX54039.1,subfamily:Onychiurinae,null,3743,null,null,0.0,432.0,316.14,334.0,0,221,227,0,0,99.8
BSCRO1161-25_r_1.5_s_100_BSCRO1161-25_fcleaner,BSCRO1161-25,r_1.5_s_100_fcleaner,>BSCRO1161-25_r_1.5_s_100_BSCRO1161-25_fcleaner,187676,YP_009753939.1,genus:Oncopodura,null,301,null,null,0.0,48.0,25.42,26.0,0,8,10,0,0,93.15
BSCRO1168-25_r_1.5_s_100_BSCRO1168-25_fcleaner,BSCRO1168-25,r_1.5_s_100_fcleaner,>BSCRO1168-25_r_1.5_s_100_BSCRO1168-25_fcleaner,3139678,UFX54039.1,subfamily:Onychiurinae,null,2038,null,null,0.0,273.0,167.33,185.0,0,160,82,0,0,98.63
BSCRO1203-25_r_1.3_s_50_BSCRO1203-25_fcleaner,BSCRO1203-25,r_1.3_s_50_fcleaner,>BSCRO1203-25_r_1.3_s_50_BSCRO1203-25_fcleaner,2768102,YP_010265401.1,family:Paronellidae,null,2198,null,null,0.0,264.0,169.0,173.0,0,371,59,0,0,99.8
BSCRO1153-25_r_1.5_s_100_BSCRO1153-25_fcleaner,BSCRO1153-25,r_1.5_s_100_fcleaner,>BSCRO1153-25_r_1.5_s_100_BSCRO1153-25_fcleaner,187676,YP_009753939.1,genus:Oncopodura,null,2124,null,null,0.0,301.0,192.76,225.0,0,18,35,0,0,93.15
BSCRO1232-25_r_1.5_s_100_BSCRO1232-25_fcleaner,BSCRO1232-25,r_1.5_s_100_fcleaner,>BSCRO1232-25_r_1.5_s_100_BSCRO1232-25_fcleaner,2768102,YP_010265401.1,family:Paronellidae,null,2299,null,null,0.0,324.0,206.5,239.0,0,222,43,0,0,99.8
BSCRO1222-25_r_1_s_100_BSCRO1222-25_fcleaner,BSCRO1222-25,r_1_s_100_fcleaner,>BSCRO1222-25_r_1_s_100_BSCRO1222-25_fcleaner,2768102,YP_010265401.1,family:Paronellidae,null,1498,null,null,0.0,195.0,128.21,135.0,0,162,30,0,0,99.8
BSCRO1229-25_r_1.5_s_50_BSCRO1229-25_fcleaner,BSCRO1229-25,r_1.5_s_50_fcleaner,>BSCRO1229-25_r_1.5_s_50_BSCRO1229-25_fcleaner,2768102,YP_010265401.1,family:Paronellidae,null,2356,null,null,0.0,266.0,197.41,217.0,0,159,63,0,0,99.8
BSCRO1235-25_r_1_s_100_BSCRO1235-25_fcleaner,BSCRO1235-25,r_1_s_100_fcleaner,>BSCRO1235-25_r_1_s_100_BSCRO1235-25_fcleaner,2768102,YP_010265401.1,family:Paronellidae,null,2006,null,null,0.0,229.0,163.8,176.0,0,236,55,0,0,99.8
BSCRO1200-25_r_1.5_s_100_BSCRO1200-25_fcleaner,BSCRO1200-25,r_1.5_s_100_fcleaner,>BSCRO1200-25_r_1.5_s_100_BSCRO1200-25_fcleaner,1765952,XCD10116.1,subfamily:Heteromurinae,null,2431,null,null,0.0,275.0,204.84,207.0,0,130,88,0,0,99.61
BSCRO1219-25_r_1.3_s_50_BSCRO1219-25_fcleaner,BSCRO1219-25,r_1.3_s_50_fcleaner,>BSCRO1219-25_r_1.3_s_50_BSCRO1219-25_fcleaner,187676,YP_009753939.1,genus:Oncopodura,null,1537,null,null,0.0,185.0,117.58,121.0,0,90,32,0,0,99.41
BSCRO1144-25_r_1.3_s_100_BSCRO1144-25_fcleaner,BSCRO1144-25,r_1.3_s_100_fcleaner,>BSCRO1144-25_r_1.3_s_100_BSCRO1144-25_fcleaner,2768102,YP_010265401.1,family:Paronellidae,null,882,null,null,0.0,111.0,77.41,83.0,0,161,21,0,0,99.8
BSCRO1213-25_r_1_s_50_BSCRO1213-25_fcleaner,BSCRO1213-25,r_1_s_50_fcleaner,>BSCRO1213-25_r_1_s_50_BSCRO1213-25_fcleaner,2772100,AJK28732.1,genus:Pseudosinella,null,3442,null,null,42.0,727.0,238.16,237.0,0,510,218,0,0,100.0
BSCRO1201-25_r_1_s_50_BSCRO1201-25_fcleaner,BSCRO1201-25,r_1_s_50_fcleaner,>BSCRO1201-25_r_1_s_50_BSCRO1201-25_fcleaner,1765952,XCD10116.1,subfamily:Heteromurinae,null,1427,null,null,0.0,150.0,109.04,113.0,0,184,123,0,0,99.61
BSCRO1149-25_r_1.5_s_100_BSCRO1149-25_fcleaner,BSCRO1149-25,r_1.5_s_100_fcleaner,>BSCRO1149-25_r_1.5_s_100_BSCRO1149-25_fcleaner,187676,YP_009753939.1,genus:Oncopodura,null,1196,null,null,0.0,177.0,109.35,122.0,0,24,23,0,0,93.15
BSCRO1151-25_r_1_s_100_BSCRO1151-25_fcleaner,BSCRO1151-25,r_1_s_100_fcleaner,>BSCRO1151-25_r_1_s_100_BSCRO1151-25_fcleaner,187676,YP_009753939.1,genus:Oncopodura,null,2678,null,null,0.0,294.0,239.19,241.0,0,68,48,0,0,99.41
BSCRO1159-25_r_1_s_50_BSCRO1159-25_fcleaner,BSCRO1159-25,r_1_s_50_fcleaner,>BSCRO1159-25_r_1_s_50_BSCRO1159-25_fcleaner,187676,YP_009753939.1,genus:Oncopodura,null,4880,null,null,2.0,579.0,426.27,448.0,0,426,191,0,0,100.0
BSCRO1180-25_r_1.3_s_100_BSCRO1180-25_fcleaner,BSCRO1180-25,r_1.3_s_100_fcleaner,>BSCRO1180-25_r_1.3_s_100_BSCRO1180-25_fcleaner,3139678,UFX54039.1,subfamily:Onychiurinae,null,1440,null,null,1.0,175.0,126.14,131.0,0,124,64,0,0,100.0
BSCRO1181-25_r_1.5_s_50_BSCRO1181-25_fcleaner,BSCRO1181-25,r_1.5_s_50_fcleaner,>BSCRO1181-25_r_1.5_s_50_BSCRO1181-25_fcleaner,3139678,UFX54039.1,subfamily:Onychiurinae,null,981,null,null,0.0,128.0,84.46,92.0,0,129,71,0,0,98.83
BSCRO1173-25_r_1.5_s_100_BSCRO1173-25_fcleaner,BSCRO1173-25,r_1.5_s_100_fcleaner,>BSCRO1173-25_r_1.5_s_100_BSCRO1173-25_fcleaner,3139678,UFX54039.1,subfamily:Onychiurinae,null,730,null,null,0.0,120.0,65.92,70.0,0,57,40,0,0,98.83
BSCRO1224-25_r_1.3_s_100_BSCRO1224-25_fcleaner,BSCRO1224-25,r_1.3_s_100_fcleaner,>BSCRO1224-25_r_1.3_s_100_BSCRO1224-25_fcleaner,1765952,XCD10116.1,subfamily:Heteromurinae,null,1637,null,null,0.0,196.0,141.77,152.5,0,179,25,0,0,99.61
BSCRO1202-25_r_1.5_s_100_BSCRO1202-25_fcleaner,BSCRO1202-25,r_1.5_s_100_fcleaner,>BSCRO1202-25_r_1.5_s_100_BSCRO1202-25_fcleaner,1136003,QGZ08860.1,genus:Neelus,null,266,null,null,0.0,40.0,18.66,19.0,0,18,12,0,1,99.8
BSCRO1141-25_r_1.5_s_50_BSCRO1141-25_fcleaner,BSCRO1141-25,r_1.5_s_50_fcleaner,>BSCRO1141-25_r_1.5_s_50_BSCRO1141-25_fcleaner,187676,YP_009753939.1,genus:Oncopodura,null,212,null,null,0.0,24.0,11.85,12.0,0,97,6,0,0,93.74
BSCRO1165-25_r_1.5_s_50_BSCRO1165-25_fcleaner,BSCRO1165-25,r_1.5_s_50_fcleaner,>BSCRO1165-25_r_1.5_s_50_BSCRO1165-25_fcleaner,187676,YP_009753939.1,genus:Oncopodura,null,2001,null,null,0.0,260.0,173.74,197.0,0,23,27,0,0,96.48
BSCRO1209-25_r_1.5_s_100_BSCRO1209-25_fcleaner,BSCRO1209-25,r_1.5_s_100_fcleaner,>BSCRO1209-25_r_1.5_s_100_BSCRO1209-25_fcleaner,1136003,QGZ08860.1,genus:Neelus,null,993,null,null,0.0,117.0,77.77,79.0,0,25,34,0,0,99.8
BSCRO1214-25_r_1_s_100_BSCRO1214-25_fcleaner,BSCRO1214-25,r_1_s_100_fcleaner,>BSCRO1214-25_r_1_s_100_BSCRO1214-25_fcleaner,2772100,AJK28732.1,genus:Pseudosinella,null,2727,null,null,57.0,340.0,244.7,265.0,0,225,78,0,0,100.0
BSCRO1169-25_r_1_s_50_BSCRO1169-25_fcleaner,BSCRO1169-25,r_1_s_50_fcleaner,>BSCRO1169-25_r_1_s_50_BSCRO1169-25_fcleaner,3139678,UFX54039.1,subfamily:Onychiurinae,null,5023,null,null,5.0,550.0,431.63,448.0,0,389,390,0,0,100.0
BSCRO1203-25_r_1_s_100_BSCRO1203-25_fcleaner,BSCRO1203-25,r_1_s_100_fcleaner,>BSCRO1203-25_r_1_s_100_BSCRO1203-25_fcleaner,2768102,YP_010265401.1,family:Paronellidae,null,2019,null,null,0.0,245.0,163.11,169.0,0,231,50,0,0,99.8
BSCRO1209-25_r_1.3_s_100_BSCRO1209-25_fcleaner,BSCRO1209-25,r_1.3_s_100_fcleaner,>BSCRO1209-25_r_1.3_s_100_BSCRO1209-25_fcleaner,1136003,QGZ08860.1,genus:Neelus,null,1129,null,null,46.0,122.0,87.65,88.0,0,38,42,0,0,100.0
BSCRO1189-25_r_1_s_50_BSCRO1189-25_fcleaner,BSCRO1189-25,r_1_s_50_fcleaner,>BSCRO1189-25_r_1_s_50_BSCRO1189-25_fcleaner,2926737,QIT06492.1,family:Sminthuridae,null,1066,null,null,0.0,146.0,80.22,84.0,0,105,44,0,3,99.04
BSCRO1210-25_r_1.5_s_50_BSCRO1210-25_fcleaner,BSCRO1210-25,r_1.5_s_50_fcleaner,>BSCRO1210-25_r_1.5_s_50_BSCRO1210-25_fcleaner,2768102,YP_010265401.1,family:Paronellidae,null,4312,null,null,0.0,557.0,376.4,435.0,0,634,64,0,0,99.8
BSCRO1192-25_r_1.5_s_100_BSCRO1192-25_fcleaner,BSCRO1192-25,r_1.5_s_100_fcleaner,>BSCRO1192-25_r_1.5_s_100_BSCRO1192-25_fcleaner,370027,QFX74494.1,genus:Isotomurus,null,1623,null,null,91.0,184.0,141.76,138.0,0,27,35,0,0,100.0
BSCRO1209-25_r_1.3_s_50_BSCRO1209-25_fcleaner,BSCRO1209-25,r_1.3_s_50_fcleaner,>BSCRO1209-25_r_1.3_s_50_BSCRO1209-25_fcleaner,1136003,QGZ08860.1,genus:Neelus,null,1244,null,null,54.0,137.0,91.8,90.0,0,74,43,0,0,100.0
BSCRO1162-25_r_1.3_s_100_BSCRO1162-25_fcleaner,BSCRO1162-25,r_1.3_s_100_fcleaner,>BSCRO1162-25_r_1.3_s_100_BSCRO1162-25_fcleaner,187676,YP_009753939.1,genus:Oncopodura,null,258,null,null,0.0,55.0,21.36,21.0,0,22,7,0,0,99.41
BSCRO1149-25_r_1.5_s_50_BSCRO1149-25_fcleaner,BSCRO1149-25,r_1.5_s_50_fcleaner,>BSCRO1149-25_r_1.5_s_50_BSCRO1149-25_fcleaner,187676,YP_009753939.1,genus:Oncopodura,null,1292,null,null,0.0,181.0,113.75,125.0,0,53,26,0,0,96.87
BSCRO1216-25_r_1_s_100_BSCRO1216-25_fcleaner,BSCRO1216-25,r_1_s_100_fcleaner,>BSCRO1216-25_r_1_s_100_BSCRO1216-25_fcleaner,187632,UFX54039.1,subfamily:Onychiurinae,null,3454,null,null,0.0,390.0,300.27,303.0,0,154,89,0,0,99.8
BSCRO1234-25_r_1_s_50_BSCRO1234-25_fcleaner,BSCRO1234-25,r_1_s_50_fcleaner,>BSCRO1234-25_r_1_s_50_BSCRO1234-25_fcleaner,2768102,YP_010265401.1,family:Paronellidae,null,2119,null,null,0.0,216.0,172.51,178.0,0,335,61,0,0,99.8
BSCRO1228-25_r_1.3_s_100_BSCRO1228-25_fcleaner,BSCRO1228-25,r_1.3_s_100_fcleaner,>BSCRO1228-25_r_1.3_s_100_BSCRO1228-25_fcleaner,1765952,XCD10116.1,subfamily:Heteromurinae,null,3696,null,null,0.0,454.0,321.17,345.0,0,377,65,0,0,99.61
BSCRO1199-25_r_1.3_s_100_BSCRO1199-25_fcleaner,BSCRO1199-25,r_1.3_s_100_fcleaner,>BSCRO1199-25_r_1.3_s_100_BSCRO1199-25_fcleaner,1765952,XCD10116.1,subfamily:Heteromurinae,null,2151,null,null,0.0,239.0,178.67,181.0,0,128,102,0,0,99.61
BSCRO1150-25_r_1.3_s_100_BSCRO1150-25_fcleaner,BSCRO1150-25,r_1.3_s_100_fcleaner,>BSCRO1150-25_r_1.3_s_100_BSCRO1150-25_fcleaner,187676,YP_009753939.1,genus:Oncopodura,null,1956,null,null,0.0,237.0,179.77,191.0,0,15,32,0,0,99.41
BSCRO1176-25_r_1.3_s_50_BSCRO1176-25_fcleaner,BSCRO1176-25,r_1.3_s_50_fcleaner,>BSCRO1176-25_r_1.3_s_50_BSCRO1176-25_fcleaner,187632,UFX54039.1,subfamily:Onychiurinae,null,1248,null,null,53.0,148.0,108.51,109.0,0,104,111,0,0,100.0
BSCRO1154-25_r_1.5_s_100_BSCRO1154-25_fcleaner,BSCRO1154-25,r_1.5_s_100_fcleaner,>BSCRO1154-25_r_1.5_s_100_BSCRO1154-25_fcleaner,2768102,YP_010265401.1,family:Paronellidae,null,1833,null,null,0.0,240.0,162.59,173.0,0,61,22,0,0,99.8
BSCRO1153-25_r_1.5_s_50_BSCRO1153-25_fcleaner,BSCRO1153-25,r_1.5_s_50_fcleaner,>BSCRO1153-25_r_1.5_s_50_BSCRO1153-25_fcleaner,187676,YP_009753939.1,genus:Oncopodura,null,2276,null,null,0.0,306.0,199.51,233.0,0,35,46,0,0,97.06
BSCRO1175-25_r_1_s_50_BSCRO1175-25_fcleaner,BSCRO1175-25,r_1_s_50_fcleaner,>BSCRO1175-25_r_1_s_50_BSCRO1175-25_fcleaner,187632,UFX54039.1,subfamily:Onychiurinae,null,2458,null,null,76.0,358.0,211.04,204.0,0,679,221,0,0,100.0
BSCRO1218-25_r_1.5_s_50_BSCRO1218-25_fcleaner,BSCRO1218-25,r_1.5_s_50_fcleaner,>BSCRO1218-25_r_1.5_s_50_BSCRO1218-25_fcleaner,187632,UFX54039.1,subfamily:Onychiurinae,null,2038,null,null,0.0,233.0,169.52,186.0,0,167,55,0,0,99.8
BSCRO1156-25_r_1_s_50_BSCRO1156-25_fcleaner,BSCRO1156-25,r_1_s_50_fcleaner,>BSCRO1156-25_r_1_s_50_BSCRO1156-25_fcleaner,187676,YP_009753939.1,genus:Oncopodura,null,1789,null,null,0.0,199.0,146.03,142.0,0,102,63,0,0,99.41
BSCRO1232-25_r_1.3_s_100_BSCRO1232-25_fcleaner,BSCRO1232-25,r_1.3_s_100_fcleaner,>BSCRO1232-25_r_1.3_s_100_BSCRO1232-25_fcleaner,2768102,YP_010265401.1,family:Paronellidae,null,2550,null,null,0.0,325.0,228.5,242.0,0,242,49,0,0,99.8
BSCRO1210-25_r_1.5_s_100_BSCRO1210-25_fcleaner,BSCRO1210-25,r_1.5_s_100_fcleaner,>BSCRO1210-25_r_1.5_s_100_BSCRO1210-25_fcleaner,2768102,YP_010265401.1,family:Paronellidae,null,4217,null,null,0.0,546.0,371.51,431.0,0,455,60,0,0,99.8
BSCRO1198-25_r_1.3_s_100_BSCRO1198-25_fcleaner,BSCRO1198-25,r_1.3_s_100_fcleaner,>BSCRO1198-25_r_1.3_s_100_BSCRO1198-25_fcleaner,2768102,YP_010265401.1,family:Paronellidae,null,1969,null,null,0.0,250.0,174.41,176.0,0,207,65,0,0,99.8
BSCRO1221-25_r_1_s_100_BSCRO1221-25_fcleaner,BSCRO1221-25,r_1_s_100_fcleaner,>BSCRO1221-25_r_1_s_100_BSCRO1221-25_fcleaner,2768102,YP_010265401.1,family:Paronellidae,null,1584,null,null,0.0,183.0,139.16,151.0,0,144,28,0,0,99.8
BSCRO1230-25_r_1.3_s_50_BSCRO1230-25_fcleaner,BSCRO1230-25,r_1.3_s_50_fcleaner,>BSCRO1230-25_r_1.3_s_50_BSCRO1230-25_fcleaner,1765952,XCD10116.1,subfamily:Heteromurinae,null,2301,null,null,0.0,244.0,187.18,188.0,0,129,64,0,0,99.8
BSCRO1191-25_r_1.5_s_50_BSCRO1191-25_fcleaner,BSCRO1191-25,r_1.5_s_50_fcleaner,>BSCRO1191-25_r_1.5_s_50_BSCRO1191-25_fcleaner,2926737,QIT06492.1,family:Sminthuridae,null,242,null,null,0.0,89.0,14.89,5.0,0,48,4,0,0,65.83
BSCRO1162-25_r_1_s_100_BSCRO1162-25_fcleaner,BSCRO1162-25,r_1_s_100_fcleaner,>BSCRO1162-25_r_1_s_100_BSCRO1162-25_fcleaner,187676,YP_009753939.1,genus:Oncopodura,null,277,null,null,0.0,55.0,22.92,22.0,0,37,8,0,0,99.41
BSCRO1141-25_r_1.3_s_50_BSCRO1141-25_fcleaner,BSCRO1141-25,r_1.3_s_50_fcleaner,>BSCRO1141-25_r_1.3_s_50_BSCRO1141-25_fcleaner,187676,YP_009753939.1,genus:Oncopodura,null,266,null,null,0.0,30.0,14.78,16.0,0,171,9,0,0,97.26
BSCRO1143-25_r_1.3_s_100_BSCRO1143-25_fcleaner,BSCRO1143-25,r_1.3_s_100_fcleaner,>BSCRO1143-25_r_1.3_s_100_BSCRO1143-25_fcleaner,2768102,YP_010265401.1,family:Paronellidae,null,2221,null,null,0.0,283.0,201.3,220.0,0,259,45,0,0,99.8
BSCRO1164-25_r_1.3_s_50_BSCRO1164-25_fcleaner,BSCRO1164-25,r_1.3_s_50_fcleaner,>BSCRO1164-25_r_1.3_s_50_BSCRO1164-25_fcleaner,187676,YP_009753939.1,genus:Oncopodura,null,787,null,null,0.0,92.0,61.63,65.0,0,29,19,0,0,99.02
BSCRO1216-25_r_1.3_s_100_BSCRO1216-25_fcleaner,BSCRO1216-25,r_1.3_s_100_fcleaner,>BSCRO1216-25_r_1.3_s_100_BSCRO1216-25_fcleaner,187632,UFX54039.1,subfamily:Onychiurinae,null,3443,null,null,0.0,390.0,299.29,302.0,0,148,88,0,0,99.8
BSCRO1196-25_r_1.3_s_100_BSCRO1196-25_fcleaner,BSCRO1196-25,r_1.3_s_100_fcleaner,>BSCRO1196-25_r_1.3_s_100_BSCRO1196-25_fcleaner,187632,UFX54039.1,subfamily:Onychiurinae,null,1985,null,null,0.0,576.0,170.53,135.0,0,353,102,0,0,99.8
BSCRO1214-25_r_1.3_s_100_BSCRO1214-25_fcleaner,BSCRO1214-25,r_1.3_s_100_fcleaner,>BSCRO1214-25_r_1.3_s_100_BSCRO1214-25_fcleaner,2772100,AJK28732.1,genus:Pseudosinella,null,2449,null,null,0.0,340.0,220.88,255.5,0,224,70,0,0,93.95
BSCRO1205-25_r_1_s_100_BSCRO1205-25_fcleaner,BSCRO1205-25,r_1_s_100_fcleaner,>BSCRO1205-25_r_1_s_100_BSCRO1205-25_fcleaner,2768102,YP_010265401.1,family:Paronellidae,null,2317,null,null,0.0,268.0,185.32,196.0,0,267,53,0,0,99.8
BSCRO1193-25_r_1_s_100_BSCRO1193-25_fcleaner,BSCRO1193-25,r_1_s_100_fcleaner,>BSCRO1193-25_r_1_s_100_BSCRO1193-25_fcleaner,370027,QFX74494.1,genus:Isotomurus,null,1901,null,null,105.0,219.0,161.69,161.0,0,27,39,0,0,100.0
BSCRO1163-25_r_1_s_100_BSCRO1163-25_fcleaner,BSCRO1163-25,r_1_s_100_fcleaner,>BSCRO1163-25_r_1_s_100_BSCRO1163-25_fcleaner,187676,YP_009753939.1,genus:Oncopodura,null,2212,null,null,0.0,270.0,185.45,185.0,0,67,47,0,0,99.41
BSCRO1223-25_r_1.3_s_100_BSCRO1223-25_fcleaner,BSCRO1223-25,r_1.3_s_100_fcleaner,>BSCRO1223-25_r_1.3_s_100_BSCRO1223-25_fcleaner,1765952,XCD10116.1,subfamily:Heteromurinae,null,1517,null,null,0.0,200.0,128.47,130.0,0,122,27,0,0,99.61
BSCRO1207-25_r_1_s_50_BSCRO1207-25_fcleaner,BSCRO1207-25,r_1_s_50_fcleaner,>BSCRO1207-25_r_1_s_50_BSCRO1207-25_fcleaner,1136003,QGZ08860.1,genus:Neelus,null,1218,null,null,20.0,158.0,87.66,89.0,0,250,107,0,0,100.0
BSCRO1151-25_r_1_s_50_BSCRO1151-25_fcleaner,BSCRO1151-25,r_1_s_50_fcleaner,>BSCRO1151-25_r_1_s_50_BSCRO1151-25_fcleaner,187676,YP_009753939.1,genus:Oncopodura,null,3297,null,null,38.0,337.0,261.02,262.0,0,370,100,0,0,100.0
BSCRO1234-25_r_1.3_s_100_BSCRO1234-25_fcleaner,BSCRO1234-25,r_1.3_s_100_fcleaner,>BSCRO1234-25_r_1.3_s_100_BSCRO1234-25_fcleaner,2768102,YP_010265401.1,family:Paronellidae,null,1824,null,null,0.0,206.0,161.29,172.0,0,148,34,0,0,99.8
BSCRO1180-25_r_1.5_s_100_BSCRO1180-25_fcleaner,BSCRO1180-25,r_1.5_s_100_fcleaner,>BSCRO1180-25_r_1.5_s_100_BSCRO1180-25_fcleaner,3139678,UFX54039.1,subfamily:Onychiurinae,null,1362,null,null,0.0,174.0,119.49,130.0,0,116,57,0,0,99.02
BSCRO1198-25_r_1.3_s_50_BSCRO1198-25_fcleaner,BSCRO1198-25,r_1.3_s_50_fcleaner,>BSCRO1198-25_r_1.3_s_50_BSCRO1198-25_fcleaner,2768102,YP_010265401.1,family:Paronellidae,null,2095,null,null,0.0,255.0,181.6,186.0,0,351,74,0,0,99.8
BSCRO1156-25_r_1.3_s_50_BSCRO1156-25_fcleaner,BSCRO1156-25,r_1.3_s_50_fcleaner,>BSCRO1156-25_r_1.3_s_50_BSCRO1156-25_fcleaner,187676,YP_009753939.1,genus:Oncopodura,null,1475,null,null,0.0,193.0,129.36,135.0,0,56,35,0,0,99.41
BSCRO1195-25_r_1_s_50_BSCRO1195-25_fcleaner,BSCRO1195-25,r_1_s_50_fcleaner,>BSCRO1195-25_r_1_s_50_BSCRO1195-25_fcleaner,187632,UFX54039.1,subfamily:Onychiurinae,null,4202,null,null,0.0,455.0,345.25,355.0,0,353,256,0,0,99.8
BSCRO1192-25_r_1.3_s_50_BSCRO1192-25_fcleaner,BSCRO1192-25,r_1.3_s_50_fcleaner,>BSCRO1192-25_r_1.3_s_50_BSCRO1192-25_fcleaner,370027,QFX74494.1,genus:Isotomurus,null,1714,null,null,106.0,186.0,145.64,142.0,0,41,35,0,0,100.0
BSCRO1178-25_r_1_s_100_BSCRO1178-25_fcleaner,BSCRO1178-25,r_1_s_100_fcleaner,>BSCRO1178-25_r_1_s_100_BSCRO1178-25_fcleaner,3139678,UFX54039.1,subfamily:Onychiurinae,null,3482,null,null,0.0,420.0,319.5,350.0,0,174,273,0,0,99.8
BSCRO1224-25_r_1.5_s_50_BSCRO1224-25_fcleaner,BSCRO1224-25,r_1.5_s_50_fcleaner,>BSCRO1224-25_r_1.5_s_50_BSCRO1224-25_fcleaner,1765952,XCD10116.1,subfamily:Heteromurinae,null,1723,null,null,0.0,192.0,142.42,157.0,0,226,22,0,0,99.61
BSCRO1216-25_r_1.5_s_50_BSCRO1216-25_fcleaner,BSCRO1216-25,r_1.5_s_50_fcleaner,>BSCRO1216-25_r_1.5_s_50_BSCRO1216-25_fcleaner,187632,UFX54039.1,subfamily:Onychiurinae,null,3346,null,null,0.0,396.0,287.33,298.0,0,253,90,0,0,99.8
BSCRO1168-25_r_1_s_50_BSCRO1168-25_fcleaner,BSCRO1168-25,r_1_s_50_fcleaner,>BSCRO1168-25_r_1_s_50_BSCRO1168-25_fcleaner,3139678,UFX54039.1,subfamily:Onychiurinae,null,2584,null,null,0.0,360.0,199.93,204.0,0,256,102,0,0,99.61
BSCRO1221-25_r_1.3_s_50_BSCRO1221-25_fcleaner,BSCRO1221-25,r_1.3_s_50_fcleaner,>BSCRO1221-25_r_1.3_s_50_BSCRO1221-25_fcleaner,2768102,YP_010265401.1,family:Paronellidae,null,1705,null,null,0.0,194.0,143.32,155.0,0,255,36,0,0,99.8
BSCRO1164-25_r_1_s_50_BSCRO1164-25_fcleaner,BSCRO1164-25,r_1_s_50_fcleaner,>BSCRO1164-25_r_1_s_50_BSCRO1164-25_fcleaner,187676,YP_009753939.1,genus:Oncopodura,null,911,null,null,0.0,98.0,67.62,67.0,0,103,32,0,0,99.02
BSCRO1184-25_r_1.5_s_100_BSCRO1184-25_fcleaner,BSCRO1184-25,r_1.5_s_100_fcleaner,>BSCRO1184-25_r_1.5_s_100_BSCRO1184-25_fcleaner,2926737,QIT06492.1,family:Sminthuridae,null,363,null,null,0.0,127.0,32.31,15.0,0,1,9,0,0,56.05
BSCRO1195-25_r_1.3_s_100_BSCRO1195-25_fcleaner,BSCRO1195-25,r_1.3_s_100_fcleaner,>BSCRO1195-25_r_1.3_s_100_BSCRO1195-25_fcleaner,187632,UFX54039.1,subfamily:Onychiurinae,null,3919,null,null,0.0,443.0,329.09,343.0,0,226,238,0,0,99.8
BSCRO1191-25_r_1_s_100_BSCRO1191-25_fcleaner,BSCRO1191-25,r_1_s_100_fcleaner,>BSCRO1191-25_r_1_s_100_BSCRO1191-25_fcleaner,2926737,QIT06492.1,family:Sminthuridae,null,664,null,null,0.0,91.0,49.67,55.0,0,93,25,0,3,91.94
BSCRO1143-25_r_1_s_50_BSCRO1143-25_fcleaner,BSCRO1143-25,r_1_s_50_fcleaner,>BSCRO1143-25_r_1_s_50_BSCRO1143-25_fcleaner,2768102,YP_010265401.1,family:Paronellidae,null,2577,null,null,0.0,354.0,213.82,228.0,0,592,77,0,0,99.8
BSCRO1179-25_r_1_s_50_BSCRO1179-25_fcleaner,BSCRO1179-25,r_1_s_50_fcleaner,>BSCRO1179-25_r_1_s_50_BSCRO1179-25_fcleaner,3139678,UFX54039.1,subfamily:Onychiurinae,null,2401,null,null,0.0,272.0,207.1,220.0,0,189,188,0,0,99.8
BSCRO1223-25_r_1.3_s_50_BSCRO1223-25_fcleaner,BSCRO1223-25,r_1.3_s_50_fcleaner,>BSCRO1223-25_r_1.3_s_50_BSCRO1223-25_fcleaner,1765952,XCD10116.1,subfamily:Heteromurinae,null,1671,null,null,0.0,203.0,134.2,136.0,0,170,24,0,0,99.61
BSCRO1231-25_r_1.3_s_50_BSCRO1231-25_fcleaner,BSCRO1231-25,r_1.3_s_50_fcleaner,>BSCRO1231-25_r_1.3_s_50_BSCRO1231-25_fcleaner,2768102,YP_010265401.1,family:Paronellidae,null,2593,null,null,0.0,340.0,224.92,236.0,0,403,54,0,0,99.8
BSCRO1163-25_r_1.5_s_100_BSCRO1163-25_fcleaner,BSCRO1163-25,r_1.5_s_100_fcleaner,>BSCRO1163-25_r_1.5_s_100_BSCRO1163-25_fcleaner,187676,YP_009753939.1,genus:Oncopodura,null,1823,null,null,0.0,265.0,154.17,168.0,0,23,33,0,0,93.15
BSCRO1198-25_r_1.5_s_100_BSCRO1198-25_fcleaner,BSCRO1198-25,r_1.5_s_100_fcleaner,>BSCRO1198-25_r_1.5_s_100_BSCRO1198-25_fcleaner,2768102,YP_010265401.1,family:Paronellidae,null,1753,null,null,0.0,235.0,155.8,166.0,0,194,57,0,0,99.8
BSCRO1211-25_r_1.5_s_50_BSCRO1211-25_fcleaner,BSCRO1211-25,r_1.5_s_50_fcleaner,>BSCRO1211-25_r_1.5_s_50_BSCRO1211-25_fcleaner,2768102,YP_010265401.1,family:Paronellidae,null,4352,null,null,0.0,534.0,372.76,420.0,0,603,69,0,0,99.8
BSCRO1169-25_r_1.3_s_50_BSCRO1169-25_fcleaner,BSCRO1169-25,r_1.3_s_50_fcleaner,>BSCRO1169-25_r_1.3_s_50_BSCRO1169-25_fcleaner,3139678,UFX54039.1,subfamily:Onychiurinae,null,4883,null,null,3.0,546.0,420.52,440.0,0,364,377,0,0,100.0
BSCRO1202-25_r_1_s_100_BSCRO1202-25_fcleaner,BSCRO1202-25,r_1_s_100_fcleaner,>BSCRO1202-25_r_1_s_100_BSCRO1202-25_fcleaner,1136003,QGZ08860.1,genus:Neelus,null,347,null,null,0.0,77.0,26.4,23.0,0,211,40,0,0,98.43
BSCRO1166-25_r_1.3_s_50_BSCRO1166-25_fcleaner,BSCRO1166-25,r_1.3_s_50_fcleaner,>BSCRO1166-25_r_1.3_s_50_BSCRO1166-25_fcleaner,187676,YP_009753939.1,genus:Oncopodura,null,2446,null,null,0.0,306.0,203.78,222.0,0,80,56,0,1,99.41
BSCRO1222-25_r_1.5_s_100_BSCRO1222-25_fcleaner,BSCRO1222-25,r_1.5_s_100_fcleaner,>BSCRO1222-25_r_1.5_s_100_BSCRO1222-25_fcleaner,2768102,YP_010265401.1,family:Paronellidae,null,1371,null,null,0.0,193.0,117.46,131.0,0,157,23,0,0,99.8
BSCRO1185-25_r_1_s_50_BSCRO1185-25_fcleaner,BSCRO1185-25,r_1_s_50_fcleaner,>BSCRO1185-25_r_1_s_50_BSCRO1185-25_fcleaner,2926737,QIT06492.1,family:Sminthuridae,null,1549,null,null,0.0,227.0,130.4,137.0,0,163,57,0,3,97.12
BSCRO1167-25_r_1_s_50_BSCRO1167-25_fcleaner,BSCRO1167-25,r_1_s_50_fcleaner,>BSCRO1167-25_r_1_s_50_BSCRO1167-25_fcleaner,3139678,UFX54039.1,subfamily:Onychiurinae,null,3659,null,null,0.0,494.0,278.43,284.0,0,407,88,0,0,99.61
BSCRO1193-25_r_1_s_50_BSCRO1193-25_fcleaner,BSCRO1193-25,r_1_s_50_fcleaner,>BSCRO1193-25_r_1_s_50_BSCRO1193-25_fcleaner,370027,QFX74494.1,genus:Isotomurus,null,2101,null,null,119.0,247.0,169.96,169.0,0,70,60,0,0,100.0
BSCRO1153-25_r_1_s_100_BSCRO1153-25_fcleaner,BSCRO1153-25,r_1_s_100_fcleaner,>BSCRO1153-25_r_1_s_100_BSCRO1153-25_fcleaner,187676,YP_009753939.1,genus:Oncopodura,null,2678,null,null,0.0,305.0,240.29,247.0,0,50,49,0,0,99.41
BSCRO1204-25_r_1.3_s_100_BSCRO1204-25_fcleaner,BSCRO1204-25,r_1.3_s_100_fcleaner,>BSCRO1204-25_r_1.3_s_100_BSCRO1204-25_fcleaner,2768102,YP_010265401.1,family:Paronellidae,null,1582,null,null,0.0,194.0,130.13,136.0,0,156,39,0,0,99.8
BSCRO1159-25_r_1.3_s_50_BSCRO1159-25_fcleaner,BSCRO1159-25,r_1.3_s_50_fcleaner,>BSCRO1159-25_r_1.3_s_50_BSCRO1159-25_fcleaner,187676,YP_009753939.1,genus:Oncopodura,null,4273,null,null,0.0,577.0,386.57,430.0,0,312,156,0,0,97.85
BSCRO1217-25_r_1.5_s_50_BSCRO1217-25_fcleaner,BSCRO1217-25,r_1.5_s_50_fcleaner,>BSCRO1217-25_r_1.5_s_50_BSCRO1217-25_fcleaner,187632,UFX54039.1,subfamily:Onychiurinae,null,1451,null,null,0.0,176.0,116.85,125.0,0,141,48,0,0,99.8
BSCRO1195-25_r_1_s_100_BSCRO1195-25_fcleaner,BSCRO1195-25,r_1_s_100_fcleaner,>BSCRO1195-25_r_1_s_100_BSCRO1195-25_fcleaner,187632,UFX54039.1,subfamily:Onychiurinae,null,3934,null,null,0.0,446.0,330.44,343.0,0,227,235,0,0,99.8
BSCRO1148-25_r_1_s_50_BSCRO1148-25_fcleaner,BSCRO1148-25,r_1_s_50_fcleaner,>BSCRO1148-25_r_1_s_50_BSCRO1148-25_fcleaner,187676,YP_009753939.1,genus:Oncopodura,null,785,null,null,3.0,86.0,51.62,49.0,0,296,48,0,0,100.0
BSCRO1142-25_r_1.5_s_50_BSCRO1142-25_fcleaner,BSCRO1142-25,r_1.5_s_50_fcleaner,>BSCRO1142-25_r_1.5_s_50_BSCRO1142-25_fcleaner,187676,YP_009753939.1,genus:Oncopodura,null,1153,null,null,0.0,150.0,97.59,101.0,0,35,23,0,0,96.67
BSCRO1234-25_r_1_s_100_BSCRO1234-25_fcleaner,BSCRO1234-25,r_1_s_100_fcleaner,>BSCRO1234-25_r_1_s_100_BSCRO1234-25_fcleaner,2768102,YP_010265401.1,family:Paronellidae,null,1850,null,null,0.0,206.0,163.44,175.0,0,163,35,0,0,99.8
BSCRO1227-25_r_1.5_s_50_BSCRO1227-25_fcleaner,BSCRO1227-25,r_1.5_s_50_fcleaner,>BSCRO1227-25_r_1.5_s_50_BSCRO1227-25_fcleaner,2768102,YP_010265401.1,family:Paronellidae,null,2232,null,null,0.0,283.0,188.74,209.0,0,370,40,0,0,99.8
BSCRO1145-25_r_1.3_s_50_BSCRO1145-25_fcleaner,BSCRO1145-25,r_1.3_s_50_fcleaner,>BSCRO1145-25_r_1.3_s_50_BSCRO1145-25_fcleaner,2768102,YP_010265401.1,family:Paronellidae,null,1226,null,null,0.0,154.0,98.6,100.0,0,281,19,0,0,99.8
BSCRO1169-25_r_1.5_s_100_BSCRO1169-25_fcleaner,BSCRO1169-25,r_1.5_s_100_fcleaner,>BSCRO1169-25_r_1.5_s_100_BSCRO1169-25_fcleaner,3139678,UFX54039.1,subfamily:Onychiurinae,null,4132,null,null,0.0,542.0,369.42,414.0,0,234,325,0,0,99.8
BSCRO1215-25_r_1_s_50_BSCRO1215-25_fcleaner,BSCRO1215-25,r_1_s_50_fcleaner,>BSCRO1215-25_r_1_s_50_BSCRO1215-25_fcleaner,2768102,YP_010265401.1,family:Paronellidae,null,1997,null,null,0.0,223.0,158.9,164.0,0,337,51,0,0,99.8
BSCRO1166-25_r_1.3_s_100_BSCRO1166-25_fcleaner,BSCRO1166-25,r_1.3_s_100_fcleaner,>BSCRO1166-25_r_1.3_s_100_BSCRO1166-25_fcleaner,187676,YP_009753939.1,genus:Oncopodura,null,2246,null,null,0.0,287.0,194.81,212.0,0,32,53,0,1,94.91
BSCRO1225-25_r_1.5_s_100_BSCRO1225-25_fcleaner,BSCRO1225-25,r_1.5_s_100_fcleaner,>BSCRO1225-25_r_1.5_s_100_BSCRO1225-25_fcleaner,2768102,YP_010265401.1,family:Paronellidae,null,4194,null,null,0.0,535.0,365.87,406.0,0,371,85,0,0,99.8
BSCRO1212-25_r_1.5_s_100_BSCRO1212-25_fcleaner,BSCRO1212-25,r_1.5_s_100_fcleaner,>BSCRO1212-25_r_1.5_s_100_BSCRO1212-25_fcleaner,2772100,AJK28732.1,genus:Pseudosinella,null,1074,null,null,0.0,160.0,93.87,99.0,0,125,34,0,0,92.58
BSCRO1226-25_r_1_s_100_BSCRO1226-25_fcleaner,BSCRO1226-25,r_1_s_100_fcleaner,>BSCRO1226-25_r_1_s_100_BSCRO1226-25_fcleaner,2768102,YP_010265401.1,family:Paronellidae,null,4067,null,null,0.0,490.0,362.26,377.0,0,439,72,0,0,99.8
BSCRO1181-25_r_1.3_s_100_BSCRO1181-25_fcleaner,BSCRO1181-25,r_1.3_s_100_fcleaner,>BSCRO1181-25_r_1.3_s_100_BSCRO1181-25_fcleaner,3139678,UFX54039.1,subfamily:Onychiurinae,null,1015,null,null,0.0,128.0,88.02,90.0,0,102,78,0,0,99.8
BSCRO1143-25_r_1_s_100_BSCRO1143-25_fcleaner,BSCRO1143-25,r_1_s_100_fcleaner,>BSCRO1143-25_r_1_s_100_BSCRO1143-25_fcleaner,2768102,YP_010265401.1,family:Paronellidae,null,2233,null,null,0.0,283.0,202.23,221.0,0,277,45,0,0,99.8
BSCRO1161-25_r_1_s_50_BSCRO1161-25_fcleaner,BSCRO1161-25,r_1_s_50_fcleaner,>BSCRO1161-25_r_1_s_50_BSCRO1161-25_fcleaner,187676,YP_009753939.1,genus:Oncopodura,null,606,null,null,6.0,68.0,38.22,35.0,0,83,45,0,0,100.0
BSCRO1223-25_r_1_s_100_BSCRO1223-25_fcleaner,BSCRO1223-25,r_1_s_100_fcleaner,>BSCRO1223-25_r_1_s_100_BSCRO1223-25_fcleaner,1765952,XCD10116.1,subfamily:Heteromurinae,null,1518,null,null,0.0,200.0,128.54,130.0,0,123,27,0,0,99.61
BSCRO1198-25_r_1_s_50_BSCRO1198-25_fcleaner,BSCRO1198-25,r_1_s_50_fcleaner,>BSCRO1198-25_r_1_s_50_BSCRO1198-25_fcleaner,2768102,YP_010265401.1,family:Paronellidae,null,2198,null,null,0.0,264.0,185.57,190.0,0,443,85,0,0,99.8
BSCRO1183-25_r_1.3_s_50_BSCRO1183-25_fcleaner,BSCRO1183-25,r_1.3_s_50_fcleaner,>BSCRO1183-25_r_1.3_s_50_BSCRO1183-25_fcleaner,2926737,QIT06492.1,family:Sminthuridae,null,887,null,null,0.0,226.0,74.32,69.0,0,113,37,0,0,90.4
BSCRO1142-25_r_1.3_s_100_BSCRO1142-25_fcleaner,BSCRO1142-25,r_1.3_s_100_fcleaner,>BSCRO1142-25_r_1.3_s_100_BSCRO1142-25_fcleaner,187676,YP_009753939.1,genus:Oncopodura,null,1157,null,null,0.0,153.0,100.27,107.0,0,30,20,0,0,99.02
BSCRO1181-25_r_1_s_50_BSCRO1181-25_fcleaner,BSCRO1181-25,r_1_s_50_fcleaner,>BSCRO1181-25_r_1_s_50_BSCRO1181-25_fcleaner,3139678,UFX54039.1,subfamily:Onychiurinae,null,1549,null,null,0.0,505.0,110.37,102.0,0,159,103,0,0,99.8
BSCRO1225-25_r_1.3_s_100_BSCRO1225-25_fcleaner,BSCRO1225-25,r_1.3_s_100_fcleaner,>BSCRO1225-25_r_1.3_s_100_BSCRO1225-25_fcleaner,2768102,YP_010265401.1,family:Paronellidae,null,4666,null,null,0.0,551.0,405.43,432.0,0,375,101,0,0,99.8
BSCRO1149-25_r_1_s_100_BSCRO1149-25_fcleaner,BSCRO1149-25,r_1_s_100_fcleaner,>BSCRO1149-25_r_1_s_100_BSCRO1149-25_fcleaner,187676,YP_009753939.1,genus:Oncopodura,null,1543,null,null,0.0,177.0,139.75,139.0,0,187,31,0,0,99.41
BSCRO1184-25_r_1_s_100_BSCRO1184-25_fcleaner,BSCRO1184-25,r_1_s_100_fcleaner,>BSCRO1184-25_r_1_s_100_BSCRO1184-25_fcleaner,2926737,QIT06492.1,family:Sminthuridae,null,1634,null,null,0.0,207.0,145.73,166.0,0,3,58,0,3,90.4
BSCRO1234-25_r_1.5_s_100_BSCRO1234-25_fcleaner,BSCRO1234-25,r_1.5_s_100_fcleaner,>BSCRO1234-25_r_1.5_s_100_BSCRO1234-25_fcleaner,2768102,YP_010265401.1,family:Paronellidae,null,1639,null,null,0.0,195.0,145.28,164.0,0,146,29,0,0,99.8
BSCRO1197-25_r_1.5_s_50_BSCRO1197-25_fcleaner,BSCRO1197-25,r_1.5_s_50_fcleaner,>BSCRO1197-25_r_1.5_s_50_BSCRO1197-25_fcleaner,2768102,YP_010265401.1,family:Paronellidae,null,1773,null,null,0.0,236.0,154.14,169.0,0,284,79,0,0,99.8
BSCRO1175-25_r_1.3_s_50_BSCRO1175-25_fcleaner,BSCRO1175-25,r_1.3_s_50_fcleaner,>BSCRO1175-25_r_1.3_s_50_BSCRO1175-25_fcleaner,187632,UFX54039.1,subfamily:Onychiurinae,null,2128,null,null,76.0,242.0,189.04,194.0,0,277,171,0,0,100.0
BSCRO1174-25_r_1.5_s_100_BSCRO1174-25_fcleaner,BSCRO1174-25,r_1.5_s_100_fcleaner,>BSCRO1174-25_r_1.5_s_100_BSCRO1174-25_fcleaner,187632,UFX54039.1,subfamily:Onychiurinae,null,1836,null,null,15.0,239.0,168.78,174.0,0,124,114,0,0,100.0
BSCRO1173-25_r_1.5_s_50_BSCRO1173-25_fcleaner,BSCRO1173-25,r_1.5_s_50_fcleaner,>BSCRO1173-25_r_1.5_s_50_BSCRO1173-25_fcleaner,3139678,UFX54039.1,subfamily:Onychiurinae,null,755,null,null,0.0,123.0,67.3,71.0,0,93,43,0,0,98.83
BSCRO1232-25_r_1_s_100_BSCRO1232-25_fcleaner,BSCRO1232-25,r_1_s_100_fcleaner,>BSCRO1232-25_r_1_s_100_BSCRO1232-25_fcleaner,2768102,YP_010265401.1,family:Paronellidae,null,2571,null,null,0.0,325.0,230.08,244.0,0,264,52,0,0,99.8
BSCRO1189-25_r_1.5_s_100_BSCRO1189-25_fcleaner,BSCRO1189-25,r_1.5_s_100_fcleaner,>BSCRO1189-25_r_1.5_s_100_BSCRO1189-25_fcleaner,2926737,QIT06492.1,family:Sminthuridae,null,237,null,null,0.0,89.0,19.44,5.0,0,0,5,0,0,59.31
BSCRO1162-25_r_1.3_s_50_BSCRO1162-25_fcleaner,BSCRO1162-25,r_1.3_s_50_fcleaner,>BSCRO1162-25_r_1.3_s_50_BSCRO1162-25_fcleaner,187676,YP_009753939.1,genus:Oncopodura,null,301,null,null,1.0,55.0,23.01,21.0,0,40,11,0,0,100.0
BSCRO1221-25_r_1.5_s_50_BSCRO1221-25_fcleaner,BSCRO1221-25,r_1.5_s_50_fcleaner,>BSCRO1221-25_r_1.5_s_50_BSCRO1221-25_fcleaner,2768102,YP_010265401.1,family:Paronellidae,null,1525,null,null,0.0,194.0,130.41,148.0,0,224,29,0,0,99.8
BSCRO1222-25_r_1.3_s_100_BSCRO1222-25_fcleaner,BSCRO1222-25,r_1.3_s_100_fcleaner,>BSCRO1222-25_r_1.3_s_100_BSCRO1222-25_fcleaner,2768102,YP_010265401.1,family:Paronellidae,null,1483,null,null,0.0,195.0,127.01,134.0,0,159,29,0,0,99.8
BSCRO1194-25_r_1.5_s_50_BSCRO1194-25_fcleaner,BSCRO1194-25,r_1.5_s_50_fcleaner,>BSCRO1194-25_r_1.5_s_50_BSCRO1194-25_fcleaner,370027,QFX74494.1,genus:Isotomurus,null,1261,null,null,65.0,143.0,107.41,106.0,0,22,29,0,0,100.0
BSCRO1227-25_r_1.3_s_50_BSCRO1227-25_fcleaner,BSCRO1227-25,r_1.3_s_50_fcleaner,>BSCRO1227-25_r_1.3_s_50_BSCRO1227-25_fcleaner,2768102,YP_010265401.1,family:Paronellidae,null,2480,null,null,0.0,288.0,206.17,215.0,0,410,53,0,0,99.8
BSCRO1157-25_r_1.5_s_50_BSCRO1157-25_fcleaner,BSCRO1157-25,r_1.5_s_50_fcleaner,>BSCRO1157-25_r_1.5_s_50_BSCRO1157-25_fcleaner,187676,YP_009753939.1,genus:Oncopodura,null,1028,null,null,0.0,164.0,89.2,98.0,0,119,103,0,0,96.09
BSCRO1185-25_r_1.3_s_50_BSCRO1185-25_fcleaner,BSCRO1185-25,r_1.3_s_50_fcleaner,>BSCRO1185-25_r_1.3_s_50_BSCRO1185-25_fcleaner,2926737,QIT06492.1,family:Sminthuridae,null,696,null,null,0.0,213.0,58.96,50.0,0,71,27,0,0,89.06
BSCRO1188-25_r_1.3_s_50_BSCRO1188-25_fcleaner,BSCRO1188-25,r_1.3_s_50_fcleaner,>BSCRO1188-25_r_1.3_s_50_BSCRO1188-25_fcleaner,187676,YP_009753939.1,genus:Oncopodura,null,7165,null,null,0.0,860.0,648.23,712.0,0,93,129,0,1,98.83
BSCRO1188-25_r_1.5_s_50_BSCRO1188-25_fcleaner,BSCRO1188-25,r_1.5_s_50_fcleaner,>BSCRO1188-25_r_1.5_s_50_BSCRO1188-25_fcleaner,187676,YP_009753939.1,genus:Oncopodura,null,6445,null,null,0.0,826.0,583.0,635.0,0,30,105,0,1,97.26
BSCRO1227-25_r_1.5_s_100_BSCRO1227-25_fcleaner,BSCRO1227-25,r_1.5_s_100_fcleaner,>BSCRO1227-25_r_1.5_s_100_BSCRO1227-25_fcleaner,2768102,YP_010265401.1,family:Paronellidae,null,2125,null,null,0.0,281.0,184.34,202.0,0,248,35,0,0,99.8
BSCRO1143-25_r_1.5_s_50_BSCRO1143-25_fcleaner,BSCRO1143-25,r_1.5_s_50_fcleaner,>BSCRO1143-25_r_1.5_s_50_BSCRO1143-25_fcleaner,2768102,YP_010265401.1,family:Paronellidae,null,2187,null,null,0.0,350.0,186.84,215.0,0,374,9,0,0,99.8
BSCRO1234-25_r_1.5_s_50_BSCRO1234-25_fcleaner,BSCRO1234-25,r_1.5_s_50_fcleaner,>BSCRO1234-25_r_1.5_s_50_BSCRO1234-25_fcleaner,2768102,YP_010265401.1,family:Paronellidae,null,1759,null,null,0.0,208.0,150.04,167.0,0,226,36,0,0,99.8
BSCRO1161-25_r_1.3_s_100_BSCRO1161-25_fcleaner,BSCRO1161-25,r_1.3_s_100_fcleaner,>BSCRO1161-25_r_1.3_s_100_BSCRO1161-25_fcleaner,187676,YP_009753939.1,genus:Oncopodura,null,339,null,null,0.0,48.0,28.37,29.0,0,16,11,0,0,99.41
BSCRO1199-25_r_1_s_50_BSCRO1199-25_fcleaner,BSCRO1199-25,r_1_s_50_fcleaner,>BSCRO1199-25_r_1_s_50_BSCRO1199-25_fcleaner,1765952,XCD10116.1,subfamily:Heteromurinae,null,2541,null,null,0.0,268.0,195.71,195.5,0,245,134,0,0,99.61
BSCRO1143-25_r_1.5_s_100_BSCRO1143-25_fcleaner,BSCRO1143-25,r_1.5_s_100_fcleaner,>BSCRO1143-25_r_1.5_s_100_BSCRO1143-25_fcleaner,2768102,YP_010265401.1,family:Paronellidae,null,1988,null,null,0.0,276.0,180.06,212.0,0,234,39,0,0,99.8
BSCRO1192-25_r_1.5_s_50_BSCRO1192-25_fcleaner,BSCRO1192-25,r_1.5_s_50_fcleaner,>BSCRO1192-25_r_1.5_s_50_BSCRO1192-25_fcleaner,370027,QFX74494.1,genus:Isotomurus,null,1695,null,null,104.0,184.0,144.0,140.0,0,35,37,0,0,100.0
BSCRO1151-25_r_1.3_s_50_BSCRO1151-25_fcleaner,BSCRO1151-25,r_1.3_s_50_fcleaner,>BSCRO1151-25_r_1.3_s_50_BSCRO1151-25_fcleaner,187676,YP_009753939.1,genus:Oncopodura,null,2740,null,null,0.0,308.0,230.65,245.0,0,104,60,0,0,99.41
BSCRO1174-25_r_1_s_50_BSCRO1174-25_fcleaner,BSCRO1174-25,r_1_s_50_fcleaner,>BSCRO1174-25_r_1_s_50_BSCRO1174-25_fcleaner,187632,UFX54039.1,subfamily:Onychiurinae,null,2299,null,null,119.0,302.0,198.09,200.0,0,551,173,0,0,100.0
BSCRO1172-25_r_1_s_100_BSCRO1172-25_fcleaner,BSCRO1172-25,r_1_s_100_fcleaner,>BSCRO1172-25_r_1_s_100_BSCRO1172-25_fcleaner,3139678,UFX54039.1,subfamily:Onychiurinae,null,2334,null,null,0.0,298.0,201.37,215.0,0,209,60,0,0,99.8
BSCRO1220-25_r_1_s_100_BSCRO1220-25_fcleaner,BSCRO1220-25,r_1_s_100_fcleaner,>BSCRO1220-25_r_1_s_100_BSCRO1220-25_fcleaner,2768102,YP_010265401.1,family:Paronellidae,null,1367,null,null,0.0,159.0,116.3,124.0,0,191,28,0,0,99.8
BSCRO1212-25_r_1_s_100_BSCRO1212-25_fcleaner,BSCRO1212-25,r_1_s_100_fcleaner,>BSCRO1212-25_r_1_s_100_BSCRO1212-25_fcleaner,2772100,AJK28732.1,genus:Pseudosinella,null,1237,null,null,24.0,160.0,106.67,110.0,0,133,47,0,0,100.0
BSCRO1217-25_r_1.3_s_100_BSCRO1217-25_fcleaner,BSCRO1217-25,r_1.3_s_100_fcleaner,>BSCRO1217-25_r_1.3_s_100_BSCRO1217-25_fcleaner,187632,UFX54039.1,subfamily:Onychiurinae,null,1414,null,null,0.0,173.0,117.88,126.0,0,90,44,0,0,99.8
BSCRO1157-25_r_1_s_100_BSCRO1157-25_fcleaner,BSCRO1157-25,r_1_s_100_fcleaner,>BSCRO1157-25_r_1_s_100_BSCRO1157-25_fcleaner,187676,YP_009753939.1,genus:Oncopodura,null,1252,null,null,0.0,195.0,109.92,119.0,0,151,138,0,0,99.02
BSCRO1206-25_r_1.5_s_50_BSCRO1206-25_fcleaner,BSCRO1206-25,r_1.5_s_50_fcleaner,>BSCRO1206-25_r_1.5_s_50_BSCRO1206-25_fcleaner,1765952,XCD10116.1,subfamily:Heteromurinae,null,628,null,null,0.0,103.0,46.12,46.0,0,80,15,0,0,99.61
BSCRO1152-25_r_1.5_s_50_BSCRO1152-25_fcleaner,BSCRO1152-25,r_1.5_s_50_fcleaner,>BSCRO1152-25_r_1.5_s_50_BSCRO1152-25_fcleaner,187676,YP_009753939.1,genus:Oncopodura,null,2063,null,null,0.0,283.0,173.4,194.0,0,45,50,0,0,97.85
BSCRO1179-25_r_1_s_100_BSCRO1179-25_fcleaner,BSCRO1179-25,r_1_s_100_fcleaner,>BSCRO1179-25_r_1_s_100_BSCRO1179-25_fcleaner,3139678,UFX54039.1,subfamily:Onychiurinae,null,2221,null,null,0.0,248.0,195.75,209.0,0,144,181,0,0,99.8
BSCRO1186-25_r_1.5_s_100_BSCRO1186-25_fcleaner,BSCRO1186-25,r_1.5_s_100_fcleaner,>BSCRO1186-25_r_1.5_s_100_BSCRO1186-25_fcleaner,2926737,QIT06492.1,family:Sminthuridae,null,178,null,null,0.0,62.0,15.06,6.0,0,0,6,0,0,63.72
BSCRO1176-25_r_1.5_s_100_BSCRO1176-25_fcleaner,BSCRO1176-25,r_1.5_s_100_fcleaner,>BSCRO1176-25_r_1.5_s_100_BSCRO1176-25_fcleaner,187632,UFX54039.1,subfamily:Onychiurinae,null,1092,null,null,14.0,145.0,97.16,100.0,0,57,90,0,0,100.0
BSCRO1205-25_r_1.3_s_100_BSCRO1205-25_fcleaner,BSCRO1205-25,r_1.3_s_100_fcleaner,>BSCRO1205-25_r_1.3_s_100_BSCRO1205-25_fcleaner,2768102,YP_010265401.1,family:Paronellidae,null,2280,null,null,0.0,267.0,182.79,195.0,0,257,51,0,0,99.8
BSCRO1171-25_r_1_s_50_BSCRO1171-25_fcleaner,BSCRO1171-25,r_1_s_50_fcleaner,>BSCRO1171-25_r_1_s_50_BSCRO1171-25_fcleaner,3139678,UFX54039.1,subfamily:Onychiurinae,null,1779,null,null,0.0,368.0,134.24,128.0,0,199,82,0,0,99.8
BSCRO1227-25_r_1.3_s_100_BSCRO1227-25_fcleaner,BSCRO1227-25,r_1.3_s_100_fcleaner,>BSCRO1227-25_r_1.3_s_100_BSCRO1227-25_fcleaner,2768102,YP_010265401.1,family:Paronellidae,null,2307,null,null,0.0,283.0,199.85,210.0,0,254,42,0,0,99.8
BSCRO1208-25_r_1.3_s_50_BSCRO1208-25_fcleaner,BSCRO1208-25,r_1.3_s_50_fcleaner,>BSCRO1208-25_r_1.3_s_50_BSCRO1208-25_fcleaner,1136003,QGZ08860.1,genus:Neelus,null,735,null,null,22.0,87.0,51.48,49.0,0,109,44,0,0,100.0
BSCRO1141-25_r_1.3_s_100_BSCRO1141-25_fcleaner,BSCRO1141-25,r_1.3_s_100_fcleaner,>BSCRO1141-25_r_1.3_s_100_BSCRO1141-25_fcleaner,187676,YP_009753939.1,genus:Oncopodura,null,188,null,null,0.0,29.0,12.04,12.0,0,133,5,0,0,88.26
BSCRO1174-25_r_1_s_100_BSCRO1174-25_fcleaner,BSCRO1174-25,r_1_s_100_fcleaner,>BSCRO1174-25_r_1_s_100_BSCRO1174-25_fcleaner,187632,UFX54039.1,subfamily:Onychiurinae,null,2032,null,null,99.0,242.0,185.29,188.0,0,248,146,0,0,100.0
BSCRO1155-25_r_1_s_100_BSCRO1155-25_fcleaner,BSCRO1155-25,r_1_s_100_fcleaner,>BSCRO1155-25_r_1_s_100_BSCRO1155-25_fcleaner,2768102,YP_010265401.1,family:Paronellidae,null,4774,null,null,0.0,568.0,430.56,443.0,0,111,75,0,0,99.8
BSCRO1148-25_r_1.5_s_50_BSCRO1148-25_fcleaner,BSCRO1148-25,r_1.5_s_50_fcleaner,>BSCRO1148-25_r_1.5_s_50_BSCRO1148-25_fcleaner,187676,YP_009753939.1,genus:Oncopodura,null,431,null,null,0.0,67.0,34.23,35.0,0,39,24,0,0,96.48
BSCRO1163-25_r_1.5_s_50_BSCRO1163-25_fcleaner,BSCRO1163-25,r_1.5_s_50_fcleaner,>BSCRO1163-25_r_1.5_s_50_BSCRO1163-25_fcleaner,187676,YP_009753939.1,genus:Oncopodura,null,1973,null,null,0.0,270.0,160.0,173.0,0,46,36,0,0,96.87
BSCRO1228-25_r_1_s_100_BSCRO1228-25_fcleaner,BSCRO1228-25,r_1_s_100_fcleaner,>BSCRO1228-25_r_1_s_100_BSCRO1228-25_fcleaner,1765952,XCD10116.1,subfamily:Heteromurinae,null,3740,null,null,0.0,465.0,324.66,347.0,0,391,70,0,0,99.61
BSCRO1155-25_r_1_s_50_BSCRO1155-25_fcleaner,BSCRO1155-25,r_1_s_50_fcleaner,>BSCRO1155-25_r_1_s_50_BSCRO1155-25_fcleaner,2768102,YP_010265401.1,family:Paronellidae,null,5103,null,null,0.0,584.0,443.8,457.0,0,362,98,0,0,99.8
BSCRO1171-25_r_1.3_s_100_BSCRO1171-25_fcleaner,BSCRO1171-25,r_1.3_s_100_fcleaner,>BSCRO1171-25_r_1.3_s_100_BSCRO1171-25_fcleaner,3139678,UFX54039.1,subfamily:Onychiurinae,null,1339,null,null,0.0,176.0,115.37,117.0,0,103,43,0,0,99.8
BSCRO1228-25_r_1_s_50_BSCRO1228-25_fcleaner,BSCRO1228-25,r_1_s_50_fcleaner,>BSCRO1228-25_r_1_s_50_BSCRO1228-25_fcleaner,1765952,XCD10116.1,subfamily:Heteromurinae,null,4143,null,null,0.0,477.0,340.21,362.0,0,484,101,0,0,99.61
BSCRO1178-25_r_1.5_s_100_BSCRO1178-25_fcleaner,BSCRO1178-25,r_1.5_s_100_fcleaner,>BSCRO1178-25_r_1.5_s_100_BSCRO1178-25_fcleaner,3139678,UFX54039.1,subfamily:Onychiurinae,null,3118,null,null,0.0,402.0,286.66,324.0,0,116,240,0,0,99.61
BSCRO1222-25_r_1.3_s_50_BSCRO1222-25_fcleaner,BSCRO1222-25,r_1.3_s_50_fcleaner,>BSCRO1222-25_r_1.3_s_50_BSCRO1222-25_fcleaner,2768102,YP_010265401.1,family:Paronellidae,null,1647,null,null,0.0,199.0,133.02,138.0,0,262,36,0,0,99.8
BSCRO1212-25_r_1.5_s_50_BSCRO1212-25_fcleaner,BSCRO1212-25,r_1.5_s_50_fcleaner,>BSCRO1212-25_r_1.5_s_50_BSCRO1212-25_fcleaner,2772100,AJK28732.1,genus:Pseudosinella,null,1472,null,null,0.0,479.0,102.31,102.0,0,197,52,0,0,94.92
BSCRO1230-25_r_1.5_s_100_BSCRO1230-25_fcleaner,BSCRO1230-25,r_1.5_s_100_fcleaner,>BSCRO1230-25_r_1.5_s_100_BSCRO1230-25_fcleaner,1765952,XCD10116.1,subfamily:Heteromurinae,null,1977,null,null,0.0,226.0,168.88,171.0,0,53,48,0,0,99.8
BSCRO1167-25_r_1.5_s_100_BSCRO1167-25_fcleaner,BSCRO1167-25,r_1.5_s_100_fcleaner,>BSCRO1167-25_r_1.5_s_100_BSCRO1167-25_fcleaner,3139678,UFX54039.1,subfamily:Onychiurinae,null,2831,null,null,0.0,342.0,229.99,259.0,0,249,130,0,0,98.63
BSCRO1213-25_r_1.3_s_100_BSCRO1213-25_fcleaner,BSCRO1213-25,r_1.3_s_100_fcleaner,>BSCRO1213-25_r_1.3_s_100_BSCRO1213-25_fcleaner,2772100,AJK28732.1,genus:Pseudosinella,null,2268,null,null,0.0,335.0,194.8,217.5,0,241,70,0,0,93.95
BSCRO1184-25_r_1_s_50_BSCRO1184-25_fcleaner,BSCRO1184-25,r_1_s_50_fcleaner,>BSCRO1184-25_r_1_s_50_BSCRO1184-25_fcleaner,2926737,QIT06492.1,family:Sminthuridae,null,1858,null,null,0.0,225.0,155.89,177.0,0,189,80,0,3,96.74
BSCRO1150-25_r_1_s_100_BSCRO1150-25_fcleaner,BSCRO1150-25,r_1_s_100_fcleaner,>BSCRO1150-25_r_1_s_100_BSCRO1150-25_fcleaner,187676,YP_009753939.1,genus:Oncopodura,null,2142,null,null,0.0,252.0,196.35,195.0,0,24,34,0,0,99.41
BSCRO1233-25_r_1.5_s_50_BSCRO1233-25_fcleaner,BSCRO1233-25,r_1.5_s_50_fcleaner,>BSCRO1233-25_r_1.5_s_50_BSCRO1233-25_fcleaner,2768102,YP_010265401.1,family:Paronellidae,null,3466,null,null,0.0,459.0,305.92,351.0,0,476,76,0,0,99.8
BSCRO1225-25_r_1_s_100_BSCRO1225-25_fcleaner,BSCRO1225-25,r_1_s_100_fcleaner,>BSCRO1225-25_r_1_s_100_BSCRO1225-25_fcleaner,2768102,YP_010265401.1,family:Paronellidae,null,4697,null,null,0.0,551.0,407.86,432.0,0,386,102,0,0,99.8
BSCRO1230-25_r_1_s_100_BSCRO1230-25_fcleaner,BSCRO1230-25,r_1_s_100_fcleaner,>BSCRO1230-25_r_1_s_100_BSCRO1230-25_fcleaner,1765952,XCD10116.1,subfamily:Heteromurinae,null,2108,null,null,0.0,236.0,178.98,180.0,0,64,53,0,0,99.8
BSCRO1145-25_r_1.5_s_100_BSCRO1145-25_fcleaner,BSCRO1145-25,r_1.5_s_100_fcleaner,>BSCRO1145-25_r_1.5_s_100_BSCRO1145-25_fcleaner,2768102,YP_010265401.1,family:Paronellidae,null,959,null,null,0.0,137.0,85.51,92.0,0,129,14,0,0,99.8
BSCRO1211-25_r_1.3_s_50_BSCRO1211-25_fcleaner,BSCRO1211-25,r_1.3_s_50_fcleaner,>BSCRO1211-25_r_1.3_s_50_BSCRO1211-25_fcleaner,2768102,YP_010265401.1,family:Paronellidae,null,4900,null,null,0.0,559.0,415.38,442.0,0,678,87,0,0,99.8
BSCRO1144-25_r_1_s_100_BSCRO1144-25_fcleaner,BSCRO1144-25,r_1_s_100_fcleaner,>BSCRO1144-25_r_1_s_100_BSCRO1144-25_fcleaner,2768102,YP_010265401.1,family:Paronellidae,null,889,null,null,0.0,111.0,78.02,84.0,0,184,24,0,0,99.8
BSCRO1169-25_r_1.3_s_100_BSCRO1169-25_fcleaner,BSCRO1169-25,r_1.3_s_100_fcleaner,>BSCRO1169-25_r_1.3_s_100_BSCRO1169-25_fcleaner,3139678,UFX54039.1,subfamily:Onychiurinae,null,4645,null,null,0.0,545.0,409.27,429.0,0,243,365,0,0,99.8
BSCRO1149-25_r_1_s_50_BSCRO1149-25_fcleaner,BSCRO1149-25,r_1_s_50_fcleaner,>BSCRO1149-25_r_1_s_50_BSCRO1149-25_fcleaner,187676,YP_009753939.1,genus:Oncopodura,null,1879,null,null,8.0,195.0,151.95,154.0,0,403,63,0,0,100.0
BSCRO1228-25_r_1.5_s_50_BSCRO1228-25_fcleaner,BSCRO1228-25,r_1.5_s_50_fcleaner,>BSCRO1228-25_r_1.5_s_50_BSCRO1228-25_fcleaner,1765952,XCD10116.1,subfamily:Heteromurinae,null,3697,null,null,0.0,463.0,313.93,344.5,0,373,60,0,0,99.61
BSCRO1200-25_r_1_s_100_BSCRO1200-25_fcleaner,BSCRO1200-25,r_1_s_100_fcleaner,>BSCRO1200-25_r_1_s_100_BSCRO1200-25_fcleaner,1765952,XCD10116.1,subfamily:Heteromurinae,null,2540,null,null,0.0,277.0,213.72,222.0,0,172,97,0,0,99.61
BSCRO1209-25_r_1.5_s_50_BSCRO1209-25_fcleaner,BSCRO1209-25,r_1.5_s_50_fcleaner,>BSCRO1209-25_r_1.5_s_50_BSCRO1209-25_fcleaner,1136003,QGZ08860.1,genus:Neelus,null,1082,null,null,0.0,122.0,81.1,82.0,0,47,39,0,0,99.8
BSCRO1182-25_r_1_s_100_BSCRO1182-25_fcleaner,BSCRO1182-25,r_1_s_100_fcleaner,>BSCRO1182-25_r_1_s_100_BSCRO1182-25_fcleaner,3139678,UFX54039.1,subfamily:Onychiurinae,null,2126,null,null,0.0,274.0,187.51,191.0,0,188,102,0,0,99.8
BSCRO1195-25_r_1.5_s_50_BSCRO1195-25_fcleaner,BSCRO1195-25,r_1.5_s_50_fcleaner,>BSCRO1195-25_r_1.5_s_50_BSCRO1195-25_fcleaner,187632,UFX54039.1,subfamily:Onychiurinae,null,3895,null,null,0.0,443.0,323.28,342.0,0,310,234,0,0,99.8
BSCRO1183-25_r_1_s_50_BSCRO1183-25_fcleaner,BSCRO1183-25,r_1_s_50_fcleaner,>BSCRO1183-25_r_1_s_50_BSCRO1183-25_fcleaner,2926737,QIT06492.1,family:Sminthuridae,null,1920,null,null,0.0,248.0,160.66,181.0,0,294,77,0,3,99.42
BSCRO1207-25_r_1.3_s_100_BSCRO1207-25_fcleaner,BSCRO1207-25,r_1.3_s_100_fcleaner,>BSCRO1207-25_r_1.3_s_100_BSCRO1207-25_fcleaner,1136003,QGZ08860.1,genus:Neelus,null,664,null,null,12.0,130.0,48.56,39.0,0,58,47,0,0,100.0
BSCRO1220-25_r_1.5_s_50_BSCRO1220-25_fcleaner,BSCRO1220-25,r_1.5_s_50_fcleaner,>BSCRO1220-25_r_1.5_s_50_BSCRO1220-25_fcleaner,2768102,YP_010265401.1,family:Paronellidae,null,1307,null,null,0.0,161.0,107.78,124.0,0,231,27,0,0,99.8
BSCRO1148-25_r_1.3_s_100_BSCRO1148-25_fcleaner,BSCRO1148-25,r_1.3_s_100_fcleaner,>BSCRO1148-25_r_1.3_s_100_BSCRO1148-25_fcleaner,187676,YP_009753939.1,genus:Oncopodura,null,417,null,null,0.0,65.0,37.06,38.0,0,12,17,0,0,99.41
BSCRO1164-25_r_1_s_100_BSCRO1164-25_fcleaner,BSCRO1164-25,r_1_s_100_fcleaner,>BSCRO1164-25_r_1_s_100_BSCRO1164-25_fcleaner,187676,YP_009753939.1,genus:Oncopodura,null,756,null,null,0.0,86.0,62.16,63.0,0,47,16,0,0,99.02
BSCRO1233-25_r_1_s_50_BSCRO1233-25_fcleaner,BSCRO1233-25,r_1_s_50_fcleaner,>BSCRO1233-25_r_1_s_50_BSCRO1233-25_fcleaner,2768102,YP_010265401.1,family:Paronellidae,null,4009,null,null,0.0,462.0,344.0,371.0,0,713,101,0,0,99.8
BSCRO1153-25_r_1_s_50_BSCRO1153-25_fcleaner,BSCRO1153-25,r_1_s_50_fcleaner,>BSCRO1153-25_r_1_s_50_BSCRO1153-25_fcleaner,187676,YP_009753939.1,genus:Oncopodura,null,3088,null,null,9.0,312.0,255.22,259.0,0,228,79,0,0,100.0
BSCRO1187-25_r_1.3_s_50_BSCRO1187-25_fcleaner,BSCRO1187-25,r_1.3_s_50_fcleaner,>BSCRO1187-25_r_1.3_s_50_BSCRO1187-25_fcleaner,2926737,QIT06492.1,family:Sminthuridae,null,671,null,null,0.0,121.0,53.84,56.0,0,57,18,0,0,90.02
BSCRO1181-25_r_1.5_s_100_BSCRO1181-25_fcleaner,BSCRO1181-25,r_1.5_s_100_fcleaner,>BSCRO1181-25_r_1.5_s_100_BSCRO1181-25_fcleaner,3139678,UFX54039.1,subfamily:Onychiurinae,null,946,null,null,0.0,125.0,82.24,89.0,0,91,74,0,0,98.83
BSCRO1197-25_r_1.3_s_100_BSCRO1197-25_fcleaner,BSCRO1197-25,r_1.3_s_100_fcleaner,>BSCRO1197-25_r_1.3_s_100_BSCRO1197-25_fcleaner,2768102,YP_010265401.1,family:Paronellidae,null,1815,null,null,0.0,235.0,161.42,169.0,0,177,80,0,0,99.8
BSCRO1204-25_r_1.5_s_100_BSCRO1204-25_fcleaner,BSCRO1204-25,r_1.5_s_100_fcleaner,>BSCRO1204-25_r_1.5_s_100_BSCRO1204-25_fcleaner,2768102,YP_010265401.1,family:Paronellidae,null,1432,null,null,0.0,194.0,118.1,127.0,0,149,32,0,0,99.8
BSCRO1192-25_r_1_s_50_BSCRO1192-25_fcleaner,BSCRO1192-25,r_1_s_50_fcleaner,>BSCRO1192-25_r_1_s_50_BSCRO1192-25_fcleaner,370027,QFX74494.1,genus:Isotomurus,null,1881,null,null,108.0,237.0,153.49,150.0,0,69,72,0,0,100.0
BSCRO1152-25_r_1.3_s_50_BSCRO1152-25_fcleaner,BSCRO1152-25,r_1.3_s_50_fcleaner,>BSCRO1152-25_r_1.3_s_50_BSCRO1152-25_fcleaner,187676,YP_009753939.1,genus:Oncopodura,null,2528,null,null,0.0,306.0,207.31,216.0,0,76,70,0,0,99.41
BSCRO1217-25_r_1.5_s_100_BSCRO1217-25_fcleaner,BSCRO1217-25,r_1.5_s_100_fcleaner,>BSCRO1217-25_r_1.5_s_100_BSCRO1217-25_fcleaner,187632,UFX54039.1,subfamily:Onychiurinae,null,1326,null,null,0.0,173.0,111.27,120.0,0,85,43,0,0,99.8
BSCRO1206-25_r_1_s_50_BSCRO1206-25_fcleaner,BSCRO1206-25,r_1_s_50_fcleaner,>BSCRO1206-25_r_1_s_50_BSCRO1206-25_fcleaner,1765952,XCD10116.1,subfamily:Heteromurinae,null,808,null,null,0.0,109.0,53.37,52.0,0,146,34,0,0,99.61
BSCRO1165-25_r_1.3_s_100_BSCRO1165-25_fcleaner,BSCRO1165-25,r_1.3_s_100_fcleaner,>BSCRO1165-25_r_1.3_s_100_BSCRO1165-25_fcleaner,187676,YP_009753939.1,genus:Oncopodura,null,2094,null,null,0.0,262.0,186.02,198.0,0,12,34,0,0,99.02
BSCRO1152-25_r_1.3_s_100_BSCRO1152-25_fcleaner,BSCRO1152-25,r_1.3_s_100_fcleaner,>BSCRO1152-25_r_1.3_s_100_BSCRO1152-25_fcleaner,187676,YP_009753939.1,genus:Oncopodura,null,2253,null,null,0.0,282.0,196.65,209.0,0,23,55,0,0,99.41
BSCRO1196-25_r_1_s_100_BSCRO1196-25_fcleaner,BSCRO1196-25,r_1_s_100_fcleaner,>BSCRO1196-25_r_1_s_100_BSCRO1196-25_fcleaner,187632,UFX54039.1,subfamily:Onychiurinae,null,3350,null,null,0.0,971.0,289.17,270.0,0,655,260,0,3,99.8
BSCRO1194-25_r_1.3_s_50_BSCRO1194-25_fcleaner,BSCRO1194-25,r_1.3_s_50_fcleaner,>BSCRO1194-25_r_1.3_s_50_BSCRO1194-25_fcleaner,370027,QFX74494.1,genus:Isotomurus,null,1285,null,null,66.0,147.0,109.18,107.0,0,23,31,0,0,100.0
BSCRO1171-25_r_1.5_s_100_BSCRO1171-25_fcleaner,BSCRO1171-25,r_1.5_s_100_fcleaner,>BSCRO1171-25_r_1.5_s_100_BSCRO1171-25_fcleaner,3139678,UFX54039.1,subfamily:Onychiurinae,null,1246,null,null,0.0,173.0,107.47,114.0,0,99,41,0,0,98.83
BSCRO1159-25_r_1.3_s_100_BSCRO1159-25_fcleaner,BSCRO1159-25,r_1.3_s_100_fcleaner,>BSCRO1159-25_r_1.3_s_100_BSCRO1159-25_fcleaner,187676,YP_009753939.1,genus:Oncopodura,null,4055,null,null,0.0,575.0,373.53,414.0,0,240,144,0,0,93.54
BSCRO1196-25_r_1_s_50_BSCRO1196-25_fcleaner,BSCRO1196-25,r_1_s_50_fcleaner,>BSCRO1196-25_r_1_s_50_BSCRO1196-25_fcleaner,187632,UFX54039.1,subfamily:Onychiurinae,null,3984,null,null,0.0,1000.0,317.77,281.0,0,654,275,0,3,99.8
BSCRO1233-25_r_1.3_s_100_BSCRO1233-25_fcleaner,BSCRO1233-25,r_1.3_s_100_fcleaner,>BSCRO1233-25_r_1.3_s_100_BSCRO1233-25_fcleaner,2768102,YP_010265401.1,family:Paronellidae,null,3656,null,null,0.0,447.0,329.49,358.0,0,346,76,0,0,99.8
BSCRO1214-25_r_1.5_s_100_BSCRO1214-25_fcleaner,BSCRO1214-25,r_1.5_s_100_fcleaner,>BSCRO1214-25_r_1.5_s_100_BSCRO1214-25_fcleaner,2772100,AJK28732.1,genus:Pseudosinella,null,2370,null,null,0.0,338.0,213.99,248.0,0,217,65,0,0,92.58
BSCRO1170-25_r_1.3_s_100_BSCRO1170-25_fcleaner,BSCRO1170-25,r_1.3_s_100_fcleaner,>BSCRO1170-25_r_1.3_s_100_BSCRO1170-25_fcleaner,3139678,UFX54039.1,subfamily:Onychiurinae,null,7674,null,null,1.0,963.0,700.07,722.0,0,531,636,0,0,100.0
BSCRO1226-25_r_1.3_s_50_BSCRO1226-25_fcleaner,BSCRO1226-25,r_1.3_s_50_fcleaner,>BSCRO1226-25_r_1.3_s_50_BSCRO1226-25_fcleaner,2768102,YP_010265401.1,family:Paronellidae,null,4266,null,null,0.0,495.0,370.17,385.0,0,570,79,0,0,99.8
BSCRO1228-25_r_1.3_s_50_BSCRO1228-25_fcleaner,BSCRO1228-25,r_1.3_s_50_fcleaner,>BSCRO1228-25_r_1.3_s_50_BSCRO1228-25_fcleaner,1765952,XCD10116.1,subfamily:Heteromurinae,null,3918,null,null,0.0,464.0,329.97,350.5,0,423,68,0,0,99.61
BSCRO1173-25_r_1_s_100_BSCRO1173-25_fcleaner,BSCRO1173-25,r_1_s_100_fcleaner,>BSCRO1173-25_r_1_s_100_BSCRO1173-25_fcleaner,3139678,UFX54039.1,subfamily:Onychiurinae,null,818,null,null,0.0,125.0,73.46,75.0,0,62,44,0,0,99.8
BSCRO1162-25_r_1.5_s_50_BSCRO1162-25_fcleaner,BSCRO1162-25,r_1.5_s_50_fcleaner,>BSCRO1162-25_r_1.5_s_50_BSCRO1162-25_fcleaner,187676,YP_009753939.1,genus:Oncopodura,null,249,null,null,0.0,47.0,19.94,20.0,0,30,9,0,0,96.67
BSCRO1180-25_r_1.3_s_50_BSCRO1180-25_fcleaner,BSCRO1180-25,r_1.3_s_50_fcleaner,>BSCRO1180-25_r_1.3_s_50_BSCRO1180-25_fcleaner,3139678,UFX54039.1,subfamily:Onychiurinae,null,1494,null,null,1.0,175.0,128.78,133.0,0,204,68,0,0,100.0
BSCRO1205-25_r_1.5_s_50_BSCRO1205-25_fcleaner,BSCRO1205-25,r_1.5_s_50_fcleaner,>BSCRO1205-25_r_1.5_s_50_BSCRO1205-25_fcleaner,2768102,YP_010265401.1,family:Paronellidae,null,2170,null,null,0.0,254.0,169.54,195.0,0,341,47,0,0,99.8
BSCRO1213-25_r_1.5_s_50_BSCRO1213-25_fcleaner,BSCRO1213-25,r_1.5_s_50_fcleaner,>BSCRO1213-25_r_1.5_s_50_BSCRO1213-25_fcleaner,2772100,AJK28732.1,genus:Pseudosinella,null,2825,null,null,0.0,699.0,203.53,216.0,0,332,101,0,0,94.92
BSCRO1226-25_r_1.5_s_50_BSCRO1226-25_fcleaner,BSCRO1226-25,r_1.5_s_50_fcleaner,>BSCRO1226-25_r_1.5_s_50_BSCRO1226-25_fcleaner,2768102,YP_010265401.1,family:Paronellidae,null,3830,null,null,0.0,494.0,335.92,364.0,0,512,65,0,0,99.8
BSCRO1150-25_r_1.5_s_100_BSCRO1150-25_fcleaner,BSCRO1150-25,r_1.5_s_100_fcleaner,>BSCRO1150-25_r_1.5_s_100_BSCRO1150-25_fcleaner,187676,YP_009753939.1,genus:Oncopodura,null,1719,null,null,0.0,236.0,158.66,183.0,0,10,26,0,0,93.15
BSCRO1174-25_r_1.3_s_50_BSCRO1174-25_fcleaner,BSCRO1174-25,r_1.3_s_50_fcleaner,>BSCRO1174-25_r_1.3_s_50_BSCRO1174-25_fcleaner,187632,UFX54039.1,subfamily:Onychiurinae,null,2108,null,null,107.0,244.0,187.88,190.0,0,285,149,0,0,100.0
BSCRO1179-25_r_1.3_s_100_BSCRO1179-25_fcleaner,BSCRO1179-25,r_1.3_s_100_fcleaner,>BSCRO1179-25_r_1.3_s_100_BSCRO1179-25_fcleaner,3139678,UFX54039.1,subfamily:Onychiurinae,null,2182,null,null,0.0,248.0,192.37,203.0,0,127,173,0,0,99.8
BSCRO1218-25_r_1.3_s_50_BSCRO1218-25_fcleaner,BSCRO1218-25,r_1.3_s_50_fcleaner,>BSCRO1218-25_r_1.3_s_50_BSCRO1218-25_fcleaner,187632,UFX54039.1,subfamily:Onychiurinae,null,2273,null,null,0.0,241.0,184.44,195.0,0,214,67,0,0,99.8
BSCRO1201-25_r_1.3_s_100_BSCRO1201-25_fcleaner,BSCRO1201-25,r_1.3_s_100_fcleaner,>BSCRO1201-25_r_1.3_s_100_BSCRO1201-25_fcleaner,1765952,XCD10116.1,subfamily:Heteromurinae,null,1134,null,null,0.0,129.0,96.78,100.0,0,67,72,0,0,99.61
BSCRO1187-25_r_1_s_50_BSCRO1187-25_fcleaner,BSCRO1187-25,r_1_s_50_fcleaner,>BSCRO1187-25_r_1_s_50_BSCRO1187-25_fcleaner,2926737,QIT06492.1,family:Sminthuridae,null,1353,null,null,0.0,156.0,102.39,106.0,0,138,51,0,3,99.04
BSCRO1177-25_r_1.5_s_50_BSCRO1177-25_fcleaner,BSCRO1177-25,r_1.5_s_50_fcleaner,>BSCRO1177-25_r_1.5_s_50_BSCRO1177-25_fcleaner,3139678,UFX54039.1,subfamily:Onychiurinae,null,2149,null,null,0.0,256.0,189.94,206.0,0,91,170,0,0,99.61
BSCRO1215-25_r_1_s_100_BSCRO1215-25_fcleaner,BSCRO1215-25,r_1_s_100_fcleaner,>BSCRO1215-25_r_1_s_100_BSCRO1215-25_fcleaner,2768102,YP_010265401.1,family:Paronellidae,null,1698,null,null,0.0,215.0,149.34,153.0,0,124,25,0,0,99.8
BSCRO1183-25_r_1_s_100_BSCRO1183-25_fcleaner,BSCRO1183-25,r_1_s_100_fcleaner,>BSCRO1183-25_r_1_s_100_BSCRO1183-25_fcleaner,2926737,QIT06492.1,family:Sminthuridae,null,1721,null,null,0.0,226.0,151.91,176.0,0,16,57,0,3,90.98
BSCRO1229-25_r_1.3_s_50_BSCRO1229-25_fcleaner,BSCRO1229-25,r_1.3_s_50_fcleaner,>BSCRO1229-25_r_1.3_s_50_BSCRO1229-25_fcleaner,2768102,YP_010265401.1,family:Paronellidae,null,2715,null,null,0.0,276.0,224.14,230.0,0,200,82,0,0,99.8
BSCRO1185-25_r_1_s_100_BSCRO1185-25_fcleaner,BSCRO1185-25,r_1_s_100_fcleaner,>BSCRO1185-25_r_1_s_100_BSCRO1185-25_fcleaner,2926737,QIT06492.1,family:Sminthuridae,null,1366,null,null,0.0,206.0,122.55,128.0,0,6,45,0,3,90.4
BSCRO1229-25_r_1_s_50_BSCRO1229-25_fcleaner,BSCRO1229-25,r_1_s_50_fcleaner,>BSCRO1229-25_r_1_s_50_BSCRO1229-25_fcleaner,2768102,YP_010265401.1,family:Paronellidae,null,2871,null,null,0.0,291.0,230.5,237.0,0,269,94,0,0,99.8
BSCRO1182-25_r_1.3_s_50_BSCRO1182-25_fcleaner,BSCRO1182-25,r_1.3_s_50_fcleaner,>BSCRO1182-25_r_1.3_s_50_BSCRO1182-25_fcleaner,3139678,UFX54039.1,subfamily:Onychiurinae,null,2168,null,null,0.0,275.0,188.3,194.0,0,273,98,0,0,99.8
BSCRO1223-25_r_1.5_s_50_BSCRO1223-25_fcleaner,BSCRO1223-25,r_1.5_s_50_fcleaner,>BSCRO1223-25_r_1.5_s_50_BSCRO1223-25_fcleaner,1765952,XCD10116.1,subfamily:Heteromurinae,null,1533,null,null,0.0,197.0,126.46,131.0,0,149,29,0,0,99.61
BSCRO1190-25_r_1.5_s_50_BSCRO1190-25_fcleaner,BSCRO1190-25,r_1.5_s_50_fcleaner,>BSCRO1190-25_r_1.5_s_50_BSCRO1190-25_fcleaner,2926737,QIT06492.1,family:Sminthuridae,null,309,null,null,0.0,94.0,23.1,15.0,0,17,13,0,0,79.08
BSCRO1159-25_r_1.5_s_100_BSCRO1159-25_fcleaner,BSCRO1159-25,r_1.5_s_100_fcleaner,>BSCRO1159-25_r_1.5_s_100_BSCRO1159-25_fcleaner,187676,YP_009753939.1,genus:Oncopodura,null,3693,null,null,0.0,535.0,340.6,384.0,0,220,125,0,0,93.54
BSCRO1164-25_r_1.5_s_100_BSCRO1164-25_fcleaner,BSCRO1164-25,r_1.5_s_100_fcleaner,>BSCRO1164-25_r_1.5_s_100_BSCRO1164-25_fcleaner,187676,YP_009753939.1,genus:Oncopodura,null,638,null,null,0.0,81.0,52.72,56.0,0,7,12,0,0,97.26
BSCRO1157-25_r_1.3_s_50_BSCRO1157-25_fcleaner,BSCRO1157-25,r_1.3_s_50_fcleaner,>BSCRO1157-25_r_1.3_s_50_BSCRO1157-25_fcleaner,187676,YP_009753939.1,genus:Oncopodura,null,1279,null,null,0.0,195.0,107.2,120.0,0,207,132,0,0,98.24
BSCRO1202-25_r_1.3_s_100_BSCRO1202-25_fcleaner,BSCRO1202-25,r_1.3_s_100_fcleaner,>BSCRO1202-25_r_1.3_s_100_BSCRO1202-25_fcleaner,1136003,QGZ08860.1,genus:Neelus,null,303,null,null,4.0,49.0,21.47,20.0,0,35,19,0,0,100.0
BSCRO1146-25_r_1.5_s_50_BSCRO1146-25_fcleaner,BSCRO1146-25,r_1.5_s_50_fcleaner,>BSCRO1146-25_r_1.5_s_50_BSCRO1146-25_fcleaner,187676,YP_009753939.1,genus:Oncopodura,null,1288,null,null,0.0,167.0,109.62,115.0,0,62,30,0,0,96.87
BSCRO1189-25_r_1_s_100_BSCRO1189-25_fcleaner,BSCRO1189-25,r_1_s_100_fcleaner,>BSCRO1189-25_r_1_s_100_BSCRO1189-25_fcleaner,2926737,QIT06492.1,family:Sminthuridae,null,857,null,null,0.0,123.0,72.64,77.0,0,14,22,0,3,92.32
BSCRO1186-25_r_1.3_s_100_BSCRO1186-25_fcleaner,BSCRO1186-25,r_1.3_s_100_fcleaner,>BSCRO1186-25_r_1.3_s_100_BSCRO1186-25_fcleaner,2926737,QIT06492.1,family:Sminthuridae,null,373,null,null,0.0,97.0,31.34,33.0,0,2,13,0,0,83.11
BSCRO1223-25_r_1_s_50_BSCRO1223-25_fcleaner,BSCRO1223-25,r_1_s_50_fcleaner,>BSCRO1223-25_r_1_s_50_BSCRO1223-25_fcleaner,1765952,XCD10116.1,subfamily:Heteromurinae,null,1825,null,null,0.0,207.0,138.85,143.5,0,244,54,0,0,99.61
BSCRO1219-25_r_1_s_100_BSCRO1219-25_fcleaner,BSCRO1219-25,r_1_s_100_fcleaner,>BSCRO1219-25_r_1_s_100_BSCRO1219-25_fcleaner,187676,YP_009753939.1,genus:Oncopodura,null,1453,null,null,0.0,171.0,118.79,118.0,0,49,26,0,0,99.41
BSCRO1162-25_r_1_s_50_BSCRO1162-25_fcleaner,BSCRO1162-25,r_1_s_50_fcleaner,>BSCRO1162-25_r_1_s_50_BSCRO1162-25_fcleaner,187676,YP_009753939.1,genus:Oncopodura,null,408,null,null,3.0,57.0,27.42,26.0,0,92,30,0,0,100.0
BSCRO1211-25_r_1_s_50_BSCRO1211-25_fcleaner,BSCRO1211-25,r_1_s_50_fcleaner,>BSCRO1211-25_r_1_s_50_BSCRO1211-25_fcleaner,2768102,YP_010265401.1,family:Paronellidae,null,5038,null,null,0.0,567.0,421.63,454.0,0,826,98,0,0,99.8
BSCRO1207-25_r_1.5_s_50_BSCRO1207-25_fcleaner,BSCRO1207-25,r_1.5_s_50_fcleaner,>BSCRO1207-25_r_1.5_s_50_BSCRO1207-25_fcleaner,1136003,QGZ08860.1,genus:Neelus,null,586,null,null,0.0,83.0,39.29,37.0,0,84,29,0,0,99.8
BSCRO1158-25_r_1.5_s_100_BSCRO1158-25_fcleaner,BSCRO1158-25,r_1.5_s_100_fcleaner,>BSCRO1158-25_r_1.5_s_100_BSCRO1158-25_fcleaner,187676,YP_009753939.1,genus:Oncopodura,null,4027,null,null,0.0,548.0,371.71,424.0,0,133,102,0,0,97.65
BSCRO1142-25_r_1_s_100_BSCRO1142-25_fcleaner,BSCRO1142-25,r_1_s_100_fcleaner,>BSCRO1142-25_r_1_s_100_BSCRO1142-25_fcleaner,187676,YP_009753939.1,genus:Oncopodura,null,1243,null,null,0.0,153.0,107.68,109.0,0,86,21,0,0,99.02
BSCRO1182-25_r_1.3_s_100_BSCRO1182-25_fcleaner,BSCRO1182-25,r_1.3_s_100_fcleaner,>BSCRO1182-25_r_1.3_s_100_BSCRO1182-25_fcleaner,3139678,UFX54039.1,subfamily:Onychiurinae,null,2074,null,null,0.0,274.0,183.17,190.0,0,176,97,0,0,99.8
BSCRO1172-25_r_1.5_s_50_BSCRO1172-25_fcleaner,BSCRO1172-25,r_1.5_s_50_fcleaner,>BSCRO1172-25_r_1.5_s_50_BSCRO1172-25_fcleaner,3139678,UFX54039.1,subfamily:Onychiurinae,null,2179,null,null,0.0,295.0,186.68,211.0,0,287,54,0,0,98.83
BSCRO1194-25_r_1_s_50_BSCRO1194-25_fcleaner,BSCRO1194-25,r_1_s_50_fcleaner,>BSCRO1194-25_r_1_s_50_BSCRO1194-25_fcleaner,370027,QFX74494.1,genus:Isotomurus,null,1380,null,null,66.0,173.0,113.79,111.0,0,48,52,0,0,100.0
BSCRO1208-25_r_1_s_50_BSCRO1208-25_fcleaner,BSCRO1208-25,r_1_s_50_fcleaner,>BSCRO1208-25_r_1_s_50_BSCRO1208-25_fcleaner,1136003,QGZ08860.1,genus:Neelus,null,951,null,null,27.0,125.0,68.36,67.0,0,276,93,0,0,100.0
BSCRO1233-25_r_1.5_s_100_BSCRO1233-25_fcleaner,BSCRO1233-25,r_1.5_s_100_fcleaner,>BSCRO1233-25_r_1.5_s_100_BSCRO1233-25_fcleaner,2768102,YP_010265401.1,family:Paronellidae,null,3299,null,null,0.0,444.0,297.6,344.0,0,331,65,0,0,99.8
BSCRO1205-25_r_1.3_s_50_BSCRO1205-25_fcleaner,BSCRO1205-25,r_1.3_s_50_fcleaner,>BSCRO1205-25_r_1.3_s_50_BSCRO1205-25_fcleaner,2768102,YP_010265401.1,family:Paronellidae,null,2472,null,null,0.0,275.0,190.54,202.0,0,381,63,0,0,99.8
BSCRO1179-25_r_1.5_s_50_BSCRO1179-25_fcleaner,BSCRO1179-25,r_1.5_s_50_fcleaner,>BSCRO1179-25_r_1.5_s_50_BSCRO1179-25_fcleaner,3139678,UFX54039.1,subfamily:Onychiurinae,null,2069,null,null,0.0,245.0,180.57,196.0,0,111,162,0,0,99.8
BSCRO1199-25_r_1.5_s_50_BSCRO1199-25_fcleaner,BSCRO1199-25,r_1.5_s_50_fcleaner,>BSCRO1199-25_r_1.5_s_50_BSCRO1199-25_fcleaner,1765952,XCD10116.1,subfamily:Heteromurinae,null,2265,null,null,0.0,267.0,181.09,175.5,0,142,99,0,0,99.61
BSCRO1188-25_r_1.5_s_100_BSCRO1188-25_fcleaner,BSCRO1188-25,r_1.5_s_100_fcleaner,>BSCRO1188-25_r_1.5_s_100_BSCRO1188-25_fcleaner,187676,YP_009753939.1,genus:Oncopodura,null,6178,null,null,0.0,817.0,572.15,625.0,0,15,99,0,1,93.54
BSCRO1213-25_r_1.5_s_100_BSCRO1213-25_fcleaner,BSCRO1213-25,r_1.5_s_100_fcleaner,>BSCRO1213-25_r_1.5_s_100_BSCRO1213-25_fcleaner,2772100,AJK28732.1,genus:Pseudosinella,null,2190,null,null,0.0,333.0,188.68,213.0,0,238,67,0,0,92.58
BSCRO1167-25_r_1.3_s_100_BSCRO1167-25_fcleaner,BSCRO1167-25,r_1.3_s_100_fcleaner,>BSCRO1167-25_r_1.3_s_100_BSCRO1167-25_fcleaner,3139678,UFX54039.1,subfamily:Onychiurinae,null,3066,null,null,0.0,347.0,248.59,264.0,0,256,139,0,0,99.61
BSCRO1160-25_r_1.3_s_100_BSCRO1160-25_fcleaner,BSCRO1160-25,r_1.3_s_100_fcleaner,>BSCRO1160-25_r_1.3_s_100_BSCRO1160-25_fcleaner,187676,YP_009753939.1,genus:Oncopodura,null,1952,null,null,0.0,244.0,173.5,185.0,0,22,36,0,0,99.02
BSCRO1229-25_r_1.3_s_100_BSCRO1229-25_fcleaner,BSCRO1229-25,r_1.3_s_100_fcleaner,>BSCRO1229-25_r_1.3_s_100_BSCRO1229-25_fcleaner,2768102,YP_010265401.1,family:Paronellidae,null,2410,null,null,0.0,268.0,212.65,219.0,0,131,60,0,0,99.8
BSCRO1149-25_r_1.3_s_50_BSCRO1149-25_fcleaner,BSCRO1149-25,r_1.3_s_50_fcleaner,>BSCRO1149-25_r_1.3_s_50_BSCRO1149-25_fcleaner,187676,YP_009753939.1,genus:Oncopodura,null,1577,null,null,0.0,188.0,134.7,136.0,0,134,42,0,0,99.41
BSCRO1181-25_r_1_s_100_BSCRO1181-25_fcleaner,BSCRO1181-25,r_1_s_100_fcleaner,>BSCRO1181-25_r_1_s_100_BSCRO1181-25_fcleaner,3139678,UFX54039.1,subfamily:Onychiurinae,null,1035,null,null,0.0,128.0,89.59,92.0,0,102,84,0,0,99.8
BSCRO1231-25_r_1_s_100_BSCRO1231-25_fcleaner,BSCRO1231-25,r_1_s_100_fcleaner,>BSCRO1231-25_r_1_s_100_BSCRO1231-25_fcleaner,2768102,YP_010265401.1,family:Paronellidae,null,2465,null,null,0.0,337.0,220.47,234.0,0,253,45,0,0,99.8
BSCRO1176-25_r_1_s_100_BSCRO1176-25_fcleaner,BSCRO1176-25,r_1_s_100_fcleaner,>BSCRO1176-25_r_1_s_100_BSCRO1176-25_fcleaner,187632,UFX54039.1,subfamily:Onychiurinae,null,1155,null,null,45.0,146.0,102.38,104.0,0,62,98,0,0,100.0
BSCRO1204-25_r_1_s_100_BSCRO1204-25_fcleaner,BSCRO1204-25,r_1_s_100_fcleaner,>BSCRO1204-25_r_1_s_100_BSCRO1204-25_fcleaner,2768102,YP_010265401.1,family:Paronellidae,null,1598,null,null,0.0,194.0,131.4,136.0,0,163,38,0,0,99.8
BSCRO1160-25_r_1.5_s_100_BSCRO1160-25_fcleaner,BSCRO1160-25,r_1.5_s_100_fcleaner,>BSCRO1160-25_r_1.5_s_100_BSCRO1160-25_fcleaner,187676,YP_009753939.1,genus:Oncopodura,null,1702,null,null,0.0,227.0,152.23,173.0,0,18,27,0,0,93.15
BSCRO1145-25_r_1_s_50_BSCRO1145-25_fcleaner,BSCRO1145-25,r_1_s_50_fcleaner,>BSCRO1145-25_r_1_s_50_BSCRO1145-25_fcleaner,2768102,YP_010265401.1,family:Paronellidae,null,1294,null,null,0.0,162.0,101.04,104.0,0,420,39,0,0,99.8
BSCRO1220-25_r_1.3_s_50_BSCRO1220-25_fcleaner,BSCRO1220-25,r_1.3_s_50_fcleaner,>BSCRO1220-25_r_1.3_s_50_BSCRO1220-25_fcleaner,2768102,YP_010265401.1,family:Paronellidae,null,1473,null,null,0.0,165.0,119.83,128.0,0,266,35,0,0,99.8
BSCRO1232-25_r_1.5_s_50_BSCRO1232-25_fcleaner,BSCRO1232-25,r_1.5_s_50_fcleaner,>BSCRO1232-25_r_1.5_s_50_BSCRO1232-25_fcleaner,2768102,YP_010265401.1,family:Paronellidae,null,2453,null,null,0.0,326.0,213.17,245.0,0,351,53,0,0,99.8
BSCRO1168-25_r_1.5_s_50_BSCRO1168-25_fcleaner,BSCRO1168-25,r_1.5_s_50_fcleaner,>BSCRO1168-25_r_1.5_s_50_BSCRO1168-25_fcleaner,3139678,UFX54039.1,subfamily:Onychiurinae,null,2114,null,null,0.0,273.0,170.16,186.0,0,219,86,0,0,99.02
BSCRO1226-25_r_1.5_s_100_BSCRO1226-25_fcleaner,BSCRO1226-25,r_1.5_s_100_fcleaner,>BSCRO1226-25_r_1.5_s_100_BSCRO1226-25_fcleaner,2768102,YP_010265401.1,family:Paronellidae,null,3683,null,null,0.0,486.0,328.94,357.0,0,370,58,0,0,99.8
BSCRO1200-25_r_1.5_s_50_BSCRO1200-25_fcleaner,BSCRO1200-25,r_1.5_s_50_fcleaner,>BSCRO1200-25_r_1.5_s_50_BSCRO1200-25_fcleaner,1765952,XCD10116.1,subfamily:Heteromurinae,null,2674,null,null,0.0,292.0,217.11,221.0,0,162,94,0,0,99.61
BSCRO1221-25_r_1.3_s_100_BSCRO1221-25_fcleaner,BSCRO1221-25,r_1.3_s_100_fcleaner,>BSCRO1221-25_r_1.3_s_100_BSCRO1221-25_fcleaner,2768102,YP_010265401.1,family:Paronellidae,null,1577,null,null,0.0,183.0,138.63,151.0,0,129,28,0,0,99.8
BSCRO1141-25_r_1_s_50_BSCRO1141-25_fcleaner,BSCRO1141-25,r_1_s_50_fcleaner,>BSCRO1141-25_r_1_s_50_BSCRO1141-25_fcleaner,187676,YP_009753939.1,genus:Oncopodura,null,346,null,null,0.0,58.0,21.19,20.0,0,405,30,0,0,97.46
BSCRO1196-25_r_1.5_s_50_BSCRO1196-25_fcleaner,BSCRO1196-25,r_1.5_s_50_fcleaner,>BSCRO1196-25_r_1.5_s_50_BSCRO1196-25_fcleaner,187632,UFX54039.1,subfamily:Onychiurinae,null,1828,null,null,0.0,371.0,140.08,135.0,0,121,103,0,0,99.8
BSCRO1181-25_r_1.3_s_50_BSCRO1181-25_fcleaner,BSCRO1181-25,r_1.3_s_50_fcleaner,>BSCRO1181-25_r_1.3_s_50_BSCRO1181-25_fcleaner,3139678,UFX54039.1,subfamily:Onychiurinae,null,1073,null,null,0.0,133.0,91.49,93.0,0,145,80,0,0,99.8
BSCRO1215-25_r_1.5_s_100_BSCRO1215-25_fcleaner,BSCRO1215-25,r_1.5_s_100_fcleaner,>BSCRO1215-25_r_1.5_s_100_BSCRO1215-25_fcleaner,2768102,YP_010265401.1,family:Paronellidae,null,1552,null,null,0.0,215.0,136.95,150.0,0,107,21,0,0,99.8
BSCRO1212-25_r_1.3_s_100_BSCRO1212-25_fcleaner,BSCRO1212-25,r_1.3_s_100_fcleaner,>BSCRO1212-25_r_1.3_s_100_BSCRO1212-25_fcleaner,2772100,AJK28732.1,genus:Pseudosinella,null,1134,null,null,0.0,160.0,98.19,106.0,0,127,44,0,0,93.95
BSCRO1214-25_r_1.3_s_50_BSCRO1214-25_fcleaner,BSCRO1214-25,r_1.3_s_50_fcleaner,>BSCRO1214-25_r_1.3_s_50_BSCRO1214-25_fcleaner,2772100,AJK28732.1,genus:Pseudosinella,null,3012,null,null,0.0,691.0,235.35,266.0,0,363,108,0,0,96.29
BSCRO1193-25_r_1.3_s_50_BSCRO1193-25_fcleaner,BSCRO1193-25,r_1.3_s_50_fcleaner,>BSCRO1193-25_r_1.3_s_50_BSCRO1193-25_fcleaner,370027,QFX74494.1,genus:Isotomurus,null,1966,null,null,117.0,215.0,161.97,161.0,0,33,39,0,0,100.0
BSCRO1161-25_r_1.3_s_50_BSCRO1161-25_fcleaner,BSCRO1161-25,r_1.3_s_50_fcleaner,>BSCRO1161-25_r_1.3_s_50_BSCRO1161-25_fcleaner,187676,YP_009753939.1,genus:Oncopodura,null,446,null,null,0.0,53.0,31.75,32.0,0,41,31,0,0,99.41
BSCRO1193-25_r_1.3_s_100_BSCRO1193-25_fcleaner,BSCRO1193-25,r_1.3_s_100_fcleaner,>BSCRO1193-25_r_1.3_s_100_BSCRO1193-25_fcleaner,370027,QFX74494.1,genus:Isotomurus,null,1869,null,null,104.0,215.0,158.88,159.0,0,21,37,0,0,100.0
BSCRO1156-25_r_1.5_s_100_BSCRO1156-25_fcleaner,BSCRO1156-25,r_1.5_s_100_fcleaner,>BSCRO1156-25_r_1.5_s_100_BSCRO1156-25_fcleaner,187676,YP_009753939.1,genus:Oncopodura,null,1214,null,null,0.0,166.0,110.63,122.0,0,8,25,0,0,92.37
BSCRO1163-25_r_1_s_50_BSCRO1163-25_fcleaner,BSCRO1163-25,r_1_s_50_fcleaner,>BSCRO1163-25_r_1_s_50_BSCRO1163-25_fcleaner,187676,YP_009753939.1,genus:Oncopodura,null,2619,null,null,0.0,281.0,200.1,200.0,0,169,75,0,0,99.41
BSCRO1166-25_r_1.5_s_100_BSCRO1166-25_fcleaner,BSCRO1166-25,r_1.5_s_100_fcleaner,>BSCRO1166-25_r_1.5_s_100_BSCRO1166-25_fcleaner,187676,YP_009753939.1,genus:Oncopodura,null,2090,null,null,0.0,280.0,181.61,197.0,0,22,44,0,0,93.15
BSCRO1187-25_r_1.5_s_50_BSCRO1187-25_fcleaner,BSCRO1187-25,r_1.5_s_50_fcleaner,>BSCRO1187-25_r_1.5_s_50_BSCRO1187-25_fcleaner,2926737,QIT06492.1,family:Sminthuridae,null,296,null,null,0.0,95.0,23.04,10.0,0,29,9,0,0,64.49
BSCRO1208-25_r_1.5_s_50_BSCRO1208-25_fcleaner,BSCRO1208-25,r_1.5_s_50_fcleaner,>BSCRO1208-25_r_1.5_s_50_BSCRO1208-25_fcleaner,1136003,QGZ08860.1,genus:Neelus,null,618,null,null,1.0,87.0,42.62,43.0,0,72,27,0,0,100.0
BSCRO1216-25_r_1.5_s_100_BSCRO1216-25_fcleaner,BSCRO1216-25,r_1.5_s_100_fcleaner,>BSCRO1216-25_r_1.5_s_100_BSCRO1216-25_fcleaner,187632,UFX54039.1,subfamily:Onychiurinae,null,3213,null,null,0.0,390.0,281.32,295.0,0,141,79,0,0,99.8
BSCRO1182-25_r_1_s_50_BSCRO1182-25_fcleaner,BSCRO1182-25,r_1_s_50_fcleaner,>BSCRO1182-25_r_1_s_50_BSCRO1182-25_fcleaner,3139678,UFX54039.1,subfamily:Onychiurinae,null,2713,null,null,0.0,659.0,210.68,197.0,0,336,144,0,0,99.8
BSCRO1217-25_r_1_s_50_BSCRO1217-25_fcleaner,BSCRO1217-25,r_1_s_50_fcleaner,>BSCRO1217-25_r_1_s_50_BSCRO1217-25_fcleaner,187632,UFX54039.1,subfamily:Onychiurinae,null,1728,null,null,0.0,185.0,129.73,133.0,0,216,69,0,0,99.8
BSCRO1197-25_r_1.5_s_100_BSCRO1197-25_fcleaner,BSCRO1197-25,r_1.5_s_100_fcleaner,>BSCRO1197-25_r_1.5_s_100_BSCRO1197-25_fcleaner,2768102,YP_010265401.1,family:Paronellidae,null,1646,null,null,0.0,235.0,146.46,159.0,0,171,74,0,0,99.8
BSCRO1214-25_r_1_s_50_BSCRO1214-25_fcleaner,BSCRO1214-25,r_1_s_50_fcleaner,>BSCRO1214-25_r_1_s_50_BSCRO1214-25_fcleaner,2772100,AJK28732.1,genus:Pseudosinella,null,3554,null,null,58.0,703.0,268.15,278.0,0,500,138,0,0,100.0
BSCRO1172-25_r_1_s_50_BSCRO1172-25_fcleaner,BSCRO1172-25,r_1_s_50_fcleaner,>BSCRO1172-25_r_1_s_50_BSCRO1172-25_fcleaner,3139678,UFX54039.1,subfamily:Onychiurinae,null,2888,null,null,0.0,535.0,223.2,222.0,0,322,92,0,0,99.8
BSCRO1166-25_r_1_s_50_BSCRO1166-25_fcleaner,BSCRO1166-25,r_1_s_50_fcleaner,>BSCRO1166-25_r_1_s_50_BSCRO1166-25_fcleaner,187676,YP_009753939.1,genus:Oncopodura,null,2768,null,null,0.0,309.0,223.45,224.0,0,105,77,0,1,99.61
BSCRO1189-25_r_1.3_s_50_BSCRO1189-25_fcleaner,BSCRO1189-25,r_1.3_s_50_fcleaner,>BSCRO1189-25_r_1.3_s_50_BSCRO1189-25_fcleaner,2926737,QIT06492.1,family:Sminthuridae,null,499,null,null,0.0,100.0,38.04,34.0,0,49,16,0,0,88.1
BSCRO1170-25_r_1_s_50_BSCRO1170-25_fcleaner,BSCRO1170-25,r_1_s_50_fcleaner,>BSCRO1170-25_r_1_s_50_BSCRO1170-25_fcleaner,3139678,UFX54039.1,subfamily:Onychiurinae,null,8390,null,null,15.0,1015.0,747.27,769.0,0,754,701,0,0,100.0
BSCRO1219-25_r_1.5_s_100_BSCRO1219-25_fcleaner,BSCRO1219-25,r_1.5_s_100_fcleaner,>BSCRO1219-25_r_1.5_s_100_BSCRO1219-25_fcleaner,187676,YP_009753939.1,genus:Oncopodura,null,1149,null,null,0.0,170.0,94.67,97.0,0,35,17,0,0,92.37
BSCRO1213-25_r_1_s_100_BSCRO1213-25_fcleaner,BSCRO1213-25,r_1_s_100_fcleaner,>BSCRO1213-25_r_1_s_100_BSCRO1213-25_fcleaner,2772100,AJK28732.1,genus:Pseudosinella,null,2463,null,null,38.0,337.0,210.9,221.0,0,255,75,0,0,100.0
BSCRO1151-25_r_1.5_s_100_BSCRO1151-25_fcleaner,BSCRO1151-25,r_1.5_s_100_fcleaner,>BSCRO1151-25_r_1.5_s_100_BSCRO1151-25_fcleaner,187676,YP_009753939.1,genus:Oncopodura,null,2103,null,null,0.0,286.0,189.59,219.0,0,24,35,0,0,93.15
BSCRO1150-25_r_1.5_s_50_BSCRO1150-25_fcleaner,BSCRO1150-25,r_1.5_s_50_fcleaner,>BSCRO1150-25_r_1.5_s_50_BSCRO1150-25_fcleaner,187676,YP_009753939.1,genus:Oncopodura,null,1836,null,null,0.0,248.0,163.96,185.0,0,48,30,0,0,96.87
BSCRO1235-25_r_1.3_s_50_BSCRO1235-25_fcleaner,BSCRO1235-25,r_1.3_s_50_fcleaner,>BSCRO1235-25_r_1.3_s_50_BSCRO1235-25_fcleaner,2768102,YP_010265401.1,family:Paronellidae,null,2145,null,null,0.0,245.0,169.76,179.0,0,339,62,0,0,99.8
BSCRO1153-25_r_1.3_s_100_BSCRO1153-25_fcleaner,BSCRO1153-25,r_1.3_s_100_fcleaner,>BSCRO1153-25_r_1.3_s_100_BSCRO1153-25_fcleaner,187676,YP_009753939.1,genus:Oncopodura,null,2485,null,null,0.0,304.0,223.51,247.0,0,28,49,0,0,99.41
BSCRO1206-25_r_1.3_s_100_BSCRO1206-25_fcleaner,BSCRO1206-25,r_1.3_s_100_fcleaner,>BSCRO1206-25_r_1.3_s_100_BSCRO1206-25_fcleaner,1765952,XCD10116.1,subfamily:Heteromurinae,null,620,null,null,0.0,103.0,47.13,47.0,0,83,15,0,0,99.61
BSCRO1160-25_r_1_s_100_BSCRO1160-25_fcleaner,BSCRO1160-25,r_1_s_100_fcleaner,>BSCRO1160-25_r_1_s_100_BSCRO1160-25_fcleaner,187676,YP_009753939.1,genus:Oncopodura,null,2091,null,null,0.0,245.0,185.32,186.0,0,56,40,0,0,99.02
BSCRO1166-25_r_1_s_100_BSCRO1166-25_fcleaner,BSCRO1166-25,r_1_s_100_fcleaner,>BSCRO1166-25_r_1_s_100_BSCRO1166-25_fcleaner,187676,YP_009753939.1,genus:Oncopodura,null,2451,null,null,0.0,287.0,210.87,212.0,0,37,58,0,1,99.41
BSCRO1201-25_r_1.5_s_50_BSCRO1201-25_fcleaner,BSCRO1201-25,r_1.5_s_50_fcleaner,>BSCRO1201-25_r_1.5_s_50_BSCRO1201-25_fcleaner,1765952,XCD10116.1,subfamily:Heteromurinae,null,1236,null,null,0.0,143.0,101.73,106.0,0,87,74,0,0,99.61
BSCRO1207-25_r_1.3_s_50_BSCRO1207-25_fcleaner,BSCRO1207-25,r_1.3_s_50_fcleaner,>BSCRO1207-25_r_1.3_s_50_BSCRO1207-25_fcleaner,1136003,QGZ08860.1,genus:Neelus,null,763,null,null,13.0,130.0,51.89,41.0,0,115,57,0,0,100.0
BSCRO1202-25_r_1.3_s_50_BSCRO1202-25_fcleaner,BSCRO1202-25,r_1.3_s_50_fcleaner,>BSCRO1202-25_r_1.3_s_50_BSCRO1202-25_fcleaner,1136003,QGZ08860.1,genus:Neelus,null,367,null,null,4.0,53.0,23.69,22.0,0,90,24,0,0,100.0
BSCRO1170-25_r_1.5_s_50_BSCRO1170-25_fcleaner,BSCRO1170-25,r_1.5_s_50_fcleaner,>BSCRO1170-25_r_1.5_s_50_BSCRO1170-25_fcleaner,3139678,UFX54039.1,subfamily:Onychiurinae,null,6881,null,null,0.0,945.0,632.58,703.0,0,553,565,0,0,99.8
BSCRO1157-25_r_1.3_s_100_BSCRO1157-25_fcleaner,BSCRO1157-25,r_1.3_s_100_fcleaner,>BSCRO1157-25_r_1.3_s_100_BSCRO1157-25_fcleaner,187676,YP_009753939.1,genus:Oncopodura,null,1177,null,null,0.0,195.0,102.59,114.0,0,155,128,0,0,98.24
BSCRO1171-25_r_1_s_100_BSCRO1171-25_fcleaner,BSCRO1171-25,r_1_s_100_fcleaner,>BSCRO1171-25_r_1_s_100_BSCRO1171-25_fcleaner,3139678,UFX54039.1,subfamily:Onychiurinae,null,1384,null,null,0.0,178.0,118.75,122.0,0,105,45,0,0,99.8
BSCRO1156-25_r_1.3_s_100_BSCRO1156-25_fcleaner,BSCRO1156-25,r_1.3_s_100_fcleaner,>BSCRO1156-25_r_1.3_s_100_BSCRO1156-25_fcleaner,187676,YP_009753939.1,genus:Oncopodura,null,1376,null,null,0.0,193.0,124.55,129.0,0,9,29,0,0,99.41
BSCRO1215-25_r_1.3_s_50_BSCRO1215-25_fcleaner,BSCRO1215-25,r_1.3_s_50_fcleaner,>BSCRO1215-25_r_1.3_s_50_BSCRO1215-25_fcleaner,2768102,YP_010265401.1,family:Paronellidae,null,1893,null,null,0.0,221.0,155.4,159.0,0,237,37,0,0,99.8
BSCRO1188-25_r_1_s_50_BSCRO1188-25_fcleaner,BSCRO1188-25,r_1_s_50_fcleaner,>BSCRO1188-25_r_1_s_50_BSCRO1188-25_fcleaner,187676,YP_009753939.1,genus:Oncopodura,null,8000,null,null,0.0,866.0,712.04,732.0,0,165,155,0,0,99.41
BSCRO1200-25_r_1_s_50_BSCRO1200-25_fcleaner,BSCRO1200-25,r_1_s_50_fcleaner,>BSCRO1200-25_r_1_s_50_BSCRO1200-25_fcleaner,1765952,XCD10116.1,subfamily:Heteromurinae,null,2987,null,null,0.0,306.0,232.03,237.5,0,273,125,0,0,99.61
BSCRO1220-25_r_1_s_50_BSCRO1220-25_fcleaner,BSCRO1220-25,r_1_s_50_fcleaner,>BSCRO1220-25_r_1_s_50_BSCRO1220-25_fcleaner,2768102,YP_010265401.1,family:Paronellidae,null,1552,null,null,0.0,174.0,122.72,131.0,0,398,43,0,0,99.8
BSCRO1187-25_r_1.3_s_100_BSCRO1187-25_fcleaner,BSCRO1187-25,r_1.3_s_100_fcleaner,>BSCRO1187-25_r_1.3_s_100_BSCRO1187-25_fcleaner,2926737,QIT06492.1,family:Sminthuridae,null,583,null,null,0.0,114.0,51.08,53.0,0,10,14,0,0,82.92
BSCRO1158-25_r_1_s_50_BSCRO1158-25_fcleaner,BSCRO1158-25,r_1_s_50_fcleaner,>BSCRO1158-25_r_1_s_50_BSCRO1158-25_fcleaner,187676,YP_009753939.1,genus:Oncopodura,null,5223,null,null,0.0,594.0,458.98,479.0,0,341,170,0,0,99.8
BSCRO1221-25_r_1_s_50_BSCRO1221-25_fcleaner,BSCRO1221-25,r_1_s_50_fcleaner,>BSCRO1221-25_r_1_s_50_BSCRO1221-25_fcleaner,2768102,YP_010265401.1,family:Paronellidae,null,1809,null,null,0.0,194.0,146.73,158.0,0,368,48,0,0,99.8
BSCRO1146-25_r_1.3_s_50_BSCRO1146-25_fcleaner,BSCRO1146-25,r_1.3_s_50_fcleaner,>BSCRO1146-25_r_1.3_s_50_BSCRO1146-25_fcleaner,187676,YP_009753939.1,genus:Oncopodura,null,1595,null,null,0.0,178.0,131.06,144.0,0,94,41,0,0,99.41
BSCRO1147-25_r_1_s_100_BSCRO1147-25_fcleaner,BSCRO1147-25,r_1_s_100_fcleaner,>BSCRO1147-25_r_1_s_100_BSCRO1147-25_fcleaner,187676,YP_009753939.1,genus:Oncopodura,null,1128,null,null,0.0,150.0,101.33,103.0,0,43,30,0,0,99.41
BSCRO1156-25_r_1.5_s_50_BSCRO1156-25_fcleaner,BSCRO1156-25,r_1.5_s_50_fcleaner,>BSCRO1156-25_r_1.5_s_50_BSCRO1156-25_fcleaner,187676,YP_009753939.1,genus:Oncopodura,null,1282,null,null,0.0,167.0,114.04,125.0,0,30,27,0,0,96.09
BSCRO1226-25_r_1_s_50_BSCRO1226-25_fcleaner,BSCRO1226-25,r_1_s_50_fcleaner,>BSCRO1226-25_r_1_s_50_BSCRO1226-25_fcleaner,2768102,YP_010265401.1,family:Paronellidae,null,4440,null,null,0.0,496.0,376.55,390.0,0,784,86,0,0,99.8
BSCRO1158-25_r_1_s_100_BSCRO1158-25_fcleaner,BSCRO1158-25,r_1_s_100_fcleaner,>BSCRO1158-25_r_1_s_100_BSCRO1158-25_fcleaner,187676,YP_009753939.1,genus:Oncopodura,null,4752,null,null,0.0,575.0,437.06,464.0,0,189,131,0,0,99.61
BSCRO1194-25_r_1.5_s_100_BSCRO1194-25_fcleaner,BSCRO1194-25,r_1.5_s_100_fcleaner,>BSCRO1194-25_r_1.5_s_100_BSCRO1194-25_fcleaner,370027,QFX74494.1,genus:Isotomurus,null,1208,null,null,52.0,140.0,105.5,104.0,0,15,32,0,0,100.0
BSCRO1144-25_r_1.5_s_50_BSCRO1144-25_fcleaner,BSCRO1144-25,r_1.5_s_50_fcleaner,>BSCRO1144-25_r_1.5_s_50_BSCRO1144-25_fcleaner,2768102,YP_010265401.1,family:Paronellidae,null,824,null,null,0.0,115.0,69.58,77.0,0,196,19,0,0,99.8
BSCRO1218-25_r_1.5_s_100_BSCRO1218-25_fcleaner,BSCRO1218-25,r_1.5_s_100_fcleaner,>BSCRO1218-25_r_1.5_s_100_BSCRO1218-25_fcleaner,187632,UFX54039.1,subfamily:Onychiurinae,null,1935,null,null,0.0,233.0,164.92,181.0,0,91,50,0,0,99.8
BSCRO1229-25_r_1_s_100_BSCRO1229-25_fcleaner,BSCRO1229-25,r_1_s_100_fcleaner,>BSCRO1229-25_r_1_s_100_BSCRO1229-25_fcleaner,2768102,YP_010265401.1,family:Paronellidae,null,2436,null,null,0.0,268.0,214.78,222.0,0,142,63,0,0,99.8
BSCRO1151-25_r_1.5_s_50_BSCRO1151-25_fcleaner,BSCRO1151-25,r_1.5_s_50_fcleaner,>BSCRO1151-25_r_1.5_s_50_BSCRO1151-25_fcleaner,187676,YP_009753939.1,genus:Oncopodura,null,2278,null,null,0.0,293.0,196.59,224.0,0,62,40,0,0,97.06
BSCRO1147-25_r_1.5_s_100_BSCRO1147-25_fcleaner,BSCRO1147-25,r_1.5_s_100_fcleaner,>BSCRO1147-25_r_1.5_s_100_BSCRO1147-25_fcleaner,187676,YP_009753939.1,genus:Oncopodura,null,884,null,null,0.0,147.0,80.2,87.0,0,9,23,0,0,92.56
BSCRO1151-25_r_1.3_s_100_BSCRO1151-25_fcleaner,BSCRO1151-25,r_1.3_s_100_fcleaner,>BSCRO1151-25_r_1.3_s_100_BSCRO1151-25_fcleaner,187676,YP_009753939.1,genus:Oncopodura,null,2447,null,null,0.0,294.0,219.48,236.0,0,30,44,0,0,99.41
BSCRO1203-25_r_1.3_s_100_BSCRO1203-25_fcleaner,BSCRO1203-25,r_1.3_s_100_fcleaner,>BSCRO1203-25_r_1.3_s_100_BSCRO1203-25_fcleaner,2768102,YP_010265401.1,family:Paronellidae,null,1986,null,null,0.0,241.0,160.77,167.0,0,223,48,0,0,99.8
BSCRO1195-25_r_1.3_s_50_BSCRO1195-25_fcleaner,BSCRO1195-25,r_1.3_s_50_fcleaner,>BSCRO1195-25_r_1.3_s_50_BSCRO1195-25_fcleaner,187632,UFX54039.1,subfamily:Onychiurinae,null,4117,null,null,0.0,451.0,338.85,349.0,0,337,250,0,0,99.8
BSCRO1154-25_r_1.3_s_100_BSCRO1154-25_fcleaner,BSCRO1154-25,r_1.3_s_100_fcleaner,>BSCRO1154-25_r_1.3_s_100_BSCRO1154-25_fcleaner,2768102,YP_010265401.1,family:Paronellidae,null,1999,null,null,0.0,240.0,176.95,175.0,0,64,30,0,0,99.8
BSCRO1159-25_r_1.5_s_50_BSCRO1159-25_fcleaner,BSCRO1159-25,r_1.5_s_50_fcleaner,>BSCRO1159-25_r_1.5_s_50_BSCRO1159-25_fcleaner,187676,YP_009753939.1,genus:Oncopodura,null,3820,null,null,0.0,537.0,348.25,394.0,0,291,132,0,0,96.09
BSCRO1177-25_r_1.5_s_100_BSCRO1177-25_fcleaner,BSCRO1177-25,r_1.5_s_100_fcleaner,>BSCRO1177-25_r_1.5_s_100_BSCRO1177-25_fcleaner,3139678,UFX54039.1,subfamily:Onychiurinae,null,2074,null,null,0.0,254.0,186.37,204.0,0,60,165,0,0,99.61
BSCRO1158-25_r_1.3_s_50_BSCRO1158-25_fcleaner,BSCRO1158-25,r_1.3_s_50_fcleaner,>BSCRO1158-25_r_1.3_s_50_BSCRO1158-25_fcleaner,187676,YP_009753939.1,genus:Oncopodura,null,4580,null,null,0.0,580.0,413.48,465.0,0,236,134,0,0,98.83
BSCRO1216-25_r_1_s_50_BSCRO1216-25_fcleaner,BSCRO1216-25,r_1_s_50_fcleaner,>BSCRO1216-25_r_1_s_50_BSCRO1216-25_fcleaner,187632,UFX54039.1,subfamily:Onychiurinae,null,3824,null,null,0.0,401.0,315.38,319.0,0,376,118,0,0,99.8
BSCRO1183-25_r_1.5_s_100_BSCRO1183-25_fcleaner,BSCRO1183-25,r_1.5_s_100_fcleaner,>BSCRO1183-25_r_1.5_s_100_BSCRO1183-25_fcleaner,2926737,QIT06492.1,family:Sminthuridae,null,414,null,null,0.0,145.0,36.12,12.0,0,2,12,0,0,60.08
BSCRO1212-25_r_1.3_s_50_BSCRO1212-25_fcleaner,BSCRO1212-25,r_1.3_s_50_fcleaner,>BSCRO1212-25_r_1.3_s_50_BSCRO1212-25_fcleaner,2772100,AJK28732.1,genus:Pseudosinella,null,1577,null,null,0.0,484.0,108.7,107.5,0,220,66,0,0,97.46
BSCRO1158-25_r_1.3_s_100_BSCRO1158-25_fcleaner,BSCRO1158-25,r_1.3_s_100_fcleaner,>BSCRO1158-25_r_1.3_s_100_BSCRO1158-25_fcleaner,187676,YP_009753939.1,genus:Oncopodura,null,4397,null,null,0.0,575.0,405.41,458.0,0,148,122,0,0,97.65
BSCRO1185-25_r_1.3_s_100_BSCRO1185-25_fcleaner,BSCRO1185-25,r_1.3_s_100_fcleaner,>BSCRO1185-25_r_1.3_s_100_BSCRO1185-25_fcleaner,2926737,QIT06492.1,family:Sminthuridae,null,637,null,null,0.0,194.0,56.41,48.0,0,4,19,0,0,80.23
BSCRO1158-25_r_1.5_s_50_BSCRO1158-25_fcleaner,BSCRO1158-25,r_1.5_s_50_fcleaner,>BSCRO1158-25_r_1.5_s_50_BSCRO1158-25_fcleaner,187676,YP_009753939.1,genus:Oncopodura,null,4146,null,null,0.0,550.0,376.5,430.0,0,191,109,0,0,95.69
BSCRO1147-25_r_1_s_50_BSCRO1147-25_fcleaner,BSCRO1147-25,r_1_s_50_fcleaner,>BSCRO1147-25_r_1_s_50_BSCRO1147-25_fcleaner,187676,YP_009753939.1,genus:Oncopodura,null,1529,null,null,6.0,184.0,114.15,113.0,0,223,67,0,0,100.0
BSCRO1196-25_r_1.3_s_50_BSCRO1196-25_fcleaner,BSCRO1196-25,r_1.3_s_50_fcleaner,>BSCRO1196-25_r_1.3_s_50_BSCRO1196-25_fcleaner,187632,UFX54039.1,subfamily:Onychiurinae,null,2381,null,null,0.0,626.0,185.77,138.0,0,387,123,0,0,99.8
BSCRO1189-25_r_1.3_s_100_BSCRO1189-25_fcleaner,BSCRO1189-25,r_1.3_s_100_fcleaner,>BSCRO1189-25_r_1.3_s_100_BSCRO1189-25_fcleaner,2926737,QIT06492.1,family:Sminthuridae,null,433,null,null,0.0,96.0,35.85,33.0,0,9,10,0,0,83.11
BSCRO1180-25_r_1_s_50_BSCRO1180-25_fcleaner,BSCRO1180-25,r_1_s_50_fcleaner,>BSCRO1180-25_r_1_s_50_BSCRO1180-25_fcleaner,3139678,UFX54039.1,subfamily:Onychiurinae,null,2001,null,null,1.0,581.0,147.72,139.0,0,254,114,0,0,100.0
BSCRO1177-25_r_1_s_100_BSCRO1177-25_fcleaner,BSCRO1177-25,r_1_s_100_fcleaner,>BSCRO1177-25_r_1_s_100_BSCRO1177-25_fcleaner,3139678,UFX54039.1,subfamily:Onychiurinae,null,2259,null,null,0.0,264.0,202.11,215.0,0,86,182,0,0,99.61
BSCRO1168-25_r_1_s_100_BSCRO1168-25_fcleaner,BSCRO1168-25,r_1_s_100_fcleaner,>BSCRO1168-25_r_1_s_100_BSCRO1168-25_fcleaner,3139678,UFX54039.1,subfamily:Onychiurinae,null,2251,null,null,0.0,273.0,184.41,192.0,0,166,94,0,0,99.61
BSCRO1192-25_r_1.3_s_100_BSCRO1192-25_fcleaner,BSCRO1192-25,r_1.3_s_100_fcleaner,>BSCRO1192-25_r_1.3_s_100_BSCRO1192-25_fcleaner,370027,QFX74494.1,genus:Isotomurus,null,1634,null,null,91.0,184.0,142.79,139.0,0,27,37,0,0,100.0
BSCRO1166-25_r_1.5_s_50_BSCRO1166-25_fcleaner,BSCRO1166-25,r_1.5_s_50_fcleaner,>BSCRO1166-25_r_1.5_s_50_BSCRO1166-25_fcleaner,187676,YP_009753939.1,genus:Oncopodura,null,2229,null,null,0.0,289.0,188.07,202.0,0,41,50,0,1,97.26
BSCRO1208-25_r_1_s_100_BSCRO1208-25_fcleaner,BSCRO1208-25,r_1_s_100_fcleaner,>BSCRO1208-25_r_1_s_100_BSCRO1208-25_fcleaner,1136003,QGZ08860.1,genus:Neelus,null,826,null,null,25.0,117.0,63.16,61.0,0,153,69,0,0,100.0
BSCRO1192-25_r_1_s_100_BSCRO1192-25_fcleaner,BSCRO1192-25,r_1_s_100_fcleaner,>BSCRO1192-25_r_1_s_100_BSCRO1192-25_fcleaner,370027,QFX74494.1,genus:Isotomurus,null,1657,null,null,91.0,186.0,144.75,141.0,0,30,37,0,0,100.0
BSCRO1183-25_r_1.5_s_50_BSCRO1183-25_fcleaner,BSCRO1183-25,r_1.5_s_50_fcleaner,>BSCRO1183-25_r_1.5_s_50_BSCRO1183-25_fcleaner,2926737,QIT06492.1,family:Sminthuridae,null,457,null,null,0.0,163.0,37.49,12.0,0,28,17,0,0,67.95
BSCRO1152-25_r_1.5_s_100_BSCRO1152-25_fcleaner,BSCRO1152-25,r_1.5_s_100_fcleaner,>BSCRO1152-25_r_1.5_s_100_BSCRO1152-25_fcleaner,187676,YP_009753939.1,genus:Oncopodura,null,1873,null,null,0.0,283.0,165.91,189.0,0,19,44,0,0,93.15
BSCRO1219-25_r_1_s_50_BSCRO1219-25_fcleaner,BSCRO1219-25,r_1_s_50_fcleaner,>BSCRO1219-25_r_1_s_50_BSCRO1219-25_fcleaner,187676,YP_009753939.1,genus:Oncopodura,null,1750,null,null,6.0,203.0,129.18,124.0,0,179,51,0,0,100.0
BSCRO1147-25_r_1.3_s_100_BSCRO1147-25_fcleaner,BSCRO1147-25,r_1.3_s_100_fcleaner,>BSCRO1147-25_r_1.3_s_100_BSCRO1147-25_fcleaner,187676,YP_009753939.1,genus:Oncopodura,null,1035,null,null,0.0,149.0,93.26,101.0,0,15,25,0,0,99.41
BSCRO1177-25_r_1.3_s_100_BSCRO1177-25_fcleaner,BSCRO1177-25,r_1.3_s_100_fcleaner,>BSCRO1177-25_r_1.3_s_100_BSCRO1177-25_fcleaner,3139678,UFX54039.1,subfamily:Onychiurinae,null,2231,null,null,0.0,263.0,199.83,213.0,0,84,180,0,0,99.61
BSCRO1144-25_r_1.5_s_100_BSCRO1144-25_fcleaner,BSCRO1144-25,r_1.5_s_100_fcleaner,>BSCRO1144-25_r_1.5_s_100_BSCRO1144-25_fcleaner,2768102,YP_010265401.1,family:Paronellidae,null,771,null,null,0.0,105.0,68.04,75.0,0,118,14,0,0,99.8
BSCRO1175-25_r_1_s_100_BSCRO1175-25_fcleaner,BSCRO1175-25,r_1_s_100_fcleaner,>BSCRO1175-25_r_1_s_100_BSCRO1175-25_fcleaner,187632,UFX54039.1,subfamily:Onychiurinae,null,2195,null,null,75.0,272.0,198.85,201.0,0,362,188,0,0,100.0
BSCRO1204-25_r_1.3_s_50_BSCRO1204-25_fcleaner,BSCRO1204-25,r_1.3_s_50_fcleaner,>BSCRO1204-25_r_1.3_s_50_BSCRO1204-25_fcleaner,2768102,YP_010265401.1,family:Paronellidae,null,1736,null,null,0.0,209.0,136.7,141.0,0,300,47,0,0,99.8
BSCRO1186-25_r_1_s_100_BSCRO1186-25_fcleaner,BSCRO1186-25,r_1_s_100_fcleaner,>BSCRO1186-25_r_1_s_100_BSCRO1186-25_fcleaner,2926737,QIT06492.1,family:Sminthuridae,null,617,null,null,0.0,95.0,52.9,55.0,0,5,28,0,3,90.21
BSCRO1178-25_r_1.3_s_50_BSCRO1178-25_fcleaner,BSCRO1178-25,r_1.3_s_50_fcleaner,>BSCRO1178-25_r_1.3_s_50_BSCRO1178-25_fcleaner,3139678,UFX54039.1,subfamily:Onychiurinae,null,3622,null,null,0.0,426.0,324.79,354.0,0,217,282,0,0,99.8
BSCRO1167-25_r_1_s_100_BSCRO1167-25_fcleaner,BSCRO1167-25,r_1_s_100_fcleaner,>BSCRO1167-25_r_1_s_100_BSCRO1167-25_fcleaner,3139678,UFX54039.1,subfamily:Onychiurinae,null,3168,null,null,0.0,349.0,255.62,267.0,0,260,144,0,0,99.61
BSCRO1215-25_r_1.3_s_100_BSCRO1215-25_fcleaner,BSCRO1215-25,r_1.3_s_100_fcleaner,>BSCRO1215-25_r_1.3_s_100_BSCRO1215-25_fcleaner,2768102,YP_010265401.1,family:Paronellidae,null,1689,null,null,0.0,215.0,148.63,153.0,0,110,25,0,0,99.8
BSCRO1217-25_r_1.3_s_50_BSCRO1217-25_fcleaner,BSCRO1217-25,r_1.3_s_50_fcleaner,>BSCRO1217-25_r_1.3_s_50_BSCRO1217-25_fcleaner,187632,UFX54039.1,subfamily:Onychiurinae,null,1593,null,null,0.0,177.0,125.51,131.0,0,169,55,0,0,99.8
BSCRO1219-25_r_1.3_s_100_BSCRO1219-25_fcleaner,BSCRO1219-25,r_1.3_s_100_fcleaner,>BSCRO1219-25_r_1.3_s_100_BSCRO1219-25_fcleaner,187676,YP_009753939.1,genus:Oncopodura,null,1367,null,null,0.0,171.0,111.37,116.0,0,39,23,0,0,99.41
BSCRO1233-25_r_1_s_100_BSCRO1233-25_fcleaner,BSCRO1233-25,r_1_s_100_fcleaner,>BSCRO1233-25_r_1_s_100_BSCRO1233-25_fcleaner,2768102,YP_010265401.1,family:Paronellidae,null,3670,null,null,0.0,449.0,330.61,360.0,0,362,77,0,0,99.8
BSCRO1173-25_r_1.3_s_100_BSCRO1173-25_fcleaner,BSCRO1173-25,r_1.3_s_100_fcleaner,>BSCRO1173-25_r_1.3_s_100_BSCRO1173-25_fcleaner,3139678,UFX54039.1,subfamily:Onychiurinae,null,784,null,null,0.0,123.0,70.69,72.0,0,59,45,0,0,99.8
BSCRO1225-25_r_1_s_50_BSCRO1225-25_fcleaner,BSCRO1225-25,r_1_s_50_fcleaner,>BSCRO1225-25_r_1_s_50_BSCRO1225-25_fcleaner,2768102,YP_010265401.1,family:Paronellidae,null,5167,null,null,0.0,567.0,426.15,460.0,0,755,129,0,0,99.8
BSCRO1174-25_r_1.5_s_50_BSCRO1174-25_fcleaner,BSCRO1174-25,r_1.5_s_50_fcleaner,>BSCRO1174-25_r_1.5_s_50_BSCRO1174-25_fcleaner,187632,UFX54039.1,subfamily:Onychiurinae,null,1923,null,null,20.0,241.0,174.81,182.0,0,214,135,0,0,100.0
BSCRO1218-25_r_1_s_100_BSCRO1218-25_fcleaner,BSCRO1218-25,r_1_s_100_fcleaner,>BSCRO1218-25_r_1_s_100_BSCRO1218-25_fcleaner,187632,UFX54039.1,subfamily:Onychiurinae,null,2096,null,null,0.0,234.0,177.45,188.0,0,107,58,0,0,99.8
BSCRO1168-25_r_1.3_s_50_BSCRO1168-25_fcleaner,BSCRO1168-25,r_1.3_s_50_fcleaner,>BSCRO1168-25_r_1.3_s_50_BSCRO1168-25_fcleaner,3139678,UFX54039.1,subfamily:Onychiurinae,null,2304,null,null,0.0,273.0,183.86,190.0,0,237,93,0,0,99.61
BSCRO1164-25_r_1.3_s_100_BSCRO1164-25_fcleaner,BSCRO1164-25,r_1.3_s_100_fcleaner,>BSCRO1164-25_r_1.3_s_100_BSCRO1164-25_fcleaner,187676,YP_009753939.1,genus:Oncopodura,null,718,null,null,0.0,88.0,58.84,62.0,0,17,15,0,0,99.02
BSCRO1204-25_r_1_s_50_BSCRO1204-25_fcleaner,BSCRO1204-25,r_1_s_50_fcleaner,>BSCRO1204-25_r_1_s_50_BSCRO1204-25_fcleaner,2768102,YP_010265401.1,family:Paronellidae,null,1859,null,null,0.0,210.0,141.35,142.0,0,427,69,0,0,99.8
BSCRO1165-25_r_1.3_s_50_BSCRO1165-25_fcleaner,BSCRO1165-25,r_1.3_s_50_fcleaner,>BSCRO1165-25_r_1.3_s_50_BSCRO1165-25_fcleaner,187676,YP_009753939.1,genus:Oncopodura,null,2251,null,null,0.0,266.0,192.02,203.0,0,33,34,0,0,99.02
BSCRO1152-25_r_1_s_50_BSCRO1152-25_fcleaner,BSCRO1152-25,r_1_s_50_fcleaner,>BSCRO1152-25_r_1_s_50_BSCRO1152-25_fcleaner,187676,YP_009753939.1,genus:Oncopodura,null,2951,null,null,14.0,321.0,231.37,227.0,0,258,98,0,0,100.0
BSCRO1218-25_r_1_s_50_BSCRO1218-25_fcleaner,BSCRO1218-25,r_1_s_50_fcleaner,>BSCRO1218-25_r_1_s_50_BSCRO1218-25_fcleaner,187632,UFX54039.1,subfamily:Onychiurinae,null,2404,null,null,0.0,259.0,189.15,199.0,0,259,82,0,0,99.8
BSCRO1184-25_r_1.5_s_50_BSCRO1184-25_fcleaner,BSCRO1184-25,r_1.5_s_50_fcleaner,>BSCRO1184-25_r_1.5_s_50_BSCRO1184-25_fcleaner,2926737,QIT06492.1,family:Sminthuridae,null,389,null,null,0.0,136.0,32.77,15.0,0,28,12,0,0,63.53
BSCRO1149-25_r_1.3_s_100_BSCRO1149-25_fcleaner,BSCRO1149-25,r_1.3_s_100_fcleaner,>BSCRO1149-25_r_1.3_s_100_BSCRO1149-25_fcleaner,187676,YP_009753939.1,genus:Oncopodura,null,1402,null,null,0.0,177.0,127.76,133.0,0,84,27,0,0,99.41
BSCRO1161-25_r_1_s_100_BSCRO1161-25_fcleaner,BSCRO1161-25,r_1_s_100_fcleaner,>BSCRO1161-25_r_1_s_100_BSCRO1161-25_fcleaner,187676,YP_009753939.1,genus:Oncopodura,null,369,null,null,0.0,48.0,30.7,30.0,0,27,12,0,0,99.41
BSCRO1193-25_r_1.5_s_100_BSCRO1193-25_fcleaner,BSCRO1193-25,r_1.5_s_100_fcleaner,>BSCRO1193-25_r_1.5_s_100_BSCRO1193-25_fcleaner,370027,QFX74494.1,genus:Isotomurus,null,1844,null,null,103.0,211.0,156.71,157.0,0,19,34,0,0,100.0
BSCRO1225-25_r_1.3_s_50_BSCRO1225-25_fcleaner,BSCRO1225-25,r_1.3_s_50_fcleaner,>BSCRO1225-25_r_1.3_s_50_BSCRO1225-25_fcleaner,2768102,YP_010265401.1,family:Paronellidae,null,4928,null,null,0.0,557.0,416.94,445.0,0,576,112,0,0,99.8
BSCRO1231-25_r_1.3_s_100_BSCRO1231-25_fcleaner,BSCRO1231-25,r_1.3_s_100_fcleaner,>BSCRO1231-25_r_1.3_s_100_BSCRO1231-25_fcleaner,2768102,YP_010265401.1,family:Paronellidae,null,2442,null,null,0.0,336.0,218.6,231.0,0,209,43,0,0,99.8
BSCRO1180-25_r_1_s_100_BSCRO1180-25_fcleaner,BSCRO1180-25,r_1_s_100_fcleaner,>BSCRO1180-25_r_1_s_100_BSCRO1180-25_fcleaner,3139678,UFX54039.1,subfamily:Onychiurinae,null,1468,null,null,1.0,175.0,128.25,131.0,0,131,67,0,0,100.0
BSCRO1197-25_r_1_s_100_BSCRO1197-25_fcleaner,BSCRO1197-25,r_1_s_100_fcleaner,>BSCRO1197-25_r_1_s_100_BSCRO1197-25_fcleaner,2768102,YP_010265401.1,family:Paronellidae,null,1830,null,null,0.0,236.0,162.64,172.0,0,180,87,0,0,99.8
BSCRO1182-25_r_1.5_s_50_BSCRO1182-25_fcleaner,BSCRO1182-25,r_1.5_s_50_fcleaner,>BSCRO1182-25_r_1.5_s_50_BSCRO1182-25_fcleaner,3139678,UFX54039.1,subfamily:Onychiurinae,null,2017,null,null,0.0,274.0,176.03,189.0,0,261,96,0,0,98.83
BSCRO1178-25_r_1.3_s_100_BSCRO1178-25_fcleaner,BSCRO1178-25,r_1.3_s_100_fcleaner,>BSCRO1178-25_r_1.3_s_100_BSCRO1178-25_fcleaner,3139678,UFX54039.1,subfamily:Onychiurinae,null,3419,null,null,0.0,417.0,314.41,345.0,0,164,272,0,0,99.8
BSCRO1168-25_r_1.3_s_100_BSCRO1168-25_fcleaner,BSCRO1168-25,r_1.3_s_100_fcleaner,>BSCRO1168-25_r_1.3_s_100_BSCRO1168-25_fcleaner,3139678,UFX54039.1,subfamily:Onychiurinae,null,2182,null,null,0.0,273.0,179.35,189.0,0,166,89,0,0,99.61
BSCRO1203-25_r_1_s_50_BSCRO1203-25_fcleaner,BSCRO1203-25,r_1_s_50_fcleaner,>BSCRO1203-25_r_1_s_50_BSCRO1203-25_fcleaner,2768102,YP_010265401.1,family:Paronellidae,null,2338,null,null,0.0,268.0,175.28,179.0,0,471,72,0,0,99.8
BSCRO1178-25_r_1_s_50_BSCRO1178-25_fcleaner,BSCRO1178-25,r_1_s_50_fcleaner,>BSCRO1178-25_r_1_s_50_BSCRO1178-25_fcleaner,3139678,UFX54039.1,subfamily:Onychiurinae,null,3781,null,null,0.0,446.0,336.61,365.0,0,250,295,0,0,99.8
BSCRO1160-25_r_1_s_50_BSCRO1160-25_fcleaner,BSCRO1160-25,r_1_s_50_fcleaner,>BSCRO1160-25_r_1_s_50_BSCRO1160-25_fcleaner,187676,YP_009753939.1,genus:Oncopodura,null,2447,null,null,0.0,264.0,197.95,196.0,0,134,58,0,0,99.02
BSCRO1170-25_r_1.5_s_100_BSCRO1170-25_fcleaner,BSCRO1170-25,r_1.5_s_100_fcleaner,>BSCRO1170-25_r_1.5_s_100_BSCRO1170-25_fcleaner,3139678,UFX54039.1,subfamily:Onychiurinae,null,6758,null,null,0.0,943.0,626.64,696.0,0,518,555,0,0,99.8
BSCRO1208-25_r_1.5_s_100_BSCRO1208-25_fcleaner,BSCRO1208-25,r_1.5_s_100_fcleaner,>BSCRO1208-25_r_1.5_s_100_BSCRO1208-25_fcleaner,1136003,QGZ08860.1,genus:Neelus,null,564,null,null,1.0,87.0,40.94,41.0,0,29,26,0,0,100.0
BSCRO1157-25_r_1.5_s_100_BSCRO1157-25_fcleaner,BSCRO1157-25,r_1.5_s_100_fcleaner,>BSCRO1157-25_r_1.5_s_100_BSCRO1157-25_fcleaner,187676,YP_009753939.1,genus:Oncopodura,null,966,null,null,0.0,164.0,86.73,95.0,0,94,101,0,0,92.37
BSCRO1200-25_r_1.3_s_100_BSCRO1200-25_fcleaner,BSCRO1200-25,r_1.3_s_100_fcleaner,>BSCRO1200-25_r_1.3_s_100_BSCRO1200-25_fcleaner,1765952,XCD10116.1,subfamily:Heteromurinae,null,2532,null,null,0.0,275.0,212.95,221.0,0,157,95,0,0,99.61
BSCRO1142-25_r_1.3_s_50_BSCRO1142-25_fcleaner,BSCRO1142-25,r_1.3_s_50_fcleaner,>BSCRO1142-25_r_1.3_s_50_BSCRO1142-25_fcleaner,187676,YP_009753939.1,genus:Oncopodura,null,1265,null,null,0.0,157.0,104.27,110.0,0,77,24,0,0,99.02
BSCRO1190-25_r_1_s_50_BSCRO1190-25_fcleaner,BSCRO1190-25,r_1_s_50_fcleaner,>BSCRO1190-25_r_1_s_50_BSCRO1190-25_fcleaner,2926737,QIT06492.1,family:Sminthuridae,null,1235,null,null,0.0,139.0,95.97,103.0,0,173,58,0,3,99.04
BSCRO1204-25_r_1.5_s_50_BSCRO1204-25_fcleaner,BSCRO1204-25,r_1.5_s_50_fcleaner,>BSCRO1204-25_r_1.5_s_50_BSCRO1204-25_fcleaner,2768102,YP_010265401.1,family:Paronellidae,null,1533,null,null,0.0,208.0,122.88,132.0,0,266,38,0,0,99.8
BSCRO1231-25_r_1.5_s_100_BSCRO1231-25_fcleaner,BSCRO1231-25,r_1.5_s_100_fcleaner,>BSCRO1231-25_r_1.5_s_100_BSCRO1231-25_fcleaner,2768102,YP_010265401.1,family:Paronellidae,null,2208,null,null,0.0,331.0,197.8,216.0,0,204,36,0,0,99.8
BSCRO1196-25_r_1.5_s_100_BSCRO1196-25_fcleaner,BSCRO1196-25,r_1.5_s_100_fcleaner,>BSCRO1196-25_r_1.5_s_100_BSCRO1196-25_fcleaner,187632,UFX54039.1,subfamily:Onychiurinae,null,1498,null,null,0.0,179.0,128.99,131.0,0,98,72,0,0,99.8
BSCRO1197-25_r_1.3_s_50_BSCRO1197-25_fcleaner,BSCRO1197-25,r_1.3_s_50_fcleaner,>BSCRO1197-25_r_1.3_s_50_BSCRO1197-25_fcleaner,2768102,YP_010265401.1,family:Paronellidae,null,2021,null,null,0.0,238.0,172.35,180.0,0,324,91,0,0,99.8
BSCRO1155-25_r_1.3_s_50_BSCRO1155-25_fcleaner,BSCRO1155-25,r_1.3_s_50_fcleaner,>BSCRO1155-25_r_1.3_s_50_BSCRO1155-25_fcleaner,2768102,YP_010265401.1,family:Paronellidae,null,4952,null,null,0.0,570.0,437.98,448.0,0,235,86,0,0,99.8
BSCRO1157-25_r_1_s_50_BSCRO1157-25_fcleaner,BSCRO1157-25,r_1_s_50_fcleaner,>BSCRO1157-25_r_1_s_50_BSCRO1157-25_fcleaner,187676,YP_009753939.1,genus:Oncopodura,null,1500,null,null,0.0,198.0,124.0,134.0,0,253,147,0,0,99.41
BSCRO1179-25_r_1.5_s_100_BSCRO1179-25_fcleaner,BSCRO1179-25,r_1.5_s_100_fcleaner,>BSCRO1179-25_r_1.5_s_100_BSCRO1179-25_fcleaner,3139678,UFX54039.1,subfamily:Onychiurinae,null,1993,null,null,0.0,245.0,176.3,190.0,0,88,162,0,0,99.8
BSCRO1160-25_r_1.3_s_50_BSCRO1160-25_fcleaner,BSCRO1160-25,r_1.3_s_50_fcleaner,>BSCRO1160-25_r_1.3_s_50_BSCRO1160-25_fcleaner,187676,YP_009753939.1,genus:Oncopodura,null,2185,null,null,0.0,251.0,182.37,192.0,0,75,45,0,0,99.02
BSCRO1174-25_r_1.3_s_100_BSCRO1174-25_fcleaner,BSCRO1174-25,r_1.3_s_100_fcleaner,>BSCRO1174-25_r_1.3_s_100_BSCRO1174-25_fcleaner,187632,UFX54039.1,subfamily:Onychiurinae,null,1933,null,null,82.0,242.0,176.61,180.0,0,154,127,0,0,100.0
BSCRO1228-25_r_1.5_s_100_BSCRO1228-25_fcleaner,BSCRO1228-25,r_1.5_s_100_fcleaner,>BSCRO1228-25_r_1.5_s_100_BSCRO1228-25_fcleaner,1765952,XCD10116.1,subfamily:Heteromurinae,null,3526,null,null,0.0,452.0,307.03,339.0,0,336,56,0,0,99.61
BSCRO1227-25_r_1_s_50_BSCRO1227-25_fcleaner,BSCRO1227-25,r_1_s_50_fcleaner,>BSCRO1227-25_r_1_s_50_BSCRO1227-25_fcleaner,2768102,YP_010265401.1,family:Paronellidae,null,2623,null,null,0.0,297.0,211.53,219.0,0,585,66,0,0,99.8
BSCRO1210-25_r_1_s_100_BSCRO1210-25_fcleaner,BSCRO1210-25,r_1_s_100_fcleaner,>BSCRO1210-25_r_1_s_100_BSCRO1210-25_fcleaner,2768102,YP_010265401.1,family:Paronellidae,null,4660,null,null,0.0,555.0,409.98,438.0,0,533,71,0,0,99.8
BSCRO1187-25_r_1_s_100_BSCRO1187-25_fcleaner,BSCRO1187-25,r_1_s_100_fcleaner,>BSCRO1187-25_r_1_s_100_BSCRO1187-25_fcleaner,2926737,QIT06492.1,family:Sminthuridae,null,1049,null,null,0.0,142.0,92.52,99.0,0,22,21,0,3,91.55
BSCRO1142-25_r_1.5_s_100_BSCRO1142-25_fcleaner,BSCRO1142-25,r_1.5_s_100_fcleaner,>BSCRO1142-25_r_1.5_s_100_BSCRO1142-25_fcleaner,187676,YP_009753939.1,genus:Oncopodura,null,1085,null,null,0.0,149.0,95.06,100.0,0,16,17,0,0,92.37
BSCRO1230-25_r_1.3_s_100_BSCRO1230-25_fcleaner,BSCRO1230-25,r_1.3_s_100_fcleaner,>BSCRO1230-25_r_1.3_s_100_BSCRO1230-25_fcleaner,1765952,XCD10116.1,subfamily:Heteromurinae,null,2104,null,null,0.0,236.0,178.61,180.0,0,62,55,0,0,99.8
BSCRO1232-25_r_1.3_s_50_BSCRO1232-25_fcleaner,BSCRO1232-25,r_1.3_s_50_fcleaner,>BSCRO1232-25_r_1.3_s_50_BSCRO1232-25_fcleaner,2768102,YP_010265401.1,family:Paronellidae,null,2751,null,null,0.0,326.0,236.12,251.0,0,410,64,0,0,99.8
BSCRO1184-25_r_1.3_s_100_BSCRO1184-25_fcleaner,BSCRO1184-25,r_1.3_s_100_fcleaner,>BSCRO1184-25_r_1.3_s_100_BSCRO1184-25_fcleaner,2926737,QIT06492.1,family:Sminthuridae,null,755,null,null,0.0,180.0,66.01,57.0,0,3,29,0,0,80.81
BSCRO1173-25_r_1.3_s_50_BSCRO1173-25_fcleaner,BSCRO1173-25,r_1.3_s_50_fcleaner,>BSCRO1173-25_r_1.3_s_50_BSCRO1173-25_fcleaner,3139678,UFX54039.1,subfamily:Onychiurinae,null,822,null,null,0.0,128.0,73.1,74.0,0,99,47,0,0,99.8
BSCRO1231-25_r_1_s_50_BSCRO1231-25_fcleaner,BSCRO1231-25,r_1_s_50_fcleaner,>BSCRO1231-25_r_1_s_50_BSCRO1231-25_fcleaner,2768102,YP_010265401.1,family:Paronellidae,null,2709,null,null,0.0,353.0,229.58,243.0,0,567,64,0,0,99.8
BSCRO1234-25_r_1.3_s_50_BSCRO1234-25_fcleaner,BSCRO1234-25,r_1.3_s_50_fcleaner,>BSCRO1234-25_r_1.3_s_50_BSCRO1234-25_fcleaner,2768102,YP_010265401.1,family:Paronellidae,null,1987,null,null,0.0,210.0,167.33,176.0,0,249,46,0,0,99.8
BSCRO1155-25_r_1.5_s_50_BSCRO1155-25_fcleaner,BSCRO1155-25,r_1.5_s_50_fcleaner,>BSCRO1155-25_r_1.5_s_50_BSCRO1155-25_fcleaner,2768102,YP_010265401.1,family:Paronellidae,null,4470,null,null,0.0,556.0,399.1,436.0,0,215,68,0,0,99.8
BSCRO1154-25_r_1.5_s_50_BSCRO1154-25_fcleaner,BSCRO1154-25,r_1.5_s_50_fcleaner,>BSCRO1154-25_r_1.5_s_50_BSCRO1154-25_fcleaner,2768102,YP_010265401.1,family:Paronellidae,null,1927,null,null,0.0,248.0,166.12,175.0,0,128,32,0,0,99.8
BSCRO1223-25_r_1.5_s_100_BSCRO1223-25_fcleaner,BSCRO1223-25,r_1.5_s_100_fcleaner,>BSCRO1223-25_r_1.5_s_100_BSCRO1223-25_fcleaner,1765952,XCD10116.1,subfamily:Heteromurinae,null,1447,null,null,0.0,196.0,122.67,128.0,0,113,24,0,0,99.61
BSCRO1229-25_r_1.5_s_100_BSCRO1229-25_fcleaner,BSCRO1229-25,r_1.5_s_100_fcleaner,>BSCRO1229-25_r_1.5_s_100_BSCRO1229-25_fcleaner,2768102,YP_010265401.1,family:Paronellidae,null,2130,null,null,0.0,260.0,188.83,209.0,0,124,48,0,0,99.8
BSCRO1148-25_r_1.5_s_100_BSCRO1148-25_fcleaner,BSCRO1148-25,r_1.5_s_100_fcleaner,>BSCRO1148-25_r_1.5_s_100_BSCRO1148-25_fcleaner,187676,YP_009753939.1,genus:Oncopodura,null,360,null,null,0.0,64.0,31.77,33.0,0,10,14,0,0,92.76
BSCRO1186-25_r_1.3_s_50_BSCRO1186-25_fcleaner,BSCRO1186-25,r_1.3_s_50_fcleaner,>BSCRO1186-25_r_1.3_s_50_BSCRO1186-25_fcleaner,2926737,QIT06492.1,family:Sminthuridae,null,468,null,null,0.0,107.0,34.61,35.0,0,55,22,0,0,87.72
BSCRO1220-25_r_1.5_s_100_BSCRO1220-25_fcleaner,BSCRO1220-25,r_1.5_s_100_fcleaner,>BSCRO1220-25_r_1.5_s_100_BSCRO1220-25_fcleaner,2768102,YP_010265401.1,family:Paronellidae,null,1224,null,null,0.0,156.0,104.57,119.0,0,160,24,0,0,99.8
BSCRO1214-25_r_1.5_s_50_BSCRO1214-25_fcleaner,BSCRO1214-25,r_1.5_s_50_fcleaner,>BSCRO1214-25_r_1.5_s_50_BSCRO1214-25_fcleaner,2772100,AJK28732.1,genus:Pseudosinella,null,2898,null,null,0.0,686.0,227.39,256.5,0,313,97,0,0,94.92
BSCRO1141-25_r_1.5_s_100_BSCRO1141-25_fcleaner,BSCRO1141-25,r_1.5_s_100_fcleaner,>BSCRO1141-25_r_1.5_s_100_BSCRO1141-25_fcleaner,187676,YP_009753939.1,genus:Oncopodura,null,157,null,null,0.0,22.0,10.06,11.0,0,68,4,0,0,86.11
BSCRO1221-25_r_1.5_s_100_BSCRO1221-25_fcleaner,BSCRO1221-25,r_1.5_s_100_fcleaner,>BSCRO1221-25_r_1.5_s_100_BSCRO1221-25_fcleaner,2768102,YP_010265401.1,family:Paronellidae,null,1440,null,null,0.0,183.0,126.99,145.0,0,119,24,0,0,99.8
BSCRO1186-25_r_1_s_50_BSCRO1186-25_fcleaner,BSCRO1186-25,r_1_s_50_fcleaner,>BSCRO1186-25_r_1_s_50_BSCRO1186-25_fcleaner,2926737,QIT06492.1,family:Sminthuridae,null,840,null,null,0.0,112.0,60.97,60.0,0,103,47,0,3,96.35
BSCRO1184-25_r_1.3_s_50_BSCRO1184-25_fcleaner,BSCRO1184-25,r_1.3_s_50_fcleaner,>BSCRO1184-25_r_1.3_s_50_BSCRO1184-25_fcleaner,2926737,QIT06492.1,family:Sminthuridae,null,826,null,null,0.0,195.0,69.55,61.0,0,86,31,0,0,88.29
BSCRO1175-25_r_1.5_s_50_BSCRO1175-25_fcleaner,BSCRO1175-25,r_1.5_s_50_fcleaner,>BSCRO1175-25_r_1.5_s_50_BSCRO1175-25_fcleaner,187632,UFX54039.1,subfamily:Onychiurinae,null,1947,null,null,29.0,229.0,176.39,190.0,0,160,160,0,0,100.0
BSCRO1201-25_r_1.5_s_100_BSCRO1201-25_fcleaner,BSCRO1201-25,r_1.5_s_100_fcleaner,>BSCRO1201-25_r_1.5_s_100_BSCRO1201-25_fcleaner,1765952,XCD10116.1,subfamily:Heteromurinae,null,1106,null,null,0.0,129.0,94.33,99.0,0,54,69,0,0,99.61
BSCRO1224-25_r_1.5_s_100_BSCRO1224-25_fcleaner,BSCRO1224-25,r_1.5_s_100_fcleaner,>BSCRO1224-25_r_1.5_s_100_BSCRO1224-25_fcleaner,1765952,XCD10116.1,subfamily:Heteromurinae,null,1580,null,null,0.0,189.0,136.96,150.0,0,168,23,0,0,99.61
BSCRO1189-25_r_1.5_s_50_BSCRO1189-25_fcleaner,BSCRO1189-25,r_1.5_s_50_fcleaner,>BSCRO1189-25_r_1.5_s_50_BSCRO1189-25_fcleaner,2926737,QIT06492.1,family:Sminthuridae,null,266,null,null,0.0,100.0,20.39,7.0,0,8,8,0,0,64.49
BSCRO1213-25_r_1.3_s_50_BSCRO1213-25_fcleaner,BSCRO1213-25,r_1.3_s_50_fcleaner,>BSCRO1213-25_r_1.3_s_50_BSCRO1213-25_fcleaner,2772100,AJK28732.1,genus:Pseudosinella,null,2962,null,null,0.0,712.0,212.17,225.0,0,371,106,0,0,96.29
BSCRO1224-25_r_1.3_s_50_BSCRO1224-25_fcleaner,BSCRO1224-25,r_1.3_s_50_fcleaner,>BSCRO1224-25_r_1.3_s_50_BSCRO1224-25_fcleaner,1765952,XCD10116.1,subfamily:Heteromurinae,null,1816,null,null,0.0,201.0,148.26,159.0,0,252,34,0,0,99.61
