ambig_basecount	ambig_full_basecount	dataset	error	identification	identification_method	identification_rank	marker_code	nuc_basecount	nuc_full_basecount	obs_taxon	sequence_id	species	stop_codons	group_id	r	s	fcleaner	merge	n_reads_in	n_reads_aligned	n_reads_skipped	ref_length	cov_min	cov_max	cov_avg	cov_med	inst	validation_steps	assembly_params
0	0	data/BGE00170_MGE-BGE_r1_1.3_1.5_s50_100.fasta	None	Chloropidae	BLAST	family	COI-5P	657	1542	Syrphidae,Chloropidae,Drosophilidae,Ephydridae	BGENL571-23_r_1_s_50	Eurina lurida	0	BGENL571-23	1	50	False	False	15121500	5238	518	1545	0.0	455.0	315.2271844660194	317.0	Naturalis Biodiversity Center	1	6
0	0	data/BGE00170_MGE-BGE_r1_1.3_1.5_s50_100.fasta	None	Chloropidae	BLAST	family	COI-5P	657	1539	Syrphidae,Chloropidae,Drosophilidae,Ephydridae	BGENL571-23_r_1_s_100	Eurina lurida	0	BGENL571-23	1	100	False	False	15121500	4125	518	1545	0.0	427.0	279.8252427184466	282.0	Naturalis Biodiversity Center	1	6
0	0	data/BGE00170_MGE-BGE_r1_1.3_1.5_s50_100.fasta	None	Chloropidae	BLAST	family	COI-5P	657	1542	Syrphidae,Chloropidae,Drosophilidae,Ephydridae	BGENL571-23_r_1.3_s_50	Eurina lurida	0	BGENL571-23	1.3	50	False	False	15121500	5021	518	1545	0.0	442.0	305.1009708737864	302.0	Naturalis Biodiversity Center	1	6
0	0	data/BGE00170_MGE-BGE_r1_1.3_1.5_s50_100.fasta	None	Chloropidae	BLAST	family	COI-5P	657	1536	Syrphidae,Chloropidae,Drosophilidae,Ephydridae	BGENL571-23_r_1.3_s_100	Eurina lurida	0	BGENL571-23	1.3	100	False	False	15121500	4059	518	1545	0.0	423.0	275.16893203883495	275.0	Naturalis Biodiversity Center	1	6
0	0	data/BGE00170_MGE-BGE_r1_1.3_1.5_s50_100.fasta	None	Chloropidae	BLAST	family	COI-5P	657	1536	Syrphidae,Chloropidae,Drosophilidae,Ephydridae	BGENL571-23_r_1.5_s_50	Eurina lurida	0	BGENL571-23	1.5	50	False	False	15121500	4205	518	1545	0.0	410.0	254.06796116504853	254.0	Naturalis Biodiversity Center	1	6
0	0	data/BGE00170_MGE-BGE_r1_1.3_1.5_s50_100.fasta	None	Chloropidae	BLAST	family	COI-5P	657	1536	Syrphidae,Chloropidae,Drosophilidae,Ephydridae	BGENL571-23_r_1.5_s_100	Eurina lurida	0	BGENL571-23	1.5	100	False	False	15121500	3440	518	1545	0.0	392.0	230.66601941747572	226.0	Naturalis Biodiversity Center	1	6
29	32	data/BGE00170_MGE-BGE_r1_1.3_1.5_s50_100.fasta	None	Chloropidae	BLAST	family	COI-5P	657	1536	Syrphidae,Chloropidae,Drosophilidae,Ephydridae,Muscidae	BGENL572-23_r_1_s_50	Eurina lurida	0	BGENL572-23	1	50	False	False	22897733	1506	106	1545	0.0	236.0	84.03883495145631	56.0	Naturalis Biodiversity Center	1	6
28	30	data/BGE00170_MGE-BGE_r1_1.3_1.5_s50_100.fasta	None	Chloropidae	BLAST	family	COI-5P	657	1536	Syrphidae,Chloropidae,Drosophilidae,Muscidae	BGENL572-23_r_1_s_100	Eurina lurida	0	BGENL572-23	1	100	False	False	22897733	929	106	1545	0.0	217.0	66.04854368932038	36.0	Naturalis Biodiversity Center	1	6
25	28	data/BGE00170_MGE-BGE_r1_1.3_1.5_s50_100.fasta	None	Chloropidae	BLAST	family	COI-5P	657	1536	Syrphidae,Chloropidae,Drosophilidae,Ephydridae,Muscidae	BGENL572-23_r_1.3_s_50	Eurina lurida	0	BGENL572-23	1.3	50	False	False	22897733	1302	106	1545	0.0	222.0	72.27766990291262	47.0	Naturalis Biodiversity Center	1	6
26	28	data/BGE00170_MGE-BGE_r1_1.3_1.5_s50_100.fasta	None	Chloropidae	BLAST	family	COI-5P	657	1536	Syrphidae,Chloropidae,Ephydridae,Muscidae	BGENL572-23_r_1.3_s_100	Eurina lurida	0	BGENL572-23	1.3	100	False	False	22897733	833	106	1545	0.0	208.0	58.18834951456311	31.0	Naturalis Biodiversity Center	1	6
11	12	data/BGE00170_MGE-BGE_r1_1.3_1.5_s50_100.fasta	None	Chloropidae	BLAST	family	COI-5P	657	1536	Syrphidae,Chloropidae,Drosophilidae,Ephydridae	BGENL572-23_r_1.5_s_50	Eurina lurida	0	BGENL572-23	1.5	50	False	False	22897733	950	106	1545	0.0	206.0	50.11456310679612	36.0	Naturalis Biodiversity Center	1	6
13	13	data/BGE00170_MGE-BGE_r1_1.3_1.5_s50_100.fasta	None	Chloropidae	BLAST	family	COI-5P	657	1536	Syrphidae,Chloropidae,Drosophilidae	BGENL572-23_r_1.5_s_100	Eurina lurida	0	BGENL572-23	1.5	100	False	False	22897733	604	106	1545	0.0	197.0	40.116504854368934	26.0	Naturalis Biodiversity Center	1	6
0	0	data/BGE00170_MGE-BGE_r1_1.3_1.5_s50_100.fasta	None	Chloropidae	BLAST	family	COI-5P	657	1545	Syrphidae,Chloropidae,Drosophilidae,Ephydridae	BGENL573-23_r_1_s_50	Eurina lurida	0	BGENL573-23	1	50	False	False	16034380	5028	279	1545	2.0	398.0	211.64271844660195	202.0	Naturalis Biodiversity Center	1	6
0	0	data/BGE00170_MGE-BGE_r1_1.3_1.5_s50_100.fasta	None	Chloropidae	BLAST	family	COI-5P	657	1545	Syrphidae,Chloropidae,Drosophilidae,Ephydridae	BGENL573-23_r_1_s_100	Eurina lurida	0	BGENL573-23	1	100	False	False	16034380	2424	279	1545	2.0	274.0	131.77864077669904	128.0	Naturalis Biodiversity Center	1	6
0	0	data/BGE00170_MGE-BGE_r1_1.3_1.5_s50_100.fasta	None	Chloropidae	BLAST	family	COI-5P	657	1536	Syrphidae,Chloropidae,Drosophilidae,Ephydridae	BGENL573-23_r_1.3_s_50	Eurina lurida	0	BGENL573-23	1.3	50	False	False	16034380	4835	279	1545	0.0	390.0	203.652427184466	196.0	Naturalis Biodiversity Center	1	6
0	0	data/BGE00170_MGE-BGE_r1_1.3_1.5_s50_100.fasta	None	Chloropidae	BLAST	family	COI-5P	657	1536	Syrphidae,Chloropidae,Drosophilidae,Ephydridae	BGENL573-23_r_1.3_s_100	Eurina lurida	0	BGENL573-23	1.3	100	False	False	16034380	2388	279	1545	0.0	270.0	129.4271844660194	126.0	Naturalis Biodiversity Center	1	6
0	0	data/BGE00170_MGE-BGE_r1_1.3_1.5_s50_100.fasta	None	Chloropidae	BLAST	family	COI-5P	657	1536	Syrphidae,Chloropidae,Drosophilidae,Ephydridae	BGENL573-23_r_1.5_s_50	Eurina lurida	0	BGENL573-23	1.5	50	False	False	16034380	4064	279	1545	0.0	352.0	171.66407766990292	178.0	Naturalis Biodiversity Center	1	6
0	0	data/BGE00170_MGE-BGE_r1_1.3_1.5_s50_100.fasta	None	Chloropidae	BLAST	family	COI-5P	657	1536	Syrphidae,Chloropidae,Drosophilidae,Ephydridae	BGENL573-23_r_1.5_s_100	Eurina lurida	0	BGENL573-23	1.5	100	False	False	16034380	2151	279	1545	0.0	262.0	115.62135922330097	111.0	Naturalis Biodiversity Center	1	6
0	2	data/BGE00170_MGE-BGE_r1_1.3_1.5_s50_100.fasta	None	Chloropidae	BLAST	family	COI-5P	656	1533	Chloropidae	BGENL574-23_r_1_s_50	Lipara rufitarsis	0	BGENL574-23	1	50	False	False	6071213	1640	236	1533	12.0	194.0	57.025440313111545	49.0	Naturalis Biodiversity Center	1	6
3	6	data/BGE00170_MGE-BGE_r1_1.3_1.5_s50_100.fasta	None	Chloropidae	BLAST	family	COI-5P	656	1527	Syrphidae,Chloropidae,Drosophilidae,Muscidae	BGENL574-23_r_1_s_100	Lipara rufitarsis	0	BGENL574-23	1	100	False	False	6071213	353	236	1533	0.0	62.0	18.152641878669275	16.0	Naturalis Biodiversity Center	1	6
0	1	data/BGE00170_MGE-BGE_r1_1.3_1.5_s50_100.fasta	None	Chloropidae	BLAST	family	COI-5P	656	1533	Chloropidae,Drosophilidae	BGENL574-23_r_1.3_s_50	Lipara rufitarsis	0	BGENL574-23	1.3	50	False	False	6071213	1526	236	1533	12.0	164.0	52.651663405088065	46.0	Naturalis Biodiversity Center	1	6
9	12	data/BGE00170_MGE-BGE_r1_1.3_1.5_s50_100.fasta	None	Chloropidae	BLAST	family	COI-5P	656	1527	Chloropidae,Drosophilidae,Tachinidae	BGENL574-23_r_1.3_s_100	Lipara rufitarsis	0	BGENL574-23	1.3	100	False	False	6071213	342	236	1533	0.0	59.0	17.268101761252446	16.0	Naturalis Biodiversity Center	1	6
0	0	data/BGE00170_MGE-BGE_r1_1.3_1.5_s50_100.fasta	None	Chloropidae	BLAST	family	COI-5P	656	1533	Chloropidae,Drosophilidae	BGENL574-23_r_1.5_s_50	Lipara rufitarsis	0	BGENL574-23	1.5	50	False	False	6071213	1237	236	1533	4.0	98.0	42.11350293542074	40.0	Naturalis Biodiversity Center	1	6
0	2	data/BGE00170_MGE-BGE_r1_1.3_1.5_s50_100.fasta	None	Chloropidae	BLAST	family	COI-5P	656	1527	Chloropidae,Drosophilidae	BGENL574-23_r_1.5_s_100	Lipara rufitarsis	0	BGENL574-23	1.5	100	False	False	6071213	310	236	1533	0.0	44.0	15.227005870841488	13.0	Naturalis Biodiversity Center	1	6
0	0	data/BGE00170_MGE-BGE_r1_1.3_1.5_s50_100.fasta	None	Chloropidae	BLAST	family	COI-5P	656	1533	Chloropidae,Drosophilidae	BGENL575-23_r_1_s_50	Lipara rufitarsis	0	BGENL575-23	1	50	False	False	13250891	7563	75	1533	211.0	668.0	380.9784735812133	360.0	Naturalis Biodiversity Center	1	6
0	0	data/BGE00170_MGE-BGE_r1_1.3_1.5_s50_100.fasta	None	Chloropidae	BLAST	family	COI-5P	656	1533	Chloropidae,Drosophilidae	BGENL575-23_r_1_s_100	Lipara rufitarsis	0	BGENL575-23	1	100	False	False	13250891	4969	75	1533	117.0	554.0	301.66536203522503	278.0	Naturalis Biodiversity Center	1	6
0	0	data/BGE00170_MGE-BGE_r1_1.3_1.5_s50_100.fasta	None	Chloropidae	BLAST	family	COI-5P	656	1533	Chloropidae,Drosophilidae	BGENL575-23_r_1.3_s_50	Lipara rufitarsis	0	BGENL575-23	1.3	50	False	False	13250891	7438	75	1533	209.0	660.0	376.25440313111545	355.0	Naturalis Biodiversity Center	1	6
0	0	data/BGE00170_MGE-BGE_r1_1.3_1.5_s50_100.fasta	None	Chloropidae	BLAST	family	COI-5P	656	1533	Chloropidae,Drosophilidae	BGENL575-23_r_1.3_s_100	Lipara rufitarsis	0	BGENL575-23	1.3	100	False	False	13250891	4944	75	1533	117.0	552.0	300.0900195694716	277.0	Naturalis Biodiversity Center	1	6
0	0	data/BGE00170_MGE-BGE_r1_1.3_1.5_s50_100.fasta	None	Chloropidae	BLAST	family	COI-5P	656	1533	Chloropidae,Drosophilidae	BGENL575-23_r_1.5_s_50	Lipara rufitarsis	0	BGENL575-23	1.5	50	False	False	13250891	6983	75	1533	191.0	569.0	356.7260273972603	336.0	Naturalis Biodiversity Center	1	6
0	0	data/BGE00170_MGE-BGE_r1_1.3_1.5_s50_100.fasta	None	Chloropidae	BLAST	family	COI-5P	656	1533	Chloropidae,Drosophilidae	BGENL575-23_r_1.5_s_100	Lipara rufitarsis	0	BGENL575-23	1.5	100	False	False	13250891	4794	75	1533	116.0	507.0	291.17808219178085	270.0	Naturalis Biodiversity Center	1	6
12	21	data/BGE00170_MGE-BGE_r1_1.3_1.5_s50_100.fasta	None	Chloropidae	BLAST	family	COI-5P	656	1533	Syrphidae,Drosophilidae	BGENL576-23_r_1_s_50	Lipara rufitarsis	0	BGENL576-23	1	50	False	False	3619315	921	82	1533	4.0	100.0	31.98238747553816	28.0	Naturalis Biodiversity Center	1	6
12	24	data/BGE00170_MGE-BGE_r1_1.3_1.5_s50_100.fasta	None	Chloropidae	BLAST	family	COI-5P	638	1446	Chloropidae	BGENL576-23_r_1_s_100	Lipara rufitarsis	0	BGENL576-23	1	100	False	False	3619315	216	82	1533	0.0	62.0	11.367906066536204	8.0	Naturalis Biodiversity Center	1	6
2	5	data/BGE00170_MGE-BGE_r1_1.3_1.5_s50_100.fasta	None	Chloropidae	BLAST	family	COI-5P	644	1521	Chloropidae,Drosophilidae,Sepsidae,Tachinidae	BGENL576-23_r_1.3_s_50	Lipara rufitarsis	0	BGENL576-23	1.3	50	False	False	3619315	853	82	1533	0.0	97.0	28.44618395303327	24.0	Naturalis Biodiversity Center	1	6
0	5	data/BGE00170_MGE-BGE_r1_1.3_1.5_s50_100.fasta	None	Chloropidae	BLAST	family	COI-5P	578	1350	Chloropidae,Drosophilidae	BGENL576-23_r_1.3_s_100	Lipara rufitarsis	0	BGENL576-23	1.3	100	False	False	3619315	194	82	1533	0.0	59.0	9.610567514677104	6.0	Naturalis Biodiversity Center	1	6
1	4	data/BGE00170_MGE-BGE_r1_1.3_1.5_s50_100.fasta	None	Chloropidae	BLAST	family	COI-5P	644	1521	Chloropidae,Drosophilidae,Sepsidae,Tachinidae	BGENL576-23_r_1.5_s_50	Lipara rufitarsis	0	BGENL576-23	1.5	50	False	False	3619315	741	82	1533	0.0	94.0	24.26027397260274	19.0	Naturalis Biodiversity Center	1	6
0	5	data/BGE00170_MGE-BGE_r1_1.3_1.5_s50_100.fasta	None	Chloropidae	BLAST	family	COI-5P	578	1329	Chloropidae	BGENL576-23_r_1.5_s_100	Lipara rufitarsis	0	BGENL576-23	1.5	100	False	False	3619315	172	82	1533	0.0	56.0	8.136986301369863	5.0	Naturalis Biodiversity Center	1	6
15	82	data/BGE00170_MGE-BGE_r1_1.3_1.5_s50_100.fasta	None	Chloropidae	BLAST	family	COI-5P	563	1236	Agromyzidae,Anthomyiidae,Sarcophagidae	BGENL577-23_r_1_s_50	Neohaplegis tarsata	0	BGENL577-23	1	50	False	False	400490	79	28	1545	0.0	22.0	4.132038834951456	2.0	Naturalis Biodiversity Center	1	6
6	53	data/BGE00170_MGE-BGE_r1_1.3_1.5_s50_100.fasta	None	Chloropidae	BLAST	family	COI-5P	544	1059	Sarcophagidae	BGENL577-23_r_1_s_100	Neohaplegis tarsata	0	BGENL577-23	1	100	False	False	400490	54	28	1545	0.0	20.0	3.3611650485436892	2.0	Naturalis Biodiversity Center	1	6
5	29	data/BGE00170_MGE-BGE_r1_1.3_1.5_s50_100.fasta	None	Chloropidae	BLAST	family	COI-5P	557	1200	Drosophilidae,Stratiomyidae	BGENL577-23_r_1.3_s_50	Neohaplegis tarsata	0	BGENL577-23	1.3	50	False	False	400490	66	28	1545	0.0	22.0	3.1844660194174756	2.0	Naturalis Biodiversity Center	1	6
6	9	data/BGE00170_MGE-BGE_r1_1.3_1.5_s50_100.fasta	None	Chloropidae	BLAST	family	COI-5P	544	1002	Sarcophagidae	BGENL577-23_r_1.3_s_100	Neohaplegis tarsata	0	BGENL577-23	1.3	100	False	False	400490	44	28	1545	0.0	20.0	2.500970873786408	2.0	Naturalis Biodiversity Center	1	6
3	20	data/BGE00170_MGE-BGE_r1_1.3_1.5_s50_100.fasta	None	Chloropidae	BLAST	family	COI-5P	453	1071	Drosophilidae	BGENL577-23_r_1.5_s_50	Neohaplegis tarsata	0	BGENL577-23	1.5	50	False	False	400490	59	28	1545	0.0	20.0	2.788349514563107	2.0	Naturalis Biodiversity Center	1	6
4	7	data/BGE00170_MGE-BGE_r1_1.3_1.5_s50_100.fasta	None	Chloropidae	BLAST	family	COI-5P	440	897	Sarcophagidae	BGENL577-23_r_1.5_s_100	Neohaplegis tarsata	0	BGENL577-23	1.5	100	False	False	400490	39	28	1545	0.0	18.0	2.18252427184466	2.0	Naturalis Biodiversity Center	1	6
7	31	data/BGE00170_MGE-BGE_r1_1.3_1.5_s50_100.fasta	None	Chloropidae	BLAST	family	COI-5P	642	1437	Culicidae,Syrphidae,Chloropidae,Psilidae,Sphaeroceridae,Calliphoridae	BGENL578-23_r_1_s_50	Neohaplegis tarsata	0	BGENL578-23	1	50	False	False	475713	158	60	1545	0.0	20.0	7.735922330097087	7.0	Naturalis Biodiversity Center	1	6
3	4	data/BGE00170_MGE-BGE_r1_1.3_1.5_s50_100.fasta	None	Chloropidae	BLAST	family	COI-5P	579	1341	Syrphidae,Chloropidae,Psilidae,Drosophilidae	BGENL578-23_r_1_s_100	Neohaplegis tarsata	0	BGENL578-23	1	100	False	False	475713	103	60	1545	0.0	18.0	5.87378640776699	4.0	Naturalis Biodiversity Center	1	6
4	5	data/BGE00170_MGE-BGE_r1_1.3_1.5_s50_100.fasta	None	Chloropidae	BLAST	family	COI-5P	642	1377	Culicidae,Syrphidae,Chloropidae,Psilidae,Sphaeroceridae,Calliphoridae	BGENL578-23_r_1.3_s_50	Neohaplegis tarsata	0	BGENL578-23	1.3	50	False	False	475713	137	60	1545	0.0	20.0	6.788349514563107	6.0	Naturalis Biodiversity Center	1	6
3	3	data/BGE00170_MGE-BGE_r1_1.3_1.5_s50_100.fasta	None	Chloropidae	BLAST	family	COI-5P	579	1251	Syrphidae,Chloropidae,Psilidae,Drosophilidae	BGENL578-23_r_1.3_s_100	Neohaplegis tarsata	0	BGENL578-23	1.3	100	False	False	475713	100	60	1545	0.0	18.0	5.669902912621359	4.0	Naturalis Biodiversity Center	1	6
4	5	data/BGE00170_MGE-BGE_r1_1.3_1.5_s50_100.fasta	None	Chloropidae	BLAST	family	COI-5P	612	1266	Culicidae,Syrphidae,Chloropidae,Drosophilidae	BGENL578-23_r_1.5_s_50	Neohaplegis tarsata	0	BGENL578-23	1.5	50	False	False	475713	115	60	1545	0.0	20.0	5.858252427184466	4.0	Naturalis Biodiversity Center	1	6
3	3	data/BGE00170_MGE-BGE_r1_1.3_1.5_s50_100.fasta	None	Chloropidae	BLAST	family	COI-5P	537	1212	Chloropidae,Drosophilidae	BGENL578-23_r_1.5_s_100	Neohaplegis tarsata	0	BGENL578-23	1.5	100	False	False	475713	86	60	1545	0.0	18.0	4.974757281553398	4.0	Naturalis Biodiversity Center	1	6
18	42	data/BGE00170_MGE-BGE_r1_1.3_1.5_s50_100.fasta	None	Chloropidae	BLAST	family	COI-5P	650	1512	Culicidae,Dolichopodidae,Syrphidae,Ephydridae,Anthomyiidae,Calliphoridae	BGENL579-23_r_1_s_50	Neohaplegis tarsata	0	BGENL579-23	1	50	False	False	384371	161	43	1545	0.0	23.0	9.005825242718446	8.0	Naturalis Biodiversity Center	1	6
15	50	data/BGE00170_MGE-BGE_r1_1.3_1.5_s50_100.fasta	None	Chloropidae	BLAST	family	COI-5P	546	1389	Lampyridae,Culicidae,Syrphidae,Drosophilidae,Tachinidae	BGENL579-23_r_1_s_100	Neohaplegis tarsata	0	BGENL579-23	1	100	False	False	384371	88	43	1545	0.0	21.0	6.998058252427184	4.0	Naturalis Biodiversity Center	1	6
7	28	data/BGE00170_MGE-BGE_r1_1.3_1.5_s50_100.fasta	None	Chloropidae	BLAST	family	COI-5P	614	1476	Syrphidae,Chloropidae,Drosophilidae,Muscidae,Anthomyiidae,Sarcophagidae	BGENL579-23_r_1.3_s_50	Neohaplegis tarsata	0	BGENL579-23	1.3	50	False	False	384371	139	43	1545	0.0	21.0	7.448543689320388	6.0	Naturalis Biodiversity Center	1	6
3	23	data/BGE00170_MGE-BGE_r1_1.3_1.5_s50_100.fasta	None	Chloropidae	BLAST	family	COI-5P	546	1389	Dolichopodidae,Syrphidae,Drosophilidae,Tephritidae,Muscidae,Tachinidae	BGENL579-23_r_1.3_s_100	Neohaplegis tarsata	0	BGENL579-23	1.3	100	False	False	384371	71	43	1545	0.0	19.0	5.596116504854369	4.0	Naturalis Biodiversity Center	1	6
3	27	data/BGE00170_MGE-BGE_r1_1.3_1.5_s50_100.fasta	None	Chloropidae	BLAST	family	COI-5P	546	1377	Chloropidae,Sarcophagidae	BGENL579-23_r_1.5_s_50	Neohaplegis tarsata	0	BGENL579-23	1.5	50	False	False	384371	107	43	1545	0.0	12.0	4.978640776699029	4.0	Naturalis Biodiversity Center	1	6
14	44	data/BGE00170_MGE-BGE_r1_1.3_1.5_s50_100.fasta	None	Chloropidae	BLAST	family	COI-5P	435	1149	Syrphidae,Chloropidae,Drosophilidae,Muscidae,Anthomyiidae	BGENL579-23_r_1.5_s_100	Neohaplegis tarsata	0	BGENL579-23	1.5	100	False	False	384371	45	43	1545	0.0	10.0	3.2815533980582523	3.0	Naturalis Biodiversity Center	1	6
1	2	data/BGE00170_MGE-BGE_r1_1.3_1.5_s50_100.fasta	None	Chloropidae	BLAST	family	COI-5P	657	1530	Chloropidae,Psilidae,Drosophilidae,Fanniidae,Anthomyiidae	BGENL580-23_r_1_s_50	Parectecephala longicornis	0	BGENL580-23	1	50	False	False	3864417	1507	240	1545	0.0	120.0	60.43883495145631	58.0	Naturalis Biodiversity Center	1	6
1	6	data/BGE00170_MGE-BGE_r1_1.3_1.5_s50_100.fasta	None	Chloropidae	BLAST	family	COI-5P	657	1530	Syrphidae,Chloropidae,Drosophilidae,Ephydridae,Muscidae	BGENL580-23_r_1_s_100	Parectecephala longicornis	0	BGENL580-23	1	100	False	False	3864417	625	240	1545	0.0	79.0	33.650485436893206	32.0	Naturalis Biodiversity Center	1	6
1	1	data/BGE00170_MGE-BGE_r1_1.3_1.5_s50_100.fasta	None	Chloropidae	BLAST	family	COI-5P	657	1530	Chloropidae,Psilidae,Drosophilidae,Fanniidae,Anthomyiidae	BGENL580-23_r_1.3_s_50	Parectecephala longicornis	0	BGENL580-23	1.3	50	False	False	3864417	1393	240	1545	0.0	119.0	54.689320388349515	54.0	Naturalis Biodiversity Center	1	6
2	2	data/BGE00170_MGE-BGE_r1_1.3_1.5_s50_100.fasta	None	Chloropidae	BLAST	family	COI-5P	657	1530	Chloropidae,Psilidae,Drosophilidae,Fanniidae,Anthomyiidae	BGENL580-23_r_1.3_s_100	Parectecephala longicornis	0	BGENL580-23	1.3	100	False	False	3864417	594	240	1545	0.0	79.0	30.941747572815533	30.0	Naturalis Biodiversity Center	1	6
0	0	data/BGE00170_MGE-BGE_r1_1.3_1.5_s50_100.fasta	None	Chloropidae	BLAST	family	COI-5P	657	1530	Chloropidae,Psilidae,Drosophilidae,Fanniidae,Anthomyiidae	BGENL580-23_r_1.5_s_50	Parectecephala longicornis	0	BGENL580-23	1.5	50	False	False	3864417	1210	240	1545	0.0	110.0	46.85631067961165	43.0	Naturalis Biodiversity Center	1	6
0	0	data/BGE00170_MGE-BGE_r1_1.3_1.5_s50_100.fasta	None	Chloropidae	BLAST	family	COI-5P	657	1530	Chloropidae,Psilidae,Drosophilidae,Fanniidae,Anthomyiidae	BGENL580-23_r_1.5_s_100	Parectecephala longicornis	0	BGENL580-23	1.5	100	False	False	3864417	535	240	1545	0.0	77.0	27.269902912621358	24.0	Naturalis Biodiversity Center	1	6
0	0	data/BGE00170_MGE-BGE_r1_1.3_1.5_s50_100.fasta	None	Chloropidae	BLAST	family	COI-5P	657	1542	Chloropidae,Psilidae,Drosophilidae,Fanniidae,Anthomyiidae	BGENL581-23_r_1_s_50	Parectecephala longicornis	0	BGENL581-23	1	50	False	False	12116647	2454	24	1545	0.0	225.0	131.2601941747573	133.0	Naturalis Biodiversity Center	1	6
0	0	data/BGE00170_MGE-BGE_r1_1.3_1.5_s50_100.fasta	None	Chloropidae	BLAST	family	COI-5P	657	1542	Chloropidae,Psilidae,Drosophilidae,Fanniidae,Anthomyiidae	BGENL581-23_r_1_s_100	Parectecephala longicornis	0	BGENL581-23	1	100	False	False	12116647	1709	24	1545	0.0	180.0	108.3495145631068	113.0	Naturalis Biodiversity Center	1	6
0	0	data/BGE00170_MGE-BGE_r1_1.3_1.5_s50_100.fasta	None	Chloropidae	BLAST	family	COI-5P	657	1542	Chloropidae,Psilidae,Drosophilidae,Fanniidae,Anthomyiidae	BGENL581-23_r_1.3_s_50	Parectecephala longicornis	0	BGENL581-23	1.3	50	False	False	12116647	2307	24	1545	0.0	203.0	125.673786407767	129.0	Naturalis Biodiversity Center	1	6
0	0	data/BGE00170_MGE-BGE_r1_1.3_1.5_s50_100.fasta	None	Chloropidae	BLAST	family	COI-5P	657	1542	Chloropidae,Psilidae,Drosophilidae,Fanniidae,Anthomyiidae	BGENL581-23_r_1.3_s_100	Parectecephala longicornis	0	BGENL581-23	1.3	100	False	False	12116647	1693	24	1545	0.0	179.0	107.00388349514563	112.0	Naturalis Biodiversity Center	1	6
0	0	data/BGE00170_MGE-BGE_r1_1.3_1.5_s50_100.fasta	None	Chloropidae	BLAST	family	COI-5P	657	1542	Chloropidae,Psilidae,Drosophilidae,Fanniidae,Anthomyiidae	BGENL581-23_r_1.5_s_50	Parectecephala longicornis	0	BGENL581-23	1.5	50	False	False	12116647	2026	24	1545	0.0	196.0	112.09320388349515	111.0	Naturalis Biodiversity Center	1	6
0	0	data/BGE00170_MGE-BGE_r1_1.3_1.5_s50_100.fasta	None	Chloropidae	BLAST	family	COI-5P	657	1542	Chloropidae,Psilidae,Drosophilidae,Fanniidae,Anthomyiidae	BGENL581-23_r_1.5_s_100	Parectecephala longicornis	0	BGENL581-23	1.5	100	False	False	12116647	1550	24	1545	0.0	177.0	98.01747572815535	100.0	Naturalis Biodiversity Center	1	6
21	51	data/BGE00170_MGE-BGE_r1_1.3_1.5_s50_100.fasta	None	Chloropidae	BLAST	family	COI-5P	655	1425	Tettigoniidae,Chrysomelidae,Empididae,Sphaeroceridae,Ulidiidae,Vespidae	BGENL582-23_r_1_s_50	Parectecephala longicornis	0	BGENL582-23	1	50	False	False	1015877	215	100	1545	0.0	35.0	12.941747572815533	12.0	Naturalis Biodiversity Center	1	6
14	38	data/BGE00170_MGE-BGE_r1_1.3_1.5_s50_100.fasta	None	Chloropidae	BLAST	family	COI-5P	641	1365	Tettigoniidae,Phoridae,Psilidae,Sphaeroceridae,Ulidiidae,Vespidae	BGENL582-23_r_1_s_100	Parectecephala longicornis	0	BGENL582-23	1	100	False	False	1015877	129	100	1545	0.0	30.0	10.023300970873786	10.0	Naturalis Biodiversity Center	1	6
11	15	data/BGE00170_MGE-BGE_r1_1.3_1.5_s50_100.fasta	None	Chloropidae	BLAST	family	COI-5P	572	1326	Tettigoniidae,Reduviidae,Ulidiidae,Vespidae	BGENL582-23_r_1.3_s_50	Parectecephala longicornis	0	BGENL582-23	1.3	50	False	False	1015877	114	100	1545	0.0	19.0	6.0718446601941745	4.0	Naturalis Biodiversity Center	1	6
5	8	data/BGE00170_MGE-BGE_r1_1.3_1.5_s50_100.fasta	None	Chloropidae	BLAST	family	COI-5P	521	1164	Tettigoniidae,Syrphidae,Pipunculidae,Chloropidae,Ulidiidae,Vespidae	BGENL582-23_r_1.3_s_100	Parectecephala longicornis	0	BGENL582-23	1.3	100	False	False	1015877	66	100	1545	0.0	14.0	4.695145631067962	4.0	Naturalis Biodiversity Center	1	6
3	5	data/BGE00170_MGE-BGE_r1_1.3_1.5_s50_100.fasta	None	Chloropidae	BLAST	family	COI-5P	473	801	Tettigoniidae,Syrphidae,Pipunculidae,Chloropidae,Ulidiidae,Vespidae	BGENL582-23_r_1.5_s_50	Parectecephala longicornis	0	BGENL582-23	1.5	50	False	False	1015877	48	100	1545	0.0	14.0	2.8271844660194176	2.0	Naturalis Biodiversity Center	1	6
2	2	data/BGE00170_MGE-BGE_r1_1.3_1.5_s50_100.fasta	None	Chloropidae	BLAST	family	COI-5P	420	795	Tettigoniidae,Syrphidae,Pipunculidae,Chloropidae,Ulidiidae,Vespidae	BGENL582-23_r_1.5_s_100	Parectecephala longicornis	0	BGENL582-23	1.5	100	False	False	1015877	37	100	1545	0.0	14.0	2.5262135922330096	2.0	Naturalis Biodiversity Center	1	6
5	60	data/BGE00170_MGE-BGE_r1_1.3_1.5_s50_100.fasta	None	Chloropidae	BLAST	family	COI-5P	656	1533	Conopidae,Psilidae,Drosophilidae,Anthomyiidae	BGENL583-23_r_1_s_50	Rhopalopterum anthracinum	0	BGENL583-23	1	50	False	False	447313	179	16	1533	1.0	27.0	10.215264187866927	9.0	Naturalis Biodiversity Center	1	6
1	72	data/BGE00170_MGE-BGE_r1_1.3_1.5_s50_100.fasta	None	Chloropidae	BLAST	family	COI-5P	656	1530	Psilidae,Drosophilidae,Muscidae,Sarcophagidae	BGENL583-23_r_1_s_100	Rhopalopterum anthracinum	0	BGENL583-23	1	100	False	False	447313	112	16	1533	0.0	18.0	8.088062622309197	6.0	Naturalis Biodiversity Center	1	6
4	39	data/BGE00170_MGE-BGE_r1_1.3_1.5_s50_100.fasta	None	Chloropidae	BLAST	family	COI-5P	656	1533	Conopidae,Psilidae,Drosophilidae,Sphaeroceridae,Muscidae,Tachinidae	BGENL583-23_r_1.3_s_50	Rhopalopterum anthracinum	0	BGENL583-23	1.3	50	False	False	447313	163	16	1533	1.0	24.0	9.379647749510763	8.0	Naturalis Biodiversity Center	1	6
1	54	data/BGE00170_MGE-BGE_r1_1.3_1.5_s50_100.fasta	None	Chloropidae	BLAST	family	COI-5P	656	1530	Psilidae,Drosophilidae,Muscidae,Rhiniidae	BGENL583-23_r_1.3_s_100	Rhopalopterum anthracinum	0	BGENL583-23	1.3	100	False	False	447313	108	16	1533	0.0	18.0	7.737769080234834	6.0	Naturalis Biodiversity Center	1	6
4	19	data/BGE00170_MGE-BGE_r1_1.3_1.5_s50_100.fasta	None	Chloropidae	BLAST	family	COI-5P	647	1425	Psilidae,Drosophilidae,Pallopteridae,Muscidae,Tabanidae	BGENL583-23_r_1.5_s_50	Rhopalopterum anthracinum	0	BGENL583-23	1.5	50	False	False	447313	138	16	1533	0.0	21.0	7.904109589041096	7.0	Naturalis Biodiversity Center	1	6
1	27	data/BGE00170_MGE-BGE_r1_1.3_1.5_s50_100.fasta	None	Chloropidae	BLAST	family	COI-5P	644	1419	Syrphidae,Psilidae,Drosophilidae,Pallopteridae,Calliphoridae,Rhiniidae	BGENL583-23_r_1.5_s_100	Rhopalopterum anthracinum	0	BGENL583-23	1.5	100	False	False	447313	91	16	1533	0.0	18.0	6.555772994129159	5.0	Naturalis Biodiversity Center	1	6
4	8	data/BGE00170_MGE-BGE_r1_1.3_1.5_s50_100.fasta	None	Chloropidae	BLAST	family	COI-5P	657	1533	Chloropidae,Drosophilidae	BGENL584-23_r_1_s_50	Rhopalopterum anthracinum	0	BGENL584-23	1	50	False	False	5850635	1392	58	1533	25.0	139.0	62.054794520547944	56.0	Naturalis Biodiversity Center	1	6
2	8	data/BGE00170_MGE-BGE_r1_1.3_1.5_s50_100.fasta	None	Chloropidae	BLAST	family	COI-5P	657	1533	Chloropidae,Sphaeroceridae,Muscidae	BGENL584-23_r_1_s_100	Rhopalopterum anthracinum	0	BGENL584-23	1	100	False	False	5850635	712	58	1533	10.0	134.0	40.4559686888454	33.0	Naturalis Biodiversity Center	1	6
1	5	data/BGE00170_MGE-BGE_r1_1.3_1.5_s50_100.fasta	None	Chloropidae	BLAST	family	COI-5P	657	1533	Chloropidae,Drosophilidae	BGENL584-23_r_1.3_s_50	Rhopalopterum anthracinum	0	BGENL584-23	1.3	50	False	False	5850635	1325	58	1533	25.0	139.0	58.821917808219176	53.0	Naturalis Biodiversity Center	1	6
2	5	data/BGE00170_MGE-BGE_r1_1.3_1.5_s50_100.fasta	None	Chloropidae	BLAST	family	COI-5P	657	1533	Chloropidae,Psilidae,Sphaeroceridae	BGENL584-23_r_1.3_s_100	Rhopalopterum anthracinum	0	BGENL584-23	1.3	100	False	False	5850635	697	58	1533	10.0	134.0	39.318982387475536	33.0	Naturalis Biodiversity Center	1	6
1	6	data/BGE00170_MGE-BGE_r1_1.3_1.5_s50_100.fasta	None	Chloropidae	BLAST	family	COI-5P	657	1533	Chloropidae,Drosophilidae	BGENL584-23_r_1.5_s_50	Rhopalopterum anthracinum	0	BGENL584-23	1.5	50	False	False	5850635	1128	58	1533	14.0	127.0	49.80234833659491	45.0	Naturalis Biodiversity Center	1	6
5	7	data/BGE00170_MGE-BGE_r1_1.3_1.5_s50_100.fasta	None	Chloropidae	BLAST	family	COI-5P	657	1533	Chloropidae,Psilidae,Drosophilidae,Sphaeroceridae	BGENL584-23_r_1.5_s_100	Rhopalopterum anthracinum	0	BGENL584-23	1.5	100	False	False	5850635	613	58	1533	8.0	122.0	34.12915851272016	28.0	Naturalis Biodiversity Center	1	6
34	58	data/BGE00170_MGE-BGE_r1_1.3_1.5_s50_100.fasta	None	Chloropidae	BLAST	family	COI-5P	600	1464	Bombyliidae,Dolichopodidae,Syrphidae,Conopidae,Sarcophagidae	BGENL585-23_r_1_s_50	Rhopalopterum anthracinum	0	BGENL585-23	1	50	False	False	287891	111	17	1533	0.0	16.0	5.107632093933463	5.0	Naturalis Biodiversity Center	1	6
1	4	data/BGE00170_MGE-BGE_r1_1.3_1.5_s50_100.fasta	None	Chloropidae	BLAST	family	COI-5P	524	1203	Conopidae,Drosophilidae	BGENL585-23_r_1_s_100	Rhopalopterum anthracinum	0	BGENL585-23	1	100	False	False	287891	47	17	1533	0.0	9.0	3.142857142857143	2.0	Naturalis Biodiversity Center	1	6
41	60	data/BGE00170_MGE-BGE_r1_1.3_1.5_s50_100.fasta	None	Chloropidae	BLAST	family	COI-5P	564	1416	Conopidae,Drosophilidae	BGENL585-23_r_1.3_s_50	Rhopalopterum anthracinum	0	BGENL585-23	1.3	50	False	False	287891	103	17	1533	0.0	16.0	4.590998043052838	4.0	Naturalis Biodiversity Center	1	6
1	7	data/BGE00170_MGE-BGE_r1_1.3_1.5_s50_100.fasta	None	Chloropidae	BLAST	family	COI-5P	435	1113	Conopidae,Drosophilidae	BGENL585-23_r_1.3_s_100	Rhopalopterum anthracinum	0	BGENL585-23	1.3	100	False	False	287891	43	17	1533	0.0	9.0	2.7788649706457926	2.0	Naturalis Biodiversity Center	1	6
19	36	data/BGE00170_MGE-BGE_r1_1.3_1.5_s50_100.fasta	None	Chloropidae	BLAST	family	COI-5P	470	1260	Syrphidae,Conopidae,Drosophilidae	BGENL585-23_r_1.5_s_50	Rhopalopterum anthracinum	0	BGENL585-23	1.5	50	False	False	287891	75	17	1533	0.0	16.0	3.6536203522504893	4.0	Naturalis Biodiversity Center	1	6
4	10	data/BGE00170_MGE-BGE_r1_1.3_1.5_s50_100.fasta	None	Chloropidae	BLAST	family	COI-5P	435	1035	Conopidae,Drosophilidae	BGENL585-23_r_1.5_s_100	Rhopalopterum anthracinum	0	BGENL585-23	1.5	100	False	False	287891	40	17	1533	0.0	8.0	2.6301369863013697	2.0	Naturalis Biodiversity Center	1	6
0	0	data/BGE00170_MGE-BGE_r1_1.3_1.5_s50_100.fasta	None	Conopidae	BLAST	family	COI-5P	657	1509	Conopidae,Drosophilidae	BGENL586-23_r_1_s_50	Dalmannia punctata	0	BGENL586-23	1	50	False	False	25012431	4828	1993	1509	90.0	474.0	225.27634194831015	220.0	Naturalis Biodiversity Center	1	6
0	0	data/BGE00170_MGE-BGE_r1_1.3_1.5_s50_100.fasta	None	Conopidae	BLAST	family	COI-5P	657	1509	Conopidae,Drosophilidae	BGENL586-23_r_1_s_100	Dalmannia punctata	0	BGENL586-23	1	100	False	False	25012431	2462	1993	1509	66.0	260.0	146.00795228628232	141.0	Naturalis Biodiversity Center	1	6
0	0	data/BGE00170_MGE-BGE_r1_1.3_1.5_s50_100.fasta	None	Conopidae	BLAST	family	COI-5P	657	1509	Conopidae,Drosophilidae	BGENL586-23_r_1.3_s_50	Dalmannia punctata	0	BGENL586-23	1.3	50	False	False	25012431	4231	1993	1509	36.0	342.0	197.93638170974154	196.0	Naturalis Biodiversity Center	1	6
0	0	data/BGE00170_MGE-BGE_r1_1.3_1.5_s50_100.fasta	None	Conopidae	BLAST	family	COI-5P	657	1509	Conopidae,Drosophilidae	BGENL586-23_r_1.3_s_100	Dalmannia punctata	0	BGENL586-23	1.3	100	False	False	25012431	2353	1993	1509	34.0	259.0	138.5089463220676	133.0	Naturalis Biodiversity Center	1	6
0	0	data/BGE00170_MGE-BGE_r1_1.3_1.5_s50_100.fasta	None	Conopidae	BLAST	family	COI-5P	657	1509	Drosophilidae,Lauxaniidae	BGENL586-23_r_1.5_s_50	Dalmannia punctata	0	BGENL586-23	1.5	50	False	False	25012431	3307	1993	1509	1.0	319.0	154.55467196819086	149.0	Naturalis Biodiversity Center	1	6
0	1	data/BGE00170_MGE-BGE_r1_1.3_1.5_s50_100.fasta	None	Conopidae	BLAST	family	COI-5P	657	1509	Drosophilidae,Lauxaniidae	BGENL586-23_r_1.5_s_100	Dalmannia punctata	0	BGENL586-23	1.5	100	False	False	25012431	1943	1993	1509	1.0	246.0	113.18290258449304	108.0	Naturalis Biodiversity Center	1	6
0	0	data/BGE00170_MGE-BGE_r1_1.3_1.5_s50_100.fasta	None	Conopidae	BLAST	family	COI-5P	656	1509	Platypezidae,Drosophilidae,Muscidae	BGENL587-23_r_1_s_50	Dalmannia punctata	0	BGENL587-23	1	50	False	False	11776850	14525	244	1509	364.0	1067.0	743.610337972167	755.0	Naturalis Biodiversity Center	1	6
0	0	data/BGE00170_MGE-BGE_r1_1.3_1.5_s50_100.fasta	None	Conopidae	BLAST	family	COI-5P	656	1509	Platypezidae,Drosophilidae,Muscidae	BGENL587-23_r_1_s_100	Dalmannia punctata	0	BGENL587-23	1	100	False	False	11776850	8421	244	1509	226.0	722.0	534.8946322067594	546.0	Naturalis Biodiversity Center	1	6
0	0	data/BGE00170_MGE-BGE_r1_1.3_1.5_s50_100.fasta	None	Conopidae	BLAST	family	COI-5P	656	1509	Platypezidae,Drosophilidae,Muscidae	BGENL587-23_r_1.3_s_50	Dalmannia punctata	0	BGENL587-23	1.3	50	False	False	11776850	11740	244	1509	9.0	954.0	583.6898608349901	597.0	Naturalis Biodiversity Center	1	6
0	0	data/BGE00170_MGE-BGE_r1_1.3_1.5_s50_100.fasta	None	Conopidae	BLAST	family	COI-5P	656	1509	Platypezidae,Drosophilidae,Muscidae	BGENL587-23_r_1.3_s_100	Dalmannia punctata	0	BGENL587-23	1.3	100	False	False	11776850	7130	244	1509	9.0	676.0	436.948310139165	461.0	Naturalis Biodiversity Center	1	6
0	0	data/BGE00170_MGE-BGE_r1_1.3_1.5_s50_100.fasta	None	Conopidae	BLAST	family	COI-5P	656	1509	Drosophilidae,Pallopteridae	BGENL587-23_r_1.5_s_50	Dalmannia punctata	0	BGENL587-23	1.5	50	False	False	11776850	8815	244	1509	1.0	796.0	441.2485089463221	450.0	Naturalis Biodiversity Center	1	6
0	0	data/BGE00170_MGE-BGE_r1_1.3_1.5_s50_100.fasta	None	Conopidae	BLAST	family	COI-5P	656	1509	Drosophilidae,Pallopteridae	BGENL587-23_r_1.5_s_100	Dalmannia punctata	0	BGENL587-23	1.5	100	False	False	11776850	5682	244	1509	1.0	644.0	347.22266401590457	352.0	Naturalis Biodiversity Center	1	6
18	49	data/BGE00170_MGE-BGE_r1_1.3_1.5_s50_100.fasta	None	Conopidae	BLAST	family	COI-5P	656	1410	Conopidae,Psilidae,Ephydridae,Sepsidae,Sphaeroceridae	BGENL588-23_r_1_s_50	Dalmannia punctata	0	BGENL588-23	1	50	False	False	331945	120	64	1509	0.0	19.0	7.606361829025845	6.0	Naturalis Biodiversity Center	1	6
10	53	data/BGE00170_MGE-BGE_r1_1.3_1.5_s50_100.fasta	None	Conopidae	BLAST	family	COI-5P	656	1296	Carabidae,Conopidae,Psilidae,Sepsidae,Sphaeroceridae,Calliphoridae	BGENL588-23_r_1_s_100	Dalmannia punctata	0	BGENL588-23	1	100	False	False	331945	89	64	1509	0.0	19.0	6.475149105367794	6.0	Naturalis Biodiversity Center	1	6
17	33	data/BGE00170_MGE-BGE_r1_1.3_1.5_s50_100.fasta	None	Conopidae	BLAST	family	COI-5P	656	1401	Conopidae,Psilidae,Sepsidae,Sphaeroceridae	BGENL588-23_r_1.3_s_50	Dalmannia punctata	0	BGENL588-23	1.3	50	False	False	331945	96	64	1509	0.0	17.0	5.88469184890656	6.0	Naturalis Biodiversity Center	1	6
10	38	data/BGE00170_MGE-BGE_r1_1.3_1.5_s50_100.fasta	None	Conopidae	BLAST	family	COI-5P	656	1287	Carabidae,Conopidae,Psilidae,Sepsidae,Sphaeroceridae,Calliphoridae	BGENL588-23_r_1.3_s_100	Dalmannia punctata	0	BGENL588-23	1.3	100	False	False	331945	73	64	1509	0.0	14.0	5.1272365805168985	5.0	Naturalis Biodiversity Center	1	6
9	27	data/BGE00170_MGE-BGE_r1_1.3_1.5_s50_100.fasta	None	Conopidae	BLAST	family	COI-5P	656	1329	Conopidae,Psilidae,Sepsidae,Sciomyzidae,Sphaeroceridae,Muscidae	BGENL588-23_r_1.5_s_50	Dalmannia punctata	0	BGENL588-23	1.5	50	False	False	331945	81	64	1509	0.0	17.0	5.077534791252485	5.0	Naturalis Biodiversity Center	1	6
6	34	data/BGE00170_MGE-BGE_r1_1.3_1.5_s50_100.fasta	None	Conopidae	BLAST	family	COI-5P	657	1287	Conopidae,Psilidae,Sepsidae,Sciomyzidae,Sphaeroceridae	BGENL588-23_r_1.5_s_100	Dalmannia punctata	0	BGENL588-23	1.5	100	False	False	331945	66	64	1509	0.0	14.0	4.606361829025845	4.0	Naturalis Biodiversity Center	1	6
0	0	data/BGE00170_MGE-BGE_r1_1.3_1.5_s50_100.fasta	None	Conopidae	BLAST	family	COI-5P	656	1509	Conopidae,Sphaeroceridae,Tephritidae,Pallopteridae	BGENL589-23_r_1_s_50	Leopoldius brevirostris	0	BGENL589-23	1	50	False	False	13593134	48124	1982	1509	2134.0	4332.0	2998.5566600397615	2964.0	Naturalis Biodiversity Center	1	6
0	0	data/BGE00170_MGE-BGE_r1_1.3_1.5_s50_100.fasta	None	Conopidae	BLAST	family	COI-5P	656	1509	Conopidae,Sphaeroceridae,Tephritidae,Pallopteridae	BGENL589-23_r_1_s_100	Leopoldius brevirostris	0	BGENL589-23	1	100	False	False	13593134	39328	1982	1509	1480.0	3953.0	2724.117296222664	2689.0	Naturalis Biodiversity Center	1	6
0	0	data/BGE00170_MGE-BGE_r1_1.3_1.5_s50_100.fasta	None	Conopidae	BLAST	family	COI-5P	656	1509	Conopidae,Sphaeroceridae,Tephritidae,Pallopteridae	BGENL589-23_r_1.3_s_50	Leopoldius brevirostris	0	BGENL589-23	1.3	50	False	False	13593134	47752	1982	1509	2125.0	4319.0	2982.558648111332	2938.0	Naturalis Biodiversity Center	1	6
0	0	data/BGE00170_MGE-BGE_r1_1.3_1.5_s50_100.fasta	None	Conopidae	BLAST	family	COI-5P	656	1509	Conopidae,Sphaeroceridae,Tephritidae,Pallopteridae	BGENL589-23_r_1.3_s_100	Leopoldius brevirostris	0	BGENL589-23	1.3	100	False	False	13593134	39254	1982	1509	1479.0	3951.0	2718.8986083499008	2682.0	Naturalis Biodiversity Center	1	6
0	0	data/BGE00170_MGE-BGE_r1_1.3_1.5_s50_100.fasta	None	Conopidae	BLAST	family	COI-5P	656	1509	Conopidae,Sphaeroceridae,Tephritidae,Pallopteridae	BGENL589-23_r_1.5_s_50	Leopoldius brevirostris	0	BGENL589-23	1.5	50	False	False	13593134	45013	1982	1509	1040.0	4299.0	2820.695825049702	2805.0	Naturalis Biodiversity Center	1	6
0	0	data/BGE00170_MGE-BGE_r1_1.3_1.5_s50_100.fasta	None	Conopidae	BLAST	family	COI-5P	656	1509	Conopidae,Sphaeroceridae,Tephritidae,Pallopteridae	BGENL589-23_r_1.5_s_100	Leopoldius brevirostris	0	BGENL589-23	1.5	100	False	False	13593134	37374	1982	1509	1042.0	3936.0	2588.037773359841	2600.0	Naturalis Biodiversity Center	1	6
0	0	data/BGE00170_MGE-BGE_r1_1.3_1.5_s50_100.fasta	None	Conopidae	BLAST	family	COI-5P	656	1509	Conopidae,Sphaeroceridae,Tephritidae,Pallopteridae	BGENL590-23_r_1_s_50	Leopoldius brevirostris	0	BGENL590-23	1	50	False	False	21364934	14266	611	1509	693.0	1194.0	957.013916500994	954.0	Naturalis Biodiversity Center	1	6
0	0	data/BGE00170_MGE-BGE_r1_1.3_1.5_s50_100.fasta	None	Conopidae	BLAST	family	COI-5P	656	1509	Conopidae,Sphaeroceridae,Tephritidae,Pallopteridae	BGENL590-23_r_1_s_100	Leopoldius brevirostris	0	BGENL590-23	1	100	False	False	21364934	12047	611	1509	583.0	1129.0	889.1729622266402	891.0	Naturalis Biodiversity Center	1	6
0	0	data/BGE00170_MGE-BGE_r1_1.3_1.5_s50_100.fasta	None	Conopidae	BLAST	family	COI-5P	656	1509	Conopidae,Sphaeroceridae,Tephritidae,Pallopteridae	BGENL590-23_r_1.3_s_50	Leopoldius brevirostris	0	BGENL590-23	1.3	50	False	False	21364934	13977	611	1509	690.0	1191.0	946.1530815109344	942.0	Naturalis Biodiversity Center	1	6
0	0	data/BGE00170_MGE-BGE_r1_1.3_1.5_s50_100.fasta	None	Conopidae	BLAST	family	COI-5P	656	1509	Conopidae,Sphaeroceridae,Tephritidae,Pallopteridae	BGENL590-23_r_1.3_s_100	Leopoldius brevirostris	0	BGENL590-23	1.3	100	False	False	21364934	12021	611	1509	581.0	1128.0	887.1212723658052	890.0	Naturalis Biodiversity Center	1	6
0	0	data/BGE00170_MGE-BGE_r1_1.3_1.5_s50_100.fasta	None	Conopidae	BLAST	family	COI-5P	656	1509	Conopidae,Sphaeroceridae,Tephritidae,Pallopteridae	BGENL590-23_r_1.5_s_50	Leopoldius brevirostris	0	BGENL590-23	1.5	50	False	False	21364934	13189	611	1509	493.0	1186.0	894.9642147117296	901.0	Naturalis Biodiversity Center	1	6
0	0	data/BGE00170_MGE-BGE_r1_1.3_1.5_s50_100.fasta	None	Conopidae	BLAST	family	COI-5P	656	1509	Conopidae,Sphaeroceridae,Tephritidae,Pallopteridae	BGENL590-23_r_1.5_s_100	Leopoldius brevirostris	0	BGENL590-23	1.5	100	False	False	21364934	11437	611	1509	493.0	1121.0	843.3359840954274	857.0	Naturalis Biodiversity Center	1	6
0	0	data/BGE00170_MGE-BGE_r1_1.3_1.5_s50_100.fasta	None	Conopidae	BLAST	family	COI-5P	656	1509	Conopidae,Sphaeroceridae,Tephritidae,Pallopteridae	BGENL591-23_r_1_s_50	Leopoldius brevirostris	0	BGENL591-23	1	50	False	False	21274134	31666	8580	1509	1577.0	2698.0	2285.212723658052	2253.0	Naturalis Biodiversity Center	1	6
0	0	data/BGE00170_MGE-BGE_r1_1.3_1.5_s50_100.fasta	None	Conopidae	BLAST	family	COI-5P	656	1509	Conopidae,Sphaeroceridae,Tephritidae,Pallopteridae	BGENL591-23_r_1_s_100	Leopoldius brevirostris	0	BGENL591-23	1	100	False	False	21274134	26997	8580	1509	1130.0	2592.0	2124.807157057654	2094.0	Naturalis Biodiversity Center	1	6
0	0	data/BGE00170_MGE-BGE_r1_1.3_1.5_s50_100.fasta	None	Conopidae	BLAST	family	COI-5P	656	1509	Conopidae,Sphaeroceridae,Tephritidae,Pallopteridae	BGENL591-23_r_1.3_s_50	Leopoldius brevirostris	0	BGENL591-23	1.3	50	False	False	21274134	28211	8580	1509	1576.0	2457.0	2052.2664015904575	2032.0	Naturalis Biodiversity Center	1	6
0	0	data/BGE00170_MGE-BGE_r1_1.3_1.5_s50_100.fasta	None	Conopidae	BLAST	family	COI-5P	656	1509	Conopidae,Sphaeroceridae,Tephritidae,Pallopteridae	BGENL591-23_r_1.3_s_100	Leopoldius brevirostris	0	BGENL591-23	1.3	100	False	False	21274134	24837	8580	1509	1129.0	2385.0	1947.3459244532803	1937.0	Naturalis Biodiversity Center	1	6
0	0	data/BGE00170_MGE-BGE_r1_1.3_1.5_s50_100.fasta	None	Conopidae	BLAST	family	COI-5P	656	1509	Conopidae,Sphaeroceridae,Tephritidae,Pallopteridae	BGENL591-23_r_1.5_s_50	Leopoldius brevirostris	0	BGENL591-23	1.5	50	False	False	21274134	24875	8580	1509	1121.0	2368.0	1836.1013916500995	1845.0	Naturalis Biodiversity Center	1	6
0	0	data/BGE00170_MGE-BGE_r1_1.3_1.5_s50_100.fasta	None	Conopidae	BLAST	family	COI-5P	656	1509	Conopidae,Sphaeroceridae,Tephritidae,Pallopteridae	BGENL591-23_r_1.5_s_100	Leopoldius brevirostris	0	BGENL591-23	1.5	100	False	False	21274134	22364	8580	1509	1036.0	2303.0	1762.4771371769384	1790.0	Naturalis Biodiversity Center	1	6
0	0	data/BGE00170_MGE-BGE_r1_1.3_1.5_s50_100.fasta	None	Conopidae	BLAST	family	COI-5P	657	1509	Conopidae,Psilidae,Drosophilidae	BGENL592-23_r_1_s_50	Myopa dorsalis	0	BGENL592-23	1	50	False	False	16951212	12492	302	1509	483.0	1155.0	724.8011928429423	717.0	Naturalis Biodiversity Center	1	6
0	0	data/BGE00170_MGE-BGE_r1_1.3_1.5_s50_100.fasta	None	Conopidae	BLAST	family	COI-5P	657	1509	Conopidae,Psilidae,Drosophilidae	BGENL592-23_r_1_s_100	Myopa dorsalis	0	BGENL592-23	1	100	False	False	16951212	8871	302	1509	300.0	1031.0	604.910536779324	600.0	Naturalis Biodiversity Center	1	6
0	0	data/BGE00170_MGE-BGE_r1_1.3_1.5_s50_100.fasta	None	Conopidae	BLAST	family	COI-5P	657	1509	Conopidae,Psilidae,Drosophilidae	BGENL592-23_r_1.3_s_50	Myopa dorsalis	0	BGENL592-23	1.3	50	False	False	16951212	11692	302	1509	298.0	1147.0	683.220675944334	675.0	Naturalis Biodiversity Center	1	6
0	0	data/BGE00170_MGE-BGE_r1_1.3_1.5_s50_100.fasta	None	Conopidae	BLAST	family	COI-5P	657	1509	Conopidae,Psilidae,Drosophilidae	BGENL592-23_r_1.3_s_100	Myopa dorsalis	0	BGENL592-23	1.3	100	False	False	16951212	8575	302	1509	298.0	1031.0	583.3220675944334	586.0	Naturalis Biodiversity Center	1	6
0	0	data/BGE00170_MGE-BGE_r1_1.3_1.5_s50_100.fasta	None	Conopidae	BLAST	family	COI-5P	657	1509	Conopidae,Psilidae,Drosophilidae,Lauxaniidae	BGENL592-23_r_1.5_s_50	Myopa dorsalis	0	BGENL592-23	1.5	50	False	False	16951212	9202	302	1509	2.0	1132.0	532.2326043737575	557.0	Naturalis Biodiversity Center	1	6
0	0	data/BGE00170_MGE-BGE_r1_1.3_1.5_s50_100.fasta	None	Conopidae	BLAST	family	COI-5P	657	1509	Conopidae,Psilidae,Drosophilidae,Lauxaniidae	BGENL592-23_r_1.5_s_100	Myopa dorsalis	0	BGENL592-23	1.5	100	False	False	16951212	6884	302	1509	2.0	1021.0	461.20477137176937	488.0	Naturalis Biodiversity Center	1	6
31	71	data/BGE00170_MGE-BGE_r1_1.3_1.5_s50_100.fasta	None	Conopidae	BLAST	family	COI-5P	633	1485	Syrphidae,Drosophilidae,Celyphidae,Pallopteridae	BGENL593-23_r_1_s_50	Myopa dorsalis	0	BGENL593-23	1	50	False	False	1567721	180	56	1509	0.0	32.0	7.328031809145129	6.0	Naturalis Biodiversity Center	1	6
44	71	data/BGE00170_MGE-BGE_r1_1.3_1.5_s50_100.fasta	None	Conopidae	BLAST	family	COI-5P	581	1335	Syrphidae,Conopidae,Drosophilidae,Ulidiidae,Pallopteridae,Muscidae	BGENL593-23_r_1_s_100	Myopa dorsalis	0	BGENL593-23	1	100	False	False	1567721	59	56	1509	0.0	14.0	3.809145129224652	4.0	Naturalis Biodiversity Center	1	6
29	74	data/BGE00170_MGE-BGE_r1_1.3_1.5_s50_100.fasta	None	Conopidae	BLAST	family	COI-5P	633	1383	Syrphidae,Drosophilidae,Celyphidae,Pallopteridae	BGENL593-23_r_1.3_s_50	Myopa dorsalis	0	BGENL593-23	1.3	50	False	False	1567721	165	56	1509	0.0	30.0	6.656063618290259	6.0	Naturalis Biodiversity Center	1	6
44	65	data/BGE00170_MGE-BGE_r1_1.3_1.5_s50_100.fasta	None	Conopidae	BLAST	family	COI-5P	581	1305	Syrphidae,Conopidae,Drosophilidae,Pallopteridae,Muscidae	BGENL593-23_r_1.3_s_100	Myopa dorsalis	0	BGENL593-23	1.3	100	False	False	1567721	57	56	1509	0.0	12.0	3.6341948310139167	4.0	Naturalis Biodiversity Center	1	6
18	53	data/BGE00170_MGE-BGE_r1_1.3_1.5_s50_100.fasta	None	Conopidae	BLAST	family	COI-5P	585	1317	Drosophilidae	BGENL593-23_r_1.5_s_50	Myopa dorsalis	0	BGENL593-23	1.5	50	False	False	1567721	132	56	1509	0.0	22.0	5.186878727634195	4.0	Naturalis Biodiversity Center	1	6
19	46	data/BGE00170_MGE-BGE_r1_1.3_1.5_s50_100.fasta	None	Conopidae	BLAST	family	COI-5P	497	1221	Drosophilidae	BGENL593-23_r_1.5_s_100	Myopa dorsalis	0	BGENL593-23	1.5	100	False	False	1567721	44	56	1509	0.0	8.0	2.8151093439363817	3.0	Naturalis Biodiversity Center	1	6
0	0	data/BGE00170_MGE-BGE_r1_1.3_1.5_s50_100.fasta	None	Conopidae	BLAST	family	COI-5P	657	1509	Conopidae,Psilidae,Drosophilidae	BGENL594-23_r_1_s_50	Myopa dorsalis	0	BGENL594-23	1	50	False	False	27679688	12660	310	1509	349.0	923.0	647.4850894632207	651.0	Naturalis Biodiversity Center	1	6
0	0	data/BGE00170_MGE-BGE_r1_1.3_1.5_s50_100.fasta	None	Conopidae	BLAST	family	COI-5P	657	1509	Conopidae,Psilidae,Drosophilidae	BGENL594-23_r_1_s_100	Myopa dorsalis	0	BGENL594-23	1	100	False	False	27679688	7736	310	1509	186.0	778.0	485.1431411530815	487.0	Naturalis Biodiversity Center	1	6
0	0	data/BGE00170_MGE-BGE_r1_1.3_1.5_s50_100.fasta	None	Conopidae	BLAST	family	COI-5P	657	1509	Conopidae,Psilidae,Drosophilidae	BGENL594-23_r_1.3_s_50	Myopa dorsalis	0	BGENL594-23	1.3	50	False	False	27679688	11683	310	1509	165.0	917.0	600.0834990059642	617.0	Naturalis Biodiversity Center	1	6
0	0	data/BGE00170_MGE-BGE_r1_1.3_1.5_s50_100.fasta	None	Conopidae	BLAST	family	COI-5P	657	1509	Conopidae,Psilidae,Drosophilidae	BGENL594-23_r_1.3_s_100	Myopa dorsalis	0	BGENL594-23	1.3	100	False	False	27679688	7460	310	1509	163.0	776.0	465.441351888668	467.0	Naturalis Biodiversity Center	1	6
0	0	data/BGE00170_MGE-BGE_r1_1.3_1.5_s50_100.fasta	None	Conopidae	BLAST	family	COI-5P	657	1494	Conopidae,Psilidae,Drosophilidae	BGENL594-23_r_1.5_s_50	Myopa dorsalis	0	BGENL594-23	1.5	50	False	False	27679688	9147	310	1509	0.0	882.0	460.7117296222664	504.0	Naturalis Biodiversity Center	1	6
0	0	data/BGE00170_MGE-BGE_r1_1.3_1.5_s50_100.fasta	None	Conopidae	BLAST	family	COI-5P	657	1491	Conopidae,Psilidae,Drosophilidae	BGENL594-23_r_1.5_s_100	Myopa dorsalis	0	BGENL594-23	1.5	100	False	False	27679688	5952	310	1509	0.0	770.0	363.2166998011928	388.0	Naturalis Biodiversity Center	1	6
2	4	data/BGE00170_MGE-BGE_r1_1.3_1.5_s50_100.fasta	None	Conopidae	BLAST	family	COI-5P	657	1509	Syrphidae,Conopidae,Drosophilidae,Lauxaniidae,Sphaeroceridae,Tephritidae	BGENL595-23_r_1_s_50	Physocephala nigra	0	BGENL595-23	1	50	False	False	14833550	720	269	1509	6.0	74.0	32.984095427435385	31.0	Naturalis Biodiversity Center	1	6
6	11	data/BGE00170_MGE-BGE_r1_1.3_1.5_s50_100.fasta	None	Conopidae	BLAST	family	COI-5P	657	1509	Conopidae,Drosophilidae,Lauxaniidae,Fergusoninidae,Sphaeroceridae,Tephritidae	BGENL595-23_r_1_s_100	Physocephala nigra	0	BGENL595-23	1	100	False	False	14833550	370	269	1509	4.0	44.0	21.60238568588469	20.0	Naturalis Biodiversity Center	1	6
5	8	data/BGE00170_MGE-BGE_r1_1.3_1.5_s50_100.fasta	None	Conopidae	BLAST	family	COI-5P	657	1509	Syrphidae,Chloropidae,Conopidae,Drosophilidae,Lauxaniidae,Sphaeroceridae,Tephritidae	BGENL595-23_r_1.3_s_50	Physocephala nigra	0	BGENL595-23	1.3	50	False	False	14833550	649	269	1509	4.0	65.0	30.03976143141153	28.0	Naturalis Biodiversity Center	1	6
2	7	data/BGE00170_MGE-BGE_r1_1.3_1.5_s50_100.fasta	None	Conopidae	BLAST	family	COI-5P	657	1509	Chloropidae,Conopidae,Drosophilidae,Lauxaniidae,Sphaeroceridae,Tephritidae	BGENL595-23_r_1.3_s_100	Physocephala nigra	0	BGENL595-23	1.3	100	False	False	14833550	355	269	1509	4.0	44.0	20.570576540755468	19.0	Naturalis Biodiversity Center	1	6
3	7	data/BGE00170_MGE-BGE_r1_1.3_1.5_s50_100.fasta	None	Conopidae	BLAST	family	COI-5P	657	1509	Syrphidae,Conopidae,Psilidae,Drosophilidae,Lauxaniidae,Sphaeroceridae,Tephritidae	BGENL595-23_r_1.5_s_50	Physocephala nigra	0	BGENL595-23	1.5	50	False	False	14833550	544	269	1509	4.0	52.0	24.982107355864812	23.0	Naturalis Biodiversity Center	1	6
1	5	data/BGE00170_MGE-BGE_r1_1.3_1.5_s50_100.fasta	None	Conopidae	BLAST	family	COI-5P	657	1509	Chloropidae,Conopidae,Drosophilidae,Lauxaniidae,Sphaeroceridae,Tephritidae,Calliphoridae	BGENL595-23_r_1.5_s_100	Physocephala nigra	0	BGENL595-23	1.5	100	False	False	14833550	307	269	1509	3.0	42.0	17.594433399602387	15.0	Naturalis Biodiversity Center	1	6
2	24	data/BGE00170_MGE-BGE_r1_1.3_1.5_s50_100.fasta	None	Conopidae	BLAST	family	COI-5P	657	1509	Culicidae,Drosophilidae,Muscidae	BGENL596-23_r_1_s_50	Physocephala nigra	0	BGENL596-23	1	50	False	False	13115502	1417	26	1509	6.0	137.0	62.55268389662028	61.0	Naturalis Biodiversity Center	1	6
10	22	data/BGE00170_MGE-BGE_r1_1.3_1.5_s50_100.fasta	None	Conopidae	BLAST	family	COI-5P	657	1509	Syrphidae,Muscidae,Lycaenidae	BGENL596-23_r_1_s_100	Physocephala nigra	0	BGENL596-23	1	100	False	False	13115502	474	26	1509	2.0	78.0	30.065606361829026	27.0	Naturalis Biodiversity Center	1	6
5	9	data/BGE00170_MGE-BGE_r1_1.3_1.5_s50_100.fasta	None	Conopidae	BLAST	family	COI-5P	657	1509	Chloropidae,Drosophilidae,Sepsidae,Muscidae,Calliphoridae	BGENL596-23_r_1.3_s_50	Physocephala nigra	0	BGENL596-23	1.3	50	False	False	13115502	938	26	1509	6.0	117.0	37.47713717693837	33.0	Naturalis Biodiversity Center	1	6
22	41	data/BGE00170_MGE-BGE_r1_1.3_1.5_s50_100.fasta	None	Conopidae	BLAST	family	COI-5P	651	1503	Syrphidae,Psilidae,Drosophilidae	BGENL596-23_r_1.3_s_100	Physocephala nigra	0	BGENL596-23	1.3	100	False	False	13115502	314	26	1509	0.0	61.0	17.87872763419483	14.0	Naturalis Biodiversity Center	1	6
4	12	data/BGE00170_MGE-BGE_r1_1.3_1.5_s50_100.fasta	None	Conopidae	BLAST	family	COI-5P	657	1509	Conopidae,Psilidae,Drosophilidae,Lauxaniidae,Sphaeroceridae,Pallopteridae	BGENL596-23_r_1.5_s_50	Physocephala nigra	0	BGENL596-23	1.5	50	False	False	13115502	604	26	1509	2.0	114.0	23.39761431411531	16.0	Naturalis Biodiversity Center	1	6
26	42	data/BGE00170_MGE-BGE_r1_1.3_1.5_s50_100.fasta	None	Conopidae	BLAST	family	COI-5P	591	1443	Hybotidae,Conopidae,Drosophilidae,Sphaeroceridae,Muscidae	BGENL596-23_r_1.5_s_100	Physocephala nigra	0	BGENL596-23	1.5	100	False	False	13115502	233	26	1509	0.0	58.0	12.773359840954274	8.0	Naturalis Biodiversity Center	1	6
0	0	data/BGE00170_MGE-BGE_r1_1.3_1.5_s50_100.fasta	None	Conopidae	BLAST	family	COI-5P	657	1509	Syrphidae,Conopidae,Drosophilidae,Lauxaniidae,Sphaeroceridae,Pallopteridae,Muscidae	BGENL597-23_r_1_s_50	Physocephala nigra	0	BGENL597-23	1	50	False	False	8001354	21241	3	1509	263.0	2468.0	858.3817097415507	732.0	Naturalis Biodiversity Center	1	6
0	0	data/BGE00170_MGE-BGE_r1_1.3_1.5_s50_100.fasta	None	Conopidae	BLAST	family	COI-5P	657	1509	Syrphidae,Conopidae,Drosophilidae,Lauxaniidae,Sphaeroceridae,Pallopteridae,Muscidae	BGENL597-23_r_1_s_100	Physocephala nigra	0	BGENL597-23	1	100	False	False	8001354	9667	3	1509	144.0	1924.0	502.67992047713716	395.0	Naturalis Biodiversity Center	1	6
0	0	data/BGE00170_MGE-BGE_r1_1.3_1.5_s50_100.fasta	None	Conopidae	BLAST	family	COI-5P	657	1509	Syrphidae,Conopidae,Drosophilidae,Lauxaniidae,Sphaeroceridae,Pallopteridae,Muscidae	BGENL597-23_r_1.3_s_50	Physocephala nigra	0	BGENL597-23	1.3	50	False	False	8001354	20977	3	1509	263.0	2461.0	848.2504970178926	727.0	Naturalis Biodiversity Center	1	6
0	0	data/BGE00170_MGE-BGE_r1_1.3_1.5_s50_100.fasta	None	Conopidae	BLAST	family	COI-5P	657	1509	Syrphidae,Conopidae,Drosophilidae,Lauxaniidae,Sphaeroceridae,Pallopteridae,Muscidae	BGENL597-23_r_1.3_s_100	Physocephala nigra	0	BGENL597-23	1.3	100	False	False	8001354	9648	3	1509	142.0	1918.0	501.37972166998014	394.0	Naturalis Biodiversity Center	1	6
0	0	data/BGE00170_MGE-BGE_r1_1.3_1.5_s50_100.fasta	None	Conopidae	BLAST	family	COI-5P	657	1509	Syrphidae,Conopidae,Drosophilidae,Lauxaniidae,Sphaeroceridae,Pallopteridae,Muscidae	BGENL597-23_r_1.5_s_50	Physocephala nigra	0	BGENL597-23	1.5	50	False	False	8001354	18873	3	1509	195.0	2458.0	759.2922465208748	657.0	Naturalis Biodiversity Center	1	6
0	0	data/BGE00170_MGE-BGE_r1_1.3_1.5_s50_100.fasta	None	Conopidae	BLAST	family	COI-5P	657	1509	Syrphidae,Conopidae,Drosophilidae,Lauxaniidae,Sphaeroceridae,Pallopteridae,Muscidae	BGENL597-23_r_1.5_s_100	Physocephala nigra	0	BGENL597-23	1.5	100	False	False	8001354	8982	3	1509	137.0	1917.0	462.94632206759445	368.0	Naturalis Biodiversity Center	1	6
0	0	data/BGE00170_MGE-BGE_r1_1.3_1.5_s50_100.fasta	None	Conopidae	BLAST	family	COI-5P	656	1509	Lonchopteridae,Conopidae,Xylophagaidae	BGENL598-23_r_1_s_50	Thecophora fulvipes	0	BGENL598-23	1	50	False	False	29160347	6933	1937	1509	270.0	646.0	480.2624254473161	484.0	Naturalis Biodiversity Center	1	6
2	3	data/BGE00170_MGE-BGE_r1_1.3_1.5_s50_100.fasta	None	Conopidae	BLAST	family	COI-5P	656	1509	Lonchopteridae,Conopidae,Xylophagaidae	BGENL598-23_r_1_s_100	Thecophora fulvipes	0	BGENL598-23	1	100	False	False	29160347	5590	1937	1509	202.0	547.0	436.1749502982107	446.0	Naturalis Biodiversity Center	1	6
1	1	data/BGE00170_MGE-BGE_r1_1.3_1.5_s50_100.fasta	None	Conopidae	BLAST	family	COI-5P	656	1509	Lonchopteridae,Conopidae,Xylophagaidae	BGENL598-23_r_1.3_s_50	Thecophora fulvipes	0	BGENL598-23	1.3	50	False	False	29160347	6046	1937	1509	4.0	621.0	421.5984095427435	455.0	Naturalis Biodiversity Center	1	6
1	2	data/BGE00170_MGE-BGE_r1_1.3_1.5_s50_100.fasta	None	Conopidae	BLAST	family	COI-5P	656	1509	Lonchopteridae,Conopidae,Xylophagaidae	BGENL598-23_r_1.3_s_100	Thecophora fulvipes	0	BGENL598-23	1.3	100	False	False	29160347	5039	1937	1509	2.0	533.0	391.10536779324053	430.0	Naturalis Biodiversity Center	1	6
0	1	data/BGE00170_MGE-BGE_r1_1.3_1.5_s50_100.fasta	None	Conopidae	BLAST	family	COI-5P	656	1500	Lonchopteridae,Conopidae,Drosophilidae,Xylophagaidae	BGENL598-23_r_1.5_s_50	Thecophora fulvipes	0	BGENL598-23	1.5	50	False	False	29160347	4486	1937	1509	0.0	588.0	310.8528827037773	374.0	Naturalis Biodiversity Center	1	6
0	2	data/BGE00170_MGE-BGE_r1_1.3_1.5_s50_100.fasta	None	Conopidae	BLAST	family	COI-5P	656	1500	Lonchopteridae,Conopidae,Xylophagaidae	BGENL598-23_r_1.5_s_100	Thecophora fulvipes	0	BGENL598-23	1.5	100	False	False	29160347	3768	1937	1509	0.0	504.0	289.87673956262427	357.0	Naturalis Biodiversity Center	1	6
6	16	data/BGE00170_MGE-BGE_r1_1.3_1.5_s50_100.fasta	None	Conopidae	BLAST	family	COI-5P	656	1509	Conopidae,Drosophilidae,Xylophagaidae	BGENL599-23_r_1_s_50	Thecophora fulvipes	0	BGENL599-23	1	50	False	False	8150026	1095	33	1509	11.0	102.0	45.01789264413519	44.0	Naturalis Biodiversity Center	1	6
11	36	data/BGE00170_MGE-BGE_r1_1.3_1.5_s50_100.fasta	None	Conopidae	BLAST	family	COI-5P	656	1497	Lonchopteridae,Conopidae,Xylophagaidae	BGENL599-23_r_1_s_100	Thecophora fulvipes	0	BGENL599-23	1	100	False	False	8150026	400	33	1509	0.0	56.0	22.5168986083499	21.0	Naturalis Biodiversity Center	1	6
6	13	data/BGE00170_MGE-BGE_r1_1.3_1.5_s50_100.fasta	None	Conopidae	BLAST	family	COI-5P	656	1470	Lonchopteridae,Conopidae,Xylophagaidae	BGENL599-23_r_1.3_s_50	Thecophora fulvipes	0	BGENL599-23	1.3	50	False	False	8150026	959	33	1509	0.0	98.0	38.964214711729625	40.0	Naturalis Biodiversity Center	1	6
5	10	data/BGE00170_MGE-BGE_r1_1.3_1.5_s50_100.fasta	None	Conopidae	BLAST	family	COI-5P	656	1413	Lonchopteridae,Conopidae,Xylophagaidae	BGENL599-23_r_1.3_s_100	Thecophora fulvipes	0	BGENL599-23	1.3	100	False	False	8150026	370	33	1509	0.0	56.0	20.42544731610338	20.0	Naturalis Biodiversity Center	1	6
10	16	data/BGE00170_MGE-BGE_r1_1.3_1.5_s50_100.fasta	None	Conopidae	BLAST	family	COI-5P	656	1407	Lonchopteridae,Conopidae,Drosophilidae,Muscidae,Tachinidae	BGENL599-23_r_1.5_s_50	Thecophora fulvipes	0	BGENL599-23	1.5	50	False	False	8150026	724	33	1509	0.0	81.0	28.797216699801194	28.0	Naturalis Biodiversity Center	1	6
5	8	data/BGE00170_MGE-BGE_r1_1.3_1.5_s50_100.fasta	None	Conopidae	BLAST	family	COI-5P	650	1377	Carabidae,Lonchopteridae,Syrphidae,Conopidae,Drosophilidae,Muscidae,Xylophagaidae	BGENL599-23_r_1.5_s_100	Thecophora fulvipes	0	BGENL599-23	1.5	100	False	False	8150026	293	33	1509	0.0	43.0	15.789264413518886	14.0	Naturalis Biodiversity Center	1	6
5	6	data/BGE00170_MGE-BGE_r1_1.3_1.5_s50_100.fasta	None	Conopidae	BLAST	family	COI-5P	656	1509	Conopidae,Drosophilidae,Xylophagaidae	BGENL600-23_r_1_s_50	Thecophora fulvipes	0	BGENL600-23	1	50	False	False	7709240	1561	554	1509	21.0	138.0	68.17892644135189	67.0	Naturalis Biodiversity Center	1	6
3	3	data/BGE00170_MGE-BGE_r1_1.3_1.5_s50_100.fasta	None	Conopidae	BLAST	family	COI-5P	656	1509	Conopidae,Drosophilidae,Muscidae,Xylophagaidae	BGENL600-23_r_1_s_100	Thecophora fulvipes	0	BGENL600-23	1	100	False	False	7709240	726	554	1509	8.0	86.0	40.312127236580515	40.0	Naturalis Biodiversity Center	1	6
2	4	data/BGE00170_MGE-BGE_r1_1.3_1.5_s50_100.fasta	None	Conopidae	BLAST	family	COI-5P	656	1509	Conopidae,Drosophilidae,Muscidae,Xylophagaidae	BGENL600-23_r_1.3_s_50	Thecophora fulvipes	0	BGENL600-23	1.3	50	False	False	7709240	1406	554	1509	2.0	132.0	61.00397614314115	64.0	Naturalis Biodiversity Center	1	6
3	5	data/BGE00170_MGE-BGE_r1_1.3_1.5_s50_100.fasta	None	Conopidae	BLAST	family	COI-5P	656	1509	Conopidae,Drosophilidae,Muscidae,Xylophagaidae	BGENL600-23_r_1.3_s_100	Thecophora fulvipes	0	BGENL600-23	1.3	100	False	False	7709240	686	554	1509	2.0	86.0	37.564612326043736	38.0	Naturalis Biodiversity Center	1	6
3	4	data/BGE00170_MGE-BGE_r1_1.3_1.5_s50_100.fasta	None	Conopidae	BLAST	family	COI-5P	647	1473	Rhaphidophoridae,Carabidae,Limoniidae,Agromyzidae,Xylophagaidae	BGENL600-23_r_1.5_s_50	Thecophora fulvipes	0	BGENL600-23	1.5	50	False	False	7709240	1086	554	1509	0.0	120.0	47.015904572564615	50.0	Naturalis Biodiversity Center	1	6
2	3	data/BGE00170_MGE-BGE_r1_1.3_1.5_s50_100.fasta	None	Conopidae	BLAST	family	COI-5P	647	1473	Rhaphidophoridae,Carabidae,Limoniidae,Agromyzidae,Xylophagaidae	BGENL600-23_r_1.5_s_100	Thecophora fulvipes	0	BGENL600-23	1.5	100	False	False	7709240	565	554	1509	0.0	84.0	30.578528827037772	30.0	Naturalis Biodiversity Center	1	6
1	2	data/BGE00170_MGE-BGE_r1_1.3_1.5_s50_100.fasta	None	Dolichopodidae	BLAST	family	COI-5P	657	1536	Dolichopodidae,Syrphidae,Psilidae,Drosophilidae	BGENL601-23_r_1_s_50	Aphrosylus ferox	0	BGENL601-23	1	50	False	False	8327153	1645	27	1536	26.0	134.0	72.470703125	71.0	Naturalis Biodiversity Center	1	6
0	1	data/BGE00170_MGE-BGE_r1_1.3_1.5_s50_100.fasta	None	Dolichopodidae	BLAST	family	COI-5P	657	1536	Dolichopodidae,Syrphidae,Psilidae,Drosophilidae	BGENL601-23_r_1_s_100	Aphrosylus ferox	0	BGENL601-23	1	100	False	False	8327153	845	27	1536	20.0	85.0	48.091796875	46.0	Naturalis Biodiversity Center	1	6
1	1	data/BGE00170_MGE-BGE_r1_1.3_1.5_s50_100.fasta	None	Dolichopodidae	BLAST	family	COI-5P	657	1536	Dolichopodidae,Syrphidae,Psilidae,Drosophilidae	BGENL601-23_r_1.3_s_50	Aphrosylus ferox	0	BGENL601-23	1.3	50	False	False	8327153	1527	27	1536	26.0	130.0	67.984375	67.0	Naturalis Biodiversity Center	1	6
0	1	data/BGE00170_MGE-BGE_r1_1.3_1.5_s50_100.fasta	None	Dolichopodidae	BLAST	family	COI-5P	657	1536	Dolichopodidae,Syrphidae,Psilidae,Drosophilidae	BGENL601-23_r_1.3_s_100	Aphrosylus ferox	0	BGENL601-23	1.3	100	False	False	8327153	837	27	1536	20.0	85.0	47.501953125	46.0	Naturalis Biodiversity Center	1	6
0	0	data/BGE00170_MGE-BGE_r1_1.3_1.5_s50_100.fasta	None	Dolichopodidae	BLAST	family	COI-5P	657	1536	Dolichopodidae,Syrphidae,Psilidae,Drosophilidae	BGENL601-23_r_1.5_s_50	Aphrosylus ferox	0	BGENL601-23	1.5	50	False	False	8327153	1377	27	1536	20.0	125.0	61.765625	60.0	Naturalis Biodiversity Center	1	6
0	1	data/BGE00170_MGE-BGE_r1_1.3_1.5_s50_100.fasta	None	Dolichopodidae	BLAST	family	COI-5P	657	1536	Dolichopodidae,Syrphidae,Psilidae,Drosophilidae	BGENL601-23_r_1.5_s_100	Aphrosylus ferox	0	BGENL601-23	1.5	100	False	False	8327153	791	27	1536	14.0	80.0	44.5546875	42.0	Naturalis Biodiversity Center	1	6
28	63	data/BGE00170_MGE-BGE_r1_1.3_1.5_s50_100.fasta	None	Dolichopodidae	BLAST	family	COI-5P	620	1494	Agromyzidae,Hippoboscidae,Muscidae,Fanniidae,Tachinidae	BGENL602-23_r_1_s_50	Aphrosylus ferox	0	BGENL602-23	1	50	False	False	546956	211	48	1536	0.0	29.0	11.724609375	12.0	Naturalis Biodiversity Center	1	6
35	56	data/BGE00170_MGE-BGE_r1_1.3_1.5_s50_100.fasta	None	Dolichopodidae	BLAST	family	COI-5P	568	1437	Dolichopodidae,Drosophilidae,Fergusoninidae,Hippoboscidae,Tachinidae	BGENL602-23_r_1_s_100	Aphrosylus ferox	0	BGENL602-23	1	100	False	False	546956	116	48	1536	0.0	28.0	8.640625	8.0	Naturalis Biodiversity Center	1	6
15	29	data/BGE00170_MGE-BGE_r1_1.3_1.5_s50_100.fasta	None	Dolichopodidae	BLAST	family	COI-5P	544	1314	Carabidae,Psephenidae,Limoniidae,Syrphidae,Drosophilidae	BGENL602-23_r_1.3_s_50	Aphrosylus ferox	0	BGENL602-23	1.3	50	False	False	546956	142	48	1536	0.0	18.0	6.90234375	7.0	Naturalis Biodiversity Center	1	6
14	30	data/BGE00170_MGE-BGE_r1_1.3_1.5_s50_100.fasta	None	Dolichopodidae	BLAST	family	COI-5P	478	1143	Dolichopodidae	BGENL602-23_r_1.3_s_100	Aphrosylus ferox	0	BGENL602-23	1.3	100	False	False	546956	68	48	1536	0.0	16.0	4.693359375	4.0	Naturalis Biodiversity Center	1	6
13	29	data/BGE00170_MGE-BGE_r1_1.3_1.5_s50_100.fasta	None	Dolichopodidae	BLAST	family	COI-5P	520	1212	Dolichopodidae,Syrphidae,Drosophilidae	BGENL602-23_r_1.5_s_50	Aphrosylus ferox	0	BGENL602-23	1.5	50	False	False	546956	100	48	1536	0.0	17.0	4.630859375	4.0	Naturalis Biodiversity Center	1	6
14	17	data/BGE00170_MGE-BGE_r1_1.3_1.5_s50_100.fasta	None	Dolichopodidae	BLAST	family	COI-5P	433	1038	Dolichopodidae,Drosophilidae	BGENL602-23_r_1.5_s_100	Aphrosylus ferox	0	BGENL602-23	1.5	100	False	False	546956	48	48	1536	0.0	12.0	3.1640625	2.0	Naturalis Biodiversity Center	1	6
0	0	data/BGE00170_MGE-BGE_r1_1.3_1.5_s50_100.fasta	None	Dolichopodidae	BLAST	family	COI-5P	657	1536	Dolichopodidae,Syrphidae,Psilidae,Drosophilidae	BGENL603-23_r_1_s_50	Aphrosylus ferox	0	BGENL603-23	1	50	False	False	8359168	2315	473	1536	46.0	229.0	109.609375	102.0	Naturalis Biodiversity Center	1	6
0	0	data/BGE00170_MGE-BGE_r1_1.3_1.5_s50_100.fasta	None	Dolichopodidae	BLAST	family	COI-5P	657	1536	Dolichopodidae,Syrphidae,Psilidae,Drosophilidae	BGENL603-23_r_1_s_100	Aphrosylus ferox	0	BGENL603-23	1	100	False	False	8359168	1357	473	1536	22.0	201.0	80.818359375	73.0	Naturalis Biodiversity Center	1	6
0	0	data/BGE00170_MGE-BGE_r1_1.3_1.5_s50_100.fasta	None	Dolichopodidae	BLAST	family	COI-5P	657	1536	Dolichopodidae,Syrphidae,Psilidae,Drosophilidae	BGENL603-23_r_1.3_s_50	Aphrosylus ferox	0	BGENL603-23	1.3	50	False	False	8359168	2169	473	1536	46.0	227.0	104.1015625	99.0	Naturalis Biodiversity Center	1	6
0	0	data/BGE00170_MGE-BGE_r1_1.3_1.5_s50_100.fasta	None	Dolichopodidae	BLAST	family	COI-5P	657	1536	Dolichopodidae,Syrphidae,Psilidae,Drosophilidae	BGENL603-23_r_1.3_s_100	Aphrosylus ferox	0	BGENL603-23	1.3	100	False	False	8359168	1346	473	1536	22.0	199.0	79.90625	72.0	Naturalis Biodiversity Center	1	6
0	0	data/BGE00170_MGE-BGE_r1_1.3_1.5_s50_100.fasta	None	Dolichopodidae	BLAST	family	COI-5P	657	1536	Dolichopodidae,Syrphidae,Psilidae,Drosophilidae	BGENL603-23_r_1.5_s_50	Aphrosylus ferox	0	BGENL603-23	1.5	50	False	False	8359168	2026	473	1536	44.0	196.0	98.931640625	92.0	Naturalis Biodiversity Center	1	6
0	0	data/BGE00170_MGE-BGE_r1_1.3_1.5_s50_100.fasta	None	Dolichopodidae	BLAST	family	COI-5P	657	1536	Dolichopodidae,Syrphidae,Psilidae,Drosophilidae	BGENL603-23_r_1.5_s_100	Aphrosylus ferox	0	BGENL603-23	1.5	100	False	False	8359168	1324	473	1536	22.0	191.0	78.53515625	70.5	Naturalis Biodiversity Center	1	6
0	3	data/BGE00170_MGE-BGE_r1_1.3_1.5_s50_100.fasta	None	Dolichopodidae	BLAST	family	COI-5P	657	1533	Dolichopodidae,Drosophilidae,Muscidae	BGENL604-23_r_1_s_50	Campsicnemus lumbatus	0	BGENL604-23	1	50	False	False	4003978	1254	49	1533	12.0	119.0	51.64187866927593	47.0	Naturalis Biodiversity Center	1	6
0	4	data/BGE00170_MGE-BGE_r1_1.3_1.5_s50_100.fasta	None	Dolichopodidae	BLAST	family	COI-5P	657	1533	Dolichopodidae,Drosophilidae,Muscidae	BGENL604-23_r_1_s_100	Campsicnemus lumbatus	0	BGENL604-23	1	100	False	False	4003978	627	49	1533	2.0	108.0	33.11350293542074	29.0	Naturalis Biodiversity Center	1	6
0	1	data/BGE00170_MGE-BGE_r1_1.3_1.5_s50_100.fasta	None	Dolichopodidae	BLAST	family	COI-5P	657	1533	Dolichopodidae,Drosophilidae,Muscidae	BGENL604-23_r_1.3_s_50	Campsicnemus lumbatus	0	BGENL604-23	1.3	50	False	False	4003978	1202	49	1533	12.0	119.0	49.279843444227005	44.0	Naturalis Biodiversity Center	1	6
0	0	data/BGE00170_MGE-BGE_r1_1.3_1.5_s50_100.fasta	None	Dolichopodidae	BLAST	family	COI-5P	657	1533	Dolichopodidae,Drosophilidae,Muscidae	BGENL604-23_r_1.3_s_100	Campsicnemus lumbatus	0	BGENL604-23	1.3	100	False	False	4003978	610	49	1533	2.0	108.0	31.77886497064579	28.0	Naturalis Biodiversity Center	1	6
0	0	data/BGE00170_MGE-BGE_r1_1.3_1.5_s50_100.fasta	None	Dolichopodidae	BLAST	family	COI-5P	657	1533	Dolichopodidae,Drosophilidae,Muscidae	BGENL604-23_r_1.5_s_50	Campsicnemus lumbatus	0	BGENL604-23	1.5	50	False	False	4003978	1144	49	1533	12.0	119.0	46.96673189823875	42.0	Naturalis Biodiversity Center	1	6
0	0	data/BGE00170_MGE-BGE_r1_1.3_1.5_s50_100.fasta	None	Dolichopodidae	BLAST	family	COI-5P	657	1533	Dolichopodidae,Drosophilidae,Muscidae	BGENL604-23_r_1.5_s_100	Campsicnemus lumbatus	0	BGENL604-23	1.5	100	False	False	4003978	593	49	1533	2.0	108.0	30.831702544031312	26.0	Naturalis Biodiversity Center	1	6
14	19	data/BGE00170_MGE-BGE_r1_1.3_1.5_s50_100.fasta	None	Dolichopodidae	BLAST	family	COI-5P	657	1533	Dolichopodidae,Drosophilidae,Muscidae,Tachinidae	BGENL605-23_r_1_s_50	Campsicnemus lumbatus	0	BGENL605-23	1	50	False	False	9244222	545	27	1533	4.0	76.0	25.939334637964777	23.0	Naturalis Biodiversity Center	1	6
9	11	data/BGE00170_MGE-BGE_r1_1.3_1.5_s50_100.fasta	None	Dolichopodidae	BLAST	family	COI-5P	657	1533	Dolichopodidae,Muscidae	BGENL605-23_r_1_s_100	Campsicnemus lumbatus	0	BGENL605-23	1	100	False	False	9244222	308	27	1533	2.0	62.0	19.125244618395303	18.0	Naturalis Biodiversity Center	1	6
6	7	data/BGE00170_MGE-BGE_r1_1.3_1.5_s50_100.fasta	None	Dolichopodidae	BLAST	family	COI-5P	657	1533	Dolichopodidae,Drosophilidae,Muscidae	BGENL605-23_r_1.3_s_50	Campsicnemus lumbatus	0	BGENL605-23	1.3	50	False	False	9244222	476	27	1533	4.0	72.0	22.528375733855185	20.0	Naturalis Biodiversity Center	1	6
9	9	data/BGE00170_MGE-BGE_r1_1.3_1.5_s50_100.fasta	None	Dolichopodidae	BLAST	family	COI-5P	657	1533	Dolichopodidae,Drosophilidae	BGENL605-23_r_1.3_s_100	Campsicnemus lumbatus	0	BGENL605-23	1.3	100	False	False	9244222	286	27	1533	2.0	52.0	17.21526418786693	16.0	Naturalis Biodiversity Center	1	6
6	11	data/BGE00170_MGE-BGE_r1_1.3_1.5_s50_100.fasta	None	Dolichopodidae	BLAST	family	COI-5P	657	1533	Dolichopodidae,Drosophilidae,Tachinidae	BGENL605-23_r_1.5_s_50	Campsicnemus lumbatus	0	BGENL605-23	1.5	50	False	False	9244222	427	27	1533	4.0	54.0	20.761252446183953	19.0	Naturalis Biodiversity Center	1	6
2	6	data/BGE00170_MGE-BGE_r1_1.3_1.5_s50_100.fasta	None	Dolichopodidae	BLAST	family	COI-5P	657	1533	Dolichopodidae,Drosophilidae,Muscidae	BGENL605-23_r_1.5_s_100	Campsicnemus lumbatus	0	BGENL605-23	1.5	100	False	False	9244222	276	27	1533	2.0	48.0	16.499021526418787	15.0	Naturalis Biodiversity Center	1	6
1	1	data/BGE00170_MGE-BGE_r1_1.3_1.5_s50_100.fasta	None	Dolichopodidae	BLAST	family	COI-5P	657	1533	Dolichopodidae,Drosophilidae,Muscidae	BGENL606-23_r_1_s_50	Campsicnemus lumbatus	0	BGENL606-23	1	50	False	False	9134480	1042	13	1533	12.0	108.0	45.71624266144814	44.0	Naturalis Biodiversity Center	1	6
0	0	data/BGE00170_MGE-BGE_r1_1.3_1.5_s50_100.fasta	None	Dolichopodidae	BLAST	family	COI-5P	657	1533	Dolichopodidae,Drosophilidae,Muscidae	BGENL606-23_r_1_s_100	Campsicnemus lumbatus	0	BGENL606-23	1	100	False	False	9134480	558	13	1533	8.0	59.0	31.328767123287673	30.0	Naturalis Biodiversity Center	1	6
1	1	data/BGE00170_MGE-BGE_r1_1.3_1.5_s50_100.fasta	None	Dolichopodidae	BLAST	family	COI-5P	657	1533	Dolichopodidae,Drosophilidae,Muscidae	BGENL606-23_r_1.3_s_50	Campsicnemus lumbatus	0	BGENL606-23	1.3	50	False	False	9134480	946	13	1533	12.0	108.0	42.12524461839531	40.0	Naturalis Biodiversity Center	1	6
0	0	data/BGE00170_MGE-BGE_r1_1.3_1.5_s50_100.fasta	None	Dolichopodidae	BLAST	family	COI-5P	657	1533	Dolichopodidae,Drosophilidae,Muscidae	BGENL606-23_r_1.3_s_100	Campsicnemus lumbatus	0	BGENL606-23	1.3	100	False	False	9134480	546	13	1533	8.0	58.0	30.385518590998043	29.0	Naturalis Biodiversity Center	1	6
1	1	data/BGE00170_MGE-BGE_r1_1.3_1.5_s50_100.fasta	None	Dolichopodidae	BLAST	family	COI-5P	657	1533	Dolichopodidae,Drosophilidae,Muscidae	BGENL606-23_r_1.5_s_50	Campsicnemus lumbatus	0	BGENL606-23	1.5	50	False	False	9134480	843	13	1533	10.0	92.0	38.07436399217221	36.0	Naturalis Biodiversity Center	1	6
1	1	data/BGE00170_MGE-BGE_r1_1.3_1.5_s50_100.fasta	None	Dolichopodidae	BLAST	family	COI-5P	657	1533	Dolichopodidae,Drosophilidae,Muscidae	BGENL606-23_r_1.5_s_100	Campsicnemus lumbatus	0	BGENL606-23	1.5	100	False	False	9134480	518	13	1533	7.0	58.0	28.814090019569473	28.0	Naturalis Biodiversity Center	1	6
10	22	data/BGE00170_MGE-BGE_r1_1.3_1.5_s50_100.fasta	None	Dolichopodidae	BLAST	family	COI-5P	488	1329	Dolichopodidae,Syrphidae,Drosophilidae	BGENL607-23_r_1_s_50	Campsicnemus magius	0	BGENL607-23	1	50	False	False	1496427	102	14	1533	0.0	18.0	5.440313111545988	4.0	Naturalis Biodiversity Center	1	6
0	13	data/BGE00170_MGE-BGE_r1_1.3_1.5_s50_100.fasta	None	Dolichopodidae	BLAST	family	COI-5P	403	1119	Dolichopodidae,Syrphidae,Drosophilidae	BGENL607-23_r_1_s_100	Campsicnemus magius	0	BGENL607-23	1	100	False	False	1496427	70	14	1533	0.0	18.0	4.506849315068493	3.0	Naturalis Biodiversity Center	1	6
10	22	data/BGE00170_MGE-BGE_r1_1.3_1.5_s50_100.fasta	None	Dolichopodidae	BLAST	family	COI-5P	364	1218	Dolichopodidae,Syrphidae,Drosophilidae	BGENL607-23_r_1.3_s_50	Campsicnemus magius	0	BGENL607-23	1.3	50	False	False	1496427	93	14	1533	0.0	18.0	5.052837573385519	4.0	Naturalis Biodiversity Center	1	6
0	13	data/BGE00170_MGE-BGE_r1_1.3_1.5_s50_100.fasta	None	Dolichopodidae	BLAST	family	COI-5P	334	1050	Dolichopodidae,Syrphidae,Drosophilidae	BGENL607-23_r_1.3_s_100	Campsicnemus magius	0	BGENL607-23	1.3	100	False	False	1496427	65	14	1533	0.0	18.0	4.232876712328767	2.0	Naturalis Biodiversity Center	1	6
5	17	data/BGE00170_MGE-BGE_r1_1.3_1.5_s50_100.fasta	None	Dolichopodidae	BLAST	family	COI-5P	259	1011	Dolichopodidae,Syrphidae,Drosophilidae	BGENL607-23_r_1.5_s_50	Campsicnemus magius	0	BGENL607-23	1.5	50	False	False	1496427	80	14	1533	0.0	18.0	4.001956947162427	2.0	Naturalis Biodiversity Center	1	6
3	13	data/BGE00170_MGE-BGE_r1_1.3_1.5_s50_100.fasta	None	Dolichopodidae	BLAST	family	COI-5P	403	801	Dolichopodidae,Syrphidae,Drosophilidae	BGENL607-23_r_1.5_s_100	Campsicnemus magius	6	BGENL607-23	1.5	100	False	False	1496427	53	14	1533	0.0	18.0	3.2211350293542074	1.0	Naturalis Biodiversity Center	1	6
0	0	data/BGE00170_MGE-BGE_r1_1.3_1.5_s50_100.fasta	None	Dolichopodidae	BLAST	family	COI-5P	657	1533	Drosophilidae	BGENL608-23_r_1_s_50	Campsicnemus magius	0	BGENL608-23	1	50	False	False	10618590	5963	13	1533	128.0	481.0	317.5949119373777	308.0	Naturalis Biodiversity Center	1	6
0	0	data/BGE00170_MGE-BGE_r1_1.3_1.5_s50_100.fasta	None	Dolichopodidae	BLAST	family	COI-5P	657	1533	Drosophilidae	BGENL608-23_r_1_s_100	Campsicnemus magius	0	BGENL608-23	1	100	False	False	10618590	4310	13	1533	106.0	446.0	267.62035225048925	254.0	Naturalis Biodiversity Center	1	6
0	0	data/BGE00170_MGE-BGE_r1_1.3_1.5_s50_100.fasta	None	Dolichopodidae	BLAST	family	COI-5P	657	1533	Drosophilidae	BGENL608-23_r_1.3_s_50	Campsicnemus magius	0	BGENL608-23	1.3	50	False	False	10618590	5838	13	1533	128.0	477.0	312.7651663405088	304.0	Naturalis Biodiversity Center	1	6
0	0	data/BGE00170_MGE-BGE_r1_1.3_1.5_s50_100.fasta	None	Dolichopodidae	BLAST	family	COI-5P	657	1533	Drosophilidae	BGENL608-23_r_1.3_s_100	Campsicnemus magius	0	BGENL608-23	1.3	100	False	False	10618590	4293	13	1533	106.0	446.0	266.40313111545987	252.0	Naturalis Biodiversity Center	1	6
0	0	data/BGE00170_MGE-BGE_r1_1.3_1.5_s50_100.fasta	None	Dolichopodidae	BLAST	family	COI-5P	657	1533	Drosophilidae	BGENL608-23_r_1.5_s_50	Campsicnemus magius	0	BGENL608-23	1.5	50	False	False	10618590	5569	13	1533	127.0	460.0	301.59686888454013	293.0	Naturalis Biodiversity Center	1	6
0	0	data/BGE00170_MGE-BGE_r1_1.3_1.5_s50_100.fasta	None	Dolichopodidae	BLAST	family	COI-5P	657	1533	Drosophilidae	BGENL608-23_r_1.5_s_100	Campsicnemus magius	0	BGENL608-23	1.5	100	False	False	10618590	4210	13	1533	105.0	445.0	261.12133072407045	249.0	Naturalis Biodiversity Center	1	6
0	0	data/BGE00170_MGE-BGE_r1_1.3_1.5_s50_100.fasta	None	Dolichopodidae	BLAST	family	COI-5P	657	1533	Drosophilidae	BGENL609-23_r_1_s_50	Campsicnemus magius	0	BGENL609-23	1	50	False	False	10900270	940	6	1533	12.0	78.0	40.510763209393346	39.0	Naturalis Biodiversity Center	1	6
1	1	data/BGE00170_MGE-BGE_r1_1.3_1.5_s50_100.fasta	None	Dolichopodidae	BLAST	family	COI-5P	657	1533	Drosophilidae	BGENL609-23_r_1_s_100	Campsicnemus magius	0	BGENL609-23	1	100	False	False	10900270	486	6	1533	4.0	56.0	26.964774951076322	26.0	Naturalis Biodiversity Center	1	6
0	0	data/BGE00170_MGE-BGE_r1_1.3_1.5_s50_100.fasta	None	Dolichopodidae	BLAST	family	COI-5P	657	1533	Drosophilidae	BGENL609-23_r_1.3_s_50	Campsicnemus magius	0	BGENL609-23	1.3	50	False	False	10900270	847	6	1533	12.0	78.0	37.0293542074364	36.0	Naturalis Biodiversity Center	1	6
0	0	data/BGE00170_MGE-BGE_r1_1.3_1.5_s50_100.fasta	None	Dolichopodidae	BLAST	family	COI-5P	657	1533	Drosophilidae	BGENL609-23_r_1.3_s_100	Campsicnemus magius	0	BGENL609-23	1.3	100	False	False	10900270	472	6	1533	4.0	56.0	25.853228962818005	26.0	Naturalis Biodiversity Center	1	6
0	0	data/BGE00170_MGE-BGE_r1_1.3_1.5_s50_100.fasta	None	Dolichopodidae	BLAST	family	COI-5P	657	1533	Drosophilidae	BGENL609-23_r_1.5_s_50	Campsicnemus magius	0	BGENL609-23	1.5	50	False	False	10900270	780	6	1533	9.0	75.0	34.15264187866928	34.0	Naturalis Biodiversity Center	1	6
0	0	data/BGE00170_MGE-BGE_r1_1.3_1.5_s50_100.fasta	None	Dolichopodidae	BLAST	family	COI-5P	657	1533	Drosophilidae	BGENL609-23_r_1.5_s_100	Campsicnemus magius	0	BGENL609-23	1.5	100	False	False	10900270	450	6	1533	4.0	55.0	24.534246575342465	24.0	Naturalis Biodiversity Center	1	6
0	0	data/BGE00170_MGE-BGE_r1_1.3_1.5_s50_100.fasta	None	Dolichopodidae	BLAST	family	COI-5P	657	1530	Dolichopodidae,Drosophilidae	BGENL610-23_r_1_s_50	Chrysotus palustris	0	BGENL610-23	1	50	False	False	10296184	4303	254	1530	186.0	412.0	306.40588235294115	312.0	Naturalis Biodiversity Center	1	6
0	0	data/BGE00170_MGE-BGE_r1_1.3_1.5_s50_100.fasta	None	Dolichopodidae	BLAST	family	COI-5P	657	1530	Dolichopodidae,Drosophilidae	BGENL610-23_r_1_s_100	Chrysotus palustris	0	BGENL610-23	1	100	False	False	10296184	3836	254	1530	148.0	397.0	292.73333333333335	301.0	Naturalis Biodiversity Center	1	6
0	0	data/BGE00170_MGE-BGE_r1_1.3_1.5_s50_100.fasta	None	Dolichopodidae	BLAST	family	COI-5P	657	1530	Dolichopodidae,Drosophilidae	BGENL610-23_r_1.3_s_50	Chrysotus palustris	0	BGENL610-23	1.3	50	False	False	10296184	4191	254	1530	185.0	397.0	302.1490196078431	310.0	Naturalis Biodiversity Center	1	6
0	0	data/BGE00170_MGE-BGE_r1_1.3_1.5_s50_100.fasta	None	Dolichopodidae	BLAST	family	COI-5P	657	1530	Dolichopodidae,Drosophilidae	BGENL610-23_r_1.3_s_100	Chrysotus palustris	0	BGENL610-23	1.3	100	False	False	10296184	3824	254	1530	148.0	394.0	291.7921568627451	300.0	Naturalis Biodiversity Center	1	6
0	0	data/BGE00170_MGE-BGE_r1_1.3_1.5_s50_100.fasta	None	Dolichopodidae	BLAST	family	COI-5P	657	1530	Dolichopodidae,Drosophilidae	BGENL610-23_r_1.5_s_50	Chrysotus palustris	0	BGENL610-23	1.5	50	False	False	10296184	4138	254	1530	184.0	390.0	299.60392156862747	308.0	Naturalis Biodiversity Center	1	6
0	0	data/BGE00170_MGE-BGE_r1_1.3_1.5_s50_100.fasta	None	Dolichopodidae	BLAST	family	COI-5P	657	1530	Dolichopodidae,Drosophilidae	BGENL610-23_r_1.5_s_100	Chrysotus palustris	0	BGENL610-23	1.5	100	False	False	10296184	3799	254	1530	145.0	385.0	290.0450980392157	300.0	Naturalis Biodiversity Center	1	6
1	7	data/BGE00170_MGE-BGE_r1_1.3_1.5_s50_100.fasta	None	Dolichopodidae	BLAST	family	COI-5P	657	1530	Dolichopodidae,Syrphidae,Drosophilidae	BGENL611-23_r_1_s_50	Chrysotus palustris	0	BGENL611-23	1	50	False	False	12812420	684	19	1530	5.0	117.0	32.84117647058824	30.0	Naturalis Biodiversity Center	1	6
2	7	data/BGE00170_MGE-BGE_r1_1.3_1.5_s50_100.fasta	None	Dolichopodidae	BLAST	family	COI-5P	657	1530	Dolichopodidae,Syrphidae,Drosophilidae	BGENL611-23_r_1_s_100	Chrysotus palustris	0	BGENL611-23	1	100	False	False	12812420	399	19	1530	5.0	54.0	24.333333333333332	24.0	Naturalis Biodiversity Center	1	6
0	10	data/BGE00170_MGE-BGE_r1_1.3_1.5_s50_100.fasta	None	Dolichopodidae	BLAST	family	COI-5P	657	1530	Dolichopodidae,Syrphidae,Drosophilidae,Sphaeroceridae	BGENL611-23_r_1.3_s_50	Chrysotus palustris	0	BGENL611-23	1.3	50	False	False	12812420	572	19	1530	4.0	63.0	28.54313725490196	27.0	Naturalis Biodiversity Center	1	6
1	11	data/BGE00170_MGE-BGE_r1_1.3_1.5_s50_100.fasta	None	Dolichopodidae	BLAST	family	COI-5P	657	1530	Dolichopodidae,Syrphidae,Drosophilidae	BGENL611-23_r_1.3_s_100	Chrysotus palustris	0	BGENL611-23	1.3	100	False	False	12812420	380	19	1530	4.0	53.0	22.927450980392155	23.0	Naturalis Biodiversity Center	1	6
0	9	data/BGE00170_MGE-BGE_r1_1.3_1.5_s50_100.fasta	None	Dolichopodidae	BLAST	family	COI-5P	657	1530	Dolichopodidae,Syrphidae,Drosophilidae,Sphaeroceridae	BGENL611-23_r_1.5_s_50	Chrysotus palustris	0	BGENL611-23	1.5	50	False	False	12812420	495	19	1530	4.0	61.0	25.71372549019608	25.0	Naturalis Biodiversity Center	1	6
1	10	data/BGE00170_MGE-BGE_r1_1.3_1.5_s50_100.fasta	None	Dolichopodidae	BLAST	family	COI-5P	657	1530	Dolichopodidae,Syrphidae,Drosophilidae	BGENL611-23_r_1.5_s_100	Chrysotus palustris	0	BGENL611-23	1.5	100	False	False	12812420	365	19	1530	4.0	53.0	21.905882352941177	20.0	Naturalis Biodiversity Center	1	6
11	35	data/BGE00170_MGE-BGE_r1_1.3_1.5_s50_100.fasta	None	Dolichopodidae	BLAST	family	COI-5P	630	1485	Syrphidae,Drosophilidae,Muscidae,Calliphoridae,Tachinidae	BGENL612-23_r_1_s_50	Chrysotus palustris	4	BGENL612-23	1	50	False	False	1604940	216	10	1530	0.0	34.0	8.727450980392156	8.0	Naturalis Biodiversity Center	1	6
5	40	data/BGE00170_MGE-BGE_r1_1.3_1.5_s50_100.fasta	None	Dolichopodidae	BLAST	family	COI-5P	519	1350	Dolichopodidae,Drosophilidae,Muscidae	BGENL612-23_r_1_s_100	Chrysotus palustris	0	BGENL612-23	1	100	False	False	1604940	91	10	1530	0.0	20.0	5.1196078431372545	4.0	Naturalis Biodiversity Center	1	6
2	10	data/BGE00170_MGE-BGE_r1_1.3_1.5_s50_100.fasta	None	Dolichopodidae	BLAST	family	COI-5P	526	1389	Dolichopodidae,Syrphidae,Sphaeroceridae,Muscidae,Anthomyiidae	BGENL612-23_r_1.3_s_50	Chrysotus palustris	0	BGENL612-23	1.3	50	False	False	1604940	192	10	1530	0.0	33.0	7.550980392156863	6.0	Naturalis Biodiversity Center	1	6
1	5	data/BGE00170_MGE-BGE_r1_1.3_1.5_s50_100.fasta	None	Dolichopodidae	BLAST	family	COI-5P	336	1209	Drosophilidae,Muscidae,Tachinidae	BGENL612-23_r_1.3_s_100	Chrysotus palustris	0	BGENL612-23	1.3	100	False	False	1604940	83	10	1530	0.0	19.0	4.474509803921569	4.0	Naturalis Biodiversity Center	1	6
3	13	data/BGE00170_MGE-BGE_r1_1.3_1.5_s50_100.fasta	None	Dolichopodidae	BLAST	family	COI-5P	507	1338	Dolichopodidae,Drosophilidae,Sphaeroceridae	BGENL612-23_r_1.5_s_50	Chrysotus palustris	0	BGENL612-23	1.5	50	False	False	1604940	176	10	1530	0.0	27.0	6.603921568627451	6.0	Naturalis Biodiversity Center	1	6
5	10	data/BGE00170_MGE-BGE_r1_1.3_1.5_s50_100.fasta	None	Dolichopodidae	BLAST	family	COI-5P	306	1173	Drosophilidae,Muscidae,Tachinidae,Rhiniidae	BGENL612-23_r_1.5_s_100	Chrysotus palustris	0	BGENL612-23	1.5	100	False	False	1604940	75	10	1530	0.0	13.0	3.780392156862745	4.0	Naturalis Biodiversity Center	1	6
52	62	data/BGE00170_MGE-BGE_r1_1.3_1.5_s50_100.fasta	None	Dolichopodidae	BLAST	family	COI-5P	654	1362	Carabidae,Syrphidae,Tephritidae,Ulidiidae,Sarcophagidae	BGENL613-23_r_1_s_50	Dolichopus arbustorum	0	BGENL613-23	1	50	False	False	628829	159	112	1533	0.0	49.0	10.166340508806263	6.0	Naturalis Biodiversity Center	1	6
48	60	data/BGE00170_MGE-BGE_r1_1.3_1.5_s50_100.fasta	None	Dolichopodidae	BLAST	family	COI-5P	653	1209	Carabidae,Syrphidae,Ulidiidae,Sarcophagidae,Corydalidae	BGENL613-23_r_1_s_100	Dolichopus arbustorum	0	BGENL613-23	1	100	False	False	628829	114	112	1533	0.0	49.0	8.810176125244618	4.0	Naturalis Biodiversity Center	1	6
37	47	data/BGE00170_MGE-BGE_r1_1.3_1.5_s50_100.fasta	None	Dolichopodidae	BLAST	family	COI-5P	644	1233	Drosophilidae	BGENL613-23_r_1.3_s_50	Dolichopus arbustorum	0	BGENL613-23	1.3	50	False	False	628829	101	112	1533	0.0	47.0	6.041095890410959	2.0	Naturalis Biodiversity Center	1	6
49	64	data/BGE00170_MGE-BGE_r1_1.3_1.5_s50_100.fasta	None	Dolichopodidae	BLAST	family	COI-5P	644	1182	Culicidae,Drosophilidae,Tephritidae	BGENL613-23_r_1.3_s_100	Dolichopus arbustorum	0	BGENL613-23	1.3	100	False	False	628829	76	112	1533	0.0	41.0	5.487279843444227	2.0	Naturalis Biodiversity Center	1	6
30	39	data/BGE00170_MGE-BGE_r1_1.3_1.5_s50_100.fasta	None	Dolichopodidae	BLAST	family	COI-5P	629	1218	Drosophilidae	BGENL613-23_r_1.5_s_50	Dolichopus arbustorum	0	BGENL613-23	1.5	50	False	False	628829	87	112	1533	0.0	41.0	4.931506849315069	2.0	Naturalis Biodiversity Center	1	6
39	54	data/BGE00170_MGE-BGE_r1_1.3_1.5_s50_100.fasta	None	Dolichopodidae	BLAST	family	COI-5P	629	1167	Dolichopodidae,Drosophilidae	BGENL613-23_r_1.5_s_100	Dolichopus arbustorum	0	BGENL613-23	1.5	100	False	False	628829	65	112	1533	0.0	33.0	4.463796477495108	2.0	Naturalis Biodiversity Center	1	6
0	0	data/BGE00170_MGE-BGE_r1_1.3_1.5_s50_100.fasta	None	Dolichopodidae	BLAST	family	COI-5P	657	1533	Dolichopodidae	BGENL614-23_r_1_s_50	Dolichopus arbustorum	0	BGENL614-23	1	50	False	False	6736034	3133	28	1533	35.0	271.0	125.33463796477496	119.0	Naturalis Biodiversity Center	1	6
0	0	data/BGE00170_MGE-BGE_r1_1.3_1.5_s50_100.fasta	None	Dolichopodidae	BLAST	family	COI-5P	657	1533	Dolichopodidae	BGENL614-23_r_1_s_100	Dolichopus arbustorum	0	BGENL614-23	1	100	False	False	6736034	1562	28	1533	15.0	199.0	78.45401174168298	72.0	Naturalis Biodiversity Center	1	6
0	0	data/BGE00170_MGE-BGE_r1_1.3_1.5_s50_100.fasta	None	Dolichopodidae	BLAST	family	COI-5P	657	1533	Dolichopodidae	BGENL614-23_r_1.3_s_50	Dolichopus arbustorum	0	BGENL614-23	1.3	50	False	False	6736034	3066	28	1533	35.0	271.0	122.60469667318982	119.0	Naturalis Biodiversity Center	1	6
0	0	data/BGE00170_MGE-BGE_r1_1.3_1.5_s50_100.fasta	None	Dolichopodidae	BLAST	family	COI-5P	657	1533	Dolichopodidae	BGENL614-23_r_1.3_s_100	Dolichopus arbustorum	0	BGENL614-23	1.3	100	False	False	6736034	1557	28	1533	15.0	199.0	78.11154598825831	72.0	Naturalis Biodiversity Center	1	6
0	0	data/BGE00170_MGE-BGE_r1_1.3_1.5_s50_100.fasta	None	Dolichopodidae	BLAST	family	COI-5P	657	1533	Dolichopodidae	BGENL614-23_r_1.5_s_50	Dolichopus arbustorum	0	BGENL614-23	1.5	50	False	False	6736034	2933	28	1533	35.0	259.0	118.09980430528375	114.0	Naturalis Biodiversity Center	1	6
0	0	data/BGE00170_MGE-BGE_r1_1.3_1.5_s50_100.fasta	None	Dolichopodidae	BLAST	family	COI-5P	657	1533	Dolichopodidae	BGENL614-23_r_1.5_s_100	Dolichopus arbustorum	0	BGENL614-23	1.5	100	False	False	6736034	1539	28	1533	15.0	196.0	77.1624266144814	72.0	Naturalis Biodiversity Center	1	6
0	0	data/BGE00170_MGE-BGE_r1_1.3_1.5_s50_100.fasta	None	Dolichopodidae	BLAST	family	COI-5P	657	1533	Dolichopodidae	BGENL615-23_r_1_s_50	Dolichopus arbustorum	0	BGENL615-23	1	50	False	False	7007971	2281	10	1533	36.0	194.0	88.10958904109589	84.0	Naturalis Biodiversity Center	1	6
0	0	data/BGE00170_MGE-BGE_r1_1.3_1.5_s50_100.fasta	None	Dolichopodidae	BLAST	family	COI-5P	657	1533	Dolichopodidae	BGENL615-23_r_1_s_100	Dolichopus arbustorum	0	BGENL615-23	1	100	False	False	7007971	935	10	1533	10.0	117.0	48.27005870841487	43.0	Naturalis Biodiversity Center	1	6
0	0	data/BGE00170_MGE-BGE_r1_1.3_1.5_s50_100.fasta	None	Dolichopodidae	BLAST	family	COI-5P	657	1533	Dolichopodidae	BGENL615-23_r_1.3_s_50	Dolichopus arbustorum	0	BGENL615-23	1.3	50	False	False	7007971	2218	10	1533	36.0	194.0	85.426614481409	81.0	Naturalis Biodiversity Center	1	6
0	0	data/BGE00170_MGE-BGE_r1_1.3_1.5_s50_100.fasta	None	Dolichopodidae	BLAST	family	COI-5P	657	1533	Dolichopodidae	BGENL615-23_r_1.3_s_100	Dolichopus arbustorum	0	BGENL615-23	1.3	100	False	False	7007971	926	10	1533	10.0	117.0	47.590998043052835	42.0	Naturalis Biodiversity Center	1	6
0	0	data/BGE00170_MGE-BGE_r1_1.3_1.5_s50_100.fasta	None	Dolichopodidae	BLAST	family	COI-5P	657	1533	Dolichopodidae	BGENL615-23_r_1.5_s_50	Dolichopus arbustorum	0	BGENL615-23	1.5	50	False	False	7007971	2085	10	1533	36.0	192.0	80.8160469667319	75.0	Naturalis Biodiversity Center	1	6
0	0	data/BGE00170_MGE-BGE_r1_1.3_1.5_s50_100.fasta	None	Dolichopodidae	BLAST	family	COI-5P	657	1533	Dolichopodidae	BGENL615-23_r_1.5_s_100	Dolichopus arbustorum	0	BGENL615-23	1.5	100	False	False	7007971	909	10	1533	10.0	116.0	46.504892367906066	41.0	Naturalis Biodiversity Center	1	6
0	0	data/BGE00170_MGE-BGE_r1_1.3_1.5_s50_100.fasta	None	Dolichopodidae	BLAST	family	COI-5P	657	1536	Dolichopodidae,Chloropidae,Drosophilidae	BGENL616-23_r_1_s_50	Hydrophorus balticus	0	BGENL616-23	1	50	False	False	20993557	10442	1298	1536	469.0	1015.0	773.44140625	799.5	Naturalis Biodiversity Center	1	6
0	0	data/BGE00170_MGE-BGE_r1_1.3_1.5_s50_100.fasta	None	Dolichopodidae	BLAST	family	COI-5P	657	1536	Dolichopodidae,Chloropidae,Drosophilidae	BGENL616-23_r_1_s_100	Hydrophorus balticus	0	BGENL616-23	1	100	False	False	20993557	9149	1298	1536	450.0	949.0	736.2890625	766.5	Naturalis Biodiversity Center	1	6
0	0	data/BGE00170_MGE-BGE_r1_1.3_1.5_s50_100.fasta	None	Dolichopodidae	BLAST	family	COI-5P	657	1536	Dolichopodidae,Chloropidae,Drosophilidae	BGENL616-23_r_1.3_s_50	Hydrophorus balticus	0	BGENL616-23	1.3	50	False	False	20993557	10185	1298	1536	460.0	982.0	763.953125	793.0	Naturalis Biodiversity Center	1	6
0	0	data/BGE00170_MGE-BGE_r1_1.3_1.5_s50_100.fasta	None	Dolichopodidae	BLAST	family	COI-5P	657	1536	Dolichopodidae,Chloropidae,Drosophilidae	BGENL616-23_r_1.3_s_100	Hydrophorus balticus	0	BGENL616-23	1.3	100	False	False	20993557	9119	1298	1536	448.0	949.0	734.048828125	765.0	Naturalis Biodiversity Center	1	6
0	0	data/BGE00170_MGE-BGE_r1_1.3_1.5_s50_100.fasta	None	Dolichopodidae	BLAST	family	COI-5P	657	1536	Dolichopodidae,Chloropidae,Drosophilidae	BGENL616-23_r_1.5_s_50	Hydrophorus balticus	0	BGENL616-23	1.5	50	False	False	20993557	9881	1298	1536	451.0	956.0	748.837890625	780.0	Naturalis Biodiversity Center	1	6
0	0	data/BGE00170_MGE-BGE_r1_1.3_1.5_s50_100.fasta	None	Dolichopodidae	BLAST	family	COI-5P	657	1536	Dolichopodidae,Chloropidae,Drosophilidae	BGENL616-23_r_1.5_s_100	Hydrophorus balticus	0	BGENL616-23	1.5	100	False	False	20993557	8992	1298	1536	442.0	935.0	724.1015625	755.0	Naturalis Biodiversity Center	1	6
3	3	data/BGE00170_MGE-BGE_r1_1.3_1.5_s50_100.fasta	None	Dolichopodidae	BLAST	family	COI-5P	657	1536	Dolichopodidae,Drosophilidae	BGENL617-23_r_1_s_50	Hydrophorus balticus	0	BGENL617-23	1	50	False	False	1798333	1125	80	1536	8.0	112.0	44.259765625	38.0	Naturalis Biodiversity Center	1	6
1	1	data/BGE00170_MGE-BGE_r1_1.3_1.5_s50_100.fasta	None	Dolichopodidae	BLAST	family	COI-5P	657	1536	Dolichopodidae,Syrphidae,Psilidae,Drosophilidae,Sphaeroceridae	BGENL617-23_r_1_s_100	Hydrophorus balticus	0	BGENL617-23	1	100	False	False	1798333	499	80	1536	4.0	77.0	25.90234375	22.5	Naturalis Biodiversity Center	1	6
0	0	data/BGE00170_MGE-BGE_r1_1.3_1.5_s50_100.fasta	None	Dolichopodidae	BLAST	family	COI-5P	657	1536	Dolichopodidae,Drosophilidae	BGENL617-23_r_1.3_s_50	Hydrophorus balticus	0	BGENL617-23	1.3	50	False	False	1798333	1091	80	1536	8.0	111.0	41.880859375	35.0	Naturalis Biodiversity Center	1	6
1	1	data/BGE00170_MGE-BGE_r1_1.3_1.5_s50_100.fasta	None	Dolichopodidae	BLAST	family	COI-5P	657	1536	Dolichopodidae,Syrphidae,Drosophilidae,Sphaeroceridae	BGENL617-23_r_1.3_s_100	Hydrophorus balticus	0	BGENL617-23	1.3	100	False	False	1798333	476	80	1536	4.0	72.0	23.919921875	20.0	Naturalis Biodiversity Center	1	6
0	0	data/BGE00170_MGE-BGE_r1_1.3_1.5_s50_100.fasta	None	Dolichopodidae	BLAST	family	COI-5P	657	1536	Dolichopodidae,Drosophilidae	BGENL617-23_r_1.5_s_50	Hydrophorus balticus	0	BGENL617-23	1.5	50	False	False	1798333	1009	80	1536	8.0	111.0	38.830078125	32.0	Naturalis Biodiversity Center	1	6
1	1	data/BGE00170_MGE-BGE_r1_1.3_1.5_s50_100.fasta	None	Dolichopodidae	BLAST	family	COI-5P	657	1536	Dolichopodidae,Syrphidae,Drosophilidae,Sphaeroceridae	BGENL617-23_r_1.5_s_100	Hydrophorus balticus	0	BGENL617-23	1.5	100	False	False	1798333	456	80	1536	4.0	72.0	22.744140625	18.0	Naturalis Biodiversity Center	1	6
1	12	data/BGE00170_MGE-BGE_r1_1.3_1.5_s50_100.fasta	None	Dolichopodidae	BLAST	family	COI-5P	272	786	Carabidae,Syrphidae,Agromyzidae,Calliphoridae,Tachinidae	BGENL618-23_r_1_s_50	Hydrophorus balticus	0	BGENL618-23	1	50	False	False	205964	29	16	1536	0.0	8.0	1.501953125	1.0	Naturalis Biodiversity Center	1	6
0	1	data/BGE00170_MGE-BGE_r1_1.3_1.5_s50_100.fasta	None	Dolichopodidae	BLAST	family	COI-5P	274	735	Syrphidae,Drosophilidae,Muscidae,Tortricidae	BGENL618-23_r_1_s_100	Hydrophorus balticus	0	BGENL618-23	1	100	False	False	205964	20	16	1536	0.0	8.0	1.25	0.0	Naturalis Biodiversity Center	1	6
1	12	data/BGE00170_MGE-BGE_r1_1.3_1.5_s50_100.fasta	None	Dolichopodidae	BLAST	family	COI-5P	270	756	Culicidae,Empididae,Syrphidae,Drosophilidae,Muscidae	BGENL618-23_r_1.3_s_50	Hydrophorus balticus	0	BGENL618-23	1.3	50	False	False	205964	25	16	1536	0.0	8.0	1.228515625	0.0	Naturalis Biodiversity Center	1	6
0	1	data/BGE00170_MGE-BGE_r1_1.3_1.5_s50_100.fasta	None	Dolichopodidae	BLAST	family	COI-5P	272	705	Empididae,Syrphidae,Drosophilidae,Ephydridae,Muscidae,Tachinidae	BGENL618-23_r_1.3_s_100	Hydrophorus balticus	0	BGENL618-23	1.3	100	False	False	205964	16	16	1536	0.0	8.0	0.9765625	0.0	Naturalis Biodiversity Center	1	6
1	11	data/BGE00170_MGE-BGE_r1_1.3_1.5_s50_100.fasta	None	Dolichopodidae	BLAST	family	COI-5P	270	756	Culicidae,Empididae,Syrphidae,Drosophilidae,Muscidae	BGENL618-23_r_1.5_s_50	Hydrophorus balticus	0	BGENL618-23	1.5	50	False	False	205964	24	16	1536	0.0	8.0	1.171875	0.0	Naturalis Biodiversity Center	1	6
0	0	data/BGE00170_MGE-BGE_r1_1.3_1.5_s50_100.fasta	None	Dolichopodidae	BLAST	family	COI-5P	272	705	Empididae,Syrphidae,Drosophilidae,Ephydridae,Muscidae,Tachinidae	BGENL618-23_r_1.5_s_100	Hydrophorus balticus	0	BGENL618-23	1.5	100	False	False	205964	15	16	1536	0.0	8.0	0.919921875	0.0	Naturalis Biodiversity Center	1	6
0	0	data/BGE00170_MGE-BGE_r1_1.3_1.5_s50_100.fasta	None	Dolichopodidae	BLAST	family	COI-5P	657	1536	Dolichopodidae,Drosophilidae,Piophilidae	BGENL619-23_r_1_s_50	Hydrophorus oceanus	0	BGENL619-23	1	50	False	False	24227402	15249	1155	1536	890.0	1484.0	1148.642578125	1144.5	Naturalis Biodiversity Center	1	6
0	0	data/BGE00170_MGE-BGE_r1_1.3_1.5_s50_100.fasta	None	Dolichopodidae	BLAST	family	COI-5P	657	1536	Dolichopodidae,Drosophilidae,Piophilidae	BGENL619-23_r_1_s_100	Hydrophorus oceanus	0	BGENL619-23	1	100	False	False	24227402	13610	1155	1536	739.0	1426.0	1102.015625	1096.0	Naturalis Biodiversity Center	1	6
0	0	data/BGE00170_MGE-BGE_r1_1.3_1.5_s50_100.fasta	None	Dolichopodidae	BLAST	family	COI-5P	657	1536	Dolichopodidae,Drosophilidae,Piophilidae	BGENL619-23_r_1.3_s_50	Hydrophorus oceanus	0	BGENL619-23	1.3	50	False	False	24227402	14926	1155	1536	887.0	1429.0	1135.771484375	1134.5	Naturalis Biodiversity Center	1	6
0	0	data/BGE00170_MGE-BGE_r1_1.3_1.5_s50_100.fasta	None	Dolichopodidae	BLAST	family	COI-5P	657	1536	Dolichopodidae,Drosophilidae,Piophilidae	BGENL619-23_r_1.3_s_100	Hydrophorus oceanus	0	BGENL619-23	1.3	100	False	False	24227402	13552	1155	1536	739.0	1405.0	1097.658203125	1092.0	Naturalis Biodiversity Center	1	6
0	0	data/BGE00170_MGE-BGE_r1_1.3_1.5_s50_100.fasta	None	Dolichopodidae	BLAST	family	COI-5P	657	1536	Dolichopodidae,Drosophilidae,Piophilidae	BGENL619-23_r_1.5_s_50	Hydrophorus oceanus	0	BGENL619-23	1.5	50	False	False	24227402	14589	1155	1536	877.0	1409.0	1119.91015625	1102.5	Naturalis Biodiversity Center	1	6
0	0	data/BGE00170_MGE-BGE_r1_1.3_1.5_s50_100.fasta	None	Dolichopodidae	BLAST	family	COI-5P	657	1536	Dolichopodidae,Drosophilidae,Piophilidae	BGENL619-23_r_1.5_s_100	Hydrophorus oceanus	0	BGENL619-23	1.5	100	False	False	24227402	13415	1155	1536	739.0	1400.0	1087.458984375	1077.5	Naturalis Biodiversity Center	1	6
0	0	data/BGE00170_MGE-BGE_r1_1.3_1.5_s50_100.fasta	None	Dolichopodidae	BLAST	family	COI-5P	657	1536	Dolichopodidae,Drosophilidae,Piophilidae	BGENL620-23_r_1_s_50	Hydrophorus oceanus	0	BGENL620-23	1	50	False	False	17327830	6403	644	1536	188.0	584.0	355.65234375	358.0	Naturalis Biodiversity Center	1	6
0	0	data/BGE00170_MGE-BGE_r1_1.3_1.5_s50_100.fasta	None	Dolichopodidae	BLAST	family	COI-5P	657	1536	Dolichopodidae,Drosophilidae,Piophilidae	BGENL620-23_r_1_s_100	Hydrophorus oceanus	0	BGENL620-23	1	100	False	False	17327830	4759	644	1536	139.0	497.0	306.080078125	307.0	Naturalis Biodiversity Center	1	6
0	0	data/BGE00170_MGE-BGE_r1_1.3_1.5_s50_100.fasta	None	Dolichopodidae	BLAST	family	COI-5P	657	1536	Dolichopodidae,Drosophilidae,Piophilidae	BGENL620-23_r_1.3_s_50	Hydrophorus oceanus	0	BGENL620-23	1.3	50	False	False	17327830	6221	644	1536	180.0	541.0	349.2265625	353.0	Naturalis Biodiversity Center	1	6
0	0	data/BGE00170_MGE-BGE_r1_1.3_1.5_s50_100.fasta	None	Dolichopodidae	BLAST	family	COI-5P	657	1536	Dolichopodidae,Drosophilidae,Piophilidae	BGENL620-23_r_1.3_s_100	Hydrophorus oceanus	0	BGENL620-23	1.3	100	False	False	17327830	4746	644	1536	139.0	497.0	305.1015625	306.0	Naturalis Biodiversity Center	1	6
0	0	data/BGE00170_MGE-BGE_r1_1.3_1.5_s50_100.fasta	None	Dolichopodidae	BLAST	family	COI-5P	657	1536	Dolichopodidae,Drosophilidae,Piophilidae	BGENL620-23_r_1.5_s_50	Hydrophorus oceanus	0	BGENL620-23	1.5	50	False	False	17327830	5945	644	1536	172.0	526.0	339.359375	342.5	Naturalis Biodiversity Center	1	6
0	0	data/BGE00170_MGE-BGE_r1_1.3_1.5_s50_100.fasta	None	Dolichopodidae	BLAST	family	COI-5P	657	1536	Dolichopodidae,Drosophilidae,Piophilidae	BGENL620-23_r_1.5_s_100	Hydrophorus oceanus	0	BGENL620-23	1.5	100	False	False	17327830	4693	644	1536	138.0	491.0	301.888671875	303.0	Naturalis Biodiversity Center	1	6
0	0	data/BGE00170_MGE-BGE_r1_1.3_1.5_s50_100.fasta	None	Dolichopodidae	BLAST	family	COI-5P	657	1536	Dolichopodidae,Drosophilidae,Piophilidae	BGENL621-23_r_1_s_50	Hydrophorus oceanus	0	BGENL621-23	1	50	False	False	5506128	4636	68	1536	40.0	381.0	202.544921875	192.5	Naturalis Biodiversity Center	1	6
0	0	data/BGE00170_MGE-BGE_r1_1.3_1.5_s50_100.fasta	None	Dolichopodidae	BLAST	family	COI-5P	657	1536	Dolichopodidae,Drosophilidae,Piophilidae	BGENL621-23_r_1_s_100	Hydrophorus oceanus	0	BGENL621-23	1	100	False	False	5506128	2713	68	1536	25.0	320.0	143.9375	139.5	Naturalis Biodiversity Center	1	6
0	0	data/BGE00170_MGE-BGE_r1_1.3_1.5_s50_100.fasta	None	Dolichopodidae	BLAST	family	COI-5P	657	1536	Dolichopodidae,Drosophilidae,Piophilidae	BGENL621-23_r_1.3_s_50	Hydrophorus oceanus	0	BGENL621-23	1.3	50	False	False	5506128	4605	68	1536	40.0	377.0	201.044921875	191.0	Naturalis Biodiversity Center	1	6
0	0	data/BGE00170_MGE-BGE_r1_1.3_1.5_s50_100.fasta	None	Dolichopodidae	BLAST	family	COI-5P	657	1536	Dolichopodidae,Drosophilidae,Piophilidae	BGENL621-23_r_1.3_s_100	Hydrophorus oceanus	0	BGENL621-23	1.3	100	False	False	5506128	2705	68	1536	25.0	317.0	143.36328125	139.0	Naturalis Biodiversity Center	1	6
0	0	data/BGE00170_MGE-BGE_r1_1.3_1.5_s50_100.fasta	None	Dolichopodidae	BLAST	family	COI-5P	657	1536	Dolichopodidae,Drosophilidae,Piophilidae	BGENL621-23_r_1.5_s_50	Hydrophorus oceanus	0	BGENL621-23	1.5	50	False	False	5506128	4371	68	1536	40.0	373.0	192.19140625	184.0	Naturalis Biodiversity Center	1	6
0	0	data/BGE00170_MGE-BGE_r1_1.3_1.5_s50_100.fasta	None	Dolichopodidae	BLAST	family	COI-5P	657	1536	Dolichopodidae,Drosophilidae,Piophilidae	BGENL621-23_r_1.5_s_100	Hydrophorus oceanus	0	BGENL621-23	1.5	100	False	False	5506128	2660	68	1536	25.0	314.0	140.787109375	136.5	Naturalis Biodiversity Center	1	6
5	8	data/BGE00170_MGE-BGE_r1_1.3_1.5_s50_100.fasta	None	Dolichopodidae	BLAST	family	COI-5P	657	1536	Dolichopodidae,Syrphidae,Psilidae,Drosophilidae,Muscidae	BGENL622-23_r_1_s_50	Hydrophorus signiferus	0	BGENL622-23	1	50	False	False	10539846	614	170	1536	8.0	85.0	28.572265625	25.0	Naturalis Biodiversity Center	1	6
3	4	data/BGE00170_MGE-BGE_r1_1.3_1.5_s50_100.fasta	None	Dolichopodidae	BLAST	family	COI-5P	657	1530	Dolichopodidae,Syrphidae,Drosophilidae,Sphaeroceridae,Tephritidae	BGENL622-23_r_1_s_100	Hydrophorus signiferus	0	BGENL622-23	1	100	False	False	10539846	314	170	1536	0.0	40.0	19.0703125	20.0	Naturalis Biodiversity Center	1	6
4	5	data/BGE00170_MGE-BGE_r1_1.3_1.5_s50_100.fasta	None	Dolichopodidae	BLAST	family	COI-5P	657	1536	Dolichopodidae,Syrphidae,Psilidae,Drosophilidae	BGENL622-23_r_1.3_s_50	Hydrophorus signiferus	0	BGENL622-23	1.3	50	False	False	10539846	495	170	1536	6.0	51.0	24.078125	23.0	Naturalis Biodiversity Center	1	6
3	4	data/BGE00170_MGE-BGE_r1_1.3_1.5_s50_100.fasta	None	Dolichopodidae	BLAST	family	COI-5P	657	1530	Dolichopodidae,Syrphidae,Drosophilidae,Sphaeroceridae,Tephritidae	BGENL622-23_r_1.3_s_100	Hydrophorus signiferus	0	BGENL622-23	1.3	100	False	False	10539846	301	170	1536	0.0	36.0	18.208984375	19.0	Naturalis Biodiversity Center	1	6
4	5	data/BGE00170_MGE-BGE_r1_1.3_1.5_s50_100.fasta	None	Dolichopodidae	BLAST	family	COI-5P	657	1536	Dolichopodidae,Syrphidae,Psilidae,Drosophilidae	BGENL622-23_r_1.5_s_50	Hydrophorus signiferus	0	BGENL622-23	1.5	50	False	False	10539846	414	170	1536	6.0	43.0	20.765625	20.0	Naturalis Biodiversity Center	1	6
3	5	data/BGE00170_MGE-BGE_r1_1.3_1.5_s50_100.fasta	None	Dolichopodidae	BLAST	family	COI-5P	657	1530	Dolichopodidae,Syrphidae,Drosophilidae,Sphaeroceridae,Tephritidae	BGENL622-23_r_1.5_s_100	Hydrophorus signiferus	0	BGENL622-23	1.5	100	False	False	10539846	272	170	1536	0.0	33.0	16.5390625	16.0	Naturalis Biodiversity Center	1	6
1	1	data/BGE00170_MGE-BGE_r1_1.3_1.5_s50_100.fasta	None	Dolichopodidae	BLAST	family	COI-5P	657	1536	Dolichopodidae,Syrphidae,Drosophilidae,Tephritidae	BGENL623-23_r_1_s_50	Hydrophorus signiferus	0	BGENL623-23	1	50	False	False	14802038	1380	442	1536	28.0	189.0	67.67578125	62.0	Naturalis Biodiversity Center	1	6
0	0	data/BGE00170_MGE-BGE_r1_1.3_1.5_s50_100.fasta	None	Dolichopodidae	BLAST	family	COI-5P	657	1536	Dolichopodidae,Syrphidae,Drosophilidae,Sphaeroceridae,Tephritidae	BGENL623-23_r_1_s_100	Hydrophorus signiferus	0	BGENL623-23	1	100	False	False	14802038	845	442	1536	15.0	103.0	51.2578125	49.0	Naturalis Biodiversity Center	1	6
0	0	data/BGE00170_MGE-BGE_r1_1.3_1.5_s50_100.fasta	None	Dolichopodidae	BLAST	family	COI-5P	657	1536	Dolichopodidae,Syrphidae,Drosophilidae,Sphaeroceridae,Tephritidae	BGENL623-23_r_1.3_s_50	Hydrophorus signiferus	0	BGENL623-23	1.3	50	False	False	14802038	1240	442	1536	20.0	133.0	62.533203125	59.0	Naturalis Biodiversity Center	1	6
0	0	data/BGE00170_MGE-BGE_r1_1.3_1.5_s50_100.fasta	None	Dolichopodidae	BLAST	family	COI-5P	657	1536	Dolichopodidae,Syrphidae,Drosophilidae,Sphaeroceridae,Tephritidae	BGENL623-23_r_1.3_s_100	Hydrophorus signiferus	0	BGENL623-23	1.3	100	False	False	14802038	833	442	1536	15.0	101.0	50.3984375	49.0	Naturalis Biodiversity Center	1	6
0	0	data/BGE00170_MGE-BGE_r1_1.3_1.5_s50_100.fasta	None	Dolichopodidae	BLAST	family	COI-5P	657	1536	Dolichopodidae,Syrphidae,Drosophilidae,Sphaeroceridae,Tephritidae	BGENL623-23_r_1.5_s_50	Hydrophorus signiferus	0	BGENL623-23	1.5	50	False	False	14802038	1127	442	1536	18.0	108.0	57.765625	53.5	Naturalis Biodiversity Center	1	6
0	0	data/BGE00170_MGE-BGE_r1_1.3_1.5_s50_100.fasta	None	Dolichopodidae	BLAST	family	COI-5P	657	1536	Dolichopodidae,Syrphidae,Drosophilidae,Sphaeroceridae,Tephritidae	BGENL623-23_r_1.5_s_100	Hydrophorus signiferus	0	BGENL623-23	1.5	100	False	False	14802038	792	442	1536	15.0	96.0	47.900390625	45.0	Naturalis Biodiversity Center	1	6
0	0	data/BGE00170_MGE-BGE_r1_1.3_1.5_s50_100.fasta	None	Dolichopodidae	BLAST	family	COI-5P	657	1536	Dolichopodidae,Syrphidae,Drosophilidae,Tephritidae	BGENL624-23_r_1_s_50	Hydrophorus signiferus	0	BGENL624-23	1	50	False	False	11954588	5582	71	1536	123.0	441.0	275.11328125	275.0	Naturalis Biodiversity Center	1	6
0	0	data/BGE00170_MGE-BGE_r1_1.3_1.5_s50_100.fasta	None	Dolichopodidae	BLAST	family	COI-5P	657	1536	Dolichopodidae,Syrphidae,Drosophilidae,Tephritidae	BGENL624-23_r_1_s_100	Hydrophorus signiferus	0	BGENL624-23	1	100	False	False	11954588	3702	71	1536	61.0	359.0	216.755859375	212.5	Naturalis Biodiversity Center	1	6
0	0	data/BGE00170_MGE-BGE_r1_1.3_1.5_s50_100.fasta	None	Dolichopodidae	BLAST	family	COI-5P	657	1536	Dolichopodidae,Syrphidae,Drosophilidae,Tephritidae	BGENL624-23_r_1.3_s_50	Hydrophorus signiferus	0	BGENL624-23	1.3	50	False	False	11954588	5471	71	1536	118.0	436.0	270.876953125	271.5	Naturalis Biodiversity Center	1	6
0	0	data/BGE00170_MGE-BGE_r1_1.3_1.5_s50_100.fasta	None	Dolichopodidae	BLAST	family	COI-5P	657	1536	Dolichopodidae,Syrphidae,Drosophilidae,Tephritidae	BGENL624-23_r_1.3_s_100	Hydrophorus signiferus	0	BGENL624-23	1.3	100	False	False	11954588	3697	71	1536	61.0	359.0	216.373046875	210.5	Naturalis Biodiversity Center	1	6
0	0	data/BGE00170_MGE-BGE_r1_1.3_1.5_s50_100.fasta	None	Dolichopodidae	BLAST	family	COI-5P	657	1536	Dolichopodidae,Syrphidae,Drosophilidae,Tephritidae	BGENL624-23_r_1.5_s_50	Hydrophorus signiferus	0	BGENL624-23	1.5	50	False	False	11954588	5225	71	1536	118.0	434.0	261.18359375	261.0	Naturalis Biodiversity Center	1	6
0	0	data/BGE00170_MGE-BGE_r1_1.3_1.5_s50_100.fasta	None	Dolichopodidae	BLAST	family	COI-5P	657	1536	Dolichopodidae,Syrphidae,Drosophilidae,Tephritidae	BGENL624-23_r_1.5_s_100	Hydrophorus signiferus	0	BGENL624-23	1.5	100	False	False	11954588	3636	71	1536	61.0	351.0	212.765625	205.0	Naturalis Biodiversity Center	1	6
1	1	data/BGE00170_MGE-BGE_r1_1.3_1.5_s50_100.fasta	None	Dolichopodidae	BLAST	family	COI-5P	655	1530	Dolichopodidae,Drosophilidae,Sphaeroceridae,Ulidiidae	BGENL625-23_r_1_s_50	Medetera plumbella	0	BGENL625-23	1	50	False	False	16803230	7323	264	1530	35.0	629.0	474.2274509803922	464.5	Naturalis Biodiversity Center	1	6
1	1	data/BGE00170_MGE-BGE_r1_1.3_1.5_s50_100.fasta	None	Dolichopodidae	BLAST	family	COI-5P	655	1530	Dolichopodidae,Drosophilidae,Sphaeroceridae,Ulidiidae	BGENL625-23_r_1_s_100	Medetera plumbella	0	BGENL625-23	1	100	False	False	16803230	6020	264	1530	19.0	585.0	435.72352941176473	427.5	Naturalis Biodiversity Center	1	6
1	1	data/BGE00170_MGE-BGE_r1_1.3_1.5_s50_100.fasta	None	Dolichopodidae	BLAST	family	COI-5P	655	1530	Dolichopodidae,Drosophilidae,Sphaeroceridae,Ulidiidae	BGENL625-23_r_1.3_s_50	Medetera plumbella	0	BGENL625-23	1.3	50	False	False	16803230	7177	264	1530	35.0	610.0	468.9235294117647	459.0	Naturalis Biodiversity Center	1	6
1	1	data/BGE00170_MGE-BGE_r1_1.3_1.5_s50_100.fasta	None	Dolichopodidae	BLAST	family	COI-5P	655	1530	Dolichopodidae,Drosophilidae,Sphaeroceridae,Ulidiidae	BGENL625-23_r_1.3_s_100	Medetera plumbella	0	BGENL625-23	1.3	100	False	False	16803230	6002	264	1530	19.0	585.0	434.5176470588235	426.0	Naturalis Biodiversity Center	1	6
1	1	data/BGE00170_MGE-BGE_r1_1.3_1.5_s50_100.fasta	None	Dolichopodidae	BLAST	family	COI-5P	655	1530	Dolichopodidae,Drosophilidae,Sphaeroceridae,Ulidiidae	BGENL625-23_r_1.5_s_50	Medetera plumbella	0	BGENL625-23	1.5	50	False	False	16803230	6787	264	1530	35.0	603.0	448.1	445.5	Naturalis Biodiversity Center	1	6
0	0	data/BGE00170_MGE-BGE_r1_1.3_1.5_s50_100.fasta	None	Dolichopodidae	BLAST	family	COI-5P	655	1530	Dolichopodidae,Drosophilidae,Sphaeroceridae,Ulidiidae	BGENL625-23_r_1.5_s_100	Medetera plumbella	0	BGENL625-23	1.5	100	False	False	16803230	5770	264	1530	19.0	581.0	418.6921568627451	417.0	Naturalis Biodiversity Center	1	6
0	1	data/BGE00170_MGE-BGE_r1_1.3_1.5_s50_100.fasta	None	Dolichopodidae	BLAST	family	COI-5P	655	1530	Dolichopodidae,Drosophilidae,Sphaeroceridae,Ulidiidae	BGENL626-23_r_1_s_50	Medetera plumbella	0	BGENL626-23	1	50	False	False	12290537	5455	4	1530	14.0	384.0	290.82941176470587	295.0	Naturalis Biodiversity Center	1	6
0	1	data/BGE00170_MGE-BGE_r1_1.3_1.5_s50_100.fasta	None	Dolichopodidae	BLAST	family	COI-5P	655	1530	Dolichopodidae,Drosophilidae,Sphaeroceridae	BGENL626-23_r_1_s_100	Medetera plumbella	0	BGENL626-23	1	100	False	False	12290537	3954	4	1530	7.0	346.0	244.94117647058823	256.0	Naturalis Biodiversity Center	1	6
0	0	data/BGE00170_MGE-BGE_r1_1.3_1.5_s50_100.fasta	None	Dolichopodidae	BLAST	family	COI-5P	655	1530	Dolichopodidae,Drosophilidae,Sphaeroceridae,Ulidiidae	BGENL626-23_r_1.3_s_50	Medetera plumbella	0	BGENL626-23	1.3	50	False	False	12290537	5362	4	1530	14.0	377.0	286.9294117647059	292.0	Naturalis Biodiversity Center	1	6
0	1	data/BGE00170_MGE-BGE_r1_1.3_1.5_s50_100.fasta	None	Dolichopodidae	BLAST	family	COI-5P	655	1530	Dolichopodidae,Drosophilidae,Sphaeroceridae	BGENL626-23_r_1.3_s_100	Medetera plumbella	0	BGENL626-23	1.3	100	False	False	12290537	3939	4	1530	7.0	344.0	243.73333333333332	255.5	Naturalis Biodiversity Center	1	6
0	0	data/BGE00170_MGE-BGE_r1_1.3_1.5_s50_100.fasta	None	Dolichopodidae	BLAST	family	COI-5P	655	1530	Dolichopodidae,Drosophilidae,Sphaeroceridae,Ulidiidae	BGENL626-23_r_1.5_s_50	Medetera plumbella	0	BGENL626-23	1.5	50	False	False	12290537	4982	4	1530	14.0	368.0	268.28627450980395	268.0	Naturalis Biodiversity Center	1	6
0	1	data/BGE00170_MGE-BGE_r1_1.3_1.5_s50_100.fasta	None	Dolichopodidae	BLAST	family	COI-5P	655	1530	Dolichopodidae,Drosophilidae,Sphaeroceridae,Ulidiidae	BGENL626-23_r_1.5_s_100	Medetera plumbella	0	BGENL626-23	1.5	100	False	False	12290537	3736	4	1530	7.0	344.0	230.87450980392157	234.5	Naturalis Biodiversity Center	1	6
0	0	data/BGE00170_MGE-BGE_r1_1.3_1.5_s50_100.fasta	None	Dolichopodidae	BLAST	family	COI-5P	655	1530	Dolichopodidae,Drosophilidae,Sphaeroceridae,Ulidiidae	BGENL627-23_r_1_s_50	Medetera plumbella	0	BGENL627-23	1	50	False	False	20447464	12327	366	1530	34.0	1020.0	784.1196078431373	786.5	Naturalis Biodiversity Center	1	6
0	0	data/BGE00170_MGE-BGE_r1_1.3_1.5_s50_100.fasta	None	Dolichopodidae	BLAST	family	COI-5P	655	1530	Dolichopodidae,Drosophilidae,Sphaeroceridae,Ulidiidae	BGENL627-23_r_1_s_100	Medetera plumbella	0	BGENL627-23	1	100	False	False	20447464	10086	366	1530	22.0	958.0	718.6960784313726	718.0	Naturalis Biodiversity Center	1	6
0	0	data/BGE00170_MGE-BGE_r1_1.3_1.5_s50_100.fasta	None	Dolichopodidae	BLAST	family	COI-5P	655	1530	Dolichopodidae,Drosophilidae,Sphaeroceridae,Ulidiidae	BGENL627-23_r_1.3_s_50	Medetera plumbella	0	BGENL627-23	1.3	50	False	False	20447464	12142	366	1530	34.0	1010.0	776.9058823529411	781.0	Naturalis Biodiversity Center	1	6
0	0	data/BGE00170_MGE-BGE_r1_1.3_1.5_s50_100.fasta	None	Dolichopodidae	BLAST	family	COI-5P	655	1530	Dolichopodidae,Drosophilidae,Sphaeroceridae,Ulidiidae	BGENL627-23_r_1.3_s_100	Medetera plumbella	0	BGENL627-23	1.3	100	False	False	20447464	10059	366	1530	22.0	954.0	716.6019607843137	715.5	Naturalis Biodiversity Center	1	6
0	0	data/BGE00170_MGE-BGE_r1_1.3_1.5_s50_100.fasta	None	Dolichopodidae	BLAST	family	COI-5P	655	1530	Dolichopodidae,Drosophilidae,Sphaeroceridae,Ulidiidae	BGENL627-23_r_1.5_s_50	Medetera plumbella	0	BGENL627-23	1.5	50	False	False	20447464	11575	366	1530	33.0	985.0	746.4549019607844	742.5	Naturalis Biodiversity Center	1	6
0	1	data/BGE00170_MGE-BGE_r1_1.3_1.5_s50_100.fasta	None	Dolichopodidae	BLAST	family	COI-5P	655	1530	Dolichopodidae,Drosophilidae,Sphaeroceridae,Ulidiidae	BGENL627-23_r_1.5_s_100	Medetera plumbella	0	BGENL627-23	1.5	100	False	False	20447464	9729	366	1530	21.0	933.0	693.6235294117647	689.5	Naturalis Biodiversity Center	1	6
1	1	data/BGE00170_MGE-BGE_r1_1.3_1.5_s50_100.fasta	None	Dolichopodidae	BLAST	family	COI-5P	657	1536	Dolichopodidae,Drosophilidae	BGENL628-23_r_1_s_50	Melanostolus melancholicus	0	BGENL628-23	1	50	False	False	14335042	3001	375	1536	3.0	260.0	180.28125	177.0	Naturalis Biodiversity Center	1	6
1	2	data/BGE00170_MGE-BGE_r1_1.3_1.5_s50_100.fasta	None	Dolichopodidae	BLAST	family	COI-5P	657	1536	Dolichopodidae,Drosophilidae	BGENL628-23_r_1_s_100	Melanostolus melancholicus	0	BGENL628-23	1	100	False	False	14335042	2275	375	1536	2.0	228.0	157.8984375	161.0	Naturalis Biodiversity Center	1	6
1	1	data/BGE00170_MGE-BGE_r1_1.3_1.5_s50_100.fasta	None	Dolichopodidae	BLAST	family	COI-5P	657	1536	Dolichopodidae,Drosophilidae	BGENL628-23_r_1.3_s_50	Melanostolus melancholicus	0	BGENL628-23	1.3	50	False	False	14335042	2842	375	1536	3.0	241.0	174.212890625	173.0	Naturalis Biodiversity Center	1	6
1	2	data/BGE00170_MGE-BGE_r1_1.3_1.5_s50_100.fasta	None	Dolichopodidae	BLAST	family	COI-5P	657	1536	Dolichopodidae,Drosophilidae	BGENL628-23_r_1.3_s_100	Melanostolus melancholicus	0	BGENL628-23	1.3	100	False	False	14335042	2257	375	1536	2.0	223.0	156.353515625	159.0	Naturalis Biodiversity Center	1	6
0	1	data/BGE00170_MGE-BGE_r1_1.3_1.5_s50_100.fasta	None	Dolichopodidae	BLAST	family	COI-5P	657	1536	Dolichopodidae,Drosophilidae	BGENL628-23_r_1.5_s_50	Melanostolus melancholicus	0	BGENL628-23	1.5	50	False	False	14335042	2543	375	1536	2.0	235.0	158.751953125	162.0	Naturalis Biodiversity Center	1	6
0	0	data/BGE00170_MGE-BGE_r1_1.3_1.5_s50_100.fasta	None	Dolichopodidae	BLAST	family	COI-5P	657	1536	Dolichopodidae,Drosophilidae	BGENL628-23_r_1.5_s_100	Melanostolus melancholicus	0	BGENL628-23	1.5	100	False	False	14335042	2090	375	1536	1.0	204.0	145.09765625	148.5	Naturalis Biodiversity Center	1	6
29	48	data/BGE00170_MGE-BGE_r1_1.3_1.5_s50_100.fasta	None	Dolichopodidae	BLAST	family	COI-5P	656	1533	Empididae,Dolichopodidae,Pipunculidae,Drosophilidae	BGENL629-23_r_1_s_50	Melanostolus melancholicus	0	BGENL629-23	1	50	False	False	8150083	1382	249	1536	0.0	136.0	64.935546875	63.0	Naturalis Biodiversity Center	1	6
30	43	data/BGE00170_MGE-BGE_r1_1.3_1.5_s50_100.fasta	None	Dolichopodidae	BLAST	family	COI-5P	656	1524	Empididae,Sarcophagidae	BGENL629-23_r_1_s_100	Melanostolus melancholicus	0	BGENL629-23	1	100	False	False	8150083	747	249	1536	0.0	103.0	44.234375	42.0	Naturalis Biodiversity Center	1	6
16	25	data/BGE00170_MGE-BGE_r1_1.3_1.5_s50_100.fasta	None	Dolichopodidae	BLAST	family	COI-5P	656	1533	Empididae,Dolichopodidae,Drosophilidae,Sphaeroceridae	BGENL629-23_r_1.3_s_50	Melanostolus melancholicus	0	BGENL629-23	1.3	50	False	False	8150083	1174	249	1536	0.0	114.0	53.515625	50.0	Naturalis Biodiversity Center	1	6
13	25	data/BGE00170_MGE-BGE_r1_1.3_1.5_s50_100.fasta	None	Dolichopodidae	BLAST	family	COI-5P	656	1524	Empididae,Syrphidae,Sarcophagidae	BGENL629-23_r_1.3_s_100	Melanostolus melancholicus	0	BGENL629-23	1.3	100	False	False	8150083	662	249	1536	0.0	88.0	37.326171875	36.0	Naturalis Biodiversity Center	1	6
6	8	data/BGE00170_MGE-BGE_r1_1.3_1.5_s50_100.fasta	None	Dolichopodidae	BLAST	family	COI-5P	656	1533	Dolichopodidae,Drosophilidae,Sphaeroceridae	BGENL629-23_r_1.5_s_50	Melanostolus melancholicus	0	BGENL629-23	1.5	50	False	False	8150083	950	249	1536	0.0	99.0	42.595703125	40.5	Naturalis Biodiversity Center	1	6
6	11	data/BGE00170_MGE-BGE_r1_1.3_1.5_s50_100.fasta	None	Dolichopodidae	BLAST	family	COI-5P	656	1515	Dolichopodidae,Drosophilidae	BGENL629-23_r_1.5_s_100	Melanostolus melancholicus	0	BGENL629-23	1.5	100	False	False	8150083	548	249	1536	0.0	77.0	30.130859375	28.0	Naturalis Biodiversity Center	1	6
7	60	data/BGE00170_MGE-BGE_r1_1.3_1.5_s50_100.fasta	None	Dolichopodidae	BLAST	family	COI-5P	638	1509	Tettigoniidae,Culicidae,Syrphidae,Sarcophagidae,Vespidae	BGENL630-23_r_1_s_50	Melanostolus melancholicus	0	BGENL630-23	1	50	False	False	926390	132	24	1536	0.0	20.0	8.23828125	8.0	Naturalis Biodiversity Center	1	6
7	62	data/BGE00170_MGE-BGE_r1_1.3_1.5_s50_100.fasta	None	Dolichopodidae	BLAST	family	COI-5P	638	1509	Tettigoniidae,Dolichopodidae,Syrphidae,Vespidae	BGENL630-23_r_1_s_100	Melanostolus melancholicus	0	BGENL630-23	1	100	False	False	926390	78	24	1536	0.0	15.0	6.4296875	6.0	Naturalis Biodiversity Center	1	6
7	33	data/BGE00170_MGE-BGE_r1_1.3_1.5_s50_100.fasta	None	Dolichopodidae	BLAST	family	COI-5P	620	1476	Sphaeroceridae,Tephritidae,Calliphoridae,Sarcophagidae	BGENL630-23_r_1.3_s_50	Melanostolus melancholicus	0	BGENL630-23	1.3	50	False	False	926390	89	24	1536	0.0	18.0	5.484375	6.0	Naturalis Biodiversity Center	1	6
7	36	data/BGE00170_MGE-BGE_r1_1.3_1.5_s50_100.fasta	None	Dolichopodidae	BLAST	family	COI-5P	620	1467	Calliphoridae,Sarcophagidae	BGENL630-23_r_1.3_s_100	Melanostolus melancholicus	0	BGENL630-23	1.3	100	False	False	926390	58	24	1536	0.0	14.0	4.5625	4.0	Naturalis Biodiversity Center	1	6
7	31	data/BGE00170_MGE-BGE_r1_1.3_1.5_s50_100.fasta	None	Dolichopodidae	BLAST	family	COI-5P	518	1365	Sphaeroceridae,Tephritidae	BGENL630-23_r_1.5_s_50	Melanostolus melancholicus	0	BGENL630-23	1.5	50	False	False	926390	63	24	1536	0.0	12.0	3.630859375	3.0	Naturalis Biodiversity Center	1	6
7	36	data/BGE00170_MGE-BGE_r1_1.3_1.5_s50_100.fasta	None	Dolichopodidae	BLAST	family	COI-5P	374	1236	Dolichopodidae,Tephritidae	BGENL630-23_r_1.5_s_100	Melanostolus melancholicus	0	BGENL630-23	1.5	100	False	False	926390	39	24	1536	0.0	8.0	2.962890625	2.0	Naturalis Biodiversity Center	1	6
17	26	data/BGE00170_MGE-BGE_r1_1.3_1.5_s50_100.fasta	None	Dolichopodidae	BLAST	family	COI-5P	481	1380	Enicocephalidae,Dolichopodidae,Anthomyzidae,Apidae,Agaonidae,Geometridae	BGENL631-23_r_1_s_50	Muscidideicus praetextatus	0	BGENL631-23	1	50	False	False	424892	126	131	1536	0.0	22.0	9.021484375	9.0	Naturalis Biodiversity Center	1	6
17	27	data/BGE00170_MGE-BGE_r1_1.3_1.5_s50_100.fasta	None	Dolichopodidae	BLAST	family	COI-5P	493	1335	Dolichopodidae,Syrphidae,Anthomyzidae,Tephritidae,Agaonidae,Geometridae,Hemerobiidae	BGENL631-23_r_1_s_100	Muscidideicus praetextatus	0	BGENL631-23	1	100	False	False	424892	110	131	1536	0.0	22.0	8.541015625	8.5	Naturalis Biodiversity Center	1	6
26	30	data/BGE00170_MGE-BGE_r1_1.3_1.5_s50_100.fasta	None	Dolichopodidae	BLAST	family	COI-5P	507	1077	Cerambycidae,Muscidae	BGENL631-23_r_1.3_s_50	Muscidideicus praetextatus	0	BGENL631-23	1.3	50	False	False	424892	67	131	1536	0.0	14.0	3.78125	2.0	Naturalis Biodiversity Center	1	6
25	29	data/BGE00170_MGE-BGE_r1_1.3_1.5_s50_100.fasta	None	Dolichopodidae	BLAST	family	COI-5P	508	1032	Cerambycidae,Muscidae	BGENL631-23_r_1.3_s_100	Muscidideicus praetextatus	0	BGENL631-23	1.3	100	False	False	424892	52	131	1536	0.0	12.0	3.34765625	2.0	Naturalis Biodiversity Center	1	6
7	7	data/BGE00170_MGE-BGE_r1_1.3_1.5_s50_100.fasta	None	Dolichopodidae	BLAST	family	COI-5P	450	948	Dolichopodidae,Syrphidae,Agromyzidae	BGENL631-23_r_1.5_s_50	Muscidideicus praetextatus	0	BGENL631-23	1.5	50	False	False	424892	52	131	1536	0.0	14.0	2.712890625	2.0	Naturalis Biodiversity Center	1	6
7	7	data/BGE00170_MGE-BGE_r1_1.3_1.5_s50_100.fasta	None	Dolichopodidae	BLAST	family	COI-5P	451	903	Dolichopodidae,Syrphidae,Agromyzidae	BGENL631-23_r_1.5_s_100	Muscidideicus praetextatus	0	BGENL631-23	1.5	100	False	False	424892	38	131	1536	0.0	10.0	2.302734375	2.0	Naturalis Biodiversity Center	1	6
8	10	data/BGE00170_MGE-BGE_r1_1.3_1.5_s50_100.fasta	None	Dolichopodidae	BLAST	family	COI-5P	657	1536	Dolichopodidae	BGENL632-23_r_1_s_50	Muscidideicus praetextatus	0	BGENL632-23	1	50	False	False	9888589	669	22	1536	8.0	80.0	31.25390625	30.0	Naturalis Biodiversity Center	1	6
13	13	data/BGE00170_MGE-BGE_r1_1.3_1.5_s50_100.fasta	None	Dolichopodidae	BLAST	family	COI-5P	657	1536	Dolichopodidae,Drosophilidae	BGENL632-23_r_1_s_100	Muscidideicus praetextatus	0	BGENL632-23	1	100	False	False	9888589	391	22	1536	6.0	60.0	23.34375	22.0	Naturalis Biodiversity Center	1	6
2	4	data/BGE00170_MGE-BGE_r1_1.3_1.5_s50_100.fasta	None	Dolichopodidae	BLAST	family	COI-5P	657	1536	Dolichopodidae	BGENL632-23_r_1.3_s_50	Muscidideicus praetextatus	0	BGENL632-23	1.3	50	False	False	9888589	598	22	1536	6.0	75.0	28.224609375	27.0	Naturalis Biodiversity Center	1	6
4	4	data/BGE00170_MGE-BGE_r1_1.3_1.5_s50_100.fasta	None	Dolichopodidae	BLAST	family	COI-5P	657	1536	Dolichopodidae	BGENL632-23_r_1.3_s_100	Muscidideicus praetextatus	0	BGENL632-23	1.3	100	False	False	9888589	372	22	1536	4.0	55.0	21.837890625	20.0	Naturalis Biodiversity Center	1	6
3	3	data/BGE00170_MGE-BGE_r1_1.3_1.5_s50_100.fasta	None	Dolichopodidae	BLAST	family	COI-5P	657	1536	Dolichopodidae	BGENL632-23_r_1.5_s_50	Muscidideicus praetextatus	0	BGENL632-23	1.5	50	False	False	9888589	535	22	1536	6.0	75.0	25.767578125	24.0	Naturalis Biodiversity Center	1	6
1	1	data/BGE00170_MGE-BGE_r1_1.3_1.5_s50_100.fasta	None	Dolichopodidae	BLAST	family	COI-5P	657	1536	Dolichopodidae	BGENL632-23_r_1.5_s_100	Muscidideicus praetextatus	0	BGENL632-23	1.5	100	False	False	9888589	346	22	1536	4.0	55.0	20.42578125	18.0	Naturalis Biodiversity Center	1	6
16	30	data/BGE00170_MGE-BGE_r1_1.3_1.5_s50_100.fasta	None	Dolichopodidae	BLAST	family	COI-5P	657	1536	Dolichopodidae	BGENL633-23_r_1_s_50	Muscidideicus praetextatus	0	BGENL633-23	1	50	False	False	9469802	634	3	1536	1.0	56.0	27.400390625	28.0	Naturalis Biodiversity Center	1	6
13	20	data/BGE00170_MGE-BGE_r1_1.3_1.5_s50_100.fasta	None	Dolichopodidae	BLAST	family	COI-5P	657	1536	Dolichopodidae,Drosophilidae	BGENL633-23_r_1_s_100	Muscidideicus praetextatus	0	BGENL633-23	1	100	False	False	9469802	309	3	1536	1.0	42.0	17.6796875	18.0	Naturalis Biodiversity Center	1	6
9	13	data/BGE00170_MGE-BGE_r1_1.3_1.5_s50_100.fasta	None	Dolichopodidae	BLAST	family	COI-5P	651	1530	Dolichopodidae	BGENL633-23_r_1.3_s_50	Muscidideicus praetextatus	0	BGENL633-23	1.3	50	False	False	9469802	549	3	1536	0.0	55.0	23.171875	24.0	Naturalis Biodiversity Center	1	6
9	11	data/BGE00170_MGE-BGE_r1_1.3_1.5_s50_100.fasta	None	Dolichopodidae	BLAST	family	COI-5P	555	1434	Dolichopodidae,Drosophilidae,Sphaeroceridae	BGENL633-23_r_1.3_s_100	Muscidideicus praetextatus	0	BGENL633-23	1.3	100	False	False	9469802	283	3	1536	0.0	41.0	15.4140625	16.0	Naturalis Biodiversity Center	1	6
9	10	data/BGE00170_MGE-BGE_r1_1.3_1.5_s50_100.fasta	None	Dolichopodidae	BLAST	family	COI-5P	648	1527	Dolichopodidae	BGENL633-23_r_1.5_s_50	Muscidideicus praetextatus	0	BGENL633-23	1.5	50	False	False	9469802	481	3	1536	0.0	53.0	19.810546875	19.0	Naturalis Biodiversity Center	1	6
5	6	data/BGE00170_MGE-BGE_r1_1.3_1.5_s50_100.fasta	None	Dolichopodidae	BLAST	family	COI-5P	549	1428	Dolichopodidae,Drosophilidae,Sphaeroceridae	BGENL633-23_r_1.5_s_100	Muscidideicus praetextatus	0	BGENL633-23	1.5	100	False	False	9469802	250	3	1536	0.0	41.0	13.224609375	13.5	Naturalis Biodiversity Center	1	6
4	20	data/BGE00170_MGE-BGE_r1_1.3_1.5_s50_100.fasta	None	Dolichopodidae	BLAST	family	COI-5P	657	1536	Dolichopodidae,Syrphidae,Drosophilidae,Ephydridae	BGENL634-23_r_1_s_50	Orthoceratium sabulosum	0	BGENL634-23	1	50	False	False	9299947	667	330	1536	2.0	78.0	26.396484375	24.0	Naturalis Biodiversity Center	1	6
15	47	data/BGE00170_MGE-BGE_r1_1.3_1.5_s50_100.fasta	None	Dolichopodidae	BLAST	family	COI-5P	552	1407	Syrphidae,Drosophilidae,Muscidae	BGENL634-23_r_1_s_100	Orthoceratium sabulosum	0	BGENL634-23	1	100	False	False	9299947	256	330	1536	0.0	40.0	13.484375	11.0	Naturalis Biodiversity Center	1	6
4	14	data/BGE00170_MGE-BGE_r1_1.3_1.5_s50_100.fasta	None	Dolichopodidae	BLAST	family	COI-5P	657	1536	Dolichopodidae,Syrphidae,Drosophilidae,Ephydridae,Muscidae	BGENL634-23_r_1.3_s_50	Orthoceratium sabulosum	0	BGENL634-23	1.3	50	False	False	9299947	574	330	1536	2.0	58.0	22.43359375	22.0	Naturalis Biodiversity Center	1	6
18	30	data/BGE00170_MGE-BGE_r1_1.3_1.5_s50_100.fasta	None	Dolichopodidae	BLAST	family	COI-5P	531	1386	Syrphidae,Drosophilidae,Muscidae,Stratiomyidae	BGENL634-23_r_1.3_s_100	Orthoceratium sabulosum	0	BGENL634-23	1.3	100	False	False	9299947	236	330	1536	0.0	36.0	12.158203125	10.0	Naturalis Biodiversity Center	1	6
6	9	data/BGE00170_MGE-BGE_r1_1.3_1.5_s50_100.fasta	None	Dolichopodidae	BLAST	family	COI-5P	609	1488	Dolichopodidae,Syrphidae,Drosophilidae,Ephydridae,Agromyzidae,Muscidae	BGENL634-23_r_1.5_s_50	Orthoceratium sabulosum	0	BGENL634-23	1.5	50	False	False	9299947	440	330	1536	0.0	38.0	17.13671875	18.0	Naturalis Biodiversity Center	1	6
18	25	data/BGE00170_MGE-BGE_r1_1.3_1.5_s50_100.fasta	None	Dolichopodidae	BLAST	family	COI-5P	498	1353	Syrphidae,Drosophilidae,Muscidae,Tachinidae	BGENL634-23_r_1.5_s_100	Orthoceratium sabulosum	0	BGENL634-23	1.5	100	False	False	9299947	200	330	1536	0.0	27.0	10.09765625	8.0	Naturalis Biodiversity Center	1	6
6	50	data/BGE00170_MGE-BGE_r1_1.3_1.5_s50_100.fasta	None	Dolichopodidae	BLAST	family	COI-5P	481	1077	Blattellidae,Carabidae,Nitidulidae,Curculionidae,Tephritidae,Saturniidae	BGENL635-23_r_1_s_50	Orthoceratium sabulosum	0	BGENL635-23	1	50	False	False	973175	99	45	1536	0.0	26.0	4.59375	3.0	Naturalis Biodiversity Center	1	6
7	22	data/BGE00170_MGE-BGE_r1_1.3_1.5_s50_100.fasta	None	Dolichopodidae	BLAST	family	COI-5P	418	837	Tortricidae	BGENL635-23_r_1_s_100	Orthoceratium sabulosum	0	BGENL635-23	1	100	False	False	973175	35	45	1536	0.0	15.0	2.220703125	2.0	Naturalis Biodiversity Center	1	6
7	10	data/BGE00170_MGE-BGE_r1_1.3_1.5_s50_100.fasta	None	Dolichopodidae	BLAST	family	COI-5P	265	798	Tortricidae	BGENL635-23_r_1.3_s_50	Orthoceratium sabulosum	0	BGENL635-23	1.3	50	False	False	973175	48	45	1536	0.0	21.0	2.130859375	1.0	Naturalis Biodiversity Center	1	6
7	9	data/BGE00170_MGE-BGE_r1_1.3_1.5_s50_100.fasta	None	Dolichopodidae	BLAST	family	COI-5P	257	597	Tortricidae	BGENL635-23_r_1.3_s_100	Orthoceratium sabulosum	0	BGENL635-23	1.3	100	False	False	973175	22	45	1536	0.0	11.0	1.27734375	0.0	Naturalis Biodiversity Center	1	6
1	3	data/BGE00170_MGE-BGE_r1_1.3_1.5_s50_100.fasta	None	Dolichopodidae	BLAST	family	COI-5P	191	447	Carabidae,Sesiidae,Nymphalidae	BGENL635-23_r_1.5_s_50	Orthoceratium sabulosum	0	BGENL635-23	1.5	50	False	False	973175	32	45	1536	0.0	20.0	1.30859375	0.0	Naturalis Biodiversity Center	1	6
1	4	data/BGE00170_MGE-BGE_r1_1.3_1.5_s50_100.fasta	None	Dolichopodidae	BLAST	family	COI-5P	191	309	Carabidae,Buprestidae,Sesiidae,Nymphalidae,Geometridae	BGENL635-23_r_1.5_s_100	Orthoceratium sabulosum	0	BGENL635-23	1.5	100	False	False	973175	16	45	1536	0.0	10.0	0.845703125	0.0	Naturalis Biodiversity Center	1	6
11	29	data/BGE00170_MGE-BGE_r1_1.3_1.5_s50_100.fasta	None	Dolichopodidae	BLAST	family	COI-5P	607	1314	Buprestidae,Dolichopodidae,Phoridae,Syrphidae,Tachinidae,Rhagionidae,Lycaenidae,Crambidae,Pterophoridae	BGENL636-23_r_1_s_50	Orthoceratium sabulosum	0	BGENL636-23	1	50	False	False	2645347	189	24	1536	0.0	38.0	8.138671875	6.0	Naturalis Biodiversity Center	1	6
0	6	data/BGE00170_MGE-BGE_r1_1.3_1.5_s50_100.fasta	None	Dolichopodidae	BLAST	family	COI-5P	484	1113	Buprestidae,Hybotidae,Syrphidae,Tephritidae,Calliphoridae,Tachinidae	BGENL636-23_r_1_s_100	Orthoceratium sabulosum	0	BGENL636-23	1	100	False	False	2645347	70	24	1536	0.0	30.0	4.32421875	2.0	Naturalis Biodiversity Center	1	6
18	34	data/BGE00170_MGE-BGE_r1_1.3_1.5_s50_100.fasta	None	Dolichopodidae	BLAST	family	COI-5P	517	1047	Buprestidae,Dolichopodidae,Syrphidae,Tephritidae,Tachinidae	BGENL636-23_r_1.3_s_50	Orthoceratium sabulosum	0	BGENL636-23	1.3	50	False	False	2645347	145	24	1536	0.0	34.0	5.763671875	4.0	Naturalis Biodiversity Center	1	6
0	0	data/BGE00170_MGE-BGE_r1_1.3_1.5_s50_100.fasta	None	Dolichopodidae	BLAST	family	COI-5P	242	705	Buprestidae,Hybotidae,Syrphidae,Tephritidae,Calliphoridae,Tachinidae	BGENL636-23_r_1.3_s_100	Orthoceratium sabulosum	0	BGENL636-23	1.3	100	False	False	2645347	55	24	1536	0.0	30.0	2.978515625	0.0	Naturalis Biodiversity Center	1	6
9	14	data/BGE00170_MGE-BGE_r1_1.3_1.5_s50_100.fasta	None	Dolichopodidae	BLAST	family	COI-5P	232	759	Buprestidae,Syrphidae,Tephritidae,Anthomyiidae,Calliphoridae,Tachinidae,Papilionidae	BGENL636-23_r_1.5_s_50	Orthoceratium sabulosum	0	BGENL636-23	1.5	50	False	False	2645347	88	24	1536	0.0	30.0	3.20703125	0.0	Naturalis Biodiversity Center	1	6
0	0	data/BGE00170_MGE-BGE_r1_1.3_1.5_s50_100.fasta	None	Dolichopodidae	BLAST	family	COI-5P	164	462	Buprestidae,Syrphidae,Tephritidae,Tachinidae	BGENL636-23_r_1.5_s_100	Orthoceratium sabulosum	0	BGENL636-23	1.5	100	False	False	2645347	38	24	1536	0.0	26.0	1.84765625	0.0	Naturalis Biodiversity Center	1	6
0	0	data/BGE00170_MGE-BGE_r1_1.3_1.5_s50_100.fasta	None	Dolichopodidae	BLAST	family	COI-5P	656	1536	Empididae,Dolichopodidae,Drosophilidae	BGENL637-23_r_1_s_50	Rhaphium antennatum	0	BGENL637-23	1	50	False	False	12655245	2135	5	1536	2.0	222.0	98.064453125	94.0	Naturalis Biodiversity Center	1	6
0	0	data/BGE00170_MGE-BGE_r1_1.3_1.5_s50_100.fasta	None	Dolichopodidae	BLAST	family	COI-5P	656	1533	Empididae,Dolichopodidae,Drosophilidae	BGENL637-23_r_1_s_100	Rhaphium antennatum	0	BGENL637-23	1	100	False	False	12655245	1278	5	1536	0.0	152.0	72.3203125	67.0	Naturalis Biodiversity Center	1	6
0	0	data/BGE00170_MGE-BGE_r1_1.3_1.5_s50_100.fasta	None	Dolichopodidae	BLAST	family	COI-5P	656	1536	Empididae,Dolichopodidae,Drosophilidae	BGENL637-23_r_1.3_s_50	Rhaphium antennatum	0	BGENL637-23	1.3	50	False	False	12655245	2038	5	1536	2.0	206.0	94.849609375	91.0	Naturalis Biodiversity Center	1	6
0	0	data/BGE00170_MGE-BGE_r1_1.3_1.5_s50_100.fasta	None	Dolichopodidae	BLAST	family	COI-5P	656	1533	Empididae,Dolichopodidae,Drosophilidae	BGENL637-23_r_1.3_s_100	Rhaphium antennatum	0	BGENL637-23	1.3	100	False	False	12655245	1274	5	1536	0.0	152.0	72.060546875	66.0	Naturalis Biodiversity Center	1	6
0	0	data/BGE00170_MGE-BGE_r1_1.3_1.5_s50_100.fasta	None	Dolichopodidae	BLAST	family	COI-5P	656	1533	Empididae,Dolichopodidae,Drosophilidae	BGENL637-23_r_1.5_s_50	Rhaphium antennatum	0	BGENL637-23	1.5	50	False	False	12655245	1880	5	1536	0.0	198.0	87.970703125	85.0	Naturalis Biodiversity Center	1	6
0	0	data/BGE00170_MGE-BGE_r1_1.3_1.5_s50_100.fasta	None	Dolichopodidae	BLAST	family	COI-5P	656	1533	Empididae,Dolichopodidae,Drosophilidae	BGENL637-23_r_1.5_s_100	Rhaphium antennatum	0	BGENL637-23	1.5	100	False	False	12655245	1216	5	1536	0.0	152.0	68.419921875	64.0	Naturalis Biodiversity Center	1	6
0	1	data/BGE00170_MGE-BGE_r1_1.3_1.5_s50_100.fasta	None	Dolichopodidae	BLAST	family	COI-5P	656	1533	Empididae,Dolichopodidae,Drosophilidae	BGENL638-23_r_1_s_50	Rhaphium antennatum	0	BGENL638-23	1	50	False	False	12707187	500	39	1536	0.0	47.0	21.83203125	22.0	Naturalis Biodiversity Center	1	6
0	0	data/BGE00170_MGE-BGE_r1_1.3_1.5_s50_100.fasta	None	Dolichopodidae	BLAST	family	COI-5P	656	1533	Empididae,Dolichopodidae,Drosophilidae	BGENL638-23_r_1_s_100	Rhaphium antennatum	0	BGENL638-23	1	100	False	False	12707187	261	39	1536	0.0	38.0	14.84375	14.0	Naturalis Biodiversity Center	1	6
0	2	data/BGE00170_MGE-BGE_r1_1.3_1.5_s50_100.fasta	None	Dolichopodidae	BLAST	family	COI-5P	656	1533	Empididae,Dolichopodidae,Drosophilidae	BGENL638-23_r_1.3_s_50	Rhaphium antennatum	0	BGENL638-23	1.3	50	False	False	12707187	448	39	1536	0.0	45.0	20.02734375	20.0	Naturalis Biodiversity Center	1	6
0	0	data/BGE00170_MGE-BGE_r1_1.3_1.5_s50_100.fasta	None	Dolichopodidae	BLAST	family	COI-5P	656	1533	Empididae,Dolichopodidae,Drosophilidae	BGENL638-23_r_1.3_s_100	Rhaphium antennatum	0	BGENL638-23	1.3	100	False	False	12707187	254	39	1536	0.0	37.0	14.357421875	14.0	Naturalis Biodiversity Center	1	6
0	0	data/BGE00170_MGE-BGE_r1_1.3_1.5_s50_100.fasta	None	Dolichopodidae	BLAST	family	COI-5P	656	1533	Empididae,Dolichopodidae,Drosophilidae	BGENL638-23_r_1.5_s_50	Rhaphium antennatum	0	BGENL638-23	1.5	50	False	False	12707187	399	39	1536	0.0	40.0	17.88671875	17.0	Naturalis Biodiversity Center	1	6
0	0	data/BGE00170_MGE-BGE_r1_1.3_1.5_s50_100.fasta	None	Dolichopodidae	BLAST	family	COI-5P	656	1533	Empididae,Dolichopodidae,Drosophilidae	BGENL638-23_r_1.5_s_100	Rhaphium antennatum	0	BGENL638-23	1.5	100	False	False	12707187	231	39	1536	0.0	33.0	13.0	12.0	Naturalis Biodiversity Center	1	6
0	0	data/BGE00170_MGE-BGE_r1_1.3_1.5_s50_100.fasta	None	Dolichopodidae	BLAST	family	COI-5P	656	1536	Empididae,Dolichopodidae,Drosophilidae	BGENL639-23_r_1_s_50	Rhaphium antennatum	0	BGENL639-23	1	50	False	False	5992687	1248	39	1536	4.0	103.0	52.359375	46.0	Naturalis Biodiversity Center	1	6
1	4	data/BGE00170_MGE-BGE_r1_1.3_1.5_s50_100.fasta	None	Dolichopodidae	BLAST	family	COI-5P	656	1536	Empididae,Dolichopodidae,Drosophilidae	BGENL639-23_r_1_s_100	Rhaphium antennatum	0	BGENL639-23	1	100	False	False	5992687	643	39	1536	3.0	70.0	34.15625	29.0	Naturalis Biodiversity Center	1	6
0	0	data/BGE00170_MGE-BGE_r1_1.3_1.5_s50_100.fasta	None	Dolichopodidae	BLAST	family	COI-5P	656	1536	Empididae,Dolichopodidae,Drosophilidae	BGENL639-23_r_1.3_s_50	Rhaphium antennatum	0	BGENL639-23	1.3	50	False	False	5992687	1178	39	1536	4.0	103.0	49.06640625	42.0	Naturalis Biodiversity Center	1	6
0	0	data/BGE00170_MGE-BGE_r1_1.3_1.5_s50_100.fasta	None	Dolichopodidae	BLAST	family	COI-5P	656	1536	Empididae,Dolichopodidae,Drosophilidae	BGENL639-23_r_1.3_s_100	Rhaphium antennatum	0	BGENL639-23	1.3	100	False	False	5992687	619	39	1536	3.0	68.0	32.537109375	28.0	Naturalis Biodiversity Center	1	6
0	0	data/BGE00170_MGE-BGE_r1_1.3_1.5_s50_100.fasta	None	Dolichopodidae	BLAST	family	COI-5P	656	1536	Empididae,Dolichopodidae,Drosophilidae	BGENL639-23_r_1.5_s_50	Rhaphium antennatum	0	BGENL639-23	1.5	50	False	False	5992687	1082	39	1536	3.0	95.0	45.009765625	39.0	Naturalis Biodiversity Center	1	6
0	4	data/BGE00170_MGE-BGE_r1_1.3_1.5_s50_100.fasta	None	Dolichopodidae	BLAST	family	COI-5P	656	1536	Empididae,Dolichopodidae,Drosophilidae	BGENL639-23_r_1.5_s_100	Rhaphium antennatum	0	BGENL639-23	1.5	100	False	False	5992687	590	39	1536	2.0	68.0	30.828125	28.0	Naturalis Biodiversity Center	1	6
0	0	data/BGE00170_MGE-BGE_r1_1.3_1.5_s50_100.fasta	None	Dolichopodidae	BLAST	family	COI-5P	657	1536	Empididae,Dolichopodidae,Drosophilidae	BGENL640-23_r_1_s_50	Rhaphium appendiculatum	0	BGENL640-23	1	50	False	False	10542561	2312	90	1536	50.0	176.0	112.05859375	112.0	Naturalis Biodiversity Center	1	6
0	0	data/BGE00170_MGE-BGE_r1_1.3_1.5_s50_100.fasta	None	Dolichopodidae	BLAST	family	COI-5P	657	1536	Empididae,Dolichopodidae,Drosophilidae	BGENL640-23_r_1_s_100	Rhaphium appendiculatum	0	BGENL640-23	1	100	False	False	10542561	1451	90	1536	27.0	147.0	85.66015625	84.0	Naturalis Biodiversity Center	1	6
0	0	data/BGE00170_MGE-BGE_r1_1.3_1.5_s50_100.fasta	None	Dolichopodidae	BLAST	family	COI-5P	657	1536	Empididae,Dolichopodidae,Drosophilidae	BGENL640-23_r_1.3_s_50	Rhaphium appendiculatum	0	BGENL640-23	1.3	50	False	False	10542561	2128	90	1536	46.0	157.0	104.490234375	105.0	Naturalis Biodiversity Center	1	6
0	0	data/BGE00170_MGE-BGE_r1_1.3_1.5_s50_100.fasta	None	Dolichopodidae	BLAST	family	COI-5P	657	1536	Empididae,Dolichopodidae,Drosophilidae	BGENL640-23_r_1.3_s_100	Rhaphium appendiculatum	0	BGENL640-23	1.3	100	False	False	10542561	1421	90	1536	27.0	145.0	82.966796875	81.5	Naturalis Biodiversity Center	1	6
0	0	data/BGE00170_MGE-BGE_r1_1.3_1.5_s50_100.fasta	None	Dolichopodidae	BLAST	family	COI-5P	657	1536	Empididae,Dolichopodidae,Drosophilidae	BGENL640-23_r_1.5_s_50	Rhaphium appendiculatum	0	BGENL640-23	1.5	50	False	False	10542561	1963	90	1536	38.0	155.0	97.671875	97.0	Naturalis Biodiversity Center	1	6
0	0	data/BGE00170_MGE-BGE_r1_1.3_1.5_s50_100.fasta	None	Dolichopodidae	BLAST	family	COI-5P	657	1536	Empididae,Dolichopodidae,Drosophilidae	BGENL640-23_r_1.5_s_100	Rhaphium appendiculatum	0	BGENL640-23	1.5	100	False	False	10542561	1361	90	1536	25.0	141.0	79.494140625	77.0	Naturalis Biodiversity Center	1	6
17	21	data/BGE00170_MGE-BGE_r1_1.3_1.5_s50_100.fasta	None	Dolichopodidae	BLAST	family	COI-5P	657	1524	Somatiidae,Drosophilidae	BGENL641-23_r_1_s_50	Rhaphium appendiculatum	0	BGENL641-23	1	50	False	False	3055455	403	121	1536	0.0	50.0	16.57421875	14.0	Naturalis Biodiversity Center	1	6
10	20	data/BGE00170_MGE-BGE_r1_1.3_1.5_s50_100.fasta	None	Dolichopodidae	BLAST	family	COI-5P	648	1449	Hybotidae,Drosophilidae	BGENL641-23_r_1_s_100	Rhaphium appendiculatum	0	BGENL641-23	1	100	False	False	3055455	170	121	1536	0.0	28.0	8.876953125	7.0	Naturalis Biodiversity Center	1	6
0	4	data/BGE00170_MGE-BGE_r1_1.3_1.5_s50_100.fasta	None	Dolichopodidae	BLAST	family	COI-5P	657	1521	Empididae,Dolichopodidae,Drosophilidae	BGENL641-23_r_1.3_s_50	Rhaphium appendiculatum	0	BGENL641-23	1.3	50	False	False	3055455	346	121	1536	0.0	42.0	13.548828125	12.0	Naturalis Biodiversity Center	1	6
1	11	data/BGE00170_MGE-BGE_r1_1.3_1.5_s50_100.fasta	None	Dolichopodidae	BLAST	family	COI-5P	648	1410	Culicidae,Dolichopodidae,Drosophilidae	BGENL641-23_r_1.3_s_100	Rhaphium appendiculatum	0	BGENL641-23	1.3	100	False	False	3055455	157	121	1536	0.0	28.0	7.671875	6.0	Naturalis Biodiversity Center	1	6
1	2	data/BGE00170_MGE-BGE_r1_1.3_1.5_s50_100.fasta	None	Dolichopodidae	BLAST	family	COI-5P	651	1515	Empididae,Dolichopodidae,Drosophilidae	BGENL641-23_r_1.5_s_50	Rhaphium appendiculatum	0	BGENL641-23	1.5	50	False	False	3055455	299	121	1536	0.0	40.0	11.7421875	10.0	Naturalis Biodiversity Center	1	6
1	8	data/BGE00170_MGE-BGE_r1_1.3_1.5_s50_100.fasta	None	Dolichopodidae	BLAST	family	COI-5P	648	1401	Culicidae,Dolichopodidae,Drosophilidae	BGENL641-23_r_1.5_s_100	Rhaphium appendiculatum	0	BGENL641-23	1.5	100	False	False	3055455	149	121	1536	0.0	28.0	7.140625	6.0	Naturalis Biodiversity Center	1	6
1	2	data/BGE00170_MGE-BGE_r1_1.3_1.5_s50_100.fasta	None	Dolichopodidae	BLAST	family	COI-5P	657	1536	Empididae,Dolichopodidae,Drosophilidae	BGENL642-23_r_1_s_50	Rhaphium appendiculatum	0	BGENL642-23	1	50	False	False	6616196	603	62	1536	4.0	69.0	26.19140625	26.0	Naturalis Biodiversity Center	1	6
2	2	data/BGE00170_MGE-BGE_r1_1.3_1.5_s50_100.fasta	None	Dolichopodidae	BLAST	family	COI-5P	657	1536	Empididae,Dolichopodidae,Drosophilidae,Calliphoridae	BGENL642-23_r_1_s_100	Rhaphium appendiculatum	0	BGENL642-23	1	100	False	False	6616196	290	62	1536	2.0	32.0	16.486328125	16.0	Naturalis Biodiversity Center	1	6
0	0	data/BGE00170_MGE-BGE_r1_1.3_1.5_s50_100.fasta	None	Dolichopodidae	BLAST	family	COI-5P	657	1536	Empididae,Dolichopodidae,Drosophilidae	BGENL642-23_r_1.3_s_50	Rhaphium appendiculatum	0	BGENL642-23	1.3	50	False	False	6616196	563	62	1536	4.0	60.0	24.3515625	24.0	Naturalis Biodiversity Center	1	6
2	2	data/BGE00170_MGE-BGE_r1_1.3_1.5_s50_100.fasta	None	Dolichopodidae	BLAST	family	COI-5P	657	1479	Empididae,Dolichopodidae,Drosophilidae	BGENL642-23_r_1.3_s_100	Rhaphium appendiculatum	0	BGENL642-23	1.3	100	False	False	6616196	278	62	1536	0.0	32.0	15.595703125	16.0	Naturalis Biodiversity Center	1	6
0	0	data/BGE00170_MGE-BGE_r1_1.3_1.5_s50_100.fasta	None	Dolichopodidae	BLAST	family	COI-5P	657	1536	Empididae,Dolichopodidae,Drosophilidae	BGENL642-23_r_1.5_s_50	Rhaphium appendiculatum	0	BGENL642-23	1.5	50	False	False	6616196	519	62	1536	4.0	46.0	22.900390625	22.0	Naturalis Biodiversity Center	1	6
2	2	data/BGE00170_MGE-BGE_r1_1.3_1.5_s50_100.fasta	None	Dolichopodidae	BLAST	family	COI-5P	657	1479	Empididae,Dolichopodidae,Drosophilidae	BGENL642-23_r_1.5_s_100	Rhaphium appendiculatum	0	BGENL642-23	1.5	100	False	False	6616196	276	62	1536	0.0	32.0	15.494140625	16.0	Naturalis Biodiversity Center	1	6
0	0	data/BGE00170_MGE-BGE_r1_1.3_1.5_s50_100.fasta	None	Dolichopodidae	BLAST	family	COI-5P	657	1536	Dolichopodidae,Syrphidae,Drosophilidae,Anthomyiidae	BGENL643-23_r_1_s_50	Scellus notatus	0	BGENL643-23	1	50	False	False	17370452	5003	44	1536	156.0	397.0	283.76171875	284.5	Naturalis Biodiversity Center	1	6
0	0	data/BGE00170_MGE-BGE_r1_1.3_1.5_s50_100.fasta	None	Dolichopodidae	BLAST	family	COI-5P	657	1536	Dolichopodidae,Syrphidae,Drosophilidae,Anthomyiidae	BGENL643-23_r_1_s_100	Scellus notatus	0	BGENL643-23	1	100	False	False	17370452	3763	44	1536	72.0	353.0	246.236328125	251.0	Naturalis Biodiversity Center	1	6
0	0	data/BGE00170_MGE-BGE_r1_1.3_1.5_s50_100.fasta	None	Dolichopodidae	BLAST	family	COI-5P	657	1536	Dolichopodidae,Syrphidae,Drosophilidae,Anthomyiidae	BGENL643-23_r_1.3_s_50	Scellus notatus	0	BGENL643-23	1.3	50	False	False	17370452	4809	44	1536	155.0	382.0	275.443359375	277.0	Naturalis Biodiversity Center	1	6
0	0	data/BGE00170_MGE-BGE_r1_1.3_1.5_s50_100.fasta	None	Dolichopodidae	BLAST	family	COI-5P	657	1536	Dolichopodidae,Syrphidae,Drosophilidae,Anthomyiidae	BGENL643-23_r_1.3_s_100	Scellus notatus	0	BGENL643-23	1.3	100	False	False	17370452	3728	44	1536	72.0	348.0	243.306640625	247.0	Naturalis Biodiversity Center	1	6
0	0	data/BGE00170_MGE-BGE_r1_1.3_1.5_s50_100.fasta	None	Dolichopodidae	BLAST	family	COI-5P	657	1536	Dolichopodidae,Syrphidae,Drosophilidae,Anthomyiidae	BGENL643-23_r_1.5_s_50	Scellus notatus	0	BGENL643-23	1.5	50	False	False	17370452	4615	44	1536	155.0	371.0	266.55859375	267.0	Naturalis Biodiversity Center	1	6
0	0	data/BGE00170_MGE-BGE_r1_1.3_1.5_s50_100.fasta	None	Dolichopodidae	BLAST	family	COI-5P	657	1536	Dolichopodidae,Syrphidae,Drosophilidae,Anthomyiidae	BGENL643-23_r_1.5_s_100	Scellus notatus	0	BGENL643-23	1.5	100	False	False	17370452	3650	44	1536	72.0	339.0	238.103515625	241.0	Naturalis Biodiversity Center	1	6
0	0	data/BGE00170_MGE-BGE_r1_1.3_1.5_s50_100.fasta	None	Dolichopodidae	BLAST	family	COI-5P	657	1536	Dolichopodidae,Syrphidae,Drosophilidae,Anthomyiidae	BGENL644-23_r_1_s_50	Scellus notatus	0	BGENL644-23	1	50	False	False	45798924	24746	2252	1536	1260.0	2321.0	1774.36328125	1795.5	Naturalis Biodiversity Center	1	6
0	0	data/BGE00170_MGE-BGE_r1_1.3_1.5_s50_100.fasta	None	Dolichopodidae	BLAST	family	COI-5P	657	1536	Dolichopodidae,Syrphidae,Drosophilidae,Anthomyiidae	BGENL644-23_r_1_s_100	Scellus notatus	0	BGENL644-23	1	100	False	False	45798924	21651	2252	1536	823.0	2102.0	1684.5625	1717.5	Naturalis Biodiversity Center	1	6
0	0	data/BGE00170_MGE-BGE_r1_1.3_1.5_s50_100.fasta	None	Dolichopodidae	BLAST	family	COI-5P	657	1536	Dolichopodidae,Syrphidae,Drosophilidae,Anthomyiidae	BGENL644-23_r_1.3_s_50	Scellus notatus	0	BGENL644-23	1.3	50	False	False	45798924	24320	2252	1536	1255.0	2188.0	1758.916015625	1783.0	Naturalis Biodiversity Center	1	6
0	0	data/BGE00170_MGE-BGE_r1_1.3_1.5_s50_100.fasta	None	Dolichopodidae	BLAST	family	COI-5P	657	1536	Dolichopodidae,Syrphidae,Drosophilidae,Anthomyiidae	BGENL644-23_r_1.3_s_100	Scellus notatus	0	BGENL644-23	1.3	100	False	False	45798924	21611	2252	1536	822.0	2099.0	1681.537109375	1716.0	Naturalis Biodiversity Center	1	6
0	0	data/BGE00170_MGE-BGE_r1_1.3_1.5_s50_100.fasta	None	Dolichopodidae	BLAST	family	COI-5P	657	1536	Dolichopodidae,Syrphidae,Drosophilidae,Anthomyiidae	BGENL644-23_r_1.5_s_50	Scellus notatus	0	BGENL644-23	1.5	50	False	False	45798924	23910	2252	1536	1234.0	2153.0	1738.962890625	1756.0	Naturalis Biodiversity Center	1	6
0	0	data/BGE00170_MGE-BGE_r1_1.3_1.5_s50_100.fasta	None	Dolichopodidae	BLAST	family	COI-5P	657	1536	Dolichopodidae,Syrphidae,Drosophilidae,Anthomyiidae	BGENL644-23_r_1.5_s_100	Scellus notatus	0	BGENL644-23	1.5	100	False	False	45798924	21430	2252	1536	817.0	2092.0	1668.443359375	1697.0	Naturalis Biodiversity Center	1	6
20	40	data/BGE00170_MGE-BGE_r1_1.3_1.5_s50_100.fasta	None	Dolichopodidae	BLAST	family	COI-5P	656	1479	Dolichopodidae,Drosophilidae	BGENL645-23_r_1_s_50	Scellus notatus	0	BGENL645-23	1	50	False	False	371096	215	61	1536	0.0	34.0	9.234375	8.0	Naturalis Biodiversity Center	1	6
24	40	data/BGE00170_MGE-BGE_r1_1.3_1.5_s50_100.fasta	None	Dolichopodidae	BLAST	family	COI-5P	614	1374	Dolichopodidae,Hybotidae,Drosophilidae,Anthomyiidae,Calliphoridae,Tachinidae	BGENL645-23_r_1_s_100	Scellus notatus	0	BGENL645-23	1	100	False	False	371096	107	61	1536	0.0	31.0	6.060546875	4.0	Naturalis Biodiversity Center	1	6
16	34	data/BGE00170_MGE-BGE_r1_1.3_1.5_s50_100.fasta	None	Dolichopodidae	BLAST	family	COI-5P	656	1479	Dolichopodidae,Drosophilidae,Sphaeroceridae	BGENL645-23_r_1.3_s_50	Scellus notatus	0	BGENL645-23	1.3	50	False	False	371096	206	61	1536	0.0	34.0	8.8515625	8.0	Naturalis Biodiversity Center	1	6
24	40	data/BGE00170_MGE-BGE_r1_1.3_1.5_s50_100.fasta	None	Dolichopodidae	BLAST	family	COI-5P	614	1374	Dolichopodidae,Drosophilidae,Muscidae,Anthomyiidae,Calliphoridae	BGENL645-23_r_1.3_s_100	Scellus notatus	0	BGENL645-23	1.3	100	False	False	371096	106	61	1536	0.0	31.0	5.970703125	4.0	Naturalis Biodiversity Center	1	6
16	25	data/BGE00170_MGE-BGE_r1_1.3_1.5_s50_100.fasta	None	Dolichopodidae	BLAST	family	COI-5P	642	1428	Dolichopodidae,Drosophilidae,Anthomyiidae	BGENL645-23_r_1.5_s_50	Scellus notatus	0	BGENL645-23	1.5	50	False	False	371096	179	61	1536	0.0	34.0	7.24609375	6.0	Naturalis Biodiversity Center	1	6
24	40	data/BGE00170_MGE-BGE_r1_1.3_1.5_s50_100.fasta	None	Dolichopodidae	BLAST	family	COI-5P	615	1287	Dolichopodidae,Syrphidae,Drosophilidae	BGENL645-23_r_1.5_s_100	Scellus notatus	0	BGENL645-23	1.5	100	False	False	371096	93	61	1536	0.0	23.0	4.861328125	4.0	Naturalis Biodiversity Center	1	6
0	0	data/BGE00170_MGE-BGE_r1_1.3_1.5_s50_100.fasta	None	Dolichopodidae	BLAST	family	COI-5P	656	1536	Empididae,Dolichopodidae,Drosophilidae,Sphaeroceridae	BGENL646-23_r_1_s_50	Thinophilus versutus	0	BGENL646-23	1	50	False	False	8831999	3340	176	1536	61.0	308.0	169.546875	164.0	Naturalis Biodiversity Center	1	6
0	0	data/BGE00170_MGE-BGE_r1_1.3_1.5_s50_100.fasta	None	Dolichopodidae	BLAST	family	COI-5P	656	1536	Empididae,Dolichopodidae,Drosophilidae,Sphaeroceridae	BGENL646-23_r_1_s_100	Thinophilus versutus	0	BGENL646-23	1	100	False	False	8831999	2194	176	1536	52.0	257.0	133.390625	128.5	Naturalis Biodiversity Center	1	6
0	0	data/BGE00170_MGE-BGE_r1_1.3_1.5_s50_100.fasta	None	Dolichopodidae	BLAST	family	COI-5P	656	1536	Empididae,Dolichopodidae,Drosophilidae,Sphaeroceridae	BGENL646-23_r_1.3_s_50	Thinophilus versutus	0	BGENL646-23	1.3	50	False	False	8831999	3091	176	1536	61.0	282.0	159.03125	156.0	Naturalis Biodiversity Center	1	6
0	0	data/BGE00170_MGE-BGE_r1_1.3_1.5_s50_100.fasta	None	Dolichopodidae	BLAST	family	COI-5P	656	1536	Empididae,Dolichopodidae,Drosophilidae,Sphaeroceridae	BGENL646-23_r_1.3_s_100	Thinophilus versutus	0	BGENL646-23	1.3	100	False	False	8831999	2161	176	1536	50.0	254.0	131.177734375	126.5	Naturalis Biodiversity Center	1	6
0	0	data/BGE00170_MGE-BGE_r1_1.3_1.5_s50_100.fasta	None	Dolichopodidae	BLAST	family	COI-5P	656	1536	Empididae,Dolichopodidae,Drosophilidae,Sphaeroceridae	BGENL646-23_r_1.5_s_50	Thinophilus versutus	0	BGENL646-23	1.5	50	False	False	8831999	2767	176	1536	56.0	274.0	144.765625	143.0	Naturalis Biodiversity Center	1	6
0	0	data/BGE00170_MGE-BGE_r1_1.3_1.5_s50_100.fasta	None	Dolichopodidae	BLAST	family	COI-5P	656	1536	Empididae,Dolichopodidae,Drosophilidae,Sphaeroceridae	BGENL646-23_r_1.5_s_100	Thinophilus versutus	0	BGENL646-23	1.5	100	False	False	8831999	2031	176	1536	48.0	241.0	123.42578125	120.0	Naturalis Biodiversity Center	1	6
18	44	data/BGE00170_MGE-BGE_r1_1.3_1.5_s50_100.fasta	None	Dolichopodidae	BLAST	family	COI-5P	657	1353	Dolichopodidae,Drosophilidae,Sphaeroceridae,Muscidae,Tachinidae	BGENL647-23_r_1_s_50	Thinophilus versutus	0	BGENL647-23	1	50	False	False	604424	90	45	1536	0.0	14.0	5.39453125	6.0	Naturalis Biodiversity Center	1	6
25	35	data/BGE00170_MGE-BGE_r1_1.3_1.5_s50_100.fasta	None	Dolichopodidae	BLAST	family	COI-5P	657	1353	Dolichopodidae,Drosophilidae,Sphaeroceridae,Muscidae,Tachinidae	BGENL647-23_r_1_s_100	Thinophilus versutus	0	BGENL647-23	1	100	False	False	604424	58	45	1536	0.0	12.0	4.392578125	4.0	Naturalis Biodiversity Center	1	6
12	14	data/BGE00170_MGE-BGE_r1_1.3_1.5_s50_100.fasta	None	Dolichopodidae	BLAST	family	COI-5P	633	1305	Limoniidae,Dolichopodidae,Drosophilidae,Sphaeroceridae,Xylophagaidae	BGENL647-23_r_1.3_s_50	Thinophilus versutus	0	BGENL647-23	1.3	50	False	False	604424	73	45	1536	0.0	14.0	4.390625	4.0	Naturalis Biodiversity Center	1	6
14	16	data/BGE00170_MGE-BGE_r1_1.3_1.5_s50_100.fasta	None	Dolichopodidae	BLAST	family	COI-5P	633	1305	Limoniidae,Empididae,Dolichopodidae,Drosophilidae,Sphaeroceridae	BGENL647-23_r_1.3_s_100	Thinophilus versutus	0	BGENL647-23	1.3	100	False	False	604424	50	45	1536	0.0	12.0	3.693359375	3.0	Naturalis Biodiversity Center	1	6
6	8	data/BGE00170_MGE-BGE_r1_1.3_1.5_s50_100.fasta	None	Dolichopodidae	BLAST	family	COI-5P	633	1143	Limoniidae,Dolichopodidae,Drosophilidae,Sphaeroceridae,Xylophagaidae	BGENL647-23_r_1.5_s_50	Thinophilus versutus	0	BGENL647-23	1.5	50	False	False	604424	51	45	1536	0.0	14.0	3.166015625	2.0	Naturalis Biodiversity Center	1	6
7	9	data/BGE00170_MGE-BGE_r1_1.3_1.5_s50_100.fasta	None	Dolichopodidae	BLAST	family	COI-5P	633	1143	Limoniidae,Dolichopodidae,Hybotidae,Drosophilidae,Sphaeroceridae,Tachinidae,Xylophagaidae	BGENL647-23_r_1.5_s_100	Thinophilus versutus	0	BGENL647-23	1.5	100	False	False	604424	38	45	1536	0.0	10.0	2.841796875	2.0	Naturalis Biodiversity Center	1	6
55	150	data/BGE00170_MGE-BGE_r1_1.3_1.5_s50_100.fasta	None	Dolichopodidae	BLAST	family	COI-5P	656	1530	Thaumatoneuridae,Tettigoniidae,Ninidae,Scarabaeidae,Ulidiidae,Vespidae,Leptopsyllidae,Nymphalidae	BGENL648-23_r_1_s_50	Chrysotus monochaetus	0	BGENL648-23	1	50	False	False	17724966	1076	2120	1530	8.0	241.0	50.6	48.0	Naturalis Biodiversity Center	1	6
20	53	data/BGE00170_MGE-BGE_r1_1.3_1.5_s50_100.fasta	None	Dolichopodidae	BLAST	family	COI-5P	656	1431	Tettigoniidae,Acrididae,Ninidae,Dermestidae,Vespidae	BGENL648-23_r_1_s_100	Chrysotus monochaetus	0	BGENL648-23	1	100	False	False	17724966	375	2120	1530	0.0	69.0	29.119607843137256	29.0	Naturalis Biodiversity Center	1	6
31	63	data/BGE00170_MGE-BGE_r1_1.3_1.5_s50_100.fasta	None	Dolichopodidae	BLAST	family	COI-5P	629	1413	Tettigoniidae,Reduviidae	BGENL648-23_r_1.3_s_50	Chrysotus monochaetus	0	BGENL648-23	1.3	50	False	False	17724966	461	2120	1530	0.0	77.0	24.83921568627451	25.0	Naturalis Biodiversity Center	1	6
33	50	data/BGE00170_MGE-BGE_r1_1.3_1.5_s50_100.fasta	None	Dolichopodidae	BLAST	family	COI-5P	629	1314	Tettigoniidae,Acrididae,Reduviidae,Vespidae	BGENL648-23_r_1.3_s_100	Chrysotus monochaetus	0	BGENL648-23	1.3	100	False	False	17724966	256	2120	1530	0.0	56.0	19.12549019607843	18.0	Naturalis Biodiversity Center	1	6
26	40	data/BGE00170_MGE-BGE_r1_1.3_1.5_s50_100.fasta	None	Dolichopodidae	BLAST	family	COI-5P	623	1377	Nemestrinidae,Drosophilidae,Micropezidae,Tephritidae,Ulidiidae	BGENL648-23_r_1.5_s_50	Chrysotus monochaetus	0	BGENL648-23	1.5	50	False	False	17724966	231	2120	1530	0.0	49.0	11.96078431372549	9.5	Naturalis Biodiversity Center	1	6
32	40	data/BGE00170_MGE-BGE_r1_1.3_1.5_s50_100.fasta	None	Dolichopodidae	BLAST	family	COI-5P	614	1299	Calopterygidae,Reduviidae,Nemestrinidae,Tephritidae,Ulidiidae	BGENL648-23_r_1.5_s_100	Chrysotus monochaetus	0	BGENL648-23	1.5	100	False	False	17724966	140	2120	1530	0.0	41.0	9.66078431372549	8.0	Naturalis Biodiversity Center	1	6
14	36	data/BGE00170_MGE-BGE_r1_1.3_1.5_s50_100.fasta	None	Dolichopodidae	BLAST	family	COI-5P	656	1530	Dolichopodidae,Syrphidae,Drosophilidae	BGENL649-23_r_1_s_50	Diaphorus winthelmi	0	BGENL649-23	1	50	False	False	6441754	796	50	1530	4.0	87.0	31.050980392156863	27.0	Naturalis Biodiversity Center	1	6
21	41	data/BGE00170_MGE-BGE_r1_1.3_1.5_s50_100.fasta	None	Dolichopodidae	BLAST	family	COI-5P	656	1530	Hybotidae,Psilidae,Drosophilidae,Ephydridae,Sphaeroceridae	BGENL649-23_r_1_s_100	Diaphorus winthelmi	0	BGENL649-23	1	100	False	False	6441754	268	50	1530	1.0	56.0	15.64313725490196	15.0	Naturalis Biodiversity Center	1	6
5	13	data/BGE00170_MGE-BGE_r1_1.3_1.5_s50_100.fasta	None	Dolichopodidae	BLAST	family	COI-5P	656	1530	Dolichopodidae,Syrphidae,Drosophilidae	BGENL649-23_r_1.3_s_50	Diaphorus winthelmi	0	BGENL649-23	1.3	50	False	False	6441754	739	50	1530	4.0	82.0	28.186274509803923	24.0	Naturalis Biodiversity Center	1	6
15	23	data/BGE00170_MGE-BGE_r1_1.3_1.5_s50_100.fasta	None	Dolichopodidae	BLAST	family	COI-5P	656	1530	Hybotidae,Syrphidae,Drosophilidae,Sphaeroceridae	BGENL649-23_r_1.3_s_100	Diaphorus winthelmi	0	BGENL649-23	1.3	100	False	False	6441754	250	50	1530	1.0	53.0	14.166666666666666	13.0	Naturalis Biodiversity Center	1	6
1	9	data/BGE00170_MGE-BGE_r1_1.3_1.5_s50_100.fasta	None	Dolichopodidae	BLAST	family	COI-5P	657	1530	Dolichopodidae,Drosophilidae,Muscidae,Tachinidae	BGENL649-23_r_1.5_s_50	Diaphorus winthelmi	0	BGENL649-23	1.5	50	False	False	6441754	599	50	1530	2.0	66.0	22.09607843137255	20.0	Naturalis Biodiversity Center	1	6
11	15	data/BGE00170_MGE-BGE_r1_1.3_1.5_s50_100.fasta	None	Dolichopodidae	BLAST	family	COI-5P	657	1494	Syrphidae,Drosophilidae,Sphaeroceridae	BGENL649-23_r_1.5_s_100	Diaphorus winthelmi	0	BGENL649-23	1.5	100	False	False	6441754	199	50	1530	0.0	40.0	10.95686274509804	11.0	Naturalis Biodiversity Center	1	6
48	73	data/BGE00170_MGE-BGE_r1_1.3_1.5_s50_100.fasta	None	Dolichopodidae	BLAST	family	COI-5P	635	1428	Dolichopodidae,Drosophilidae,Calliphoridae	BGENL650-23_r_1_s_50	Diaphorus winthelmi	0	BGENL650-23	1	50	False	False	340860	71	36	1530	0.0	12.0	4.203921568627451	4.0	Naturalis Biodiversity Center	1	6
51	79	data/BGE00170_MGE-BGE_r1_1.3_1.5_s50_100.fasta	None	Dolichopodidae	BLAST	family	COI-5P	634	1374	Dolichopodidae,Syrphidae,Noctuidae,Papilionidae,Pyralidae,Crambidae	BGENL650-23_r_1_s_100	Diaphorus winthelmi	0	BGENL650-23	1	100	False	False	340860	50	36	1530	0.0	11.0	3.5843137254901962	3.0	Naturalis Biodiversity Center	1	6
20	40	data/BGE00170_MGE-BGE_r1_1.3_1.5_s50_100.fasta	None	Dolichopodidae	BLAST	family	COI-5P	584	1401	Dolichopodidae,Syrphidae,Drosophilidae,Xylophagaidae,Noctuidae	BGENL650-23_r_1.3_s_50	Diaphorus winthelmi	0	BGENL650-23	1.3	50	False	False	340860	60	36	1530	0.0	11.0	3.5274509803921568	3.0	Naturalis Biodiversity Center	1	6
19	25	data/BGE00170_MGE-BGE_r1_1.3_1.5_s50_100.fasta	None	Dolichopodidae	BLAST	family	COI-5P	609	1347	Dolichopodidae,Syrphidae,Drosophilidae	BGENL650-23_r_1.3_s_100	Diaphorus winthelmi	0	BGENL650-23	1.3	100	False	False	340860	42	36	1530	0.0	8.0	2.996078431372549	3.0	Naturalis Biodiversity Center	1	6
20	25	data/BGE00170_MGE-BGE_r1_1.3_1.5_s50_100.fasta	None	Dolichopodidae	BLAST	family	COI-5P	609	1401	Dolichopodidae,Drosophilidae	BGENL650-23_r_1.5_s_50	Diaphorus winthelmi	0	BGENL650-23	1.5	50	False	False	340860	59	36	1530	0.0	11.0	3.503921568627451	3.0	Naturalis Biodiversity Center	1	6
19	25	data/BGE00170_MGE-BGE_r1_1.3_1.5_s50_100.fasta	None	Dolichopodidae	BLAST	family	COI-5P	609	1347	Dolichopodidae,Syrphidae,Drosophilidae	BGENL650-23_r_1.5_s_100	Diaphorus winthelmi	0	BGENL650-23	1.5	100	False	False	340860	42	36	1530	0.0	8.0	2.996078431372549	3.0	Naturalis Biodiversity Center	1	6
3	6	data/BGE00170_MGE-BGE_r1_1.3_1.5_s50_100.fasta	None	Dolichopodidae	BLAST	family	COI-5P	657	1536	Empididae,Dolichopodidae,Drosophilidae,Pallopteridae	BGENL651-23_r_1_s_50	Neurigona erichsoni	0	BGENL651-23	1	50	False	False	9889495	643	137	1536	6.0	95.0	27.8671875	24.0	Naturalis Biodiversity Center	1	6
3	4	data/BGE00170_MGE-BGE_r1_1.3_1.5_s50_100.fasta	None	Dolichopodidae	BLAST	family	COI-5P	657	1536	Empididae,Dolichopodidae,Drosophilidae,Pallopteridae	BGENL651-23_r_1_s_100	Neurigona erichsoni	0	BGENL651-23	1	100	False	False	9889495	323	137	1536	2.0	44.0	18.216796875	17.0	Naturalis Biodiversity Center	1	6
2	3	data/BGE00170_MGE-BGE_r1_1.3_1.5_s50_100.fasta	None	Dolichopodidae	BLAST	family	COI-5P	657	1536	Empididae,Dolichopodidae,Drosophilidae,Pallopteridae	BGENL651-23_r_1.3_s_50	Neurigona erichsoni	0	BGENL651-23	1.3	50	False	False	9889495	556	137	1536	6.0	58.0	24.96484375	22.0	Naturalis Biodiversity Center	1	6
3	4	data/BGE00170_MGE-BGE_r1_1.3_1.5_s50_100.fasta	None	Dolichopodidae	BLAST	family	COI-5P	657	1536	Empididae,Dolichopodidae,Drosophilidae,Pallopteridae	BGENL651-23_r_1.3_s_100	Neurigona erichsoni	0	BGENL651-23	1.3	100	False	False	9889495	318	137	1536	2.0	44.0	17.90234375	16.0	Naturalis Biodiversity Center	1	6
5	6	data/BGE00170_MGE-BGE_r1_1.3_1.5_s50_100.fasta	None	Dolichopodidae	BLAST	family	COI-5P	657	1536	Empididae,Dolichopodidae,Drosophilidae,Sphaeroceridae,Pallopteridae	BGENL651-23_r_1.5_s_50	Neurigona erichsoni	0	BGENL651-23	1.5	50	False	False	9889495	502	137	1536	6.0	46.0	22.841796875	21.5	Naturalis Biodiversity Center	1	6
3	4	data/BGE00170_MGE-BGE_r1_1.3_1.5_s50_100.fasta	None	Dolichopodidae	BLAST	family	COI-5P	657	1536	Empididae,Dolichopodidae,Drosophilidae,Pallopteridae	BGENL651-23_r_1.5_s_100	Neurigona erichsoni	0	BGENL651-23	1.5	100	False	False	9889495	303	137	1536	2.0	42.0	16.828125	16.0	Naturalis Biodiversity Center	1	6
7	7	data/BGE00170_MGE-BGE_r1_1.3_1.5_s50_100.fasta	None	Dolichopodidae	BLAST	family	COI-5P	657	1536	Empididae,Dolichopodidae,Drosophilidae,Pallopteridae	BGENL652-23_r_1_s_50	Neurigona erichsoni	0	BGENL652-23	1	50	False	False	13944526	1745	281	1536	16.0	167.0	76.873046875	76.0	Naturalis Biodiversity Center	1	6
12	12	data/BGE00170_MGE-BGE_r1_1.3_1.5_s50_100.fasta	None	Dolichopodidae	BLAST	family	COI-5P	657	1536	Empididae,Dolichopodidae,Drosophilidae,Pallopteridae	BGENL652-23_r_1_s_100	Neurigona erichsoni	0	BGENL652-23	1	100	False	False	13944526	827	281	1536	8.0	110.0	48.337890625	47.0	Naturalis Biodiversity Center	1	6
2	2	data/BGE00170_MGE-BGE_r1_1.3_1.5_s50_100.fasta	None	Dolichopodidae	BLAST	family	COI-5P	657	1536	Empididae,Dolichopodidae,Drosophilidae,Pallopteridae	BGENL652-23_r_1.3_s_50	Neurigona erichsoni	0	BGENL652-23	1.3	50	False	False	13944526	1466	281	1536	16.0	140.0	64.060546875	60.5	Naturalis Biodiversity Center	1	6
1	1	data/BGE00170_MGE-BGE_r1_1.3_1.5_s50_100.fasta	None	Dolichopodidae	BLAST	family	COI-5P	657	1536	Empididae,Dolichopodidae,Drosophilidae,Pallopteridae	BGENL652-23_r_1.3_s_100	Neurigona erichsoni	0	BGENL652-23	1.3	100	False	False	13944526	748	281	1536	8.0	104.0	42.560546875	41.0	Naturalis Biodiversity Center	1	6
1	1	data/BGE00170_MGE-BGE_r1_1.3_1.5_s50_100.fasta	None	Dolichopodidae	BLAST	family	COI-5P	657	1536	Empididae,Dolichopodidae,Drosophilidae,Pallopteridae	BGENL652-23_r_1.5_s_50	Neurigona erichsoni	0	BGENL652-23	1.5	50	False	False	13944526	1311	281	1536	14.0	135.0	57.330078125	54.0	Naturalis Biodiversity Center	1	6
0	0	data/BGE00170_MGE-BGE_r1_1.3_1.5_s50_100.fasta	None	Dolichopodidae	BLAST	family	COI-5P	657	1536	Empididae,Dolichopodidae,Drosophilidae,Pallopteridae	BGENL652-23_r_1.5_s_100	Neurigona erichsoni	0	BGENL652-23	1.5	100	False	False	13944526	695	281	1536	2.0	101.0	39.28125	39.0	Naturalis Biodiversity Center	1	6
0	0	data/BGE00170_MGE-BGE_r1_1.3_1.5_s50_100.fasta	None	Dolichopodidae	BLAST	family	COI-5P	657	1536	Dolichopodidae,Syrphidae,Drosophilidae,Anthomyiidae	BGENL653-23_r_1_s_50	Rhaphium fascipes	0	BGENL653-23	1	50	False	False	11094172	4972	20	1536	160.0	361.0	246.572265625	250.0	Naturalis Biodiversity Center	1	6
0	0	data/BGE00170_MGE-BGE_r1_1.3_1.5_s50_100.fasta	None	Dolichopodidae	BLAST	family	COI-5P	657	1536	Dolichopodidae,Syrphidae,Drosophilidae,Anthomyiidae	BGENL653-23_r_1_s_100	Rhaphium fascipes	0	BGENL653-23	1	100	False	False	11094172	3329	20	1536	85.0	280.0	196.26171875	200.0	Naturalis Biodiversity Center	1	6
0	0	data/BGE00170_MGE-BGE_r1_1.3_1.5_s50_100.fasta	None	Dolichopodidae	BLAST	family	COI-5P	657	1536	Dolichopodidae,Syrphidae,Drosophilidae,Anthomyiidae	BGENL653-23_r_1.3_s_50	Rhaphium fascipes	0	BGENL653-23	1.3	50	False	False	11094172	4850	20	1536	150.0	339.0	241.92578125	246.5	Naturalis Biodiversity Center	1	6
0	0	data/BGE00170_MGE-BGE_r1_1.3_1.5_s50_100.fasta	None	Dolichopodidae	BLAST	family	COI-5P	657	1536	Dolichopodidae,Syrphidae,Drosophilidae,Anthomyiidae	BGENL653-23_r_1.3_s_100	Rhaphium fascipes	0	BGENL653-23	1.3	100	False	False	11094172	3313	20	1536	85.0	279.0	195.015625	197.5	Naturalis Biodiversity Center	1	6
0	0	data/BGE00170_MGE-BGE_r1_1.3_1.5_s50_100.fasta	None	Dolichopodidae	BLAST	family	COI-5P	657	1536	Dolichopodidae,Syrphidae,Drosophilidae,Anthomyiidae	BGENL653-23_r_1.5_s_50	Rhaphium fascipes	0	BGENL653-23	1.5	50	False	False	11094172	4598	20	1536	143.0	339.0	230.9453125	233.0	Naturalis Biodiversity Center	1	6
0	0	data/BGE00170_MGE-BGE_r1_1.3_1.5_s50_100.fasta	None	Dolichopodidae	BLAST	family	COI-5P	657	1536	Dolichopodidae,Syrphidae,Drosophilidae,Anthomyiidae	BGENL653-23_r_1.5_s_100	Rhaphium fascipes	0	BGENL653-23	1.5	100	False	False	11094172	3225	20	1536	85.0	279.0	189.7265625	190.5	Naturalis Biodiversity Center	1	6
0	0	data/BGE00170_MGE-BGE_r1_1.3_1.5_s50_100.fasta	None	Dolichopodidae	BLAST	family	COI-5P	656	1536	Dolichopodidae,Drosophilidae	BGENL654-23_r_1_s_50	Rhaphium fascipes	0	BGENL654-23	1	50	False	False	11693548	2094	21	1536	30.0	236.0	101.107421875	88.0	Naturalis Biodiversity Center	1	6
0	0	data/BGE00170_MGE-BGE_r1_1.3_1.5_s50_100.fasta	None	Dolichopodidae	BLAST	family	COI-5P	656	1536	Dolichopodidae,Drosophilidae	BGENL654-23_r_1_s_100	Rhaphium fascipes	0	BGENL654-23	1	100	False	False	11693548	1263	21	1536	16.0	163.0	76.375	67.0	Naturalis Biodiversity Center	1	6
0	0	data/BGE00170_MGE-BGE_r1_1.3_1.5_s50_100.fasta	None	Dolichopodidae	BLAST	family	COI-5P	656	1536	Dolichopodidae,Drosophilidae	BGENL654-23_r_1.3_s_50	Rhaphium fascipes	0	BGENL654-23	1.3	50	False	False	11693548	1961	21	1536	30.0	202.0	96.4765625	86.0	Naturalis Biodiversity Center	1	6
0	0	data/BGE00170_MGE-BGE_r1_1.3_1.5_s50_100.fasta	None	Dolichopodidae	BLAST	family	COI-5P	656	1536	Dolichopodidae,Drosophilidae	BGENL654-23_r_1.3_s_100	Rhaphium fascipes	0	BGENL654-23	1.3	100	False	False	11693548	1256	21	1536	16.0	162.0	75.73828125	67.0	Naturalis Biodiversity Center	1	6
0	0	data/BGE00170_MGE-BGE_r1_1.3_1.5_s50_100.fasta	None	Dolichopodidae	BLAST	family	COI-5P	656	1536	Dolichopodidae,Drosophilidae	BGENL654-23_r_1.5_s_50	Rhaphium fascipes	0	BGENL654-23	1.5	50	False	False	11693548	1863	21	1536	28.0	190.0	92.5	83.0	Naturalis Biodiversity Center	1	6
0	0	data/BGE00170_MGE-BGE_r1_1.3_1.5_s50_100.fasta	None	Dolichopodidae	BLAST	family	COI-5P	656	1536	Dolichopodidae,Drosophilidae	BGENL654-23_r_1.5_s_100	Rhaphium fascipes	0	BGENL654-23	1.5	100	False	False	11693548	1228	21	1536	16.0	162.0	73.947265625	66.0	Naturalis Biodiversity Center	1	6
60	101	data/BGE00170_MGE-BGE_r1_1.3_1.5_s50_100.fasta	None	Dolichopodidae	BLAST	family	COI-5P	574	1410	Empididae,Dolichopodidae,Syrphidae,Drosophilidae	BGENL655-23_r_1_s_50	Sciapus contristans	0	BGENL655-23	1	50	False	False	400499	58	23	1530	0.0	10.0	3.5392156862745097	4.0	Naturalis Biodiversity Center	1	6
48	81	data/BGE00170_MGE-BGE_r1_1.3_1.5_s50_100.fasta	None	Dolichopodidae	BLAST	family	COI-5P	575	1368	Drosophilidae,Tephritidae,Muscidae,Fanniidae	BGENL655-23_r_1_s_100	Sciapus contristans	0	BGENL655-23	1	100	False	False	400499	44	23	1530	0.0	10.0	3.0862745098039217	2.0	Naturalis Biodiversity Center	1	6
60	100	data/BGE00170_MGE-BGE_r1_1.3_1.5_s50_100.fasta	None	Dolichopodidae	BLAST	family	COI-5P	574	1368	Scarabaeidae,Psilidae,Drosophilidae,Fergusoninidae,Muscidae,Fanniidae,Rhagionidae	BGENL655-23_r_1.3_s_50	Sciapus contristans	0	BGENL655-23	1.3	50	False	False	400499	50	23	1530	0.0	7.0	2.896078431372549	3.0	Naturalis Biodiversity Center	1	6
48	82	data/BGE00170_MGE-BGE_r1_1.3_1.5_s50_100.fasta	None	Dolichopodidae	BLAST	family	COI-5P	575	1368	Psilidae,Drosophilidae,Muscidae,Fanniidae,Rhagionidae	BGENL655-23_r_1.3_s_100	Sciapus contristans	0	BGENL655-23	1.3	100	False	False	400499	38	23	1530	0.0	7.0	2.537254901960784	2.0	Naturalis Biodiversity Center	1	6
34	64	data/BGE00170_MGE-BGE_r1_1.3_1.5_s50_100.fasta	None	Dolichopodidae	BLAST	family	COI-5P	575	1314	Limoniidae,Empididae,Syrphidae,Drosophilidae,Fergusoninidae	BGENL655-23_r_1.5_s_50	Sciapus contristans	0	BGENL655-23	1.5	50	False	False	400499	41	23	1530	0.0	7.0	2.5254901960784313	2.0	Naturalis Biodiversity Center	1	6
34	67	data/BGE00170_MGE-BGE_r1_1.3_1.5_s50_100.fasta	None	Dolichopodidae	BLAST	family	COI-5P	575	1314	Limoniidae,Empididae,Syrphidae,Drosophilidae,Fergusoninidae	BGENL655-23_r_1.5_s_100	Sciapus contristans	0	BGENL655-23	1.5	100	False	False	400499	34	23	1530	0.0	7.0	2.3098039215686272	2.0	Naturalis Biodiversity Center	1	6
0	0	data/BGE00170_MGE-BGE_r1_1.3_1.5_s50_100.fasta	None	Dolichopodidae	BLAST	family	COI-5P	656	1530	Dolichopodidae,Drosophilidae,Ephydridae	BGENL656-23_r_1_s_50	Sciapus contristans	0	BGENL656-23	1	50	False	False	31499699	9629	1644	1530	13.0	777.0	559.0254901960784	561.0	Naturalis Biodiversity Center	1	6
0	0	data/BGE00170_MGE-BGE_r1_1.3_1.5_s50_100.fasta	None	Dolichopodidae	BLAST	family	COI-5P	656	1530	Dolichopodidae,Drosophilidae,Ephydridae	BGENL656-23_r_1_s_100	Sciapus contristans	0	BGENL656-23	1	100	False	False	31499699	7408	1644	1530	3.0	670.0	491.61176470588236	492.5	Naturalis Biodiversity Center	1	6
0	0	data/BGE00170_MGE-BGE_r1_1.3_1.5_s50_100.fasta	None	Dolichopodidae	BLAST	family	COI-5P	656	1530	Dolichopodidae,Drosophilidae,Ephydridae	BGENL656-23_r_1.3_s_50	Sciapus contristans	0	BGENL656-23	1.3	50	False	False	31499699	9426	1644	1530	11.0	763.0	551.5764705882353	558.5	Naturalis Biodiversity Center	1	6
0	0	data/BGE00170_MGE-BGE_r1_1.3_1.5_s50_100.fasta	None	Dolichopodidae	BLAST	family	COI-5P	656	1530	Dolichopodidae,Drosophilidae,Ephydridae	BGENL656-23_r_1.3_s_100	Sciapus contristans	0	BGENL656-23	1.3	100	False	False	31499699	7391	1644	1530	3.0	668.0	490.4039215686274	492.0	Naturalis Biodiversity Center	1	6
0	1	data/BGE00170_MGE-BGE_r1_1.3_1.5_s50_100.fasta	None	Dolichopodidae	BLAST	family	COI-5P	656	1530	Dolichopodidae,Drosophilidae,Ephydridae	BGENL656-23_r_1.5_s_50	Sciapus contristans	0	BGENL656-23	1.5	50	False	False	31499699	9154	1644	1530	5.0	740.0	540.1705882352941	539.5	Naturalis Biodiversity Center	1	6
0	0	data/BGE00170_MGE-BGE_r1_1.3_1.5_s50_100.fasta	None	Dolichopodidae	BLAST	family	COI-5P	656	1530	Dolichopodidae,Drosophilidae,Ephydridae	BGENL656-23_r_1.5_s_100	Sciapus contristans	0	BGENL656-23	1.5	100	False	False	31499699	7311	1644	1530	1.0	657.0	485.06470588235294	485.0	Naturalis Biodiversity Center	1	6
0	4	data/BGE00170_MGE-BGE_r1_1.3_1.5_s50_100.fasta	None	Dolichopodidae	BLAST	family	COI-5P	441	1101	Reduviidae	BGENL657-23_r_1_s_50	Sciapus contristans	0	BGENL657-23	1	50	False	False	152762	70	14	1530	0.0	25.0	3.9490196078431374	2.0	Naturalis Biodiversity Center	1	6
0	0	data/BGE00170_MGE-BGE_r1_1.3_1.5_s50_100.fasta	None	Dolichopodidae	BLAST	family	COI-5P	316	828	Reduviidae	BGENL657-23_r_1_s_100	Sciapus contristans	0	BGENL657-23	1	100	False	False	152762	42	14	1530	0.0	25.0	3.0274509803921568	1.0	Naturalis Biodiversity Center	1	6
1	4	data/BGE00170_MGE-BGE_r1_1.3_1.5_s50_100.fasta	None	Dolichopodidae	BLAST	family	COI-5P	205	753	Reduviidae	BGENL657-23_r_1.3_s_50	Sciapus contristans	0	BGENL657-23	1.3	50	False	False	152762	59	14	1530	0.0	25.0	3.2901960784313724	0.0	Naturalis Biodiversity Center	1	6
0	0	data/BGE00170_MGE-BGE_r1_1.3_1.5_s50_100.fasta	None	Dolichopodidae	BLAST	family	COI-5P	75	465	Reduviidae	BGENL657-23_r_1.3_s_100	Sciapus contristans	0	BGENL657-23	1.3	100	False	False	152762	37	14	1530	0.0	25.0	2.5764705882352943	0.0	Naturalis Biodiversity Center	1	6
0	3	data/BGE00170_MGE-BGE_r1_1.3_1.5_s50_100.fasta	None	Dolichopodidae	BLAST	family	COI-5P	199	558	Cerambycidae	BGENL657-23_r_1.5_s_50	Sciapus contristans	0	BGENL657-23	1.5	50	False	False	152762	30	14	1530	0.0	14.0	1.2	0.0	Naturalis Biodiversity Center	1	6
3	3	data/BGE00170_MGE-BGE_r1_1.3_1.5_s50_100.fasta	None	Dolichopodidae	BLAST	family	COI-5P	121	303	Cerambycidae,Ceratopogonidae,Phoridae	BGENL657-23_r_1.5_s_100	Sciapus contristans	0	BGENL657-23	1.5	100	False	False	152762	18	14	1530	0.0	14.0	0.8294117647058824	0.0	Naturalis Biodiversity Center	1	6
0	0	data/BGE00170_MGE-BGE_r1_1.3_1.5_s50_100.fasta	None	Dolichopodidae	BLAST	family	COI-5P	656	1530	Dolichopodidae	BGENL658-23_r_1_s_50	Sciapus laetus	0	BGENL658-23	1	50	False	False	8699639	1528	41	1530	32.0	120.0	74.34705882352941	72.0	Naturalis Biodiversity Center	1	6
0	0	data/BGE00170_MGE-BGE_r1_1.3_1.5_s50_100.fasta	None	Dolichopodidae	BLAST	family	COI-5P	656	1530	Dolichopodidae	BGENL658-23_r_1_s_100	Sciapus laetus	0	BGENL658-23	1	100	False	False	8699639	1001	41	1530	30.0	96.0	58.30196078431373	58.0	Naturalis Biodiversity Center	1	6
0	0	data/BGE00170_MGE-BGE_r1_1.3_1.5_s50_100.fasta	None	Dolichopodidae	BLAST	family	COI-5P	656	1530	Dolichopodidae	BGENL658-23_r_1.3_s_50	Sciapus laetus	0	BGENL658-23	1.3	50	False	False	8699639	1437	41	1530	32.0	110.0	70.48235294117647	68.5	Naturalis Biodiversity Center	1	6
0	0	data/BGE00170_MGE-BGE_r1_1.3_1.5_s50_100.fasta	None	Dolichopodidae	BLAST	family	COI-5P	656	1530	Dolichopodidae	BGENL658-23_r_1.3_s_100	Sciapus laetus	0	BGENL658-23	1.3	100	False	False	8699639	977	41	1530	30.0	96.0	56.601960784313725	56.0	Naturalis Biodiversity Center	1	6
0	0	data/BGE00170_MGE-BGE_r1_1.3_1.5_s50_100.fasta	None	Dolichopodidae	BLAST	family	COI-5P	656	1530	Dolichopodidae	BGENL658-23_r_1.5_s_50	Sciapus laetus	0	BGENL658-23	1.5	50	False	False	8699639	1363	41	1530	32.0	108.0	67.47647058823529	67.5	Naturalis Biodiversity Center	1	6
0	0	data/BGE00170_MGE-BGE_r1_1.3_1.5_s50_100.fasta	None	Dolichopodidae	BLAST	family	COI-5P	656	1530	Dolichopodidae	BGENL658-23_r_1.5_s_100	Sciapus laetus	0	BGENL658-23	1.5	100	False	False	8699639	960	41	1530	30.0	96.0	55.59607843137255	55.0	Naturalis Biodiversity Center	1	6
8	40	data/BGE00170_MGE-BGE_r1_1.3_1.5_s50_100.fasta	None	Dolichopodidae	BLAST	family	COI-5P	551	1359	Anthelidae,Noctuidae,Erebidae,Geometridae	BGENL659-23_r_1_s_50	Sciapus laetus	1	BGENL659-23	1	50	False	False	508828	92	16	1530	0.0	19.0	5.194117647058824	4.0	Naturalis Biodiversity Center	1	6
18	54	data/BGE00170_MGE-BGE_r1_1.3_1.5_s50_100.fasta	None	Dolichopodidae	BLAST	family	COI-5P	485	1194	Scythrididae,Erebidae,Nymphalidae,Geometridae	BGENL659-23_r_1_s_100	Sciapus laetus	0	BGENL659-23	1	100	False	False	508828	58	16	1530	0.0	19.0	4.133333333333334	3.0	Naturalis Biodiversity Center	1	6
11	39	data/BGE00170_MGE-BGE_r1_1.3_1.5_s50_100.fasta	None	Dolichopodidae	BLAST	family	COI-5P	527	1194	Noctuidae,Erebidae,Geometridae	BGENL659-23_r_1.3_s_50	Sciapus laetus	0	BGENL659-23	1.3	50	False	False	508828	68	16	1530	0.0	14.0	4.033333333333333	3.0	Naturalis Biodiversity Center	1	6
18	48	data/BGE00170_MGE-BGE_r1_1.3_1.5_s50_100.fasta	None	Dolichopodidae	BLAST	family	COI-5P	485	1110	Scythrididae,Erebidae,Nymphalidae,Geometridae	BGENL659-23_r_1.3_s_100	Sciapus laetus	0	BGENL659-23	1.3	100	False	False	508828	51	16	1530	0.0	14.0	3.5392156862745097	2.0	Naturalis Biodiversity Center	1	6
16	37	data/BGE00170_MGE-BGE_r1_1.3_1.5_s50_100.fasta	None	Dolichopodidae	BLAST	family	COI-5P	447	1026	Syrphidae,Chloropidae,Drosophilidae	BGENL659-23_r_1.5_s_50	Sciapus laetus	0	BGENL659-23	1.5	50	False	False	508828	50	16	1530	0.0	14.0	2.8823529411764706	2.0	Naturalis Biodiversity Center	1	6
12	33	data/BGE00170_MGE-BGE_r1_1.3_1.5_s50_100.fasta	None	Dolichopodidae	BLAST	family	COI-5P	405	942	Tettigoniidae,Syrphidae,Drosophilidae,Anthomyzidae,Piophilidae,Ulidiidae,Vespidae	BGENL659-23_r_1.5_s_100	Sciapus laetus	0	BGENL659-23	1.5	100	False	False	508828	37	16	1530	0.0	14.0	2.5098039215686274	2.0	Naturalis Biodiversity Center	1	6
0	0	data/BGE00170_MGE-BGE_r1_1.3_1.5_s50_100.fasta	None	Dolichopodidae	BLAST	family	COI-5P	656	1530	Dolichopodidae	BGENL660-23_r_1_s_50	Sciapus laetus	0	BGENL660-23	1	50	False	False	12290049	1824	366	1530	52.0	149.0	94.82156862745099	92.0	Naturalis Biodiversity Center	1	6
0	0	data/BGE00170_MGE-BGE_r1_1.3_1.5_s50_100.fasta	None	Dolichopodidae	BLAST	family	COI-5P	656	1530	Dolichopodidae	BGENL660-23_r_1_s_100	Sciapus laetus	0	BGENL660-23	1	100	False	False	12290049	1224	366	1530	37.0	127.0	76.19411764705882	74.0	Naturalis Biodiversity Center	1	6
0	0	data/BGE00170_MGE-BGE_r1_1.3_1.5_s50_100.fasta	None	Dolichopodidae	BLAST	family	COI-5P	656	1530	Dolichopodidae	BGENL660-23_r_1.3_s_50	Sciapus laetus	0	BGENL660-23	1.3	50	False	False	12290049	1705	366	1530	51.0	145.0	89.07058823529412	87.0	Naturalis Biodiversity Center	1	6
0	0	data/BGE00170_MGE-BGE_r1_1.3_1.5_s50_100.fasta	None	Dolichopodidae	BLAST	family	COI-5P	656	1530	Dolichopodidae	BGENL660-23_r_1.3_s_100	Sciapus laetus	0	BGENL660-23	1.3	100	False	False	12290049	1181	366	1530	37.0	123.0	73.06274509803922	72.0	Naturalis Biodiversity Center	1	6
0	0	data/BGE00170_MGE-BGE_r1_1.3_1.5_s50_100.fasta	None	Dolichopodidae	BLAST	family	COI-5P	656	1530	Dolichopodidae	BGENL660-23_r_1.5_s_50	Sciapus laetus	0	BGENL660-23	1.5	50	False	False	12290049	1579	366	1530	49.0	142.0	83.93137254901961	81.0	Naturalis Biodiversity Center	1	6
0	0	data/BGE00170_MGE-BGE_r1_1.3_1.5_s50_100.fasta	None	Dolichopodidae	BLAST	family	COI-5P	656	1530	Dolichopodidae	BGENL660-23_r_1.5_s_100	Sciapus laetus	0	BGENL660-23	1.5	100	False	False	12290049	1144	366	1530	37.0	122.0	70.8529411764706	69.0	Naturalis Biodiversity Center	1	6
34	55	data/BGE00170_MGE-BGE_r1_1.3_1.5_s50_100.fasta	None	Dolichopodidae	BLAST	family	COI-5P	614	1356	Ephemerellidae,Simuliidae,Conopidae,Agromyzidae,Calliphoridae,Ceratophyllidae,Lycaenidae,Hesperiidae	BGENL661-23_r_1_s_50	Sciapus lobipes	0	BGENL661-23	1	50	False	False	574533	80	22	1530	0.0	16.0	4.0	4.0	Naturalis Biodiversity Center	1	6
50	63	data/BGE00170_MGE-BGE_r1_1.3_1.5_s50_100.fasta	None	Dolichopodidae	BLAST	family	COI-5P	551	1194	Tettigoniidae,Culicidae,Drosophilidae,Fergusoninidae,Pyrgotidae,Lonchaeidae,Tachinidae,Papilionidae	BGENL661-23_r_1_s_100	Sciapus lobipes	0	BGENL661-23	1	100	False	False	574533	39	22	1530	0.0	8.0	2.603921568627451	2.0	Naturalis Biodiversity Center	1	6
27	58	data/BGE00170_MGE-BGE_r1_1.3_1.5_s50_100.fasta	None	Dolichopodidae	BLAST	family	COI-5P	488	1104	Perlidae,Simuliidae,Agromyzidae,Nycteribiidae,Calliphoridae,Ceratophyllidae,Ischnopsyllidae,Lycaenidae,Hesperiidae	BGENL661-23_r_1.3_s_50	Sciapus lobipes	0	BGENL661-23	1.3	50	False	False	574533	54	22	1530	0.0	9.0	2.6058823529411765	2.0	Naturalis Biodiversity Center	1	6
43	61	data/BGE00170_MGE-BGE_r1_1.3_1.5_s50_100.fasta	None	Dolichopodidae	BLAST	family	COI-5P	479	1011	Tettigoniidae,Culicidae,Drosophilidae,Fergusoninidae,Pyrgotidae,Lonchaeidae,Tachinidae,Papilionidae	BGENL661-23_r_1.3_s_100	Sciapus lobipes	0	BGENL661-23	1.3	100	False	False	574533	31	22	1530	0.0	4.0	1.915686274509804	2.0	Naturalis Biodiversity Center	1	6
5	13	data/BGE00170_MGE-BGE_r1_1.3_1.5_s50_100.fasta	None	Dolichopodidae	BLAST	family	COI-5P	452	882	Nemestrinidae,Fergusoninidae,Lonchaeidae	BGENL661-23_r_1.5_s_50	Sciapus lobipes	0	BGENL661-23	1.5	50	False	False	574533	33	22	1530	0.0	7.0	1.5098039215686274	2.0	Naturalis Biodiversity Center	1	6
0	8	data/BGE00170_MGE-BGE_r1_1.3_1.5_s50_100.fasta	None	Dolichopodidae	BLAST	family	COI-5P	439	801	Nemestrinidae,Fergusoninidae,Lonchaeidae	BGENL661-23_r_1.5_s_100	Sciapus lobipes	0	BGENL661-23	1.5	100	False	False	574533	21	22	1530	0.0	4.0	1.1784313725490196	1.0	Naturalis Biodiversity Center	1	6
0	1	data/BGE00170_MGE-BGE_r1_1.3_1.5_s50_100.fasta	None	Dolichopodidae	BLAST	family	COI-5P	657	1530	Dolichopodidae,Drosophilidae	BGENL662-23_r_1_s_50	Sciapus lobipes	0	BGENL662-23	1	50	False	False	6557466	1413	34	1530	18.0	116.0	56.205882352941174	56.0	Naturalis Biodiversity Center	1	6
1	1	data/BGE00170_MGE-BGE_r1_1.3_1.5_s50_100.fasta	None	Dolichopodidae	BLAST	family	COI-5P	657	1530	Dolichopodidae,Drosophilidae	BGENL662-23_r_1_s_100	Sciapus lobipes	0	BGENL662-23	1	100	False	False	6557466	590	34	1530	6.0	64.0	31.366666666666667	32.0	Naturalis Biodiversity Center	1	6
0	0	data/BGE00170_MGE-BGE_r1_1.3_1.5_s50_100.fasta	None	Dolichopodidae	BLAST	family	COI-5P	657	1530	Dolichopodidae,Drosophilidae	BGENL662-23_r_1.3_s_50	Sciapus lobipes	0	BGENL662-23	1.3	50	False	False	6557466	1355	34	1530	14.0	115.0	53.73725490196078	54.5	Naturalis Biodiversity Center	1	6
0	0	data/BGE00170_MGE-BGE_r1_1.3_1.5_s50_100.fasta	None	Dolichopodidae	BLAST	family	COI-5P	657	1530	Dolichopodidae,Drosophilidae	BGENL662-23_r_1.3_s_100	Sciapus lobipes	0	BGENL662-23	1.3	100	False	False	6557466	578	34	1530	6.0	64.0	30.474509803921567	31.0	Naturalis Biodiversity Center	1	6
0	0	data/BGE00170_MGE-BGE_r1_1.3_1.5_s50_100.fasta	None	Dolichopodidae	BLAST	family	COI-5P	657	1530	Dolichopodidae,Drosophilidae	BGENL662-23_r_1.5_s_50	Sciapus lobipes	0	BGENL662-23	1.5	50	False	False	6557466	1275	34	1530	14.0	109.0	50.72156862745098	52.0	Naturalis Biodiversity Center	1	6
0	0	data/BGE00170_MGE-BGE_r1_1.3_1.5_s50_100.fasta	None	Dolichopodidae	BLAST	family	COI-5P	657	1530	Dolichopodidae,Drosophilidae	BGENL662-23_r_1.5_s_100	Sciapus lobipes	0	BGENL662-23	1.5	100	False	False	6557466	564	34	1530	6.0	62.0	29.643137254901962	30.0	Naturalis Biodiversity Center	1	6
29	37	data/BGE00170_MGE-BGE_r1_1.3_1.5_s50_100.fasta	None	Dolichopodidae	BLAST	family	COI-5P	523	1209	Limoniidae,Empididae,Syrphidae,Meessiidae	BGENL663-23_r_1_s_50	Sciapus lobipes	0	BGENL663-23	1	50	False	False	265544	67	35	1530	0.0	12.0	3.684313725490196	3.0	Naturalis Biodiversity Center	1	6
29	33	data/BGE00170_MGE-BGE_r1_1.3_1.5_s50_100.fasta	None	Dolichopodidae	BLAST	family	COI-5P	465	1143	Psychodidae,Empididae,Phoridae,Chloropidae	BGENL663-23_r_1_s_100	Sciapus lobipes	0	BGENL663-23	1	100	False	False	265544	36	35	1530	0.0	10.0	2.7333333333333334	2.0	Naturalis Biodiversity Center	1	6
33	37	data/BGE00170_MGE-BGE_r1_1.3_1.5_s50_100.fasta	None	Dolichopodidae	BLAST	family	COI-5P	523	1176	Empididae,Dolichopodidae,Chloropidae,Noctuidae,Crambidae	BGENL663-23_r_1.3_s_50	Sciapus lobipes	0	BGENL663-23	1.3	50	False	False	265544	51	35	1530	0.0	11.0	2.8666666666666667	2.0	Naturalis Biodiversity Center	1	6
33	37	data/BGE00170_MGE-BGE_r1_1.3_1.5_s50_100.fasta	None	Dolichopodidae	BLAST	family	COI-5P	464	1050	Empididae,Dolichopodidae,Chloropidae,Noctuidae,Crambidae	BGENL663-23_r_1.3_s_100	Sciapus lobipes	0	BGENL663-23	1.3	100	False	False	265544	31	35	1530	0.0	10.0	2.3137254901960786	2.0	Naturalis Biodiversity Center	1	6
32	35	data/BGE00170_MGE-BGE_r1_1.3_1.5_s50_100.fasta	None	Dolichopodidae	BLAST	family	COI-5P	516	846	Empididae,Dolichopodidae,Noctuidae	BGENL663-23_r_1.5_s_50	Sciapus lobipes	0	BGENL663-23	1.5	50	False	False	265544	30	35	1530	0.0	8.0	1.9098039215686275	1.0	Naturalis Biodiversity Center	1	6
33	36	data/BGE00170_MGE-BGE_r1_1.3_1.5_s50_100.fasta	None	Dolichopodidae	BLAST	family	COI-5P	440	738	Empididae,Dolichopodidae,Chloropidae	BGENL663-23_r_1.5_s_100	Sciapus lobipes	0	BGENL663-23	1.5	100	False	False	265544	22	35	1530	0.0	8.0	1.6705882352941177	0.0	Naturalis Biodiversity Center	1	6
0	0	data/BGE00170_MGE-BGE_r1_1.3_1.5_s50_100.fasta	None	Conopidae	BLAST	family	COI-5P	656	1509	Conopidae,Psilidae,Drosophilidae,Sphaeroceridae,Muscidae	BGENL664-23_r_1_s_50	Myopa picta	0	BGENL664-23	1	50	False	False	17079593	7664	5	1509	195.0	674.0	451.12127236580517	450.0	Naturalis Biodiversity Center	1	6
0	0	data/BGE00170_MGE-BGE_r1_1.3_1.5_s50_100.fasta	None	Conopidae	BLAST	family	COI-5P	656	1509	Conopidae,Psilidae,Drosophilidae,Sphaeroceridae,Muscidae	BGENL664-23_r_1_s_100	Myopa picta	0	BGENL664-23	1	100	False	False	17079593	5548	5	1509	167.0	545.0	379.2445328031809	383.0	Naturalis Biodiversity Center	1	6
0	0	data/BGE00170_MGE-BGE_r1_1.3_1.5_s50_100.fasta	None	Conopidae	BLAST	family	COI-5P	656	1509	Conopidae,Psilidae,Drosophilidae,Sphaeroceridae,Muscidae	BGENL664-23_r_1.3_s_50	Myopa picta	0	BGENL664-23	1.3	50	False	False	17079593	6947	5	1509	108.0	603.0	409.95626242544733	418.0	Naturalis Biodiversity Center	1	6
0	0	data/BGE00170_MGE-BGE_r1_1.3_1.5_s50_100.fasta	None	Conopidae	BLAST	family	COI-5P	656	1509	Conopidae,Psilidae,Drosophilidae,Sphaeroceridae,Muscidae	BGENL664-23_r_1.3_s_100	Myopa picta	0	BGENL664-23	1.3	100	False	False	17079593	5221	5	1509	108.0	541.0	354.49502982107356	368.0	Naturalis Biodiversity Center	1	6
0	0	data/BGE00170_MGE-BGE_r1_1.3_1.5_s50_100.fasta	None	Conopidae	BLAST	family	COI-5P	656	1500	Conopidae,Psilidae,Sphaeroceridae,Muscidae	BGENL664-23_r_1.5_s_50	Myopa picta	0	BGENL664-23	1.5	50	False	False	17079593	5499	5	1509	0.0	551.0	324.4373757455268	343.0	Naturalis Biodiversity Center	1	6
0	0	data/BGE00170_MGE-BGE_r1_1.3_1.5_s50_100.fasta	None	Conopidae	BLAST	family	COI-5P	656	1500	Conopidae,Psilidae,Sphaeroceridae,Muscidae	BGENL664-23_r_1.5_s_100	Myopa picta	0	BGENL664-23	1.5	100	False	False	17079593	4220	5	1509	0.0	525.0	285.1988071570577	312.0	Naturalis Biodiversity Center	1	6
0	0	data/BGE00170_MGE-BGE_r1_1.3_1.5_s50_100.fasta	None	Conopidae	BLAST	family	COI-5P	657	1509	Syrphidae,Conopidae,Psilidae,Muscidae	BGENL665-23_r_1_s_50	Myopa picta	0	BGENL665-23	1	50	False	False	23809582	14328	4643	1509	502.0	1239.0	850.0258449304175	847.0	Naturalis Biodiversity Center	1	6
0	0	data/BGE00170_MGE-BGE_r1_1.3_1.5_s50_100.fasta	None	Conopidae	BLAST	family	COI-5P	657	1509	Syrphidae,Conopidae,Psilidae,Muscidae	BGENL665-23_r_1_s_100	Myopa picta	0	BGENL665-23	1	100	False	False	23809582	10291	4643	1509	335.0	1148.0	717.3021868787276	721.0	Naturalis Biodiversity Center	1	6
0	0	data/BGE00170_MGE-BGE_r1_1.3_1.5_s50_100.fasta	None	Conopidae	BLAST	family	COI-5P	657	1509	Syrphidae,Conopidae,Psilidae,Muscidae	BGENL665-23_r_1.3_s_50	Myopa picta	0	BGENL665-23	1.3	50	False	False	23809582	13143	4643	1509	172.0	1229.0	783.3041749502983	808.0	Naturalis Biodiversity Center	1	6
0	0	data/BGE00170_MGE-BGE_r1_1.3_1.5_s50_100.fasta	None	Conopidae	BLAST	family	COI-5P	657	1509	Syrphidae,Conopidae,Psilidae,Muscidae	BGENL665-23_r_1.3_s_100	Myopa picta	0	BGENL665-23	1.3	100	False	False	23809582	9690	4643	1509	170.0	1148.0	673.7117296222664	688.0	Naturalis Biodiversity Center	1	6
0	0	data/BGE00170_MGE-BGE_r1_1.3_1.5_s50_100.fasta	None	Conopidae	BLAST	family	COI-5P	657	1491	Syrphidae,Conopidae,Psilidae,Drosophilidae,Muscidae	BGENL665-23_r_1.5_s_50	Myopa picta	0	BGENL665-23	1.5	50	False	False	23809582	10211	4643	1509	0.0	1214.0	606.948310139165	640.0	Naturalis Biodiversity Center	1	6
0	3	data/BGE00170_MGE-BGE_r1_1.3_1.5_s50_100.fasta	None	Conopidae	BLAST	family	COI-5P	657	1491	Syrphidae,Conopidae,Psilidae,Drosophilidae,Muscidae	BGENL665-23_r_1.5_s_100	Myopa picta	0	BGENL665-23	1.5	100	False	False	23809582	7631	4643	1509	0.0	1141.0	529.089463220676	540.0	Naturalis Biodiversity Center	1	6
