ambig_basecount	ambig_full_basecount	dataset	error	identification	identification_method	identification_rank	marker_code	nuc_basecount	nuc_full_basecount	obs_taxon	sequence_id	species	stop_codons	group_id	r	s	fcleaner	merge	n_reads_in	n_reads_aligned	n_reads_skipped	ref_length	cov_min	cov_max	cov_avg	cov_med
0	0	data/BGE00186_MGE-BGE_r1_1.3_1.5_s50_100.fasta	None	Megachilidae	BLAST	family	COI-5P	657	1533	Apidae,Megachilidae	BGENL2091-24_r_1_s_50	Stelis franconica	0	BGENL2091-24	1	50	False	False	6879942	648	315	1539	0.0	75.0	36.34892787524367	34.0
0	0	data/BGE00186_MGE-BGE_r1_1.3_1.5_s50_100.fasta	None	Megachilidae	BLAST	family	COI-5P	657	1533	Apidae,Megachilidae	BGENL2091-24_r_1_s_100	Stelis franconica	0	BGENL2091-24	1	100	False	False	6879942	450	315	1539	0.0	70.0	30.04093567251462	28.0
0	0	data/BGE00186_MGE-BGE_r1_1.3_1.5_s50_100.fasta	None	Megachilidae	BLAST	family	COI-5P	657	1533	Apidae,Megachilidae	BGENL2091-24_r_1.3_s_50	Stelis franconica	0	BGENL2091-24	1.3	50	False	False	6879942	589	315	1539	0.0	73.0	34.136452241715396	32.0
0	0	data/BGE00186_MGE-BGE_r1_1.3_1.5_s50_100.fasta	None	Megachilidae	BLAST	family	COI-5P	657	1533	Apidae,Megachilidae	BGENL2091-24_r_1.3_s_100	Stelis franconica	0	BGENL2091-24	1.3	100	False	False	6879942	443	315	1539	0.0	69.0	29.499025341130604	27.0
0	1	data/BGE00186_MGE-BGE_r1_1.3_1.5_s50_100.fasta	None	Megachilidae	BLAST	family	COI-5P	657	1509	Apidae,Megachilidae	BGENL2091-24_r_1.5_s_50	Stelis franconica	0	BGENL2091-24	1.5	50	False	False	6879942	463	315	1539	0.0	56.0	27.586744639376217	27.0
0	0	data/BGE00186_MGE-BGE_r1_1.3_1.5_s50_100.fasta	None	Megachilidae	BLAST	family	COI-5P	657	1497	Apidae,Megachilidae	BGENL2091-24_r_1.5_s_100	Stelis franconica	0	BGENL2091-24	1.5	100	False	False	6879942	373	315	1539	0.0	51.0	24.879142300194932	24.0
0	5	data/BGE00186_MGE-BGE_r1_1.3_1.5_s50_100.fasta	None	Megachilidae	BLAST	family	COI-5P	657	1539	Apidae,Megachilidae	BGENL2092-24_r_1_s_50	Stelis franconica	0	BGENL2092-24	1	50	False	False	7157889	817	15	1539	4.0	103.0	47.787524366471736	45.0
0	0	data/BGE00186_MGE-BGE_r1_1.3_1.5_s50_100.fasta	None	Megachilidae	BLAST	family	COI-5P	657	1533	Apidae,Megachilidae	BGENL2092-24_r_1_s_100	Stelis franconica	0	BGENL2092-24	1	100	False	False	7157889	590	15	1539	0.0	66.0	40.43664717348928	39.0
0	0	data/BGE00186_MGE-BGE_r1_1.3_1.5_s50_100.fasta	None	Megachilidae	BLAST	family	COI-5P	657	1533	Apidae,Megachilidae	BGENL2092-24_r_1.3_s_50	Stelis franconica	0	BGENL2092-24	1.3	50	False	False	7157889	726	15	1539	0.0	76.0	44.4541910331384	43.0
0	0	data/BGE00186_MGE-BGE_r1_1.3_1.5_s50_100.fasta	None	Megachilidae	BLAST	family	COI-5P	657	1533	Apidae,Megachilidae	BGENL2092-24_r_1.3_s_100	Stelis franconica	0	BGENL2092-24	1.3	100	False	False	7157889	584	15	1539	0.0	66.0	39.955165692007796	39.0
0	2	data/BGE00186_MGE-BGE_r1_1.3_1.5_s50_100.fasta	None	Megachilidae	BLAST	family	COI-5P	657	1533	Apidae,Megachilidae	BGENL2092-24_r_1.5_s_50	Stelis franconica	0	BGENL2092-24	1.5	50	False	False	7157889	579	15	1539	0.0	73.0	36.421052631578945	38.0
0	0	data/BGE00186_MGE-BGE_r1_1.3_1.5_s50_100.fasta	None	Megachilidae	BLAST	family	COI-5P	657	1533	Apidae,Megachilidae	BGENL2092-24_r_1.5_s_100	Stelis franconica	0	BGENL2092-24	1.5	100	False	False	7157889	485	15	1539	0.0	63.0	33.565302144249515	34.0
0	0	data/BGE00186_MGE-BGE_r1_1.3_1.5_s50_100.fasta	None	Megachilidae	BLAST	family	COI-5P	656	1521	Apidae,Megachilidae	BGENL2093-24_r_1_s_50	Stelis pentelica	0	BGENL2093-24	1	50	False	False	10213451	2480	692	1539	0.0	281.0	197.90448343079922	198.0
0	0	data/BGE00186_MGE-BGE_r1_1.3_1.5_s50_100.fasta	None	Megachilidae	BLAST	family	COI-5P	656	1518	Apidae,Megachilidae	BGENL2093-24_r_1_s_100	Stelis pentelica	0	BGENL2093-24	1	100	False	False	10213451	2111	692	1539	0.0	259.0	186.35477582846005	187.0
0	0	data/BGE00186_MGE-BGE_r1_1.3_1.5_s50_100.fasta	None	Megachilidae	BLAST	family	COI-5P	656	1521	Apidae,Megachilidae	BGENL2093-24_r_1.3_s_50	Stelis pentelica	0	BGENL2093-24	1.3	50	False	False	10213451	2350	692	1539	0.0	262.0	192.36062378167642	192.0
0	0	data/BGE00186_MGE-BGE_r1_1.3_1.5_s50_100.fasta	None	Megachilidae	BLAST	family	COI-5P	656	1518	Apidae,Megachilidae	BGENL2093-24_r_1.3_s_100	Stelis pentelica	0	BGENL2093-24	1.3	100	False	False	10213451	2094	692	1539	0.0	257.0	184.54580896686159	184.0
0	0	data/BGE00186_MGE-BGE_r1_1.3_1.5_s50_100.fasta	None	Megachilidae	BLAST	family	COI-5P	656	1521	Apidae,Megachilidae	BGENL2093-24_r_1.5_s_50	Stelis pentelica	0	BGENL2093-24	1.5	50	False	False	10213451	1918	692	1539	0.0	242.0	159.70955165692007	174.0
0	0	data/BGE00186_MGE-BGE_r1_1.3_1.5_s50_100.fasta	None	Megachilidae	BLAST	family	COI-5P	656	1518	Apidae,Megachilidae	BGENL2093-24_r_1.5_s_100	Stelis pentelica	0	BGENL2093-24	1.5	100	False	False	10213451	1741	692	1539	0.0	217.0	154.49902534113062	170.0
0	0	data/BGE00186_MGE-BGE_r1_1.3_1.5_s50_100.fasta	None	Megachilidae	BLAST	family	COI-5P	657	1530	Megachilidae	BGENL2094-24_r_1_s_50	Pseudoanthidium alpinum	0	BGENL2094-24	1	50	False	False	8066309	3203	8	1539	0.0	349.0	257.7426900584795	257.0
0	0	data/BGE00186_MGE-BGE_r1_1.3_1.5_s50_100.fasta	None	Megachilidae	BLAST	family	COI-5P	657	1524	Megachilidae	BGENL2094-24_r_1_s_100	Pseudoanthidium alpinum	0	BGENL2094-24	1	100	False	False	8066309	2836	8	1539	0.0	317.0	244.53021442495125	246.0
0	0	data/BGE00186_MGE-BGE_r1_1.3_1.5_s50_100.fasta	None	Megachilidae	BLAST	family	COI-5P	657	1524	Megachilidae	BGENL2094-24_r_1.3_s_50	Pseudoanthidium alpinum	0	BGENL2094-24	1.3	50	False	False	8066309	2830	8	1539	0.0	309.0	232.88109161793372	248.0
0	0	data/BGE00186_MGE-BGE_r1_1.3_1.5_s50_100.fasta	None	Megachilidae	BLAST	family	COI-5P	657	1524	Megachilidae	BGENL2094-24_r_1.3_s_100	Pseudoanthidium alpinum	0	BGENL2094-24	1.3	100	False	False	8066309	2591	8	1539	0.0	301.0	224.71929824561403	241.0
0	0	data/BGE00186_MGE-BGE_r1_1.3_1.5_s50_100.fasta	None	Megachilidae	BLAST	family	COI-5P	657	1449	Apidae,Megachilidae	BGENL2094-24_r_1.5_s_50	Pseudoanthidium alpinum	0	BGENL2094-24	1.5	50	False	False	8066309	2199	8	1539	0.0	298.0	180.41910331384017	206.0
0	0	data/BGE00186_MGE-BGE_r1_1.3_1.5_s50_100.fasta	None	Megachilidae	BLAST	family	COI-5P	657	1449	Apidae,Megachilidae	BGENL2094-24_r_1.5_s_100	Pseudoanthidium alpinum	0	BGENL2094-24	1.5	100	False	False	8066309	2065	8	1539	0.0	290.0	176.2046783625731	202.0
0	1	data/BGE00186_MGE-BGE_r1_1.3_1.5_s50_100.fasta	None	Megachilidae	BLAST	family	COI-5P	657	1530	Megachilidae	BGENL2095-24_r_1_s_50	Pseudoanthidium alpinum	0	BGENL2095-24	1	50	False	False	5350893	2036	130	1539	0.0	206.0	142.5672514619883	145.0
0	1	data/BGE00186_MGE-BGE_r1_1.3_1.5_s50_100.fasta	None	Megachilidae	BLAST	family	COI-5P	657	1530	Megachilidae	BGENL2095-24_r_1_s_100	Pseudoanthidium alpinum	0	BGENL2095-24	1	100	False	False	5350893	1736	130	1539	0.0	186.0	131.90253411306043	136.0
0	1	data/BGE00186_MGE-BGE_r1_1.3_1.5_s50_100.fasta	None	Megachilidae	BLAST	family	COI-5P	657	1530	Megachilidae	BGENL2095-24_r_1.3_s_50	Pseudoanthidium alpinum	0	BGENL2095-24	1.3	50	False	False	5350893	1834	130	1539	0.0	193.0	130.1851851851852	139.0
0	1	data/BGE00186_MGE-BGE_r1_1.3_1.5_s50_100.fasta	None	Megachilidae	BLAST	family	COI-5P	657	1518	Megachilidae	BGENL2095-24_r_1.3_s_100	Pseudoanthidium alpinum	0	BGENL2095-24	1.3	100	False	False	5350893	1611	130	1539	0.0	182.0	122.51461988304094	131.0
0	1	data/BGE00186_MGE-BGE_r1_1.3_1.5_s50_100.fasta	None	Megachilidae	BLAST	family	COI-5P	657	1503	Apidae,Megachilidae	BGENL2095-24_r_1.5_s_50	Pseudoanthidium alpinum	0	BGENL2095-24	1.5	50	False	False	5350893	1412	130	1539	0.0	175.0	100.08576998050683	109.0
0	1	data/BGE00186_MGE-BGE_r1_1.3_1.5_s50_100.fasta	None	Megachilidae	BLAST	family	COI-5P	657	1455	Apidae,Megachilidae	BGENL2095-24_r_1.5_s_100	Pseudoanthidium alpinum	0	BGENL2095-24	1.5	100	False	False	5350893	1271	130	1539	0.0	171.0	95.46393762183236	104.0
0	0	data/BGE00186_MGE-BGE_r1_1.3_1.5_s50_100.fasta	None	Megachilidae	BLAST	family	COI-5P	657	1530	Megachilidae	BGENL2096-24_r_1_s_50	Pseudoanthidium alpinum	0	BGENL2096-24	1	50	False	False	8609791	18575	9	1539	0.0	1964.0	1298.9512670565302	1328.0
0	0	data/BGE00186_MGE-BGE_r1_1.3_1.5_s50_100.fasta	None	Megachilidae	BLAST	family	COI-5P	657	1527	Megachilidae	BGENL2096-24_r_1_s_100	Pseudoanthidium alpinum	0	BGENL2096-24	1	100	False	False	8609791	15959	9	1539	0.0	1837.0	1204.6959064327486	1245.0
0	2	data/BGE00186_MGE-BGE_r1_1.3_1.5_s50_100.fasta	None	Megachilidae	BLAST	family	COI-5P	657	1530	Megachilidae	BGENL2096-24_r_1.3_s_50	Pseudoanthidium alpinum	0	BGENL2096-24	1.3	50	False	False	8609791	17101	9	1539	0.0	1964.0	1203.6003898635477	1288.0
0	0	data/BGE00186_MGE-BGE_r1_1.3_1.5_s50_100.fasta	None	Megachilidae	BLAST	family	COI-5P	657	1527	Megachilidae	BGENL2096-24_r_1.3_s_100	Pseudoanthidium alpinum	0	BGENL2096-24	1.3	100	False	False	8609791	14962	9	1539	0.0	1837.0	1129.5341130604288	1229.0
0	0	data/BGE00186_MGE-BGE_r1_1.3_1.5_s50_100.fasta	None	Megachilidae	BLAST	family	COI-5P	657	1452	Apidae,Megachilidae	BGENL2096-24_r_1.5_s_50	Pseudoanthidium alpinum	0	BGENL2096-24	1.5	50	False	False	8609791	13259	9	1539	0.0	1951.0	930.8245614035088	1065.0
0	0	data/BGE00186_MGE-BGE_r1_1.3_1.5_s50_100.fasta	None	Megachilidae	BLAST	family	COI-5P	657	1452	Apidae,Megachilidae	BGENL2096-24_r_1.5_s_100	Pseudoanthidium alpinum	0	BGENL2096-24	1.5	100	False	False	8609791	11903	9	1539	0.0	1829.0	886.1286549707602	1017.0
0	0	data/BGE00186_MGE-BGE_r1_1.3_1.5_s50_100.fasta	None	Megachilidae	BLAST	family	COI-5P	657	1536	Apidae,Megachilidae	BGENL2097-24_r_1_s_50	Stenoheriades coelostoma	0	BGENL2097-24	1	50	False	False	9989895	1252	335	1536	60.0	122.0	90.50390625	91.0
0	0	data/BGE00186_MGE-BGE_r1_1.3_1.5_s50_100.fasta	None	Megachilidae	BLAST	family	COI-5P	657	1536	Apidae,Megachilidae	BGENL2097-24_r_1_s_100	Stenoheriades coelostoma	0	BGENL2097-24	1	100	False	False	9989895	1046	335	1536	50.0	111.0	83.4453125	85.0
0	0	data/BGE00186_MGE-BGE_r1_1.3_1.5_s50_100.fasta	None	Megachilidae	BLAST	family	COI-5P	657	1536	Apidae,Megachilidae	BGENL2097-24_r_1.3_s_50	Stenoheriades coelostoma	0	BGENL2097-24	1.3	50	False	False	9989895	1132	335	1536	22.0	119.0	82.84375	87.0
0	0	data/BGE00186_MGE-BGE_r1_1.3_1.5_s50_100.fasta	None	Megachilidae	BLAST	family	COI-5P	657	1536	Apidae,Megachilidae	BGENL2097-24_r_1.3_s_100	Stenoheriades coelostoma	0	BGENL2097-24	1.3	100	False	False	9989895	979	335	1536	22.0	109.0	77.6640625	83.0
0	0	data/BGE00186_MGE-BGE_r1_1.3_1.5_s50_100.fasta	None	Megachilidae	BLAST	family	COI-5P	657	1512	Apidae,Megachilidae	BGENL2097-24_r_1.5_s_50	Stenoheriades coelostoma	0	BGENL2097-24	1.5	50	False	False	9989895	891	335	1536	0.0	110.0	68.11328125	76.0
0	0	data/BGE00186_MGE-BGE_r1_1.3_1.5_s50_100.fasta	None	Megachilidae	BLAST	family	COI-5P	657	1422	Apidae,Megachilidae	BGENL2097-24_r_1.5_s_100	Stenoheriades coelostoma	0	BGENL2097-24	1.5	100	False	False	9989895	826	335	1536	0.0	108.0	66.052734375	73.0
0	0	data/BGE00186_MGE-BGE_r1_1.3_1.5_s50_100.fasta	None	Megachilidae	BLAST	family	COI-5P	657	1536	Apidae,Megachilidae	BGENL2098-24_r_1_s_50	Stenoheriades coelostoma	0	BGENL2098-24	1	50	False	False	7821205	5591	160	1536	263.0	564.0	395.005859375	390.5
0	0	data/BGE00186_MGE-BGE_r1_1.3_1.5_s50_100.fasta	None	Megachilidae	BLAST	family	COI-5P	657	1536	Apidae,Megachilidae	BGENL2098-24_r_1_s_100	Stenoheriades coelostoma	0	BGENL2098-24	1	100	False	False	7821205	4830	160	1536	181.0	551.0	367.966796875	366.0
0	0	data/BGE00186_MGE-BGE_r1_1.3_1.5_s50_100.fasta	None	Megachilidae	BLAST	family	COI-5P	657	1536	Apidae,Megachilidae	BGENL2098-24_r_1.3_s_50	Stenoheriades coelostoma	0	BGENL2098-24	1.3	50	False	False	7821205	5092	160	1536	103.0	546.0	356.84765625	361.5
0	0	data/BGE00186_MGE-BGE_r1_1.3_1.5_s50_100.fasta	None	Megachilidae	BLAST	family	COI-5P	657	1536	Apidae,Megachilidae	BGENL2098-24_r_1.3_s_100	Stenoheriades coelostoma	0	BGENL2098-24	1.3	100	False	False	7821205	4462	160	1536	103.0	531.0	334.9140625	345.5
0	0	data/BGE00186_MGE-BGE_r1_1.3_1.5_s50_100.fasta	None	Megachilidae	BLAST	family	COI-5P	657	1521	Apidae,Megachilidae	BGENL2098-24_r_1.5_s_50	Stenoheriades coelostoma	0	BGENL2098-24	1.5	50	False	False	7821205	3923	160	1536	0.0	542.0	280.568359375	294.5
0	0	data/BGE00186_MGE-BGE_r1_1.3_1.5_s50_100.fasta	None	Megachilidae	BLAST	family	COI-5P	657	1494	Apidae,Megachilidae	BGENL2098-24_r_1.5_s_100	Stenoheriades coelostoma	0	BGENL2098-24	1.5	100	False	False	7821205	3573	160	1536	0.0	527.0	268.90625	283.0
0	9	data/BGE00186_MGE-BGE_r1_1.3_1.5_s50_100.fasta	None	Megachilidae	BLAST	family	COI-5P	657	1536	Apidae,Megachilidae	BGENL2099-24_r_1_s_50	Stenoheriades coelostoma	0	BGENL2099-24	1	50	False	False	1157610	1463	291	1536	51.0	182.0	101.515625	96.0
0	3	data/BGE00186_MGE-BGE_r1_1.3_1.5_s50_100.fasta	None	Megachilidae	BLAST	family	COI-5P	657	1536	Apidae,Megachilidae	BGENL2099-24_r_1_s_100	Stenoheriades coelostoma	0	BGENL2099-24	1	100	False	False	1157610	1224	291	1536	32.0	179.0	92.64453125	87.0
0	0	data/BGE00186_MGE-BGE_r1_1.3_1.5_s50_100.fasta	None	Megachilidae	BLAST	family	COI-5P	657	1536	Apidae,Megachilidae	BGENL2099-24_r_1.3_s_50	Stenoheriades coelostoma	0	BGENL2099-24	1.3	50	False	False	1157610	1280	291	1536	10.0	159.0	86.2421875	86.0
0	0	data/BGE00186_MGE-BGE_r1_1.3_1.5_s50_100.fasta	None	Megachilidae	BLAST	family	COI-5P	657	1536	Apidae,Megachilidae	BGENL2099-24_r_1.3_s_100	Stenoheriades coelostoma	0	BGENL2099-24	1.3	100	False	False	1157610	1099	291	1536	10.0	158.0	79.947265625	76.0
0	0	data/BGE00186_MGE-BGE_r1_1.3_1.5_s50_100.fasta	None	Megachilidae	BLAST	family	COI-5P	657	1455	Apidae,Megachilidae	BGENL2099-24_r_1.5_s_50	Stenoheriades coelostoma	0	BGENL2099-24	1.5	50	False	False	1157610	953	291	1536	0.0	128.0	66.00390625	69.0
0	0	data/BGE00186_MGE-BGE_r1_1.3_1.5_s50_100.fasta	None	Megachilidae	BLAST	family	COI-5P	657	1407	Apidae,Megachilidae	BGENL2099-24_r_1.5_s_100	Stenoheriades coelostoma	0	BGENL2099-24	1.5	100	False	False	1157610	849	291	1536	0.0	123.0	62.494140625	66.0
21	26	data/BGE00186_MGE-BGE_r1_1.3_1.5_s50_100.fasta	None	Megachilidae	BLAST	family	COI-5P	657	1533	Apidae,Megachilidae	BGENL2100-24_r_1_s_50	Protosmia paradoxa	0	BGENL2100-24	1	50	False	False	6199004	297	195	1536	0.0	48.0	16.470703125	17.0
20	32	data/BGE00186_MGE-BGE_r1_1.3_1.5_s50_100.fasta	None	Megachilidae	BLAST	family	COI-5P	657	1422	Apidae,Megachilidae	BGENL2100-24_r_1_s_100	Protosmia paradoxa	0	BGENL2100-24	1	100	False	False	6199004	181	195	1536	0.0	32.0	12.7265625	12.5
6	8	data/BGE00186_MGE-BGE_r1_1.3_1.5_s50_100.fasta	None	Megachilidae	BLAST	family	COI-5P	657	1491	Apidae,Megachilidae	BGENL2100-24_r_1.3_s_50	Protosmia paradoxa	0	BGENL2100-24	1.3	50	False	False	6199004	239	195	1536	0.0	42.0	11.958984375	11.0
12	16	data/BGE00186_MGE-BGE_r1_1.3_1.5_s50_100.fasta	None	Megachilidae	BLAST	family	COI-5P	657	1422	Apidae,Megachilidae	BGENL2100-24_r_1.3_s_100	Protosmia paradoxa	0	BGENL2100-24	1.3	100	False	False	6199004	144	195	1536	0.0	29.0	8.990234375	8.0
2	3	data/BGE00186_MGE-BGE_r1_1.3_1.5_s50_100.fasta	None	Megachilidae	BLAST	family	COI-5P	633	1380	Megachilidae	BGENL2100-24_r_1.5_s_50	Protosmia paradoxa	0	BGENL2100-24	1.5	50	False	False	6199004	189	195	1536	0.0	41.0	9.169921875	9.0
4	4	data/BGE00186_MGE-BGE_r1_1.3_1.5_s50_100.fasta	None	Megachilidae	BLAST	family	COI-5P	615	1353	Megachilidae	BGENL2100-24_r_1.5_s_100	Protosmia paradoxa	0	BGENL2100-24	1.5	100	False	False	6199004	119	195	1536	0.0	29.0	7.140625	6.0
0	0	data/BGE00186_MGE-BGE_r1_1.3_1.5_s50_100.fasta	None	Megachilidae	BLAST	family	COI-5P	657	1533	Apidae,Megachilidae	BGENL2101-24_r_1_s_50	Protosmia paradoxa	0	BGENL2101-24	1	50	False	False	8256623	1244	29	1536	0.0	131.0	91.240234375	92.5
0	0	data/BGE00186_MGE-BGE_r1_1.3_1.5_s50_100.fasta	None	Megachilidae	BLAST	family	COI-5P	657	1533	Apidae,Megachilidae	BGENL2101-24_r_1_s_100	Protosmia paradoxa	0	BGENL2101-24	1	100	False	False	8256623	1047	29	1536	0.0	126.0	84.302734375	85.0
0	0	data/BGE00186_MGE-BGE_r1_1.3_1.5_s50_100.fasta	None	Megachilidae	BLAST	family	COI-5P	657	1533	Apidae,Megachilidae	BGENL2101-24_r_1.3_s_50	Protosmia paradoxa	0	BGENL2101-24	1.3	50	False	False	8256623	1146	29	1536	0.0	126.0	85.361328125	90.0
0	0	data/BGE00186_MGE-BGE_r1_1.3_1.5_s50_100.fasta	None	Megachilidae	BLAST	family	COI-5P	657	1533	Apidae,Megachilidae	BGENL2101-24_r_1.3_s_100	Protosmia paradoxa	0	BGENL2101-24	1.3	100	False	False	8256623	1004	29	1536	0.0	122.0	80.470703125	84.0
0	0	data/BGE00186_MGE-BGE_r1_1.3_1.5_s50_100.fasta	None	Megachilidae	BLAST	family	COI-5P	657	1434	Apidae,Megachilidae	BGENL2101-24_r_1.5_s_50	Protosmia paradoxa	0	BGENL2101-24	1.5	50	False	False	8256623	822	29	1536	0.0	125.0	62.638671875	64.0
0	0	data/BGE00186_MGE-BGE_r1_1.3_1.5_s50_100.fasta	None	Megachilidae	BLAST	family	COI-5P	657	1434	Apidae,Megachilidae	BGENL2101-24_r_1.5_s_100	Protosmia paradoxa	0	BGENL2101-24	1.5	100	False	False	8256623	760	29	1536	0.0	122.0	60.55859375	62.0
19	44	data/BGE00186_MGE-BGE_r1_1.3_1.5_s50_100.fasta	None	Megachilidae	BLAST	family	COI-5P	623	1476	Cecidomyiidae,Braconidae,Megachilidae,Diapriidae	BGENL2102-24_r_1_s_50	Protosmia paradoxa	0	BGENL2102-24	1	50	False	False	3522808	396	507	1536	0.0	85.0	26.275390625	25.0
9	19	data/BGE00186_MGE-BGE_r1_1.3_1.5_s50_100.fasta	None	Megachilidae	BLAST	family	COI-5P	569	1311	Cecidomyiidae,Apidae,Megachilidae	BGENL2102-24_r_1_s_100	Protosmia paradoxa	0	BGENL2102-24	1	100	False	False	3522808	204	507	1536	0.0	60.0	19.267578125	16.0
2	5	data/BGE00186_MGE-BGE_r1_1.3_1.5_s50_100.fasta	None	Megachilidae	BLAST	family	COI-5P	524	1302	Apidae,Megachilidae	BGENL2102-24_r_1.3_s_50	Protosmia paradoxa	0	BGENL2102-24	1.3	50	False	False	3522808	162	507	1536	0.0	40.0	7.64453125	4.0
0	3	data/BGE00186_MGE-BGE_r1_1.3_1.5_s50_100.fasta	None	Megachilidae	BLAST	family	COI-5P	315	846	Apidae	BGENL2102-24_r_1.3_s_100	Protosmia paradoxa	0	BGENL2102-24	1.3	100	False	False	3522808	78	507	1536	0.0	25.0	4.95703125	1.0
3	3	data/BGE00186_MGE-BGE_r1_1.3_1.5_s50_100.fasta	None	Megachilidae	BLAST	family	COI-5P	456	954	Apidae,Megachilidae	BGENL2102-24_r_1.5_s_50	Protosmia paradoxa	0	BGENL2102-24	1.5	50	False	False	3522808	72	507	1536	0.0	13.0	2.828125	2.0
0	0	data/BGE00186_MGE-BGE_r1_1.3_1.5_s50_100.fasta	None	Megachilidae	BLAST	family	COI-5P	478	621	Apidae,Aphelinidae	BGENL2102-24_r_1.5_s_100	Protosmia paradoxa	0	BGENL2102-24	1.5	100	False	False	3522808	33	507	1536	0.0	11.0	1.5703125	0.0
0	0	data/BGE00186_MGE-BGE_r1_1.3_1.5_s50_100.fasta	None	Megachilidae	BLAST	family	COI-5P	657	1536	Apidae,Megachilidae	BGENL2103-24_r_1_s_50	Protosmia tauricola	0	BGENL2103-24	1	50	False	False	6835171	979	449	1536	22.0	105.0	62.541015625	63.0
0	0	data/BGE00186_MGE-BGE_r1_1.3_1.5_s50_100.fasta	None	Megachilidae	BLAST	family	COI-5P	657	1536	Apidae,Megachilidae	BGENL2103-24_r_1_s_100	Protosmia tauricola	0	BGENL2103-24	1	100	False	False	6835171	777	449	1536	21.0	94.0	55.84375	56.0
0	0	data/BGE00186_MGE-BGE_r1_1.3_1.5_s50_100.fasta	None	Megachilidae	BLAST	family	COI-5P	657	1536	Apidae,Megachilidae	BGENL2103-24_r_1.3_s_50	Protosmia tauricola	0	BGENL2103-24	1.3	50	False	False	6835171	878	449	1536	11.0	102.0	56.341796875	59.0
0	0	data/BGE00186_MGE-BGE_r1_1.3_1.5_s50_100.fasta	None	Megachilidae	BLAST	family	COI-5P	657	1536	Apidae,Megachilidae	BGENL2103-24_r_1.3_s_100	Protosmia tauricola	0	BGENL2103-24	1.3	100	False	False	6835171	725	449	1536	11.0	89.0	51.3203125	53.0
0	0	data/BGE00186_MGE-BGE_r1_1.3_1.5_s50_100.fasta	None	Megachilidae	BLAST	family	COI-5P	657	1488	Apidae,Megachilidae	BGENL2103-24_r_1.5_s_50	Protosmia tauricola	0	BGENL2103-24	1.5	50	False	False	6835171	673	449	1536	0.0	100.0	42.56640625	46.0
0	0	data/BGE00186_MGE-BGE_r1_1.3_1.5_s50_100.fasta	None	Megachilidae	BLAST	family	COI-5P	657	1461	Apidae,Megachilidae	BGENL2103-24_r_1.5_s_100	Protosmia tauricola	0	BGENL2103-24	1.5	100	False	False	6835171	562	449	1536	0.0	88.0	38.982421875	42.0
0	0	data/BGE00186_MGE-BGE_r1_1.3_1.5_s50_100.fasta	None	Megachilidae	BLAST	family	COI-5P	657	1536	Apidae,Megachilidae	BGENL2104-24_r_1_s_50	Protosmia tauricola	0	BGENL2104-24	1	50	False	False	6996111	1201	202	1536	2.0	128.0	78.822265625	77.0
0	0	data/BGE00186_MGE-BGE_r1_1.3_1.5_s50_100.fasta	None	Megachilidae	BLAST	family	COI-5P	657	1533	Apidae,Megachilidae	BGENL2104-24_r_1_s_100	Protosmia tauricola	0	BGENL2104-24	1	100	False	False	6996111	917	202	1536	0.0	108.0	69.005859375	69.0
0	0	data/BGE00186_MGE-BGE_r1_1.3_1.5_s50_100.fasta	None	Megachilidae	BLAST	family	COI-5P	657	1533	Apidae,Megachilidae	BGENL2104-24_r_1.3_s_50	Protosmia tauricola	0	BGENL2104-24	1.3	50	False	False	6996111	1015	202	1536	0.0	102.0	67.9296875	68.0
0	0	data/BGE00186_MGE-BGE_r1_1.3_1.5_s50_100.fasta	None	Megachilidae	BLAST	family	COI-5P	657	1533	Apidae,Megachilidae	BGENL2104-24_r_1.3_s_100	Protosmia tauricola	0	BGENL2104-24	1.3	100	False	False	6996111	833	202	1536	0.0	91.0	61.80859375	63.0
0	0	data/BGE00186_MGE-BGE_r1_1.3_1.5_s50_100.fasta	None	Megachilidae	BLAST	family	COI-5P	657	1491	Apidae,Megachilidae	BGENL2104-24_r_1.5_s_50	Protosmia tauricola	0	BGENL2104-24	1.5	50	False	False	6996111	808	202	1536	0.0	83.0	55.794921875	62.0
0	0	data/BGE00186_MGE-BGE_r1_1.3_1.5_s50_100.fasta	None	Megachilidae	BLAST	family	COI-5P	657	1491	Apidae,Megachilidae	BGENL2104-24_r_1.5_s_100	Protosmia tauricola	0	BGENL2104-24	1.5	100	False	False	6996111	700	202	1536	0.0	75.0	52.33203125	58.0
0	0	data/BGE00186_MGE-BGE_r1_1.3_1.5_s50_100.fasta	None	Megachilidae	BLAST	family	COI-5P	657	1536	Apidae,Megachilidae	BGENL2105-24_r_1_s_50	Protosmia tauricola	0	BGENL2105-24	1	50	False	False	5674415	548	108	1536	6.0	49.0	31.6640625	32.0
0	0	data/BGE00186_MGE-BGE_r1_1.3_1.5_s50_100.fasta	None	Megachilidae	BLAST	family	COI-5P	657	1536	Apidae,Megachilidae	BGENL2105-24_r_1_s_100	Protosmia tauricola	0	BGENL2105-24	1	100	False	False	5674415	380	108	1536	5.0	43.0	25.92578125	27.0
0	0	data/BGE00186_MGE-BGE_r1_1.3_1.5_s50_100.fasta	None	Megachilidae	BLAST	family	COI-5P	657	1536	Apidae,Megachilidae	BGENL2105-24_r_1.3_s_50	Protosmia tauricola	0	BGENL2105-24	1.3	50	False	False	5674415	476	108	1536	3.0	44.0	27.33203125	29.5
0	0	data/BGE00186_MGE-BGE_r1_1.3_1.5_s50_100.fasta	None	Megachilidae	BLAST	family	COI-5P	657	1536	Apidae,Megachilidae	BGENL2105-24_r_1.3_s_100	Protosmia tauricola	0	BGENL2105-24	1.3	100	False	False	5674415	350	108	1536	3.0	39.0	23.025390625	24.0
0	1	data/BGE00186_MGE-BGE_r1_1.3_1.5_s50_100.fasta	None	Megachilidae	BLAST	family	COI-5P	633	1362	Apidae,Megachilidae	BGENL2105-24_r_1.5_s_50	Protosmia tauricola	0	BGENL2105-24	1.5	50	False	False	5674415	357	108	1536	0.0	44.0	20.03125	22.5
0	1	data/BGE00186_MGE-BGE_r1_1.3_1.5_s50_100.fasta	None	Megachilidae	BLAST	family	COI-5P	633	1362	Apidae,Megachilidae	BGENL2105-24_r_1.5_s_100	Protosmia tauricola	0	BGENL2105-24	1.5	100	False	False	5674415	273	108	1536	0.0	36.0	17.337890625	19.0
0	0	data/BGE00186_MGE-BGE_r1_1.3_1.5_s50_100.fasta	None	Megachilidae	BLAST	family	COI-5P	656	1536	Apidae,Megachilidae	BGENL2106-24_r_1_s_50	Protosmia tiflensis	0	BGENL2106-24	1	50	False	False	6840398	4584	63	1536	3.0	536.0	311.23828125	305.0
0	0	data/BGE00186_MGE-BGE_r1_1.3_1.5_s50_100.fasta	None	Megachilidae	BLAST	family	COI-5P	656	1533	Apidae,Megachilidae	BGENL2106-24_r_1_s_100	Protosmia tiflensis	0	BGENL2106-24	1	100	False	False	6840398	3775	63	1536	0.0	505.0	282.51171875	273.0
0	0	data/BGE00186_MGE-BGE_r1_1.3_1.5_s50_100.fasta	None	Megachilidae	BLAST	family	COI-5P	656	1533	Apidae,Megachilidae	BGENL2106-24_r_1.3_s_50	Protosmia tiflensis	0	BGENL2106-24	1.3	50	False	False	6840398	4182	63	1536	0.0	533.0	286.4609375	283.0
0	0	data/BGE00186_MGE-BGE_r1_1.3_1.5_s50_100.fasta	None	Megachilidae	BLAST	family	COI-5P	656	1533	Apidae,Megachilidae	BGENL2106-24_r_1.3_s_100	Protosmia tiflensis	0	BGENL2106-24	1.3	100	False	False	6840398	3557	63	1536	0.0	502.0	265.029296875	261.5
0	0	data/BGE00186_MGE-BGE_r1_1.3_1.5_s50_100.fasta	None	Megachilidae	BLAST	family	COI-5P	656	1461	Apidae,Megachilidae	BGENL2106-24_r_1.5_s_50	Protosmia tiflensis	0	BGENL2106-24	1.5	50	False	False	6840398	2986	63	1536	0.0	532.0	205.71875	201.5
0	0	data/BGE00186_MGE-BGE_r1_1.3_1.5_s50_100.fasta	None	Megachilidae	BLAST	family	COI-5P	656	1461	Apidae,Megachilidae	BGENL2106-24_r_1.5_s_100	Protosmia tiflensis	0	BGENL2106-24	1.5	100	False	False	6840398	2629	63	1536	0.0	502.0	194.126953125	190.0
0	0	data/BGE00186_MGE-BGE_r1_1.3_1.5_s50_100.fasta	None	Megachilidae	BLAST	family	COI-5P	656	1533	Apidae,Megachilidae	BGENL2107-24_r_1_s_50	Protosmia tiflensis	0	BGENL2107-24	1	50	False	False	5715889	3034	209	1536	0.0	307.0	236.59765625	237.0
0	0	data/BGE00186_MGE-BGE_r1_1.3_1.5_s50_100.fasta	None	Megachilidae	BLAST	family	COI-5P	656	1533	Apidae,Megachilidae	BGENL2107-24_r_1_s_100	Protosmia tiflensis	0	BGENL2107-24	1	100	False	False	5715889	2603	209	1536	0.0	289.0	221.365234375	222.0
0	0	data/BGE00186_MGE-BGE_r1_1.3_1.5_s50_100.fasta	None	Megachilidae	BLAST	family	COI-5P	656	1533	Apidae,Megachilidae	BGENL2107-24_r_1.3_s_50	Protosmia tiflensis	0	BGENL2107-24	1.3	50	False	False	5715889	2756	209	1536	0.0	303.0	217.9921875	224.5
0	0	data/BGE00186_MGE-BGE_r1_1.3_1.5_s50_100.fasta	None	Megachilidae	BLAST	family	COI-5P	656	1533	Apidae,Megachilidae	BGENL2107-24_r_1.3_s_100	Protosmia tiflensis	0	BGENL2107-24	1.3	100	False	False	5715889	2428	209	1536	0.0	289.0	206.76171875	216.0
0	0	data/BGE00186_MGE-BGE_r1_1.3_1.5_s50_100.fasta	None	Megachilidae	BLAST	family	COI-5P	656	1476	Apidae,Megachilidae	BGENL2107-24_r_1.5_s_50	Protosmia tiflensis	0	BGENL2107-24	1.5	50	False	False	5715889	1848	209	1536	0.0	298.0	148.572265625	151.5
0	0	data/BGE00186_MGE-BGE_r1_1.3_1.5_s50_100.fasta	None	Megachilidae	BLAST	family	COI-5P	656	1476	Apidae,Megachilidae	BGENL2107-24_r_1.5_s_100	Protosmia tiflensis	0	BGENL2107-24	1.5	100	False	False	5715889	1694	209	1536	0.0	284.0	143.552734375	146.5
0	0	data/BGE00186_MGE-BGE_r1_1.3_1.5_s50_100.fasta	None	Megachilidae	BLAST	family	COI-5P	656	1536	Apidae,Megachilidae	BGENL2108-24_r_1_s_50	Protosmia tiflensis	0	BGENL2108-24	1	50	False	False	7329049	18670	7065	1536	3.0	2001.0	1454.77734375	1448.0
0	0	data/BGE00186_MGE-BGE_r1_1.3_1.5_s50_100.fasta	None	Megachilidae	BLAST	family	COI-5P	656	1536	Apidae,Megachilidae	BGENL2108-24_r_1_s_100	Protosmia tiflensis	0	BGENL2108-24	1	100	False	False	7329049	16523	7065	1536	1.0	1937.0	1377.654296875	1366.0
0	0	data/BGE00186_MGE-BGE_r1_1.3_1.5_s50_100.fasta	None	Megachilidae	BLAST	family	COI-5P	656	1533	Apidae,Megachilidae	BGENL2108-24_r_1.3_s_50	Protosmia tiflensis	0	BGENL2108-24	1.3	50	False	False	7329049	17115	7065	1536	0.0	1962.0	1338.16796875	1357.5
0	0	data/BGE00186_MGE-BGE_r1_1.3_1.5_s50_100.fasta	None	Megachilidae	BLAST	family	COI-5P	656	1533	Apidae,Megachilidae	BGENL2108-24_r_1.3_s_100	Protosmia tiflensis	0	BGENL2108-24	1.3	100	False	False	7329049	15344	7065	1536	0.0	1898.0	1276.33203125	1313.0
0	0	data/BGE00186_MGE-BGE_r1_1.3_1.5_s50_100.fasta	None	Megachilidae	BLAST	family	COI-5P	656	1476	Apidae,Megachilidae	BGENL2108-24_r_1.5_s_50	Protosmia tiflensis	0	BGENL2108-24	1.5	50	False	False	7329049	12097	7065	1536	0.0	1941.0	951.267578125	983.5
0	0	data/BGE00186_MGE-BGE_r1_1.3_1.5_s50_100.fasta	None	Megachilidae	BLAST	family	COI-5P	656	1476	Apidae,Megachilidae	BGENL2108-24_r_1.5_s_100	Protosmia tiflensis	0	BGENL2108-24	1.5	100	False	False	7329049	11156	7065	1536	0.0	1877.0	920.583984375	959.5
9	13	data/BGE00186_MGE-BGE_r1_1.3_1.5_s50_100.fasta	None	Melittidae	BLAST	family	COI-5P	655	1539	Crabronidae,Colletidae	BGENL2109-24_r_1_s_50	Dasypoda argentata	0	BGENL2109-24	1	50	False	False	12408965	370	10	1548	0.0	44.0	17.21511627906977	15.0
2	2	data/BGE00186_MGE-BGE_r1_1.3_1.5_s50_100.fasta	None	Melittidae	BLAST	family	COI-5P	655	1518	Crabronidae,Apidae,Halictidae,Colletidae	BGENL2109-24_r_1_s_100	Dasypoda argentata	0	BGENL2109-24	1	100	False	False	12408965	154	10	1548	0.0	20.0	10.430232558139535	10.0
3	4	data/BGE00186_MGE-BGE_r1_1.3_1.5_s50_100.fasta	None	Melittidae	BLAST	family	COI-5P	643	1527	Crabronidae,Apidae,Colletidae	BGENL2109-24_r_1.3_s_50	Dasypoda argentata	0	BGENL2109-24	1.3	50	False	False	12408965	223	10	1548	0.0	26.0	11.261627906976743	11.0
4	4	data/BGE00186_MGE-BGE_r1_1.3_1.5_s50_100.fasta	None	Melittidae	BLAST	family	COI-5P	644	1506	Crabronidae,Apidae,Colletidae	BGENL2109-24_r_1.3_s_100	Dasypoda argentata	0	BGENL2109-24	1.3	100	False	False	12408965	126	10	1548	0.0	18.0	8.391472868217054	9.0
4	8	data/BGE00186_MGE-BGE_r1_1.3_1.5_s50_100.fasta	None	Melittidae	BLAST	family	COI-5P	444	1248	Crabronidae,Apidae,Halictidae,Melittidae	BGENL2109-24_r_1.5_s_50	Dasypoda argentata	0	BGENL2109-24	1.5	50	False	False	12408965	128	10	1548	0.0	21.0	6.323643410852713	5.0
4	4	data/BGE00186_MGE-BGE_r1_1.3_1.5_s50_100.fasta	None	Melittidae	BLAST	family	COI-5P	443	1182	Crabronidae,Apidae,Halictidae,Melittidae	BGENL2109-24_r_1.5_s_100	Dasypoda argentata	0	BGENL2109-24	1.5	100	False	False	12408965	81	10	1548	0.0	18.0	5.00968992248062	4.0
0	6	data/BGE00186_MGE-BGE_r1_1.3_1.5_s50_100.fasta	None	Melittidae	BLAST	family	COI-5P	656	1539	Apidae,Halictidae,Megachilidae,Colletidae,Melittidae	BGENL2110-24_r_1_s_50	Dasypoda argentata	0	BGENL2110-24	1	50	False	False	13183896	1121	351	1548	0.0	121.0	63.72674418604651	61.0
0	0	data/BGE00186_MGE-BGE_r1_1.3_1.5_s50_100.fasta	None	Melittidae	BLAST	family	COI-5P	656	1539	Apidae,Halictidae,Megachilidae,Colletidae,Melittidae	BGENL2110-24_r_1_s_100	Dasypoda argentata	0	BGENL2110-24	1	100	False	False	13183896	696	351	1548	0.0	82.0	49.286821705426355	48.0
0	3	data/BGE00186_MGE-BGE_r1_1.3_1.5_s50_100.fasta	None	Melittidae	BLAST	family	COI-5P	656	1539	Apidae,Halictidae,Megachilidae,Colletidae,Melittidae	BGENL2110-24_r_1.3_s_50	Dasypoda argentata	0	BGENL2110-24	1.3	50	False	False	13183896	813	351	1548	0.0	91.0	48.42248062015504	53.0
0	0	data/BGE00186_MGE-BGE_r1_1.3_1.5_s50_100.fasta	None	Melittidae	BLAST	family	COI-5P	656	1539	Apidae,Halictidae,Megachilidae,Colletidae,Melittidae	BGENL2110-24_r_1.3_s_100	Dasypoda argentata	0	BGENL2110-24	1.3	100	False	False	13183896	590	351	1548	0.0	74.0	41.31782945736434	45.0
0	4	data/BGE00186_MGE-BGE_r1_1.3_1.5_s50_100.fasta	None	Melittidae	BLAST	family	COI-5P	584	1353	Crabronidae,Halictidae,Colletidae	BGENL2110-24_r_1.5_s_50	Dasypoda argentata	0	BGENL2110-24	1.5	50	False	False	13183896	494	351	1548	0.0	79.0	28.127906976744185	26.0
8	13	data/BGE00186_MGE-BGE_r1_1.3_1.5_s50_100.fasta	None	Melittidae	BLAST	family	COI-5P	584	1335	Crabronidae,Apidae,Halictidae,Megachilidae,Colletidae	BGENL2110-24_r_1.5_s_100	Dasypoda argentata	0	BGENL2110-24	1.5	100	False	False	13183896	375	351	1548	0.0	72.0	24.459302325581394	21.0
0	7	data/BGE00186_MGE-BGE_r1_1.3_1.5_s50_100.fasta	None	Melittidae	BLAST	family	COI-5P	656	1539	Apidae,Halictidae,Megachilidae,Colletidae	BGENL2111-24_r_1_s_50	Dasypoda argentata	0	BGENL2111-24	1	50	False	False	11471872	5849	770	1548	0.0	611.0	341.15697674418607	339.0
0	0	data/BGE00186_MGE-BGE_r1_1.3_1.5_s50_100.fasta	None	Melittidae	BLAST	family	COI-5P	656	1539	Apidae,Halictidae,Megachilidae,Colletidae	BGENL2111-24_r_1_s_100	Dasypoda argentata	0	BGENL2111-24	1	100	False	False	11471872	4107	770	1548	0.0	465.0	277.3236434108527	272.0
0	1	data/BGE00186_MGE-BGE_r1_1.3_1.5_s50_100.fasta	None	Melittidae	BLAST	family	COI-5P	656	1539	Apidae,Halictidae,Megachilidae,Colletidae	BGENL2111-24_r_1.3_s_50	Dasypoda argentata	0	BGENL2111-24	1.3	50	False	False	11471872	4441	770	1548	0.0	451.0	258.2422480620155	277.0
0	0	data/BGE00186_MGE-BGE_r1_1.3_1.5_s50_100.fasta	None	Melittidae	BLAST	family	COI-5P	656	1539	Apidae,Halictidae,Megachilidae,Colletidae	BGENL2111-24_r_1.3_s_100	Dasypoda argentata	0	BGENL2111-24	1.3	100	False	False	11471872	3360	770	1548	0.0	392.0	222.13565891472868	236.0
0	4	data/BGE00186_MGE-BGE_r1_1.3_1.5_s50_100.fasta	None	Melittidae	BLAST	family	COI-5P	608	1446	Crabronidae,Apidae,Colletidae	BGENL2111-24_r_1.5_s_50	Dasypoda argentata	0	BGENL2111-24	1.5	50	False	False	11471872	2905	770	1548	0.0	412.0	160.68410852713177	167.0
0	0	data/BGE00186_MGE-BGE_r1_1.3_1.5_s50_100.fasta	None	Melittidae	BLAST	family	COI-5P	608	1368	Crabronidae,Apidae,Colletidae	BGENL2111-24_r_1.5_s_100	Dasypoda argentata	0	BGENL2111-24	1.5	100	False	False	11471872	2245	770	1548	0.0	378.0	139.79263565891472	144.5
0	4	data/BGE00186_MGE-BGE_r1_1.3_1.5_s50_100.fasta	None	Melittidae	BLAST	family	COI-5P	655	1548	Apidae,Halictidae,Colletidae	BGENL2112-24_r_1_s_50	Dasypoda braccata	0	BGENL2112-24	1	50	False	False	8394717	82316	31103	1548	1.0	9934.0	5249.052325581395	5345.5
0	2	data/BGE00186_MGE-BGE_r1_1.3_1.5_s50_100.fasta	None	Melittidae	BLAST	family	COI-5P	655	1545	Apidae,Halictidae,Colletidae	BGENL2112-24_r_1_s_100	Dasypoda braccata	0	BGENL2112-24	1	100	False	False	8394717	64082	31103	1548	0.0	8923.0	4568.122093023256	4759.5
0	0	data/BGE00186_MGE-BGE_r1_1.3_1.5_s50_100.fasta	None	Melittidae	BLAST	family	COI-5P	655	1548	Apidae,Halictidae,Colletidae	BGENL2112-24_r_1.3_s_50	Dasypoda braccata	0	BGENL2112-24	1.3	50	False	False	8394717	66460	31103	1548	1.0	8918.0	4250.955426356589	4337.5
0	0	data/BGE00186_MGE-BGE_r1_1.3_1.5_s50_100.fasta	None	Melittidae	BLAST	family	COI-5P	655	1518	Apidae,Halictidae,Colletidae	BGENL2112-24_r_1.3_s_100	Dasypoda braccata	0	BGENL2112-24	1.3	100	False	False	8394717	54386	31103	1548	0.0	8247.0	3839.8546511627906	3943.0
0	1	data/BGE00186_MGE-BGE_r1_1.3_1.5_s50_100.fasta	None	Melittidae	BLAST	family	COI-5P	655	1536	Apidae,Halictidae,Colletidae	BGENL2112-24_r_1.5_s_50	Dasypoda braccata	0	BGENL2112-24	1.5	50	False	False	8394717	39304	31103	1548	0.0	6215.0	2387.1375968992247	2469.5
0	0	data/BGE00186_MGE-BGE_r1_1.3_1.5_s50_100.fasta	None	Melittidae	BLAST	family	COI-5P	655	1494	Apidae,Halictidae,Colletidae	BGENL2112-24_r_1.5_s_100	Dasypoda braccata	0	BGENL2112-24	1.5	100	False	False	8394717	33037	31103	1548	0.0	5814.0	2184.236434108527	2222.0
0	9	data/BGE00186_MGE-BGE_r1_1.3_1.5_s50_100.fasta	None	Melittidae	BLAST	family	COI-5P	655	1548	Apidae,Halictidae,Colletidae	BGENL2113-24_r_1_s_50	Dasypoda braccata	0	BGENL2113-24	1	50	False	False	7145586	1173	780	1548	3.0	93.0	55.79457364341085	56.0
0	0	data/BGE00186_MGE-BGE_r1_1.3_1.5_s50_100.fasta	None	Melittidae	BLAST	family	COI-5P	655	1539	Apidae,Halictidae,Colletidae	BGENL2113-24_r_1_s_100	Dasypoda braccata	0	BGENL2113-24	1	100	False	False	7145586	565	780	1548	0.0	70.0	35.15503875968992	35.0
0	2	data/BGE00186_MGE-BGE_r1_1.3_1.5_s50_100.fasta	None	Melittidae	BLAST	family	COI-5P	655	1548	Apidae,Halictidae,Colletidae	BGENL2113-24_r_1.3_s_50	Dasypoda braccata	0	BGENL2113-24	1.3	50	False	False	7145586	866	780	1548	1.0	75.0	38.974806201550386	41.0
0	0	data/BGE00186_MGE-BGE_r1_1.3_1.5_s50_100.fasta	None	Melittidae	BLAST	family	COI-5P	655	1539	Apidae,Halictidae,Colletidae	BGENL2113-24_r_1.3_s_100	Dasypoda braccata	0	BGENL2113-24	1.3	100	False	False	7145586	448	780	1548	0.0	59.0	25.815891472868216	26.0
0	0	data/BGE00186_MGE-BGE_r1_1.3_1.5_s50_100.fasta	None	Melittidae	BLAST	family	COI-5P	505	1335	Crabronidae,Apidae	BGENL2113-24_r_1.5_s_50	Dasypoda braccata	0	BGENL2113-24	1.5	50	False	False	7145586	560	780	1548	0.0	62.0	23.95736434108527	23.0
0	0	data/BGE00186_MGE-BGE_r1_1.3_1.5_s50_100.fasta	None	Melittidae	BLAST	family	COI-5P	505	1218	Crabronidae,Apidae	BGENL2113-24_r_1.5_s_100	Dasypoda braccata	0	BGENL2113-24	1.5	100	False	False	7145586	298	780	1548	0.0	49.0	16.13953488372093	15.0
0	5	data/BGE00186_MGE-BGE_r1_1.3_1.5_s50_100.fasta	None	Melittidae	BLAST	family	COI-5P	655	1548	Apidae,Halictidae,Colletidae	BGENL2114-24_r_1_s_50	Dasypoda braccata	0	BGENL2114-24	1	50	False	False	6663448	1125	328	1548	2.0	90.0	60.492248062015506	61.0
0	0	data/BGE00186_MGE-BGE_r1_1.3_1.5_s50_100.fasta	None	Melittidae	BLAST	family	COI-5P	655	1518	Apidae,Halictidae,Colletidae	BGENL2114-24_r_1_s_100	Dasypoda braccata	0	BGENL2114-24	1	100	False	False	6663448	707	328	1548	0.0	73.0	45.883720930232556	47.0
0	1	data/BGE00186_MGE-BGE_r1_1.3_1.5_s50_100.fasta	None	Melittidae	BLAST	family	COI-5P	655	1548	Apidae,Halictidae,Colletidae	BGENL2114-24_r_1.3_s_50	Dasypoda braccata	0	BGENL2114-24	1.3	50	False	False	6663448	884	328	1548	1.0	76.0	48.248062015503876	52.0
0	0	data/BGE00186_MGE-BGE_r1_1.3_1.5_s50_100.fasta	None	Melittidae	BLAST	family	COI-5P	655	1518	Apidae,Halictidae,Colletidae	BGENL2114-24_r_1.3_s_100	Dasypoda braccata	0	BGENL2114-24	1.3	100	False	False	6663448	622	328	1548	0.0	65.0	39.78488372093023	43.0
0	4	data/BGE00186_MGE-BGE_r1_1.3_1.5_s50_100.fasta	None	Melittidae	BLAST	family	COI-5P	532	1380	Crabronidae,Apidae,Colletidae	BGENL2114-24_r_1.5_s_50	Dasypoda braccata	0	BGENL2114-24	1.5	50	False	False	6663448	546	328	1548	0.0	65.0	28.87015503875969	30.0
0	0	data/BGE00186_MGE-BGE_r1_1.3_1.5_s50_100.fasta	None	Melittidae	BLAST	family	COI-5P	526	1317	Crabronidae,Apidae	BGENL2114-24_r_1.5_s_100	Dasypoda braccata	0	BGENL2114-24	1.5	100	False	False	6663448	394	328	1548	0.0	57.0	24.191860465116278	24.0
0	2	data/BGE00186_MGE-BGE_r1_1.3_1.5_s50_100.fasta	None	Melittidae	BLAST	family	COI-5P	656	1539	Apidae,Colletidae,Melittidae	BGENL2115-24_r_1_s_50	Dasypoda frieseana	0	BGENL2115-24	1	50	False	False	7877381	55767	10837	1548	0.0	5344.0	3396.577519379845	3435.5
0	1	data/BGE00186_MGE-BGE_r1_1.3_1.5_s50_100.fasta	None	Melittidae	BLAST	family	COI-5P	656	1524	Apidae,Colletidae,Melittidae	BGENL2115-24_r_1_s_100	Dasypoda frieseana	0	BGENL2115-24	1	100	False	False	7877381	43000	10837	1548	0.0	4647.0	2927.486434108527	2997.5
0	0	data/BGE00186_MGE-BGE_r1_1.3_1.5_s50_100.fasta	None	Melittidae	BLAST	family	COI-5P	656	1539	Apidae,Colletidae,Melittidae	BGENL2115-24_r_1.3_s_50	Dasypoda frieseana	0	BGENL2115-24	1.3	50	False	False	7877381	45180	10837	1548	0.0	5159.0	2734.6918604651164	2931.5
0	1	data/BGE00186_MGE-BGE_r1_1.3_1.5_s50_100.fasta	None	Melittidae	BLAST	family	COI-5P	656	1524	Apidae,Colletidae,Melittidae	BGENL2115-24_r_1.3_s_100	Dasypoda frieseana	0	BGENL2115-24	1.3	100	False	False	7877381	36258	10837	1548	0.0	4528.0	2434.0406976744184	2630.0
0	0	data/BGE00186_MGE-BGE_r1_1.3_1.5_s50_100.fasta	None	Melittidae	BLAST	family	COI-5P	656	1497	Apidae,Colletidae,Melittidae	BGENL2115-24_r_1.5_s_50	Dasypoda frieseana	0	BGENL2115-24	1.5	50	False	False	7877381	30916	10837	1548	0.0	3900.0	1806.1182170542636	1975.0
0	1	data/BGE00186_MGE-BGE_r1_1.3_1.5_s50_100.fasta	None	Melittidae	BLAST	family	COI-5P	656	1437	Apidae,Andrenidae,Colletidae,Melittidae	BGENL2115-24_r_1.5_s_100	Dasypoda frieseana	0	BGENL2115-24	1.5	100	False	False	7877381	25049	10837	1548	0.0	3544.0	1628.0678294573643	1794.0
0	1	data/BGE00186_MGE-BGE_r1_1.3_1.5_s50_100.fasta	None	Melittidae	BLAST	family	COI-5P	655	1548	Apidae,Andrenidae,Halictidae,Melittidae	BGENL2116-24_r_1_s_50	Dasypoda frieseana	0	BGENL2116-24	1	50	False	False	8818963	29932	26	1548	1.0	2753.0	1814.8624031007753	1799.0
0	0	data/BGE00186_MGE-BGE_r1_1.3_1.5_s50_100.fasta	None	Melittidae	BLAST	family	COI-5P	655	1539	Apidae,Andrenidae,Halictidae,Melittidae	BGENL2116-24_r_1_s_100	Dasypoda frieseana	0	BGENL2116-24	1	100	False	False	8818963	21178	26	1548	0.0	2431.0	1492.0717054263566	1493.5
0	0	data/BGE00186_MGE-BGE_r1_1.3_1.5_s50_100.fasta	None	Melittidae	BLAST	family	COI-5P	655	1548	Apidae,Andrenidae,Halictidae,Melittidae	BGENL2116-24_r_1.3_s_50	Dasypoda frieseana	0	BGENL2116-24	1.3	50	False	False	8818963	23760	26	1548	1.0	2736.0	1429.0600775193798	1468.0
0	0	data/BGE00186_MGE-BGE_r1_1.3_1.5_s50_100.fasta	None	Melittidae	BLAST	family	COI-5P	655	1518	Apidae,Andrenidae,Halictidae,Melittidae	BGENL2116-24_r_1.3_s_100	Dasypoda frieseana	0	BGENL2116-24	1.3	100	False	False	8818963	17820	26	1548	0.0	2416.0	1230.4341085271317	1290.5
0	0	data/BGE00186_MGE-BGE_r1_1.3_1.5_s50_100.fasta	None	Melittidae	BLAST	family	COI-5P	646	1506	Apidae,Melittidae	BGENL2116-24_r_1.5_s_50	Dasypoda frieseana	0	BGENL2116-24	1.5	50	False	False	8818963	14923	26	1548	0.0	1956.0	850.6007751937984	863.5
0	0	data/BGE00186_MGE-BGE_r1_1.3_1.5_s50_100.fasta	None	Melittidae	BLAST	family	COI-5P	619	1413	Melittidae	BGENL2116-24_r_1.5_s_100	Dasypoda frieseana	1	BGENL2116-24	1.5	100	False	False	8818963	11368	26	1548	0.0	1740.0	737.3624031007752	730.0
0	0	data/BGE00186_MGE-BGE_r1_1.3_1.5_s50_100.fasta	None	Melittidae	BLAST	family	COI-5P	656	1548	Apidae,Andrenidae,Colletidae,Melittidae	BGENL2117-24_r_1_s_50	Dasypoda frieseana	0	BGENL2117-24	1	50	False	False	9721064	2216	445	1548	2.0	235.0	148.7984496124031	152.0
0	0	data/BGE00186_MGE-BGE_r1_1.3_1.5_s50_100.fasta	None	Melittidae	BLAST	family	COI-5P	656	1548	Apidae,Andrenidae,Colletidae,Melittidae	BGENL2117-24_r_1_s_100	Dasypoda frieseana	0	BGENL2117-24	1	100	False	False	9721064	1756	445	1548	1.0	217.0	132.44379844961242	135.5
0	0	data/BGE00186_MGE-BGE_r1_1.3_1.5_s50_100.fasta	None	Melittidae	BLAST	family	COI-5P	656	1539	Apidae,Andrenidae,Colletidae,Melittidae	BGENL2117-24_r_1.3_s_50	Dasypoda frieseana	0	BGENL2117-24	1.3	50	False	False	9721064	1746	445	1548	0.0	229.0	122.25581395348837	126.5
0	0	data/BGE00186_MGE-BGE_r1_1.3_1.5_s50_100.fasta	None	Melittidae	BLAST	family	COI-5P	656	1539	Apidae,Andrenidae,Colletidae,Melittidae	BGENL2117-24_r_1.3_s_100	Dasypoda frieseana	0	BGENL2117-24	1.3	100	False	False	9721064	1513	445	1548	0.0	193.0	114.64147286821705	120.0
0	5	data/BGE00186_MGE-BGE_r1_1.3_1.5_s50_100.fasta	None	Melittidae	BLAST	family	COI-5P	581	1374	Apidae	BGENL2117-24_r_1.5_s_50	Dasypoda frieseana	0	BGENL2117-24	1.5	50	False	False	9721064	1109	445	1548	0.0	191.0	73.87790697674419	85.0
0	0	data/BGE00186_MGE-BGE_r1_1.3_1.5_s50_100.fasta	None	Melittidae	BLAST	family	COI-5P	530	1302	Apidae	BGENL2117-24_r_1.5_s_100	Dasypoda frieseana	0	BGENL2117-24	1.5	100	False	False	9721064	972	445	1548	0.0	185.0	69.92248062015504	76.0
0	0	data/BGE00186_MGE-BGE_r1_1.3_1.5_s50_100.fasta	None	Melittidae	BLAST	family	COI-5P	656	1548	Apidae,Colletidae,Melittidae	BGENL2118-24_r_1_s_50	Dasypoda pyriformis	0	BGENL2118-24	1	50	False	False	6643954	16064	1262	1548	292.0	1599.0	1127.422480620155	1197.5
0	0	data/BGE00186_MGE-BGE_r1_1.3_1.5_s50_100.fasta	None	Melittidae	BLAST	family	COI-5P	656	1548	Apidae,Colletidae,Melittidae	BGENL2118-24_r_1_s_100	Dasypoda pyriformis	0	BGENL2118-24	1	100	False	False	6643954	13322	1262	1548	187.0	1490.0	1024.3488372093022	1104.0
0	0	data/BGE00186_MGE-BGE_r1_1.3_1.5_s50_100.fasta	None	Melittidae	BLAST	family	COI-5P	656	1548	Apidae,Colletidae,Melittidae	BGENL2118-24_r_1.3_s_50	Dasypoda pyriformis	0	BGENL2118-24	1.3	50	False	False	6643954	13881	1262	1548	44.0	1569.0	992.8604651162791	1055.0
0	2	data/BGE00186_MGE-BGE_r1_1.3_1.5_s50_100.fasta	None	Melittidae	BLAST	family	COI-5P	656	1542	Apidae,Colletidae,Melittidae	BGENL2118-24_r_1.3_s_100	Dasypoda pyriformis	0	BGENL2118-24	1.3	100	False	False	6643954	12077	1262	1548	0.0	1489.0	927.3313953488372	999.5
0	1	data/BGE00186_MGE-BGE_r1_1.3_1.5_s50_100.fasta	None	Melittidae	BLAST	family	COI-5P	656	1500	Apidae,Colletidae,Melittidae	BGENL2118-24_r_1.5_s_50	Dasypoda pyriformis	0	BGENL2118-24	1.5	50	False	False	6643954	8791	1262	1548	0.0	1549.0	633.7868217054264	667.5
0	0	data/BGE00186_MGE-BGE_r1_1.3_1.5_s50_100.fasta	None	Melittidae	BLAST	family	COI-5P	656	1428	Apidae,Colletidae,Melittidae	BGENL2118-24_r_1.5_s_100	Dasypoda pyriformis	0	BGENL2118-24	1.5	100	False	False	6643954	7985	1262	1548	0.0	1484.0	607.4922480620155	630.0
0	1	data/BGE00186_MGE-BGE_r1_1.3_1.5_s50_100.fasta	None	Melittidae	BLAST	family	COI-5P	656	1548	Apidae,Colletidae,Melittidae	BGENL2119-24_r_1_s_50	Dasypoda pyriformis	0	BGENL2119-24	1	50	False	False	11195720	4029	591	1548	69.0	479.0	322.34302325581393	348.0
0	0	data/BGE00186_MGE-BGE_r1_1.3_1.5_s50_100.fasta	None	Melittidae	BLAST	family	COI-5P	656	1548	Apidae,Colletidae,Melittidae	BGENL2119-24_r_1_s_100	Dasypoda pyriformis	0	BGENL2119-24	1	100	False	False	11195720	3214	591	1548	41.0	430.0	295.0019379844961	316.0
0	3	data/BGE00186_MGE-BGE_r1_1.3_1.5_s50_100.fasta	None	Melittidae	BLAST	family	COI-5P	656	1548	Apidae,Colletidae,Melittidae	BGENL2119-24_r_1.3_s_50	Dasypoda pyriformis	0	BGENL2119-24	1.3	50	False	False	11195720	3178	591	1548	2.0	438.0	270.4651162790698	293.0
0	0	data/BGE00186_MGE-BGE_r1_1.3_1.5_s50_100.fasta	None	Melittidae	BLAST	family	COI-5P	656	1542	Apidae,Colletidae,Melittidae	BGENL2119-24_r_1.3_s_100	Dasypoda pyriformis	0	BGENL2119-24	1.3	100	False	False	11195720	2783	591	1548	0.0	423.0	257.8934108527132	262.0
0	2	data/BGE00186_MGE-BGE_r1_1.3_1.5_s50_100.fasta	None	Melittidae	BLAST	family	COI-5P	656	1476	Apidae,Colletidae,Melittidae	BGENL2119-24_r_1.5_s_50	Dasypoda pyriformis	0	BGENL2119-24	1.5	50	False	False	11195720	1945	591	1548	0.0	382.0	173.19767441860466	163.0
0	0	data/BGE00186_MGE-BGE_r1_1.3_1.5_s50_100.fasta	None	Melittidae	BLAST	family	COI-5P	656	1428	Apidae,Colletidae,Melittidae	BGENL2119-24_r_1.5_s_100	Dasypoda pyriformis	0	BGENL2119-24	1.5	100	False	False	11195720	1802	591	1548	0.0	372.0	169.0872093023256	159.5
0	0	data/BGE00186_MGE-BGE_r1_1.3_1.5_s50_100.fasta	None	Melittidae	BLAST	family	COI-5P	655	1548	Andrenidae,Halictidae,Colletidae,Melittidae	BGENL2120-24_r_1_s_50	Dasypoda pyriformis	0	BGENL2120-24	1	50	False	False	11695794	43105	14537	1548	672.0	4927.0	3723.6143410852715	3964.0
0	2	data/BGE00186_MGE-BGE_r1_1.3_1.5_s50_100.fasta	None	Melittidae	BLAST	family	COI-5P	655	1533	Andrenidae,Halictidae,Colletidae,Melittidae	BGENL2120-24_r_1_s_100	Dasypoda pyriformis	0	BGENL2120-24	1	100	False	False	11695794	37868	14537	1548	0.0	4819.0	3517.217054263566	3834.5
0	0	data/BGE00186_MGE-BGE_r1_1.3_1.5_s50_100.fasta	None	Melittidae	BLAST	family	COI-5P	655	1539	Andrenidae,Halictidae,Colletidae,Melittidae	BGENL2120-24_r_1.3_s_50	Dasypoda pyriformis	0	BGENL2120-24	1.3	50	False	False	11695794	38263	14537	1548	0.0	4911.0	3385.2906976744184	3767.0
0	1	data/BGE00186_MGE-BGE_r1_1.3_1.5_s50_100.fasta	None	Melittidae	BLAST	family	COI-5P	655	1503	Andrenidae,Halictidae,Colletidae,Melittidae	BGENL2120-24_r_1.3_s_100	Dasypoda pyriformis	0	BGENL2120-24	1.3	100	False	False	11695794	35161	14537	1548	0.0	4806.0	3275.4593023255816	3671.0
0	0	data/BGE00186_MGE-BGE_r1_1.3_1.5_s50_100.fasta	None	Melittidae	BLAST	family	COI-5P	655	1452	Apidae,Andrenidae,Halictidae,Colletidae,Melittidae	BGENL2120-24_r_1.5_s_50	Dasypoda pyriformis	0	BGENL2120-24	1.5	50	False	False	11695794	24770	14537	1548	0.0	4530.0	2211.0755813953488	2471.0
0	0	data/BGE00186_MGE-BGE_r1_1.3_1.5_s50_100.fasta	None	Melittidae	BLAST	family	COI-5P	655	1452	Apidae,Andrenidae,Halictidae,Colletidae,Melittidae	BGENL2120-24_r_1.5_s_100	Dasypoda pyriformis	0	BGENL2120-24	1.5	100	False	False	11695794	23384	14537	1548	0.0	4456.0	2165.455426356589	2411.0
0	0	data/BGE00186_MGE-BGE_r1_1.3_1.5_s50_100.fasta	None	Melittidae	BLAST	family	COI-5P	656	1548	Apidae,Megachilidae,Colletidae,Melittidae	BGENL2121-24_r_1_s_50	Dasypoda spinigera	0	BGENL2121-24	1	50	False	False	12754542	2514	1762	1548	1.0	279.0	180.86046511627907	182.0
0	0	data/BGE00186_MGE-BGE_r1_1.3_1.5_s50_100.fasta	None	Melittidae	BLAST	family	COI-5P	656	1539	Apidae,Megachilidae,Colletidae,Melittidae	BGENL2121-24_r_1_s_100	Dasypoda spinigera	0	BGENL2121-24	1	100	False	False	12754542	1970	1762	1548	0.0	246.0	162.49031007751938	162.0
0	0	data/BGE00186_MGE-BGE_r1_1.3_1.5_s50_100.fasta	None	Melittidae	BLAST	family	COI-5P	656	1539	Apidae,Megachilidae,Colletidae,Melittidae	BGENL2121-24_r_1.3_s_50	Dasypoda spinigera	0	BGENL2121-24	1.3	50	False	False	12754542	1929	1762	1548	0.0	257.0	141.6531007751938	151.0
0	0	data/BGE00186_MGE-BGE_r1_1.3_1.5_s50_100.fasta	None	Melittidae	BLAST	family	COI-5P	656	1539	Apidae,Megachilidae,Colletidae,Melittidae	BGENL2121-24_r_1.3_s_100	Dasypoda spinigera	0	BGENL2121-24	1.3	100	False	False	12754542	1601	1762	1548	0.0	232.0	131.7674418604651	143.0
0	0	data/BGE00186_MGE-BGE_r1_1.3_1.5_s50_100.fasta	None	Melittidae	BLAST	family	COI-5P	602	1395	Crabronidae,Apidae,Halictidae,Megachilidae,Colletidae,Melittidae	BGENL2121-24_r_1.5_s_50	Dasypoda spinigera	0	BGENL2121-24	1.5	50	False	False	12754542	1181	1762	1548	0.0	207.0	87.29069767441861	95.5
0	0	data/BGE00186_MGE-BGE_r1_1.3_1.5_s50_100.fasta	None	Melittidae	BLAST	family	COI-5P	602	1374	Crabronidae,Apidae,Halictidae,Megachilidae,Colletidae,Melittidae	BGENL2121-24_r_1.5_s_100	Dasypoda spinigera	0	BGENL2121-24	1.5	100	False	False	12754542	1022	1762	1548	0.0	193.0	82.99418604651163	91.5
0	0	data/BGE00186_MGE-BGE_r1_1.3_1.5_s50_100.fasta	None	Melittidae	BLAST	family	COI-5P	655	1539	Apidae,Colletidae	BGENL2122-24_r_1_s_50	Dasypoda spinigera	0	BGENL2122-24	1	50	False	False	10153462	1711	1220	1548	0.0	191.0	121.65697674418605	127.0
0	0	data/BGE00186_MGE-BGE_r1_1.3_1.5_s50_100.fasta	None	Melittidae	BLAST	family	COI-5P	655	1515	Apidae,Colletidae	BGENL2122-24_r_1_s_100	Dasypoda spinigera	0	BGENL2122-24	1	100	False	False	10153462	1314	1220	1548	0.0	158.0	108.16279069767442	116.0
0	1	data/BGE00186_MGE-BGE_r1_1.3_1.5_s50_100.fasta	None	Melittidae	BLAST	family	COI-5P	655	1539	Apidae,Colletidae	BGENL2122-24_r_1.3_s_50	Dasypoda spinigera	0	BGENL2122-24	1.3	50	False	False	10153462	1278	1220	1548	0.0	171.0	95.46511627906976	106.0
0	0	data/BGE00186_MGE-BGE_r1_1.3_1.5_s50_100.fasta	None	Melittidae	BLAST	family	COI-5P	655	1515	Apidae,Colletidae	BGENL2122-24_r_1.3_s_100	Dasypoda spinigera	0	BGENL2122-24	1.3	100	False	False	10153462	1080	1220	1548	0.0	153.0	89.13565891472868	101.5
0	5	data/BGE00186_MGE-BGE_r1_1.3_1.5_s50_100.fasta	None	Melittidae	BLAST	family	COI-5P	583	1368	Crabronidae,Apidae,Megachilidae,Colletidae,Melittidae	BGENL2122-24_r_1.5_s_50	Dasypoda spinigera	0	BGENL2122-24	1.5	50	False	False	10153462	825	1220	1548	0.0	151.0	63.02131782945737	67.5
0	0	data/BGE00186_MGE-BGE_r1_1.3_1.5_s50_100.fasta	None	Melittidae	BLAST	family	COI-5P	583	1344	Crabronidae,Apidae,Megachilidae,Colletidae,Melittidae	BGENL2122-24_r_1.5_s_100	Dasypoda spinigera	0	BGENL2122-24	1.5	100	False	False	10153462	742	1220	1548	0.0	144.0	60.52906976744186	64.5
0	0	data/BGE00186_MGE-BGE_r1_1.3_1.5_s50_100.fasta	None	Melittidae	BLAST	family	COI-5P	655	1539	Apidae,Colletidae	BGENL2123-24_r_1_s_50	Dasypoda spinigera	0	BGENL2123-24	1	50	False	False	12174101	5766	1804	1548	0.0	635.0	397.4903100775194	400.0
0	0	data/BGE00186_MGE-BGE_r1_1.3_1.5_s50_100.fasta	None	Melittidae	BLAST	family	COI-5P	655	1533	Apidae,Colletidae	BGENL2123-24_r_1_s_100	Dasypoda spinigera	0	BGENL2123-24	1	100	False	False	12174101	4555	1804	1548	0.0	549.0	352.5019379844961	363.5
0	1	data/BGE00186_MGE-BGE_r1_1.3_1.5_s50_100.fasta	None	Melittidae	BLAST	family	COI-5P	655	1536	Apidae,Colletidae	BGENL2123-24_r_1.3_s_50	Dasypoda spinigera	0	BGENL2123-24	1.3	50	False	False	12174101	4302	1804	1548	0.0	486.0	293.9108527131783	314.5
0	0	data/BGE00186_MGE-BGE_r1_1.3_1.5_s50_100.fasta	None	Melittidae	BLAST	family	COI-5P	655	1533	Apidae,Colletidae	BGENL2123-24_r_1.3_s_100	Dasypoda spinigera	0	BGENL2123-24	1.3	100	False	False	12174101	3560	1804	1548	0.0	460.0	268.71317829457365	289.5
0	0	data/BGE00186_MGE-BGE_r1_1.3_1.5_s50_100.fasta	None	Melittidae	BLAST	family	COI-5P	607	1455	Crabronidae,Apidae,Megachilidae,Colletidae,Melittidae	BGENL2123-24_r_1.5_s_50	Dasypoda spinigera	0	BGENL2123-24	1.5	50	False	False	12174101	2618	1804	1548	0.0	406.0	175.0251937984496	176.5
0	0	data/BGE00186_MGE-BGE_r1_1.3_1.5_s50_100.fasta	None	Melittidae	BLAST	family	COI-5P	607	1401	Crabronidae,Apidae,Megachilidae,Colletidae,Melittidae	BGENL2123-24_r_1.5_s_100	Dasypoda spinigera	0	BGENL2123-24	1.5	100	False	False	12174101	2277	1804	1548	0.0	377.0	164.48837209302326	161.5
0	0	data/BGE00186_MGE-BGE_r1_1.3_1.5_s50_100.fasta	None	Halictidae	BLAST	family	COI-5P	655	1548	Halictidae	BGENL2124-24_r_1_s_50	Rophites hartmanni	0	BGENL2124-24	1	50	False	False	6732992	1570	468	1554	0.0	110.0	79.14478764478764	79.0
0	0	data/BGE00186_MGE-BGE_r1_1.3_1.5_s50_100.fasta	None	Halictidae	BLAST	family	COI-5P	655	1539	Halictidae	BGENL2124-24_r_1_s_100	Rophites hartmanni	0	BGENL2124-24	1	100	False	False	6732992	894	468	1554	0.0	86.0	56.092664092664094	57.0
0	0	data/BGE00186_MGE-BGE_r1_1.3_1.5_s50_100.fasta	None	Halictidae	BLAST	family	COI-5P	655	1545	Halictidae	BGENL2124-24_r_1.3_s_50	Rophites hartmanni	0	BGENL2124-24	1.3	50	False	False	6732992	1292	468	1554	0.0	104.0	65.93243243243244	69.0
0	0	data/BGE00186_MGE-BGE_r1_1.3_1.5_s50_100.fasta	None	Halictidae	BLAST	family	COI-5P	655	1539	Halictidae	BGENL2124-24_r_1.3_s_100	Rophites hartmanni	0	BGENL2124-24	1.3	100	False	False	6732992	818	468	1554	0.0	77.0	50.28957528957529	54.0
0	0	data/BGE00186_MGE-BGE_r1_1.3_1.5_s50_100.fasta	None	Halictidae	BLAST	family	COI-5P	619	1458	Halictidae	BGENL2124-24_r_1.5_s_50	Rophites hartmanni	0	BGENL2124-24	1.5	50	False	False	6732992	788	468	1554	0.0	95.0	38.17567567567568	40.0
0	0	data/BGE00186_MGE-BGE_r1_1.3_1.5_s50_100.fasta	None	Halictidae	BLAST	family	COI-5P	475	1314	Halictidae	BGENL2124-24_r_1.5_s_100	Rophites hartmanni	0	BGENL2124-24	1.5	100	False	False	6732992	514	468	1554	0.0	70.0	29.706563706563706	29.0
0	0	data/BGE00186_MGE-BGE_r1_1.3_1.5_s50_100.fasta	None	Halictidae	BLAST	family	COI-5P	655	1548	Halictidae	BGENL2125-24_r_1_s_50	Rophites hartmanni	0	BGENL2125-24	1	50	False	False	5737181	2440	1392	1554	0.0	226.0	139.6872586872587	139.0
0	0	data/BGE00186_MGE-BGE_r1_1.3_1.5_s50_100.fasta	None	Halictidae	BLAST	family	COI-5P	655	1539	Halictidae	BGENL2125-24_r_1_s_100	Rophites hartmanni	0	BGENL2125-24	1	100	False	False	5737181	1648	1392	1554	0.0	188.0	112.02316602316603	110.0
0	0	data/BGE00186_MGE-BGE_r1_1.3_1.5_s50_100.fasta	None	Halictidae	BLAST	family	COI-5P	655	1548	Halictidae	BGENL2125-24_r_1.3_s_50	Rophites hartmanni	0	BGENL2125-24	1.3	50	False	False	5737181	2030	1392	1554	0.0	200.0	114.76833976833977	117.5
0	0	data/BGE00186_MGE-BGE_r1_1.3_1.5_s50_100.fasta	None	Halictidae	BLAST	family	COI-5P	655	1539	Halictidae	BGENL2125-24_r_1.3_s_100	Rophites hartmanni	0	BGENL2125-24	1.3	100	False	False	5737181	1446	1392	1554	0.0	166.0	95.04633204633204	95.0
0	0	data/BGE00186_MGE-BGE_r1_1.3_1.5_s50_100.fasta	None	Halictidae	BLAST	family	COI-5P	649	1491	Halictidae	BGENL2125-24_r_1.5_s_50	Rophites hartmanni	0	BGENL2125-24	1.5	50	False	False	5737181	1346	1392	1554	0.0	183.0	73.68339768339769	76.0
0	0	data/BGE00186_MGE-BGE_r1_1.3_1.5_s50_100.fasta	None	Halictidae	BLAST	family	COI-5P	541	1290	Halictidae	BGENL2125-24_r_1.5_s_100	Rophites hartmanni	0	BGENL2125-24	1.5	100	False	False	5737181	962	1392	1554	0.0	160.0	61.47683397683398	62.0
0	5	data/BGE00186_MGE-BGE_r1_1.3_1.5_s50_100.fasta	None	Halictidae	BLAST	family	COI-5P	655	1548	Halictidae	BGENL2126-24_r_1_s_50	Rophites hartmanni	0	BGENL2126-24	1	50	False	False	7555274	2712	1071	1554	0.0	256.0	180.0830115830116	178.5
0	0	data/BGE00186_MGE-BGE_r1_1.3_1.5_s50_100.fasta	None	Halictidae	BLAST	family	COI-5P	655	1545	Halictidae	BGENL2126-24_r_1_s_100	Rophites hartmanni	0	BGENL2126-24	1	100	False	False	7555274	2078	1071	1554	0.0	228.0	158.27992277992277	158.0
0	0	data/BGE00186_MGE-BGE_r1_1.3_1.5_s50_100.fasta	None	Halictidae	BLAST	family	COI-5P	655	1548	Halictidae	BGENL2126-24_r_1.3_s_50	Rophites hartmanni	0	BGENL2126-24	1.3	50	False	False	7555274	2269	1071	1554	0.0	232.0	154.3166023166023	158.0
0	0	data/BGE00186_MGE-BGE_r1_1.3_1.5_s50_100.fasta	None	Halictidae	BLAST	family	COI-5P	655	1545	Halictidae	BGENL2126-24_r_1.3_s_100	Rophites hartmanni	0	BGENL2126-24	1.3	100	False	False	7555274	1883	1071	1554	0.0	213.0	141.73166023166024	146.0
0	0	data/BGE00186_MGE-BGE_r1_1.3_1.5_s50_100.fasta	None	Halictidae	BLAST	family	COI-5P	646	1497	Halictidae	BGENL2126-24_r_1.5_s_50	Rophites hartmanni	0	BGENL2126-24	1.5	50	False	False	7555274	1355	1071	1554	0.0	222.0	89.74517374517374	85.0
0	0	data/BGE00186_MGE-BGE_r1_1.3_1.5_s50_100.fasta	None	Halictidae	BLAST	family	COI-5P	646	1482	Halictidae	BGENL2126-24_r_1.5_s_100	Rophites hartmanni	0	BGENL2126-24	1.5	100	False	False	7555274	1117	1071	1554	0.0	212.0	82.6949806949807	79.0
4	11	data/BGE00186_MGE-BGE_r1_1.3_1.5_s50_100.fasta	None	Halictidae	BLAST	family	COI-5P	655	1548	Andrenidae,Halictidae,Colletidae	BGENL2127-24_r_1_s_50	Rophites quinquespinosus	0	BGENL2127-24	1	50	False	False	6084434	977	88	1554	0.0	94.0	57.02316602316602	56.0
0	2	data/BGE00186_MGE-BGE_r1_1.3_1.5_s50_100.fasta	None	Halictidae	BLAST	family	COI-5P	655	1542	Andrenidae,Halictidae,Colletidae	BGENL2127-24_r_1_s_100	Rophites quinquespinosus	0	BGENL2127-24	1	100	False	False	6084434	652	88	1554	0.0	78.0	46.23552123552123	46.0
0	0	data/BGE00186_MGE-BGE_r1_1.3_1.5_s50_100.fasta	None	Halictidae	BLAST	family	COI-5P	655	1548	Andrenidae,Halictidae,Colletidae	BGENL2127-24_r_1.3_s_50	Rophites quinquespinosus	0	BGENL2127-24	1.3	50	False	False	6084434	783	88	1554	0.0	77.0	44.51544401544402	44.0
0	0	data/BGE00186_MGE-BGE_r1_1.3_1.5_s50_100.fasta	None	Halictidae	BLAST	family	COI-5P	655	1542	Andrenidae,Halictidae,Colletidae	BGENL2127-24_r_1.3_s_100	Rophites quinquespinosus	0	BGENL2127-24	1.3	100	False	False	6084434	554	88	1554	0.0	74.0	37.26640926640927	34.0
0	1	data/BGE00186_MGE-BGE_r1_1.3_1.5_s50_100.fasta	None	Halictidae	BLAST	family	COI-5P	592	1410	Halictidae	BGENL2127-24_r_1.5_s_50	Rophites quinquespinosus	0	BGENL2127-24	1.5	50	False	False	6084434	485	88	1554	0.0	71.0	26.888030888030887	26.0
0	0	data/BGE00186_MGE-BGE_r1_1.3_1.5_s50_100.fasta	None	Halictidae	BLAST	family	COI-5P	532	1263	Halictidae,Colletidae	BGENL2127-24_r_1.5_s_100	Rophites quinquespinosus	0	BGENL2127-24	1.5	100	False	False	6084434	345	88	1554	0.0	66.0	22.606177606177607	21.0
10	16	data/BGE00186_MGE-BGE_r1_1.3_1.5_s50_100.fasta	None	Halictidae	BLAST	family	COI-5P	655	1551	Andrenidae,Halictidae,Colletidae	BGENL2128-24_r_1_s_50	Rophites quinquespinosus	0	BGENL2128-24	1	50	False	False	6009509	374	218	1554	0.0	35.0	18.7992277992278	19.0
8	8	data/BGE00186_MGE-BGE_r1_1.3_1.5_s50_100.fasta	None	Halictidae	BLAST	family	COI-5P	655	1542	Andrenidae,Halictidae,Colletidae	BGENL2128-24_r_1_s_100	Rophites quinquespinosus	0	BGENL2128-24	1	100	False	False	6009509	194	218	1554	0.0	27.0	13.048262548262548	13.0
4	5	data/BGE00186_MGE-BGE_r1_1.3_1.5_s50_100.fasta	None	Halictidae	BLAST	family	COI-5P	637	1530	Halictidae	BGENL2128-24_r_1.3_s_50	Rophites quinquespinosus	0	BGENL2128-24	1.3	50	False	False	6009509	291	218	1554	0.0	31.0	14.415057915057915	14.0
5	5	data/BGE00186_MGE-BGE_r1_1.3_1.5_s50_100.fasta	None	Halictidae	BLAST	family	COI-5P	637	1524	Halictidae	BGENL2128-24_r_1.3_s_100	Rophites quinquespinosus	0	BGENL2128-24	1.3	100	False	False	6009509	168	218	1554	0.0	22.0	10.799227799227799	10.0
7	10	data/BGE00186_MGE-BGE_r1_1.3_1.5_s50_100.fasta	None	Halictidae	BLAST	family	COI-5P	586	1383	Halictidae	BGENL2128-24_r_1.5_s_50	Rophites quinquespinosus	0	BGENL2128-24	1.5	50	False	False	6009509	185	218	1554	0.0	24.0	9.249034749034749	9.0
7	7	data/BGE00186_MGE-BGE_r1_1.3_1.5_s50_100.fasta	None	Halictidae	BLAST	family	COI-5P	529	1236	Halictidae	BGENL2128-24_r_1.5_s_100	Rophites quinquespinosus	0	BGENL2128-24	1.5	100	False	False	6009509	112	218	1554	0.0	22.0	7.206563706563706	7.0
0	7	data/BGE00186_MGE-BGE_r1_1.3_1.5_s50_100.fasta	None	Halictidae	BLAST	family	COI-5P	655	1551	Andrenidae,Halictidae,Colletidae	BGENL2129-24_r_1_s_50	Rophites quinquespinosus	0	BGENL2129-24	1	50	False	False	6593181	698	59	1554	0.0	75.0	39.036679536679536	38.5
0	0	data/BGE00186_MGE-BGE_r1_1.3_1.5_s50_100.fasta	None	Halictidae	BLAST	family	COI-5P	655	1533	Andrenidae,Halictidae,Colletidae	BGENL2129-24_r_1_s_100	Rophites quinquespinosus	0	BGENL2129-24	1	100	False	False	6593181	429	59	1554	0.0	59.0	30.235521235521237	30.0
0	0	data/BGE00186_MGE-BGE_r1_1.3_1.5_s50_100.fasta	None	Halictidae	BLAST	family	COI-5P	655	1542	Andrenidae,Halictidae	BGENL2129-24_r_1.3_s_50	Rophites quinquespinosus	0	BGENL2129-24	1.3	50	False	False	6593181	534	59	1554	0.0	71.0	30.113899613899616	28.0
0	0	data/BGE00186_MGE-BGE_r1_1.3_1.5_s50_100.fasta	None	Halictidae	BLAST	family	COI-5P	655	1533	Andrenidae,Halictidae	BGENL2129-24_r_1.3_s_100	Rophites quinquespinosus	0	BGENL2129-24	1.3	100	False	False	6593181	367	59	1554	0.0	59.0	25.04826254826255	23.0
1	4	data/BGE00186_MGE-BGE_r1_1.3_1.5_s50_100.fasta	None	Halictidae	BLAST	family	COI-5P	505	1332	Halictidae,Colletidae	BGENL2129-24_r_1.5_s_50	Rophites quinquespinosus	0	BGENL2129-24	1.5	50	False	False	6593181	348	59	1554	0.0	63.0	18.99227799227799	17.0
0	0	data/BGE00186_MGE-BGE_r1_1.3_1.5_s50_100.fasta	None	Halictidae	BLAST	family	COI-5P	478	1284	Halictidae,Colletidae	BGENL2129-24_r_1.5_s_100	Rophites quinquespinosus	0	BGENL2129-24	1.5	100	False	False	6593181	231	59	1554	0.0	53.0	15.658301158301159	13.5
0	0	data/BGE00186_MGE-BGE_r1_1.3_1.5_s50_100.fasta	None	Halictidae	BLAST	family	COI-5P	656	1551	Halictidae	BGENL2130-24_r_1_s_50	Rhophitoides epiroticus	0	BGENL2130-24	1	50	False	False	6799714	4983	2140	1554	0.0	575.0	325.3822393822394	322.0
0	0	data/BGE00186_MGE-BGE_r1_1.3_1.5_s50_100.fasta	None	Halictidae	BLAST	family	COI-5P	656	1542	Halictidae	BGENL2130-24_r_1_s_100	Rhophitoides epiroticus	0	BGENL2130-24	1	100	False	False	6799714	3967	2140	1554	0.0	506.0	291.5617760617761	289.0
0	0	data/BGE00186_MGE-BGE_r1_1.3_1.5_s50_100.fasta	None	Halictidae	BLAST	family	COI-5P	656	1542	Halictidae	BGENL2130-24_r_1.3_s_50	Rhophitoides epiroticus	0	BGENL2130-24	1.3	50	False	False	6799714	4471	2140	1554	0.0	572.0	292.55984555984554	284.0
0	0	data/BGE00186_MGE-BGE_r1_1.3_1.5_s50_100.fasta	None	Halictidae	BLAST	family	COI-5P	656	1542	Halictidae	BGENL2130-24_r_1.3_s_100	Rhophitoides epiroticus	0	BGENL2130-24	1.3	100	False	False	6799714	3662	2140	1554	0.0	503.0	266.38803088803087	264.0
0	0	data/BGE00186_MGE-BGE_r1_1.3_1.5_s50_100.fasta	None	Halictidae	BLAST	family	COI-5P	638	1524	Halictidae	BGENL2130-24_r_1.5_s_50	Rhophitoides epiroticus	0	BGENL2130-24	1.5	50	False	False	6799714	2978	2140	1554	0.0	557.0	192.3861003861004	178.5
0	0	data/BGE00186_MGE-BGE_r1_1.3_1.5_s50_100.fasta	None	Halictidae	BLAST	family	COI-5P	638	1524	Halictidae	BGENL2130-24_r_1.5_s_100	Rhophitoides epiroticus	0	BGENL2130-24	1.5	100	False	False	6799714	2495	2140	1554	0.0	445.0	177.95945945945945	162.0
0	2	data/BGE00186_MGE-BGE_r1_1.3_1.5_s50_100.fasta	None	Halictidae	BLAST	family	COI-5P	656	1548	Andrenidae,Halictidae	BGENL2131-24_r_1_s_50	Rhophitoides epiroticus	0	BGENL2131-24	1	50	False	False	6869913	991	146	1554	0.0	99.0	59.28764478764479	59.0
0	3	data/BGE00186_MGE-BGE_r1_1.3_1.5_s50_100.fasta	None	Halictidae	BLAST	family	COI-5P	656	1542	Halictidae	BGENL2131-24_r_1_s_100	Rhophitoides epiroticus	0	BGENL2131-24	1	100	False	False	6869913	717	146	1554	0.0	85.0	50.32818532818533	50.0
0	0	data/BGE00186_MGE-BGE_r1_1.3_1.5_s50_100.fasta	None	Halictidae	BLAST	family	COI-5P	656	1542	Andrenidae,Halictidae	BGENL2131-24_r_1.3_s_50	Rhophitoides epiroticus	0	BGENL2131-24	1.3	50	False	False	6869913	816	146	1554	0.0	96.0	50.08880308880309	50.0
0	3	data/BGE00186_MGE-BGE_r1_1.3_1.5_s50_100.fasta	None	Halictidae	BLAST	family	COI-5P	656	1542	Halictidae	BGENL2131-24_r_1.3_s_100	Rhophitoides epiroticus	0	BGENL2131-24	1.3	100	False	False	6869913	649	146	1554	0.0	85.0	44.93436293436294	44.0
5	5	data/BGE00186_MGE-BGE_r1_1.3_1.5_s50_100.fasta	None	Halictidae	BLAST	family	COI-5P	560	1443	Halictidae	BGENL2131-24_r_1.5_s_50	Rhophitoides epiroticus	0	BGENL2131-24	1.5	50	False	False	6869913	537	146	1554	0.0	81.0	33.49034749034749	36.0
3	3	data/BGE00186_MGE-BGE_r1_1.3_1.5_s50_100.fasta	None	Halictidae	BLAST	family	COI-5P	500	1383	Halictidae	BGENL2131-24_r_1.5_s_100	Rhophitoides epiroticus	0	BGENL2131-24	1.5	100	False	False	6869913	450	146	1554	0.0	74.0	31.0	34.0
0	0	data/BGE00186_MGE-BGE_r1_1.3_1.5_s50_100.fasta	None	Halictidae	BLAST	family	COI-5P	656	1545	Halictidae	BGENL2132-24_r_1_s_50	Rhophitoides epiroticus	0	BGENL2132-24	1	50	False	False	7683347	5682	2531	1554	0.0	672.0	382.0849420849421	378.0
0	0	data/BGE00186_MGE-BGE_r1_1.3_1.5_s50_100.fasta	None	Halictidae	BLAST	family	COI-5P	656	1524	Halictidae	BGENL2132-24_r_1_s_100	Rhophitoides epiroticus	0	BGENL2132-24	1	100	False	False	7683347	4625	2531	1554	0.0	559.0	347.16988416988414	342.0
0	0	data/BGE00186_MGE-BGE_r1_1.3_1.5_s50_100.fasta	None	Halictidae	BLAST	family	COI-5P	656	1545	Halictidae	BGENL2132-24_r_1.3_s_50	Rhophitoides epiroticus	0	BGENL2132-24	1.3	50	False	False	7683347	5119	2531	1554	0.0	668.0	345.19305019305017	334.0
0	0	data/BGE00186_MGE-BGE_r1_1.3_1.5_s50_100.fasta	None	Halictidae	BLAST	family	COI-5P	656	1524	Halictidae	BGENL2132-24_r_1.3_s_100	Rhophitoides epiroticus	0	BGENL2132-24	1.3	100	False	False	7683347	4266	2531	1554	0.0	559.0	318.03474903474904	318.5
0	0	data/BGE00186_MGE-BGE_r1_1.3_1.5_s50_100.fasta	None	Halictidae	BLAST	family	COI-5P	650	1527	Andrenidae,Halictidae	BGENL2132-24_r_1.5_s_50	Rhophitoides epiroticus	0	BGENL2132-24	1.5	50	False	False	7683347	3369	2531	1554	0.0	661.0	223.6833976833977	214.0
0	0	data/BGE00186_MGE-BGE_r1_1.3_1.5_s50_100.fasta	None	Halictidae	BLAST	family	COI-5P	650	1518	Andrenidae,Halictidae	BGENL2132-24_r_1.5_s_100	Rhophitoides epiroticus	0	BGENL2132-24	1.5	100	False	False	7683347	2853	2531	1554	0.0	510.0	208.47683397683397	202.0
0	1	data/BGE00186_MGE-BGE_r1_1.3_1.5_s50_100.fasta	None	Apidae	BLAST	family	COI-5P	657	1560	Apidae	BGENL2133-24_r_1_s_50	Ceratina acuta	0	BGENL2133-24	1	50	False	False	8392208	12284	2114	1560	3.0	1704.0	996.675	948.5
0	1	data/BGE00186_MGE-BGE_r1_1.3_1.5_s50_100.fasta	None	Apidae	BLAST	family	COI-5P	657	1554	Apidae	BGENL2133-24_r_1_s_100	Ceratina acuta	0	BGENL2133-24	1	100	False	False	8392208	11387	2114	1560	0.0	1676.0	967.1557692307692	922.5
0	1	data/BGE00186_MGE-BGE_r1_1.3_1.5_s50_100.fasta	None	Apidae	BLAST	family	COI-5P	657	1560	Apidae	BGENL2133-24_r_1.3_s_50	Ceratina acuta	0	BGENL2133-24	1.3	50	False	False	8392208	12167	2114	1560	3.0	1680.0	991.3615384615384	944.0
0	1	data/BGE00186_MGE-BGE_r1_1.3_1.5_s50_100.fasta	None	Apidae	BLAST	family	COI-5P	657	1554	Apidae	BGENL2133-24_r_1.3_s_100	Ceratina acuta	0	BGENL2133-24	1.3	100	False	False	8392208	11358	2114	1560	0.0	1670.0	964.7942307692308	921.5
0	1	data/BGE00186_MGE-BGE_r1_1.3_1.5_s50_100.fasta	None	Apidae	BLAST	family	COI-5P	657	1560	Apidae	BGENL2133-24_r_1.5_s_50	Ceratina acuta	0	BGENL2133-24	1.5	50	False	False	8392208	10824	2114	1560	1.0	1555.0	902.5211538461539	884.0
0	1	data/BGE00186_MGE-BGE_r1_1.3_1.5_s50_100.fasta	None	Apidae	BLAST	family	COI-5P	657	1554	Apidae	BGENL2133-24_r_1.5_s_100	Ceratina acuta	0	BGENL2133-24	1.5	100	False	False	8392208	10358	2114	1560	0.0	1546.0	887.8192307692308	871.5
0	1	data/BGE00186_MGE-BGE_r1_1.3_1.5_s50_100.fasta	None	Apidae	BLAST	family	COI-5P	657	1560	Apidae	BGENL2134-24_r_1_s_50	Ceratina acuta	0	BGENL2134-24	1	50	False	False	8611304	113466	4302	1560	2.0	15969.0	8787.496153846154	8108.5
0	1	data/BGE00186_MGE-BGE_r1_1.3_1.5_s50_100.fasta	None	Apidae	BLAST	family	COI-5P	657	1554	Apidae	BGENL2134-24_r_1_s_100	Ceratina acuta	0	BGENL2134-24	1	100	False	False	8611304	104300	4302	1560	0.0	15663.0	8478.165384615384	7773.5
0	1	data/BGE00186_MGE-BGE_r1_1.3_1.5_s50_100.fasta	None	Apidae	BLAST	family	COI-5P	657	1560	Apidae	BGENL2134-24_r_1.3_s_50	Ceratina acuta	0	BGENL2134-24	1.3	50	False	False	8611304	112763	4302	1560	2.0	15661.0	8749.559615384615	8090.5
0	1	data/BGE00186_MGE-BGE_r1_1.3_1.5_s50_100.fasta	None	Apidae	BLAST	family	COI-5P	657	1554	Apidae	BGENL2134-24_r_1.3_s_100	Ceratina acuta	0	BGENL2134-24	1.3	100	False	False	8611304	103968	4302	1560	0.0	15463.0	8454.444230769232	7756.0
0	0	data/BGE00186_MGE-BGE_r1_1.3_1.5_s50_100.fasta	None	Apidae	BLAST	family	COI-5P	657	1560	Apidae	BGENL2134-24_r_1.5_s_50	Ceratina acuta	0	BGENL2134-24	1.5	50	False	False	8611304	98343	4302	1560	2.0	13704.0	7810.763461538461	7570.0
0	0	data/BGE00186_MGE-BGE_r1_1.3_1.5_s50_100.fasta	None	Apidae	BLAST	family	COI-5P	657	1554	Apidae	BGENL2134-24_r_1.5_s_100	Ceratina acuta	0	BGENL2134-24	1.5	100	False	False	8611304	93513	4302	1560	0.0	13592.0	7654.565384615385	7444.5
0	1	data/BGE00186_MGE-BGE_r1_1.3_1.5_s50_100.fasta	None	Apidae	BLAST	family	COI-5P	657	1560	Apidae	BGENL2135-24_r_1_s_50	Ceratina acuta	0	BGENL2135-24	1	50	False	False	9048776	12383	54	1560	1.0	1701.0	1122.4653846153847	1103.0
0	1	data/BGE00186_MGE-BGE_r1_1.3_1.5_s50_100.fasta	None	Apidae	BLAST	family	COI-5P	657	1554	Apidae	BGENL2135-24_r_1_s_100	Ceratina acuta	0	BGENL2135-24	1	100	False	False	9048776	11626	54	1560	0.0	1686.0	1098.053846153846	1087.5
0	1	data/BGE00186_MGE-BGE_r1_1.3_1.5_s50_100.fasta	None	Apidae	BLAST	family	COI-5P	657	1560	Apidae	BGENL2135-24_r_1.3_s_50	Ceratina acuta	0	BGENL2135-24	1.3	50	False	False	9048776	12265	54	1560	1.0	1688.0	1117.6076923076923	1101.0
0	1	data/BGE00186_MGE-BGE_r1_1.3_1.5_s50_100.fasta	None	Apidae	BLAST	family	COI-5P	657	1554	Apidae	BGENL2135-24_r_1.3_s_100	Ceratina acuta	0	BGENL2135-24	1.3	100	False	False	9048776	11602	54	1560	0.0	1681.0	1096.1538461538462	1087.5
0	0	data/BGE00186_MGE-BGE_r1_1.3_1.5_s50_100.fasta	None	Apidae	BLAST	family	COI-5P	657	1560	Apidae	BGENL2135-24_r_1.5_s_50	Ceratina acuta	0	BGENL2135-24	1.5	50	False	False	9048776	11053	54	1560	1.0	1575.0	1032.678846153846	1066.0
0	0	data/BGE00186_MGE-BGE_r1_1.3_1.5_s50_100.fasta	None	Apidae	BLAST	family	COI-5P	657	1554	Apidae	BGENL2135-24_r_1.5_s_100	Ceratina acuta	0	BGENL2135-24	1.5	100	False	False	9048776	10695	54	1560	0.0	1565.0	1021.6903846153846	1058.0
33	67	data/BGE00186_MGE-BGE_r1_1.3_1.5_s50_100.fasta	None	Apidae	BLAST	family	COI-5P	601	1446	Apidae	BGENL2136-24_r_1_s_50	Ceratina albosticta	0	BGENL2136-24	1	50	False	False	4769784	360	1020	1560	0.0	75.0	23.717307692307692	18.5
3	43	data/BGE00186_MGE-BGE_r1_1.3_1.5_s50_100.fasta	None	Apidae	BLAST	family	COI-5P	493	1233	Apidae	BGENL2136-24_r_1_s_100	Ceratina albosticta	0	BGENL2136-24	1	100	False	False	4769784	196	1020	1560	0.0	52.0	18.432692307692307	10.0
4	20	data/BGE00186_MGE-BGE_r1_1.3_1.5_s50_100.fasta	None	Apidae	BLAST	family	COI-5P	407	1110	Apidae	BGENL2136-24_r_1.3_s_50	Ceratina albosticta	10	BGENL2136-24	1.3	50	False	False	4769784	117	1020	1560	0.0	24.0	5.082692307692308	3.0
10	18	data/BGE00186_MGE-BGE_r1_1.3_1.5_s50_100.fasta	None	Apidae	BLAST	family	COI-5P	223	819	Apidae	BGENL2136-24_r_1.3_s_100	Ceratina albosticta	0	BGENL2136-24	1.3	100	False	False	4769784	45	1020	1560	0.0	12.0	2.9096153846153845	1.0
0	4	data/BGE00186_MGE-BGE_r1_1.3_1.5_s50_100.fasta	None	Apidae	BLAST	family	COI-5P	368	777	Apidae	BGENL2136-24_r_1.5_s_50	Ceratina albosticta	10	BGENL2136-24	1.5	50	False	False	4769784	59	1020	1560	0.0	13.0	2.0576923076923075	0.0
0	4	data/BGE00186_MGE-BGE_r1_1.3_1.5_s50_100.fasta	None	Apidae	BLAST	family	COI-5P	223	624	Apidae	BGENL2136-24_r_1.5_s_100	Ceratina albosticta	0	BGENL2136-24	1.5	100	False	False	4769784	18	1020	1560	0.0	6.0	1.0038461538461538	0.0
0	0	data/BGE00186_MGE-BGE_r1_1.3_1.5_s50_100.fasta	None	Apidae	BLAST	family	COI-5P	656	1560	Apidae	BGENL2137-24_r_1_s_50	Ceratina albosticta	0	BGENL2137-24	1	50	False	False	6192332	3806	961	1560	1.0	519.0	234.68076923076924	209.0
0	0	data/BGE00186_MGE-BGE_r1_1.3_1.5_s50_100.fasta	None	Apidae	BLAST	family	COI-5P	656	1551	Apidae	BGENL2137-24_r_1_s_100	Ceratina albosticta	0	BGENL2137-24	1	100	False	False	6192332	2926	961	1560	0.0	437.0	207.2596153846154	186.0
0	0	data/BGE00186_MGE-BGE_r1_1.3_1.5_s50_100.fasta	None	Apidae	BLAST	family	COI-5P	656	1560	Apidae	BGENL2137-24_r_1.3_s_50	Ceratina albosticta	0	BGENL2137-24	1.3	50	False	False	6192332	3541	961	1560	1.0	519.0	225.95961538461538	197.0
0	0	data/BGE00186_MGE-BGE_r1_1.3_1.5_s50_100.fasta	None	Apidae	BLAST	family	COI-5P	656	1551	Apidae	BGENL2137-24_r_1.3_s_100	Ceratina albosticta	0	BGENL2137-24	1.3	100	False	False	6192332	2902	961	1560	0.0	427.0	205.4826923076923	185.0
0	0	data/BGE00186_MGE-BGE_r1_1.3_1.5_s50_100.fasta	None	Apidae	BLAST	family	COI-5P	656	1557	Apidae	BGENL2137-24_r_1.5_s_50	Ceratina albosticta	0	BGENL2137-24	1.5	50	False	False	6192332	3045	961	1560	0.0	500.0	197.91923076923078	189.0
0	0	data/BGE00186_MGE-BGE_r1_1.3_1.5_s50_100.fasta	None	Apidae	BLAST	family	COI-5P	656	1551	Apidae	BGENL2137-24_r_1.5_s_100	Ceratina albosticta	0	BGENL2137-24	1.5	100	False	False	6192332	2579	961	1560	0.0	355.0	183.41538461538462	179.0
0	1	data/BGE00186_MGE-BGE_r1_1.3_1.5_s50_100.fasta	None	Apidae	BLAST	family	COI-5P	656	1560	Apidae	BGENL2138-24_r_1_s_50	Ceratina albosticta	0	BGENL2138-24	1	50	False	False	2983861	8198	929	1560	1.0	1413.0	426.94038461538463	387.0
0	4	data/BGE00186_MGE-BGE_r1_1.3_1.5_s50_100.fasta	None	Apidae	BLAST	family	COI-5P	656	1554	Apidae	BGENL2138-24_r_1_s_100	Ceratina albosticta	0	BGENL2138-24	1	100	False	False	2983861	5801	929	1560	0.0	791.0	348.47115384615387	334.5
0	0	data/BGE00186_MGE-BGE_r1_1.3_1.5_s50_100.fasta	None	Apidae	BLAST	family	COI-5P	656	1560	Apidae	BGENL2138-24_r_1.3_s_50	Ceratina albosticta	0	BGENL2138-24	1.3	50	False	False	2983861	7841	929	1560	1.0	1401.0	404.9576923076923	361.0
0	0	data/BGE00186_MGE-BGE_r1_1.3_1.5_s50_100.fasta	None	Apidae	BLAST	family	COI-5P	656	1554	Apidae	BGENL2138-24_r_1.3_s_100	Ceratina albosticta	0	BGENL2138-24	1.3	100	False	False	2983861	5672	929	1560	0.0	782.0	334.825	328.5
0	1	data/BGE00186_MGE-BGE_r1_1.3_1.5_s50_100.fasta	None	Apidae	BLAST	family	COI-5P	656	1560	Apidae	BGENL2138-24_r_1.5_s_50	Ceratina albosticta	0	BGENL2138-24	1.5	50	False	False	2983861	6594	929	1560	1.0	1394.0	336.30961538461537	251.0
0	0	data/BGE00186_MGE-BGE_r1_1.3_1.5_s50_100.fasta	None	Apidae	BLAST	family	COI-5P	656	1554	Apidae	BGENL2138-24_r_1.5_s_100	Ceratina albosticta	0	BGENL2138-24	1.5	100	False	False	2983861	4837	929	1560	0.0	781.0	280.7692307692308	220.0
0	0	data/BGE00186_MGE-BGE_r1_1.3_1.5_s50_100.fasta	None	Apidae	BLAST	family	COI-5P	657	1560	Apidae	BGENL2139-24_r_1_s_50	Ceratina bispinosa	0	BGENL2139-24	1	50	False	False	7023282	36467	4650	1560	2.0	3827.0	2485.6788461538463	2505.0
0	0	data/BGE00186_MGE-BGE_r1_1.3_1.5_s50_100.fasta	None	Apidae	BLAST	family	COI-5P	657	1560	Apidae	BGENL2139-24_r_1_s_100	Ceratina bispinosa	0	BGENL2139-24	1	100	False	False	7023282	32628	4650	1560	2.0	3712.0	2359.9480769230768	2389.5
0	0	data/BGE00186_MGE-BGE_r1_1.3_1.5_s50_100.fasta	None	Apidae	BLAST	family	COI-5P	657	1560	Apidae	BGENL2139-24_r_1.3_s_50	Ceratina bispinosa	0	BGENL2139-24	1.3	50	False	False	7023282	35962	4650	1560	2.0	3816.0	2455.4442307692307	2480.0
0	0	data/BGE00186_MGE-BGE_r1_1.3_1.5_s50_100.fasta	None	Apidae	BLAST	family	COI-5P	657	1560	Apidae	BGENL2139-24_r_1.3_s_100	Ceratina bispinosa	0	BGENL2139-24	1.3	100	False	False	7023282	32386	4650	1560	2.0	3702.0	2340.244230769231	2380.5
0	0	data/BGE00186_MGE-BGE_r1_1.3_1.5_s50_100.fasta	None	Apidae	BLAST	family	COI-5P	657	1545	Apidae	BGENL2139-24_r_1.5_s_50	Ceratina bispinosa	0	BGENL2139-24	1.5	50	False	False	7023282	31214	4650	1560	0.0	3814.0	2137.826923076923	2092.5
0	0	data/BGE00186_MGE-BGE_r1_1.3_1.5_s50_100.fasta	None	Apidae	BLAST	family	COI-5P	657	1545	Apidae	BGENL2139-24_r_1.5_s_100	Ceratina bispinosa	0	BGENL2139-24	1.5	100	False	False	7023282	28431	4650	1560	0.0	3700.0	2052.075	1992.0
0	0	data/BGE00186_MGE-BGE_r1_1.3_1.5_s50_100.fasta	None	Apidae	BLAST	family	COI-5P	657	1557	Apidae	BGENL2140-24_r_1_s_50	Ceratina bispinosa	0	BGENL2140-24	1	50	False	False	5479928	29255	3396	1560	0.0	3288.0	2181.0307692307692	2199.5
0	0	data/BGE00186_MGE-BGE_r1_1.3_1.5_s50_100.fasta	None	Apidae	BLAST	family	COI-5P	657	1557	Apidae	BGENL2140-24_r_1_s_100	Ceratina bispinosa	0	BGENL2140-24	1	100	False	False	5479928	27149	3396	1560	0.0	3240.0	2111.7403846153848	2134.0
0	0	data/BGE00186_MGE-BGE_r1_1.3_1.5_s50_100.fasta	None	Apidae	BLAST	family	COI-5P	657	1557	Apidae	BGENL2140-24_r_1.3_s_50	Ceratina bispinosa	0	BGENL2140-24	1.3	50	False	False	5479928	29095	3396	1560	0.0	3282.0	2171.2096153846155	2193.0
0	0	data/BGE00186_MGE-BGE_r1_1.3_1.5_s50_100.fasta	None	Apidae	BLAST	family	COI-5P	657	1557	Apidae	BGENL2140-24_r_1.3_s_100	Ceratina bispinosa	0	BGENL2140-24	1.3	100	False	False	5479928	27058	3396	1560	0.0	3235.0	2104.607692307692	2123.0
0	0	data/BGE00186_MGE-BGE_r1_1.3_1.5_s50_100.fasta	None	Apidae	BLAST	family	COI-5P	657	1545	Apidae	BGENL2140-24_r_1.5_s_50	Ceratina bispinosa	0	BGENL2140-24	1.5	50	False	False	5479928	25503	3396	1560	0.0	3277.0	1911.6519230769231	1991.5
0	0	data/BGE00186_MGE-BGE_r1_1.3_1.5_s50_100.fasta	None	Apidae	BLAST	family	COI-5P	657	1545	Apidae	BGENL2140-24_r_1.5_s_100	Ceratina bispinosa	0	BGENL2140-24	1.5	100	False	False	5479928	23883	3396	1560	0.0	3232.0	1860.7788461538462	1939.5
0	0	data/BGE00186_MGE-BGE_r1_1.3_1.5_s50_100.fasta	None	Apidae	BLAST	family	COI-5P	657	1557	Apidae	BGENL2141-24_r_1_s_50	Ceratina bispinosa	0	BGENL2141-24	1	50	False	False	7577625	18957	392	1560	0.0	2809.0	1545.7288461538462	1433.0
0	0	data/BGE00186_MGE-BGE_r1_1.3_1.5_s50_100.fasta	None	Apidae	BLAST	family	COI-5P	657	1557	Apidae	BGENL2141-24_r_1_s_100	Ceratina bispinosa	0	BGENL2141-24	1	100	False	False	7577625	17666	392	1560	0.0	2786.0	1503.1076923076923	1361.5
0	0	data/BGE00186_MGE-BGE_r1_1.3_1.5_s50_100.fasta	None	Apidae	BLAST	family	COI-5P	657	1557	Apidae	BGENL2141-24_r_1.3_s_50	Ceratina bispinosa	0	BGENL2141-24	1.3	50	False	False	7577625	18405	392	1560	0.0	2802.0	1520.7730769230768	1422.5
0	0	data/BGE00186_MGE-BGE_r1_1.3_1.5_s50_100.fasta	None	Apidae	BLAST	family	COI-5P	657	1557	Apidae	BGENL2141-24_r_1.3_s_100	Ceratina bispinosa	0	BGENL2141-24	1.3	100	False	False	7577625	17561	392	1560	0.0	2780.0	1493.576923076923	1358.5
0	0	data/BGE00186_MGE-BGE_r1_1.3_1.5_s50_100.fasta	None	Apidae	BLAST	family	COI-5P	657	1557	Apidae	BGENL2141-24_r_1.5_s_50	Ceratina bispinosa	0	BGENL2141-24	1.5	50	False	False	7577625	15582	392	1560	0.0	2794.0	1299.6057692307693	1248.0
0	0	data/BGE00186_MGE-BGE_r1_1.3_1.5_s50_100.fasta	None	Apidae	BLAST	family	COI-5P	657	1557	Apidae	BGENL2141-24_r_1.5_s_100	Ceratina bispinosa	0	BGENL2141-24	1.5	100	False	False	7577625	14953	392	1560	0.0	2779.0	1280.4057692307692	1242.5
0	0	data/BGE00186_MGE-BGE_r1_1.3_1.5_s50_100.fasta	None	Apidae	BLAST	family	COI-5P	657	1560	Apidae	BGENL2142-24_r_1_s_50	Ceratina chrysomalla	0	BGENL2142-24	1	50	False	False	8789317	20162	1165	1560	11.0	3047.0	1915.9096153846153	1814.0
0	0	data/BGE00186_MGE-BGE_r1_1.3_1.5_s50_100.fasta	None	Apidae	BLAST	family	COI-5P	657	1560	Apidae	BGENL2142-24_r_1_s_100	Ceratina chrysomalla	0	BGENL2142-24	1	100	False	False	8789317	18985	1165	1560	9.0	3033.0	1879.5923076923077	1771.5
0	0	data/BGE00186_MGE-BGE_r1_1.3_1.5_s50_100.fasta	None	Apidae	BLAST	family	COI-5P	657	1560	Apidae	BGENL2142-24_r_1.3_s_50	Ceratina chrysomalla	0	BGENL2142-24	1.3	50	False	False	8789317	19783	1165	1560	11.0	3042.0	1902.375	1810.0
0	0	data/BGE00186_MGE-BGE_r1_1.3_1.5_s50_100.fasta	None	Apidae	BLAST	family	COI-5P	657	1560	Apidae	BGENL2142-24_r_1.3_s_100	Ceratina chrysomalla	0	BGENL2142-24	1.3	100	False	False	8789317	18940	1165	1560	9.0	3030.0	1876.1615384615384	1768.5
0	0	data/BGE00186_MGE-BGE_r1_1.3_1.5_s50_100.fasta	None	Apidae	BLAST	family	COI-5P	657	1560	Apidae	BGENL2142-24_r_1.5_s_50	Ceratina chrysomalla	0	BGENL2142-24	1.5	50	False	False	8789317	17997	1165	1560	4.0	2980.0	1756.5115384615385	1710.5
0	0	data/BGE00186_MGE-BGE_r1_1.3_1.5_s50_100.fasta	None	Apidae	BLAST	family	COI-5P	657	1560	Apidae	BGENL2142-24_r_1.5_s_100	Ceratina chrysomalla	0	BGENL2142-24	1.5	100	False	False	8789317	17470	1165	1560	4.0	2968.0	1740.9903846153845	1686.0
0	1	data/BGE00186_MGE-BGE_r1_1.3_1.5_s50_100.fasta	None	Apidae	BLAST	family	COI-5P	657	1560	Apidae	BGENL2143-24_r_1_s_50	Ceratina chrysomalla	0	BGENL2143-24	1	50	False	False	5814649	152096	576	1560	88.0	23647.0	11113.915384615384	8876.0
0	1	data/BGE00186_MGE-BGE_r1_1.3_1.5_s50_100.fasta	None	Apidae	BLAST	family	COI-5P	657	1560	Apidae	BGENL2143-24_r_1_s_100	Ceratina chrysomalla	0	BGENL2143-24	1	100	False	False	5814649	138525	576	1560	79.0	23010.0	10693.646153846154	8737.5
0	1	data/BGE00186_MGE-BGE_r1_1.3_1.5_s50_100.fasta	None	Apidae	BLAST	family	COI-5P	657	1560	Apidae	BGENL2143-24_r_1.3_s_50	Ceratina chrysomalla	0	BGENL2143-24	1.3	50	False	False	5814649	150193	576	1560	81.0	22754.0	11035.698076923078	8870.0
0	1	data/BGE00186_MGE-BGE_r1_1.3_1.5_s50_100.fasta	None	Apidae	BLAST	family	COI-5P	657	1560	Apidae	BGENL2143-24_r_1.3_s_100	Ceratina chrysomalla	0	BGENL2143-24	1.3	100	False	False	5814649	138049	576	1560	78.0	22672.0	10663.582692307693	8734.5
0	0	data/BGE00186_MGE-BGE_r1_1.3_1.5_s50_100.fasta	None	Apidae	BLAST	family	COI-5P	657	1560	Apidae	BGENL2143-24_r_1.5_s_50	Ceratina chrysomalla	0	BGENL2143-24	1.5	50	False	False	5814649	130512	576	1560	39.0	22180.0	9591.207692307693	8309.5
0	0	data/BGE00186_MGE-BGE_r1_1.3_1.5_s50_100.fasta	None	Apidae	BLAST	family	COI-5P	657	1560	Apidae	BGENL2143-24_r_1.5_s_100	Ceratina chrysomalla	0	BGENL2143-24	1.5	100	False	False	5814649	121394	576	1560	39.0	21906.0	9321.36923076923	8169.5
0	2	data/BGE00186_MGE-BGE_r1_1.3_1.5_s50_100.fasta	None	Apidae	BLAST	family	COI-5P	657	1560	Apidae	BGENL2144-24_r_1_s_50	Ceratina chrysomalla	0	BGENL2144-24	1	50	False	False	6383928	2897	846	1560	2.0	467.0	214.7403846153846	172.0
0	2	data/BGE00186_MGE-BGE_r1_1.3_1.5_s50_100.fasta	None	Apidae	BLAST	family	COI-5P	657	1560	Apidae	BGENL2144-24_r_1_s_100	Ceratina chrysomalla	0	BGENL2144-24	1	100	False	False	6383928	2524	846	1560	2.0	457.0	202.8673076923077	168.5
0	2	data/BGE00186_MGE-BGE_r1_1.3_1.5_s50_100.fasta	None	Apidae	BLAST	family	COI-5P	657	1560	Apidae	BGENL2144-24_r_1.3_s_50	Ceratina chrysomalla	0	BGENL2144-24	1.3	50	False	False	6383928	2793	846	1560	2.0	442.0	209.91153846153847	169.0
0	2	data/BGE00186_MGE-BGE_r1_1.3_1.5_s50_100.fasta	None	Apidae	BLAST	family	COI-5P	657	1560	Apidae	BGENL2144-24_r_1.3_s_100	Ceratina chrysomalla	0	BGENL2144-24	1.3	100	False	False	6383928	2495	846	1560	2.0	441.0	200.71153846153845	166.0
0	0	data/BGE00186_MGE-BGE_r1_1.3_1.5_s50_100.fasta	None	Apidae	BLAST	family	COI-5P	657	1560	Apidae	BGENL2144-24_r_1.5_s_50	Ceratina chrysomalla	0	BGENL2144-24	1.5	50	False	False	6383928	2415	846	1560	1.0	419.0	181.8153846153846	161.5
0	0	data/BGE00186_MGE-BGE_r1_1.3_1.5_s50_100.fasta	None	Apidae	BLAST	family	COI-5P	657	1560	Apidae	BGENL2144-24_r_1.5_s_100	Ceratina chrysomalla	0	BGENL2144-24	1.5	100	False	False	6383928	2183	846	1560	1.0	383.0	174.81153846153848	159.0
0	0	data/BGE00186_MGE-BGE_r1_1.3_1.5_s50_100.fasta	None	Apidae	BLAST	family	COI-5P	657	1557	Apidae	BGENL2145-24_r_1_s_50	Ceratina cypriaca	0	BGENL2145-24	1	50	False	False	6842889	3559	76	1560	0.0	448.0	202.44423076923076	188.5
0	0	data/BGE00186_MGE-BGE_r1_1.3_1.5_s50_100.fasta	None	Apidae	BLAST	family	COI-5P	657	1551	Apidae	BGENL2145-24_r_1_s_100	Ceratina cypriaca	0	BGENL2145-24	1	100	False	False	6842889	2687	76	1560	0.0	395.0	174.1326923076923	163.0
0	0	data/BGE00186_MGE-BGE_r1_1.3_1.5_s50_100.fasta	None	Apidae	BLAST	family	COI-5P	657	1551	Apidae	BGENL2145-24_r_1.3_s_50	Ceratina cypriaca	0	BGENL2145-24	1.3	50	False	False	6842889	3373	76	1560	0.0	392.0	191.09423076923076	183.0
0	0	data/BGE00186_MGE-BGE_r1_1.3_1.5_s50_100.fasta	None	Apidae	BLAST	family	COI-5P	657	1551	Apidae	BGENL2145-24_r_1.3_s_100	Ceratina cypriaca	0	BGENL2145-24	1.3	100	False	False	6842889	2598	76	1560	0.0	347.0	166.4903846153846	157.0
0	0	data/BGE00186_MGE-BGE_r1_1.3_1.5_s50_100.fasta	None	Apidae	BLAST	family	COI-5P	657	1551	Apidae	BGENL2145-24_r_1.5_s_50	Ceratina cypriaca	0	BGENL2145-24	1.5	50	False	False	6842889	2767	76	1560	0.0	390.0	157.01153846153846	144.0
0	0	data/BGE00186_MGE-BGE_r1_1.3_1.5_s50_100.fasta	None	Apidae	BLAST	family	COI-5P	657	1551	Apidae	BGENL2145-24_r_1.5_s_100	Ceratina cypriaca	0	BGENL2145-24	1.5	100	False	False	6842889	2194	76	1560	0.0	311.0	139.47884615384615	137.0
0	1	data/BGE00186_MGE-BGE_r1_1.3_1.5_s50_100.fasta	None	Apidae	BLAST	family	COI-5P	657	1560	Apidae	BGENL2146-24_r_1_s_50	Ceratina cypriaca	0	BGENL2146-24	1	50	False	False	7412405	18939	942	1560	1.0	2893.0	1138.073076923077	1033.0
0	1	data/BGE00186_MGE-BGE_r1_1.3_1.5_s50_100.fasta	None	Apidae	BLAST	family	COI-5P	657	1557	Apidae	BGENL2146-24_r_1_s_100	Ceratina cypriaca	0	BGENL2146-24	1	100	False	False	7412405	15360	942	1560	0.0	2627.0	1018.248076923077	892.5
0	1	data/BGE00186_MGE-BGE_r1_1.3_1.5_s50_100.fasta	None	Apidae	BLAST	family	COI-5P	657	1557	Apidae	BGENL2146-24_r_1.3_s_50	Ceratina cypriaca	0	BGENL2146-24	1.3	50	False	False	7412405	18328	942	1560	0.0	2437.0	1105.6403846153846	1027.0
0	1	data/BGE00186_MGE-BGE_r1_1.3_1.5_s50_100.fasta	None	Apidae	BLAST	family	COI-5P	657	1557	Apidae	BGENL2146-24_r_1.3_s_100	Ceratina cypriaca	0	BGENL2146-24	1.3	100	False	False	7412405	15079	942	1560	0.0	2401.0	999.8307692307692	887.5
0	0	data/BGE00186_MGE-BGE_r1_1.3_1.5_s50_100.fasta	None	Apidae	BLAST	family	COI-5P	657	1551	Apidae	BGENL2146-24_r_1.5_s_50	Ceratina cypriaca	0	BGENL2146-24	1.5	50	False	False	7412405	14405	942	1560	0.0	2154.0	867.9288461538462	688.0
0	0	data/BGE00186_MGE-BGE_r1_1.3_1.5_s50_100.fasta	None	Apidae	BLAST	family	COI-5P	657	1551	Apidae	BGENL2146-24_r_1.5_s_100	Ceratina cypriaca	0	BGENL2146-24	1.5	100	False	False	7412405	12145	942	1560	0.0	2067.0	797.6884615384615	664.5
7	9	data/BGE00186_MGE-BGE_r1_1.3_1.5_s50_100.fasta	None	Apidae	BLAST	family	COI-5P	657	1560	Apidae	BGENL2147-24_r_1_s_50	Ceratina cypriaca	0	BGENL2147-24	1	50	False	False	4446087	8343	624	1560	1.0	1736.0	401.6826923076923	255.0
8	10	data/BGE00186_MGE-BGE_r1_1.3_1.5_s50_100.fasta	None	Apidae	BLAST	family	COI-5P	657	1557	Apidae	BGENL2147-24_r_1_s_100	Ceratina cypriaca	0	BGENL2147-24	1	100	False	False	4446087	5285	624	1560	0.0	1304.0	299.13653846153846	173.5
0	0	data/BGE00186_MGE-BGE_r1_1.3_1.5_s50_100.fasta	None	Apidae	BLAST	family	COI-5P	657	1557	Apidae	BGENL2147-24_r_1.3_s_50	Ceratina cypriaca	0	BGENL2147-24	1.3	50	False	False	4446087	7456	624	1560	0.0	1201.0	356.3615384615385	241.5
1	1	data/BGE00186_MGE-BGE_r1_1.3_1.5_s50_100.fasta	None	Apidae	BLAST	family	COI-5P	657	1557	Apidae	BGENL2147-24_r_1.3_s_100	Ceratina cypriaca	0	BGENL2147-24	1.3	100	False	False	4446087	4904	624	1560	0.0	1022.0	275.44807692307694	165.0
0	0	data/BGE00186_MGE-BGE_r1_1.3_1.5_s50_100.fasta	None	Apidae	BLAST	family	COI-5P	657	1557	Apidae	BGENL2147-24_r_1.5_s_50	Ceratina cypriaca	0	BGENL2147-24	1.5	50	False	False	4446087	5698	624	1560	0.0	1142.0	260.2903846153846	138.5
0	0	data/BGE00186_MGE-BGE_r1_1.3_1.5_s50_100.fasta	None	Apidae	BLAST	family	COI-5P	657	1557	Apidae	BGENL2147-24_r_1.5_s_100	Ceratina cypriaca	0	BGENL2147-24	1.5	100	False	False	4446087	3718	624	1560	0.0	902.0	199.47884615384615	117.0
0	0	data/BGE00186_MGE-BGE_r1_1.3_1.5_s50_100.fasta	None	Apidae	BLAST	family	COI-5P	656	1560	Apidae	BGENL2148-24_r_1_s_50	Ceratina tarsata	0	BGENL2148-24	1	50	False	False	5678654	1324	427	1560	17.0	127.0	63.69230769230769	63.0
0	0	data/BGE00186_MGE-BGE_r1_1.3_1.5_s50_100.fasta	None	Apidae	BLAST	family	COI-5P	656	1560	Apidae	BGENL2148-24_r_1_s_100	Ceratina tarsata	0	BGENL2148-24	1	100	False	False	5678654	928	427	1560	15.0	110.0	50.93846153846154	50.0
0	0	data/BGE00186_MGE-BGE_r1_1.3_1.5_s50_100.fasta	None	Apidae	BLAST	family	COI-5P	656	1560	Apidae	BGENL2148-24_r_1.3_s_50	Ceratina tarsata	0	BGENL2148-24	1.3	50	False	False	5678654	1260	427	1560	15.0	123.0	60.62692307692308	61.0
0	0	data/BGE00186_MGE-BGE_r1_1.3_1.5_s50_100.fasta	None	Apidae	BLAST	family	COI-5P	656	1560	Apidae	BGENL2148-24_r_1.3_s_100	Ceratina tarsata	0	BGENL2148-24	1.3	100	False	False	5678654	912	427	1560	14.0	110.0	49.53653846153846	47.0
0	0	data/BGE00186_MGE-BGE_r1_1.3_1.5_s50_100.fasta	None	Apidae	BLAST	family	COI-5P	656	1560	Apidae	BGENL2148-24_r_1.5_s_50	Ceratina tarsata	0	BGENL2148-24	1.5	50	False	False	5678654	1142	427	1560	11.0	92.0	55.128846153846155	56.0
0	0	data/BGE00186_MGE-BGE_r1_1.3_1.5_s50_100.fasta	None	Apidae	BLAST	family	COI-5P	656	1560	Apidae	BGENL2148-24_r_1.5_s_100	Ceratina tarsata	0	BGENL2148-24	1.5	100	False	False	5678654	848	427	1560	11.0	77.0	45.948076923076925	45.0
0	0	data/BGE00186_MGE-BGE_r1_1.3_1.5_s50_100.fasta	None	Apidae	BLAST	family	COI-5P	656	1560	Apidae	BGENL2149-24_r_1_s_50	Ceratina tarsata	0	BGENL2149-24	1	50	False	False	4471419	19069	51	1560	222.0	2586.0	1122.9788461538462	977.5
0	0	data/BGE00186_MGE-BGE_r1_1.3_1.5_s50_100.fasta	None	Apidae	BLAST	family	COI-5P	656	1560	Apidae	BGENL2149-24_r_1_s_100	Ceratina tarsata	0	BGENL2149-24	1	100	False	False	4471419	16144	51	1560	185.0	2508.0	1031.9076923076923	854.5
0	0	data/BGE00186_MGE-BGE_r1_1.3_1.5_s50_100.fasta	None	Apidae	BLAST	family	COI-5P	656	1560	Apidae	BGENL2149-24_r_1.3_s_50	Ceratina tarsata	0	BGENL2149-24	1.3	50	False	False	4471419	18855	51	1560	219.0	2584.0	1115.6423076923077	953.5
0	0	data/BGE00186_MGE-BGE_r1_1.3_1.5_s50_100.fasta	None	Apidae	BLAST	family	COI-5P	656	1560	Apidae	BGENL2149-24_r_1.3_s_100	Ceratina tarsata	0	BGENL2149-24	1.3	100	False	False	4471419	16125	51	1560	182.0	2508.0	1030.423076923077	852.0
0	0	data/BGE00186_MGE-BGE_r1_1.3_1.5_s50_100.fasta	None	Apidae	BLAST	family	COI-5P	656	1560	Apidae	BGENL2149-24_r_1.5_s_50	Ceratina tarsata	0	BGENL2149-24	1.5	50	False	False	4471419	17566	51	1560	217.0	2583.0	1055.5903846153847	875.0
0	0	data/BGE00186_MGE-BGE_r1_1.3_1.5_s50_100.fasta	None	Apidae	BLAST	family	COI-5P	656	1560	Apidae	BGENL2149-24_r_1.5_s_100	Ceratina tarsata	0	BGENL2149-24	1.5	100	False	False	4471419	15427	51	1560	180.0	2508.0	990.9519230769231	814.0
0	0	data/BGE00186_MGE-BGE_r1_1.3_1.5_s50_100.fasta	None	Apidae	BLAST	family	COI-5P	656	1557	Apidae	BGENL2150-24_r_1_s_50	Ceratina tarsata	0	BGENL2150-24	1	50	False	False	6672858	17732	1633	1560	0.0	2234.0	1243.4153846153847	1175.5
0	0	data/BGE00186_MGE-BGE_r1_1.3_1.5_s50_100.fasta	None	Apidae	BLAST	family	COI-5P	656	1557	Apidae	BGENL2150-24_r_1.3_s_50	Ceratina tarsata	0	BGENL2150-24	1.3	50	False	False	6672858	17465	1633	1560	0.0	2233.0	1232.0057692307691	1172.0
0	0	data/BGE00186_MGE-BGE_r1_1.3_1.5_s50_100.fasta	None	Apidae	BLAST	family	COI-5P	656	1557	Apidae	BGENL2150-24_r_1_s_100	Ceratina tarsata	0	BGENL2150-24	1	100	False	False	6672858	16078	1633	1560	0.0	2126.0	1192.1365384615385	1139.0
0	0	data/BGE00186_MGE-BGE_r1_1.3_1.5_s50_100.fasta	None	Apidae	BLAST	family	COI-5P	656	1557	Apidae	BGENL2150-24_r_1.3_s_100	Ceratina tarsata	0	BGENL2150-24	1.3	100	False	False	6672858	16034	1633	1560	0.0	2125.0	1187.9634615384616	1132.0
0	0	data/BGE00186_MGE-BGE_r1_1.3_1.5_s50_100.fasta	None	Apidae	BLAST	family	COI-5P	656	1557	Apidae	BGENL2150-24_r_1.5_s_50	Ceratina tarsata	0	BGENL2150-24	1.5	50	False	False	6672858	16329	1633	1560	0.0	2231.0	1171.4807692307693	1131.5
0	0	data/BGE00186_MGE-BGE_r1_1.3_1.5_s50_100.fasta	None	Apidae	BLAST	family	COI-5P	656	1557	Apidae	BGENL2150-24_r_1.5_s_100	Ceratina tarsata	0	BGENL2150-24	1.5	100	False	False	6672858	15250	1633	1560	0.0	2107.0	1140.1942307692307	1111.0
0	0	data/BGE00186_MGE-BGE_r1_1.3_1.5_s50_100.fasta	None	Apidae	BLAST	family	COI-5P	656	1560	Apidae	BGENL2151-24_r_1_s_50	Ceratina mandibularis	0	BGENL2151-24	1	50	False	False	8130826	138337	13024	1560	1.0	21411.0	8745.863461538462	7286.5
0	1	data/BGE00186_MGE-BGE_r1_1.3_1.5_s50_100.fasta	None	Apidae	BLAST	family	COI-5P	656	1554	Apidae	BGENL2151-24_r_1_s_100	Ceratina mandibularis	0	BGENL2151-24	1	100	False	False	8130826	114877	13024	1560	0.0	16797.0	7983.067307692308	6836.0
0	0	data/BGE00186_MGE-BGE_r1_1.3_1.5_s50_100.fasta	None	Apidae	BLAST	family	COI-5P	656	1560	Apidae	BGENL2151-24_r_1.3_s_50	Ceratina mandibularis	0	BGENL2151-24	1.3	50	False	False	8130826	136775	13024	1560	1.0	21405.0	8681.359615384616	7255.5
0	1	data/BGE00186_MGE-BGE_r1_1.3_1.5_s50_100.fasta	None	Apidae	BLAST	family	COI-5P	656	1554	Apidae	BGENL2151-24_r_1.3_s_100	Ceratina mandibularis	0	BGENL2151-24	1.3	100	False	False	8130826	114631	13024	1560	0.0	16786.0	7965.657692307693	6823.5
0	1	data/BGE00186_MGE-BGE_r1_1.3_1.5_s50_100.fasta	None	Apidae	BLAST	family	COI-5P	656	1560	Apidae	BGENL2151-24_r_1.5_s_50	Ceratina mandibularis	0	BGENL2151-24	1.5	50	False	False	8130826	120301	13024	1560	1.0	21220.0	7697.076923076923	6562.5
0	0	data/BGE00186_MGE-BGE_r1_1.3_1.5_s50_100.fasta	None	Apidae	BLAST	family	COI-5P	656	1554	Apidae	BGENL2151-24_r_1.5_s_100	Ceratina mandibularis	0	BGENL2151-24	1.5	100	False	False	8130826	102081	13024	1560	0.0	16421.0	7118.807692307692	6323.5
11	32	data/BGE00186_MGE-BGE_r1_1.3_1.5_s50_100.fasta	None	Apidae	BLAST	family	COI-5P	628	1533	Apidae	BGENL2152-24_r_1_s_50	Ceratina mandibularis	0	BGENL2152-24	1	50	False	False	2226472	3439	1353	1560	0.0	1068.0	150.8673076923077	87.0
9	22	data/BGE00186_MGE-BGE_r1_1.3_1.5_s50_100.fasta	None	Apidae	BLAST	family	COI-5P	591	1479	Apidae	BGENL2152-24_r_1_s_100	Ceratina mandibularis	7	BGENL2152-24	1	100	False	False	2226472	1714	1353	1560	0.0	373.0	96.05192307692307	69.5
9	14	data/BGE00186_MGE-BGE_r1_1.3_1.5_s50_100.fasta	None	Apidae	BLAST	family	COI-5P	628	1533	Apidae	BGENL2152-24_r_1.3_s_50	Ceratina mandibularis	0	BGENL2152-24	1.3	50	False	False	2226472	3147	1353	1560	0.0	1061.0	130.93076923076924	64.0
0	1	data/BGE00186_MGE-BGE_r1_1.3_1.5_s50_100.fasta	None	Apidae	BLAST	family	COI-5P	591	1434	Apidae	BGENL2152-24_r_1.3_s_100	Ceratina mandibularis	7	BGENL2152-24	1.3	100	False	False	2226472	1579	1353	1560	0.0	330.0	82.37115384615385	50.0
4	7	data/BGE00186_MGE-BGE_r1_1.3_1.5_s50_100.fasta	None	Apidae	BLAST	family	COI-5P	596	1488	Apidae	BGENL2152-24_r_1.5_s_50	Ceratina mandibularis	19	BGENL2152-24	1.5	50	False	False	2226472	2631	1353	1560	0.0	1058.0	104.20961538461539	37.5
0	0	data/BGE00186_MGE-BGE_r1_1.3_1.5_s50_100.fasta	None	Apidae	BLAST	family	COI-5P	591	1434	Apidae	BGENL2152-24_r_1.5_s_100	Ceratina mandibularis	7	BGENL2152-24	1.5	100	False	False	2226472	1252	1353	1560	0.0	330.0	62.84423076923077	26.5
0	0	data/BGE00186_MGE-BGE_r1_1.3_1.5_s50_100.fasta	None	Apidae	BLAST	family	COI-5P	656	1554	Apidae	BGENL2153-24_r_1_s_50	Ceratina mandibularis	0	BGENL2153-24	1	50	False	False	9302438	140660	462	1560	0.0	19151.0	9416.698076923078	8008.5
0	1	data/BGE00186_MGE-BGE_r1_1.3_1.5_s50_100.fasta	None	Apidae	BLAST	family	COI-5P	656	1554	Apidae	BGENL2153-24_r_1_s_100	Ceratina mandibularis	0	BGENL2153-24	1	100	False	False	9302438	120224	462	1560	0.0	18140.0	8753.780769230769	7690.0
0	0	data/BGE00186_MGE-BGE_r1_1.3_1.5_s50_100.fasta	None	Apidae	BLAST	family	COI-5P	656	1554	Apidae	BGENL2153-24_r_1.3_s_50	Ceratina mandibularis	0	BGENL2153-24	1.3	50	False	False	9302438	138970	462	1560	0.0	19150.0	9339.492307692308	7996.0
0	1	data/BGE00186_MGE-BGE_r1_1.3_1.5_s50_100.fasta	None	Apidae	BLAST	family	COI-5P	656	1554	Apidae	BGENL2153-24_r_1.3_s_100	Ceratina mandibularis	0	BGENL2153-24	1.3	100	False	False	9302438	119820	462	1560	0.0	18129.0	8724.165384615384	7664.5
0	0	data/BGE00186_MGE-BGE_r1_1.3_1.5_s50_100.fasta	None	Apidae	BLAST	family	COI-5P	656	1554	Apidae	BGENL2153-24_r_1.5_s_50	Ceratina mandibularis	0	BGENL2153-24	1.5	50	False	False	9302438	122794	462	1560	0.0	19004.0	8315.192307692309	7021.0
0	0	data/BGE00186_MGE-BGE_r1_1.3_1.5_s50_100.fasta	None	Apidae	BLAST	family	COI-5P	656	1554	Apidae	BGENL2153-24_r_1.5_s_100	Ceratina mandibularis	0	BGENL2153-24	1.5	100	False	False	9302438	107121	462	1560	0.0	17641.0	7821.798076923077	6860.0
0	0	data/BGE00186_MGE-BGE_r1_1.3_1.5_s50_100.fasta	None	Apidae	BLAST	family	COI-5P	657	1557	Apidae	BGENL2154-24_r_1_s_50	Ceratina moricei	0	BGENL2154-24	1	50	False	False	5425662	124128	7426	1560	0.0	16366.0	8982.784615384615	8389.5
0	0	data/BGE00186_MGE-BGE_r1_1.3_1.5_s50_100.fasta	None	Apidae	BLAST	family	COI-5P	657	1557	Apidae	BGENL2154-24_r_1_s_100	Ceratina moricei	0	BGENL2154-24	1	100	False	False	5425662	114567	7426	1560	0.0	16289.0	8687.442307692309	8055.0
0	0	data/BGE00186_MGE-BGE_r1_1.3_1.5_s50_100.fasta	None	Apidae	BLAST	family	COI-5P	657	1557	Apidae	BGENL2154-24_r_1.3_s_50	Ceratina moricei	0	BGENL2154-24	1.3	50	False	False	5425662	123850	7426	1560	0.0	16355.0	8963.921153846153	8351.5
0	0	data/BGE00186_MGE-BGE_r1_1.3_1.5_s50_100.fasta	None	Apidae	BLAST	family	COI-5P	657	1557	Apidae	BGENL2154-24_r_1.3_s_100	Ceratina moricei	0	BGENL2154-24	1.3	100	False	False	5425662	114416	7426	1560	0.0	16278.0	8672.717307692308	8050.0
0	4	data/BGE00186_MGE-BGE_r1_1.3_1.5_s50_100.fasta	None	Apidae	BLAST	family	COI-5P	657	1557	Apidae	BGENL2154-24_r_1.5_s_50	Ceratina moricei	0	BGENL2154-24	1.5	50	False	False	5425662	118665	7426	1560	0.0	16348.0	8670.567307692309	8125.0
0	1	data/BGE00186_MGE-BGE_r1_1.3_1.5_s50_100.fasta	None	Apidae	BLAST	family	COI-5P	657	1557	Apidae	BGENL2154-24_r_1.5_s_100	Ceratina moricei	0	BGENL2154-24	1.5	100	False	False	5425662	110830	7426	1560	0.0	16272.0	8432.10576923077	7997.5
0	0	data/BGE00186_MGE-BGE_r1_1.3_1.5_s50_100.fasta	None	Apidae	BLAST	family	COI-5P	657	1554	Apidae	BGENL2155-24_r_1_s_50	Ceratina moricei	0	BGENL2155-24	1	50	False	False	7095856	151432	7632	1560	0.0	28395.0	9634.459615384616	6492.0
0	0	data/BGE00186_MGE-BGE_r1_1.3_1.5_s50_100.fasta	None	Apidae	BLAST	family	COI-5P	657	1554	Apidae	BGENL2155-24_r_1_s_100	Ceratina moricei	0	BGENL2155-24	1	100	False	False	7095856	132501	7632	1560	0.0	23359.0	9072.782692307692	6325.5
0	0	data/BGE00186_MGE-BGE_r1_1.3_1.5_s50_100.fasta	None	Apidae	BLAST	family	COI-5P	657	1554	Apidae	BGENL2155-24_r_1.3_s_50	Ceratina moricei	0	BGENL2155-24	1.3	50	False	False	7095856	150947	7632	1560	0.0	28392.0	9602.434615384615	6449.0
0	0	data/BGE00186_MGE-BGE_r1_1.3_1.5_s50_100.fasta	None	Apidae	BLAST	family	COI-5P	657	1554	Apidae	BGENL2155-24_r_1.3_s_100	Ceratina moricei	0	BGENL2155-24	1.3	100	False	False	7095856	132246	7632	1560	0.0	23342.0	9049.463461538462	6282.5
0	0	data/BGE00186_MGE-BGE_r1_1.3_1.5_s50_100.fasta	None	Apidae	BLAST	family	COI-5P	657	1554	Apidae	BGENL2155-24_r_1.5_s_50	Ceratina moricei	0	BGENL2155-24	1.5	50	False	False	7095856	141283	7632	1560	0.0	28378.0	9073.65	6424.0
0	0	data/BGE00186_MGE-BGE_r1_1.3_1.5_s50_100.fasta	None	Apidae	BLAST	family	COI-5P	657	1554	Apidae	BGENL2155-24_r_1.5_s_100	Ceratina moricei	0	BGENL2155-24	1.5	100	False	False	7095856	125403	7632	1560	0.0	23331.0	8612.648076923077	6195.0
0	1	data/BGE00186_MGE-BGE_r1_1.3_1.5_s50_100.fasta	None	Apidae	BLAST	family	COI-5P	657	1554	Apidae	BGENL2156-24_r_1_s_50	Ceratina moricei	0	BGENL2156-24	1	50	False	False	7922489	148018	325	1560	0.0	25264.0	10396.98076923077	9246.5
0	1	data/BGE00186_MGE-BGE_r1_1.3_1.5_s50_100.fasta	None	Apidae	BLAST	family	COI-5P	657	1551	Apidae	BGENL2156-24_r_1_s_100	Ceratina moricei	0	BGENL2156-24	1	100	False	False	7922489	134307	325	1560	0.0	23002.0	9985.95576923077	8543.0
0	1	data/BGE00186_MGE-BGE_r1_1.3_1.5_s50_100.fasta	None	Apidae	BLAST	family	COI-5P	657	1554	Apidae	BGENL2156-24_r_1.3_s_50	Ceratina moricei	0	BGENL2156-24	1.3	50	False	False	7922489	147535	325	1560	0.0	25265.0	10371.507692307692	9234.0
0	1	data/BGE00186_MGE-BGE_r1_1.3_1.5_s50_100.fasta	None	Apidae	BLAST	family	COI-5P	657	1551	Apidae	BGENL2156-24_r_1.3_s_100	Ceratina moricei	0	BGENL2156-24	1.3	100	False	False	7922489	134135	325	1560	0.0	22984.0	9970.659615384615	8523.0
0	0	data/BGE00186_MGE-BGE_r1_1.3_1.5_s50_100.fasta	None	Apidae	BLAST	family	COI-5P	657	1554	Apidae	BGENL2156-24_r_1.5_s_50	Ceratina moricei	0	BGENL2156-24	1.5	50	False	False	7922489	139382	325	1560	0.0	25247.0	9913.925	8773.5
0	0	data/BGE00186_MGE-BGE_r1_1.3_1.5_s50_100.fasta	None	Apidae	BLAST	family	COI-5P	657	1551	Apidae	BGENL2156-24_r_1.5_s_100	Ceratina moricei	0	BGENL2156-24	1.5	100	False	False	7922489	128564	325	1560	0.0	22971.0	9595.803846153845	8366.5
0	1	data/BGE00186_MGE-BGE_r1_1.3_1.5_s50_100.fasta	None	Apidae	BLAST	family	COI-5P	657	1560	Apidae	BGENL2157-24_r_1_s_50	Ceratina nigroaenea	0	BGENL2157-24	1	50	False	False	9579786	74498	12149	1560	7.0	11551.0	6211.9384615384615	5664.0
0	1	data/BGE00186_MGE-BGE_r1_1.3_1.5_s50_100.fasta	None	Apidae	BLAST	family	COI-5P	657	1560	Apidae	BGENL2157-24_r_1_s_100	Ceratina nigroaenea	0	BGENL2157-24	1	100	False	False	9579786	68671	12149	1560	5.0	11448.0	6020.155769230769	5422.5
0	1	data/BGE00186_MGE-BGE_r1_1.3_1.5_s50_100.fasta	None	Apidae	BLAST	family	COI-5P	657	1560	Apidae	BGENL2157-24_r_1.3_s_50	Ceratina nigroaenea	0	BGENL2157-24	1.3	50	False	False	9579786	73902	12149	1560	7.0	11451.0	6191.1038461538465	5660.0
0	1	data/BGE00186_MGE-BGE_r1_1.3_1.5_s50_100.fasta	None	Apidae	BLAST	family	COI-5P	657	1560	Apidae	BGENL2157-24_r_1.3_s_100	Ceratina nigroaenea	0	BGENL2157-24	1.3	100	False	False	9579786	68581	12149	1560	5.0	11397.0	6013.759615384615	5421.0
0	2	data/BGE00186_MGE-BGE_r1_1.3_1.5_s50_100.fasta	None	Apidae	BLAST	family	COI-5P	657	1560	Apidae	BGENL2157-24_r_1.5_s_50	Ceratina nigroaenea	0	BGENL2157-24	1.5	50	False	False	9579786	65622	12149	1560	2.0	9941.0	5627.044230769231	5396.0
0	2	data/BGE00186_MGE-BGE_r1_1.3_1.5_s50_100.fasta	None	Apidae	BLAST	family	COI-5P	657	1560	Apidae	BGENL2157-24_r_1.5_s_100	Ceratina nigroaenea	0	BGENL2157-24	1.5	100	False	False	9579786	62715	12149	1560	2.0	9897.0	5531.365384615385	5247.5
0	3	data/BGE00186_MGE-BGE_r1_1.3_1.5_s50_100.fasta	None	Apidae	BLAST	family	COI-5P	657	1560	Apidae	BGENL2158-24_r_1_s_50	Ceratina nigroaenea	0	BGENL2158-24	1	50	False	False	15318552	21810	39	1560	2.0	3240.0	2044.1423076923077	1969.5
0	0	data/BGE00186_MGE-BGE_r1_1.3_1.5_s50_100.fasta	None	Apidae	BLAST	family	COI-5P	657	1560	Apidae	BGENL2158-24_r_1_s_100	Ceratina nigroaenea	0	BGENL2158-24	1	100	False	False	15318552	20745	39	1560	1.0	3214.0	2008.8692307692309	1942.5
0	0	data/BGE00186_MGE-BGE_r1_1.3_1.5_s50_100.fasta	None	Apidae	BLAST	family	COI-5P	657	1560	Apidae	BGENL2158-24_r_1.3_s_50	Ceratina nigroaenea	0	BGENL2158-24	1.3	50	False	False	15318552	21640	39	1560	1.0	3217.0	2038.3634615384615	1964.0
0	0	data/BGE00186_MGE-BGE_r1_1.3_1.5_s50_100.fasta	None	Apidae	BLAST	family	COI-5P	657	1560	Apidae	BGENL2158-24_r_1.3_s_100	Ceratina nigroaenea	0	BGENL2158-24	1.3	100	False	False	15318552	20727	39	1560	1.0	3203.0	2007.5653846153846	1941.0
0	0	data/BGE00186_MGE-BGE_r1_1.3_1.5_s50_100.fasta	None	Apidae	BLAST	family	COI-5P	657	1560	Apidae	BGENL2158-24_r_1.5_s_50	Ceratina nigroaenea	0	BGENL2158-24	1.5	50	False	False	15318552	19586	39	1560	1.0	2760.0	1888.4115384615384	1919.5
0	0	data/BGE00186_MGE-BGE_r1_1.3_1.5_s50_100.fasta	None	Apidae	BLAST	family	COI-5P	657	1560	Apidae	BGENL2158-24_r_1.5_s_100	Ceratina nigroaenea	0	BGENL2158-24	1.5	100	False	False	15318552	19143	39	1560	1.0	2751.0	1873.4134615384614	1912.0
0	0	data/BGE00186_MGE-BGE_r1_1.3_1.5_s50_100.fasta	None	Apidae	BLAST	family	COI-5P	657	1557	Apidae	BGENL2159-24_r_1_s_50	Ceratina nigroaenea	0	BGENL2159-24	1	50	False	False	8674924	3449	627	1560	0.0	559.0	208.67115384615386	181.5
0	0	data/BGE00186_MGE-BGE_r1_1.3_1.5_s50_100.fasta	None	Apidae	BLAST	family	COI-5P	657	1551	Apidae	BGENL2159-24_r_1_s_100	Ceratina nigroaenea	0	BGENL2159-24	1	100	False	False	8674924	2785	627	1560	0.0	526.0	186.98653846153846	151.0
0	0	data/BGE00186_MGE-BGE_r1_1.3_1.5_s50_100.fasta	None	Apidae	BLAST	family	COI-5P	657	1551	Apidae	BGENL2159-24_r_1.3_s_50	Ceratina nigroaenea	0	BGENL2159-24	1.3	50	False	False	8674924	3313	627	1560	0.0	530.0	202.81346153846152	177.5
0	0	data/BGE00186_MGE-BGE_r1_1.3_1.5_s50_100.fasta	None	Apidae	BLAST	family	COI-5P	657	1551	Apidae	BGENL2159-24_r_1.3_s_100	Ceratina nigroaenea	0	BGENL2159-24	1.3	100	False	False	8674924	2751	627	1560	0.0	514.0	184.3826923076923	150.0
0	0	data/BGE00186_MGE-BGE_r1_1.3_1.5_s50_100.fasta	None	Apidae	BLAST	family	COI-5P	657	1551	Apidae	BGENL2159-24_r_1.5_s_50	Ceratina nigroaenea	0	BGENL2159-24	1.5	50	False	False	8674924	2683	627	1560	0.0	390.0	166.71923076923076	149.0
0	0	data/BGE00186_MGE-BGE_r1_1.3_1.5_s50_100.fasta	None	Apidae	BLAST	family	COI-5P	657	1551	Apidae	BGENL2159-24_r_1.5_s_100	Ceratina nigroaenea	0	BGENL2159-24	1.5	100	False	False	8674924	2303	627	1560	0.0	382.0	154.43076923076924	141.5
3	19	data/BGE00186_MGE-BGE_r1_1.3_1.5_s50_100.fasta	None	Apidae	BLAST	family	COI-5P	657	1557	Apidae	BGENL2160-24_r_1_s_50	Ceratina schwarzi	0	BGENL2160-24	1	50	False	False	3222627	2425	944	1560	0.0	409.0	147.0173076923077	137.0
3	16	data/BGE00186_MGE-BGE_r1_1.3_1.5_s50_100.fasta	None	Apidae	BLAST	family	COI-5P	657	1557	Apidae	BGENL2160-24_r_1_s_100	Ceratina schwarzi	0	BGENL2160-24	1	100	False	False	3222627	1950	944	1560	0.0	398.0	130.84423076923076	118.5
0	0	data/BGE00186_MGE-BGE_r1_1.3_1.5_s50_100.fasta	None	Apidae	BLAST	family	COI-5P	657	1557	Apidae	BGENL2160-24_r_1.3_s_50	Ceratina schwarzi	0	BGENL2160-24	1.3	50	False	False	3222627	2152	944	1560	0.0	376.0	127.91153846153846	108.5
0	0	data/BGE00186_MGE-BGE_r1_1.3_1.5_s50_100.fasta	None	Apidae	BLAST	family	COI-5P	657	1557	Apidae	BGENL2160-24_r_1.3_s_100	Ceratina schwarzi	0	BGENL2160-24	1.3	100	False	False	3222627	1805	944	1560	0.0	365.0	116.3	98.5
0	0	data/BGE00186_MGE-BGE_r1_1.3_1.5_s50_100.fasta	None	Apidae	BLAST	family	COI-5P	657	1548	Apidae	BGENL2160-24_r_1.5_s_50	Ceratina schwarzi	0	BGENL2160-24	1.5	50	False	False	3222627	1732	944	1560	0.0	373.0	102.10576923076923	87.0
0	0	data/BGE00186_MGE-BGE_r1_1.3_1.5_s50_100.fasta	None	Apidae	BLAST	family	COI-5P	657	1548	Apidae	BGENL2160-24_r_1.5_s_100	Ceratina schwarzi	0	BGENL2160-24	1.5	100	False	False	3222627	1479	944	1560	0.0	364.0	94.11923076923077	82.0
0	0	data/BGE00186_MGE-BGE_r1_1.3_1.5_s50_100.fasta	None	Apidae	BLAST	family	COI-5P	657	1557	Apidae	BGENL2161-24_r_1_s_50	Ceratina schwarzi	0	BGENL2161-24	1	50	False	False	4618731	83274	332	1560	0.0	15629.0	5225.076923076923	4222.0
0	0	data/BGE00186_MGE-BGE_r1_1.3_1.5_s50_100.fasta	None	Apidae	BLAST	family	COI-5P	657	1557	Apidae	BGENL2161-24_r_1_s_100	Ceratina schwarzi	0	BGENL2161-24	1	100	False	False	4618731	71490	332	1560	0.0	15280.0	4840.442307692308	3995.5
0	0	data/BGE00186_MGE-BGE_r1_1.3_1.5_s50_100.fasta	None	Apidae	BLAST	family	COI-5P	657	1557	Apidae	BGENL2161-24_r_1.3_s_50	Ceratina schwarzi	0	BGENL2161-24	1.3	50	False	False	4618731	81495	332	1560	0.0	15607.0	5154.090384615384	4174.5
0	0	data/BGE00186_MGE-BGE_r1_1.3_1.5_s50_100.fasta	None	Apidae	BLAST	family	COI-5P	657	1557	Apidae	BGENL2161-24_r_1.3_s_100	Ceratina schwarzi	0	BGENL2161-24	1.3	100	False	False	4618731	71269	332	1560	0.0	15266.0	4823.084615384615	3984.5
0	0	data/BGE00186_MGE-BGE_r1_1.3_1.5_s50_100.fasta	None	Apidae	BLAST	family	COI-5P	657	1557	Apidae	BGENL2161-24_r_1.5_s_50	Ceratina schwarzi	0	BGENL2161-24	1.5	50	False	False	4618731	69392	332	1560	0.0	15591.0	4371.2692307692305	3384.5
0	0	data/BGE00186_MGE-BGE_r1_1.3_1.5_s50_100.fasta	None	Apidae	BLAST	family	COI-5P	657	1557	Apidae	BGENL2161-24_r_1.5_s_100	Ceratina schwarzi	0	BGENL2161-24	1.5	100	False	False	4618731	61104	332	1560	0.0	15256.0	4115.632692307692	3265.5
0	0	data/BGE00186_MGE-BGE_r1_1.3_1.5_s50_100.fasta	None	Apidae	BLAST	family	COI-5P	657	1557	Apidae	BGENL2162-24_r_1_s_50	Ceratina schwarzi	0	BGENL2162-24	1	50	False	False	7209407	34618	1393	1560	0.0	4950.0	2602.2615384615383	2439.5
0	0	data/BGE00186_MGE-BGE_r1_1.3_1.5_s50_100.fasta	None	Apidae	BLAST	family	COI-5P	657	1557	Apidae	BGENL2162-24_r_1_s_100	Ceratina schwarzi	0	BGENL2162-24	1	100	False	False	7209407	31546	1393	1560	0.0	4909.0	2500.2923076923075	2348.0
0	0	data/BGE00186_MGE-BGE_r1_1.3_1.5_s50_100.fasta	None	Apidae	BLAST	family	COI-5P	657	1557	Apidae	BGENL2162-24_r_1.3_s_50	Ceratina schwarzi	0	BGENL2162-24	1.3	50	False	False	7209407	33621	1393	1560	0.0	4942.0	2558.896153846154	2405.5
0	0	data/BGE00186_MGE-BGE_r1_1.3_1.5_s50_100.fasta	None	Apidae	BLAST	family	COI-5P	657	1557	Apidae	BGENL2162-24_r_1.3_s_100	Ceratina schwarzi	0	BGENL2162-24	1.3	100	False	False	7209407	31392	1393	1560	0.0	4902.0	2485.5846153846155	2337.0
0	0	data/BGE00186_MGE-BGE_r1_1.3_1.5_s50_100.fasta	None	Apidae	BLAST	family	COI-5P	657	1557	Apidae	BGENL2162-24_r_1.5_s_50	Ceratina schwarzi	0	BGENL2162-24	1.5	50	False	False	7209407	28538	1393	1560	0.0	4931.0	2194.246153846154	2098.5
0	0	data/BGE00186_MGE-BGE_r1_1.3_1.5_s50_100.fasta	None	Apidae	BLAST	family	COI-5P	657	1557	Apidae	BGENL2162-24_r_1.5_s_100	Ceratina schwarzi	0	BGENL2162-24	1.5	100	False	False	7209407	26805	1393	1560	0.0	4896.0	2140.0615384615385	2072.5
0	0	data/BGE00186_MGE-BGE_r1_1.3_1.5_s50_100.fasta	None	Apidae	BLAST	family	COI-5P	657	1560	Apidae	BGENL2163-24_r_1_s_50	Ceratina teunisseni	0	BGENL2163-24	1	50	False	False	7824941	11637	1836	1560	1.0	1683.0	883.7423076923077	848.5
0	0	data/BGE00186_MGE-BGE_r1_1.3_1.5_s50_100.fasta	None	Apidae	BLAST	family	COI-5P	657	1554	Apidae	BGENL2163-24_r_1_s_100	Ceratina teunisseni	0	BGENL2163-24	1	100	False	False	7824941	10378	1836	1560	0.0	1627.0	842.5	808.0
0	0	data/BGE00186_MGE-BGE_r1_1.3_1.5_s50_100.fasta	None	Apidae	BLAST	family	COI-5P	657	1560	Apidae	BGENL2163-24_r_1.3_s_50	Ceratina teunisseni	0	BGENL2163-24	1.3	50	False	False	7824941	11522	1836	1560	1.0	1656.0	878.2615384615384	845.5
0	0	data/BGE00186_MGE-BGE_r1_1.3_1.5_s50_100.fasta	None	Apidae	BLAST	family	COI-5P	657	1554	Apidae	BGENL2163-24_r_1.3_s_100	Ceratina teunisseni	0	BGENL2163-24	1.3	100	False	False	7824941	10345	1836	1560	0.0	1613.0	839.8	808.0
0	0	data/BGE00186_MGE-BGE_r1_1.3_1.5_s50_100.fasta	None	Apidae	BLAST	family	COI-5P	657	1554	Apidae	BGENL2163-24_r_1.5_s_50	Ceratina teunisseni	0	BGENL2163-24	1.5	50	False	False	7824941	9979	1836	1560	0.0	1444.0	779.6807692307692	774.5
0	0	data/BGE00186_MGE-BGE_r1_1.3_1.5_s50_100.fasta	None	Apidae	BLAST	family	COI-5P	657	1554	Apidae	BGENL2163-24_r_1.5_s_100	Ceratina teunisseni	0	BGENL2163-24	1.5	100	False	False	7824941	9257	1836	1560	0.0	1435.0	756.9596153846154	765.5
0	1	data/BGE00186_MGE-BGE_r1_1.3_1.5_s50_100.fasta	None	Apidae	BLAST	family	COI-5P	657	1560	Apidae	BGENL2164-24_r_1_s_50	Ceratina teunisseni	0	BGENL2164-24	1	50	False	False	11169462	213797	1774	1560	5.0	31994.0	14662.948076923078	13505.0
0	1	data/BGE00186_MGE-BGE_r1_1.3_1.5_s50_100.fasta	None	Apidae	BLAST	family	COI-5P	657	1560	Apidae	BGENL2164-24_r_1_s_100	Ceratina teunisseni	0	BGENL2164-24	1	100	False	False	11169462	186585	1774	1560	2.0	30558.0	13759.911538461538	12246.0
0	1	data/BGE00186_MGE-BGE_r1_1.3_1.5_s50_100.fasta	None	Apidae	BLAST	family	COI-5P	657	1560	Apidae	BGENL2164-24_r_1.3_s_50	Ceratina teunisseni	0	BGENL2164-24	1.3	50	False	False	11169462	212791	1774	1560	5.0	31542.0	14614.232692307693	13485.0
0	1	data/BGE00186_MGE-BGE_r1_1.3_1.5_s50_100.fasta	None	Apidae	BLAST	family	COI-5P	657	1560	Apidae	BGENL2164-24_r_1.3_s_100	Ceratina teunisseni	0	BGENL2164-24	1.3	100	False	False	11169462	186207	1774	1560	2.0	30322.0	13734.796153846153	12236.0
0	1	data/BGE00186_MGE-BGE_r1_1.3_1.5_s50_100.fasta	None	Apidae	BLAST	family	COI-5P	657	1560	Apidae	BGENL2164-24_r_1.5_s_50	Ceratina teunisseni	0	BGENL2164-24	1.5	50	False	False	11169462	182198	1774	1560	5.0	29108.0	12771.878846153846	12452.0
0	1	data/BGE00186_MGE-BGE_r1_1.3_1.5_s50_100.fasta	None	Apidae	BLAST	family	COI-5P	657	1560	Apidae	BGENL2164-24_r_1.5_s_100	Ceratina teunisseni	0	BGENL2164-24	1.5	100	False	False	11169462	163284	1774	1560	2.0	28856.0	12170.173076923076	11590.0
0	1	data/BGE00186_MGE-BGE_r1_1.3_1.5_s50_100.fasta	None	Apidae	BLAST	family	COI-5P	657	1554	Apidae	BGENL2165-24_r_1_s_50	Ceratina teunisseni	0	BGENL2165-24	1	50	False	False	7413811	71122	9627	1560	0.0	11594.0	5460.838461538461	4932.5
0	1	data/BGE00186_MGE-BGE_r1_1.3_1.5_s50_100.fasta	None	Apidae	BLAST	family	COI-5P	657	1554	Apidae	BGENL2165-24_r_1_s_100	Ceratina teunisseni	0	BGENL2165-24	1	100	False	False	7413811	65217	9627	1560	0.0	11318.0	5260.457692307692	4714.0
0	1	data/BGE00186_MGE-BGE_r1_1.3_1.5_s50_100.fasta	None	Apidae	BLAST	family	COI-5P	657	1554	Apidae	BGENL2165-24_r_1.3_s_50	Ceratina teunisseni	0	BGENL2165-24	1.3	50	False	False	7413811	70819	9627	1560	0.0	11508.0	5445.030769230769	4927.5
0	1	data/BGE00186_MGE-BGE_r1_1.3_1.5_s50_100.fasta	None	Apidae	BLAST	family	COI-5P	657	1554	Apidae	BGENL2165-24_r_1.3_s_100	Ceratina teunisseni	0	BGENL2165-24	1.3	100	False	False	7413811	65096	9627	1560	0.0	11264.0	5251.392307692307	4713.5
0	0	data/BGE00186_MGE-BGE_r1_1.3_1.5_s50_100.fasta	None	Apidae	BLAST	family	COI-5P	657	1554	Apidae	BGENL2165-24_r_1.5_s_50	Ceratina teunisseni	0	BGENL2165-24	1.5	50	False	False	7413811	61730	9627	1560	0.0	10594.0	4872.784615384616	4689.0
0	0	data/BGE00186_MGE-BGE_r1_1.3_1.5_s50_100.fasta	None	Apidae	BLAST	family	COI-5P	657	1554	Apidae	BGENL2165-24_r_1.5_s_100	Ceratina teunisseni	0	BGENL2165-24	1.5	100	False	False	7413811	58311	9627	1560	0.0	10548.0	4761.084615384615	4597.5
0	0	data/BGE00186_MGE-BGE_r1_1.3_1.5_s50_100.fasta	None	Apidae	BLAST	family	COI-5P	657	1548	Apidae	BGENL2166-24_r_1_s_50	Ceratina loewi	0	BGENL2166-24	1	50	False	False	7170955	29787	53	1560	0.0	3886.0	2735.8211538461537	2648.5
0	0	data/BGE00186_MGE-BGE_r1_1.3_1.5_s50_100.fasta	None	Apidae	BLAST	family	COI-5P	657	1548	Apidae	BGENL2166-24_r_1_s_100	Ceratina loewi	0	BGENL2166-24	1	100	False	False	7170955	28035	53	1560	0.0	3881.0	2679.975	2621.5
0	0	data/BGE00186_MGE-BGE_r1_1.3_1.5_s50_100.fasta	None	Apidae	BLAST	family	COI-5P	657	1548	Apidae	BGENL2166-24_r_1.3_s_50	Ceratina loewi	0	BGENL2166-24	1.3	50	False	False	7170955	29434	53	1560	0.0	3885.0	2724.098076923077	2638.5
0	0	data/BGE00186_MGE-BGE_r1_1.3_1.5_s50_100.fasta	None	Apidae	BLAST	family	COI-5P	657	1548	Apidae	BGENL2166-24_r_1.3_s_100	Ceratina loewi	0	BGENL2166-24	1.3	100	False	False	7170955	28003	53	1560	0.0	3880.0	2677.4	2618.5
0	0	data/BGE00186_MGE-BGE_r1_1.3_1.5_s50_100.fasta	None	Apidae	BLAST	family	COI-5P	657	1548	Apidae	BGENL2166-24_r_1.5_s_50	Ceratina loewi	0	BGENL2166-24	1.5	50	False	False	7170955	25831	53	1560	0.0	3661.0	2441.626923076923	2480.5
0	0	data/BGE00186_MGE-BGE_r1_1.3_1.5_s50_100.fasta	None	Apidae	BLAST	family	COI-5P	657	1548	Apidae	BGENL2166-24_r_1.5_s_100	Ceratina loewi	0	BGENL2166-24	1.5	100	False	False	7170955	24950	53	1560	0.0	3639.0	2413.923076923077	2467.0
0	1	data/BGE00186_MGE-BGE_r1_1.3_1.5_s50_100.fasta	None	Apidae	BLAST	family	COI-5P	657	1560	Apidae	BGENL2167-24_r_1_s_50	Ceratina loewi	0	BGENL2167-24	1	50	False	False	7592042	16972	1046	1560	1.0	2188.0	1279.201923076923	1234.0
0	0	data/BGE00186_MGE-BGE_r1_1.3_1.5_s50_100.fasta	None	Apidae	BLAST	family	COI-5P	657	1554	Apidae	BGENL2167-24_r_1_s_100	Ceratina loewi	0	BGENL2167-24	1	100	False	False	7592042	14841	1046	1560	0.0	2113.0	1207.7076923076922	1174.5
0	0	data/BGE00186_MGE-BGE_r1_1.3_1.5_s50_100.fasta	None	Apidae	BLAST	family	COI-5P	657	1560	Apidae	BGENL2167-24_r_1.3_s_50	Ceratina loewi	0	BGENL2167-24	1.3	50	False	False	7592042	16516	1046	1560	1.0	2188.0	1258.475	1197.5
0	0	data/BGE00186_MGE-BGE_r1_1.3_1.5_s50_100.fasta	None	Apidae	BLAST	family	COI-5P	657	1554	Apidae	BGENL2167-24_r_1.3_s_100	Ceratina loewi	0	BGENL2167-24	1.3	100	False	False	7592042	14705	1046	1560	0.0	2111.0	1197.873076923077	1174.0
0	0	data/BGE00186_MGE-BGE_r1_1.3_1.5_s50_100.fasta	None	Apidae	BLAST	family	COI-5P	657	1557	Apidae	BGENL2167-24_r_1.5_s_50	Ceratina loewi	0	BGENL2167-24	1.5	50	False	False	7592042	14035	1046	1560	0.0	2176.0	1093.3307692307692	1075.0
0	0	data/BGE00186_MGE-BGE_r1_1.3_1.5_s50_100.fasta	None	Apidae	BLAST	family	COI-5P	657	1551	Apidae	BGENL2167-24_r_1.5_s_100	Ceratina loewi	0	BGENL2167-24	1.5	100	False	False	7592042	12863	1046	1560	0.0	2047.0	1056.873076923077	1065.0
0	0	data/BGE00186_MGE-BGE_r1_1.3_1.5_s50_100.fasta	None	Apidae	BLAST	family	COI-5P	655	1542	Apidae	BGENL2168-24_r_1_s_50	Epeolus fallax	0	BGENL2168-24	1	50	False	False	8613360	1105	473	1548	0.0	175.0	74.7751937984496	73.0
0	0	data/BGE00186_MGE-BGE_r1_1.3_1.5_s50_100.fasta	None	Apidae	BLAST	family	COI-5P	655	1527	Apidae	BGENL2168-24_r_1_s_100	Epeolus fallax	0	BGENL2168-24	1	100	False	False	8613360	735	473	1548	0.0	102.0	63.94767441860465	65.0
0	0	data/BGE00186_MGE-BGE_r1_1.3_1.5_s50_100.fasta	None	Apidae	BLAST	family	COI-5P	655	1515	Apidae	BGENL2168-24_r_1.3_s_50	Epeolus fallax	0	BGENL2168-24	1.3	50	False	False	8613360	877	473	1548	0.0	149.0	62.97286821705426	67.0
0	0	data/BGE00186_MGE-BGE_r1_1.3_1.5_s50_100.fasta	None	Apidae	BLAST	family	COI-5P	655	1479	Apidae	BGENL2168-24_r_1.3_s_100	Epeolus fallax	0	BGENL2168-24	1.3	100	False	False	8613360	655	473	1548	0.0	93.0	56.7906976744186	62.0
0	0	data/BGE00186_MGE-BGE_r1_1.3_1.5_s50_100.fasta	None	Apidae	BLAST	family	COI-5P	655	1401	Apidae	BGENL2168-24_r_1.5_s_50	Epeolus fallax	0	BGENL2168-24	1.5	50	False	False	8613360	525	473	1548	0.0	90.0	40.73837209302326	42.0
0	0	data/BGE00186_MGE-BGE_r1_1.3_1.5_s50_100.fasta	None	Apidae	BLAST	family	COI-5P	655	1401	Apidae	BGENL2168-24_r_1.5_s_100	Epeolus fallax	0	BGENL2168-24	1.5	100	False	False	8613360	456	473	1548	0.0	83.0	38.713178294573645	40.0
2	7	data/BGE00186_MGE-BGE_r1_1.3_1.5_s50_100.fasta	None	Apidae	BLAST	family	COI-5P	655	1527	Apidae	BGENL2169-24_r_1_s_50	Epeolus fallax	0	BGENL2169-24	1	50	False	False	8318876	634	91	1548	0.0	121.0	33.57751937984496	32.0
0	0	data/BGE00186_MGE-BGE_r1_1.3_1.5_s50_100.fasta	None	Apidae	BLAST	family	COI-5P	655	1527	Apidae	BGENL2169-24_r_1_s_100	Epeolus fallax	0	BGENL2169-24	1	100	False	False	8318876	370	91	1548	0.0	56.0	25.26937984496124	25.0
0	0	data/BGE00186_MGE-BGE_r1_1.3_1.5_s50_100.fasta	None	Apidae	BLAST	family	COI-5P	655	1446	Apidae	BGENL2169-24_r_1.3_s_50	Epeolus fallax	0	BGENL2169-24	1.3	50	False	False	8318876	513	91	1548	0.0	106.0	26.2015503875969	24.0
0	0	data/BGE00186_MGE-BGE_r1_1.3_1.5_s50_100.fasta	None	Apidae	BLAST	family	COI-5P	655	1446	Apidae	BGENL2169-24_r_1.3_s_100	Epeolus fallax	0	BGENL2169-24	1.3	100	False	False	8318876	315	91	1548	0.0	55.0	20.339147286821706	20.0
0	0	data/BGE00186_MGE-BGE_r1_1.3_1.5_s50_100.fasta	None	Apidae	BLAST	family	COI-5P	655	1386	Apidae	BGENL2169-24_r_1.5_s_50	Epeolus fallax	0	BGENL2169-24	1.5	50	False	False	8318876	329	91	1548	0.0	63.0	17.75968992248062	16.5
0	0	data/BGE00186_MGE-BGE_r1_1.3_1.5_s50_100.fasta	None	Apidae	BLAST	family	COI-5P	655	1377	Apidae	BGENL2169-24_r_1.5_s_100	Epeolus fallax	0	BGENL2169-24	1.5	100	False	False	8318876	240	91	1548	0.0	55.0	15.00968992248062	13.0
0	0	data/BGE00186_MGE-BGE_r1_1.3_1.5_s50_100.fasta	None	Apidae	BLAST	family	COI-5P	655	1542	Apidae	BGENL2170-24_r_1_s_50	Epeolus fallax	0	BGENL2170-24	1	50	False	False	10592930	2111	309	1548	0.0	284.0	170.02325581395348	170.0
0	0	data/BGE00186_MGE-BGE_r1_1.3_1.5_s50_100.fasta	None	Apidae	BLAST	family	COI-5P	655	1527	Apidae	BGENL2170-24_r_1_s_100	Epeolus fallax	0	BGENL2170-24	1	100	False	False	10592930	1702	309	1548	0.0	202.0	157.4127906976744	161.0
0	0	data/BGE00186_MGE-BGE_r1_1.3_1.5_s50_100.fasta	None	Apidae	BLAST	family	COI-5P	655	1503	Apidae	BGENL2170-24_r_1.3_s_50	Epeolus fallax	0	BGENL2170-24	1.3	50	False	False	10592930	1797	309	1548	0.0	263.0	150.8953488372093	162.5
0	0	data/BGE00186_MGE-BGE_r1_1.3_1.5_s50_100.fasta	None	Apidae	BLAST	family	COI-5P	655	1503	Apidae	BGENL2170-24_r_1.3_s_100	Epeolus fallax	0	BGENL2170-24	1.3	100	False	False	10592930	1537	309	1548	0.0	196.0	143.35658914728683	156.0
0	0	data/BGE00186_MGE-BGE_r1_1.3_1.5_s50_100.fasta	None	Apidae	BLAST	family	COI-5P	655	1437	Apidae	BGENL2170-24_r_1.5_s_50	Epeolus fallax	0	BGENL2170-24	1.5	50	False	False	10592930	1123	309	1548	0.0	207.0	99.18798449612403	107.0
0	0	data/BGE00186_MGE-BGE_r1_1.3_1.5_s50_100.fasta	None	Apidae	BLAST	family	COI-5P	655	1437	Apidae	BGENL2170-24_r_1.5_s_100	Epeolus fallax	0	BGENL2170-24	1.5	100	False	False	10592930	1027	309	1548	0.0	196.0	96.34108527131782	103.5
0	0	data/BGE00186_MGE-BGE_r1_1.3_1.5_s50_100.fasta	None	Apidae	BLAST	family	COI-5P	657	1527	Apidae	BGENL2171-24_r_1_s_50	Epeolus julliani	0	BGENL2171-24	1	50	False	False	8694993	4202	50	1548	0.0	504.0	317.03682170542635	321.0
0	0	data/BGE00186_MGE-BGE_r1_1.3_1.5_s50_100.fasta	None	Apidae	BLAST	family	COI-5P	657	1527	Apidae	BGENL2171-24_r_1_s_100	Epeolus julliani	0	BGENL2171-24	1	100	False	False	8694993	3699	50	1548	0.0	484.0	299.3779069767442	300.0
0	0	data/BGE00186_MGE-BGE_r1_1.3_1.5_s50_100.fasta	None	Apidae	BLAST	family	COI-5P	657	1515	Apidae	BGENL2171-24_r_1.3_s_50	Epeolus julliani	0	BGENL2171-24	1.3	50	False	False	8694993	3769	50	1548	0.0	503.0	289.27906976744185	306.0
0	0	data/BGE00186_MGE-BGE_r1_1.3_1.5_s50_100.fasta	None	Apidae	BLAST	family	COI-5P	657	1515	Apidae	BGENL2171-24_r_1.3_s_100	Epeolus julliani	0	BGENL2171-24	1.3	100	False	False	8694993	3442	50	1548	0.0	483.0	278.22286821705427	292.0
0	0	data/BGE00186_MGE-BGE_r1_1.3_1.5_s50_100.fasta	None	Apidae	BLAST	family	COI-5P	657	1440	Apidae	BGENL2171-24_r_1.5_s_50	Epeolus julliani	0	BGENL2171-24	1.5	50	False	False	8694993	2742	50	1548	0.0	501.0	202.3372093023256	199.5
0	0	data/BGE00186_MGE-BGE_r1_1.3_1.5_s50_100.fasta	None	Apidae	BLAST	family	COI-5P	657	1440	Apidae	BGENL2171-24_r_1.5_s_100	Epeolus julliani	0	BGENL2171-24	1.5	100	False	False	8694993	2492	50	1548	0.0	483.0	194.23062015503876	179.0
0	0	data/BGE00186_MGE-BGE_r1_1.3_1.5_s50_100.fasta	None	Apidae	BLAST	family	COI-5P	656	1542	Apidae	BGENL2172-24_r_1_s_50	Epeolus transitorius	0	BGENL2172-24	1	50	False	False	10483557	3751	1408	1548	0.0	460.0	311.96317829457365	311.5
0	0	data/BGE00186_MGE-BGE_r1_1.3_1.5_s50_100.fasta	None	Apidae	BLAST	family	COI-5P	656	1527	Apidae	BGENL2172-24_r_1_s_100	Epeolus transitorius	0	BGENL2172-24	1	100	False	False	10483557	3228	1408	1548	0.0	444.0	294.2906976744186	298.5
0	0	data/BGE00186_MGE-BGE_r1_1.3_1.5_s50_100.fasta	None	Apidae	BLAST	family	COI-5P	656	1527	Apidae	BGENL2172-24_r_1.3_s_50	Epeolus transitorius	0	BGENL2172-24	1.3	50	False	False	10483557	3132	1408	1548	0.0	420.0	272.7267441860465	290.5
0	0	data/BGE00186_MGE-BGE_r1_1.3_1.5_s50_100.fasta	None	Apidae	BLAST	family	COI-5P	656	1527	Apidae	BGENL2172-24_r_1.3_s_100	Epeolus transitorius	0	BGENL2172-24	1.3	100	False	False	10483557	2839	1408	1548	0.0	417.0	263.765503875969	274.0
0	0	data/BGE00186_MGE-BGE_r1_1.3_1.5_s50_100.fasta	None	Apidae	BLAST	family	COI-5P	656	1473	Apidae	BGENL2172-24_r_1.5_s_50	Epeolus transitorius	0	BGENL2172-24	1.5	50	False	False	10483557	1994	1408	1548	0.0	360.0	171.42248062015503	163.5
0	0	data/BGE00186_MGE-BGE_r1_1.3_1.5_s50_100.fasta	None	Apidae	BLAST	family	COI-5P	656	1425	Apidae	BGENL2172-24_r_1.5_s_100	Epeolus transitorius	0	BGENL2172-24	1.5	100	False	False	10483557	1839	1408	1548	0.0	357.0	167.31007751937983	158.0
0	0	data/BGE00186_MGE-BGE_r1_1.3_1.5_s50_100.fasta	None	Apidae	BLAST	family	COI-5P	656	1539	Apidae	BGENL2173-24_r_1_s_50	Epeolus transitorius	0	BGENL2173-24	1	50	False	False	1061200	1512	228	1548	0.0	188.0	130.25	130.0
0	0	data/BGE00186_MGE-BGE_r1_1.3_1.5_s50_100.fasta	None	Apidae	BLAST	family	COI-5P	656	1539	Apidae	BGENL2173-24_r_1_s_100	Epeolus transitorius	0	BGENL2173-24	1	100	False	False	1061200	1386	228	1548	0.0	179.0	125.71124031007751	126.0
0	0	data/BGE00186_MGE-BGE_r1_1.3_1.5_s50_100.fasta	None	Apidae	BLAST	family	COI-5P	656	1527	Apidae	BGENL2173-24_r_1.3_s_50	Epeolus transitorius	0	BGENL2173-24	1.3	50	False	False	1061200	1311	228	1548	0.0	177.0	116.53294573643412	123.0
0	0	data/BGE00186_MGE-BGE_r1_1.3_1.5_s50_100.fasta	None	Apidae	BLAST	family	COI-5P	656	1527	Apidae	BGENL2173-24_r_1.3_s_100	Epeolus transitorius	0	BGENL2173-24	1.3	100	False	False	1061200	1244	228	1548	0.0	175.0	114.3391472868217	121.0
0	0	data/BGE00186_MGE-BGE_r1_1.3_1.5_s50_100.fasta	None	Apidae	BLAST	family	COI-5P	656	1458	Apidae	BGENL2173-24_r_1.5_s_50	Epeolus transitorius	0	BGENL2173-24	1.5	50	False	False	1061200	819	228	1548	0.0	156.0	72.21317829457364	77.5
0	0	data/BGE00186_MGE-BGE_r1_1.3_1.5_s50_100.fasta	None	Apidae	BLAST	family	COI-5P	656	1425	Apidae	BGENL2173-24_r_1.5_s_100	Epeolus transitorius	0	BGENL2173-24	1.5	100	False	False	1061200	791	228	1548	0.0	156.0	71.41666666666667	74.5
0	0	data/BGE00186_MGE-BGE_r1_1.3_1.5_s50_100.fasta	None	Apidae	BLAST	family	COI-5P	657	1542	Apidae	BGENL2174-24_r_1_s_50	Epeolus julliani	0	BGENL2174-24	1	50	False	False	7535309	1402	187	1548	0.0	145.0	96.1608527131783	95.0
0	0	data/BGE00186_MGE-BGE_r1_1.3_1.5_s50_100.fasta	None	Apidae	BLAST	family	COI-5P	657	1527	Apidae	BGENL2174-24_r_1_s_100	Epeolus julliani	0	BGENL2174-24	1	100	False	False	7535309	1154	187	1548	0.0	134.0	87.53875968992249	87.0
0	0	data/BGE00186_MGE-BGE_r1_1.3_1.5_s50_100.fasta	None	Apidae	BLAST	family	COI-5P	657	1515	Apidae	BGENL2174-24_r_1.3_s_50	Epeolus julliani	0	BGENL2174-24	1.3	50	False	False	7535309	1222	187	1548	0.0	143.0	84.8391472868217	85.0
0	0	data/BGE00186_MGE-BGE_r1_1.3_1.5_s50_100.fasta	None	Apidae	BLAST	family	COI-5P	657	1515	Apidae	BGENL2174-24_r_1.3_s_100	Epeolus julliani	0	BGENL2174-24	1.3	100	False	False	7535309	1050	187	1548	0.0	134.0	78.97286821705427	80.0
0	0	data/BGE00186_MGE-BGE_r1_1.3_1.5_s50_100.fasta	None	Apidae	BLAST	family	COI-5P	657	1464	Apidae	BGENL2174-24_r_1.5_s_50	Epeolus julliani	0	BGENL2174-24	1.5	50	False	False	7535309	893	187	1548	0.0	142.0	58.78875968992248	58.5
0	0	data/BGE00186_MGE-BGE_r1_1.3_1.5_s50_100.fasta	None	Apidae	BLAST	family	COI-5P	657	1434	Apidae	BGENL2174-24_r_1.5_s_100	Epeolus julliani	0	BGENL2174-24	1.5	100	False	False	7535309	773	187	1548	0.0	133.0	54.89728682170543	53.5
0	0	data/BGE00186_MGE-BGE_r1_1.3_1.5_s50_100.fasta	None	Apidae	BLAST	family	COI-5P	657	1536	Apidae	BGENL2175-24_r_1_s_50	Epeolus julliani	0	BGENL2175-24	1	50	False	False	7274031	2392	689	1548	0.0	291.0	157.46124031007753	152.0
0	0	data/BGE00186_MGE-BGE_r1_1.3_1.5_s50_100.fasta	None	Apidae	BLAST	family	COI-5P	657	1527	Apidae	BGENL2175-24_r_1_s_100	Epeolus julliani	0	BGENL2175-24	1	100	False	False	7274031	1954	689	1548	0.0	275.0	142.24031007751938	137.0
0	0	data/BGE00186_MGE-BGE_r1_1.3_1.5_s50_100.fasta	None	Apidae	BLAST	family	COI-5P	657	1479	Apidae	BGENL2175-24_r_1.3_s_50	Epeolus julliani	0	BGENL2175-24	1.3	50	False	False	7274031	2099	689	1548	0.0	283.0	139.29457364341084	141.0
0	0	data/BGE00186_MGE-BGE_r1_1.3_1.5_s50_100.fasta	None	Apidae	BLAST	family	COI-5P	657	1479	Apidae	BGENL2175-24_r_1.3_s_100	Epeolus julliani	0	BGENL2175-24	1.3	100	False	False	7274031	1790	689	1548	0.0	269.0	128.9205426356589	130.0
0	0	data/BGE00186_MGE-BGE_r1_1.3_1.5_s50_100.fasta	None	Apidae	BLAST	family	COI-5P	657	1428	Apidae	BGENL2175-24_r_1.5_s_50	Epeolus julliani	0	BGENL2175-24	1.5	50	False	False	7274031	1562	689	1548	0.0	282.0	99.77131782945736	101.5
0	0	data/BGE00186_MGE-BGE_r1_1.3_1.5_s50_100.fasta	None	Apidae	BLAST	family	COI-5P	657	1428	Apidae	BGENL2175-24_r_1.5_s_100	Epeolus julliani	0	BGENL2175-24	1.5	100	False	False	7274031	1333	689	1548	0.0	268.0	92.36627906976744	86.0
0	0	data/BGE00186_MGE-BGE_r1_1.3_1.5_s50_100.fasta	None	Apidae	BLAST	family	COI-5P	657	1542	Apidae	BGENL2176-24_r_1_s_50	Epeolus julliani	0	BGENL2176-24	1	50	False	False	6480399	10969	243	1548	0.0	1150.0	816.2635658914729	824.0
0	0	data/BGE00186_MGE-BGE_r1_1.3_1.5_s50_100.fasta	None	Apidae	BLAST	family	COI-5P	657	1527	Apidae	BGENL2176-24_r_1_s_100	Epeolus julliani	0	BGENL2176-24	1	100	False	False	6480399	9634	243	1548	0.0	1085.0	767.2112403100775	769.0
0	0	data/BGE00186_MGE-BGE_r1_1.3_1.5_s50_100.fasta	None	Apidae	BLAST	family	COI-5P	657	1527	Apidae	BGENL2176-24_r_1.3_s_50	Epeolus julliani	0	BGENL2176-24	1.3	50	False	False	6480399	9756	243	1548	0.0	1136.0	727.9709302325581	759.0
0	0	data/BGE00186_MGE-BGE_r1_1.3_1.5_s50_100.fasta	None	Apidae	BLAST	family	COI-5P	657	1527	Apidae	BGENL2176-24_r_1.3_s_100	Epeolus julliani	0	BGENL2176-24	1.3	100	False	False	6480399	8710	243	1548	0.0	1078.0	691.6705426356589	722.0
0	0	data/BGE00186_MGE-BGE_r1_1.3_1.5_s50_100.fasta	None	Apidae	BLAST	family	COI-5P	657	1446	Apidae	BGENL2176-24_r_1.5_s_50	Epeolus julliani	0	BGENL2176-24	1.5	50	False	False	6480399	6954	243	1548	0.0	1135.0	500.50387596899225	501.5
0	0	data/BGE00186_MGE-BGE_r1_1.3_1.5_s50_100.fasta	None	Apidae	BLAST	family	COI-5P	657	1446	Apidae	BGENL2176-24_r_1.5_s_100	Epeolus julliani	0	BGENL2176-24	1.5	100	False	False	6480399	6187	243	1548	0.0	1072.0	474.83527131782944	456.5
0	6	data/BGE00186_MGE-BGE_r1_1.3_1.5_s50_100.fasta	None	Apidae	BLAST	family	COI-5P	657	1545	Apidae	BGENL2177-24_r_1_s_50	Biastes brevicornis	0	BGENL2177-24	1	50	False	False	8854047	46190	160	1548	2.0	5127.0	3620.3779069767443	3662.0
0	0	data/BGE00186_MGE-BGE_r1_1.3_1.5_s50_100.fasta	None	Apidae	BLAST	family	COI-5P	657	1545	Apidae	BGENL2177-24_r_1_s_100	Biastes brevicornis	0	BGENL2177-24	1	100	False	False	8854047	41934	160	1548	1.0	4742.0	3485.3468992248063	3549.5
0	0	data/BGE00186_MGE-BGE_r1_1.3_1.5_s50_100.fasta	None	Apidae	BLAST	family	COI-5P	657	1545	Apidae	BGENL2177-24_r_1.3_s_50	Biastes brevicornis	0	BGENL2177-24	1.3	50	False	False	8854047	45048	160	1548	1.0	5119.0	3542.0968992248063	3566.5
0	0	data/BGE00186_MGE-BGE_r1_1.3_1.5_s50_100.fasta	None	Apidae	BLAST	family	COI-5P	657	1545	Apidae	BGENL2177-24_r_1.3_s_100	Biastes brevicornis	0	BGENL2177-24	1.3	100	False	False	8854047	41086	160	1548	1.0	4740.0	3418.9767441860463	3472.0
0	0	data/BGE00186_MGE-BGE_r1_1.3_1.5_s50_100.fasta	None	Apidae	BLAST	family	COI-5P	657	1533	Apidae	BGENL2177-24_r_1.5_s_50	Biastes brevicornis	0	BGENL2177-24	1.5	50	False	False	8854047	39169	160	1548	0.0	5083.0	3063.6647286821703	3237.0
0	0	data/BGE00186_MGE-BGE_r1_1.3_1.5_s50_100.fasta	None	Apidae	BLAST	family	COI-5P	657	1533	Apidae	BGENL2177-24_r_1.5_s_100	Biastes brevicornis	0	BGENL2177-24	1.5	100	False	False	8854047	35653	160	1548	0.0	4607.0	2957.1279069767443	3195.0
0	0	data/BGE00186_MGE-BGE_r1_1.3_1.5_s50_100.fasta	None	Apidae	BLAST	family	COI-5P	657	1545	Apidae	BGENL2178-24_r_1_s_50	Biastes brevicornis	0	BGENL2178-24	1	50	False	False	7946467	120097	3557	1548	3.0	11632.0	8795.457364341086	9086.5
0	1	data/BGE00186_MGE-BGE_r1_1.3_1.5_s50_100.fasta	None	Apidae	BLAST	family	COI-5P	657	1545	Apidae	BGENL2178-24_r_1_s_100	Biastes brevicornis	0	BGENL2178-24	1	100	False	False	7946467	107075	3557	1548	3.0	11261.0	8370.656976744185	8591.0
0	0	data/BGE00186_MGE-BGE_r1_1.3_1.5_s50_100.fasta	None	Apidae	BLAST	family	COI-5P	657	1545	Apidae	BGENL2178-24_r_1.3_s_50	Biastes brevicornis	0	BGENL2178-24	1.3	50	False	False	7946467	117180	3557	1548	3.0	11610.0	8590.472868217053	8805.5
0	0	data/BGE00186_MGE-BGE_r1_1.3_1.5_s50_100.fasta	None	Apidae	BLAST	family	COI-5P	657	1545	Apidae	BGENL2178-24_r_1.3_s_100	Biastes brevicornis	0	BGENL2178-24	1.3	100	False	False	7946467	104752	3557	1548	3.0	11240.0	8193.056201550387	8426.5
0	0	data/BGE00186_MGE-BGE_r1_1.3_1.5_s50_100.fasta	None	Apidae	BLAST	family	COI-5P	657	1533	Apidae	BGENL2178-24_r_1.5_s_50	Biastes brevicornis	0	BGENL2178-24	1.5	50	False	False	7946467	102374	3557	1548	0.0	11585.0	7472.073643410853	7890.0
0	0	data/BGE00186_MGE-BGE_r1_1.3_1.5_s50_100.fasta	None	Apidae	BLAST	family	COI-5P	657	1533	Apidae	BGENL2178-24_r_1.5_s_100	Biastes brevicornis	0	BGENL2178-24	1.5	100	False	False	7946467	91687	3557	1548	0.0	11221.0	7140.296511627907	7580.5
1	1	data/BGE00186_MGE-BGE_r1_1.3_1.5_s50_100.fasta	None	Apidae	BLAST	family	COI-5P	656	1527	Apidae	BGENL2179-24_r_1_s_50	Biastes brevicornis	0	BGENL2179-24	1	50	False	False	6468081	1012	362	1548	0.0	104.0	52.63565891472868	53.0
0	0	data/BGE00186_MGE-BGE_r1_1.3_1.5_s50_100.fasta	None	Apidae	BLAST	family	COI-5P	656	1527	Apidae	BGENL2179-24_r_1_s_100	Biastes brevicornis	0	BGENL2179-24	1	100	False	False	6468081	619	362	1548	0.0	82.0	40.01744186046512	39.0
0	0	data/BGE00186_MGE-BGE_r1_1.3_1.5_s50_100.fasta	None	Apidae	BLAST	family	COI-5P	656	1527	Apidae	BGENL2179-24_r_1.3_s_50	Biastes brevicornis	0	BGENL2179-24	1.3	50	False	False	6468081	880	362	1548	0.0	85.0	46.58139534883721	48.0
0	0	data/BGE00186_MGE-BGE_r1_1.3_1.5_s50_100.fasta	None	Apidae	BLAST	family	COI-5P	656	1527	Apidae	BGENL2179-24_r_1.3_s_100	Biastes brevicornis	0	BGENL2179-24	1.3	100	False	False	6468081	591	362	1548	0.0	73.0	37.463178294573645	37.0
0	0	data/BGE00186_MGE-BGE_r1_1.3_1.5_s50_100.fasta	None	Apidae	BLAST	family	COI-5P	656	1506	Apidae	BGENL2179-24_r_1.5_s_50	Biastes brevicornis	0	BGENL2179-24	1.5	50	False	False	6468081	731	362	1548	0.0	84.0	38.583333333333336	38.0
0	0	data/BGE00186_MGE-BGE_r1_1.3_1.5_s50_100.fasta	None	Apidae	BLAST	family	COI-5P	656	1506	Apidae	BGENL2179-24_r_1.5_s_100	Biastes brevicornis	0	BGENL2179-24	1.5	100	False	False	6468081	510	362	1548	0.0	72.0	31.837209302325583	29.0
0	3	data/BGE00186_MGE-BGE_r1_1.3_1.5_s50_100.fasta	None	Apidae	BLAST	family	COI-5P	656	1554	Apidae	BGENL2180-24_r_1_s_50	Bombus pomorum	0	BGENL2180-24	1	50	False	False	5849378	4391	714	1557	0.0	424.0	224.64547206165705	210.0
0	0	data/BGE00186_MGE-BGE_r1_1.3_1.5_s50_100.fasta	None	Apidae	BLAST	family	COI-5P	656	1548	Apidae	BGENL2180-24_r_1_s_100	Bombus pomorum	0	BGENL2180-24	1	100	False	False	5849378	2770	714	1557	0.0	330.0	170.48554913294797	157.0
0	3	data/BGE00186_MGE-BGE_r1_1.3_1.5_s50_100.fasta	None	Apidae	BLAST	family	COI-5P	656	1554	Apidae	BGENL2180-24_r_1.3_s_50	Bombus pomorum	0	BGENL2180-24	1.3	50	False	False	5849378	3938	714	1557	0.0	419.0	205.60886319845858	197.0
0	0	data/BGE00186_MGE-BGE_r1_1.3_1.5_s50_100.fasta	None	Apidae	BLAST	family	COI-5P	656	1548	Apidae	BGENL2180-24_r_1.3_s_100	Bombus pomorum	0	BGENL2180-24	1.3	100	False	False	5849378	2690	714	1557	0.0	326.0	165.29094412331406	153.0
0	3	data/BGE00186_MGE-BGE_r1_1.3_1.5_s50_100.fasta	None	Apidae	BLAST	family	COI-5P	656	1524	Apidae	BGENL2180-24_r_1.5_s_50	Bombus pomorum	0	BGENL2180-24	1.5	50	False	False	5849378	3425	714	1557	0.0	418.0	179.3063583815029	176.0
0	0	data/BGE00186_MGE-BGE_r1_1.3_1.5_s50_100.fasta	None	Apidae	BLAST	family	COI-5P	656	1518	Apidae	BGENL2180-24_r_1.5_s_100	Bombus pomorum	0	BGENL2180-24	1.5	100	False	False	5849378	2416	714	1557	0.0	325.0	147.38728323699422	144.0
0	0	data/BGE00186_MGE-BGE_r1_1.3_1.5_s50_100.fasta	None	Apidae	BLAST	family	COI-5P	656	1551	Apidae	BGENL2181-24_r_1_s_50	Bombus pomorum	0	BGENL2181-24	1	50	False	False	7004017	4836	473	1557	0.0	403.0	254.9980732177264	250.0
0	0	data/BGE00186_MGE-BGE_r1_1.3_1.5_s50_100.fasta	None	Apidae	BLAST	family	COI-5P	656	1548	Apidae	BGENL2181-24_r_1_s_100	Bombus pomorum	0	BGENL2181-24	1	100	False	False	7004017	3300	473	1557	0.0	322.0	204.09826589595374	199.0
0	0	data/BGE00186_MGE-BGE_r1_1.3_1.5_s50_100.fasta	None	Apidae	BLAST	family	COI-5P	656	1548	Apidae	BGENL2181-24_r_1.3_s_50	Bombus pomorum	0	BGENL2181-24	1.3	50	False	False	7004017	4401	473	1557	0.0	377.0	234.8709055876686	233.0
0	0	data/BGE00186_MGE-BGE_r1_1.3_1.5_s50_100.fasta	None	Apidae	BLAST	family	COI-5P	656	1548	Apidae	BGENL2181-24_r_1.3_s_100	Bombus pomorum	0	BGENL2181-24	1.3	100	False	False	7004017	3194	473	1557	0.0	315.0	196.29287090558768	192.0
0	0	data/BGE00186_MGE-BGE_r1_1.3_1.5_s50_100.fasta	None	Apidae	BLAST	family	COI-5P	656	1518	Apidae	BGENL2181-24_r_1.5_s_50	Bombus pomorum	0	BGENL2181-24	1.5	50	False	False	7004017	3835	473	1557	0.0	376.0	205.03275529865124	209.0
0	0	data/BGE00186_MGE-BGE_r1_1.3_1.5_s50_100.fasta	None	Apidae	BLAST	family	COI-5P	656	1518	Apidae	BGENL2181-24_r_1.5_s_100	Bombus pomorum	0	BGENL2181-24	1.5	100	False	False	7004017	2856	473	1557	0.0	308.0	174.3082851637765	176.0
0	0	data/BGE00186_MGE-BGE_r1_1.3_1.5_s50_100.fasta	None	Apidae	BLAST	family	COI-5P	656	1557	Apidae	BGENL2182-24_r_1_s_50	Bombus pomorum	0	BGENL2182-24	1	50	False	False	7468101	7426	282	1557	2.0	825.0	360.53757225433526	337.0
0	0	data/BGE00186_MGE-BGE_r1_1.3_1.5_s50_100.fasta	None	Apidae	BLAST	family	COI-5P	656	1548	Apidae	BGENL2182-24_r_1_s_100	Bombus pomorum	0	BGENL2182-24	1	100	False	False	7468101	4679	282	1557	0.0	618.0	269.5510597302505	261.0
0	0	data/BGE00186_MGE-BGE_r1_1.3_1.5_s50_100.fasta	None	Apidae	BLAST	family	COI-5P	656	1554	Apidae	BGENL2182-24_r_1.3_s_50	Bombus pomorum	0	BGENL2182-24	1.3	50	False	False	7468101	6774	282	1557	0.0	814.0	329.77456647398844	317.0
0	0	data/BGE00186_MGE-BGE_r1_1.3_1.5_s50_100.fasta	None	Apidae	BLAST	family	COI-5P	656	1548	Apidae	BGENL2182-24_r_1.3_s_100	Bombus pomorum	0	BGENL2182-24	1.3	100	False	False	7468101	4520	282	1557	0.0	613.0	257.868978805395	255.0
0	0	data/BGE00186_MGE-BGE_r1_1.3_1.5_s50_100.fasta	None	Apidae	BLAST	family	COI-5P	656	1524	Apidae	BGENL2182-24_r_1.5_s_50	Bombus pomorum	0	BGENL2182-24	1.5	50	False	False	7468101	5931	282	1557	0.0	812.0	287.35260115606934	272.0
0	0	data/BGE00186_MGE-BGE_r1_1.3_1.5_s50_100.fasta	None	Apidae	BLAST	family	COI-5P	656	1518	Apidae	BGENL2182-24_r_1.5_s_100	Bombus pomorum	0	BGENL2182-24	1.5	100	False	False	7468101	4065	282	1557	0.0	612.0	229.02119460500964	220.0
0	0	data/BGE00186_MGE-BGE_r1_1.3_1.5_s50_100.fasta	None	Apidae	BLAST	family	COI-5P	656	1557	Apidae	BGENL2183-24_r_1_s_50	Bombus mlokosievitzii	0	BGENL2183-24	1	50	False	False	8743234	3953	307	1557	72.0	403.0	195.6146435452794	187.0
0	0	data/BGE00186_MGE-BGE_r1_1.3_1.5_s50_100.fasta	None	Apidae	BLAST	family	COI-5P	656	1557	Apidae	BGENL2183-24_r_1_s_100	Bombus mlokosievitzii	0	BGENL2183-24	1	100	False	False	8743234	2798	307	1557	36.0	318.0	159.29094412331406	151.0
0	0	data/BGE00186_MGE-BGE_r1_1.3_1.5_s50_100.fasta	None	Apidae	BLAST	family	COI-5P	656	1557	Apidae	BGENL2183-24_r_1.3_s_50	Bombus mlokosievitzii	0	BGENL2183-24	1.3	50	False	False	8743234	3855	307	1557	72.0	400.0	192.03082851637765	183.0
0	0	data/BGE00186_MGE-BGE_r1_1.3_1.5_s50_100.fasta	None	Apidae	BLAST	family	COI-5P	656	1557	Apidae	BGENL2183-24_r_1.3_s_100	Bombus mlokosievitzii	0	BGENL2183-24	1.3	100	False	False	8743234	2785	307	1557	36.0	318.0	158.50481695568402	146.0
0	0	data/BGE00186_MGE-BGE_r1_1.3_1.5_s50_100.fasta	None	Apidae	BLAST	family	COI-5P	656	1557	Apidae	BGENL2183-24_r_1.5_s_50	Bombus mlokosievitzii	0	BGENL2183-24	1.5	50	False	False	8743234	3679	307	1557	68.0	389.0	184.3121387283237	170.0
0	0	data/BGE00186_MGE-BGE_r1_1.3_1.5_s50_100.fasta	None	Apidae	BLAST	family	COI-5P	656	1557	Apidae	BGENL2183-24_r_1.5_s_100	Bombus mlokosievitzii	0	BGENL2183-24	1.5	100	False	False	8743234	2711	307	1557	35.0	313.0	154.17341040462426	140.0
0	0	data/BGE00186_MGE-BGE_r1_1.3_1.5_s50_100.fasta	None	Apidae	BLAST	family	COI-5P	657	1557	Apidae	BGENL2184-24_r_1_s_50	Bombus mlokosievitzii	0	BGENL2184-24	1	50	False	False	9855123	7900	4	1557	357.0	811.0	534.2389210019268	530.0
0	0	data/BGE00186_MGE-BGE_r1_1.3_1.5_s50_100.fasta	None	Apidae	BLAST	family	COI-5P	657	1557	Apidae	BGENL2184-24_r_1_s_100	Bombus mlokosievitzii	0	BGENL2184-24	1	100	False	False	9855123	6830	4	1557	336.0	708.0	502.1445086705202	505.0
0	0	data/BGE00186_MGE-BGE_r1_1.3_1.5_s50_100.fasta	None	Apidae	BLAST	family	COI-5P	657	1557	Apidae	BGENL2184-24_r_1.3_s_50	Bombus mlokosievitzii	0	BGENL2184-24	1.3	50	False	False	9855123	7765	4	1557	355.0	809.0	529.2986512524085	525.0
0	0	data/BGE00186_MGE-BGE_r1_1.3_1.5_s50_100.fasta	None	Apidae	BLAST	family	COI-5P	657	1557	Apidae	BGENL2184-24_r_1.3_s_100	Bombus mlokosievitzii	0	BGENL2184-24	1.3	100	False	False	9855123	6813	4	1557	335.0	707.0	500.7591522157996	503.0
0	0	data/BGE00186_MGE-BGE_r1_1.3_1.5_s50_100.fasta	None	Apidae	BLAST	family	COI-5P	657	1557	Apidae	BGENL2184-24_r_1.5_s_50	Bombus mlokosievitzii	0	BGENL2184-24	1.5	50	False	False	9855123	7586	4	1557	355.0	808.0	520.9865125240848	519.0
0	0	data/BGE00186_MGE-BGE_r1_1.3_1.5_s50_100.fasta	None	Apidae	BLAST	family	COI-5P	657	1557	Apidae	BGENL2184-24_r_1.5_s_100	Bombus mlokosievitzii	0	BGENL2184-24	1.5	100	False	False	9855123	6732	4	1557	335.0	702.0	495.44123314065513	500.0
0	0	data/BGE00186_MGE-BGE_r1_1.3_1.5_s50_100.fasta	None	Apidae	BLAST	family	COI-5P	656	1557	Apidae	BGENL2185-24_r_1_s_50	Bombus mlokosievitzii	0	BGENL2185-24	1	50	False	False	7949183	8681	410	1557	250.0	929.0	507.1676300578035	467.0
0	0	data/BGE00186_MGE-BGE_r1_1.3_1.5_s50_100.fasta	None	Apidae	BLAST	family	COI-5P	656	1557	Apidae	BGENL2185-24_r_1_s_100	Bombus mlokosievitzii	0	BGENL2185-24	1	100	False	False	7949183	7183	410	1557	209.0	861.0	460.7225433526012	432.0
0	0	data/BGE00186_MGE-BGE_r1_1.3_1.5_s50_100.fasta	None	Apidae	BLAST	family	COI-5P	656	1557	Apidae	BGENL2185-24_r_1.3_s_50	Bombus mlokosievitzii	0	BGENL2185-24	1.3	50	False	False	7949183	8590	410	1557	248.0	927.0	504.1329479768786	463.0
0	0	data/BGE00186_MGE-BGE_r1_1.3_1.5_s50_100.fasta	None	Apidae	BLAST	family	COI-5P	656	1557	Apidae	BGENL2185-24_r_1.3_s_100	Bombus mlokosievitzii	0	BGENL2185-24	1.3	100	False	False	7949183	7175	410	1557	209.0	861.0	460.23314065510596	431.0
0	0	data/BGE00186_MGE-BGE_r1_1.3_1.5_s50_100.fasta	None	Apidae	BLAST	family	COI-5P	656	1557	Apidae	BGENL2185-24_r_1.5_s_50	Bombus mlokosievitzii	0	BGENL2185-24	1.5	50	False	False	7949183	8367	410	1557	245.0	913.0	493.14836223506745	454.0
0	0	data/BGE00186_MGE-BGE_r1_1.3_1.5_s50_100.fasta	None	Apidae	BLAST	family	COI-5P	656	1557	Apidae	BGENL2185-24_r_1.5_s_100	Bombus mlokosievitzii	0	BGENL2185-24	1.5	100	False	False	7949183	7046	410	1557	197.0	845.0	452.4508670520231	420.0
