ambig_basecount	ambig_full_basecount	dataset	error	identification	identification_method	identification_rank	marker_code	nuc_basecount	nuc_full_basecount	obs_taxon	sequence_id	species	stop_codons	group_id	r	s	fcleaner	merge	n_reads_in	n_reads_aligned	n_reads_skipped	ref_length	cov_min	cov_max	cov_avg	cov_med
0	0	data/BGE00431_MGE-BGE_r1_1.3_1.5_s50_100.fasta	None	Cerambycidae	BLAST	family	COI-5P	656	1533	Cerambycidae	UNIFI1000-24_r_1_s_50	Stenopterus atricornis	0	UNIFI1000-24	1	50	False	False	1424138	7850	166	1533	123.0	784.0	426.62035225048925	445.0
0	0	data/BGE00431_MGE-BGE_r1_1.3_1.5_s50_100.fasta	None	Cerambycidae	BLAST	family	COI-5P	656	1533	Cerambycidae	UNIFI1000-24_r_1_s_100	Stenopterus atricornis	0	UNIFI1000-24	1	100	False	False	1424138	5742	166	1533	108.0	737.0	354.17025440313114	343.0
0	0	data/BGE00431_MGE-BGE_r1_1.3_1.5_s50_100.fasta	None	Cerambycidae	BLAST	family	COI-5P	656	1533	Cerambycidae	UNIFI1000-24_r_1.3_s_50	Stenopterus atricornis	0	UNIFI1000-24	1.3	50	False	False	1424138	7183	166	1533	50.0	774.0	387.31311154598825	401.0
0	0	data/BGE00431_MGE-BGE_r1_1.3_1.5_s50_100.fasta	None	Cerambycidae	BLAST	family	COI-5P	656	1533	Cerambycidae	UNIFI1000-24_r_1.3_s_100	Stenopterus atricornis	0	UNIFI1000-24	1.3	100	False	False	1424138	5371	166	1533	50.0	724.0	327.4755381604697	314.0
0	0	data/BGE00431_MGE-BGE_r1_1.3_1.5_s50_100.fasta	None	Cerambycidae	BLAST	family	COI-5P	656	1494	Cerambycidae	UNIFI1000-24_r_1.5_s_50	Stenopterus atricornis	0	UNIFI1000-24	1.5	50	False	False	1424138	5843	166	1533	0.0	770.0	317.5499021526419	308.0
0	0	data/BGE00431_MGE-BGE_r1_1.3_1.5_s50_100.fasta	None	Cerambycidae	BLAST	family	COI-5P	656	1494	Cerambycidae	UNIFI1000-24_r_1.5_s_100	Stenopterus atricornis	0	UNIFI1000-24	1.5	100	False	False	1424138	4532	166	1533	0.0	722.0	275.70254403131116	273.0
0	0	data/BGE00431_MGE-BGE_r1_1.3_1.5_s50_100.fasta	None	Cerambycidae	BLAST	family	COI-5P	656	1533	Cerambycidae	UNIFI1001-24_r_1_s_50	Stenopterus atricornis	0	UNIFI1001-24	1	50	False	False	2980375	4280	1144	1533	87.0	438.0	229.09001956947162	216.0
0	0	data/BGE00431_MGE-BGE_r1_1.3_1.5_s50_100.fasta	None	Cerambycidae	BLAST	family	COI-5P	656	1533	Cerambycidae	UNIFI1001-24_r_1_s_100	Stenopterus atricornis	0	UNIFI1001-24	1	100	False	False	2980375	2903	1144	1533	69.0	398.0	183.07632093933464	171.0
0	0	data/BGE00431_MGE-BGE_r1_1.3_1.5_s50_100.fasta	None	Cerambycidae	BLAST	family	COI-5P	656	1533	Cerambycidae	UNIFI1001-24_r_1.3_s_50	Stenopterus atricornis	0	UNIFI1001-24	1.3	50	False	False	2980375	3890	1144	1533	38.0	434.0	207.26418786692759	189.0
0	0	data/BGE00431_MGE-BGE_r1_1.3_1.5_s50_100.fasta	None	Cerambycidae	BLAST	family	COI-5P	656	1533	Cerambycidae	UNIFI1001-24_r_1.3_s_100	Stenopterus atricornis	0	UNIFI1001-24	1.3	100	False	False	2980375	2721	1144	1533	38.0	394.0	169.8825831702544	151.0
0	0	data/BGE00431_MGE-BGE_r1_1.3_1.5_s50_100.fasta	None	Cerambycidae	BLAST	family	COI-5P	656	1503	Cerambycidae	UNIFI1001-24_r_1.5_s_50	Stenopterus atricornis	0	UNIFI1001-24	1.5	50	False	False	2980375	3218	1144	1533	0.0	427.0	171.6536203522505	165.0
0	0	data/BGE00431_MGE-BGE_r1_1.3_1.5_s50_100.fasta	None	Cerambycidae	BLAST	family	COI-5P	656	1503	Cerambycidae	UNIFI1001-24_r_1.5_s_100	Stenopterus atricornis	0	UNIFI1001-24	1.5	100	False	False	2980375	2337	1144	1533	0.0	392.0	144.587084148728	132.0
34	62	data/BGE00431_MGE-BGE_r1_1.3_1.5_s50_100.fasta	None	Cerambycidae	BLAST	family	COI-5P	656	1503	Staphylinidae,Chrysomelidae,Cerambycidae,Empididae,Dolichopodidae,Calliphoridae	UNIFI1002-24_r_1_s_50	Stenurella approximans	0	UNIFI1002-24	1	50	False	False	3627239	314	268	1503	2.0	38.0	17.169660678642714	16.0
38	63	data/BGE00431_MGE-BGE_r1_1.3_1.5_s50_100.fasta	None	Cerambycidae	BLAST	family	COI-5P	596	1437	Meloidae,Drosophilidae,Calliphoridae,Corydalidae	UNIFI1002-24_r_1_s_100	Stenurella approximans	0	UNIFI1002-24	1	100	False	False	3627239	183	268	1503	0.0	34.0	13.073852295409182	12.0
1	1	data/BGE00431_MGE-BGE_r1_1.3_1.5_s50_100.fasta	None	Cerambycidae	BLAST	family	COI-5P	657	1503	Cerambycidae	UNIFI1002-24_r_1.3_s_50	Stenurella approximans	0	UNIFI1002-24	1.3	50	False	False	3627239	219	268	1503	1.0	31.0	11.57684630738523	11.0
13	28	data/BGE00431_MGE-BGE_r1_1.3_1.5_s50_100.fasta	None	Cerambycidae	BLAST	family	COI-5P	597	1437	Cerambycidae	UNIFI1002-24_r_1.3_s_100	Stenurella approximans	0	UNIFI1002-24	1.3	100	False	False	3627239	141	268	1503	0.0	28.0	9.3812375249501	8.0
1	3	data/BGE00431_MGE-BGE_r1_1.3_1.5_s50_100.fasta	None	Cerambycidae	BLAST	family	COI-5P	642	1452	Cerambycidae	UNIFI1002-24_r_1.5_s_50	Stenurella approximans	0	UNIFI1002-24	1.5	50	False	False	3627239	172	268	1503	0.0	29.0	9.383233532934131	8.0
0	1	data/BGE00431_MGE-BGE_r1_1.3_1.5_s50_100.fasta	None	Cerambycidae	BLAST	family	COI-5P	573	1377	Cerambycidae	UNIFI1002-24_r_1.5_s_100	Stenurella approximans	0	UNIFI1002-24	1.5	100	False	False	3627239	121	268	1503	0.0	28.0	7.936127744510978	6.0
1	1	data/BGE00431_MGE-BGE_r1_1.3_1.5_s50_100.fasta	None	Cerambycidae	BLAST	family	COI-5P	657	1503	Cerambycidae	UNIFI1003-24_r_1_s_50	Stenurella approximans	0	UNIFI1003-24	1	50	False	False	3165701	539	82	1503	12.0	64.0	32.119760479041915	30.0
2	2	data/BGE00431_MGE-BGE_r1_1.3_1.5_s50_100.fasta	None	Cerambycidae	BLAST	family	COI-5P	657	1503	Cerambycidae	UNIFI1003-24_r_1_s_100	Stenurella approximans	0	UNIFI1003-24	1	100	False	False	3165701	391	82	1503	3.0	55.0	27.04191616766467	25.0
0	0	data/BGE00431_MGE-BGE_r1_1.3_1.5_s50_100.fasta	None	Cerambycidae	BLAST	family	COI-5P	657	1503	Cerambycidae	UNIFI1003-24_r_1.3_s_50	Stenurella approximans	0	UNIFI1003-24	1.3	50	False	False	3165701	476	82	1503	8.0	52.0	27.177644710578843	26.0
0	0	data/BGE00431_MGE-BGE_r1_1.3_1.5_s50_100.fasta	None	Cerambycidae	BLAST	family	COI-5P	657	1503	Cerambycidae	UNIFI1003-24_r_1.3_s_100	Stenurella approximans	0	UNIFI1003-24	1.3	100	False	False	3165701	354	82	1503	3.0	46.0	23.121756487025948	23.0
0	0	data/BGE00431_MGE-BGE_r1_1.3_1.5_s50_100.fasta	None	Cerambycidae	BLAST	family	COI-5P	657	1464	Cerambycidae	UNIFI1003-24_r_1.5_s_50	Stenurella approximans	0	UNIFI1003-24	1.5	50	False	False	3165701	414	82	1503	0.0	51.0	23.902195608782435	24.0
0	0	data/BGE00431_MGE-BGE_r1_1.3_1.5_s50_100.fasta	None	Cerambycidae	BLAST	family	COI-5P	657	1464	Cerambycidae	UNIFI1003-24_r_1.5_s_100	Stenurella approximans	0	UNIFI1003-24	1.5	100	False	False	3165701	325	82	1503	0.0	42.0	21.001996007984033	22.0
0	0	data/BGE00431_MGE-BGE_r1_1.3_1.5_s50_100.fasta	None	Cerambycidae	BLAST	family	COI-5P	657	1503	Cerambycidae	UNIFI1004-24_r_1_s_50	Stenurella approximans	0	UNIFI1004-24	1	50	False	False	4165422	3854	323	1503	123.0	389.0	257.8902195608782	261.0
0	0	data/BGE00431_MGE-BGE_r1_1.3_1.5_s50_100.fasta	None	Cerambycidae	BLAST	family	COI-5P	657	1503	Cerambycidae	UNIFI1004-24_r_1_s_100	Stenurella approximans	0	UNIFI1004-24	1	100	False	False	4165422	3232	323	1503	93.0	366.0	236.47105788423153	236.0
0	0	data/BGE00431_MGE-BGE_r1_1.3_1.5_s50_100.fasta	None	Cerambycidae	BLAST	family	COI-5P	657	1503	Cerambycidae	UNIFI1004-24_r_1.3_s_50	Stenurella approximans	0	UNIFI1004-24	1.3	50	False	False	4165422	3664	323	1503	123.0	377.0	246.4191616766467	243.0
0	0	data/BGE00431_MGE-BGE_r1_1.3_1.5_s50_100.fasta	None	Cerambycidae	BLAST	family	COI-5P	657	1503	Cerambycidae	UNIFI1004-24_r_1.3_s_100	Stenurella approximans	0	UNIFI1004-24	1.3	100	False	False	4165422	3129	323	1503	91.0	360.0	228.7305389221557	222.0
0	0	data/BGE00431_MGE-BGE_r1_1.3_1.5_s50_100.fasta	None	Cerambycidae	BLAST	family	COI-5P	657	1503	Cerambycidae	UNIFI1004-24_r_1.5_s_50	Stenurella approximans	0	UNIFI1004-24	1.5	50	False	False	4165422	3285	323	1503	5.0	371.0	220.88622754491018	227.0
0	0	data/BGE00431_MGE-BGE_r1_1.3_1.5_s50_100.fasta	None	Cerambycidae	BLAST	family	COI-5P	657	1503	Cerambycidae	UNIFI1004-24_r_1.5_s_100	Stenurella approximans	0	UNIFI1004-24	1.5	100	False	False	4165422	2847	323	1503	5.0	358.0	206.6806387225549	210.0
0	0	data/BGE00431_MGE-BGE_r1_1.3_1.5_s50_100.fasta	None	Cerambycidae	BLAST	family	COI-5P	657	1542	Cerambycidae	UNIFI1005-24_r_1_s_50	Stictoleptura rufa	0	UNIFI1005-24	1	50	False	False	5186249	1385	362	1542	56.0	169.0	101.06614785992218	97.0
0	0	data/BGE00431_MGE-BGE_r1_1.3_1.5_s50_100.fasta	None	Cerambycidae	BLAST	family	COI-5P	657	1542	Cerambycidae	UNIFI1005-24_r_1_s_100	Stictoleptura rufa	0	UNIFI1005-24	1	100	False	False	5186249	1180	362	1542	52.0	144.0	94.50972762645914	92.0
0	0	data/BGE00431_MGE-BGE_r1_1.3_1.5_s50_100.fasta	None	Cerambycidae	BLAST	family	COI-5P	657	1542	Cerambycidae	UNIFI1005-24_r_1.3_s_50	Stictoleptura rufa	0	UNIFI1005-24	1.3	50	False	False	5186249	1291	362	1542	49.0	167.0	95.77626459143968	93.0
0	0	data/BGE00431_MGE-BGE_r1_1.3_1.5_s50_100.fasta	None	Cerambycidae	BLAST	family	COI-5P	657	1542	Cerambycidae	UNIFI1005-24_r_1.3_s_100	Stictoleptura rufa	0	UNIFI1005-24	1.3	100	False	False	5186249	1147	362	1542	48.0	141.0	91.17315175097276	89.0
0	0	data/BGE00431_MGE-BGE_r1_1.3_1.5_s50_100.fasta	None	Cerambycidae	BLAST	family	COI-5P	657	1542	Cerambycidae	UNIFI1005-24_r_1.5_s_50	Stictoleptura rufa	0	UNIFI1005-24	1.5	50	False	False	5186249	1148	362	1542	29.0	162.0	86.10894941634241	85.0
0	0	data/BGE00431_MGE-BGE_r1_1.3_1.5_s50_100.fasta	None	Cerambycidae	BLAST	family	COI-5P	657	1542	Cerambycidae	UNIFI1005-24_r_1.5_s_100	Stictoleptura rufa	0	UNIFI1005-24	1.5	100	False	False	5186249	1044	362	1542	25.0	139.0	82.93190661478599	84.0
0	0	data/BGE00431_MGE-BGE_r1_1.3_1.5_s50_100.fasta	None	Cerambycidae	BLAST	family	COI-5P	657	1542	Cerambycidae	UNIFI1006-24_r_1_s_50	Stictoleptura rufa	0	UNIFI1006-24	1	50	False	False	3520155	706	189	1542	22.0	70.0	43.00389105058366	41.0
0	0	data/BGE00431_MGE-BGE_r1_1.3_1.5_s50_100.fasta	None	Cerambycidae	BLAST	family	COI-5P	657	1542	Cerambycidae	UNIFI1006-24_r_1_s_100	Stictoleptura rufa	0	UNIFI1006-24	1	100	False	False	3520155	562	189	1542	17.0	62.0	38.5136186770428	38.0
0	0	data/BGE00431_MGE-BGE_r1_1.3_1.5_s50_100.fasta	None	Cerambycidae	BLAST	family	COI-5P	657	1542	Cerambycidae	UNIFI1006-24_r_1.3_s_50	Stictoleptura rufa	0	UNIFI1006-24	1.3	50	False	False	3520155	640	189	1542	18.0	67.0	39.63035019455253	38.0
0	0	data/BGE00431_MGE-BGE_r1_1.3_1.5_s50_100.fasta	None	Cerambycidae	BLAST	family	COI-5P	657	1542	Cerambycidae	UNIFI1006-24_r_1.3_s_100	Stictoleptura rufa	0	UNIFI1006-24	1.3	100	False	False	3520155	543	189	1542	17.0	62.0	36.70038910505836	35.0
0	0	data/BGE00431_MGE-BGE_r1_1.3_1.5_s50_100.fasta	None	Cerambycidae	BLAST	family	COI-5P	657	1542	Cerambycidae	UNIFI1006-24_r_1.5_s_50	Stictoleptura rufa	0	UNIFI1006-24	1.5	50	False	False	3520155	554	189	1542	6.0	63.0	34.57976653696498	34.0
0	0	data/BGE00431_MGE-BGE_r1_1.3_1.5_s50_100.fasta	None	Cerambycidae	BLAST	family	COI-5P	657	1542	Cerambycidae	UNIFI1006-24_r_1.5_s_100	Stictoleptura rufa	0	UNIFI1006-24	1.5	100	False	False	3520155	480	189	1542	6.0	60.0	32.34241245136187	31.0
0	0	data/BGE00431_MGE-BGE_r1_1.3_1.5_s50_100.fasta	None	Cerambycidae	BLAST	family	COI-5P	657	1542	Cerambycidae	UNIFI1007-24_r_1_s_50	Stictoleptura rufa	0	UNIFI1007-24	1	50	False	False	3569410	950	230	1542	35.0	93.0	58.15175097276265	57.0
0	0	data/BGE00431_MGE-BGE_r1_1.3_1.5_s50_100.fasta	None	Cerambycidae	BLAST	family	COI-5P	657	1542	Cerambycidae	UNIFI1007-24_r_1_s_100	Stictoleptura rufa	0	UNIFI1007-24	1	100	False	False	3569410	734	230	1542	28.0	80.0	51.19260700389105	50.0
0	0	data/BGE00431_MGE-BGE_r1_1.3_1.5_s50_100.fasta	None	Cerambycidae	BLAST	family	COI-5P	657	1542	Cerambycidae	UNIFI1007-24_r_1.3_s_50	Stictoleptura rufa	0	UNIFI1007-24	1.3	50	False	False	3569410	894	230	1542	31.0	89.0	55.659533073929964	54.0
0	0	data/BGE00431_MGE-BGE_r1_1.3_1.5_s50_100.fasta	None	Cerambycidae	BLAST	family	COI-5P	657	1542	Cerambycidae	UNIFI1007-24_r_1.3_s_100	Stictoleptura rufa	0	UNIFI1007-24	1.3	100	False	False	3569410	724	230	1542	28.0	80.0	50.37548638132296	48.0
0	0	data/BGE00431_MGE-BGE_r1_1.3_1.5_s50_100.fasta	None	Cerambycidae	BLAST	family	COI-5P	657	1542	Cerambycidae	UNIFI1007-24_r_1.5_s_50	Stictoleptura rufa	0	UNIFI1007-24	1.5	50	False	False	3569410	780	230	1542	13.0	81.0	49.33268482490272	49.0
0	0	data/BGE00431_MGE-BGE_r1_1.3_1.5_s50_100.fasta	None	Cerambycidae	BLAST	family	COI-5P	657	1542	Cerambycidae	UNIFI1007-24_r_1.5_s_100	Stictoleptura rufa	0	UNIFI1007-24	1.5	100	False	False	3569410	650	230	1542	13.0	80.0	45.37937743190661	45.0
0	0	data/BGE00431_MGE-BGE_r1_1.3_1.5_s50_100.fasta	None	Cerambycidae	BLAST	family	COI-5P	657	1545	Cerambycidae	UNIFI1008-24_r_1_s_50	Vadonia bipunctata	0	UNIFI1008-24	1	50	False	False	3290607	2508	182	1545	88.0	262.0	169.01359223300972	170.0
0	0	data/BGE00431_MGE-BGE_r1_1.3_1.5_s50_100.fasta	None	Cerambycidae	BLAST	family	COI-5P	657	1545	Cerambycidae	UNIFI1008-24_r_1_s_100	Vadonia bipunctata	0	UNIFI1008-24	1	100	False	False	3290607	2069	182	1545	62.0	237.0	154.47766990291262	157.0
0	0	data/BGE00431_MGE-BGE_r1_1.3_1.5_s50_100.fasta	None	Cerambycidae	BLAST	family	COI-5P	657	1545	Cerambycidae	UNIFI1008-24_r_1.3_s_50	Vadonia bipunctata	0	UNIFI1008-24	1.3	50	False	False	3290607	2309	182	1545	80.0	249.0	155.74368932038834	157.0
0	0	data/BGE00431_MGE-BGE_r1_1.3_1.5_s50_100.fasta	None	Cerambycidae	BLAST	family	COI-5P	657	1545	Cerambycidae	UNIFI1008-24_r_1.3_s_100	Vadonia bipunctata	0	UNIFI1008-24	1.3	100	False	False	3290607	1952	182	1545	60.0	229.0	144.2135922330097	147.0
0	0	data/BGE00431_MGE-BGE_r1_1.3_1.5_s50_100.fasta	None	Cerambycidae	BLAST	family	COI-5P	657	1545	Cerambycidae	UNIFI1008-24_r_1.5_s_50	Vadonia bipunctata	0	UNIFI1008-24	1.5	50	False	False	3290607	1843	182	1545	4.0	230.0	126.39417475728155	141.0
0	0	data/BGE00431_MGE-BGE_r1_1.3_1.5_s50_100.fasta	None	Cerambycidae	BLAST	family	COI-5P	657	1545	Cerambycidae	UNIFI1008-24_r_1.5_s_100	Vadonia bipunctata	0	UNIFI1008-24	1.5	100	False	False	3290607	1603	182	1545	4.0	223.0	118.91456310679612	131.0
0	0	data/BGE00431_MGE-BGE_r1_1.3_1.5_s50_100.fasta	None	Cerambycidae	BLAST	family	COI-5P	657	1545	Cerambycidae	UNIFI1009-24_r_1_s_50	Vadonia bisignata	0	UNIFI1009-24	1	50	False	False	3799636	42414	229	1545	1609.0	4699.0	3303.9087378640775	3310.0
0	0	data/BGE00431_MGE-BGE_r1_1.3_1.5_s50_100.fasta	None	Cerambycidae	BLAST	family	COI-5P	657	1545	Cerambycidae	UNIFI1009-24_r_1_s_100	Vadonia bisignata	0	UNIFI1009-24	1	100	False	False	3799636	38751	229	1545	1545.0	4585.0	3183.3961165048545	3176.0
0	0	data/BGE00431_MGE-BGE_r1_1.3_1.5_s50_100.fasta	None	Cerambycidae	BLAST	family	COI-5P	657	1545	Cerambycidae	UNIFI1009-24_r_1.3_s_50	Vadonia bisignata	0	UNIFI1009-24	1.3	50	False	False	3799636	40923	229	1545	1598.0	4692.0	3188.766990291262	3260.0
0	0	data/BGE00431_MGE-BGE_r1_1.3_1.5_s50_100.fasta	None	Cerambycidae	BLAST	family	COI-5P	657	1545	Cerambycidae	UNIFI1009-24_r_1.3_s_100	Vadonia bisignata	0	UNIFI1009-24	1.3	100	False	False	3799636	37500	229	1545	1458.0	4579.0	3078.5669902912623	3078.0
0	0	data/BGE00431_MGE-BGE_r1_1.3_1.5_s50_100.fasta	None	Cerambycidae	BLAST	family	COI-5P	657	1545	Cerambycidae	UNIFI1009-24_r_1.5_s_50	Vadonia bisignata	0	UNIFI1009-24	1.5	50	False	False	3799636	33798	229	1545	12.0	4502.0	2658.831067961165	2837.0
0	0	data/BGE00431_MGE-BGE_r1_1.3_1.5_s50_100.fasta	None	Cerambycidae	BLAST	family	COI-5P	657	1545	Cerambycidae	UNIFI1009-24_r_1.5_s_100	Vadonia bisignata	0	UNIFI1009-24	1.5	100	False	False	3799636	31522	229	1545	12.0	4462.0	2589.5300970873786	2748.0
17	49	data/BGE00431_MGE-BGE_r1_1.3_1.5_s50_100.fasta	None	Cerambycidae	BLAST	family	COI-5P	656	1545	Staphylinidae,Culicidae,Syrphidae,Calliphoridae,Tortricidae,Crambidae	UNIFI1010-24_r_1_s_50	Vadonia bisignata	0	UNIFI1010-24	1	50	False	False	2138611	1596	249	1545	6.0	146.0	79.58252427184466	86.0
12	32	data/BGE00431_MGE-BGE_r1_1.3_1.5_s50_100.fasta	None	Cerambycidae	BLAST	family	COI-5P	656	1545	Alydidae,Chrysomelidae,Chironomidae,Syrphidae,Chloropidae,Calliphoridae	UNIFI1010-24_r_1_s_100	Vadonia bisignata	0	UNIFI1010-24	1	100	False	False	2138611	792	249	1545	2.0	106.0	50.78252427184466	50.0
3	9	data/BGE00431_MGE-BGE_r1_1.3_1.5_s50_100.fasta	None	Cerambycidae	BLAST	family	COI-5P	656	1545	Carabidae,Sphaeroceridae,Muscidae,Calliphoridae,Tachinidae	UNIFI1010-24_r_1.3_s_50	Vadonia bisignata	0	UNIFI1010-24	1.3	50	False	False	2138611	1026	249	1545	2.0	137.0	49.90873786407767	49.0
1	5	data/BGE00431_MGE-BGE_r1_1.3_1.5_s50_100.fasta	None	Cerambycidae	BLAST	family	COI-5P	656	1545	Sphaeroceridae,Muscidae,Calliphoridae,Crambidae	UNIFI1010-24_r_1.3_s_100	Vadonia bisignata	0	UNIFI1010-24	1.3	100	False	False	2138611	577	249	1545	2.0	101.0	35.16893203883495	33.0
4	4	data/BGE00431_MGE-BGE_r1_1.3_1.5_s50_100.fasta	None	Cerambycidae	BLAST	family	COI-5P	635	1464	Hydraenidae,Cerambycidae	UNIFI1010-24_r_1.5_s_50	Vadonia bisignata	0	UNIFI1010-24	1.5	50	False	False	2138611	541	249	1545	0.0	122.0	27.920388349514564	25.0
4	4	data/BGE00431_MGE-BGE_r1_1.3_1.5_s50_100.fasta	None	Cerambycidae	BLAST	family	COI-5P	635	1452	Cerambycidae	UNIFI1010-24_r_1.5_s_100	Vadonia bisignata	0	UNIFI1010-24	1.5	100	False	False	2138611	385	249	1545	0.0	97.0	23.240776699029126	19.0
0	0	data/BGE00431_MGE-BGE_r1_1.3_1.5_s50_100.fasta	None	Cerambycidae	BLAST	family	COI-5P	657	1545	Cerambycidae	UNIFI1011-24_r_1_s_50	Vadonia bisignata	0	UNIFI1011-24	1	50	False	False	4037031	16040	3299	1545	415.0	2122.0	1039.157281553398	968.0
0	0	data/BGE00431_MGE-BGE_r1_1.3_1.5_s50_100.fasta	None	Cerambycidae	BLAST	family	COI-5P	657	1545	Cerambycidae	UNIFI1011-24_r_1_s_100	Vadonia bisignata	0	UNIFI1011-24	1	100	False	False	4037031	13297	3299	1545	376.0	2025.0	946.9184466019417	886.0
0	0	data/BGE00431_MGE-BGE_r1_1.3_1.5_s50_100.fasta	None	Cerambycidae	BLAST	family	COI-5P	657	1545	Cerambycidae	UNIFI1011-24_r_1.3_s_50	Vadonia bisignata	0	UNIFI1011-24	1.3	50	False	False	4037031	14852	3299	1545	404.0	2093.0	964.1106796116505	908.0
0	0	data/BGE00431_MGE-BGE_r1_1.3_1.5_s50_100.fasta	None	Cerambycidae	BLAST	family	COI-5P	657	1545	Cerambycidae	UNIFI1011-24_r_1.3_s_100	Vadonia bisignata	0	UNIFI1011-24	1.3	100	False	False	4037031	12577	3299	1545	371.0	2018.0	890.8796116504855	844.0
0	0	data/BGE00431_MGE-BGE_r1_1.3_1.5_s50_100.fasta	None	Cerambycidae	BLAST	family	COI-5P	657	1545	Cerambycidae	UNIFI1011-24_r_1.5_s_50	Vadonia bisignata	0	UNIFI1011-24	1.5	50	False	False	4037031	11603	3299	1545	5.0	1978.0	757.7029126213592	768.0
0	0	data/BGE00431_MGE-BGE_r1_1.3_1.5_s50_100.fasta	None	Cerambycidae	BLAST	family	COI-5P	657	1545	Cerambycidae	UNIFI1011-24_r_1.5_s_100	Vadonia bisignata	0	UNIFI1011-24	1.5	100	False	False	4037031	10113	3299	1545	4.0	1958.0	712.5126213592233	733.0
20	34	data/BGE00431_MGE-BGE_r1_1.3_1.5_s50_100.fasta	None	Cerambycidae	BLAST	family	COI-5P	520	1305	Curculionidae,Dermestidae,Bostrichidae,Psychodidae,Vespidae,Tetracampidae	UNIFI1012-24_r_1_s_50	Vadonia dojranensis	0	UNIFI1012-24	1	50	False	False	1647152	84	139	1545	0.0	19.0	4.1825242718446605	2.0
0	21	data/BGE00431_MGE-BGE_r1_1.3_1.5_s50_100.fasta	None	Cerambycidae	BLAST	family	COI-5P	279	954	Curculionidae,Dermestidae,Bostrichidae,Psychodidae,Vespidae,Tetracampidae	UNIFI1012-24_r_1_s_100	Vadonia dojranensis	0	UNIFI1012-24	1	100	False	False	1647152	34	139	1545	0.0	14.0	2.462135922330097	1.0
19	41	data/BGE00431_MGE-BGE_r1_1.3_1.5_s50_100.fasta	None	Cerambycidae	BLAST	family	COI-5P	504	1146	Chrysomelidae,Cerambycidae	UNIFI1012-24_r_1.3_s_50	Vadonia dojranensis	0	UNIFI1012-24	1.3	50	False	False	1647152	41	139	1545	0.0	8.0	1.807766990291262	2.0
0	20	data/BGE00431_MGE-BGE_r1_1.3_1.5_s50_100.fasta	None	Cerambycidae	BLAST	family	COI-5P	279	804	Cleridae,Cryptophagidae,Cerambycidae,Dermestidae,Bostrichidae,Psychodidae,Vespidae,Tetracampidae	UNIFI1012-24_r_1.3_s_100	Vadonia dojranensis	0	UNIFI1012-24	1.3	100	False	False	1647152	19	139	1545	0.0	4.0	1.075728155339806	1.0
5	7	data/BGE00431_MGE-BGE_r1_1.3_1.5_s50_100.fasta	None	Cerambycidae	BLAST	family	COI-5P	590	837	Cryptophagidae,Chrysomelidae,Cerambycidae	UNIFI1012-24_r_1.5_s_50	Vadonia dojranensis	1	UNIFI1012-24	1.5	50	False	False	1647152	23	139	1545	0.0	5.0	0.9106796116504854	1.0
2	2	data/BGE00431_MGE-BGE_r1_1.3_1.5_s50_100.fasta	None	Cerambycidae	BLAST	family	COI-5P	482	525	Carabidae,Cleridae,Cryptophagidae,Chrysomelidae,Cerambycidae	UNIFI1012-24_r_1.5_s_100	Vadonia dojranensis	1	UNIFI1012-24	1.5	100	False	False	1647152	9	139	1545	0.0	3.0	0.44854368932038835	0.0
0	0	data/BGE00431_MGE-BGE_r1_1.3_1.5_s50_100.fasta	None	Cerambycidae	BLAST	family	COI-5P	657	1545	Cerambycidae	UNIFI1013-24_r_1_s_50	Vadonia insidiosa	0	UNIFI1013-24	1	50	False	False	4896666	2662	565	1545	105.0	264.0	183.947572815534	179.0
0	0	data/BGE00431_MGE-BGE_r1_1.3_1.5_s50_100.fasta	None	Cerambycidae	BLAST	family	COI-5P	657	1545	Cerambycidae	UNIFI1013-24_r_1_s_100	Vadonia insidiosa	0	UNIFI1013-24	1	100	False	False	4896666	2280	565	1545	75.0	248.0	170.62135922330097	165.0
0	0	data/BGE00431_MGE-BGE_r1_1.3_1.5_s50_100.fasta	None	Cerambycidae	BLAST	family	COI-5P	657	1545	Cerambycidae	UNIFI1013-24_r_1.3_s_50	Vadonia insidiosa	0	UNIFI1013-24	1.3	50	False	False	4896666	2452	565	1545	103.0	258.0	172.11844660194174	165.0
0	0	data/BGE00431_MGE-BGE_r1_1.3_1.5_s50_100.fasta	None	Cerambycidae	BLAST	family	COI-5P	657	1545	Cerambycidae	UNIFI1013-24_r_1.3_s_100	Vadonia insidiosa	0	UNIFI1013-24	1.3	100	False	False	4896666	2182	565	1545	73.0	247.0	163.16699029126212	157.0
0	0	data/BGE00431_MGE-BGE_r1_1.3_1.5_s50_100.fasta	None	Cerambycidae	BLAST	family	COI-5P	657	1542	Cerambycidae	UNIFI1013-24_r_1.5_s_50	Vadonia insidiosa	0	UNIFI1013-24	1.5	50	False	False	4896666	2007	565	1545	0.0	254.0	142.49708737864077	150.0
0	0	data/BGE00431_MGE-BGE_r1_1.3_1.5_s50_100.fasta	None	Cerambycidae	BLAST	family	COI-5P	657	1539	Cerambycidae	UNIFI1013-24_r_1.5_s_100	Vadonia insidiosa	0	UNIFI1013-24	1.5	100	False	False	4896666	1845	565	1545	0.0	245.0	137.3398058252427	146.0
36	65	data/BGE00431_MGE-BGE_r1_1.3_1.5_s50_100.fasta	None	Cerambycidae	BLAST	family	COI-5P	656	1539	Chrysomelidae,Cerambycidae,Nemonychidae	UNIFI1014-24_r_1_s_50	Xylosteus spinolae	0	UNIFI1014-24	1	50	False	False	1738316	975	340	1545	0.0	123.0	46.728155339805824	44.0
17	58	data/BGE00431_MGE-BGE_r1_1.3_1.5_s50_100.fasta	None	Cerambycidae	BLAST	family	COI-5P	653	1485	Chrysomelidae,Cerambycidae,Curculionidae,Nemonychidae	UNIFI1014-24_r_1_s_100	Xylosteus spinolae	0	UNIFI1014-24	1	100	False	False	1738316	439	340	1545	0.0	108.0	28.5126213592233	26.0
6	23	data/BGE00431_MGE-BGE_r1_1.3_1.5_s50_100.fasta	None	Cerambycidae	BLAST	family	COI-5P	657	1539	Chrysomelidae,Cerambycidae	UNIFI1014-24_r_1.3_s_50	Xylosteus spinolae	0	UNIFI1014-24	1.3	50	False	False	1738316	746	340	1545	0.0	94.0	31.62135922330097	26.0
12	23	data/BGE00431_MGE-BGE_r1_1.3_1.5_s50_100.fasta	None	Cerambycidae	BLAST	family	COI-5P	648	1479	Chrysomelidae,Cerambycidae	UNIFI1014-24_r_1.3_s_100	Xylosteus spinolae	0	UNIFI1014-24	1.3	100	False	False	1738316	323	340	1545	0.0	87.0	17.718446601941746	12.0
0	3	data/BGE00431_MGE-BGE_r1_1.3_1.5_s50_100.fasta	None	Cerambycidae	BLAST	family	COI-5P	600	1449	Chrysomelidae,Cerambycidae	UNIFI1014-24_r_1.5_s_50	Xylosteus spinolae	0	UNIFI1014-24	1.5	50	False	False	1738316	556	340	1545	0.0	82.0	22.341747572815535	20.0
7	7	data/BGE00431_MGE-BGE_r1_1.3_1.5_s50_100.fasta	None	Cerambycidae	BLAST	family	COI-5P	579	1338	Chrysomelidae,Cerambycidae	UNIFI1014-24_r_1.5_s_100	Xylosteus spinolae	0	UNIFI1014-24	1.5	100	False	False	1738316	250	340	1545	0.0	75.0	12.537864077669903	9.0
0	0	data/BGE00431_MGE-BGE_r1_1.3_1.5_s50_100.fasta	None	Cerylonidae	BLAST	family	COI-5P	656	1542	Cleridae,Pyrochroidae,Bothrideridae,Cerylonidae	UNIFI1015-24_r_1_s_50	Philothermus semistriatus	0	UNIFI1015-24	1	50	False	False	4603828	71659	250	1542	3.0	7941.0	4653.998054474709	4506.0
0	0	data/BGE00431_MGE-BGE_r1_1.3_1.5_s50_100.fasta	None	Cerylonidae	BLAST	family	COI-5P	656	1533	Cleridae,Pyrochroidae,Bothrideridae,Cerylonidae	UNIFI1015-24_r_1_s_100	Philothermus semistriatus	0	UNIFI1015-24	1	100	False	False	4603828	60205	250	1542	0.0	7286.0	4279.11673151751	4101.0
0	0	data/BGE00431_MGE-BGE_r1_1.3_1.5_s50_100.fasta	None	Cerylonidae	BLAST	family	COI-5P	656	1542	Cleridae,Pyrochroidae,Bothrideridae,Cerylonidae	UNIFI1015-24_r_1.3_s_50	Philothermus semistriatus	0	UNIFI1015-24	1.3	50	False	False	4603828	68282	250	1542	3.0	7774.0	4437.6381322957195	4291.5
0	0	data/BGE00431_MGE-BGE_r1_1.3_1.5_s50_100.fasta	None	Cerylonidae	BLAST	family	COI-5P	656	1533	Cleridae,Pyrochroidae,Bothrideridae,Cerylonidae	UNIFI1015-24_r_1.3_s_100	Philothermus semistriatus	0	UNIFI1015-24	1.3	100	False	False	4603828	58020	250	1542	0.0	7166.0	4116.4143968871595	3920.5
0	0	data/BGE00431_MGE-BGE_r1_1.3_1.5_s50_100.fasta	None	Cerylonidae	BLAST	family	COI-5P	656	1539	Cleridae,Pyrochroidae,Bothrideridae,Cerylonidae	UNIFI1015-24_r_1.5_s_50	Philothermus semistriatus	0	UNIFI1015-24	1.5	50	False	False	4603828	60716	250	1542	0.0	6365.0	3937.9708171206225	3884.5
0	0	data/BGE00431_MGE-BGE_r1_1.3_1.5_s50_100.fasta	None	Cerylonidae	BLAST	family	COI-5P	656	1533	Cleridae,Pyrochroidae,Bothrideridae,Cerylonidae	UNIFI1015-24_r_1.5_s_100	Philothermus semistriatus	0	UNIFI1015-24	1.5	100	False	False	4603828	52259	250	1542	0.0	6192.0	3682.476653696498	3642.5
0	0	data/BGE00431_MGE-BGE_r1_1.3_1.5_s50_100.fasta	None	Cerylonidae	BLAST	family	COI-5P	656	1542	Cleridae,Pyrochroidae,Bothrideridae,Cerylonidae	UNIFI1016-24_r_1_s_50	Philothermus semistriatus	0	UNIFI1016-24	1	50	False	False	6279702	283345	35606	1542	18.0	31181.0	21977.75680933852	22039.0
0	1	data/BGE00431_MGE-BGE_r1_1.3_1.5_s50_100.fasta	None	Cerylonidae	BLAST	family	COI-5P	656	1542	Cleridae,Pyrochroidae,Bothrideridae,Cerylonidae	UNIFI1016-24_r_1_s_100	Philothermus semistriatus	0	UNIFI1016-24	1	100	False	False	6279702	257167	35606	1542	8.0	30488.0	21160.83073929961	20932.0
0	0	data/BGE00431_MGE-BGE_r1_1.3_1.5_s50_100.fasta	None	Cerylonidae	BLAST	family	COI-5P	656	1542	Cleridae,Pyrochroidae,Bothrideridae,Cerylonidae	UNIFI1016-24_r_1.3_s_50	Philothermus semistriatus	0	UNIFI1016-24	1.3	50	False	False	6279702	275044	35606	1542	18.0	31084.0	21425.315175097276	21316.0
0	1	data/BGE00431_MGE-BGE_r1_1.3_1.5_s50_100.fasta	None	Cerylonidae	BLAST	family	COI-5P	656	1542	Cleridae,Pyrochroidae,Bothrideridae,Cerylonidae	UNIFI1016-24_r_1.3_s_100	Philothermus semistriatus	0	UNIFI1016-24	1.3	100	False	False	6279702	250909	35606	1542	8.0	30460.0	20701.46692607004	20422.0
0	0	data/BGE00431_MGE-BGE_r1_1.3_1.5_s50_100.fasta	None	Cerylonidae	BLAST	family	COI-5P	656	1542	Cleridae,Pyrochroidae,Bothrideridae,Cerylonidae	UNIFI1016-24_r_1.5_s_50	Philothermus semistriatus	0	UNIFI1016-24	1.5	50	False	False	6279702	248188	35606	1542	11.0	30530.0	19204.5719844358	18996.0
0	0	data/BGE00431_MGE-BGE_r1_1.3_1.5_s50_100.fasta	None	Cerylonidae	BLAST	family	COI-5P	656	1542	Cleridae,Pyrochroidae,Bothrideridae,Cerylonidae	UNIFI1016-24_r_1.5_s_100	Philothermus semistriatus	0	UNIFI1016-24	1.5	100	False	False	6279702	226669	35606	1542	1.0	30135.0	18577.229571984437	18398.5
0	0	data/BGE00431_MGE-BGE_r1_1.3_1.5_s50_100.fasta	None	Scarabaeidae	BLAST	family	COI-5P	657	1530	Scarabaeidae	UNIFI1017-24_r_1_s_50	Heterocnemis graeca	0	UNIFI1017-24	1	50	False	False	3784520	2571	109	1530	79.0	240.0	155.4921568627451	154.5
0	0	data/BGE00431_MGE-BGE_r1_1.3_1.5_s50_100.fasta	None	Scarabaeidae	BLAST	family	COI-5P	657	1530	Scarabaeidae	UNIFI1017-24_r_1_s_100	Heterocnemis graeca	0	UNIFI1017-24	1	100	False	False	3784520	1976	109	1530	42.0	226.0	134.54509803921567	138.0
0	0	data/BGE00431_MGE-BGE_r1_1.3_1.5_s50_100.fasta	None	Scarabaeidae	BLAST	family	COI-5P	657	1530	Scarabaeidae	UNIFI1017-24_r_1.3_s_50	Heterocnemis graeca	0	UNIFI1017-24	1.3	50	False	False	3784520	2248	109	1530	61.0	230.0	135.0078431372549	135.0
0	0	data/BGE00431_MGE-BGE_r1_1.3_1.5_s50_100.fasta	None	Scarabaeidae	BLAST	family	COI-5P	657	1530	Scarabaeidae	UNIFI1017-24_r_1.3_s_100	Heterocnemis graeca	0	UNIFI1017-24	1.3	100	False	False	3784520	1805	109	1530	42.0	218.0	120.36078431372549	120.5
0	0	data/BGE00431_MGE-BGE_r1_1.3_1.5_s50_100.fasta	None	Scarabaeidae	BLAST	family	COI-5P	657	1530	Scarabaeidae	UNIFI1017-24_r_1.5_s_50	Heterocnemis graeca	0	UNIFI1017-24	1.5	50	False	False	3784520	1854	109	1530	16.0	222.0	111.54117647058824	114.0
0	0	data/BGE00431_MGE-BGE_r1_1.3_1.5_s50_100.fasta	None	Scarabaeidae	BLAST	family	COI-5P	657	1530	Scarabaeidae	UNIFI1017-24_r_1.5_s_100	Heterocnemis graeca	0	UNIFI1017-24	1.5	100	False	False	3784520	1531	109	1530	13.0	212.0	101.38039215686274	104.0
20	52	data/BGE00431_MGE-BGE_r1_1.3_1.5_s50_100.fasta	None	Scarabaeidae	BLAST	family	COI-5P	656	1530	Staphylinidae,Geotrupidae,Muscidae,Calliphoridae,Tachinidae	UNIFI1018-24_r_1_s_50	Heterocnemis graeca	0	UNIFI1018-24	1	50	False	False	4103222	6859	2933	1530	201.0	657.0	445.456862745098	429.0
9	36	data/BGE00431_MGE-BGE_r1_1.3_1.5_s50_100.fasta	None	Scarabaeidae	BLAST	family	COI-5P	656	1530	Staphylinidae,Geotrupidae,Muscidae	UNIFI1018-24_r_1_s_100	Heterocnemis graeca	0	UNIFI1018-24	1	100	False	False	4103222	5115	2933	1530	133.0	628.0	381.6843137254902	366.5
0	0	data/BGE00431_MGE-BGE_r1_1.3_1.5_s50_100.fasta	None	Scarabaeidae	BLAST	family	COI-5P	656	1530	Scarabaeidae	UNIFI1018-24_r_1.3_s_50	Heterocnemis graeca	0	UNIFI1018-24	1.3	50	False	False	4103222	4889	2933	1530	173.0	481.0	308.7156862745098	302.0
0	0	data/BGE00431_MGE-BGE_r1_1.3_1.5_s50_100.fasta	None	Scarabaeidae	BLAST	family	COI-5P	656	1530	Scarabaeidae	UNIFI1018-24_r_1.3_s_100	Heterocnemis graeca	0	UNIFI1018-24	1.3	100	False	False	4103222	3937	2933	1530	133.0	389.0	277.6921568627451	280.0
0	0	data/BGE00431_MGE-BGE_r1_1.3_1.5_s50_100.fasta	None	Scarabaeidae	BLAST	family	COI-5P	656	1530	Scarabaeidae	UNIFI1018-24_r_1.5_s_50	Heterocnemis graeca	0	UNIFI1018-24	1.5	50	False	False	4103222	3537	2933	1530	70.0	377.0	233.0235294117647	238.5
0	0	data/BGE00431_MGE-BGE_r1_1.3_1.5_s50_100.fasta	None	Scarabaeidae	BLAST	family	COI-5P	656	1530	Scarabaeidae	UNIFI1018-24_r_1.5_s_100	Heterocnemis graeca	0	UNIFI1018-24	1.5	100	False	False	4103222	3067	2933	1530	70.0	367.0	219.06666666666666	224.0
0	0	data/BGE00431_MGE-BGE_r1_1.3_1.5_s50_100.fasta	None	Scarabaeidae	BLAST	family	COI-5P	657	1530	Scarabaeidae	UNIFI1019-24_r_1_s_50	Heterocnemis graeca	0	UNIFI1019-24	1	50	False	False	2000633	3592	863	1530	88.0	353.0	212.70392156862746	206.0
0	0	data/BGE00431_MGE-BGE_r1_1.3_1.5_s50_100.fasta	None	Scarabaeidae	BLAST	family	COI-5P	657	1530	Scarabaeidae	UNIFI1019-24_r_1_s_100	Heterocnemis graeca	0	UNIFI1019-24	1	100	False	False	2000633	2670	863	1530	53.0	321.0	180.3607843137255	173.0
0	0	data/BGE00431_MGE-BGE_r1_1.3_1.5_s50_100.fasta	None	Scarabaeidae	BLAST	family	COI-5P	657	1530	Scarabaeidae	UNIFI1019-24_r_1.3_s_50	Heterocnemis graeca	0	UNIFI1019-24	1.3	50	False	False	2000633	3117	863	1530	72.0	325.0	182.51568627450982	174.0
0	0	data/BGE00431_MGE-BGE_r1_1.3_1.5_s50_100.fasta	None	Scarabaeidae	BLAST	family	COI-5P	657	1530	Scarabaeidae	UNIFI1019-24_r_1.3_s_100	Heterocnemis graeca	0	UNIFI1019-24	1.3	100	False	False	2000633	2425	863	1530	53.0	296.0	159.71960784313725	152.0
0	0	data/BGE00431_MGE-BGE_r1_1.3_1.5_s50_100.fasta	None	Scarabaeidae	BLAST	family	COI-5P	657	1530	Scarabaeidae	UNIFI1019-24_r_1.5_s_50	Heterocnemis graeca	0	UNIFI1019-24	1.5	50	False	False	2000633	2528	863	1530	35.0	311.0	149.43529411764706	139.0
0	0	data/BGE00431_MGE-BGE_r1_1.3_1.5_s50_100.fasta	None	Scarabaeidae	BLAST	family	COI-5P	657	1530	Scarabaeidae	UNIFI1019-24_r_1.5_s_100	Heterocnemis graeca	0	UNIFI1019-24	1.5	100	False	False	2000633	2054	863	1530	27.0	288.0	134.65490196078431	124.0
15	42	data/BGE00431_MGE-BGE_r1_1.3_1.5_s50_100.fasta	None	Scarabaeidae	BLAST	family	COI-5P	656	1530	Scarabaeidae	UNIFI1020-24_r_1_s_50	Protaetia angustata	0	UNIFI1020-24	1	50	False	False	4282826	327	42	1530	3.0	81.0	20.21764705882353	16.0
8	35	data/BGE00431_MGE-BGE_r1_1.3_1.5_s50_100.fasta	None	Scarabaeidae	BLAST	family	COI-5P	657	1530	Scarabaeidae	UNIFI1020-24_r_1_s_100	Protaetia angustata	0	UNIFI1020-24	1	100	False	False	4282826	256	42	1530	3.0	67.0	17.937254901960785	15.0
3	7	data/BGE00431_MGE-BGE_r1_1.3_1.5_s50_100.fasta	None	Scarabaeidae	BLAST	family	COI-5P	657	1530	Scarabaeidae	UNIFI1020-24_r_1.3_s_50	Protaetia angustata	0	UNIFI1020-24	1.3	50	False	False	4282826	283	42	1530	1.0	80.0	16.870588235294118	12.0
3	7	data/BGE00431_MGE-BGE_r1_1.3_1.5_s50_100.fasta	None	Scarabaeidae	BLAST	family	COI-5P	657	1530	Scarabaeidae	UNIFI1020-24_r_1.3_s_100	Protaetia angustata	0	UNIFI1020-24	1.3	100	False	False	4282826	230	42	1530	1.0	66.0	15.217647058823529	11.0
1	5	data/BGE00431_MGE-BGE_r1_1.3_1.5_s50_100.fasta	None	Scarabaeidae	BLAST	family	COI-5P	657	1530	Scarabaeidae	UNIFI1020-24_r_1.5_s_50	Protaetia angustata	0	UNIFI1020-24	1.5	50	False	False	4282826	263	42	1530	1.0	80.0	15.841176470588236	12.0
1	5	data/BGE00431_MGE-BGE_r1_1.3_1.5_s50_100.fasta	None	Scarabaeidae	BLAST	family	COI-5P	657	1530	Scarabaeidae	UNIFI1020-24_r_1.5_s_100	Protaetia angustata	0	UNIFI1020-24	1.5	100	False	False	4282826	217	42	1530	1.0	66.0	14.405882352941177	10.0
28	77	data/BGE00431_MGE-BGE_r1_1.3_1.5_s50_100.fasta	None	Scarabaeidae	BLAST	family	COI-5P	656	1530	Carabidae,Scarabaeidae	UNIFI1021-24_r_1_s_50	Protaetia angustata	0	UNIFI1021-24	1	50	False	False	3234202	1795	452	1530	29.0	258.0	101.53725490196078	88.0
25	66	data/BGE00431_MGE-BGE_r1_1.3_1.5_s50_100.fasta	None	Scarabaeidae	BLAST	family	COI-5P	656	1530	Scarabaeidae	UNIFI1021-24_r_1_s_100	Protaetia angustata	0	UNIFI1021-24	1	100	False	False	3234202	1306	452	1530	13.0	217.0	84.54313725490196	70.0
20	20	data/BGE00431_MGE-BGE_r1_1.3_1.5_s50_100.fasta	None	Scarabaeidae	BLAST	family	COI-5P	656	1530	Scarabaeidae	UNIFI1021-24_r_1.3_s_50	Protaetia angustata	0	UNIFI1021-24	1.3	50	False	False	3234202	1467	452	1530	17.0	255.0	78.35882352941177	67.0
17	18	data/BGE00431_MGE-BGE_r1_1.3_1.5_s50_100.fasta	None	Scarabaeidae	BLAST	family	COI-5P	656	1530	Scarabaeidae	UNIFI1021-24_r_1.3_s_100	Protaetia angustata	0	UNIFI1021-24	1.3	100	False	False	3234202	1116	452	1530	13.0	217.0	67.00196078431372	53.5
2	2	data/BGE00431_MGE-BGE_r1_1.3_1.5_s50_100.fasta	None	Scarabaeidae	BLAST	family	COI-5P	657	1530	Scarabaeidae	UNIFI1021-24_r_1.5_s_50	Protaetia angustata	0	UNIFI1021-24	1.5	50	False	False	3234202	1213	452	1530	16.0	172.0	64.17254901960784	57.5
3	3	data/BGE00431_MGE-BGE_r1_1.3_1.5_s50_100.fasta	None	Scarabaeidae	BLAST	family	COI-5P	657	1530	Scarabaeidae	UNIFI1021-24_r_1.5_s_100	Protaetia angustata	0	UNIFI1021-24	1.5	100	False	False	3234202	938	452	1530	13.0	161.0	55.5	46.0
0	0	data/BGE00431_MGE-BGE_r1_1.3_1.5_s50_100.fasta	None	Scarabaeidae	BLAST	family	COI-5P	657	1530	Scarabaeidae	UNIFI1022-24_r_1_s_50	Protaetia angustata	0	UNIFI1022-24	1	50	False	False	3000730	1408	35	1530	39.0	193.0	81.83333333333333	74.0
0	0	data/BGE00431_MGE-BGE_r1_1.3_1.5_s50_100.fasta	None	Scarabaeidae	BLAST	family	COI-5P	657	1530	Scarabaeidae	UNIFI1022-24_r_1_s_100	Protaetia angustata	0	UNIFI1022-24	1	100	False	False	3000730	1156	35	1530	23.0	168.0	73.75686274509803	66.0
0	0	data/BGE00431_MGE-BGE_r1_1.3_1.5_s50_100.fasta	None	Scarabaeidae	BLAST	family	COI-5P	657	1530	Scarabaeidae	UNIFI1022-24_r_1.3_s_50	Protaetia angustata	0	UNIFI1022-24	1.3	50	False	False	3000730	1379	35	1530	35.0	193.0	80.06666666666666	74.0
0	0	data/BGE00431_MGE-BGE_r1_1.3_1.5_s50_100.fasta	None	Scarabaeidae	BLAST	family	COI-5P	657	1530	Scarabaeidae	UNIFI1022-24_r_1.3_s_100	Protaetia angustata	0	UNIFI1022-24	1.3	100	False	False	3000730	1142	35	1530	23.0	167.0	72.53725490196078	65.0
0	0	data/BGE00431_MGE-BGE_r1_1.3_1.5_s50_100.fasta	None	Scarabaeidae	BLAST	family	COI-5P	657	1530	Scarabaeidae	UNIFI1022-24_r_1.5_s_50	Protaetia angustata	0	UNIFI1022-24	1.5	50	False	False	3000730	1326	35	1530	35.0	191.0	77.45098039215686	72.5
0	0	data/BGE00431_MGE-BGE_r1_1.3_1.5_s50_100.fasta	None	Scarabaeidae	BLAST	family	COI-5P	657	1530	Scarabaeidae	UNIFI1022-24_r_1.5_s_100	Protaetia angustata	0	UNIFI1022-24	1.5	100	False	False	3000730	1107	35	1530	23.0	166.0	70.55098039215686	65.0
0	0	data/BGE00431_MGE-BGE_r1_1.3_1.5_s50_100.fasta	None	Scarabaeidae	BLAST	family	COI-5P	657	1530	Scarabaeidae	UNIFI1023-24_r_1_s_50	Protaetia cretica	0	UNIFI1023-24	1	50	False	False	2352266	35096	26	1530	1826.0	4146.0	2785.9098039215687	2749.5
0	0	data/BGE00431_MGE-BGE_r1_1.3_1.5_s50_100.fasta	None	Scarabaeidae	BLAST	family	COI-5P	657	1530	Scarabaeidae	UNIFI1023-24_r_1_s_100	Protaetia cretica	0	UNIFI1023-24	1	100	False	False	2352266	32919	26	1530	1601.0	4005.0	2721.7039215686273	2699.5
0	0	data/BGE00431_MGE-BGE_r1_1.3_1.5_s50_100.fasta	None	Scarabaeidae	BLAST	family	COI-5P	657	1530	Scarabaeidae	UNIFI1023-24_r_1.3_s_50	Protaetia cretica	0	UNIFI1023-24	1.3	50	False	False	2352266	35051	26	1530	1822.0	4141.0	2782.6313725490195	2745.5
0	0	data/BGE00431_MGE-BGE_r1_1.3_1.5_s50_100.fasta	None	Scarabaeidae	BLAST	family	COI-5P	657	1530	Scarabaeidae	UNIFI1023-24_r_1.3_s_100	Protaetia cretica	0	UNIFI1023-24	1.3	100	False	False	2352266	32888	26	1530	1601.0	4000.0	2718.9686274509804	2695.0
0	0	data/BGE00431_MGE-BGE_r1_1.3_1.5_s50_100.fasta	None	Scarabaeidae	BLAST	family	COI-5P	657	1530	Scarabaeidae	UNIFI1023-24_r_1.5_s_50	Protaetia cretica	0	UNIFI1023-24	1.5	50	False	False	2352266	34819	26	1530	1818.0	4130.0	2770.378431372549	2740.0
0	0	data/BGE00431_MGE-BGE_r1_1.3_1.5_s50_100.fasta	None	Scarabaeidae	BLAST	family	COI-5P	657	1530	Scarabaeidae	UNIFI1023-24_r_1.5_s_100	Protaetia cretica	0	UNIFI1023-24	1.5	100	False	False	2352266	32755	26	1530	1601.0	3989.0	2710.2686274509806	2689.0
0	0	data/BGE00431_MGE-BGE_r1_1.3_1.5_s50_100.fasta	None	Scarabaeidae	BLAST	family	COI-5P	657	1530	Scarabaeidae	UNIFI1024-24_r_1_s_50	Protaetia ungarica	0	UNIFI1024-24	1	50	False	False	4353112	1869	108	1530	18.0	422.0	126.63529411764706	114.0
0	0	data/BGE00431_MGE-BGE_r1_1.3_1.5_s50_100.fasta	None	Scarabaeidae	BLAST	family	COI-5P	657	1530	Scarabaeidae	UNIFI1024-24_r_1_s_100	Protaetia ungarica	0	UNIFI1024-24	1	100	False	False	4353112	1674	108	1530	18.0	412.0	120.2843137254902	106.0
0	0	data/BGE00431_MGE-BGE_r1_1.3_1.5_s50_100.fasta	None	Scarabaeidae	BLAST	family	COI-5P	657	1530	Scarabaeidae	UNIFI1024-24_r_1.3_s_50	Protaetia ungarica	0	UNIFI1024-24	1.3	50	False	False	4353112	1801	108	1530	15.0	421.0	120.66078431372549	104.0
0	0	data/BGE00431_MGE-BGE_r1_1.3_1.5_s50_100.fasta	None	Scarabaeidae	BLAST	family	COI-5P	657	1530	Scarabaeidae	UNIFI1024-24_r_1.3_s_100	Protaetia ungarica	0	UNIFI1024-24	1.3	100	False	False	4353112	1623	108	1530	15.0	412.0	115.03333333333333	100.5
0	0	data/BGE00431_MGE-BGE_r1_1.3_1.5_s50_100.fasta	None	Scarabaeidae	BLAST	family	COI-5P	657	1530	Scarabaeidae	UNIFI1024-24_r_1.5_s_50	Protaetia ungarica	0	UNIFI1024-24	1.5	50	False	False	4353112	1744	108	1530	15.0	417.0	117.06274509803922	100.0
0	0	data/BGE00431_MGE-BGE_r1_1.3_1.5_s50_100.fasta	None	Scarabaeidae	BLAST	family	COI-5P	657	1530	Scarabaeidae	UNIFI1024-24_r_1.5_s_100	Protaetia ungarica	0	UNIFI1024-24	1.5	100	False	False	4353112	1586	108	1530	15.0	408.0	112.1470588235294	97.0
9	32	data/BGE00431_MGE-BGE_r1_1.3_1.5_s50_100.fasta	None	Scarabaeidae	BLAST	family	COI-5P	656	1530	Scarabaeidae	UNIFI1025-24_r_1_s_50	Protaetia ungarica	0	UNIFI1025-24	1	50	False	False	1575333	822	332	1530	6.0	118.0	49.431372549019606	46.0
8	29	data/BGE00431_MGE-BGE_r1_1.3_1.5_s50_100.fasta	None	Scarabaeidae	BLAST	family	COI-5P	627	1500	Scarabaeidae	UNIFI1025-24_r_1_s_100	Protaetia ungarica	0	UNIFI1025-24	1	100	False	False	1575333	599	332	1530	0.0	106.0	42.51764705882353	40.0
7	7	data/BGE00431_MGE-BGE_r1_1.3_1.5_s50_100.fasta	None	Scarabaeidae	BLAST	family	COI-5P	630	1503	Scarabaeidae	UNIFI1025-24_r_1.3_s_50	Protaetia ungarica	0	UNIFI1025-24	1.3	50	False	False	1575333	650	332	1530	0.0	95.0	36.86078431372549	37.0
0	0	data/BGE00431_MGE-BGE_r1_1.3_1.5_s50_100.fasta	None	Scarabaeidae	BLAST	family	COI-5P	606	1479	Scarabaeidae	UNIFI1025-24_r_1.3_s_100	Protaetia ungarica	0	UNIFI1025-24	1.3	100	False	False	1575333	500	332	1530	0.0	81.0	32.40392156862745	33.0
6	6	data/BGE00431_MGE-BGE_r1_1.3_1.5_s50_100.fasta	None	Scarabaeidae	BLAST	family	COI-5P	630	1503	Scarabaeidae	UNIFI1025-24_r_1.5_s_50	Protaetia ungarica	0	UNIFI1025-24	1.5	50	False	False	1575333	577	332	1530	0.0	95.0	32.75098039215686	31.0
0	0	data/BGE00431_MGE-BGE_r1_1.3_1.5_s50_100.fasta	None	Scarabaeidae	BLAST	family	COI-5P	606	1479	Scarabaeidae	UNIFI1025-24_r_1.5_s_100	Protaetia ungarica	0	UNIFI1025-24	1.5	100	False	False	1575333	460	332	1530	0.0	68.0	29.227450980392156	28.0
47	111	data/BGE00431_MGE-BGE_r1_1.3_1.5_s50_100.fasta	None	Scarabaeidae	BLAST	family	COI-5P	655	1527	Scarabaeidae	UNIFI1026-24_r_1_s_50	Protaetia ungarica	0	UNIFI1026-24	1	50	False	False	4309638	776	96	1530	0.0	120.0	48.049019607843135	47.0
46	110	data/BGE00431_MGE-BGE_r1_1.3_1.5_s50_100.fasta	None	Scarabaeidae	BLAST	family	COI-5P	655	1527	Scarabaeidae	UNIFI1026-24_r_1_s_100	Protaetia ungarica	0	UNIFI1026-24	1	100	False	False	4309638	542	96	1530	0.0	87.0	39.931372549019606	41.0
33	72	data/BGE00431_MGE-BGE_r1_1.3_1.5_s50_100.fasta	None	Scarabaeidae	BLAST	family	COI-5P	655	1527	Scarabaeidae,Muscidae	UNIFI1026-24_r_1.3_s_50	Protaetia ungarica	0	UNIFI1026-24	1.3	50	False	False	4309638	511	96	1530	0.0	104.0	30.307843137254903	29.5
25	54	data/BGE00431_MGE-BGE_r1_1.3_1.5_s50_100.fasta	None	Scarabaeidae	BLAST	family	COI-5P	655	1527	Scarabaeidae,Syrphidae,Muscidae,Calliphoridae	UNIFI1026-24_r_1.3_s_100	Protaetia ungarica	0	UNIFI1026-24	1.3	100	False	False	4309638	383	96	1530	0.0	73.0	26.25686274509804	26.0
17	31	data/BGE00431_MGE-BGE_r1_1.3_1.5_s50_100.fasta	None	Scarabaeidae	BLAST	family	COI-5P	656	1527	Scarabaeidae	UNIFI1026-24_r_1.5_s_50	Protaetia ungarica	0	UNIFI1026-24	1.5	50	False	False	4309638	303	96	1530	0.0	78.0	16.32156862745098	10.0
24	36	data/BGE00431_MGE-BGE_r1_1.3_1.5_s50_100.fasta	None	Scarabaeidae	BLAST	family	COI-5P	634	1506	Scarabaeidae	UNIFI1026-24_r_1.5_s_100	Protaetia ungarica	0	UNIFI1026-24	1.5	100	False	False	4309638	222	96	1530	0.0	48.0	13.813725490196079	7.0
62	152	data/BGE00431_MGE-BGE_r1_1.3_1.5_s50_100.fasta	None	Scarabaeidae	BLAST	family	COI-5P	656	1530	Scarabaeidae	UNIFI1027-24_r_1_s_50	Protaetia vidua	0	UNIFI1027-24	1	50	False	False	2253326	156	85	1530	1.0	24.0	9.923529411764706	9.0
50	114	data/BGE00431_MGE-BGE_r1_1.3_1.5_s50_100.fasta	None	Scarabaeidae	BLAST	family	COI-5P	656	1527	Scarabaeidae,Curculionidae	UNIFI1027-24_r_1_s_100	Protaetia vidua	0	UNIFI1027-24	1	100	False	False	2253326	107	85	1530	0.0	19.0	8.094117647058823	8.0
36	75	data/BGE00431_MGE-BGE_r1_1.3_1.5_s50_100.fasta	None	Scarabaeidae	BLAST	family	COI-5P	620	1485	Scarabaeidae	UNIFI1027-24_r_1.3_s_50	Protaetia vidua	0	UNIFI1027-24	1.3	50	False	False	2253326	90	85	1530	0.0	12.0	5.172549019607843	5.0
33	69	data/BGE00431_MGE-BGE_r1_1.3_1.5_s50_100.fasta	None	Scarabaeidae	BLAST	family	COI-5P	621	1473	Hydraenidae,Scarabaeidae	UNIFI1027-24_r_1.3_s_100	Protaetia vidua	0	UNIFI1027-24	1.3	100	False	False	2253326	64	85	1530	0.0	10.0	4.37843137254902	4.0
7	11	data/BGE00431_MGE-BGE_r1_1.3_1.5_s50_100.fasta	None	Scarabaeidae	BLAST	family	COI-5P	558	1386	Staphylinidae,Silphidae,Scarabaeidae,Cleridae	UNIFI1027-24_r_1.5_s_50	Protaetia vidua	0	UNIFI1027-24	1.5	50	False	False	2253326	67	85	1530	0.0	11.0	3.396078431372549	3.0
8	9	data/BGE00431_MGE-BGE_r1_1.3_1.5_s50_100.fasta	None	Scarabaeidae	BLAST	family	COI-5P	513	1317	Staphylinidae,Silphidae,Cleridae,Calliphoridae	UNIFI1027-24_r_1.5_s_100	Protaetia vidua	0	UNIFI1027-24	1.5	100	False	False	2253326	49	85	1530	0.0	8.0	2.876470588235294	3.0
0	0	data/BGE00431_MGE-BGE_r1_1.3_1.5_s50_100.fasta	None	Scarabaeidae	BLAST	family	COI-5P	656	1530	Scarabaeidae	UNIFI1028-24_r_1_s_50	Protaetia vidua	0	UNIFI1028-24	1	50	False	False	3665099	1733	243	1530	60.0	240.0	132.22941176470587	127.5
0	0	data/BGE00431_MGE-BGE_r1_1.3_1.5_s50_100.fasta	None	Scarabaeidae	BLAST	family	COI-5P	656	1530	Scarabaeidae	UNIFI1028-24_r_1_s_100	Protaetia vidua	0	UNIFI1028-24	1	100	False	False	3665099	1544	243	1530	53.0	226.0	126.24509803921569	122.0
0	0	data/BGE00431_MGE-BGE_r1_1.3_1.5_s50_100.fasta	None	Scarabaeidae	BLAST	family	COI-5P	656	1530	Scarabaeidae	UNIFI1028-24_r_1.3_s_50	Protaetia vidua	0	UNIFI1028-24	1.3	50	False	False	3665099	1572	243	1530	55.0	238.0	118.93725490196078	110.0
0	0	data/BGE00431_MGE-BGE_r1_1.3_1.5_s50_100.fasta	None	Scarabaeidae	BLAST	family	COI-5P	656	1530	Scarabaeidae	UNIFI1028-24_r_1.3_s_100	Protaetia vidua	0	UNIFI1028-24	1.3	100	False	False	3665099	1437	243	1530	51.0	226.0	114.88235294117646	105.0
0	0	data/BGE00431_MGE-BGE_r1_1.3_1.5_s50_100.fasta	None	Scarabaeidae	BLAST	family	COI-5P	656	1530	Scarabaeidae	UNIFI1028-24_r_1.5_s_50	Protaetia vidua	0	UNIFI1028-24	1.5	50	False	False	3665099	1523	243	1530	52.0	236.0	115.51764705882353	107.0
0	0	data/BGE00431_MGE-BGE_r1_1.3_1.5_s50_100.fasta	None	Scarabaeidae	BLAST	family	COI-5P	656	1530	Scarabaeidae	UNIFI1028-24_r_1.5_s_100	Protaetia vidua	0	UNIFI1028-24	1.5	100	False	False	3665099	1403	243	1530	51.0	224.0	111.94117647058823	103.5
76	127	data/BGE00431_MGE-BGE_r1_1.3_1.5_s50_100.fasta	None	Scarabaeidae	BLAST	family	COI-5P	655	1530	Scarabaeidae	UNIFI1029-24_r_1_s_50	Protaetia vidua	0	UNIFI1029-24	1	50	False	False	1404811	231	202	1530	3.0	33.0	16.37843137254902	16.0
67	111	data/BGE00431_MGE-BGE_r1_1.3_1.5_s50_100.fasta	None	Scarabaeidae	BLAST	family	COI-5P	655	1530	Scarabaeidae	UNIFI1029-24_r_1_s_100	Protaetia vidua	0	UNIFI1029-24	1	100	False	False	1404811	148	202	1530	1.0	28.0	13.760784313725491	13.5
26	47	data/BGE00431_MGE-BGE_r1_1.3_1.5_s50_100.fasta	None	Scarabaeidae	BLAST	family	COI-5P	617	1479	Scarabaeidae	UNIFI1029-24_r_1.3_s_50	Protaetia vidua	0	UNIFI1029-24	1.3	50	False	False	1404811	106	202	1530	0.0	17.0	6.472549019607843	6.0
26	50	data/BGE00431_MGE-BGE_r1_1.3_1.5_s50_100.fasta	None	Scarabaeidae	BLAST	family	COI-5P	617	1476	Scarabaeidae	UNIFI1029-24_r_1.3_s_100	Protaetia vidua	0	UNIFI1029-24	1.3	100	False	False	1404811	69	202	1530	0.0	13.0	5.443137254901961	5.0
3	18	data/BGE00431_MGE-BGE_r1_1.3_1.5_s50_100.fasta	None	Scarabaeidae	BLAST	family	COI-5P	611	1389	Scarabaeidae	UNIFI1029-24_r_1.5_s_50	Protaetia vidua	0	UNIFI1029-24	1.5	50	False	False	1404811	72	202	1530	0.0	17.0	3.7705882352941176	3.0
3	4	data/BGE00431_MGE-BGE_r1_1.3_1.5_s50_100.fasta	None	Scarabaeidae	BLAST	family	COI-5P	605	1359	Scarabaeidae	UNIFI1029-24_r_1.5_s_100	Protaetia vidua	0	UNIFI1029-24	1.5	100	False	False	1404811	44	202	1530	0.0	9.0	2.9784313725490197	2.0
19	61	data/BGE00431_MGE-BGE_r1_1.3_1.5_s50_100.fasta	None	Chrysomelidae	BLAST	family	COI-5P	656	1545	Chrysomelidae	UNIFI1030-24_r_1_s_50	Altica carduorum	0	UNIFI1030-24	1	50	False	False	2830541	2332	543	1545	26.0	319.0	109.7495145631068	96.0
23	67	data/BGE00431_MGE-BGE_r1_1.3_1.5_s50_100.fasta	None	Chrysomelidae	BLAST	family	COI-5P	657	1545	Chrysomelidae	UNIFI1030-24_r_1_s_100	Altica carduorum	0	UNIFI1030-24	1	100	False	False	2830541	1226	543	1545	15.0	182.0	73.72038834951456	66.0
0	0	data/BGE00431_MGE-BGE_r1_1.3_1.5_s50_100.fasta	None	Chrysomelidae	BLAST	family	COI-5P	657	1545	Chrysomelidae	UNIFI1030-24_r_1.3_s_50	Altica carduorum	0	UNIFI1030-24	1.3	50	False	False	2830541	1942	543	1545	9.0	296.0	84.45631067961165	67.0
3	3	data/BGE00431_MGE-BGE_r1_1.3_1.5_s50_100.fasta	None	Chrysomelidae	BLAST	family	COI-5P	657	1545	Chrysomelidae	UNIFI1030-24_r_1.3_s_100	Altica carduorum	0	UNIFI1030-24	1.3	100	False	False	2830541	1030	543	1545	9.0	154.0	55.615533980582526	42.0
0	0	data/BGE00431_MGE-BGE_r1_1.3_1.5_s50_100.fasta	None	Chrysomelidae	BLAST	family	COI-5P	657	1545	Chrysomelidae	UNIFI1030-24_r_1.5_s_50	Altica carduorum	0	UNIFI1030-24	1.5	50	False	False	2830541	1732	543	1545	6.0	245.0	72.54563106796117	61.0
0	0	data/BGE00431_MGE-BGE_r1_1.3_1.5_s50_100.fasta	None	Chrysomelidae	BLAST	family	COI-5P	657	1545	Chrysomelidae	UNIFI1030-24_r_1.5_s_100	Altica carduorum	0	UNIFI1030-24	1.5	100	False	False	2830541	953	543	1545	6.0	142.0	48.10485436893204	39.0
19	49	data/BGE00431_MGE-BGE_r1_1.3_1.5_s50_100.fasta	None	Chrysomelidae	BLAST	family	COI-5P	656	1545	Chrysomelidae	UNIFI1031-24_r_1_s_50	Altica carduorum	0	UNIFI1031-24	1	50	False	False	3053321	2256	1217	1545	35.0	280.0	121.26796116504855	104.0
6	31	data/BGE00431_MGE-BGE_r1_1.3_1.5_s50_100.fasta	None	Chrysomelidae	BLAST	family	COI-5P	656	1545	Chrysomelidae	UNIFI1031-24_r_1_s_100	Altica carduorum	0	UNIFI1031-24	1	100	False	False	3053321	1443	1217	1545	31.0	226.0	95.11456310679611	83.0
3	3	data/BGE00431_MGE-BGE_r1_1.3_1.5_s50_100.fasta	None	Chrysomelidae	BLAST	family	COI-5P	657	1545	Chrysomelidae	UNIFI1031-24_r_1.3_s_50	Altica carduorum	0	UNIFI1031-24	1.3	50	False	False	3053321	1754	1217	1545	11.0	212.0	83.6873786407767	71.0
3	3	data/BGE00431_MGE-BGE_r1_1.3_1.5_s50_100.fasta	None	Chrysomelidae	BLAST	family	COI-5P	657	1545	Chrysomelidae	UNIFI1031-24_r_1.3_s_100	Altica carduorum	0	UNIFI1031-24	1.3	100	False	False	3053321	1172	1217	1545	10.0	180.0	65.49126213592233	53.0
0	0	data/BGE00431_MGE-BGE_r1_1.3_1.5_s50_100.fasta	None	Chrysomelidae	BLAST	family	COI-5P	657	1545	Chrysomelidae	UNIFI1031-24_r_1.5_s_50	Altica carduorum	0	UNIFI1031-24	1.5	50	False	False	3053321	1632	1217	1545	9.0	212.0	78.11456310679611	68.0
1	1	data/BGE00431_MGE-BGE_r1_1.3_1.5_s50_100.fasta	None	Chrysomelidae	BLAST	family	COI-5P	657	1545	Chrysomelidae	UNIFI1031-24_r_1.5_s_100	Altica carduorum	0	UNIFI1031-24	1.5	100	False	False	3053321	1121	1217	1545	8.0	180.0	62.1495145631068	51.0
0	3	data/BGE00431_MGE-BGE_r1_1.3_1.5_s50_100.fasta	None	Chrysomelidae	BLAST	family	COI-5P	657	1545	Chrysomelidae	UNIFI1032-24_r_1_s_50	Altica carduorum	0	UNIFI1032-24	1	50	False	False	2821799	915	233	1545	16.0	99.0	45.720388349514565	43.0
1	8	data/BGE00431_MGE-BGE_r1_1.3_1.5_s50_100.fasta	None	Chrysomelidae	BLAST	family	COI-5P	657	1545	Chrysomelidae	UNIFI1032-24_r_1_s_100	Altica carduorum	0	UNIFI1032-24	1	100	False	False	2821799	597	233	1545	10.0	66.0	35.44466019417476	35.0
0	0	data/BGE00431_MGE-BGE_r1_1.3_1.5_s50_100.fasta	None	Chrysomelidae	BLAST	family	COI-5P	657	1545	Chrysomelidae	UNIFI1032-24_r_1.3_s_50	Altica carduorum	0	UNIFI1032-24	1.3	50	False	False	2821799	795	233	1545	13.0	74.0	39.12038834951456	38.0
0	1	data/BGE00431_MGE-BGE_r1_1.3_1.5_s50_100.fasta	None	Chrysomelidae	BLAST	family	COI-5P	657	1545	Chrysomelidae	UNIFI1032-24_r_1.3_s_100	Altica carduorum	0	UNIFI1032-24	1.3	100	False	False	2821799	554	233	1545	10.0	60.0	31.39611650485437	30.0
0	1	data/BGE00431_MGE-BGE_r1_1.3_1.5_s50_100.fasta	None	Chrysomelidae	BLAST	family	COI-5P	657	1545	Chrysomelidae	UNIFI1032-24_r_1.5_s_50	Altica carduorum	0	UNIFI1032-24	1.5	50	False	False	2821799	730	233	1545	13.0	72.0	36.35145631067961	35.0
0	2	data/BGE00431_MGE-BGE_r1_1.3_1.5_s50_100.fasta	None	Chrysomelidae	BLAST	family	COI-5P	657	1545	Chrysomelidae	UNIFI1032-24_r_1.5_s_100	Altica carduorum	0	UNIFI1032-24	1.5	100	False	False	2821799	531	233	1545	10.0	60.0	30.05242718446602	29.0
0	0	data/BGE00431_MGE-BGE_r1_1.3_1.5_s50_100.fasta	None	Chrysomelidae	BLAST	family	COI-5P	657	1545	Chrysomelidae	UNIFI1033-24_r_1_s_50	Altica impressicollis	0	UNIFI1033-24	1	50	False	False	3775790	5813	557	1545	202.0	653.0	358.7106796116505	334.0
0	0	data/BGE00431_MGE-BGE_r1_1.3_1.5_s50_100.fasta	None	Chrysomelidae	BLAST	family	COI-5P	657	1545	Chrysomelidae	UNIFI1033-24_r_1_s_100	Altica impressicollis	0	UNIFI1033-24	1	100	False	False	3775790	4725	557	1545	128.0	562.0	322.57864077669905	303.0
0	0	data/BGE00431_MGE-BGE_r1_1.3_1.5_s50_100.fasta	None	Chrysomelidae	BLAST	family	COI-5P	657	1545	Chrysomelidae	UNIFI1033-24_r_1.3_s_50	Altica impressicollis	0	UNIFI1033-24	1.3	50	False	False	3775790	5380	557	1545	173.0	622.0	329.80970873786407	311.0
0	0	data/BGE00431_MGE-BGE_r1_1.3_1.5_s50_100.fasta	None	Chrysomelidae	BLAST	family	COI-5P	657	1545	Chrysomelidae	UNIFI1033-24_r_1.3_s_100	Altica impressicollis	0	UNIFI1033-24	1.3	100	False	False	3775790	4484	557	1545	128.0	535.0	301.2485436893204	283.0
0	0	data/BGE00431_MGE-BGE_r1_1.3_1.5_s50_100.fasta	None	Chrysomelidae	BLAST	family	COI-5P	657	1545	Chrysomelidae	UNIFI1033-24_r_1.5_s_50	Altica impressicollis	0	UNIFI1033-24	1.5	50	False	False	3775790	5099	557	1545	170.0	601.0	314.84854368932037	298.0
0	0	data/BGE00431_MGE-BGE_r1_1.3_1.5_s50_100.fasta	None	Chrysomelidae	BLAST	family	COI-5P	657	1545	Chrysomelidae	UNIFI1033-24_r_1.5_s_100	Altica impressicollis	0	UNIFI1033-24	1.5	100	False	False	3775790	4343	557	1545	128.0	523.0	291.2466019417476	278.0
0	2	data/BGE00431_MGE-BGE_r1_1.3_1.5_s50_100.fasta	None	Chrysomelidae	BLAST	family	COI-5P	657	1545	Chrysomelidae	UNIFI1034-24_r_1_s_50	Altica impressicollis	0	UNIFI1034-24	1	50	False	False	4002270	1329	218	1545	31.0	260.0	78.99805825242719	65.0
0	1	data/BGE00431_MGE-BGE_r1_1.3_1.5_s50_100.fasta	None	Chrysomelidae	BLAST	family	COI-5P	657	1545	Chrysomelidae	UNIFI1034-24_r_1_s_100	Altica impressicollis	0	UNIFI1034-24	1	100	False	False	4002270	891	218	1545	20.0	127.0	66.12621359223301	61.0
0	0	data/BGE00431_MGE-BGE_r1_1.3_1.5_s50_100.fasta	None	Chrysomelidae	BLAST	family	COI-5P	657	1545	Chrysomelidae	UNIFI1034-24_r_1.3_s_50	Altica impressicollis	0	UNIFI1034-24	1.3	50	False	False	4002270	1066	218	1545	27.0	140.0	69.69320388349514	63.0
0	0	data/BGE00431_MGE-BGE_r1_1.3_1.5_s50_100.fasta	None	Chrysomelidae	BLAST	family	COI-5P	657	1545	Chrysomelidae	UNIFI1034-24_r_1.3_s_100	Altica impressicollis	0	UNIFI1034-24	1.3	100	False	False	4002270	859	218	1545	20.0	123.0	63.398058252427184	59.0
0	0	data/BGE00431_MGE-BGE_r1_1.3_1.5_s50_100.fasta	None	Chrysomelidae	BLAST	family	COI-5P	657	1545	Chrysomelidae	UNIFI1034-24_r_1.5_s_50	Altica impressicollis	0	UNIFI1034-24	1.5	50	False	False	4002270	993	218	1545	21.0	135.0	66.00388349514563	60.0
0	0	data/BGE00431_MGE-BGE_r1_1.3_1.5_s50_100.fasta	None	Chrysomelidae	BLAST	family	COI-5P	657	1545	Chrysomelidae	UNIFI1034-24_r_1.5_s_100	Altica impressicollis	0	UNIFI1034-24	1.5	100	False	False	4002270	820	218	1545	20.0	120.0	60.84660194174757	58.0
0	0	data/BGE00431_MGE-BGE_r1_1.3_1.5_s50_100.fasta	None	Chrysomelidae	BLAST	family	COI-5P	657	1542	Chrysomelidae	UNIFI1035-24_r_1_s_50	Aphthona carbonaria	0	UNIFI1035-24	1	50	False	False	4863275	858	1578	1542	21.0	117.0	53.795719844357976	53.0
0	0	data/BGE00431_MGE-BGE_r1_1.3_1.5_s50_100.fasta	None	Chrysomelidae	BLAST	family	COI-5P	657	1542	Chrysomelidae	UNIFI1035-24_r_1_s_100	Aphthona carbonaria	0	UNIFI1035-24	1	100	False	False	4863275	643	1578	1542	16.0	93.0	47.09143968871595	45.5
0	0	data/BGE00431_MGE-BGE_r1_1.3_1.5_s50_100.fasta	None	Chrysomelidae	BLAST	family	COI-5P	657	1542	Chrysomelidae	UNIFI1035-24_r_1.3_s_50	Aphthona carbonaria	0	UNIFI1035-24	1.3	50	False	False	4863275	772	1578	1542	19.0	115.0	50.3443579766537	48.0
0	0	data/BGE00431_MGE-BGE_r1_1.3_1.5_s50_100.fasta	None	Chrysomelidae	BLAST	family	COI-5P	657	1542	Chrysomelidae	UNIFI1035-24_r_1.3_s_100	Aphthona carbonaria	0	UNIFI1035-24	1.3	100	False	False	4863275	629	1578	1542	16.0	92.0	45.8307392996109	43.0
0	0	data/BGE00431_MGE-BGE_r1_1.3_1.5_s50_100.fasta	None	Chrysomelidae	BLAST	family	COI-5P	657	1542	Chrysomelidae	UNIFI1035-24_r_1.5_s_50	Aphthona carbonaria	0	UNIFI1035-24	1.5	50	False	False	4863275	677	1578	1542	16.0	106.0	44.71400778210117	39.0
0	0	data/BGE00431_MGE-BGE_r1_1.3_1.5_s50_100.fasta	None	Chrysomelidae	BLAST	family	COI-5P	657	1542	Chrysomelidae	UNIFI1035-24_r_1.5_s_100	Aphthona carbonaria	0	UNIFI1035-24	1.5	100	False	False	4863275	569	1578	1542	12.0	83.0	41.38326848249027	36.0
0	0	data/BGE00431_MGE-BGE_r1_1.3_1.5_s50_100.fasta	None	Chrysomelidae	BLAST	family	COI-5P	657	1542	Chrysomelidae	UNIFI1036-24_r_1_s_50	Aphthona flaviceps	0	UNIFI1036-24	1	50	False	False	2005613	3387	389	1542	61.0	384.0	165.86964980544747	156.5
0	0	data/BGE00431_MGE-BGE_r1_1.3_1.5_s50_100.fasta	None	Chrysomelidae	BLAST	family	COI-5P	657	1542	Chrysomelidae	UNIFI1036-24_r_1_s_100	Aphthona flaviceps	0	UNIFI1036-24	1	100	False	False	2005613	2159	389	1542	39.0	286.0	125.35603112840467	114.0
0	0	data/BGE00431_MGE-BGE_r1_1.3_1.5_s50_100.fasta	None	Chrysomelidae	BLAST	family	COI-5P	657	1542	Chrysomelidae	UNIFI1036-24_r_1.3_s_50	Aphthona flaviceps	0	UNIFI1036-24	1.3	50	False	False	2005613	3166	389	1542	52.0	356.0	151.2704280155642	139.0
0	0	data/BGE00431_MGE-BGE_r1_1.3_1.5_s50_100.fasta	None	Chrysomelidae	BLAST	family	COI-5P	657	1542	Chrysomelidae	UNIFI1036-24_r_1.3_s_100	Aphthona flaviceps	0	UNIFI1036-24	1.3	100	False	False	2005613	2050	389	1542	38.0	282.0	114.90466926070039	103.0
0	0	data/BGE00431_MGE-BGE_r1_1.3_1.5_s50_100.fasta	None	Chrysomelidae	BLAST	family	COI-5P	657	1542	Chrysomelidae	UNIFI1036-24_r_1.5_s_50	Aphthona flaviceps	0	UNIFI1036-24	1.5	50	False	False	2005613	2641	389	1542	15.0	255.0	124.29961089494164	120.0
0	0	data/BGE00431_MGE-BGE_r1_1.3_1.5_s50_100.fasta	None	Chrysomelidae	BLAST	family	COI-5P	657	1542	Chrysomelidae	UNIFI1036-24_r_1.5_s_100	Aphthona flaviceps	0	UNIFI1036-24	1.5	100	False	False	2005613	1757	389	1542	15.0	218.0	96.2704280155642	92.0
0	0	data/BGE00431_MGE-BGE_r1_1.3_1.5_s50_100.fasta	None	Chrysomelidae	BLAST	family	COI-5P	657	1542	Chrysomelidae	UNIFI1037-24_r_1_s_50	Aphthona flaviceps	0	UNIFI1037-24	1	50	False	False	2954648	76032	745	1542	2469.0	7228.0	4101.669260700389	3910.0
0	0	data/BGE00431_MGE-BGE_r1_1.3_1.5_s50_100.fasta	None	Chrysomelidae	BLAST	family	COI-5P	657	1542	Chrysomelidae	UNIFI1037-24_r_1_s_100	Aphthona flaviceps	0	UNIFI1037-24	1	100	False	False	2954648	57137	745	1542	1289.0	6061.0	3484.2996108949415	3167.0
0	0	data/BGE00431_MGE-BGE_r1_1.3_1.5_s50_100.fasta	None	Chrysomelidae	BLAST	family	COI-5P	657	1542	Chrysomelidae	UNIFI1037-24_r_1.3_s_50	Aphthona flaviceps	0	UNIFI1037-24	1.3	50	False	False	2954648	74943	745	1542	2443.0	7112.0	4042.6575875486383	3871.5
0	0	data/BGE00431_MGE-BGE_r1_1.3_1.5_s50_100.fasta	None	Chrysomelidae	BLAST	family	COI-5P	657	1542	Chrysomelidae	UNIFI1037-24_r_1.3_s_100	Aphthona flaviceps	0	UNIFI1037-24	1.3	100	False	False	2954648	56699	745	1542	1287.0	6033.0	3450.256809338521	3147.5
0	0	data/BGE00431_MGE-BGE_r1_1.3_1.5_s50_100.fasta	None	Chrysomelidae	BLAST	family	COI-5P	657	1542	Chrysomelidae	UNIFI1037-24_r_1.5_s_50	Aphthona flaviceps	0	UNIFI1037-24	1.5	50	False	False	2954648	65995	745	1542	512.0	7058.0	3534.2354085603115	3392.0
0	0	data/BGE00431_MGE-BGE_r1_1.3_1.5_s50_100.fasta	None	Chrysomelidae	BLAST	family	COI-5P	657	1542	Chrysomelidae	UNIFI1037-24_r_1.5_s_100	Aphthona flaviceps	0	UNIFI1037-24	1.5	100	False	False	2954648	50646	745	1542	512.0	6003.0	3049.079766536965	2865.5
0	0	data/BGE00431_MGE-BGE_r1_1.3_1.5_s50_100.fasta	None	Chrysomelidae	BLAST	family	COI-5P	657	1542	Chrysomelidae	UNIFI1038-24_r_1_s_50	Aphthona illigeri	0	UNIFI1038-24	1	50	False	False	3843792	1134	157	1542	33.0	150.0	78.61284046692607	74.0
0	0	data/BGE00431_MGE-BGE_r1_1.3_1.5_s50_100.fasta	None	Chrysomelidae	BLAST	family	COI-5P	657	1542	Chrysomelidae	UNIFI1038-24_r_1_s_100	Aphthona illigeri	0	UNIFI1038-24	1	100	False	False	3843792	945	157	1542	17.0	129.0	72.43579766536965	67.0
0	0	data/BGE00431_MGE-BGE_r1_1.3_1.5_s50_100.fasta	None	Chrysomelidae	BLAST	family	COI-5P	657	1542	Chrysomelidae	UNIFI1038-24_r_1.3_s_50	Aphthona illigeri	0	UNIFI1038-24	1.3	50	False	False	3843792	1060	157	1542	32.0	124.0	74.55836575875486	71.0
0	0	data/BGE00431_MGE-BGE_r1_1.3_1.5_s50_100.fasta	None	Chrysomelidae	BLAST	family	COI-5P	657	1542	Chrysomelidae	UNIFI1038-24_r_1.3_s_100	Aphthona illigeri	0	UNIFI1038-24	1.3	100	False	False	3843792	916	157	1542	17.0	115.0	70.06809338521401	67.0
0	0	data/BGE00431_MGE-BGE_r1_1.3_1.5_s50_100.fasta	None	Chrysomelidae	BLAST	family	COI-5P	657	1542	Chrysomelidae	UNIFI1038-24_r_1.5_s_50	Aphthona illigeri	0	UNIFI1038-24	1.5	50	False	False	3843792	909	157	1542	7.0	121.0	64.36770428015564	62.0
0	0	data/BGE00431_MGE-BGE_r1_1.3_1.5_s50_100.fasta	None	Chrysomelidae	BLAST	family	COI-5P	657	1542	Chrysomelidae	UNIFI1038-24_r_1.5_s_100	Aphthona illigeri	0	UNIFI1038-24	1.5	100	False	False	3843792	805	157	1542	7.0	113.0	61.25486381322957	60.0
None	0	data/BGE00431_MGE-BGE_r1_1.3_1.5_s50_100.fasta	Local BLAST failed for sequence ''	Chrysomelidae	BLAST	family	COI-5P	None	0		UNIFI1039-24_r_1_s_50	Aphthona nigriceps	0	UNIFI1039-24	1	50	False	False	170	0	0	1542	0	0	0	0
None	0	data/BGE00431_MGE-BGE_r1_1.3_1.5_s50_100.fasta	Local BLAST failed for sequence ''	Chrysomelidae	BLAST	family	COI-5P	None	0		UNIFI1039-24_r_1_s_100	Aphthona nigriceps	0	UNIFI1039-24	1	100	False	False	170	0	0	1542	0	0	0	0
None	0	data/BGE00431_MGE-BGE_r1_1.3_1.5_s50_100.fasta	Local BLAST failed for sequence ''	Chrysomelidae	BLAST	family	COI-5P	None	0		UNIFI1039-24_r_1.3_s_50	Aphthona nigriceps	0	UNIFI1039-24	1.3	50	False	False	170	0	0	1542	0	0	0	0
None	0	data/BGE00431_MGE-BGE_r1_1.3_1.5_s50_100.fasta	Local BLAST failed for sequence ''	Chrysomelidae	BLAST	family	COI-5P	None	0		UNIFI1039-24_r_1.3_s_100	Aphthona nigriceps	0	UNIFI1039-24	1.3	100	False	False	170	0	0	1542	0	0	0	0
None	0	data/BGE00431_MGE-BGE_r1_1.3_1.5_s50_100.fasta	Local BLAST failed for sequence ''	Chrysomelidae	BLAST	family	COI-5P	None	0		UNIFI1039-24_r_1.5_s_50	Aphthona nigriceps	0	UNIFI1039-24	1.5	50	False	False	170	0	0	1542	0	0	0	0
None	0	data/BGE00431_MGE-BGE_r1_1.3_1.5_s50_100.fasta	Local BLAST failed for sequence ''	Chrysomelidae	BLAST	family	COI-5P	None	0		UNIFI1039-24_r_1.5_s_100	Aphthona nigriceps	0	UNIFI1039-24	1.5	100	False	False	170	0	0	1542	0	0	0	0
13	40	data/BGE00431_MGE-BGE_r1_1.3_1.5_s50_100.fasta	None	Chrysomelidae	BLAST	family	COI-5P	656	1536	Chrysomelidae	UNIFI1040-24_r_1_s_50	Aphthona nigriceps	0	UNIFI1040-24	1	50	False	False	4091325	1397	1282	1542	0.0	217.0	94.34046692607004	78.0
7	29	data/BGE00431_MGE-BGE_r1_1.3_1.5_s50_100.fasta	None	Chrysomelidae	BLAST	family	COI-5P	656	1536	Chrysomelidae	UNIFI1040-24_r_1_s_100	Aphthona nigriceps	0	UNIFI1040-24	1	100	False	False	4091325	1019	1282	1542	0.0	160.0	82.05252918287938	71.0
0	0	data/BGE00431_MGE-BGE_r1_1.3_1.5_s50_100.fasta	None	Chrysomelidae	BLAST	family	COI-5P	657	1536	Chrysomelidae	UNIFI1040-24_r_1.3_s_50	Aphthona nigriceps	0	UNIFI1040-24	1.3	50	False	False	4091325	1041	1282	1542	0.0	144.0	67.93968871595331	61.0
0	0	data/BGE00431_MGE-BGE_r1_1.3_1.5_s50_100.fasta	None	Chrysomelidae	BLAST	family	COI-5P	657	1536	Chrysomelidae	UNIFI1040-24_r_1.3_s_100	Aphthona nigriceps	0	UNIFI1040-24	1.3	100	False	False	4091325	810	1282	1542	0.0	118.0	61.250972762645915	59.0
0	0	data/BGE00431_MGE-BGE_r1_1.3_1.5_s50_100.fasta	None	Chrysomelidae	BLAST	family	COI-5P	657	1536	Chrysomelidae	UNIFI1040-24_r_1.5_s_50	Aphthona nigriceps	0	UNIFI1040-24	1.5	50	False	False	4091325	891	1282	1542	0.0	139.0	59.82295719844358	54.0
0	0	data/BGE00431_MGE-BGE_r1_1.3_1.5_s50_100.fasta	None	Chrysomelidae	BLAST	family	COI-5P	657	1536	Chrysomelidae	UNIFI1040-24_r_1.5_s_100	Aphthona nigriceps	0	UNIFI1040-24	1.5	100	False	False	4091325	737	1282	1542	0.0	115.0	55.36770428015564	52.0
7	17	data/BGE00431_MGE-BGE_r1_1.3_1.5_s50_100.fasta	None	Chrysomelidae	BLAST	family	COI-5P	657	1542	Chrysomelidae	UNIFI1041-24_r_1_s_50	Aphthona semicyanea	0	UNIFI1041-24	1	50	False	False	5777771	1060	299	1542	12.0	128.0	68.22178988326849	65.0
3	13	data/BGE00431_MGE-BGE_r1_1.3_1.5_s50_100.fasta	None	Chrysomelidae	BLAST	family	COI-5P	657	1542	Chrysomelidae	UNIFI1041-24_r_1_s_100	Aphthona semicyanea	0	UNIFI1041-24	1	100	False	False	5777771	793	299	1542	8.0	106.0	59.931906614785994	57.0
2	7	data/BGE00431_MGE-BGE_r1_1.3_1.5_s50_100.fasta	None	Chrysomelidae	BLAST	family	COI-5P	657	1542	Chrysomelidae	UNIFI1041-24_r_1.3_s_50	Aphthona semicyanea	0	UNIFI1041-24	1.3	50	False	False	5777771	888	299	1542	12.0	111.0	56.84630350194553	54.0
2	7	data/BGE00431_MGE-BGE_r1_1.3_1.5_s50_100.fasta	None	Chrysomelidae	BLAST	family	COI-5P	657	1542	Chrysomelidae	UNIFI1041-24_r_1.3_s_100	Aphthona semicyanea	0	UNIFI1041-24	1.3	100	False	False	5777771	713	299	1542	8.0	91.0	51.72762645914397	49.0
0	5	data/BGE00431_MGE-BGE_r1_1.3_1.5_s50_100.fasta	None	Chrysomelidae	BLAST	family	COI-5P	657	1542	Chrysomelidae	UNIFI1041-24_r_1.5_s_50	Aphthona semicyanea	0	UNIFI1041-24	1.5	50	False	False	5777771	748	299	1542	12.0	98.0	47.9124513618677	45.0
0	3	data/BGE00431_MGE-BGE_r1_1.3_1.5_s50_100.fasta	None	Chrysomelidae	BLAST	family	COI-5P	657	1542	Chrysomelidae	UNIFI1041-24_r_1.5_s_100	Aphthona semicyanea	0	UNIFI1041-24	1.5	100	False	False	5777771	613	299	1542	8.0	82.0	44.11089494163424	41.5
0	0	data/BGE00431_MGE-BGE_r1_1.3_1.5_s50_100.fasta	None	Chrysomelidae	BLAST	family	COI-5P	657	1542	Chrysomelidae	UNIFI1042-24_r_1_s_50	Bruchidius ater	0	UNIFI1042-24	1	50	False	False	5909665	17315	2356	1542	229.0	2348.0	826.4785992217899	638.5
1	1	data/BGE00431_MGE-BGE_r1_1.3_1.5_s50_100.fasta	None	Chrysomelidae	BLAST	family	COI-5P	657	1542	Chrysomelidae	UNIFI1042-24_r_1_s_100	Bruchidius ater	0	UNIFI1042-24	1	100	False	False	5909665	11504	2356	1542	73.0	2011.0	641.6867704280156	459.5
0	0	data/BGE00431_MGE-BGE_r1_1.3_1.5_s50_100.fasta	None	Chrysomelidae	BLAST	family	COI-5P	657	1542	Chrysomelidae	UNIFI1042-24_r_1.3_s_50	Bruchidius ater	0	UNIFI1042-24	1.3	50	False	False	5909665	16748	2356	1542	193.0	2254.0	782.204280155642	613.5
0	0	data/BGE00431_MGE-BGE_r1_1.3_1.5_s50_100.fasta	None	Chrysomelidae	BLAST	family	COI-5P	657	1542	Chrysomelidae	UNIFI1042-24_r_1.3_s_100	Bruchidius ater	0	UNIFI1042-24	1.3	100	False	False	5909665	11159	2356	1542	73.0	1912.0	606.1673151750973	433.5
0	0	data/BGE00431_MGE-BGE_r1_1.3_1.5_s50_100.fasta	None	Chrysomelidae	BLAST	family	COI-5P	657	1542	Chrysomelidae	UNIFI1042-24_r_1.5_s_50	Bruchidius ater	0	UNIFI1042-24	1.5	50	False	False	5909665	16091	2356	1542	138.0	2183.0	752.3463035019455	601.5
0	0	data/BGE00431_MGE-BGE_r1_1.3_1.5_s50_100.fasta	None	Chrysomelidae	BLAST	family	COI-5P	657	1542	Chrysomelidae	UNIFI1042-24_r_1.5_s_100	Bruchidius ater	0	UNIFI1042-24	1.5	100	False	False	5909665	10966	2356	1542	67.0	1841.0	591.3501945525292	429.5
0	0	data/BGE00431_MGE-BGE_r1_1.3_1.5_s50_100.fasta	None	Chrysomelidae	BLAST	family	COI-5P	657	1542	Chrysomelidae	UNIFI1043-24_r_1_s_50	Bruchidius ater	0	UNIFI1043-24	1	50	False	False	4334902	28319	1340	1542	742.0	2877.0	1696.1439688715952	1551.5
0	0	data/BGE00431_MGE-BGE_r1_1.3_1.5_s50_100.fasta	None	Chrysomelidae	BLAST	family	COI-5P	657	1542	Chrysomelidae	UNIFI1043-24_r_1_s_100	Bruchidius ater	0	UNIFI1043-24	1	100	False	False	4334902	23203	1340	1542	366.0	2532.0	1530.330739299611	1428.0
0	0	data/BGE00431_MGE-BGE_r1_1.3_1.5_s50_100.fasta	None	Chrysomelidae	BLAST	family	COI-5P	657	1542	Chrysomelidae	UNIFI1043-24_r_1.3_s_50	Bruchidius ater	0	UNIFI1043-24	1.3	50	False	False	4334902	27830	1340	1542	724.0	2871.0	1661.408560311284	1524.0
0	0	data/BGE00431_MGE-BGE_r1_1.3_1.5_s50_100.fasta	None	Chrysomelidae	BLAST	family	COI-5P	657	1542	Chrysomelidae	UNIFI1043-24_r_1.3_s_100	Bruchidius ater	0	UNIFI1043-24	1.3	100	False	False	4334902	22937	1340	1542	366.0	2527.0	1504.546692607004	1394.0
0	0	data/BGE00431_MGE-BGE_r1_1.3_1.5_s50_100.fasta	None	Chrysomelidae	BLAST	family	COI-5P	657	1542	Chrysomelidae	UNIFI1043-24_r_1.5_s_50	Bruchidius ater	0	UNIFI1043-24	1.5	50	False	False	4334902	26836	1340	1542	614.0	2839.0	1612.953307392996	1488.0
0	0	data/BGE00431_MGE-BGE_r1_1.3_1.5_s50_100.fasta	None	Chrysomelidae	BLAST	family	COI-5P	657	1542	Chrysomelidae	UNIFI1043-24_r_1.5_s_100	Bruchidius ater	0	UNIFI1043-24	1.5	100	False	False	4334902	22437	1340	1542	359.0	2525.0	1472.842412451362	1374.0
0	0	data/BGE00431_MGE-BGE_r1_1.3_1.5_s50_100.fasta	None	Chrysomelidae	BLAST	family	COI-5P	657	1542	Chrysomelidae	UNIFI1044-24_r_1_s_50	Bruchidius ater	0	UNIFI1044-24	1	50	False	False	4114127	12668	1131	1542	153.0	1737.0	583.4182879377432	450.0
0	0	data/BGE00431_MGE-BGE_r1_1.3_1.5_s50_100.fasta	None	Chrysomelidae	BLAST	family	COI-5P	657	1542	Chrysomelidae	UNIFI1044-24_r_1_s_100	Bruchidius ater	0	UNIFI1044-24	1	100	False	False	4114127	8050	1131	1542	45.0	1278.0	436.97859922178986	326.5
0	0	data/BGE00431_MGE-BGE_r1_1.3_1.5_s50_100.fasta	None	Chrysomelidae	BLAST	family	COI-5P	657	1542	Chrysomelidae	UNIFI1044-24_r_1.3_s_50	Bruchidius ater	0	UNIFI1044-24	1.3	50	False	False	4114127	12235	1131	1542	141.0	1737.0	551.5564202334631	418.0
0	0	data/BGE00431_MGE-BGE_r1_1.3_1.5_s50_100.fasta	None	Chrysomelidae	BLAST	family	COI-5P	657	1542	Chrysomelidae	UNIFI1044-24_r_1.3_s_100	Bruchidius ater	0	UNIFI1044-24	1.3	100	False	False	4114127	7793	1131	1542	45.0	1278.0	411.75291828793775	299.0
0	0	data/BGE00431_MGE-BGE_r1_1.3_1.5_s50_100.fasta	None	Chrysomelidae	BLAST	family	COI-5P	657	1542	Chrysomelidae	UNIFI1044-24_r_1.5_s_50	Bruchidius ater	0	UNIFI1044-24	1.5	50	False	False	4114127	11606	1131	1542	112.0	1539.0	527.7412451361868	406.5
0	0	data/BGE00431_MGE-BGE_r1_1.3_1.5_s50_100.fasta	None	Chrysomelidae	BLAST	family	COI-5P	657	1542	Chrysomelidae	UNIFI1044-24_r_1.5_s_100	Bruchidius ater	0	UNIFI1044-24	1.5	100	False	False	4114127	7671	1131	1542	45.0	1217.0	404.26070038910507	296.0
18	26	data/BGE00431_MGE-BGE_r1_1.3_1.5_s50_100.fasta	None	Chrysomelidae	BLAST	family	COI-5P	656	1542	Chrysomelidae	UNIFI1045-24_r_1_s_50	Bruchidius bimaculatus	0	UNIFI1045-24	1	50	False	False	3002512	2763	862	1542	27.0	310.0	143.6147859922179	137.5
24	32	data/BGE00431_MGE-BGE_r1_1.3_1.5_s50_100.fasta	None	Chrysomelidae	BLAST	family	COI-5P	656	1542	Chrysomelidae	UNIFI1045-24_r_1_s_100	Bruchidius bimaculatus	0	UNIFI1045-24	1	100	False	False	3002512	1882	862	1542	11.0	266.0	115.5	110.0
7	8	data/BGE00431_MGE-BGE_r1_1.3_1.5_s50_100.fasta	None	Chrysomelidae	BLAST	family	COI-5P	656	1542	Chrysomelidae	UNIFI1045-24_r_1.3_s_50	Bruchidius bimaculatus	0	UNIFI1045-24	1.3	50	False	False	3002512	2506	862	1542	23.0	264.0	124.21206225680933	113.5
4	5	data/BGE00431_MGE-BGE_r1_1.3_1.5_s50_100.fasta	None	Chrysomelidae	BLAST	family	COI-5P	656	1542	Chrysomelidae	UNIFI1045-24_r_1.3_s_100	Bruchidius bimaculatus	0	UNIFI1045-24	1.3	100	False	False	3002512	1726	862	1542	11.0	220.0	99.98054474708171	91.0
3	3	data/BGE00431_MGE-BGE_r1_1.3_1.5_s50_100.fasta	None	Chrysomelidae	BLAST	family	COI-5P	656	1542	Chrysomelidae	UNIFI1045-24_r_1.5_s_50	Bruchidius bimaculatus	0	UNIFI1045-24	1.5	50	False	False	3002512	2363	862	1542	23.0	252.0	117.23346303501945	105.0
2	2	data/BGE00431_MGE-BGE_r1_1.3_1.5_s50_100.fasta	None	Chrysomelidae	BLAST	family	COI-5P	656	1542	Chrysomelidae	UNIFI1045-24_r_1.5_s_100	Bruchidius bimaculatus	0	UNIFI1045-24	1.5	100	False	False	3002512	1677	862	1542	11.0	209.0	95.84241245136187	86.0
0	1	data/BGE00431_MGE-BGE_r1_1.3_1.5_s50_100.fasta	None	Cerambycidae	BLAST	family	COI-5P	657	1536	Cerambycidae	UNIFI951-24_r_1_s_50	Iberodorcadion circumcinctum	0	UNIFI951-24	1	50	False	False	1640540	4125	874	1542	0.0	598.0	239.795719844358	235.5
0	1	data/BGE00431_MGE-BGE_r1_1.3_1.5_s50_100.fasta	None	Cerambycidae	BLAST	family	COI-5P	657	1536	Cerambycidae	UNIFI951-24_r_1_s_100	Iberodorcadion circumcinctum	0	UNIFI951-24	1	100	False	False	1640540	3263	874	1542	0.0	573.0	209.43579766536965	195.5
0	0	data/BGE00431_MGE-BGE_r1_1.3_1.5_s50_100.fasta	None	Cerambycidae	BLAST	family	COI-5P	657	1530	Cerambycidae	UNIFI951-24_r_1.3_s_50	Iberodorcadion circumcinctum	0	UNIFI951-24	1.3	50	False	False	1640540	3798	874	1542	0.0	570.0	218.77626459143968	201.0
0	0	data/BGE00431_MGE-BGE_r1_1.3_1.5_s50_100.fasta	None	Cerambycidae	BLAST	family	COI-5P	657	1530	Cerambycidae	UNIFI951-24_r_1.3_s_100	Iberodorcadion circumcinctum	0	UNIFI951-24	1.3	100	False	False	1640540	3090	874	1542	0.0	549.0	194.63618677042803	167.5
0	0	data/BGE00431_MGE-BGE_r1_1.3_1.5_s50_100.fasta	None	Cerambycidae	BLAST	family	COI-5P	657	1521	Cerambycidae	UNIFI951-24_r_1.5_s_50	Iberodorcadion circumcinctum	0	UNIFI951-24	1.5	50	False	False	1640540	3000	874	1542	0.0	565.0	170.48054474708172	128.0
0	0	data/BGE00431_MGE-BGE_r1_1.3_1.5_s50_100.fasta	None	Cerambycidae	BLAST	family	COI-5P	657	1521	Cerambycidae	UNIFI951-24_r_1.5_s_100	Iberodorcadion circumcinctum	0	UNIFI951-24	1.5	100	False	False	1640540	2510	874	1542	0.0	544.0	154.9533073929961	115.5
30	66	data/BGE00431_MGE-BGE_r1_1.3_1.5_s50_100.fasta	None	Cerambycidae	BLAST	family	COI-5P	643	1437	Ephemerellidae	UNIFI952-24_r_1_s_50	Iberodorcadion circumcinctum	0	UNIFI952-24	1	50	False	False	1382878	290	297	1542	0.0	71.0	18.204280155642024	15.0
21	41	data/BGE00431_MGE-BGE_r1_1.3_1.5_s50_100.fasta	None	Cerambycidae	BLAST	family	COI-5P	547	1302	Ephemerellidae	UNIFI952-24_r_1_s_100	Iberodorcadion circumcinctum	0	UNIFI952-24	1	100	False	False	1382878	156	297	1542	0.0	47.0	13.558365758754864	11.0
7	45	data/BGE00431_MGE-BGE_r1_1.3_1.5_s50_100.fasta	None	Cerambycidae	BLAST	family	COI-5P	565	1230	Ephemerellidae	UNIFI952-24_r_1.3_s_50	Iberodorcadion circumcinctum	0	UNIFI952-24	1.3	50	False	False	1382878	110	297	1542	0.0	34.0	6.229571984435798	4.0
7	50	data/BGE00431_MGE-BGE_r1_1.3_1.5_s50_100.fasta	None	Cerambycidae	BLAST	family	COI-5P	472	990	Ephemerellidae	UNIFI952-24_r_1.3_s_100	Iberodorcadion circumcinctum	0	UNIFI952-24	1.3	100	False	False	1382878	58	297	1542	0.0	26.0	4.6050583657587545	2.0
0	19	data/BGE00431_MGE-BGE_r1_1.3_1.5_s50_100.fasta	None	Cerambycidae	BLAST	family	COI-5P	288	822	Ephemerellidae	UNIFI952-24_r_1.5_s_50	Iberodorcadion circumcinctum	0	UNIFI952-24	1.5	50	False	False	1382878	53	297	1542	0.0	15.0	3.0136186770428015	1.0
0	26	data/BGE00431_MGE-BGE_r1_1.3_1.5_s50_100.fasta	None	Cerambycidae	BLAST	family	COI-5P	239	630	Ephemerellidae	UNIFI952-24_r_1.5_s_100	Iberodorcadion circumcinctum	0	UNIFI952-24	1.5	100	False	False	1382878	29	297	1542	0.0	13.0	2.291828793774319	0.0
0	0	data/BGE00431_MGE-BGE_r1_1.3_1.5_s50_100.fasta	None	Cerambycidae	BLAST	family	COI-5P	657	1530	Cerambycidae	UNIFI953-24_r_1_s_50	Iberodorcadion marmottani	0	UNIFI953-24	1	50	False	False	3937937	770	216	1542	0.0	93.0	50.054474708171206	46.0
0	0	data/BGE00431_MGE-BGE_r1_1.3_1.5_s50_100.fasta	None	Cerambycidae	BLAST	family	COI-5P	657	1530	Cerambycidae	UNIFI953-24_r_1_s_100	Iberodorcadion marmottani	0	UNIFI953-24	1	100	False	False	3937937	616	216	1542	0.0	76.0	44.92801556420233	41.5
0	0	data/BGE00431_MGE-BGE_r1_1.3_1.5_s50_100.fasta	None	Cerambycidae	BLAST	family	COI-5P	657	1530	Cerambycidae	UNIFI953-24_r_1.3_s_50	Iberodorcadion marmottani	0	UNIFI953-24	1.3	50	False	False	3937937	685	216	1542	0.0	78.0	45.68287937743191	41.5
0	0	data/BGE00431_MGE-BGE_r1_1.3_1.5_s50_100.fasta	None	Cerambycidae	BLAST	family	COI-5P	657	1530	Cerambycidae	UNIFI953-24_r_1.3_s_100	Iberodorcadion marmottani	0	UNIFI953-24	1.3	100	False	False	3937937	588	216	1542	0.0	73.0	42.66147859922179	39.0
0	0	data/BGE00431_MGE-BGE_r1_1.3_1.5_s50_100.fasta	None	Cerambycidae	BLAST	family	COI-5P	657	1515	Cerambycidae	UNIFI953-24_r_1.5_s_50	Iberodorcadion marmottani	0	UNIFI953-24	1.5	50	False	False	3937937	522	216	1542	0.0	75.0	34.978599221789885	33.0
0	0	data/BGE00431_MGE-BGE_r1_1.3_1.5_s50_100.fasta	None	Cerambycidae	BLAST	family	COI-5P	657	1500	Cerambycidae	UNIFI953-24_r_1.5_s_100	Iberodorcadion marmottani	0	UNIFI953-24	1.5	100	False	False	3937937	455	216	1542	0.0	73.0	32.99610894941634	32.0
0	0	data/BGE00431_MGE-BGE_r1_1.3_1.5_s50_100.fasta	None	Cerambycidae	BLAST	family	COI-5P	657	1542	Cerambycidae	UNIFI954-24_r_1_s_50	Icosium tomentosum	0	UNIFI954-24	1	50	False	False	4749460	3386	917	1542	1.0	343.0	273.4027237354086	273.0
0	0	data/BGE00431_MGE-BGE_r1_1.3_1.5_s50_100.fasta	None	Cerambycidae	BLAST	family	COI-5P	657	1533	Cerambycidae	UNIFI954-24_r_1_s_100	Icosium tomentosum	0	UNIFI954-24	1	100	False	False	4749460	3071	917	1542	0.0	334.0	263.32684824902725	263.0
0	0	data/BGE00431_MGE-BGE_r1_1.3_1.5_s50_100.fasta	None	Cerambycidae	BLAST	family	COI-5P	657	1542	Cerambycidae	UNIFI954-24_r_1.3_s_50	Icosium tomentosum	0	UNIFI954-24	1.3	50	False	False	4749460	3110	917	1542	1.0	338.0	253.33073929961088	260.0
0	0	data/BGE00431_MGE-BGE_r1_1.3_1.5_s50_100.fasta	None	Cerambycidae	BLAST	family	COI-5P	657	1533	Cerambycidae	UNIFI954-24_r_1.3_s_100	Icosium tomentosum	0	UNIFI954-24	1.3	100	False	False	4749460	2857	917	1542	0.0	331.0	245.61867704280155	255.0
0	0	data/BGE00431_MGE-BGE_r1_1.3_1.5_s50_100.fasta	None	Cerambycidae	BLAST	family	COI-5P	657	1521	Cerambycidae,Dermestidae	UNIFI954-24_r_1.5_s_50	Icosium tomentosum	0	UNIFI954-24	1.5	50	False	False	4749460	2670	917	1542	0.0	325.0	219.72762645914398	245.0
0	0	data/BGE00431_MGE-BGE_r1_1.3_1.5_s50_100.fasta	None	Cerambycidae	BLAST	family	COI-5P	657	1521	Cerambycidae,Dermestidae	UNIFI954-24_r_1.5_s_100	Icosium tomentosum	0	UNIFI954-24	1.5	100	False	False	4749460	2463	917	1542	0.0	311.0	213.75097276264592	240.0
2	2	data/BGE00431_MGE-BGE_r1_1.3_1.5_s50_100.fasta	None	Cerambycidae	BLAST	family	COI-5P	656	1533	Staphylinidae,Cerambycidae	UNIFI955-24_r_1_s_50	Isotomus barbarae	0	UNIFI955-24	1	50	False	False	4169001	798	473	1533	15.0	85.0	50.84148727984344	51.0
0	3	data/BGE00431_MGE-BGE_r1_1.3_1.5_s50_100.fasta	None	Cerambycidae	BLAST	family	COI-5P	656	1533	Staphylinidae,Scarabaeidae,Cerambycidae	UNIFI955-24_r_1_s_100	Isotomus barbarae	0	UNIFI955-24	1	100	False	False	4169001	603	473	1533	13.0	66.0	44.01565557729941	44.0
0	0	data/BGE00431_MGE-BGE_r1_1.3_1.5_s50_100.fasta	None	Cerambycidae	BLAST	family	COI-5P	656	1533	Staphylinidae,Cerambycidae	UNIFI955-24_r_1.3_s_50	Isotomus barbarae	0	UNIFI955-24	1.3	50	False	False	4169001	631	473	1533	5.0	63.0	38.776908023483365	37.0
0	0	data/BGE00431_MGE-BGE_r1_1.3_1.5_s50_100.fasta	None	Cerambycidae	BLAST	family	COI-5P	656	1533	Staphylinidae,Cerambycidae	UNIFI955-24_r_1.3_s_100	Isotomus barbarae	0	UNIFI955-24	1.3	100	False	False	4169001	507	473	1533	5.0	59.0	34.731898238747554	34.0
0	0	data/BGE00431_MGE-BGE_r1_1.3_1.5_s50_100.fasta	None	Cerambycidae	BLAST	family	COI-5P	656	1503	Staphylinidae,Chrysomelidae,Cerambycidae	UNIFI955-24_r_1.5_s_50	Isotomus barbarae	0	UNIFI955-24	1.5	50	False	False	4169001	544	473	1533	0.0	60.0	33.57729941291585	34.0
0	0	data/BGE00431_MGE-BGE_r1_1.3_1.5_s50_100.fasta	None	Cerambycidae	BLAST	family	COI-5P	656	1437	Staphylinidae,Chrysomelidae,Cerambycidae	UNIFI955-24_r_1.5_s_100	Isotomus barbarae	0	UNIFI955-24	1.5	100	False	False	4169001	445	473	1533	0.0	57.0	30.391389432485322	31.0
0	0	data/BGE00431_MGE-BGE_r1_1.3_1.5_s50_100.fasta	None	Cerambycidae	BLAST	family	COI-5P	656	1533	Cerambycidae	UNIFI956-24_r_1_s_50	Isotomus speciosus	0	UNIFI956-24	1	50	False	False	5432829	1227	406	1533	43.0	113.0	83.36203522504893	84.0
0	0	data/BGE00431_MGE-BGE_r1_1.3_1.5_s50_100.fasta	None	Cerambycidae	BLAST	family	COI-5P	656	1533	Cerambycidae	UNIFI956-24_r_1_s_100	Isotomus speciosus	0	UNIFI956-24	1	100	False	False	5432829	1006	406	1533	39.0	104.0	76.06457925636008	75.0
0	0	data/BGE00431_MGE-BGE_r1_1.3_1.5_s50_100.fasta	None	Cerambycidae	BLAST	family	COI-5P	656	1533	Cerambycidae	UNIFI956-24_r_1.3_s_50	Isotomus speciosus	0	UNIFI956-24	1.3	50	False	False	5432829	1073	406	1533	35.0	105.0	73.29745596868885	73.0
0	0	data/BGE00431_MGE-BGE_r1_1.3_1.5_s50_100.fasta	None	Cerambycidae	BLAST	family	COI-5P	656	1533	Cerambycidae	UNIFI956-24_r_1.3_s_100	Isotomus speciosus	0	UNIFI956-24	1.3	100	False	False	5432829	929	406	1533	34.0	102.0	68.75146771037183	68.0
0	0	data/BGE00431_MGE-BGE_r1_1.3_1.5_s50_100.fasta	None	Cerambycidae	BLAST	family	COI-5P	656	1503	Cerambycidae	UNIFI956-24_r_1.5_s_50	Isotomus speciosus	0	UNIFI956-24	1.5	50	False	False	5432829	892	406	1533	0.0	104.0	61.608610567514674	67.0
0	0	data/BGE00431_MGE-BGE_r1_1.3_1.5_s50_100.fasta	None	Cerambycidae	BLAST	family	COI-5P	656	1455	Cerambycidae	UNIFI956-24_r_1.5_s_100	Isotomus speciosus	0	UNIFI956-24	1.5	100	False	False	5432829	795	406	1533	0.0	101.0	58.58708414872798	63.0
0	0	data/BGE00431_MGE-BGE_r1_1.3_1.5_s50_100.fasta	None	Cerambycidae	BLAST	family	COI-5P	656	1545	Cerambycidae	UNIFI957-24_r_1_s_50	Leiopus punctulatus	0	UNIFI957-24	1	50	False	False	3785454	1594	315	1545	42.0	179.0	90.83689320388349	87.0
0	0	data/BGE00431_MGE-BGE_r1_1.3_1.5_s50_100.fasta	None	Cerambycidae	BLAST	family	COI-5P	656	1545	Cerambycidae	UNIFI957-24_r_1_s_100	Leiopus punctulatus	0	UNIFI957-24	1	100	False	False	3785454	1155	315	1545	30.0	129.0	75.99417475728156	73.0
0	0	data/BGE00431_MGE-BGE_r1_1.3_1.5_s50_100.fasta	None	Cerambycidae	BLAST	family	COI-5P	656	1545	Cerambycidae	UNIFI957-24_r_1.3_s_50	Leiopus punctulatus	0	UNIFI957-24	1.3	50	False	False	3785454	1436	315	1545	31.0	150.0	81.09126213592234	78.0
0	0	data/BGE00431_MGE-BGE_r1_1.3_1.5_s50_100.fasta	None	Cerambycidae	BLAST	family	COI-5P	656	1545	Cerambycidae	UNIFI957-24_r_1.3_s_100	Leiopus punctulatus	0	UNIFI957-24	1.3	100	False	False	3785454	1076	315	1545	30.0	120.0	69.39611650485436	68.0
0	0	data/BGE00431_MGE-BGE_r1_1.3_1.5_s50_100.fasta	None	Cerambycidae	BLAST	family	COI-5P	656	1545	Cerambycidae	UNIFI957-24_r_1.5_s_50	Leiopus punctulatus	0	UNIFI957-24	1.5	50	False	False	3785454	953	315	1545	2.0	125.0	52.47378640776699	55.0
0	0	data/BGE00431_MGE-BGE_r1_1.3_1.5_s50_100.fasta	None	Cerambycidae	BLAST	family	COI-5P	656	1545	Cerambycidae	UNIFI957-24_r_1.5_s_100	Leiopus punctulatus	0	UNIFI957-24	1.5	100	False	False	3785454	724	315	1545	2.0	109.0	45.4873786407767	48.0
0	0	data/BGE00431_MGE-BGE_r1_1.3_1.5_s50_100.fasta	None	Cerambycidae	BLAST	family	COI-5P	656	1533	Staphylinidae,Cerambycidae	UNIFI958-24_r_1_s_50	Isotomus barbarae	0	UNIFI958-24	1	50	False	False	3907507	1640	276	1533	59.0	154.0	105.89236790606654	106.0
0	0	data/BGE00431_MGE-BGE_r1_1.3_1.5_s50_100.fasta	None	Cerambycidae	BLAST	family	COI-5P	656	1533	Staphylinidae,Cerambycidae	UNIFI958-24_r_1_s_100	Isotomus barbarae	0	UNIFI958-24	1	100	False	False	3907507	1317	276	1533	52.0	141.0	95.32681017612525	96.0
0	0	data/BGE00431_MGE-BGE_r1_1.3_1.5_s50_100.fasta	None	Cerambycidae	BLAST	family	COI-5P	656	1533	Staphylinidae,Cerambycidae	UNIFI958-24_r_1.3_s_50	Isotomus barbarae	0	UNIFI958-24	1.3	50	False	False	3907507	1479	276	1533	37.0	142.0	94.76516634050881	96.0
0	0	data/BGE00431_MGE-BGE_r1_1.3_1.5_s50_100.fasta	None	Cerambycidae	BLAST	family	COI-5P	656	1533	Staphylinidae,Cerambycidae	UNIFI958-24_r_1.3_s_100	Isotomus barbarae	0	UNIFI958-24	1.3	100	False	False	3907507	1204	276	1533	25.0	133.0	86.0	88.0
0	0	data/BGE00431_MGE-BGE_r1_1.3_1.5_s50_100.fasta	None	Cerambycidae	BLAST	family	COI-5P	656	1506	Staphylinidae,Chrysomelidae,Cerambycidae	UNIFI958-24_r_1.5_s_50	Isotomus barbarae	0	UNIFI958-24	1.5	50	False	False	3907507	1272	276	1533	0.0	138.0	81.31898238747554	87.0
0	0	data/BGE00431_MGE-BGE_r1_1.3_1.5_s50_100.fasta	None	Cerambycidae	BLAST	family	COI-5P	656	1437	Staphylinidae,Chrysomelidae,Cerambycidae	UNIFI958-24_r_1.5_s_100	Isotomus barbarae	0	UNIFI958-24	1.5	100	False	False	3907507	1059	276	1533	0.0	129.0	74.59295499021526	79.0
0	0	data/BGE00431_MGE-BGE_r1_1.3_1.5_s50_100.fasta	None	Cerambycidae	BLAST	family	COI-5P	655	1542	Cerambycidae	UNIFI959-24_r_1_s_50	Phytoecia cephalotes	0	UNIFI959-24	1	50	False	False	5944638	26391	655	1542	2.0	2800.0	1895.3988326848248	1885.5
0	0	data/BGE00431_MGE-BGE_r1_1.3_1.5_s50_100.fasta	None	Cerambycidae	BLAST	family	COI-5P	655	1542	Cerambycidae	UNIFI959-24_r_1_s_100	Phytoecia cephalotes	0	UNIFI959-24	1	100	False	False	5944638	22558	655	1542	1.0	2630.0	1771.8754863813228	1767.5
0	0	data/BGE00431_MGE-BGE_r1_1.3_1.5_s50_100.fasta	None	Cerambycidae	BLAST	family	COI-5P	655	1542	Cerambycidae	UNIFI959-24_r_1.3_s_50	Phytoecia cephalotes	0	UNIFI959-24	1.3	50	False	False	5944638	25905	655	1542	2.0	2799.0	1866.7003891050583	1858.0
0	0	data/BGE00431_MGE-BGE_r1_1.3_1.5_s50_100.fasta	None	Cerambycidae	BLAST	family	COI-5P	655	1542	Cerambycidae	UNIFI959-24_r_1.3_s_100	Phytoecia cephalotes	0	UNIFI959-24	1.3	100	False	False	5944638	22284	655	1542	1.0	2629.0	1751.7743190661479	1737.0
0	0	data/BGE00431_MGE-BGE_r1_1.3_1.5_s50_100.fasta	None	Cerambycidae	BLAST	family	COI-5P	655	1542	Cerambycidae	UNIFI959-24_r_1.5_s_50	Phytoecia cephalotes	0	UNIFI959-24	1.5	50	False	False	5944638	23082	655	1542	2.0	2788.0	1670.3560311284048	1693.5
0	0	data/BGE00431_MGE-BGE_r1_1.3_1.5_s50_100.fasta	None	Cerambycidae	BLAST	family	COI-5P	655	1542	Cerambycidae	UNIFI959-24_r_1.5_s_100	Phytoecia cephalotes	0	UNIFI959-24	1.5	100	False	False	5944638	20047	655	1542	1.0	2624.0	1576.2315175097276	1593.5
1	4	data/BGE00431_MGE-BGE_r1_1.3_1.5_s50_100.fasta	None	Cerambycidae	BLAST	family	COI-5P	657	1536	Cerambycidae	UNIFI960-24_r_1_s_50	Neodorcadion virleti	0	UNIFI960-24	1	50	False	False	1344350	2945	1529	1542	0.0	301.0	185.43774319066148	184.0
0	0	data/BGE00431_MGE-BGE_r1_1.3_1.5_s50_100.fasta	None	Cerambycidae	BLAST	family	COI-5P	657	1536	Cerambycidae	UNIFI960-24_r_1_s_100	Neodorcadion virleti	0	UNIFI960-24	1	100	False	False	1344350	2107	1529	1542	0.0	262.0	154.91634241245137	152.0
0	0	data/BGE00431_MGE-BGE_r1_1.3_1.5_s50_100.fasta	None	Cerambycidae	BLAST	family	COI-5P	657	1536	Cerambycidae	UNIFI960-24_r_1.3_s_50	Neodorcadion virleti	0	UNIFI960-24	1.3	50	False	False	1344350	2306	1529	1542	0.0	281.0	146.784046692607	144.5
0	0	data/BGE00431_MGE-BGE_r1_1.3_1.5_s50_100.fasta	None	Cerambycidae	BLAST	family	COI-5P	657	1536	Cerambycidae	UNIFI960-24_r_1.3_s_100	Neodorcadion virleti	0	UNIFI960-24	1.3	100	False	False	1344350	1817	1529	1542	0.0	246.0	130.99805447470817	127.5
0	0	data/BGE00431_MGE-BGE_r1_1.3_1.5_s50_100.fasta	None	Cerambycidae	BLAST	family	COI-5P	657	1527	Cerambycidae	UNIFI960-24_r_1.5_s_50	Neodorcadion virleti	0	UNIFI960-24	1.5	50	False	False	1344350	1680	1529	1542	0.0	250.0	109.46303501945525	106.0
0	0	data/BGE00431_MGE-BGE_r1_1.3_1.5_s50_100.fasta	None	Cerambycidae	BLAST	family	COI-5P	657	1527	Cerambycidae	UNIFI960-24_r_1.5_s_100	Neodorcadion virleti	0	UNIFI960-24	1.5	100	False	False	1344350	1405	1529	1542	0.0	235.0	100.76653696498055	100.0
9	9	data/BGE00431_MGE-BGE_r1_1.3_1.5_s50_100.fasta	None	Cerambycidae	BLAST	family	COI-5P	656	1542	Cerambycidae	UNIFI961-24_r_1_s_50	Oberea euphorbiae	0	UNIFI961-24	1	50	False	False	4570750	5691	143	1542	122.0	647.0	348.29377431906613	361.0
6	6	data/BGE00431_MGE-BGE_r1_1.3_1.5_s50_100.fasta	None	Cerambycidae	BLAST	family	COI-5P	656	1542	Cerambycidae	UNIFI961-24_r_1_s_100	Oberea euphorbiae	0	UNIFI961-24	1	100	False	False	4570750	4240	143	1542	65.0	616.0	300.0933852140078	307.0
3	3	data/BGE00431_MGE-BGE_r1_1.3_1.5_s50_100.fasta	None	Cerambycidae	BLAST	family	COI-5P	656	1542	Cerambycidae	UNIFI961-24_r_1.3_s_50	Oberea euphorbiae	0	UNIFI961-24	1.3	50	False	False	4570750	4863	143	1542	107.0	626.0	293.5719844357977	286.5
2	2	data/BGE00431_MGE-BGE_r1_1.3_1.5_s50_100.fasta	None	Cerambycidae	BLAST	family	COI-5P	656	1542	Cerambycidae	UNIFI961-24_r_1.3_s_100	Oberea euphorbiae	0	UNIFI961-24	1.3	100	False	False	4570750	3744	143	1542	65.0	598.0	259.02140077821014	255.5
0	0	data/BGE00431_MGE-BGE_r1_1.3_1.5_s50_100.fasta	None	Cerambycidae	BLAST	family	COI-5P	656	1542	Cerambycidae	UNIFI961-24_r_1.5_s_50	Oberea euphorbiae	0	UNIFI961-24	1.5	50	False	False	4570750	4177	143	1542	82.0	579.0	253.93385214007782	247.0
0	0	data/BGE00431_MGE-BGE_r1_1.3_1.5_s50_100.fasta	None	Cerambycidae	BLAST	family	COI-5P	656	1542	Cerambycidae	UNIFI961-24_r_1.5_s_100	Oberea euphorbiae	0	UNIFI961-24	1.5	100	False	False	4570750	3296	143	1542	65.0	552.0	227.8443579766537	227.0
22	24	data/BGE00431_MGE-BGE_r1_1.3_1.5_s50_100.fasta	None	Cerambycidae	BLAST	family	COI-5P	656	1542	Cerambycidae	UNIFI962-24_r_1_s_50	Oberea euphorbiae	0	UNIFI962-24	1	50	False	False	3837129	2499	193	1542	29.0	347.0	136.0136186770428	127.5
11	12	data/BGE00431_MGE-BGE_r1_1.3_1.5_s50_100.fasta	None	Cerambycidae	BLAST	family	COI-5P	656	1542	Cerambycidae	UNIFI962-24_r_1_s_100	Oberea euphorbiae	0	UNIFI962-24	1	100	False	False	3837129	1586	193	1542	6.0	304.0	105.59338521400778	93.0
8	10	data/BGE00431_MGE-BGE_r1_1.3_1.5_s50_100.fasta	None	Cerambycidae	BLAST	family	COI-5P	656	1542	Cerambycidae	UNIFI962-24_r_1.3_s_50	Oberea euphorbiae	0	UNIFI962-24	1.3	50	False	False	3837129	2067	193	1542	25.0	291.0	109.74902723735408	95.5
5	5	data/BGE00431_MGE-BGE_r1_1.3_1.5_s50_100.fasta	None	Cerambycidae	BLAST	family	COI-5P	656	1542	Cerambycidae	UNIFI962-24_r_1.3_s_100	Oberea euphorbiae	0	UNIFI962-24	1.3	100	False	False	3837129	1396	193	1542	6.0	257.0	88.76653696498055	73.5
6	6	data/BGE00431_MGE-BGE_r1_1.3_1.5_s50_100.fasta	None	Cerambycidae	BLAST	family	COI-5P	656	1542	Cerambycidae	UNIFI962-24_r_1.5_s_50	Oberea euphorbiae	0	UNIFI962-24	1.5	50	False	False	3837129	1734	193	1542	12.0	278.0	92.82295719844358	80.0
1	1	data/BGE00431_MGE-BGE_r1_1.3_1.5_s50_100.fasta	None	Cerambycidae	BLAST	family	COI-5P	656	1542	Cerambycidae	UNIFI962-24_r_1.5_s_100	Oberea euphorbiae	0	UNIFI962-24	1.5	100	False	False	3837129	1233	193	1542	6.0	250.0	77.76264591439688	62.5
0	1	data/BGE00431_MGE-BGE_r1_1.3_1.5_s50_100.fasta	None	Cerambycidae	BLAST	family	COI-5P	657	1542	Cerambycidae	UNIFI963-24_r_1_s_50	Phytoecia coerulescens	0	UNIFI963-24	1	50	False	False	4323071	15810	532	1542	1.0	1720.0	1242.943579766537	1280.5
0	0	data/BGE00431_MGE-BGE_r1_1.3_1.5_s50_100.fasta	None	Cerambycidae	BLAST	family	COI-5P	657	1536	Cerambycidae	UNIFI963-24_r_1_s_100	Phytoecia coerulescens	0	UNIFI963-24	1	100	False	False	4323071	14304	532	1542	0.0	1690.0	1194.5214007782101	1231.0
0	1	data/BGE00431_MGE-BGE_r1_1.3_1.5_s50_100.fasta	None	Cerambycidae	BLAST	family	COI-5P	657	1542	Cerambycidae	UNIFI963-24_r_1.3_s_50	Phytoecia coerulescens	0	UNIFI963-24	1.3	50	False	False	4323071	15500	532	1542	1.0	1714.0	1222.3054474708172	1241.0
0	0	data/BGE00431_MGE-BGE_r1_1.3_1.5_s50_100.fasta	None	Cerambycidae	BLAST	family	COI-5P	657	1536	Cerambycidae	UNIFI963-24_r_1.3_s_100	Phytoecia coerulescens	0	UNIFI963-24	1.3	100	False	False	4323071	14085	532	1542	0.0	1684.0	1177.8210116731518	1202.5
0	1	data/BGE00431_MGE-BGE_r1_1.3_1.5_s50_100.fasta	None	Cerambycidae	BLAST	family	COI-5P	657	1542	Cerambycidae	UNIFI963-24_r_1.5_s_50	Phytoecia coerulescens	0	UNIFI963-24	1.5	50	False	False	4323071	13620	532	1542	1.0	1613.0	1078.2548638132296	1138.5
0	0	data/BGE00431_MGE-BGE_r1_1.3_1.5_s50_100.fasta	None	Cerambycidae	BLAST	family	COI-5P	657	1536	Cerambycidae	UNIFI963-24_r_1.5_s_100	Phytoecia coerulescens	0	UNIFI963-24	1.5	100	False	False	4323071	12484	532	1542	0.0	1604.0	1042.3813229571983	1103.0
0	0	data/BGE00431_MGE-BGE_r1_1.3_1.5_s50_100.fasta	None	Cerambycidae	BLAST	family	COI-5P	657	1542	Cerambycidae	UNIFI964-24_r_1_s_50	Phytoecia coerulescens	0	UNIFI964-24	1	50	False	False	3709842	32975	831	1542	3.0	3716.0	2312.3346303501944	2293.0
0	2	data/BGE00431_MGE-BGE_r1_1.3_1.5_s50_100.fasta	None	Cerambycidae	BLAST	family	COI-5P	657	1542	Cerambycidae	UNIFI964-24_r_1_s_100	Phytoecia coerulescens	0	UNIFI964-24	1	100	False	False	3709842	29068	831	1542	2.0	3675.0	2184.1906614785994	2166.0
0	0	data/BGE00431_MGE-BGE_r1_1.3_1.5_s50_100.fasta	None	Cerambycidae	BLAST	family	COI-5P	657	1542	Cerambycidae	UNIFI964-24_r_1.3_s_50	Phytoecia coerulescens	0	UNIFI964-24	1.3	50	False	False	3709842	32109	831	1542	3.0	3693.0	2256.173151750973	2138.0
0	2	data/BGE00431_MGE-BGE_r1_1.3_1.5_s50_100.fasta	None	Cerambycidae	BLAST	family	COI-5P	657	1542	Cerambycidae	UNIFI964-24_r_1.3_s_100	Phytoecia coerulescens	0	UNIFI964-24	1.3	100	False	False	3709842	28498	831	1542	2.0	3661.0	2140.873540856031	2028.5
0	2	data/BGE00431_MGE-BGE_r1_1.3_1.5_s50_100.fasta	None	Cerambycidae	BLAST	family	COI-5P	657	1542	Cerambycidae	UNIFI964-24_r_1.5_s_50	Phytoecia coerulescens	0	UNIFI964-24	1.5	50	False	False	3709842	27619	831	1542	2.0	3683.0	1951.9863813229572	1915.0
0	2	data/BGE00431_MGE-BGE_r1_1.3_1.5_s50_100.fasta	None	Cerambycidae	BLAST	family	COI-5P	657	1542	Cerambycidae	UNIFI964-24_r_1.5_s_100	Phytoecia coerulescens	0	UNIFI964-24	1.5	100	False	False	3709842	24891	831	1542	2.0	3651.0	1866.035019455253	1871.5
3	5	data/BGE00431_MGE-BGE_r1_1.3_1.5_s50_100.fasta	None	Cerambycidae	BLAST	family	COI-5P	657	1536	Culicidae,Syrphidae,Drosophilidae	UNIFI965-24_r_1_s_50	Phytoecia coerulescens	0	UNIFI965-24	1	50	False	False	3961234	6395	1876	1542	0.0	723.0	339.64980544747084	351.5
2	7	data/BGE00431_MGE-BGE_r1_1.3_1.5_s50_100.fasta	None	Cerambycidae	BLAST	family	COI-5P	657	1536	Syrphidae,Muscidae,Anthomyiidae	UNIFI965-24_r_1_s_100	Phytoecia coerulescens	0	UNIFI965-24	1	100	False	False	3961234	3024	1876	1542	0.0	453.0	220.35214007782102	221.0
0	0	data/BGE00431_MGE-BGE_r1_1.3_1.5_s50_100.fasta	None	Cerambycidae	BLAST	family	COI-5P	657	1536	Cerambycidae	UNIFI965-24_r_1.3_s_50	Phytoecia coerulescens	0	UNIFI965-24	1.3	50	False	False	3961234	3654	1876	1542	0.0	505.0	196.23929961089493	162.0
1	1	data/BGE00431_MGE-BGE_r1_1.3_1.5_s50_100.fasta	None	Cerambycidae	BLAST	family	COI-5P	657	1536	Cerambycidae	UNIFI965-24_r_1.3_s_100	Phytoecia coerulescens	0	UNIFI965-24	1.3	100	False	False	3961234	2060	1876	1542	0.0	338.0	148.43774319066148	107.0
0	0	data/BGE00431_MGE-BGE_r1_1.3_1.5_s50_100.fasta	None	Cerambycidae	BLAST	family	COI-5P	657	1527	Cerambycidae	UNIFI965-24_r_1.5_s_50	Phytoecia coerulescens	0	UNIFI965-24	1.5	50	False	False	3961234	2230	1876	1542	0.0	389.0	133.75291828793775	106.0
0	0	data/BGE00431_MGE-BGE_r1_1.3_1.5_s50_100.fasta	None	Cerambycidae	BLAST	family	COI-5P	657	1527	Cerambycidae	UNIFI965-24_r_1.5_s_100	Phytoecia coerulescens	0	UNIFI965-24	1.5	100	False	False	3961234	1534	1876	1542	0.0	325.0	114.62256809338521	95.0
0	2	data/BGE00431_MGE-BGE_r1_1.3_1.5_s50_100.fasta	None	Cerambycidae	BLAST	family	COI-5P	657	1533	Cerambycidae	UNIFI966-24_r_1_s_50	Opsilia molybdaena	0	UNIFI966-24	1	50	False	False	1236094	1716	326	1533	17.0	210.0	126.42857142857143	129.0
0	0	data/BGE00431_MGE-BGE_r1_1.3_1.5_s50_100.fasta	None	Cerambycidae	BLAST	family	COI-5P	657	1533	Cerambycidae	UNIFI966-24_r_1_s_100	Opsilia molybdaena	0	UNIFI966-24	1	100	False	False	1236094	1466	326	1533	10.0	198.0	118.32093933463797	121.0
0	2	data/BGE00431_MGE-BGE_r1_1.3_1.5_s50_100.fasta	None	Cerambycidae	BLAST	family	COI-5P	657	1533	Cerambycidae	UNIFI966-24_r_1.3_s_50	Opsilia molybdaena	0	UNIFI966-24	1.3	50	False	False	1236094	1587	326	1533	7.0	198.0	116.76908023483367	122.0
0	0	data/BGE00431_MGE-BGE_r1_1.3_1.5_s50_100.fasta	None	Cerambycidae	BLAST	family	COI-5P	657	1530	Cerambycidae	UNIFI966-24_r_1.3_s_100	Opsilia molybdaena	0	UNIFI966-24	1.3	100	False	False	1236094	1364	326	1533	0.0	188.0	109.7279843444227	116.0
0	2	data/BGE00431_MGE-BGE_r1_1.3_1.5_s50_100.fasta	None	Cerambycidae	BLAST	family	COI-5P	657	1533	Cerambycidae	UNIFI966-24_r_1.5_s_50	Opsilia molybdaena	0	UNIFI966-24	1.5	50	False	False	1236094	1397	326	1533	7.0	177.0	103.28767123287672	104.0
0	0	data/BGE00431_MGE-BGE_r1_1.3_1.5_s50_100.fasta	None	Cerambycidae	BLAST	family	COI-5P	657	1530	Cerambycidae	UNIFI966-24_r_1.5_s_100	Opsilia molybdaena	0	UNIFI966-24	1.5	100	False	False	1236094	1215	326	1533	0.0	168.0	97.6692759295499	100.0
0	0	data/BGE00431_MGE-BGE_r1_1.3_1.5_s50_100.fasta	None	Cerambycidae	BLAST	family	COI-5P	657	1533	Cerambycidae	UNIFI967-24_r_1_s_50	Opsilia molybdaena	0	UNIFI967-24	1	50	False	False	965601	1853	260	1533	1.0	289.0	127.55577299412916	117.0
0	0	data/BGE00431_MGE-BGE_r1_1.3_1.5_s50_100.fasta	None	Cerambycidae	BLAST	family	COI-5P	657	1530	Cerambycidae	UNIFI967-24_r_1_s_100	Opsilia molybdaena	0	UNIFI967-24	1	100	False	False	965601	1510	260	1533	0.0	280.0	116.56751467710372	106.0
0	0	data/BGE00431_MGE-BGE_r1_1.3_1.5_s50_100.fasta	None	Cerambycidae	BLAST	family	COI-5P	657	1533	Cerambycidae	UNIFI967-24_r_1.3_s_50	Opsilia molybdaena	0	UNIFI967-24	1.3	50	False	False	965601	1750	260	1533	1.0	287.0	120.42465753424658	110.0
0	0	data/BGE00431_MGE-BGE_r1_1.3_1.5_s50_100.fasta	None	Cerambycidae	BLAST	family	COI-5P	657	1530	Cerambycidae	UNIFI967-24_r_1.3_s_100	Opsilia molybdaena	0	UNIFI967-24	1.3	100	False	False	965601	1450	260	1533	0.0	278.0	111.19569471624266	102.0
0	0	data/BGE00431_MGE-BGE_r1_1.3_1.5_s50_100.fasta	None	Cerambycidae	BLAST	family	COI-5P	657	1533	Cerambycidae	UNIFI967-24_r_1.5_s_50	Opsilia molybdaena	0	UNIFI967-24	1.5	50	False	False	965601	1611	260	1533	1.0	275.0	112.2641878669276	102.0
0	0	data/BGE00431_MGE-BGE_r1_1.3_1.5_s50_100.fasta	None	Cerambycidae	BLAST	family	COI-5P	657	1530	Cerambycidae	UNIFI967-24_r_1.5_s_100	Opsilia molybdaena	0	UNIFI967-24	1.5	100	False	False	965601	1360	260	1533	0.0	266.0	104.67318982387475	94.0
0	0	data/BGE00431_MGE-BGE_r1_1.3_1.5_s50_100.fasta	None	Cerambycidae	BLAST	family	COI-5P	657	1530	Cerambycidae	UNIFI968-24_r_1_s_50	Opsilia molybdaena	0	UNIFI968-24	1	50	False	False	2445789	3786	400	1533	0.0	509.0	240.28180039138942	228.0
0	0	data/BGE00431_MGE-BGE_r1_1.3_1.5_s50_100.fasta	None	Cerambycidae	BLAST	family	COI-5P	657	1530	Cerambycidae	UNIFI968-24_r_1_s_100	Opsilia molybdaena	0	UNIFI968-24	1	100	False	False	2445789	3126	400	1533	0.0	482.0	218.3463796477495	201.0
0	0	data/BGE00431_MGE-BGE_r1_1.3_1.5_s50_100.fasta	None	Cerambycidae	BLAST	family	COI-5P	657	1530	Cerambycidae	UNIFI968-24_r_1.3_s_50	Opsilia molybdaena	0	UNIFI968-24	1.3	50	False	False	2445789	3546	400	1533	0.0	462.0	223.01761252446184	214.0
0	0	data/BGE00431_MGE-BGE_r1_1.3_1.5_s50_100.fasta	None	Cerambycidae	BLAST	family	COI-5P	657	1530	Cerambycidae	UNIFI968-24_r_1.3_s_100	Opsilia molybdaena	0	UNIFI968-24	1.3	100	False	False	2445789	2950	400	1533	0.0	448.0	203.6908023483366	189.0
0	0	data/BGE00431_MGE-BGE_r1_1.3_1.5_s50_100.fasta	None	Cerambycidae	BLAST	family	COI-5P	657	1530	Cerambycidae	UNIFI968-24_r_1.5_s_50	Opsilia molybdaena	0	UNIFI968-24	1.5	50	False	False	2445789	3174	400	1533	0.0	453.0	200.13502935420743	190.0
0	0	data/BGE00431_MGE-BGE_r1_1.3_1.5_s50_100.fasta	None	Cerambycidae	BLAST	family	COI-5P	657	1530	Cerambycidae	UNIFI968-24_r_1.5_s_100	Opsilia molybdaena	0	UNIFI968-24	1.5	100	False	False	2445789	2672	400	1533	0.0	441.0	184.24657534246575	167.0
0	0	data/BGE00431_MGE-BGE_r1_1.3_1.5_s50_100.fasta	None	Cerambycidae	BLAST	family	COI-5P	656	1533	Staphylinidae,Cerambycidae	UNIFI969-24_r_1_s_50	Neandra brunnea	0	UNIFI969-24	1	50	False	False	4201316	4447	1245	1536	0.0	465.0	283.755859375	283.0
0	0	data/BGE00431_MGE-BGE_r1_1.3_1.5_s50_100.fasta	None	Cerambycidae	BLAST	family	COI-5P	656	1527	Staphylinidae,Cerambycidae	UNIFI969-24_r_1_s_100	Neandra brunnea	0	UNIFI969-24	1	100	False	False	4201316	3603	1245	1536	0.0	446.0	255.96484375	256.0
0	1	data/BGE00431_MGE-BGE_r1_1.3_1.5_s50_100.fasta	None	Cerambycidae	BLAST	family	COI-5P	656	1533	Staphylinidae,Cerambycidae	UNIFI969-24_r_1.3_s_50	Neandra brunnea	0	UNIFI969-24	1.3	50	False	False	4201316	4161	1245	1536	0.0	457.0	264.677734375	262.0
0	1	data/BGE00431_MGE-BGE_r1_1.3_1.5_s50_100.fasta	None	Cerambycidae	BLAST	family	COI-5P	656	1527	Staphylinidae,Cerambycidae	UNIFI969-24_r_1.3_s_100	Neandra brunnea	0	UNIFI969-24	1.3	100	False	False	4201316	3425	1245	1536	0.0	442.0	241.44921875	239.0
0	0	data/BGE00431_MGE-BGE_r1_1.3_1.5_s50_100.fasta	None	Cerambycidae	BLAST	family	COI-5P	656	1527	Staphylinidae,Cerambycidae	UNIFI969-24_r_1.5_s_50	Neandra brunnea	0	UNIFI969-24	1.5	50	False	False	4201316	3317	1245	1536	0.0	369.0	211.8046875	223.0
0	0	data/BGE00431_MGE-BGE_r1_1.3_1.5_s50_100.fasta	None	Cerambycidae	BLAST	family	COI-5P	656	1521	Staphylinidae,Cerambycidae	UNIFI969-24_r_1.5_s_100	Neandra brunnea	0	UNIFI969-24	1.5	100	False	False	4201316	2756	1245	1536	0.0	347.0	195.01953125	206.0
7	40	data/BGE00431_MGE-BGE_r1_1.3_1.5_s50_100.fasta	None	Cerambycidae	BLAST	family	COI-5P	497	1290	Haliplidae,Chrysomelidae,Cerambycidae,Anthribidae,Anthomyiidae	UNIFI970-24_r_1_s_50	Parmena pubescens	0	UNIFI970-24	1	50	False	False	1604870	261	713	1533	0.0	114.0	18.73972602739726	15.0
5	27	data/BGE00431_MGE-BGE_r1_1.3_1.5_s50_100.fasta	None	Cerambycidae	BLAST	family	COI-5P	491	1161	Dytiscidae,Carabidae,Chrysomelidae,Pediciidae	UNIFI970-24_r_1_s_100	Parmena pubescens	0	UNIFI970-24	1	100	False	False	1604870	140	713	1533	0.0	57.0	14.53228962818004	12.0
7	10	data/BGE00431_MGE-BGE_r1_1.3_1.5_s50_100.fasta	None	Cerambycidae	BLAST	family	COI-5P	455	1080	Dytiscidae,Staphylinidae,Hydraenidae,Cerambycidae	UNIFI970-24_r_1.3_s_50	Parmena pubescens	0	UNIFI970-24	1.3	50	False	False	1604870	77	713	1533	0.0	21.0	4.181996086105675	4.0
0	0	data/BGE00431_MGE-BGE_r1_1.3_1.5_s50_100.fasta	None	Cerambycidae	BLAST	family	COI-5P	416	852	Dytiscidae,Staphylinidae,Hydraenidae,Cerambycidae	UNIFI970-24_r_1.3_s_100	Parmena pubescens	0	UNIFI970-24	1.3	100	False	False	1604870	42	713	1533	0.0	9.0	3.131115459882583	3.0
8	26	data/BGE00431_MGE-BGE_r1_1.3_1.5_s50_100.fasta	None	Cerambycidae	BLAST	family	COI-5P	419	996	Dytiscidae,Hydraenidae,Cerambycidae	UNIFI970-24_r_1.5_s_50	Parmena pubescens	0	UNIFI970-24	1.5	50	False	False	1604870	67	713	1533	0.0	21.0	3.755381604696673	3.0
0	18	data/BGE00431_MGE-BGE_r1_1.3_1.5_s50_100.fasta	None	Cerambycidae	BLAST	family	COI-5P	416	852	Dytiscidae,Hydraenidae,Cerambycidae	UNIFI970-24_r_1.5_s_100	Parmena pubescens	0	UNIFI970-24	1.5	100	False	False	1604870	40	713	1533	0.0	9.0	3.0058708414872797	2.0
0	0	data/BGE00431_MGE-BGE_r1_1.3_1.5_s50_100.fasta	None	Cerambycidae	BLAST	family	COI-5P	657	1533	Cerambycidae	UNIFI971-24_r_1_s_50	Parmena unifasciata	0	UNIFI971-24	1	50	False	False	6159531	1936	294	1533	60.0	160.0	102.28180039138944	100.0
0	0	data/BGE00431_MGE-BGE_r1_1.3_1.5_s50_100.fasta	None	Cerambycidae	BLAST	family	COI-5P	657	1533	Cerambycidae	UNIFI971-24_r_1_s_100	Parmena unifasciata	0	UNIFI971-24	1	100	False	False	6159531	1410	294	1533	34.0	137.0	84.93150684931507	86.0
0	0	data/BGE00431_MGE-BGE_r1_1.3_1.5_s50_100.fasta	None	Cerambycidae	BLAST	family	COI-5P	657	1533	Cerambycidae	UNIFI971-24_r_1.3_s_50	Parmena unifasciata	0	UNIFI971-24	1.3	50	False	False	6159531	1801	294	1533	13.0	145.0	95.85127201565558	98.0
0	0	data/BGE00431_MGE-BGE_r1_1.3_1.5_s50_100.fasta	None	Cerambycidae	BLAST	family	COI-5P	657	1533	Cerambycidae	UNIFI971-24_r_1.3_s_100	Parmena unifasciata	0	UNIFI971-24	1.3	100	False	False	6159531	1369	294	1533	13.0	137.0	82.12915851272015	85.0
0	0	data/BGE00431_MGE-BGE_r1_1.3_1.5_s50_100.fasta	None	Cerambycidae	BLAST	family	COI-5P	657	1518	Cerambycidae	UNIFI971-24_r_1.5_s_50	Parmena unifasciata	0	UNIFI971-24	1.5	50	False	False	6159531	1629	294	1533	0.0	135.0	87.53424657534246	93.0
0	0	data/BGE00431_MGE-BGE_r1_1.3_1.5_s50_100.fasta	None	Cerambycidae	BLAST	family	COI-5P	657	1518	Cerambycidae	UNIFI971-24_r_1.5_s_100	Parmena unifasciata	0	UNIFI971-24	1.5	100	False	False	6159531	1278	294	1533	0.0	124.0	76.48923679060665	82.0
1	14	data/BGE00431_MGE-BGE_r1_1.3_1.5_s50_100.fasta	None	Cerambycidae	BLAST	family	COI-5P	657	1533	Staphylinidae,Chrysomelidae,Cerambycidae	UNIFI972-24_r_1_s_50	Parmena unifasciata	0	UNIFI972-24	1	50	False	False	2091449	1351	336	1533	16.0	232.0	62.07240704500978	50.0
0	14	data/BGE00431_MGE-BGE_r1_1.3_1.5_s50_100.fasta	None	Cerambycidae	BLAST	family	COI-5P	657	1533	Cerambycidae	UNIFI972-24_r_1_s_100	Parmena unifasciata	0	UNIFI972-24	1	100	False	False	2091449	757	336	1533	4.0	188.0	42.18982387475538	30.0
0	0	data/BGE00431_MGE-BGE_r1_1.3_1.5_s50_100.fasta	None	Cerambycidae	BLAST	family	COI-5P	657	1527	Cerambycidae	UNIFI972-24_r_1.3_s_50	Parmena unifasciata	0	UNIFI972-24	1.3	50	False	False	2091449	1195	336	1533	0.0	227.0	53.36399217221135	43.0
0	0	data/BGE00431_MGE-BGE_r1_1.3_1.5_s50_100.fasta	None	Cerambycidae	BLAST	family	COI-5P	657	1527	Cerambycidae	UNIFI972-24_r_1.3_s_100	Parmena unifasciata	0	UNIFI972-24	1.3	100	False	False	2091449	693	336	1533	0.0	187.0	36.98825831702544	27.0
0	0	data/BGE00431_MGE-BGE_r1_1.3_1.5_s50_100.fasta	None	Cerambycidae	BLAST	family	COI-5P	657	1488	Cerambycidae	UNIFI972-24_r_1.5_s_50	Parmena unifasciata	0	UNIFI972-24	1.5	50	False	False	2091449	975	336	1533	0.0	143.0	43.172211350293544	34.0
0	0	data/BGE00431_MGE-BGE_r1_1.3_1.5_s50_100.fasta	None	Cerambycidae	BLAST	family	COI-5P	657	1488	Cerambycidae	UNIFI972-24_r_1.5_s_100	Parmena unifasciata	0	UNIFI972-24	1.5	100	False	False	2091449	589	336	1533	0.0	136.0	31.035225048923678	23.0
0	0	data/BGE00431_MGE-BGE_r1_1.3_1.5_s50_100.fasta	None	Cerambycidae	BLAST	family	COI-5P	657	1533	Cerambycidae	UNIFI973-24_r_1_s_50	Parmena unifasciata	0	UNIFI973-24	1	50	False	False	5611440	737	136	1533	26.0	90.0	47.477495107632095	44.0
0	0	data/BGE00431_MGE-BGE_r1_1.3_1.5_s50_100.fasta	None	Cerambycidae	BLAST	family	COI-5P	657	1533	Cerambycidae	UNIFI973-24_r_1_s_100	Parmena unifasciata	0	UNIFI973-24	1	100	False	False	5611440	576	136	1533	24.0	81.0	42.15851272015656	38.0
0	0	data/BGE00431_MGE-BGE_r1_1.3_1.5_s50_100.fasta	None	Cerambycidae	BLAST	family	COI-5P	657	1533	Cerambycidae	UNIFI973-24_r_1.3_s_50	Parmena unifasciata	0	UNIFI973-24	1.3	50	False	False	5611440	622	136	1533	14.0	78.0	41.14090019569472	38.0
0	0	data/BGE00431_MGE-BGE_r1_1.3_1.5_s50_100.fasta	None	Cerambycidae	BLAST	family	COI-5P	657	1533	Cerambycidae	UNIFI973-24_r_1.3_s_100	Parmena unifasciata	0	UNIFI973-24	1.3	100	False	False	5611440	524	136	1533	14.0	75.0	38.17025440313112	35.0
0	0	data/BGE00431_MGE-BGE_r1_1.3_1.5_s50_100.fasta	None	Cerambycidae	BLAST	family	COI-5P	657	1485	Cerambycidae	UNIFI973-24_r_1.5_s_50	Parmena unifasciata	0	UNIFI973-24	1.5	50	False	False	5611440	531	136	1533	0.0	73.0	35.160469667318985	33.0
0	0	data/BGE00431_MGE-BGE_r1_1.3_1.5_s50_100.fasta	None	Cerambycidae	BLAST	family	COI-5P	657	1485	Cerambycidae	UNIFI973-24_r_1.5_s_100	Parmena unifasciata	0	UNIFI973-24	1.5	100	False	False	5611440	450	136	1533	0.0	70.0	32.75538160469667	32.0
14	40	data/BGE00431_MGE-BGE_r1_1.3_1.5_s50_100.fasta	None	Cerambycidae	BLAST	family	COI-5P	648	1410	Tettigoniidae,Ulidiidae,Vespidae	UNIFI974-24_r_1_s_50	Phytoecia caerulea	0	UNIFI974-24	1	50	False	False	2785387	478	663	1542	0.0	120.0	34.20038910505836	31.0
8	35	data/BGE00431_MGE-BGE_r1_1.3_1.5_s50_100.fasta	None	Cerambycidae	BLAST	family	COI-5P	650	1356	Tettigoniidae,Acrididae,Curculionidae,Psychodidae,Ulidiidae,Vespidae	UNIFI974-24_r_1_s_100	Phytoecia caerulea	0	UNIFI974-24	1	100	False	False	2785387	295	663	1542	0.0	95.0	27.80739299610895	27.0
4	7	data/BGE00431_MGE-BGE_r1_1.3_1.5_s50_100.fasta	None	Cerambycidae	BLAST	family	COI-5P	569	1239	Acrididae,Nitidulidae,Curculionidae,Dermestidae,Bostrichidae,Ptinidae,Vespidae,Tetracampidae	UNIFI974-24_r_1.3_s_50	Phytoecia caerulea	0	UNIFI974-24	1.3	50	False	False	2785387	142	663	1542	0.0	60.0	8.348249027237355	6.0
4	6	data/BGE00431_MGE-BGE_r1_1.3_1.5_s50_100.fasta	None	Cerambycidae	BLAST	family	COI-5P	521	1107	Tettigoniidae,Nitidulidae,Curculionidae,Bostrichidae,Ptinidae,Ulidiidae,Vespidae,Tetracampidae	UNIFI974-24_r_1.3_s_100	Phytoecia caerulea	0	UNIFI974-24	1.3	100	False	False	2785387	73	663	1542	0.0	33.0	6.328793774319066	6.0
5	11	data/BGE00431_MGE-BGE_r1_1.3_1.5_s50_100.fasta	None	Cerambycidae	BLAST	family	COI-5P	183	462	Rhinotermitidae,Termitidae,Anthocoridae,Curculionidae	UNIFI974-24_r_1.5_s_50	Phytoecia caerulea	0	UNIFI974-24	1.5	50	False	False	2785387	70	663	1542	0.0	48.0	2.912451361867704	0.0
5	11	data/BGE00431_MGE-BGE_r1_1.3_1.5_s50_100.fasta	None	Cerambycidae	BLAST	family	COI-5P	174	372	Rhinotermitidae,Termitidae,Anthocoridae,Curculionidae	UNIFI974-24_r_1.5_s_100	Phytoecia caerulea	0	UNIFI974-24	1.5	100	False	False	2785387	19	663	1542	0.0	17.0	1.45136186770428	0.0
0	0	data/BGE00431_MGE-BGE_r1_1.3_1.5_s50_100.fasta	None	Cerambycidae	BLAST	family	COI-5P	655	1536	Cerambycidae	UNIFI975-24_r_1_s_50	Phytoecia caerulea	0	UNIFI975-24	1	50	False	False	2352729	23352	418	1542	0.0	3632.0	1478.715953307393	1354.5
0	0	data/BGE00431_MGE-BGE_r1_1.3_1.5_s50_100.fasta	None	Cerambycidae	BLAST	family	COI-5P	655	1536	Cerambycidae	UNIFI975-24_r_1_s_100	Phytoecia caerulea	0	UNIFI975-24	1	100	False	False	2352729	19676	418	1542	0.0	3524.0	1354.6964980544747	1211.5
0	0	data/BGE00431_MGE-BGE_r1_1.3_1.5_s50_100.fasta	None	Cerambycidae	BLAST	family	COI-5P	655	1536	Cerambycidae	UNIFI975-24_r_1.3_s_50	Phytoecia caerulea	0	UNIFI975-24	1.3	50	False	False	2352729	22752	418	1542	0.0	3626.0	1443.579766536965	1345.0
0	0	data/BGE00431_MGE-BGE_r1_1.3_1.5_s50_100.fasta	None	Cerambycidae	BLAST	family	COI-5P	655	1536	Cerambycidae	UNIFI975-24_r_1.3_s_100	Phytoecia caerulea	0	UNIFI975-24	1.3	100	False	False	2352729	19310	418	1542	0.0	3519.0	1329.8579766536966	1205.0
0	0	data/BGE00431_MGE-BGE_r1_1.3_1.5_s50_100.fasta	None	Cerambycidae	BLAST	family	COI-5P	655	1536	Cerambycidae	UNIFI975-24_r_1.5_s_50	Phytoecia caerulea	0	UNIFI975-24	1.5	50	False	False	2352729	19265	418	1542	0.0	3370.0	1223.4805447470817	1052.0
0	0	data/BGE00431_MGE-BGE_r1_1.3_1.5_s50_100.fasta	None	Cerambycidae	BLAST	family	COI-5P	655	1536	Cerambycidae	UNIFI975-24_r_1.5_s_100	Phytoecia caerulea	0	UNIFI975-24	1.5	100	False	False	2352729	16740	418	1542	0.0	3339.0	1142.1498054474707	940.0
0	0	data/BGE00431_MGE-BGE_r1_1.3_1.5_s50_100.fasta	None	Cerambycidae	BLAST	family	COI-5P	655	1536	Cerambycidae	UNIFI976-24_r_1_s_50	Phytoecia caerulea	0	UNIFI976-24	1	50	False	False	1287312	6464	497	1542	0.0	741.0	422.27237354085605	420.0
0	0	data/BGE00431_MGE-BGE_r1_1.3_1.5_s50_100.fasta	None	Cerambycidae	BLAST	family	COI-5P	655	1536	Cerambycidae	UNIFI976-24_r_1_s_100	Phytoecia caerulea	0	UNIFI976-24	1	100	False	False	1287312	5456	497	1542	0.0	687.0	388.36770428015564	393.0
0	0	data/BGE00431_MGE-BGE_r1_1.3_1.5_s50_100.fasta	None	Cerambycidae	BLAST	family	COI-5P	655	1536	Cerambycidae	UNIFI976-24_r_1.3_s_50	Phytoecia caerulea	0	UNIFI976-24	1.3	50	False	False	1287312	6217	497	1542	0.0	716.0	404.44747081712063	400.0
0	0	data/BGE00431_MGE-BGE_r1_1.3_1.5_s50_100.fasta	None	Cerambycidae	BLAST	family	COI-5P	655	1536	Cerambycidae	UNIFI976-24_r_1.3_s_100	Phytoecia caerulea	0	UNIFI976-24	1.3	100	False	False	1287312	5294	497	1542	0.0	662.0	373.89299610894943	378.0
0	0	data/BGE00431_MGE-BGE_r1_1.3_1.5_s50_100.fasta	None	Cerambycidae	BLAST	family	COI-5P	655	1536	Cerambycidae	UNIFI976-24_r_1.5_s_50	Phytoecia caerulea	0	UNIFI976-24	1.5	50	False	False	1287312	5448	497	1542	0.0	712.0	357.76070038910507	369.5
0	0	data/BGE00431_MGE-BGE_r1_1.3_1.5_s50_100.fasta	None	Cerambycidae	BLAST	family	COI-5P	655	1536	Cerambycidae	UNIFI976-24_r_1.5_s_100	Phytoecia caerulea	0	UNIFI976-24	1.5	100	False	False	1287312	4738	497	1542	0.0	662.0	334.34824902723733	346.5
8	30	data/BGE00431_MGE-BGE_r1_1.3_1.5_s50_100.fasta	None	Cerambycidae	BLAST	family	COI-5P	655	1536	Cerambycidae	UNIFI977-24_r_1_s_50	Phytoecia caerulea baccueti	0	UNIFI977-24	1	50	False	False	1498936	1133	304	1542	0.0	155.0	56.55058365758755	44.0
20	55	data/BGE00431_MGE-BGE_r1_1.3_1.5_s50_100.fasta	None	Cerambycidae	BLAST	family	COI-5P	655	1521	Cerambycidae	UNIFI977-24_r_1_s_100	Phytoecia caerulea baccueti	0	UNIFI977-24	1	100	False	False	1498936	636	304	1542	0.0	128.0	40.10311284046693	32.0
0	3	data/BGE00431_MGE-BGE_r1_1.3_1.5_s50_100.fasta	None	Cerambycidae	BLAST	family	COI-5P	655	1536	Cerambycidae	UNIFI977-24_r_1.3_s_50	Phytoecia caerulea baccueti	0	UNIFI977-24	1.3	50	False	False	1498936	964	304	1542	0.0	150.0	43.83463035019455	32.5
0	2	data/BGE00431_MGE-BGE_r1_1.3_1.5_s50_100.fasta	None	Cerambycidae	BLAST	family	COI-5P	655	1521	Cerambycidae	UNIFI977-24_r_1.3_s_100	Phytoecia caerulea baccueti	0	UNIFI977-24	1.3	100	False	False	1498936	526	304	1542	0.0	123.0	29.63035019455253	21.0
0	3	data/BGE00431_MGE-BGE_r1_1.3_1.5_s50_100.fasta	None	Cerambycidae	BLAST	family	COI-5P	655	1521	Cerambycidae	UNIFI977-24_r_1.5_s_50	Phytoecia caerulea baccueti	0	UNIFI977-24	1.5	50	False	False	1498936	744	304	1542	0.0	133.0	33.02918287937743	25.0
0	0	data/BGE00431_MGE-BGE_r1_1.3_1.5_s50_100.fasta	None	Cerambycidae	BLAST	family	COI-5P	655	1506	Cerambycidae	UNIFI977-24_r_1.5_s_100	Phytoecia caerulea baccueti	0	UNIFI977-24	1.5	100	False	False	1498936	435	304	1542	0.0	113.0	23.35603112840467	16.0
0	0	data/BGE00431_MGE-BGE_r1_1.3_1.5_s50_100.fasta	None	Cerambycidae	BLAST	family	COI-5P	655	1542	Cerambycidae	UNIFI978-24_r_1_s_50	Phytoecia caerulea baccueti	0	UNIFI978-24	1	50	False	False	3866846	13474	717	1542	3.0	1935.0	810.5739299610894	746.5
0	1	data/BGE00431_MGE-BGE_r1_1.3_1.5_s50_100.fasta	None	Cerambycidae	BLAST	family	COI-5P	655	1542	Cerambycidae	UNIFI978-24_r_1_s_100	Phytoecia caerulea baccueti	0	UNIFI978-24	1	100	False	False	3866846	10721	717	1542	1.0	1833.0	717.682879377432	658.0
0	0	data/BGE00431_MGE-BGE_r1_1.3_1.5_s50_100.fasta	None	Cerambycidae	BLAST	family	COI-5P	655	1542	Cerambycidae	UNIFI978-24_r_1.3_s_50	Phytoecia caerulea baccueti	0	UNIFI978-24	1.3	50	False	False	3866846	12928	717	1542	3.0	1930.0	779.1517509727627	690.0
0	1	data/BGE00431_MGE-BGE_r1_1.3_1.5_s50_100.fasta	None	Cerambycidae	BLAST	family	COI-5P	655	1542	Cerambycidae	UNIFI978-24_r_1.3_s_100	Phytoecia caerulea baccueti	0	UNIFI978-24	1.3	100	False	False	3866846	10416	717	1542	1.0	1830.0	696.4863813229572	596.5
0	1	data/BGE00431_MGE-BGE_r1_1.3_1.5_s50_100.fasta	None	Cerambycidae	BLAST	family	COI-5P	655	1542	Cerambycidae	UNIFI978-24_r_1.5_s_50	Phytoecia caerulea baccueti	0	UNIFI978-24	1.5	50	False	False	3866846	11169	717	1542	1.0	1827.0	676.1206225680934	569.0
0	1	data/BGE00431_MGE-BGE_r1_1.3_1.5_s50_100.fasta	None	Cerambycidae	BLAST	family	COI-5P	655	1542	Cerambycidae	UNIFI978-24_r_1.5_s_100	Phytoecia caerulea baccueti	0	UNIFI978-24	1.5	100	False	False	3866846	9248	717	1542	1.0	1774.0	614.2217898832685	500.0
0	0	data/BGE00431_MGE-BGE_r1_1.3_1.5_s50_100.fasta	None	Cerambycidae	BLAST	family	COI-5P	655	1539	Cerambycidae	UNIFI979-24_r_1_s_50	Phytoecia caerulea baccueti	0	UNIFI979-24	1	50	False	False	2784603	3512	629	1542	0.0	723.0	263.86770428015564	242.5
0	0	data/BGE00431_MGE-BGE_r1_1.3_1.5_s50_100.fasta	None	Cerambycidae	BLAST	family	COI-5P	655	1539	Cerambycidae	UNIFI979-24_r_1_s_100	Phytoecia caerulea baccueti	0	UNIFI979-24	1	100	False	False	2784603	3036	629	1542	0.0	699.0	247.63229571984436	226.0
0	0	data/BGE00431_MGE-BGE_r1_1.3_1.5_s50_100.fasta	None	Cerambycidae	BLAST	family	COI-5P	655	1536	Cerambycidae	UNIFI979-24_r_1.3_s_50	Phytoecia caerulea baccueti	0	UNIFI979-24	1.3	50	False	False	2784603	3129	629	1542	0.0	712.0	234.8774319066148	214.5
0	0	data/BGE00431_MGE-BGE_r1_1.3_1.5_s50_100.fasta	None	Cerambycidae	BLAST	family	COI-5P	655	1536	Cerambycidae	UNIFI979-24_r_1.3_s_100	Phytoecia caerulea baccueti	0	UNIFI979-24	1.3	100	False	False	2784603	2797	629	1542	0.0	688.0	224.05642023346303	188.0
0	0	data/BGE00431_MGE-BGE_r1_1.3_1.5_s50_100.fasta	None	Cerambycidae	BLAST	family	COI-5P	655	1536	Cerambycidae	UNIFI979-24_r_1.5_s_50	Phytoecia caerulea baccueti	0	UNIFI979-24	1.5	50	False	False	2784603	2578	629	1542	0.0	660.0	193.6147859922179	164.5
0	0	data/BGE00431_MGE-BGE_r1_1.3_1.5_s50_100.fasta	None	Cerambycidae	BLAST	family	COI-5P	655	1536	Cerambycidae	UNIFI979-24_r_1.5_s_100	Phytoecia caerulea baccueti	0	UNIFI979-24	1.5	100	False	False	2784603	2346	629	1542	0.0	651.0	186.24902723735408	158.5
0	0	data/BGE00431_MGE-BGE_r1_1.3_1.5_s50_100.fasta	None	Cerambycidae	BLAST	family	COI-5P	656	1536	Cerambycidae	UNIFI980-24_r_1_s_50	Phytoecia pubescens	0	UNIFI980-24	1	50	False	False	3580671	70729	8979	1542	0.0	8060.0	4589.10700389105	4728.5
0	0	data/BGE00431_MGE-BGE_r1_1.3_1.5_s50_100.fasta	None	Cerambycidae	BLAST	family	COI-5P	656	1536	Cerambycidae	UNIFI980-24_r_1_s_100	Phytoecia pubescens	0	UNIFI980-24	1	100	False	False	3580671	60303	8979	1542	0.0	7735.0	4242.743190661478	4301.5
0	0	data/BGE00431_MGE-BGE_r1_1.3_1.5_s50_100.fasta	None	Cerambycidae	BLAST	family	COI-5P	656	1536	Cerambycidae	UNIFI980-24_r_1.3_s_50	Phytoecia pubescens	0	UNIFI980-24	1.3	50	False	False	3580671	67652	8979	1542	0.0	8053.0	4395.474708171207	4401.5
0	0	data/BGE00431_MGE-BGE_r1_1.3_1.5_s50_100.fasta	None	Cerambycidae	BLAST	family	COI-5P	656	1536	Cerambycidae	UNIFI980-24_r_1.3_s_100	Phytoecia pubescens	0	UNIFI980-24	1.3	100	False	False	3580671	58378	8979	1542	0.0	7718.0	4100.048638132295	4034.0
0	0	data/BGE00431_MGE-BGE_r1_1.3_1.5_s50_100.fasta	None	Cerambycidae	BLAST	family	COI-5P	656	1536	Cerambycidae	UNIFI980-24_r_1.5_s_50	Phytoecia pubescens	0	UNIFI980-24	1.5	50	False	False	3580671	59756	8979	1542	0.0	7972.0	3848.466926070039	3972.0
0	0	data/BGE00431_MGE-BGE_r1_1.3_1.5_s50_100.fasta	None	Cerambycidae	BLAST	family	COI-5P	656	1536	Cerambycidae	UNIFI980-24_r_1.5_s_100	Phytoecia pubescens	0	UNIFI980-24	1.5	100	False	False	3580671	51677	8979	1542	0.0	7680.0	3596.6206225680935	3623.5
0	0	data/BGE00431_MGE-BGE_r1_1.3_1.5_s50_100.fasta	None	Cerambycidae	BLAST	family	COI-5P	656	1536	Cerambycidae	UNIFI981-24_r_1_s_50	Phytoecia pubescens	0	UNIFI981-24	1	50	False	False	2509306	40262	1863	1542	0.0	4841.0	2849.091439688716	3067.0
0	0	data/BGE00431_MGE-BGE_r1_1.3_1.5_s50_100.fasta	None	Cerambycidae	BLAST	family	COI-5P	656	1536	Cerambycidae	UNIFI981-24_r_1_s_100	Phytoecia pubescens	0	UNIFI981-24	1	100	False	False	2509306	35334	1863	1542	0.0	4787.0	2686.328793774319	2895.0
0	0	data/BGE00431_MGE-BGE_r1_1.3_1.5_s50_100.fasta	None	Cerambycidae	BLAST	family	COI-5P	656	1536	Cerambycidae	UNIFI981-24_r_1.3_s_50	Phytoecia pubescens	0	UNIFI981-24	1.3	50	False	False	2509306	38767	1863	1542	0.0	4814.0	2757.128404669261	2932.5
0	0	data/BGE00431_MGE-BGE_r1_1.3_1.5_s50_100.fasta	None	Cerambycidae	BLAST	family	COI-5P	656	1536	Cerambycidae	UNIFI981-24_r_1.3_s_100	Phytoecia pubescens	0	UNIFI981-24	1.3	100	False	False	2509306	34422	1863	1542	0.0	4760.0	2620.2023346303504	2803.0
0	0	data/BGE00431_MGE-BGE_r1_1.3_1.5_s50_100.fasta	None	Cerambycidae	BLAST	family	COI-5P	656	1536	Cerambycidae	UNIFI981-24_r_1.5_s_50	Phytoecia pubescens	0	UNIFI981-24	1.5	50	False	False	2509306	34591	1863	1542	0.0	4789.0	2443.1770428015566	2677.0
0	0	data/BGE00431_MGE-BGE_r1_1.3_1.5_s50_100.fasta	None	Cerambycidae	BLAST	family	COI-5P	656	1536	Cerambycidae	UNIFI981-24_r_1.5_s_100	Phytoecia pubescens	0	UNIFI981-24	1.5	100	False	False	2509306	30781	1863	1542	0.0	4737.0	2325.838521400778	2418.0
0	0	data/BGE00431_MGE-BGE_r1_1.3_1.5_s50_100.fasta	None	Cerambycidae	BLAST	family	COI-5P	656	1536	Cerambycidae	UNIFI982-24_r_1_s_50	Phytoecia pubescens	0	UNIFI982-24	1	50	False	False	3057126	8706	114	1542	0.0	1179.0	641.9163424124514	606.0
0	0	data/BGE00431_MGE-BGE_r1_1.3_1.5_s50_100.fasta	None	Cerambycidae	BLAST	family	COI-5P	656	1536	Cerambycidae	UNIFI982-24_r_1_s_100	Phytoecia pubescens	0	UNIFI982-24	1	100	False	False	3057126	7279	114	1542	0.0	1138.0	595.6400778210117	552.5
0	0	data/BGE00431_MGE-BGE_r1_1.3_1.5_s50_100.fasta	None	Cerambycidae	BLAST	family	COI-5P	656	1536	Cerambycidae	UNIFI982-24_r_1.3_s_50	Phytoecia pubescens	0	UNIFI982-24	1.3	50	False	False	3057126	8283	114	1542	0.0	1162.0	616.7178988326848	596.5
0	0	data/BGE00431_MGE-BGE_r1_1.3_1.5_s50_100.fasta	None	Cerambycidae	BLAST	family	COI-5P	656	1536	Cerambycidae	UNIFI982-24_r_1.3_s_100	Phytoecia pubescens	0	UNIFI982-24	1.3	100	False	False	3057126	7062	114	1542	0.0	1129.0	578.8715953307393	550.5
0	0	data/BGE00431_MGE-BGE_r1_1.3_1.5_s50_100.fasta	None	Cerambycidae	BLAST	family	COI-5P	656	1536	Cerambycidae	UNIFI982-24_r_1.5_s_50	Phytoecia pubescens	0	UNIFI982-24	1.5	50	False	False	3057126	7315	114	1542	0.0	1155.0	539.5486381322958	495.5
0	0	data/BGE00431_MGE-BGE_r1_1.3_1.5_s50_100.fasta	None	Cerambycidae	BLAST	family	COI-5P	656	1536	Cerambycidae	UNIFI982-24_r_1.5_s_100	Phytoecia pubescens	0	UNIFI982-24	1.5	100	False	False	3057126	6228	114	1542	0.0	1126.0	506.41050583657585	452.5
8	8	data/BGE00431_MGE-BGE_r1_1.3_1.5_s50_100.fasta	None	Cerambycidae	BLAST	family	COI-5P	656	1539	Cerambycidae	UNIFI983-24_r_1_s_50	Phytoecia rufipes	0	UNIFI983-24	1	50	False	False	2354042	1684	580	1542	0.0	193.0	87.95719844357977	83.0
9	10	data/BGE00431_MGE-BGE_r1_1.3_1.5_s50_100.fasta	None	Cerambycidae	BLAST	family	COI-5P	656	1539	Hydraenidae,Cryptophagidae,Scraptiidae,Chrysomelidae,Cerambycidae	UNIFI983-24_r_1_s_100	Phytoecia rufipes	0	UNIFI983-24	1	100	False	False	2354042	1049	580	1542	0.0	156.0	66.20622568093385	61.0
3	3	data/BGE00431_MGE-BGE_r1_1.3_1.5_s50_100.fasta	None	Cerambycidae	BLAST	family	COI-5P	656	1539	Cerambycidae	UNIFI983-24_r_1.3_s_50	Phytoecia rufipes	0	UNIFI983-24	1.3	50	False	False	2354042	1408	580	1542	0.0	169.0	70.70622568093385	64.0
6	6	data/BGE00431_MGE-BGE_r1_1.3_1.5_s50_100.fasta	None	Cerambycidae	BLAST	family	COI-5P	656	1539	Cerambycidae	UNIFI983-24_r_1.3_s_100	Phytoecia rufipes	0	UNIFI983-24	1.3	100	False	False	2354042	919	580	1542	0.0	143.0	54.80350194552529	49.0
1	1	data/BGE00431_MGE-BGE_r1_1.3_1.5_s50_100.fasta	None	Cerambycidae	BLAST	family	COI-5P	653	1470	Cerambycidae	UNIFI983-24_r_1.5_s_50	Phytoecia rufipes	0	UNIFI983-24	1.5	50	False	False	2354042	967	580	1542	0.0	130.0	48.20817120622568	47.0
1	1	data/BGE00431_MGE-BGE_r1_1.3_1.5_s50_100.fasta	None	Cerambycidae	BLAST	family	COI-5P	650	1452	Staphylinidae,Hydraenidae,Byturidae,Cryptophagidae,Kateretidae,Cerambycidae	UNIFI983-24_r_1.5_s_100	Phytoecia rufipes	0	UNIFI983-24	1.5	100	False	False	2354042	659	580	1542	0.0	115.0	38.6692607003891	34.5
20	54	data/BGE00431_MGE-BGE_r1_1.3_1.5_s50_100.fasta	None	Cerambycidae	BLAST	family	COI-5P	582	1431	Cerambycidae	UNIFI984-24_r_1_s_50	Phytoecia rufipes	0	UNIFI984-24	1	50	False	False	688505	164	151	1542	0.0	29.0	9.231517509727626	8.0
41	77	data/BGE00431_MGE-BGE_r1_1.3_1.5_s50_100.fasta	None	Cerambycidae	BLAST	family	COI-5P	336	1131	Hydraenidae,Chrysomelidae,Cerambycidae	UNIFI984-24_r_1_s_100	Phytoecia rufipes	0	UNIFI984-24	1	100	False	False	688505	63	151	1542	0.0	22.0	5.834630350194552	4.0
1	2	data/BGE00431_MGE-BGE_r1_1.3_1.5_s50_100.fasta	None	Cerambycidae	BLAST	family	COI-5P	491	1197	Cerambycidae	UNIFI984-24_r_1.3_s_50	Phytoecia rufipes	0	UNIFI984-24	1.3	50	False	False	688505	88	151	1542	0.0	15.0	2.9863813229571985	2.0
0	4	data/BGE00431_MGE-BGE_r1_1.3_1.5_s50_100.fasta	None	Cerambycidae	BLAST	family	COI-5P	259	471	Termitidae,Romaleidae,Liviidae,Delphacidae,Chloropidae,Tephritidae,Platystomatidae,Sarcophagidae	UNIFI984-24_r_1.3_s_100	Phytoecia rufipes	0	UNIFI984-24	1.3	100	False	False	688505	13	151	1542	0.0	5.0	0.642023346303502	0.0
0	1	data/BGE00431_MGE-BGE_r1_1.3_1.5_s50_100.fasta	None	Cerambycidae	BLAST	family	COI-5P	343	840	Ptiliidae,Nitidulidae,Chrysomelidae,Cerambycidae	UNIFI984-24_r_1.5_s_50	Phytoecia rufipes	0	UNIFI984-24	1.5	50	False	False	688505	43	151	1542	0.0	8.0	1.3793774319066148	1.0
0	0	data/BGE00431_MGE-BGE_r1_1.3_1.5_s50_100.fasta	None	Cerambycidae	BLAST	family	COI-5P	206	318	Cerambycidae	UNIFI984-24_r_1.5_s_100	Phytoecia rufipes	0	UNIFI984-24	1.5	100	False	False	688505	11	151	1542	0.0	5.0	0.4727626459143969	0.0
6	20	data/BGE00431_MGE-BGE_r1_1.3_1.5_s50_100.fasta	None	Crambidae	BLAST	family	COI-5P	657	1527	Cryptophagidae,Cerambycidae	UNIFI985-24_r_1_s_50	Pilemia inarmata	0	UNIFI985-24	1	50	False	False	2186620	2429	488	1530	0.0	452.0	136.52549019607844	102.0
0	11	data/BGE00431_MGE-BGE_r1_1.3_1.5_s50_100.fasta	None	Crambidae	BLAST	family	COI-5P	657	1524	Cryptophagidae,Cerambycidae	UNIFI985-24_r_1_s_100	Pilemia inarmata	0	UNIFI985-24	1	100	False	False	2186620	1587	488	1530	0.0	345.0	107.59019607843138	86.0
0	0	data/BGE00431_MGE-BGE_r1_1.3_1.5_s50_100.fasta	None	Crambidae	BLAST	family	COI-5P	657	1455	Cerambycidae	UNIFI985-24_r_1.3_s_50	Pilemia inarmata	0	UNIFI985-24	1.3	50	False	False	2186620	2068	488	1530	0.0	414.0	113.7078431372549	82.0
0	0	data/BGE00431_MGE-BGE_r1_1.3_1.5_s50_100.fasta	None	Crambidae	BLAST	family	COI-5P	657	1452	Cerambycidae	UNIFI985-24_r_1.3_s_100	Pilemia inarmata	0	UNIFI985-24	1.3	100	False	False	2186620	1401	488	1530	0.0	330.0	91.42549019607843	70.0
0	0	data/BGE00431_MGE-BGE_r1_1.3_1.5_s50_100.fasta	None	Crambidae	BLAST	family	COI-5P	639	1398	Cerambycidae	UNIFI985-24_r_1.5_s_50	Pilemia inarmata	0	UNIFI985-24	1.5	50	False	False	2186620	1508	488	1530	0.0	335.0	82.62549019607843	55.0
0	0	data/BGE00431_MGE-BGE_r1_1.3_1.5_s50_100.fasta	None	Crambidae	BLAST	family	COI-5P	639	1395	Cerambycidae	UNIFI985-24_r_1.5_s_100	Pilemia inarmata	0	UNIFI985-24	1.5	100	False	False	2186620	1127	488	1530	0.0	288.0	70.37450980392157	49.0
0	0	data/BGE00431_MGE-BGE_r1_1.3_1.5_s50_100.fasta	None	Cerambycidae	BLAST	family	COI-5P	657	1533	Cerambycidae	UNIFI986-24_r_1_s_50	Plagionotus bobelayei	0	UNIFI986-24	1	50	False	False	4340378	113582	386	1533	2804.0	11179.0	6342.362035225049	6238.0
0	0	data/BGE00431_MGE-BGE_r1_1.3_1.5_s50_100.fasta	None	Cerambycidae	BLAST	family	COI-5P	657	1533	Cerambycidae	UNIFI986-24_r_1_s_100	Plagionotus bobelayei	0	UNIFI986-24	1	100	False	False	4340378	82864	386	1533	2035.0	9477.0	5337.203522504892	5270.0
0	0	data/BGE00431_MGE-BGE_r1_1.3_1.5_s50_100.fasta	None	Cerambycidae	BLAST	family	COI-5P	657	1533	Cerambycidae	UNIFI986-24_r_1.3_s_50	Plagionotus bobelayei	0	UNIFI986-24	1.3	50	False	False	4340378	109762	386	1533	2792.0	11165.0	6130.148727984344	5835.0
0	0	data/BGE00431_MGE-BGE_r1_1.3_1.5_s50_100.fasta	None	Cerambycidae	BLAST	family	COI-5P	657	1533	Cerambycidae	UNIFI986-24_r_1.3_s_100	Plagionotus bobelayei	0	UNIFI986-24	1.3	100	False	False	4340378	80961	386	1533	2027.0	9463.0	5205.632093933464	4932.0
0	0	data/BGE00431_MGE-BGE_r1_1.3_1.5_s50_100.fasta	None	Cerambycidae	BLAST	family	COI-5P	657	1533	Cerambycidae	UNIFI986-24_r_1.5_s_50	Plagionotus bobelayei	0	UNIFI986-24	1.5	50	False	False	4340378	97680	386	1533	162.0	11095.0	5448.812133072407	5537.0
0	0	data/BGE00431_MGE-BGE_r1_1.3_1.5_s50_100.fasta	None	Cerambycidae	BLAST	family	COI-5P	657	1533	Cerambycidae	UNIFI986-24_r_1.5_s_100	Plagionotus bobelayei	0	UNIFI986-24	1.5	100	False	False	4340378	73807	386	1533	162.0	9434.0	4700.769080234833	4795.0
29	87	data/BGE00431_MGE-BGE_r1_1.3_1.5_s50_100.fasta	None	Cerambycidae	BLAST	family	COI-5P	590	1407		UNIFI987-24_r_1_s_50	Plagionotus siculus	0	UNIFI987-24	1	50	False	False	4395011	522	279	1533	0.0	104.0	28.15655577299413	26.0
19	57	data/BGE00431_MGE-BGE_r1_1.3_1.5_s50_100.fasta	None	Cerambycidae	BLAST	family	COI-5P	583	1293		UNIFI987-24_r_1_s_100	Plagionotus siculus	0	UNIFI987-24	1	100	False	False	4395011	222	279	1533	0.0	74.0	18.493150684931507	18.0
3	39	data/BGE00431_MGE-BGE_r1_1.3_1.5_s50_100.fasta	None	Cerambycidae	BLAST	family	COI-5P	165	951		UNIFI987-24_r_1.3_s_50	Plagionotus siculus	0	UNIFI987-24	1.3	50	False	False	4395011	200	279	1533	0.0	66.0	7.720156555772994	2.0
0	20	data/BGE00431_MGE-BGE_r1_1.3_1.5_s50_100.fasta	None	Cerambycidae	BLAST	family	COI-5P	135	567		UNIFI987-24_r_1.3_s_100	Plagionotus siculus	0	UNIFI987-24	1.3	100	False	False	4395011	55	279	1533	0.0	38.0	4.136986301369863	0.0
0	21	data/BGE00431_MGE-BGE_r1_1.3_1.5_s50_100.fasta	None	Cerambycidae	BLAST	family	COI-5P	89	546		UNIFI987-24_r_1.5_s_50	Plagionotus siculus	0	UNIFI987-24	1.5	50	False	False	4395011	96	279	1533	0.0	43.0	2.4794520547945207	0.0
1	10	data/BGE00431_MGE-BGE_r1_1.3_1.5_s50_100.fasta	None	Cerambycidae	BLAST	family	COI-5P	94	309		UNIFI987-24_r_1.5_s_100	Plagionotus siculus	0	UNIFI987-24	1.5	100	False	False	4395011	12	279	1533	0.0	9.0	0.7240704500978473	0.0
5	22	data/BGE00431_MGE-BGE_r1_1.3_1.5_s50_100.fasta	None	Cerambycidae	BLAST	family	COI-5P	488	1263		UNIFI988-24_r_1_s_50	Plagionotus siculus	0	UNIFI988-24	1	50	False	False	661582	174	265	1533	0.0	54.0	12.729941291585128	11.0
4	16	data/BGE00431_MGE-BGE_r1_1.3_1.5_s50_100.fasta	None	Cerambycidae	BLAST	family	COI-5P	317	939		UNIFI988-24_r_1_s_100	Plagionotus siculus	0	UNIFI988-24	1	100	False	False	661582	99	265	1533	0.0	40.0	10.287671232876713	6.0
0	2	data/BGE00431_MGE-BGE_r1_1.3_1.5_s50_100.fasta	None	Cerambycidae	BLAST	family	COI-5P	103	618		UNIFI988-24_r_1.3_s_50	Plagionotus siculus	0	UNIFI988-24	1.3	50	False	False	661582	52	265	1533	0.0	18.0	1.9921722113502935	0.0
0	0	data/BGE00431_MGE-BGE_r1_1.3_1.5_s50_100.fasta	None	Cerambycidae	BLAST	family	COI-5P	50	420		UNIFI988-24_r_1.3_s_100	Plagionotus siculus	0	UNIFI988-24	1.3	100	False	False	661582	14	265	1533	0.0	7.0	0.9941291585127201	0.0
0	0	data/BGE00431_MGE-BGE_r1_1.3_1.5_s50_100.fasta	None	Cerambycidae	BLAST	family	COI-5P	51	192		UNIFI988-24_r_1.5_s_50	Plagionotus siculus	0	UNIFI988-24	1.5	50	False	False	661582	13	265	1533	0.0	6.0	0.5929549902152642	0.0
0	0	data/BGE00431_MGE-BGE_r1_1.3_1.5_s50_100.fasta	None	Cerambycidae	BLAST	family	COI-5P	50	108		UNIFI988-24_r_1.5_s_100	Plagionotus siculus	0	UNIFI988-24	1.5	100	False	False	661582	5	265	1533	0.0	5.0	0.33268101761252444	0.0
4	4	data/BGE00431_MGE-BGE_r1_1.3_1.5_s50_100.fasta	None	Cerambycidae	BLAST	family	COI-5P	656	1530	Cerambycidae	UNIFI989-24_r_1_s_50	Poecilium fasciatum	0	UNIFI989-24	1	50	False	False	3570775	393	279	1533	0.0	43.0	21.50880626223092	21.0
2	2	data/BGE00431_MGE-BGE_r1_1.3_1.5_s50_100.fasta	None	Cerambycidae	BLAST	family	COI-5P	656	1530	Cerambycidae	UNIFI989-24_r_1_s_100	Poecilium fasciatum	0	UNIFI989-24	1	100	False	False	3570775	260	279	1533	0.0	41.0	16.819960861056753	16.0
0	0	data/BGE00431_MGE-BGE_r1_1.3_1.5_s50_100.fasta	None	Cerambycidae	BLAST	family	COI-5P	644	1518	Cerambycidae	UNIFI989-24_r_1.3_s_50	Poecilium fasciatum	0	UNIFI989-24	1.3	50	False	False	3570775	301	279	1533	0.0	36.0	16.164383561643834	15.0
0	0	data/BGE00431_MGE-BGE_r1_1.3_1.5_s50_100.fasta	None	Cerambycidae	BLAST	family	COI-5P	632	1506	Cerambycidae	UNIFI989-24_r_1.3_s_100	Poecilium fasciatum	0	UNIFI989-24	1.3	100	False	False	3570775	211	279	1533	0.0	36.0	13.23679060665362	12.0
0	0	data/BGE00431_MGE-BGE_r1_1.3_1.5_s50_100.fasta	None	Cerambycidae	BLAST	family	COI-5P	608	1416		UNIFI989-24_r_1.5_s_50	Poecilium fasciatum	0	UNIFI989-24	1.5	50	False	False	3570775	242	279	1533	0.0	31.0	12.796477495107633	13.0
0	0	data/BGE00431_MGE-BGE_r1_1.3_1.5_s50_100.fasta	None	Cerambycidae	BLAST	family	COI-5P	608	1416		UNIFI989-24_r_1.5_s_100	Poecilium fasciatum	0	UNIFI989-24	1.5	100	False	False	3570775	173	279	1533	0.0	26.0	10.61839530332681	11.0
0	0	data/BGE00431_MGE-BGE_r1_1.3_1.5_s50_100.fasta	None	Cerambycidae	BLAST	family	COI-5P	656	1533	Anthicidae,Cerambycidae	UNIFI990-24_r_1_s_50	Poecilium pusillum	0	UNIFI990-24	1	50	False	False	3600906	4949	1927	1533	1.0	627.0	297.1076320939335	263.0
0	0	data/BGE00431_MGE-BGE_r1_1.3_1.5_s50_100.fasta	None	Cerambycidae	BLAST	family	COI-5P	656	1530	Anthicidae,Cerambycidae	UNIFI990-24_r_1_s_100	Poecilium pusillum	0	UNIFI990-24	1	100	False	False	3600906	3797	1927	1533	0.0	482.0	256.2857142857143	227.0
0	0	data/BGE00431_MGE-BGE_r1_1.3_1.5_s50_100.fasta	None	Cerambycidae	BLAST	family	COI-5P	656	1530	Anthicidae,Cerambycidae	UNIFI990-24_r_1.3_s_50	Poecilium pusillum	0	UNIFI990-24	1.3	50	False	False	3600906	4128	1927	1533	0.0	491.0	243.5205479452055	231.0
0	0	data/BGE00431_MGE-BGE_r1_1.3_1.5_s50_100.fasta	None	Cerambycidae	BLAST	family	COI-5P	656	1527	Anthicidae,Cerambycidae	UNIFI990-24_r_1.3_s_100	Poecilium pusillum	0	UNIFI990-24	1.3	100	False	False	3600906	3257	1927	1533	0.0	459.0	215.59295499021528	211.0
0	0	data/BGE00431_MGE-BGE_r1_1.3_1.5_s50_100.fasta	None	Cerambycidae	BLAST	family	COI-5P	632	1482	Nitidulidae,Cerambycidae,Endomychidae	UNIFI990-24_r_1.5_s_50	Poecilium pusillum	0	UNIFI990-24	1.5	50	False	False	3600906	3312	1927	1533	0.0	463.0	192.53033268101763	198.0
0	0	data/BGE00431_MGE-BGE_r1_1.3_1.5_s50_100.fasta	None	Cerambycidae	BLAST	family	COI-5P	632	1479	Nitidulidae,Cerambycidae,Endomychidae	UNIFI990-24_r_1.5_s_100	Poecilium pusillum	0	UNIFI990-24	1.5	100	False	False	3600906	2658	1927	1533	0.0	444.0	172.5362035225049	180.0
0	5	data/BGE00431_MGE-BGE_r1_1.3_1.5_s50_100.fasta	None	Cerambycidae	BLAST	family	COI-5P	655	1530	Cerambycidae	UNIFI991-24_r_1_s_50	Poecilium rufipes	0	UNIFI991-24	1	50	False	False	3601839	1933	1012	1533	0.0	537.0	101.573385518591	58.0
0	4	data/BGE00431_MGE-BGE_r1_1.3_1.5_s50_100.fasta	None	Cerambycidae	BLAST	family	COI-5P	655	1530	Cerambycidae	UNIFI991-24_r_1_s_100	Poecilium rufipes	0	UNIFI991-24	1	100	False	False	3601839	1211	1012	1533	0.0	423.0	75.56555772994129	44.0
0	0	data/BGE00431_MGE-BGE_r1_1.3_1.5_s50_100.fasta	None	Cerambycidae	BLAST	family	COI-5P	655	1530	Cerambycidae	UNIFI991-24_r_1.3_s_50	Poecilium rufipes	0	UNIFI991-24	1.3	50	False	False	3601839	1525	1012	1533	0.0	533.0	78.76125244618396	39.0
0	0	data/BGE00431_MGE-BGE_r1_1.3_1.5_s50_100.fasta	None	Cerambycidae	BLAST	family	COI-5P	655	1527	Cerambycidae	UNIFI991-24_r_1.3_s_100	Poecilium rufipes	0	UNIFI991-24	1.3	100	False	False	3601839	1044	1012	1533	0.0	420.0	63.19178082191781	29.0
0	0	data/BGE00431_MGE-BGE_r1_1.3_1.5_s50_100.fasta	None	Cerambycidae	BLAST	family	COI-5P	649	1443	Cucujidae,Tenebrionidae,Cerambycidae,Syrphidae	UNIFI991-24_r_1.5_s_50	Poecilium rufipes	0	UNIFI991-24	1.5	50	False	False	3601839	1158	1012	1533	0.0	364.0	60.72994129158513	23.0
0	0	data/BGE00431_MGE-BGE_r1_1.3_1.5_s50_100.fasta	None	Cerambycidae	BLAST	family	COI-5P	649	1371	Cucujidae,Tenebrionidae,Cerambycidae,Syrphidae	UNIFI991-24_r_1.5_s_100	Poecilium rufipes	0	UNIFI991-24	1.5	100	False	False	3601839	855	1012	1533	0.0	336.0	51.84148727984344	21.0
0	0	data/BGE00431_MGE-BGE_r1_1.3_1.5_s50_100.fasta	None	Cerambycidae	BLAST	family	COI-5P	655	1530	Cerambycidae	UNIFI992-24_r_1_s_50	Poecilium rufipes	0	UNIFI992-24	1	50	False	False	4498953	2175	169	1533	0.0	245.0	121.93542074363992	118.0
0	0	data/BGE00431_MGE-BGE_r1_1.3_1.5_s50_100.fasta	None	Cerambycidae	BLAST	family	COI-5P	655	1530	Cerambycidae	UNIFI992-24_r_1_s_100	Poecilium rufipes	0	UNIFI992-24	1	100	False	False	4498953	1615	169	1533	0.0	219.0	102.48727984344423	99.0
0	0	data/BGE00431_MGE-BGE_r1_1.3_1.5_s50_100.fasta	None	Cerambycidae	BLAST	family	COI-5P	655	1518	Staphylinidae,Cerambycidae	UNIFI992-24_r_1.3_s_50	Poecilium rufipes	0	UNIFI992-24	1.3	50	False	False	4498953	1866	169	1533	0.0	244.0	103.29941291585128	97.0
0	0	data/BGE00431_MGE-BGE_r1_1.3_1.5_s50_100.fasta	None	Cerambycidae	BLAST	family	COI-5P	655	1506	Staphylinidae,Cerambycidae	UNIFI992-24_r_1.3_s_100	Poecilium rufipes	0	UNIFI992-24	1.3	100	False	False	4498953	1444	169	1533	0.0	218.0	89.65557729941291	81.0
0	0	data/BGE00431_MGE-BGE_r1_1.3_1.5_s50_100.fasta	None	Cerambycidae	BLAST	family	COI-5P	616	1425	Chrysomelidae,Cerambycidae	UNIFI992-24_r_1.5_s_50	Poecilium rufipes	0	UNIFI992-24	1.5	50	False	False	4498953	1466	169	1533	0.0	244.0	81.49119373776908	78.0
0	0	data/BGE00431_MGE-BGE_r1_1.3_1.5_s50_100.fasta	None	Cerambycidae	BLAST	family	COI-5P	616	1425	Chrysomelidae,Cerambycidae	UNIFI992-24_r_1.5_s_100	Poecilium rufipes	0	UNIFI992-24	1.5	100	False	False	4498953	1166	169	1533	0.0	218.0	72.20939334637964	65.0
0	0	data/BGE00431_MGE-BGE_r1_1.3_1.5_s50_100.fasta	None	Cerambycidae	BLAST	family	COI-5P	655	1533	Cerambycidae	UNIFI993-24_r_1_s_50	Poecilium rufipes	0	UNIFI993-24	1	50	False	False	2768076	10742	2810	1533	3.0	1521.0	772.334637964775	727.0
0	0	data/BGE00431_MGE-BGE_r1_1.3_1.5_s50_100.fasta	None	Cerambycidae	BLAST	family	COI-5P	655	1530	Cerambycidae	UNIFI993-24_r_1_s_100	Poecilium rufipes	0	UNIFI993-24	1	100	False	False	2768076	9043	2810	1533	0.0	1396.0	712.1389432485323	659.0
0	0	data/BGE00431_MGE-BGE_r1_1.3_1.5_s50_100.fasta	None	Cerambycidae	BLAST	family	COI-5P	655	1533	Cerambycidae	UNIFI993-24_r_1.3_s_50	Poecilium rufipes	0	UNIFI993-24	1.3	50	False	False	2768076	9321	2810	1533	3.0	1490.0	667.7866927592955	571.0
0	0	data/BGE00431_MGE-BGE_r1_1.3_1.5_s50_100.fasta	None	Cerambycidae	BLAST	family	COI-5P	655	1530	Cerambycidae	UNIFI993-24_r_1.3_s_100	Poecilium rufipes	0	UNIFI993-24	1.3	100	False	False	2768076	7989	2810	1533	0.0	1371.0	624.6340508806262	541.0
0	0	data/BGE00431_MGE-BGE_r1_1.3_1.5_s50_100.fasta	None	Cerambycidae	BLAST	family	COI-5P	655	1509	Staphylinidae,Cerambycidae	UNIFI993-24_r_1.5_s_50	Poecilium rufipes	0	UNIFI993-24	1.5	50	False	False	2768076	7220	2810	1533	0.0	1485.0	523.0332681017612	493.0
0	0	data/BGE00431_MGE-BGE_r1_1.3_1.5_s50_100.fasta	None	Cerambycidae	BLAST	family	COI-5P	655	1503	Staphylinidae,Cerambycidae	UNIFI993-24_r_1.5_s_100	Poecilium rufipes	0	UNIFI993-24	1.5	100	False	False	2768076	6342	2810	1533	0.0	1368.0	496.47162426614483	462.0
2	14	data/BGE00431_MGE-BGE_r1_1.3_1.5_s50_100.fasta	None	Cerambycidae	BLAST	family	COI-5P	608	1359	Reduviidae,Cicadellidae,Culicidae,Tabanidae,Eriocraniidae,Limacodidae,Nymphalidae,Geometridae	UNIFI994-24_r_1_s_50	Purpuricenus dalmatinus	0	UNIFI994-24	1	50	False	False	4573202	2760	837	1545	0.0	423.0	126.28155339805825	107.0
6	14	data/BGE00431_MGE-BGE_r1_1.3_1.5_s50_100.fasta	None	Cerambycidae	BLAST	family	COI-5P	563	1356	Baetidae,Reduviidae,Cicadellidae,Leiodidae,Limoniidae,Agaonidae	UNIFI994-24_r_1_s_100	Purpuricenus dalmatinus	0	UNIFI994-24	1	100	False	False	4573202	886	837	1545	0.0	226.0	57.380582524271844	38.0
0	0	data/BGE00431_MGE-BGE_r1_1.3_1.5_s50_100.fasta	None	Cerambycidae	BLAST	family	COI-5P	457	1056	Bothrideridae,Culicidae,Tabanidae,Agaonidae,Limacodidae,Nymphalidae,Hesperiidae	UNIFI994-24_r_1.3_s_50	Purpuricenus dalmatinus	0	UNIFI994-24	1.3	50	False	False	4573202	1117	837	1545	0.0	222.0	42.80582524271845	19.0
0	1	data/BGE00431_MGE-BGE_r1_1.3_1.5_s50_100.fasta	None	Cerambycidae	BLAST	family	COI-5P	147	807	Scarabaeidae,Agaonidae	UNIFI994-24_r_1.3_s_100	Purpuricenus dalmatinus	0	UNIFI994-24	1.3	100	False	False	4573202	354	837	1545	0.0	133.0	19.058252427184467	1.0
0	0	data/BGE00431_MGE-BGE_r1_1.3_1.5_s50_100.fasta	None	Cerambycidae	BLAST	family	COI-5P	78	618	Staphylinidae,Scarabaeidae,Erotylidae,Agaonidae	UNIFI994-24_r_1.5_s_50	Purpuricenus dalmatinus	0	UNIFI994-24	1.5	50	False	False	4573202	389	837	1545	0.0	186.0	14.83495145631068	0.0
0	0	data/BGE00431_MGE-BGE_r1_1.3_1.5_s50_100.fasta	None	Cerambycidae	BLAST	family	COI-5P	73	498	Agaonidae	UNIFI994-24_r_1.5_s_100	Purpuricenus dalmatinus	0	UNIFI994-24	1.5	100	False	False	4573202	174	837	1545	0.0	130.0	8.493203883495145	0.0
0	0	data/BGE00431_MGE-BGE_r1_1.3_1.5_s50_100.fasta	None	Cerambycidae	BLAST	family	COI-5P	656	1545	Cerambycidae	UNIFI995-24_r_1_s_50	Purpuricenus dalmatinus	0	UNIFI995-24	1	50	False	False	4081473	22574	883	1545	695.0	2625.0	1324.6796116504854	1250.0
0	0	data/BGE00431_MGE-BGE_r1_1.3_1.5_s50_100.fasta	None	Cerambycidae	BLAST	family	COI-5P	656	1545	Cerambycidae	UNIFI995-24_r_1_s_100	Purpuricenus dalmatinus	0	UNIFI995-24	1	100	False	False	4081473	17529	883	1545	636.0	2401.0	1164.0174757281554	1096.0
0	0	data/BGE00431_MGE-BGE_r1_1.3_1.5_s50_100.fasta	None	Cerambycidae	BLAST	family	COI-5P	656	1545	Cerambycidae	UNIFI995-24_r_1.3_s_50	Purpuricenus dalmatinus	0	UNIFI995-24	1.3	50	False	False	4081473	22113	883	1545	654.0	2609.0	1299.7495145631067	1222.0
0	0	data/BGE00431_MGE-BGE_r1_1.3_1.5_s50_100.fasta	None	Cerambycidae	BLAST	family	COI-5P	656	1545	Cerambycidae	UNIFI995-24_r_1.3_s_100	Purpuricenus dalmatinus	0	UNIFI995-24	1.3	100	False	False	4081473	17344	883	1545	610.0	2389.0	1148.8543689320388	1073.0
0	0	data/BGE00431_MGE-BGE_r1_1.3_1.5_s50_100.fasta	None	Cerambycidae	BLAST	family	COI-5P	656	1545	Cerambycidae	UNIFI995-24_r_1.5_s_50	Purpuricenus dalmatinus	0	UNIFI995-24	1.5	50	False	False	4081473	20345	883	1545	151.0	2605.0	1192.9844660194174	1109.0
0	0	data/BGE00431_MGE-BGE_r1_1.3_1.5_s50_100.fasta	None	Cerambycidae	BLAST	family	COI-5P	656	1545	Cerambycidae	UNIFI995-24_r_1.5_s_100	Purpuricenus dalmatinus	0	UNIFI995-24	1.5	100	False	False	4081473	16198	883	1545	148.0	2388.0	1065.2524271844661	998.0
0	0	data/BGE00431_MGE-BGE_r1_1.3_1.5_s50_100.fasta	None	Cerambycidae	BLAST	family	COI-5P	656	1545	Cerambycidae	UNIFI996-24_r_1_s_50	Purpuricenus dalmatinus	0	UNIFI996-24	1	50	False	False	2693921	20571	389	1545	649.0	2946.0	1320.1650485436894	1263.0
0	0	data/BGE00431_MGE-BGE_r1_1.3_1.5_s50_100.fasta	None	Cerambycidae	BLAST	family	COI-5P	656	1545	Cerambycidae	UNIFI996-24_r_1_s_100	Purpuricenus dalmatinus	0	UNIFI996-24	1	100	False	False	2693921	17129	389	1545	610.0	2743.0	1210.6699029126214	1157.0
0	0	data/BGE00431_MGE-BGE_r1_1.3_1.5_s50_100.fasta	None	Cerambycidae	BLAST	family	COI-5P	656	1545	Cerambycidae	UNIFI996-24_r_1.3_s_50	Purpuricenus dalmatinus	0	UNIFI996-24	1.3	50	False	False	2693921	20122	389	1545	639.0	2938.0	1292.8058252427184	1233.0
0	0	data/BGE00431_MGE-BGE_r1_1.3_1.5_s50_100.fasta	None	Cerambycidae	BLAST	family	COI-5P	656	1545	Cerambycidae	UNIFI996-24_r_1.3_s_100	Purpuricenus dalmatinus	0	UNIFI996-24	1.3	100	False	False	2693921	16864	389	1545	604.0	2735.0	1189.906796116505	1135.0
0	0	data/BGE00431_MGE-BGE_r1_1.3_1.5_s50_100.fasta	None	Cerambycidae	BLAST	family	COI-5P	656	1545	Cerambycidae	UNIFI996-24_r_1.5_s_50	Purpuricenus dalmatinus	0	UNIFI996-24	1.5	50	False	False	2693921	18299	389	1545	222.0	2934.0	1180.157281553398	1127.0
0	0	data/BGE00431_MGE-BGE_r1_1.3_1.5_s50_100.fasta	None	Cerambycidae	BLAST	family	COI-5P	656	1545	Cerambycidae	UNIFI996-24_r_1.5_s_100	Purpuricenus dalmatinus	0	UNIFI996-24	1.5	100	False	False	2693921	15579	389	1545	212.0	2734.0	1096.8407766990292	1065.0
0	0	data/BGE00431_MGE-BGE_r1_1.3_1.5_s50_100.fasta	None	Cerambycidae	BLAST	family	COI-5P	656	1539	Cerambycidae	UNIFI997-24_r_1_s_50	Ropalopus insubricus	0	UNIFI997-24	1	50	False	False	2435521	4954	507	1545	0.0	529.0	340.07961165048545	324.0
0	0	data/BGE00431_MGE-BGE_r1_1.3_1.5_s50_100.fasta	None	Cerambycidae	BLAST	family	COI-5P	656	1539	Cerambycidae	UNIFI997-24_r_1_s_100	Ropalopus insubricus	0	UNIFI997-24	1	100	False	False	2435521	4112	507	1545	0.0	490.0	311.695145631068	303.0
0	0	data/BGE00431_MGE-BGE_r1_1.3_1.5_s50_100.fasta	None	Cerambycidae	BLAST	family	COI-5P	656	1539	Cerambycidae	UNIFI997-24_r_1.3_s_50	Ropalopus insubricus	0	UNIFI997-24	1.3	50	False	False	2435521	4531	507	1545	0.0	525.0	311.36699029126214	313.0
0	0	data/BGE00431_MGE-BGE_r1_1.3_1.5_s50_100.fasta	None	Cerambycidae	BLAST	family	COI-5P	656	1539	Cerambycidae	UNIFI997-24_r_1.3_s_100	Ropalopus insubricus	0	UNIFI997-24	1.3	100	False	False	2435521	3835	507	1545	0.0	487.0	289.17087378640775	296.0
0	0	data/BGE00431_MGE-BGE_r1_1.3_1.5_s50_100.fasta	None	Cerambycidae	BLAST	family	COI-5P	656	1515	Silvanidae,Chrysomelidae,Cerambycidae	UNIFI997-24_r_1.5_s_50	Ropalopus insubricus	0	UNIFI997-24	1.5	50	False	False	2435521	3781	507	1545	0.0	518.0	258.7533980582524	279.0
0	0	data/BGE00431_MGE-BGE_r1_1.3_1.5_s50_100.fasta	None	Cerambycidae	BLAST	family	COI-5P	656	1515	Silvanidae,Chrysomelidae,Cerambycidae	UNIFI997-24_r_1.5_s_100	Ropalopus insubricus	0	UNIFI997-24	1.5	100	False	False	2435521	3277	507	1545	0.0	480.0	243.05631067961164	267.0
27	47	data/BGE00431_MGE-BGE_r1_1.3_1.5_s50_100.fasta	None	Cerambycidae	BLAST	family	COI-5P	622	1509	Carabidae,Cerambycidae	UNIFI998-24_r_1_s_50	Saphanus piceus	0	UNIFI998-24	1	50	False	False	2829663	232	171	1548	0.0	35.0	12.90891472868217	11.0
21	59	data/BGE00431_MGE-BGE_r1_1.3_1.5_s50_100.fasta	None	Cerambycidae	BLAST	family	COI-5P	624	1482	Leiodidae,Geotrupidae,Nitidulidae,Chrysomelidae,Cerambycidae	UNIFI998-24_r_1_s_100	Saphanus piceus	0	UNIFI998-24	1	100	False	False	2829663	138	171	1548	0.0	27.0	9.796511627906977	8.0
3	17	data/BGE00431_MGE-BGE_r1_1.3_1.5_s50_100.fasta	None	Cerambycidae	BLAST	family	COI-5P	590	1476	Tetratomidae,Chrysomelidae,Cerambycidae	UNIFI998-24_r_1.3_s_50	Saphanus piceus	0	UNIFI998-24	1.3	50	False	False	2829663	150	171	1548	0.0	24.0	8.127906976744185	8.0
0	30	data/BGE00431_MGE-BGE_r1_1.3_1.5_s50_100.fasta	None	Cerambycidae	BLAST	family	COI-5P	531	1350	Staphylinidae,Melyridae,Chrysomelidae,Cerambycidae,Crambidae	UNIFI998-24_r_1.3_s_100	Saphanus piceus	0	UNIFI998-24	1.3	100	False	False	2829663	109	171	1548	0.0	18.0	6.874031007751938	6.0
3	3	data/BGE00431_MGE-BGE_r1_1.3_1.5_s50_100.fasta	None	Cerambycidae	BLAST	family	COI-5P	521	1404	Cucujidae,Nitidulidae,Cerambycidae	UNIFI998-24_r_1.5_s_50	Saphanus piceus	0	UNIFI998-24	1.5	50	False	False	2829663	123	171	1548	0.0	18.0	6.631782945736434	6.0
0	5	data/BGE00431_MGE-BGE_r1_1.3_1.5_s50_100.fasta	None	Cerambycidae	BLAST	family	COI-5P	476	1227	Staphylinidae,Scarabaeidae,Melyridae,Chrysomelidae,Cerambycidae,Calliphoridae,Plutellidae	UNIFI998-24_r_1.5_s_100	Saphanus piceus	0	UNIFI998-24	1.5	100	False	False	2829663	88	171	1548	0.0	18.0	5.579457364341085	5.0
0	0	data/BGE00431_MGE-BGE_r1_1.3_1.5_s50_100.fasta	None	Cerambycidae	BLAST	family	COI-5P	656	1533	Cerambycidae	UNIFI999-24_r_1_s_50	Stenopterus atricornis	0	UNIFI999-24	1	50	False	False	3152633	47481	6431	1533	1313.0	5515.0	2961.563600782779	2928.0
0	0	data/BGE00431_MGE-BGE_r1_1.3_1.5_s50_100.fasta	None	Cerambycidae	BLAST	family	COI-5P	656	1533	Cerambycidae	UNIFI999-24_r_1_s_100	Stenopterus atricornis	0	UNIFI999-24	1	100	False	False	3152633	38079	6431	1533	1171.0	4407.0	2626.3639921722115	2604.0
0	0	data/BGE00431_MGE-BGE_r1_1.3_1.5_s50_100.fasta	None	Cerambycidae	BLAST	family	COI-5P	656	1533	Cerambycidae	UNIFI999-24_r_1.3_s_50	Stenopterus atricornis	0	UNIFI999-24	1.3	50	False	False	3152633	41366	6431	1533	466.0	4891.0	2562.6771037181998	2666.0
0	0	data/BGE00431_MGE-BGE_r1_1.3_1.5_s50_100.fasta	None	Cerambycidae	BLAST	family	COI-5P	656	1533	Cerambycidae	UNIFI999-24_r_1.3_s_100	Stenopterus atricornis	0	UNIFI999-24	1.3	100	False	False	3152633	34056	6431	1533	439.0	4382.0	2317.79060665362	2380.0
0	0	data/BGE00431_MGE-BGE_r1_1.3_1.5_s50_100.fasta	None	Cerambycidae	BLAST	family	COI-5P	656	1524	Cerambycidae	UNIFI999-24_r_1.5_s_50	Stenopterus atricornis	0	UNIFI999-24	1.5	50	False	False	3152633	32624	6431	1533	0.0	4426.0	2016.7260273972602	1982.0
0	0	data/BGE00431_MGE-BGE_r1_1.3_1.5_s50_100.fasta	None	Cerambycidae	BLAST	family	COI-5P	656	1509	Cerambycidae	UNIFI999-24_r_1.5_s_100	Stenopterus atricornis	0	UNIFI999-24	1.5	100	False	False	3152633	27626	6431	1533	0.0	4099.0	1858.279843444227	1820.0
