ambig_basecount	ambig_full_basecount	dataset	error	identification	identification_method	identification_rank	marker_code	nuc_basecount	nuc_full_basecount	obs_taxon	sequence_id	species	stop_codons	group_id	r	s	fcleaner	merge	n_reads_in	n_reads_aligned	n_reads_skipped	ref_length	cov_min	cov_max	cov_avg	cov_med
9	11	data/BGE00304_MGE-BGE_r1_1.3_1.5_s50_100.fasta	None	Veliidae	BLAST	family	COI-5P	657	1533	Veliidae	BGSNH001-24_r_1_s_50	Rhagovelia nigricans	0	BGSNH001-24	1	50	False	False	14730714	619	418	1533	12.0	55.0	28.49119373776908	28.0
0	0	data/BGE00304_MGE-BGE_r1_1.3_1.5_s50_100.fasta	None	Veliidae	BLAST	family	COI-5P	657	1533	Veliidae	BGSNH001-24_r_1_s_100	Rhagovelia nigricans	0	BGSNH001-24	1	100	False	False	14730714	309	418	1533	5.0	36.0	19.37573385518591	19.0
2	2	data/BGE00304_MGE-BGE_r1_1.3_1.5_s50_100.fasta	None	Veliidae	BLAST	family	COI-5P	657	1533	Veliidae	BGSNH001-24_r_1.3_s_50	Rhagovelia nigricans	0	BGSNH001-24	1.3	50	False	False	14730714	502	418	1533	12.0	54.0	24.66340508806262	24.0
0	0	data/BGE00304_MGE-BGE_r1_1.3_1.5_s50_100.fasta	None	Veliidae	BLAST	family	COI-5P	657	1533	Veliidae	BGSNH001-24_r_1.3_s_100	Rhagovelia nigricans	0	BGSNH001-24	1.3	100	False	False	14730714	305	418	1533	5.0	36.0	19.12720156555773	18.0
1	1	data/BGE00304_MGE-BGE_r1_1.3_1.5_s50_100.fasta	None	Veliidae	BLAST	family	COI-5P	657	1533	Veliidae	BGSNH001-24_r_1.5_s_50	Rhagovelia nigricans	0	BGSNH001-24	1.5	50	False	False	14730714	430	418	1533	10.0	39.0	22.450097847358123	22.0
0	0	data/BGE00304_MGE-BGE_r1_1.3_1.5_s50_100.fasta	None	Veliidae	BLAST	family	COI-5P	657	1533	Veliidae	BGSNH001-24_r_1.5_s_100	Rhagovelia nigricans	0	BGSNH001-24	1.5	100	False	False	14730714	297	418	1533	5.0	36.0	18.696673189823876	18.0
71	88	data/BGE00304_MGE-BGE_r1_1.3_1.5_s50_100.fasta	None	Veliidae	BLAST	family	COI-5P	656	1533	Gerridae,Veliidae	BGSNH002-24_r_1_s_50	Rhagovelia nigricans	0	BGSNH002-24	1	50	False	False	4747276	1365	740	1533	7.0	331.0	90.41682974559687	81.0
54	66	data/BGE00304_MGE-BGE_r1_1.3_1.5_s50_100.fasta	None	Veliidae	BLAST	family	COI-5P	656	1533	Gerridae,Veliidae	BGSNH002-24_r_1_s_100	Rhagovelia nigricans	0	BGSNH002-24	1	100	False	False	4747276	905	740	1533	4.0	177.0	76.7866927592955	70.0
27	28	data/BGE00304_MGE-BGE_r1_1.3_1.5_s50_100.fasta	None	Veliidae	BLAST	family	COI-5P	657	1533	Gerridae,Veliidae	BGSNH002-24_r_1.3_s_50	Rhagovelia nigricans	0	BGSNH002-24	1.3	50	False	False	4747276	898	740	1533	7.0	208.0	49.22504892367906	43.0
21	21	data/BGE00304_MGE-BGE_r1_1.3_1.5_s50_100.fasta	None	Veliidae	BLAST	family	COI-5P	657	1533	Veliidae	BGSNH002-24_r_1.3_s_100	Rhagovelia nigricans	0	BGSNH002-24	1.3	100	False	False	4747276	584	740	1533	4.0	103.0	40.93933463796478	36.0
2	2	data/BGE00304_MGE-BGE_r1_1.3_1.5_s50_100.fasta	None	Veliidae	BLAST	family	COI-5P	657	1533	Veliidae	BGSNH002-24_r_1.5_s_50	Rhagovelia nigricans	0	BGSNH002-24	1.5	50	False	False	4747276	742	740	1533	7.0	195.0	38.56360078277886	33.0
2	2	data/BGE00304_MGE-BGE_r1_1.3_1.5_s50_100.fasta	None	Veliidae	BLAST	family	COI-5P	657	1533	Veliidae	BGSNH002-24_r_1.5_s_100	Rhagovelia nigricans	0	BGSNH002-24	1.5	100	False	False	4747276	495	740	1533	4.0	92.0	32.40117416829746	28.0
13	18	data/BGE00304_MGE-BGE_r1_1.3_1.5_s50_100.fasta	None	Veliidae	BLAST	family	COI-5P	653	1530	Gerridae,Veliidae	BGSNH003-24_r_1_s_50	Rhagovelia nigricans	0	BGSNH003-24	1	50	False	False	1116620	482	216	1533	0.0	85.0	26.88454011741683	24.0
13	13	data/BGE00304_MGE-BGE_r1_1.3_1.5_s50_100.fasta	None	Veliidae	BLAST	family	COI-5P	641	1530	Gerridae,Veliidae	BGSNH003-24_r_1_s_100	Rhagovelia nigricans	0	BGSNH003-24	1	100	False	False	1116620	291	216	1533	0.0	54.0	20.581213307240706	19.0
0	2	data/BGE00304_MGE-BGE_r1_1.3_1.5_s50_100.fasta	None	Veliidae	BLAST	family	COI-5P	648	1524	Veliidae	BGSNH003-24_r_1.3_s_50	Rhagovelia nigricans	0	BGSNH003-24	1.3	50	False	False	1116620	339	216	1533	0.0	47.0	16.649706457925635	16.0
0	0	data/BGE00304_MGE-BGE_r1_1.3_1.5_s50_100.fasta	None	Veliidae	BLAST	family	COI-5P	624	1500	Veliidae	BGSNH003-24_r_1.3_s_100	Rhagovelia nigricans	0	BGSNH003-24	1.3	100	False	False	1116620	217	216	1533	0.0	39.0	12.917808219178083	13.0
0	0	data/BGE00304_MGE-BGE_r1_1.3_1.5_s50_100.fasta	None	Veliidae	BLAST	family	COI-5P	648	1524	Veliidae	BGSNH003-24_r_1.5_s_50	Rhagovelia nigricans	0	BGSNH003-24	1.5	50	False	False	1116620	305	216	1533	0.0	47.0	15.313111545988258	14.0
0	0	data/BGE00304_MGE-BGE_r1_1.3_1.5_s50_100.fasta	None	Veliidae	BLAST	family	COI-5P	624	1500	Veliidae	BGSNH003-24_r_1.5_s_100	Rhagovelia nigricans	0	BGSNH003-24	1.5	100	False	False	1116620	209	216	1533	0.0	39.0	12.395303326810176	11.0
0	0	data/BGE00304_MGE-BGE_r1_1.3_1.5_s50_100.fasta	None	Veliidae	BLAST	family	COI-5P	657	1524	Gerridae,Veliidae	BGSNH004-24_r_1_s_50	Velia concii	0	BGSNH004-24	1	50	False	False	7725966	1258	20	1524	2.0	115.0	65.12795275590551	63.0
0	0	data/BGE00304_MGE-BGE_r1_1.3_1.5_s50_100.fasta	None	Veliidae	BLAST	family	COI-5P	657	1521	Gerridae,Veliidae	BGSNH004-24_r_1_s_100	Velia concii	0	BGSNH004-24	1	100	False	False	7725966	848	20	1524	0.0	93.0	52.43503937007874	51.0
0	0	data/BGE00304_MGE-BGE_r1_1.3_1.5_s50_100.fasta	None	Veliidae	BLAST	family	COI-5P	657	1524	Gerridae,Veliidae	BGSNH004-24_r_1.3_s_50	Velia concii	0	BGSNH004-24	1.3	50	False	False	7725966	1214	20	1524	2.0	105.0	62.66338582677165	62.0
0	0	data/BGE00304_MGE-BGE_r1_1.3_1.5_s50_100.fasta	None	Veliidae	BLAST	family	COI-5P	657	1521	Gerridae,Veliidae	BGSNH004-24_r_1.3_s_100	Velia concii	0	BGSNH004-24	1.3	100	False	False	7725966	836	20	1524	0.0	90.0	51.0	49.0
0	0	data/BGE00304_MGE-BGE_r1_1.3_1.5_s50_100.fasta	None	Veliidae	BLAST	family	COI-5P	657	1524	Gerridae,Veliidae	BGSNH004-24_r_1.5_s_50	Velia concii	0	BGSNH004-24	1.5	50	False	False	7725966	1119	20	1524	2.0	100.0	58.27165354330709	56.5
0	0	data/BGE00304_MGE-BGE_r1_1.3_1.5_s50_100.fasta	None	Veliidae	BLAST	family	COI-5P	657	1521	Gerridae,Veliidae	BGSNH004-24_r_1.5_s_100	Velia concii	0	BGSNH004-24	1.5	100	False	False	7725966	795	20	1524	0.0	90.0	48.37007874015748	47.0
0	0	data/BGE00304_MGE-BGE_r1_1.3_1.5_s50_100.fasta	None	Veliidae	BLAST	family	COI-5P	657	1521	Gerridae,Veliidae	BGSNH005-24_r_1_s_50	Velia concii	0	BGSNH005-24	1	50	False	False	6456881	944	16	1524	0.0	80.0	43.889763779527556	42.0
0	0	data/BGE00304_MGE-BGE_r1_1.3_1.5_s50_100.fasta	None	Veliidae	BLAST	family	COI-5P	657	1521	Gerridae,Veliidae	BGSNH005-24_r_1_s_100	Velia concii	0	BGSNH005-24	1	100	False	False	6456881	541	16	1524	0.0	61.0	31.328740157480315	30.0
0	0	data/BGE00304_MGE-BGE_r1_1.3_1.5_s50_100.fasta	None	Veliidae	BLAST	family	COI-5P	657	1521	Gerridae,Veliidae	BGSNH005-24_r_1.3_s_50	Velia concii	0	BGSNH005-24	1.3	50	False	False	6456881	902	16	1524	0.0	75.0	42.23622047244095	40.0
0	0	data/BGE00304_MGE-BGE_r1_1.3_1.5_s50_100.fasta	None	Veliidae	BLAST	family	COI-5P	657	1521	Gerridae,Veliidae	BGSNH005-24_r_1.3_s_100	Velia concii	0	BGSNH005-24	1.3	100	False	False	6456881	537	16	1524	0.0	59.0	30.966535433070867	30.0
0	0	data/BGE00304_MGE-BGE_r1_1.3_1.5_s50_100.fasta	None	Veliidae	BLAST	family	COI-5P	657	1521	Gerridae,Veliidae	BGSNH005-24_r_1.5_s_50	Velia concii	0	BGSNH005-24	1.5	50	False	False	6456881	834	16	1524	0.0	75.0	39.22244094488189	37.0
0	0	data/BGE00304_MGE-BGE_r1_1.3_1.5_s50_100.fasta	None	Veliidae	BLAST	family	COI-5P	657	1521	Gerridae,Veliidae	BGSNH005-24_r_1.5_s_100	Velia concii	0	BGSNH005-24	1.5	100	False	False	6456881	513	16	1524	0.0	59.0	29.401574803149607	28.0
0	0	data/BGE00304_MGE-BGE_r1_1.3_1.5_s50_100.fasta	None	Veliidae	BLAST	family	COI-5P	657	1521	Gerridae,Veliidae	BGSNH006-24_r_1_s_50	Velia concii	0	BGSNH006-24	1	50	False	False	8153326	1815	110	1524	0.0	198.0	90.56102362204724	84.0
0	0	data/BGE00304_MGE-BGE_r1_1.3_1.5_s50_100.fasta	None	Veliidae	BLAST	family	COI-5P	657	1521	Gerridae,Veliidae	BGSNH006-24_r_1_s_100	Velia concii	0	BGSNH006-24	1	100	False	False	8153326	1221	110	1524	0.0	181.0	72.13385826771653	65.0
0	0	data/BGE00304_MGE-BGE_r1_1.3_1.5_s50_100.fasta	None	Veliidae	BLAST	family	COI-5P	657	1521	Gerridae,Veliidae	BGSNH006-24_r_1.3_s_50	Velia concii	0	BGSNH006-24	1.3	50	False	False	8153326	1762	110	1524	0.0	195.0	88.43700787401575	82.5
0	0	data/BGE00304_MGE-BGE_r1_1.3_1.5_s50_100.fasta	None	Veliidae	BLAST	family	COI-5P	657	1521	Gerridae,Veliidae	BGSNH006-24_r_1.3_s_100	Velia concii	0	BGSNH006-24	1.3	100	False	False	8153326	1216	110	1524	0.0	181.0	71.59251968503936	64.5
0	0	data/BGE00304_MGE-BGE_r1_1.3_1.5_s50_100.fasta	None	Veliidae	BLAST	family	COI-5P	657	1521	Gerridae,Veliidae	BGSNH006-24_r_1.5_s_50	Velia concii	0	BGSNH006-24	1.5	50	False	False	8153326	1599	110	1524	0.0	159.0	81.00984251968504	77.5
0	0	data/BGE00304_MGE-BGE_r1_1.3_1.5_s50_100.fasta	None	Veliidae	BLAST	family	COI-5P	657	1521	Gerridae,Veliidae	BGSNH006-24_r_1.5_s_100	Velia concii	0	BGSNH006-24	1.5	100	False	False	8153326	1136	110	1524	0.0	144.0	66.93307086614173	62.0
23	81	data/BGE00304_MGE-BGE_r1_1.3_1.5_s50_100.fasta	None	Veliidae	BLAST	family	COI-5P	656	1521	Veliidae	BGSNH007-24_r_1_s_50	Velia gridellii	0	BGSNH007-24	1	50	False	False	7909443	935	492	1524	0.0	122.0	53.02755905511811	51.5
15	72	data/BGE00304_MGE-BGE_r1_1.3_1.5_s50_100.fasta	None	Veliidae	BLAST	family	COI-5P	656	1518	Veliidae	BGSNH007-24_r_1_s_100	Velia gridellii	0	BGSNH007-24	1	100	False	False	7909443	540	492	1524	0.0	96.0	40.39370078740158	37.0
5	6	data/BGE00304_MGE-BGE_r1_1.3_1.5_s50_100.fasta	None	Veliidae	BLAST	family	COI-5P	656	1521	Gerridae,Veliidae	BGSNH007-24_r_1.3_s_50	Velia gridellii	0	BGSNH007-24	1.3	50	False	False	7909443	675	492	1524	0.0	71.0	32.83464566929134	30.0
5	7	data/BGE00304_MGE-BGE_r1_1.3_1.5_s50_100.fasta	None	Veliidae	BLAST	family	COI-5P	656	1521	Gerridae,Veliidae	BGSNH007-24_r_1.3_s_100	Velia gridellii	0	BGSNH007-24	1.3	100	False	False	7909443	400	492	1524	0.0	57.0	24.590551181102363	21.0
1	1	data/BGE00304_MGE-BGE_r1_1.3_1.5_s50_100.fasta	None	Veliidae	BLAST	family	COI-5P	657	1521	Gerridae,Veliidae	BGSNH007-24_r_1.5_s_50	Velia gridellii	0	BGSNH007-24	1.5	50	False	False	7909443	586	492	1524	0.0	55.0	27.96062992125984	27.0
3	3	data/BGE00304_MGE-BGE_r1_1.3_1.5_s50_100.fasta	None	Veliidae	BLAST	family	COI-5P	656	1521	Gerridae,Veliidae	BGSNH007-24_r_1.5_s_100	Velia gridellii	0	BGSNH007-24	1.5	100	False	False	7909443	354	492	1524	0.0	49.0	21.188976377952756	19.0
0	0	data/BGE00304_MGE-BGE_r1_1.3_1.5_s50_100.fasta	None	Veliidae	BLAST	family	COI-5P	657	1524	Gerridae,Veliidae	BGSNH008-24_r_1_s_50	Velia gridellii	0	BGSNH008-24	1	50	False	False	10355529	7939	206	1524	8.0	975.0	484.253937007874	448.5
0	0	data/BGE00304_MGE-BGE_r1_1.3_1.5_s50_100.fasta	None	Veliidae	BLAST	family	COI-5P	657	1521	Gerridae,Veliidae	BGSNH008-24_r_1_s_100	Velia gridellii	0	BGSNH008-24	1	100	False	False	10355529	6234	206	1524	0.0	904.0	430.57086614173227	394.0
0	0	data/BGE00304_MGE-BGE_r1_1.3_1.5_s50_100.fasta	None	Veliidae	BLAST	family	COI-5P	657	1524	Gerridae,Veliidae	BGSNH008-24_r_1.3_s_50	Velia gridellii	0	BGSNH008-24	1.3	50	False	False	10355529	7610	206	1524	8.0	965.0	461.4468503937008	417.0
0	0	data/BGE00304_MGE-BGE_r1_1.3_1.5_s50_100.fasta	None	Veliidae	BLAST	family	COI-5P	657	1521	Gerridae,Veliidae	BGSNH008-24_r_1.3_s_100	Velia gridellii	0	BGSNH008-24	1.3	100	False	False	10355529	6074	206	1524	0.0	903.0	413.4429133858268	382.5
0	0	data/BGE00304_MGE-BGE_r1_1.3_1.5_s50_100.fasta	None	Veliidae	BLAST	family	COI-5P	657	1524	Gerridae,Veliidae	BGSNH008-24_r_1.5_s_50	Velia gridellii	0	BGSNH008-24	1.5	50	False	False	10355529	7198	206	1524	8.0	826.0	440.76574803149606	413.0
0	0	data/BGE00304_MGE-BGE_r1_1.3_1.5_s50_100.fasta	None	Veliidae	BLAST	family	COI-5P	657	1521	Gerridae,Veliidae	BGSNH008-24_r_1.5_s_100	Velia gridellii	0	BGSNH008-24	1.5	100	False	False	10355529	5870	206	1524	0.0	744.0	400.26181102362204	380.5
0	0	data/BGE00304_MGE-BGE_r1_1.3_1.5_s50_100.fasta	None	Veliidae	BLAST	family	COI-5P	657	1521	Gerridae,Veliidae	BGSNH009-24_r_1_s_50	Velia gridellii	0	BGSNH009-24	1	50	False	False	8959009	8805	599	1524	0.0	1164.0	526.7283464566929	481.0
0	0	data/BGE00304_MGE-BGE_r1_1.3_1.5_s50_100.fasta	None	Veliidae	BLAST	family	COI-5P	657	1521	Gerridae,Veliidae	BGSNH009-24_r_1_s_100	Velia gridellii	0	BGSNH009-24	1	100	False	False	8959009	6881	599	1524	0.0	1062.0	466.3897637795276	434.5
0	0	data/BGE00304_MGE-BGE_r1_1.3_1.5_s50_100.fasta	None	Veliidae	BLAST	family	COI-5P	657	1521	Gerridae,Veliidae	BGSNH009-24_r_1.3_s_50	Velia gridellii	0	BGSNH009-24	1.3	50	False	False	8959009	8422	599	1524	0.0	1118.0	500.4724409448819	455.5
0	0	data/BGE00304_MGE-BGE_r1_1.3_1.5_s50_100.fasta	None	Veliidae	BLAST	family	COI-5P	657	1521	Gerridae,Veliidae	BGSNH009-24_r_1.3_s_100	Velia gridellii	0	BGSNH009-24	1.3	100	False	False	8959009	6713	599	1524	0.0	1046.0	447.6003937007874	402.0
0	0	data/BGE00304_MGE-BGE_r1_1.3_1.5_s50_100.fasta	None	Veliidae	BLAST	family	COI-5P	657	1521	Gerridae,Veliidae	BGSNH009-24_r_1.5_s_50	Velia gridellii	0	BGSNH009-24	1.5	50	False	False	8959009	7811	599	1524	0.0	837.0	466.21062992125985	442.5
0	0	data/BGE00304_MGE-BGE_r1_1.3_1.5_s50_100.fasta	None	Veliidae	BLAST	family	COI-5P	657	1521	Gerridae,Veliidae	BGSNH009-24_r_1.5_s_100	Velia gridellii	0	BGSNH009-24	1.5	100	False	False	8959009	6310	599	1524	0.0	749.0	420.505905511811	395.0
30	57	data/BGE00304_MGE-BGE_r1_1.3_1.5_s50_100.fasta	None	Veliidae	BLAST	family	COI-5P	656	1521	Veliidae	BGSNH010-24_r_1_s_50	Velia hoberlandti	0	BGSNH010-24	1	50	False	False	5588187	1548	740	1524	0.0	229.0	89.59055118110236	80.0
27	52	data/BGE00304_MGE-BGE_r1_1.3_1.5_s50_100.fasta	None	Veliidae	BLAST	family	COI-5P	656	1521	Veliidae	BGSNH010-24_r_1_s_100	Velia hoberlandti	0	BGSNH010-24	1	100	False	False	5588187	1018	740	1524	0.0	204.0	72.66338582677166	65.5
6	7	data/BGE00304_MGE-BGE_r1_1.3_1.5_s50_100.fasta	None	Veliidae	BLAST	family	COI-5P	657	1521	Gerridae,Veliidae	BGSNH010-24_r_1.3_s_50	Velia hoberlandti	0	BGSNH010-24	1.3	50	False	False	5588187	1211	740	1524	0.0	166.0	58.58267716535433	52.0
9	11	data/BGE00304_MGE-BGE_r1_1.3_1.5_s50_100.fasta	None	Veliidae	BLAST	family	COI-5P	657	1521	Gerridae,Veliidae	BGSNH010-24_r_1.3_s_100	Velia hoberlandti	0	BGSNH010-24	1.3	100	False	False	5588187	785	740	1524	0.0	135.0	45.49409448818898	39.0
6	6	data/BGE00304_MGE-BGE_r1_1.3_1.5_s50_100.fasta	None	Veliidae	BLAST	family	COI-5P	657	1521	Gerridae,Veliidae	BGSNH010-24_r_1.5_s_50	Velia hoberlandti	0	BGSNH010-24	1.5	50	False	False	5588187	968	740	1524	0.0	93.0	46.2007874015748	43.0
7	7	data/BGE00304_MGE-BGE_r1_1.3_1.5_s50_100.fasta	None	Veliidae	BLAST	family	COI-5P	657	1521	Gerridae,Veliidae	BGSNH010-24_r_1.5_s_100	Velia hoberlandti	0	BGSNH010-24	1.5	100	False	False	5588187	652	740	1524	0.0	87.0	36.738188976377955	34.0
0	0	data/BGE00304_MGE-BGE_r1_1.3_1.5_s50_100.fasta	None	Veliidae	BLAST	family	COI-5P	657	1521	Gerridae,Veliidae	BGSNH011-24_r_1_s_50	Velia lindbergi	0	BGSNH011-24	1	50	False	False	5061327	11733	633	1524	0.0	1310.0	666.8602362204724	611.5
0	0	data/BGE00304_MGE-BGE_r1_1.3_1.5_s50_100.fasta	None	Veliidae	BLAST	family	COI-5P	657	1521	Gerridae,Veliidae	BGSNH011-24_r_1_s_100	Velia lindbergi	0	BGSNH011-24	1	100	False	False	5061327	8801	633	1524	0.0	1009.0	574.1397637795276	544.0
0	0	data/BGE00304_MGE-BGE_r1_1.3_1.5_s50_100.fasta	None	Veliidae	BLAST	family	COI-5P	657	1521	Gerridae,Veliidae	BGSNH011-24_r_1.3_s_50	Velia lindbergi	0	BGSNH011-24	1.3	50	False	False	5061327	11254	633	1524	0.0	1310.0	627.6732283464567	573.5
0	0	data/BGE00304_MGE-BGE_r1_1.3_1.5_s50_100.fasta	None	Veliidae	BLAST	family	COI-5P	657	1521	Gerridae,Veliidae	BGSNH011-24_r_1.3_s_100	Velia lindbergi	0	BGSNH011-24	1.3	100	False	False	5061327	8489	633	1524	0.0	1009.0	541.4409448818898	517.0
0	0	data/BGE00304_MGE-BGE_r1_1.3_1.5_s50_100.fasta	None	Veliidae	BLAST	family	COI-5P	657	1521	Gerridae,Veliidae	BGSNH011-24_r_1.5_s_50	Velia lindbergi	0	BGSNH011-24	1.5	50	False	False	5061327	10583	633	1524	0.0	1299.0	593.9291338582677	555.0
0	0	data/BGE00304_MGE-BGE_r1_1.3_1.5_s50_100.fasta	None	Veliidae	BLAST	family	COI-5P	657	1521	Gerridae,Veliidae	BGSNH011-24_r_1.5_s_100	Velia lindbergi	0	BGSNH011-24	1.5	100	False	False	5061327	8136	633	1524	0.0	1009.0	519.0531496062993	500.5
6	26	data/BGE00304_MGE-BGE_r1_1.3_1.5_s50_100.fasta	None	Veliidae	BLAST	family	COI-5P	656	1521	Gerridae,Veliidae	BGSNH012-24_r_1_s_50	Velia lindbergi	0	BGSNH012-24	1	50	False	False	8466138	5642	1238	1524	0.0	790.0	239.54921259842519	188.0
10	27	data/BGE00304_MGE-BGE_r1_1.3_1.5_s50_100.fasta	None	Veliidae	BLAST	family	COI-5P	657	1521	Veliidae	BGSNH012-24_r_1_s_100	Velia lindbergi	0	BGSNH012-24	1	100	False	False	8466138	2234	1238	1524	0.0	427.0	135.01377952755905	128.0
0	0	data/BGE00304_MGE-BGE_r1_1.3_1.5_s50_100.fasta	None	Veliidae	BLAST	family	COI-5P	657	1521	Gerridae,Veliidae	BGSNH012-24_r_1.3_s_50	Velia lindbergi	0	BGSNH012-24	1.3	50	False	False	8466138	5068	1238	1524	0.0	634.0	195.03543307086613	153.5
4	4	data/BGE00304_MGE-BGE_r1_1.3_1.5_s50_100.fasta	None	Veliidae	BLAST	family	COI-5P	657	1521	Veliidae	BGSNH012-24_r_1.3_s_100	Velia lindbergi	0	BGSNH012-24	1.3	100	False	False	8466138	1936	1238	1524	0.0	344.0	100.26181102362204	83.0
0	0	data/BGE00304_MGE-BGE_r1_1.3_1.5_s50_100.fasta	None	Veliidae	BLAST	family	COI-5P	657	1521	Gerridae,Veliidae	BGSNH012-24_r_1.5_s_50	Velia lindbergi	0	BGSNH012-24	1.5	50	False	False	8466138	4326	1238	1524	0.0	563.0	160.4035433070866	138.5
0	0	data/BGE00304_MGE-BGE_r1_1.3_1.5_s50_100.fasta	None	Veliidae	BLAST	family	COI-5P	657	1521	Gerridae,Veliidae	BGSNH012-24_r_1.5_s_100	Velia lindbergi	0	BGSNH012-24	1.5	100	False	False	8466138	1714	1238	1524	0.0	276.0	83.36811023622047	75.0
0	0	data/BGE00304_MGE-BGE_r1_1.3_1.5_s50_100.fasta	None	Veliidae	BLAST	family	COI-5P	657	1521	Gerridae,Veliidae	BGSNH013-24_r_1_s_50	Velia mancinii	0	BGSNH013-24	1	50	False	False	2135143	5223	792	1524	0.0	863.0	307.01771653543307	225.5
0	0	data/BGE00304_MGE-BGE_r1_1.3_1.5_s50_100.fasta	None	Veliidae	BLAST	family	COI-5P	657	1521	Gerridae,Veliidae	BGSNH013-24_r_1_s_100	Velia mancinii	0	BGSNH013-24	1	100	False	False	2135143	4040	792	1524	0.0	782.0	270.70866141732284	202.5
0	0	data/BGE00304_MGE-BGE_r1_1.3_1.5_s50_100.fasta	None	Veliidae	BLAST	family	COI-5P	657	1521	Gerridae,Veliidae	BGSNH013-24_r_1.3_s_50	Velia mancinii	0	BGSNH013-24	1.3	50	False	False	2135143	5044	792	1524	0.0	852.0	295.36417322834643	216.0
0	0	data/BGE00304_MGE-BGE_r1_1.3_1.5_s50_100.fasta	None	Veliidae	BLAST	family	COI-5P	657	1521	Gerridae,Veliidae	BGSNH013-24_r_1.3_s_100	Velia mancinii	0	BGSNH013-24	1.3	100	False	False	2135143	3971	792	1524	0.0	782.0	262.63385826771656	191.0
0	0	data/BGE00304_MGE-BGE_r1_1.3_1.5_s50_100.fasta	None	Veliidae	BLAST	family	COI-5P	657	1521	Gerridae,Veliidae	BGSNH013-24_r_1.5_s_50	Velia mancinii	0	BGSNH013-24	1.5	50	False	False	2135143	4641	792	1524	0.0	651.0	272.8503937007874	213.0
0	0	data/BGE00304_MGE-BGE_r1_1.3_1.5_s50_100.fasta	None	Veliidae	BLAST	family	COI-5P	657	1521	Gerridae,Veliidae	BGSNH013-24_r_1.5_s_100	Velia mancinii	0	BGSNH013-24	1.5	100	False	False	2135143	3717	792	1524	0.0	609.0	245.56496062992127	191.0
0	0	data/BGE00304_MGE-BGE_r1_1.3_1.5_s50_100.fasta	None	Veliidae	BLAST	family	COI-5P	657	1521	Gerridae,Veliidae	BGSNH014-24_r_1_s_50	Velia mancinii	0	BGSNH014-24	1	50	False	False	7633862	2146	41	1524	0.0	187.0	117.08858267716535	111.0
0	0	data/BGE00304_MGE-BGE_r1_1.3_1.5_s50_100.fasta	None	Veliidae	BLAST	family	COI-5P	657	1521	Gerridae,Veliidae	BGSNH014-24_r_1_s_100	Velia mancinii	0	BGSNH014-24	1	100	False	False	7633862	1528	41	1524	0.0	171.0	97.75393700787401	92.0
0	0	data/BGE00304_MGE-BGE_r1_1.3_1.5_s50_100.fasta	None	Veliidae	BLAST	family	COI-5P	657	1521	Gerridae,Veliidae	BGSNH014-24_r_1.3_s_50	Velia mancinii	0	BGSNH014-24	1.3	50	False	False	7633862	2064	41	1524	0.0	185.0	112.66338582677166	107.0
0	0	data/BGE00304_MGE-BGE_r1_1.3_1.5_s50_100.fasta	None	Veliidae	BLAST	family	COI-5P	657	1521	Gerridae,Veliidae	BGSNH014-24_r_1.3_s_100	Velia mancinii	0	BGSNH014-24	1.3	100	False	False	7633862	1501	41	1524	0.0	169.0	95.30314960629921	90.0
0	0	data/BGE00304_MGE-BGE_r1_1.3_1.5_s50_100.fasta	None	Veliidae	BLAST	family	COI-5P	657	1521	Gerridae,Veliidae	BGSNH014-24_r_1.5_s_50	Velia mancinii	0	BGSNH014-24	1.5	50	False	False	7633862	1930	41	1524	0.0	178.0	106.5255905511811	101.0
0	0	data/BGE00304_MGE-BGE_r1_1.3_1.5_s50_100.fasta	None	Veliidae	BLAST	family	COI-5P	657	1521	Gerridae,Veliidae	BGSNH014-24_r_1.5_s_100	Velia mancinii	0	BGSNH014-24	1.5	100	False	False	7633862	1446	41	1524	0.0	168.0	91.93110236220473	87.0
0	0	data/BGE00304_MGE-BGE_r1_1.3_1.5_s50_100.fasta	None	Veliidae	BLAST	family	COI-5P	657	1521	Gerridae,Veliidae	BGSNH015-24_r_1_s_50	Velia mancinii	0	BGSNH015-24	1	50	False	False	7321970	32012	931	1524	0.0	4448.0	1726.0629921259842	1521.0
0	0	data/BGE00304_MGE-BGE_r1_1.3_1.5_s50_100.fasta	None	Veliidae	BLAST	family	COI-5P	657	1521	Gerridae,Veliidae	BGSNH015-24_r_1_s_100	Velia mancinii	0	BGSNH015-24	1	100	False	False	7321970	23345	931	1524	0.0	3846.0	1454.9251968503936	1288.0
0	0	data/BGE00304_MGE-BGE_r1_1.3_1.5_s50_100.fasta	None	Veliidae	BLAST	family	COI-5P	657	1521	Gerridae,Veliidae	BGSNH015-24_r_1.3_s_50	Velia mancinii	0	BGSNH015-24	1.3	50	False	False	7321970	31595	931	1524	0.0	4363.0	1698.2716535433071	1495.0
0	0	data/BGE00304_MGE-BGE_r1_1.3_1.5_s50_100.fasta	None	Veliidae	BLAST	family	COI-5P	657	1521	Gerridae,Veliidae	BGSNH015-24_r_1.3_s_100	Velia mancinii	0	BGSNH015-24	1.3	100	False	False	7321970	23119	931	1524	0.0	3823.0	1433.8917322834645	1272.5
0	0	data/BGE00304_MGE-BGE_r1_1.3_1.5_s50_100.fasta	None	Veliidae	BLAST	family	COI-5P	657	1521	Gerridae,Veliidae	BGSNH015-24_r_1.5_s_50	Velia mancinii	0	BGSNH015-24	1.5	50	False	False	7321970	29272	931	1524	0.0	3073.0	1582.2047244094488	1463.0
0	0	data/BGE00304_MGE-BGE_r1_1.3_1.5_s50_100.fasta	None	Veliidae	BLAST	family	COI-5P	657	1521	Gerridae,Veliidae	BGSNH015-24_r_1.5_s_100	Velia mancinii	0	BGSNH015-24	1.5	100	False	False	7321970	21851	931	1524	0.0	2854.0	1355.7204724409448	1256.5
10	10	data/BGE00304_MGE-BGE_r1_1.3_1.5_s50_100.fasta	None	Veliidae	BLAST	family	COI-5P	656	1521	Veliidae	BGSNH016-24_r_1_s_50	Velia muelleri	0	BGSNH016-24	1	50	False	False	3434371	2085	579	1524	0.0	221.0	121.99803149606299	126.0
5	5	data/BGE00304_MGE-BGE_r1_1.3_1.5_s50_100.fasta	None	Veliidae	BLAST	family	COI-5P	656	1521	Veliidae	BGSNH016-24_r_1_s_100	Velia muelleri	0	BGSNH016-24	1	100	False	False	3434371	1541	579	1524	0.0	198.0	105.03937007874016	109.0
0	0	data/BGE00304_MGE-BGE_r1_1.3_1.5_s50_100.fasta	None	Veliidae	BLAST	family	COI-5P	656	1521	Gerridae,Veliidae	BGSNH016-24_r_1.3_s_50	Velia muelleri	0	BGSNH016-24	1.3	50	False	False	3434371	1917	579	1524	0.0	197.0	104.43897637795276	104.0
0	0	data/BGE00304_MGE-BGE_r1_1.3_1.5_s50_100.fasta	None	Veliidae	BLAST	family	COI-5P	656	1521	Gerridae,Veliidae	BGSNH016-24_r_1.3_s_100	Velia muelleri	0	BGSNH016-24	1.3	100	False	False	3434371	1415	579	1524	0.0	174.0	88.98228346456693	90.0
0	0	data/BGE00304_MGE-BGE_r1_1.3_1.5_s50_100.fasta	None	Veliidae	BLAST	family	COI-5P	656	1521	Gerridae,Veliidae	BGSNH016-24_r_1.5_s_50	Velia muelleri	0	BGSNH016-24	1.5	50	False	False	3434371	1811	579	1524	0.0	195.0	98.92913385826772	94.0
0	0	data/BGE00304_MGE-BGE_r1_1.3_1.5_s50_100.fasta	None	Veliidae	BLAST	family	COI-5P	656	1521	Gerridae,Veliidae	BGSNH016-24_r_1.5_s_100	Velia muelleri	0	BGSNH016-24	1.5	100	False	False	3434371	1355	579	1524	0.0	174.0	85.00393700787401	84.0
5	62	data/BGE00304_MGE-BGE_r1_1.3_1.5_s50_100.fasta	None	Veliidae	BLAST	family	COI-5P	654	1521	Veliidae	BGSNH017-24_r_1_s_50	Velia muelleri	0	BGSNH017-24	1	50	False	False	2267767	843	515	1524	0.0	137.0	52.023622047244096	53.0
0	68	data/BGE00304_MGE-BGE_r1_1.3_1.5_s50_100.fasta	None	Veliidae	BLAST	family	COI-5P	656	1518	Gerridae,Veliidae	BGSNH017-24_r_1_s_100	Velia muelleri	0	BGSNH017-24	1	100	False	False	2267767	537	515	1524	0.0	109.0	41.50984251968504	42.0
3	6	data/BGE00304_MGE-BGE_r1_1.3_1.5_s50_100.fasta	None	Veliidae	BLAST	family	COI-5P	654	1521	Gerridae,Veliidae	BGSNH017-24_r_1.3_s_50	Velia muelleri	0	BGSNH017-24	1.3	50	False	False	2267767	556	515	1524	0.0	80.0	26.753937007874015	23.0
0	3	data/BGE00304_MGE-BGE_r1_1.3_1.5_s50_100.fasta	None	Veliidae	BLAST	family	COI-5P	656	1521	Veliidae	BGSNH017-24_r_1.3_s_100	Velia muelleri	0	BGSNH017-24	1.3	100	False	False	2267767	326	515	1524	0.0	73.0	19.311023622047244	16.0
0	0	data/BGE00304_MGE-BGE_r1_1.3_1.5_s50_100.fasta	None	Veliidae	BLAST	family	COI-5P	656	1521	Gerridae,Veliidae	BGSNH017-24_r_1.5_s_50	Velia muelleri	0	BGSNH017-24	1.5	50	False	False	2267767	447	515	1524	0.0	51.0	20.858267716535433	19.0
0	0	data/BGE00304_MGE-BGE_r1_1.3_1.5_s50_100.fasta	None	Veliidae	BLAST	family	COI-5P	656	1500	Gerridae,Veliidae	BGSNH017-24_r_1.5_s_100	Velia muelleri	0	BGSNH017-24	1.5	100	False	False	2267767	270	515	1524	0.0	44.0	15.242125984251969	14.0
4	43	data/BGE00304_MGE-BGE_r1_1.3_1.5_s50_100.fasta	None	Veliidae	BLAST	family	COI-5P	656	1521	Gerridae	BGSNH018-24_r_1_s_50	Velia muelleri	0	BGSNH018-24	1	50	False	False	4970582	2323	1253	1524	0.0	236.0	112.3484251968504	114.0
6	40	data/BGE00304_MGE-BGE_r1_1.3_1.5_s50_100.fasta	None	Veliidae	BLAST	family	COI-5P	656	1521		BGSNH018-24_r_1_s_100	Velia muelleri	0	BGSNH018-24	1	100	False	False	4970582	1178	1253	1524	0.0	161.0	76.70669291338582	74.5
1	1	data/BGE00304_MGE-BGE_r1_1.3_1.5_s50_100.fasta	None	Veliidae	BLAST	family	COI-5P	656	1521	Gerridae,Veliidae	BGSNH018-24_r_1.3_s_50	Velia muelleri	0	BGSNH018-24	1.3	50	False	False	4970582	1987	1253	1524	0.0	145.0	85.29527559055119	85.0
1	1	data/BGE00304_MGE-BGE_r1_1.3_1.5_s50_100.fasta	None	Veliidae	BLAST	family	COI-5P	656	1521	Gerridae,Veliidae	BGSNH018-24_r_1.3_s_100	Velia muelleri	0	BGSNH018-24	1.3	100	False	False	4970582	979	1253	1524	0.0	109.0	54.30511811023622	54.0
0	0	data/BGE00304_MGE-BGE_r1_1.3_1.5_s50_100.fasta	None	Veliidae	BLAST	family	COI-5P	656	1521	Gerridae,Veliidae	BGSNH018-24_r_1.5_s_50	Velia muelleri	0	BGSNH018-24	1.5	50	False	False	4970582	1749	1253	1524	0.0	136.0	73.12007874015748	73.0
1	1	data/BGE00304_MGE-BGE_r1_1.3_1.5_s50_100.fasta	None	Veliidae	BLAST	family	COI-5P	656	1521	Gerridae,Veliidae	BGSNH018-24_r_1.5_s_100	Velia muelleri	0	BGSNH018-24	1.5	100	False	False	4970582	883	1253	1524	0.0	100.0	46.93700787401575	47.0
0	0	data/BGE00304_MGE-BGE_r1_1.3_1.5_s50_100.fasta	None	Veliidae	BLAST	family	COI-5P	656	1524	Gerridae,Veliidae	BGSNH019-24_r_1_s_50	Velia muelleri	0	BGSNH019-24	1	50	False	False	8229192	27557	1138	1524	1.0	3104.0	1584.1200787401574	1585.5
0	0	data/BGE00304_MGE-BGE_r1_1.3_1.5_s50_100.fasta	None	Veliidae	BLAST	family	COI-5P	656	1521	Gerridae,Veliidae	BGSNH019-24_r_1_s_100	Velia muelleri	0	BGSNH019-24	1	100	False	False	8229192	21003	1138	1524	0.0	2755.0	1377.759842519685	1368.0
0	0	data/BGE00304_MGE-BGE_r1_1.3_1.5_s50_100.fasta	None	Veliidae	BLAST	family	COI-5P	656	1524	Gerridae,Veliidae	BGSNH019-24_r_1.3_s_50	Velia muelleri	0	BGSNH019-24	1.3	50	False	False	8229192	27360	1138	1524	1.0	3056.0	1573.4015748031495	1577.5
0	0	data/BGE00304_MGE-BGE_r1_1.3_1.5_s50_100.fasta	None	Veliidae	BLAST	family	COI-5P	656	1521	Gerridae,Veliidae	BGSNH019-24_r_1.3_s_100	Velia muelleri	0	BGSNH019-24	1.3	100	False	False	8229192	20956	1138	1524	0.0	2749.0	1372.6732283464567	1358.5
0	0	data/BGE00304_MGE-BGE_r1_1.3_1.5_s50_100.fasta	None	Veliidae	BLAST	family	COI-5P	656	1524	Gerridae,Veliidae	BGSNH019-24_r_1.5_s_50	Velia muelleri	0	BGSNH019-24	1.5	50	False	False	8229192	25721	1138	1524	1.0	2948.0	1492.3996062992126	1553.0
0	0	data/BGE00304_MGE-BGE_r1_1.3_1.5_s50_100.fasta	None	Veliidae	BLAST	family	COI-5P	656	1521	Gerridae,Veliidae	BGSNH019-24_r_1.5_s_100	Velia muelleri	0	BGSNH019-24	1.5	100	False	False	8229192	20018	1138	1524	0.0	2508.0	1316.3661417322835	1356.5
0	0	data/BGE00304_MGE-BGE_r1_1.3_1.5_s50_100.fasta	None	Veliidae	BLAST	family	COI-5P	656	1521	Gerridae,Veliidae	BGSNH020-24_r_1_s_50	Velia muelleri	0	BGSNH020-24	1	50	False	False	4163640	9617	389	1524	0.0	1055.0	536.5649606299213	517.5
0	0	data/BGE00304_MGE-BGE_r1_1.3_1.5_s50_100.fasta	None	Veliidae	BLAST	family	COI-5P	656	1521	Gerridae,Veliidae	BGSNH020-24_r_1_s_100	Velia muelleri	0	BGSNH020-24	1	100	False	False	4163640	7201	389	1524	0.0	893.0	460.9153543307087	438.5
0	0	data/BGE00304_MGE-BGE_r1_1.3_1.5_s50_100.fasta	None	Veliidae	BLAST	family	COI-5P	656	1521	Gerridae,Veliidae	BGSNH020-24_r_1.3_s_50	Velia muelleri	0	BGSNH020-24	1.3	50	False	False	4163640	9474	389	1524	0.0	1043.0	525.8976377952756	508.0
0	0	data/BGE00304_MGE-BGE_r1_1.3_1.5_s50_100.fasta	None	Veliidae	BLAST	family	COI-5P	656	1521	Gerridae,Veliidae	BGSNH020-24_r_1.3_s_100	Velia muelleri	0	BGSNH020-24	1.3	100	False	False	4163640	7100	389	1524	0.0	881.0	451.71259842519686	432.5
0	0	data/BGE00304_MGE-BGE_r1_1.3_1.5_s50_100.fasta	None	Veliidae	BLAST	family	COI-5P	656	1521	Gerridae,Veliidae	BGSNH020-24_r_1.5_s_50	Velia muelleri	0	BGSNH020-24	1.5	50	False	False	4163640	8902	389	1524	0.0	1009.0	497.744094488189	492.5
0	0	data/BGE00304_MGE-BGE_r1_1.3_1.5_s50_100.fasta	None	Veliidae	BLAST	family	COI-5P	656	1521	Gerridae,Veliidae	BGSNH020-24_r_1.5_s_100	Velia muelleri	0	BGSNH020-24	1.5	100	False	False	4163640	6802	389	1524	0.0	873.0	432.9251968503937	417.0
0	0	data/BGE00304_MGE-BGE_r1_1.3_1.5_s50_100.fasta	None	Veliidae	BLAST	family	COI-5P	657	1521	Gerridae,Veliidae	BGSNH021-24_r_1_s_50	Velia pelagonensis	0	BGSNH021-24	1	50	False	False	6196055	21721	859	1524	0.0	1727.0	1019.0511811023622	988.5
0	0	data/BGE00304_MGE-BGE_r1_1.3_1.5_s50_100.fasta	None	Veliidae	BLAST	family	COI-5P	657	1521	Gerridae,Veliidae	BGSNH021-24_r_1_s_100	Velia pelagonensis	0	BGSNH021-24	1	100	False	False	6196055	13484	859	1524	0.0	1243.0	760.8956692913385	741.0
0	0	data/BGE00304_MGE-BGE_r1_1.3_1.5_s50_100.fasta	None	Veliidae	BLAST	family	COI-5P	657	1521	Gerridae,Veliidae	BGSNH021-24_r_1.3_s_50	Velia pelagonensis	0	BGSNH021-24	1.3	50	False	False	6196055	21449	859	1524	0.0	1727.0	999.2125984251968	964.0
0	0	data/BGE00304_MGE-BGE_r1_1.3_1.5_s50_100.fasta	None	Veliidae	BLAST	family	COI-5P	657	1521	Gerridae,Veliidae	BGSNH021-24_r_1.3_s_100	Velia pelagonensis	0	BGSNH021-24	1.3	100	False	False	6196055	13334	859	1524	0.0	1243.0	745.6102362204724	719.5
0	0	data/BGE00304_MGE-BGE_r1_1.3_1.5_s50_100.fasta	None	Veliidae	BLAST	family	COI-5P	657	1521	Gerridae,Veliidae	BGSNH021-24_r_1.5_s_50	Velia pelagonensis	0	BGSNH021-24	1.5	50	False	False	6196055	20099	859	1524	0.0	1685.0	940.3897637795276	914.5
0	0	data/BGE00304_MGE-BGE_r1_1.3_1.5_s50_100.fasta	None	Veliidae	BLAST	family	COI-5P	657	1521	Gerridae,Veliidae	BGSNH021-24_r_1.5_s_100	Velia pelagonensis	0	BGSNH021-24	1.5	100	False	False	6196055	12860	859	1524	0.0	1132.0	716.6043307086615	684.0
0	0	data/BGE00304_MGE-BGE_r1_1.3_1.5_s50_100.fasta	None	Veliidae	BLAST	family	COI-5P	657	1521	Gerridae,Veliidae	BGSNH022-24_r_1_s_50	Velia pelagonensis	0	BGSNH022-24	1	50	False	False	13353384	3789	170	1524	0.0	366.0	263.75787401574803	264.0
0	0	data/BGE00304_MGE-BGE_r1_1.3_1.5_s50_100.fasta	None	Veliidae	BLAST	family	COI-5P	657	1521	Gerridae,Veliidae	BGSNH022-24_r_1_s_100	Velia pelagonensis	0	BGSNH022-24	1	100	False	False	13353384	3013	170	1524	0.0	346.0	240.81299212598427	243.5
0	0	data/BGE00304_MGE-BGE_r1_1.3_1.5_s50_100.fasta	None	Veliidae	BLAST	family	COI-5P	657	1521	Gerridae,Veliidae	BGSNH022-24_r_1.3_s_50	Velia pelagonensis	0	BGSNH022-24	1.3	50	False	False	13353384	3549	170	1524	0.0	360.0	254.34055118110237	254.0
0	0	data/BGE00304_MGE-BGE_r1_1.3_1.5_s50_100.fasta	None	Veliidae	BLAST	family	COI-5P	657	1521	Gerridae,Veliidae	BGSNH022-24_r_1.3_s_100	Velia pelagonensis	0	BGSNH022-24	1.3	100	False	False	13353384	2980	170	1524	0.0	344.0	237.96850393700788	239.0
0	0	data/BGE00304_MGE-BGE_r1_1.3_1.5_s50_100.fasta	None	Veliidae	BLAST	family	COI-5P	657	1521	Gerridae,Veliidae	BGSNH022-24_r_1.5_s_50	Velia pelagonensis	0	BGSNH022-24	1.5	50	False	False	13353384	3290	170	1524	0.0	356.0	241.9251968503937	247.0
0	0	data/BGE00304_MGE-BGE_r1_1.3_1.5_s50_100.fasta	None	Veliidae	BLAST	family	COI-5P	657	1521	Gerridae,Veliidae	BGSNH022-24_r_1.5_s_100	Velia pelagonensis	0	BGSNH022-24	1.5	100	False	False	13353384	2863	170	1524	0.0	342.0	229.73622047244095	234.0
0	0	data/BGE00304_MGE-BGE_r1_1.3_1.5_s50_100.fasta	None	Veliidae	BLAST	family	COI-5P	657	1521	Gerridae,Veliidae	BGSNH023-24_r_1_s_50	Velia rhadamantha	0	BGSNH023-24	1	50	False	False	7583752	1887	207	1524	0.0	228.0	118.64763779527559	113.5
0	0	data/BGE00304_MGE-BGE_r1_1.3_1.5_s50_100.fasta	None	Veliidae	BLAST	family	COI-5P	657	1521	Gerridae,Veliidae	BGSNH023-24_r_1_s_100	Velia rhadamantha	0	BGSNH023-24	1	100	False	False	7583752	1485	207	1524	0.0	165.0	106.01968503937007	105.0
0	0	data/BGE00304_MGE-BGE_r1_1.3_1.5_s50_100.fasta	None	Veliidae	BLAST	family	COI-5P	657	1521	Gerridae,Veliidae	BGSNH023-24_r_1.3_s_50	Velia rhadamantha	0	BGSNH023-24	1.3	50	False	False	7583752	1783	207	1524	0.0	173.0	115.1259842519685	113.0
0	0	data/BGE00304_MGE-BGE_r1_1.3_1.5_s50_100.fasta	None	Veliidae	BLAST	family	COI-5P	657	1521	Gerridae,Veliidae	BGSNH023-24_r_1.3_s_100	Velia rhadamantha	0	BGSNH023-24	1.3	100	False	False	7583752	1477	207	1524	0.0	165.0	105.36614173228347	104.5
0	0	data/BGE00304_MGE-BGE_r1_1.3_1.5_s50_100.fasta	None	Veliidae	BLAST	family	COI-5P	657	1521	Gerridae,Veliidae	BGSNH023-24_r_1.5_s_50	Velia rhadamantha	0	BGSNH023-24	1.5	50	False	False	7583752	1664	207	1524	0.0	172.0	109.06496062992126	107.0
0	0	data/BGE00304_MGE-BGE_r1_1.3_1.5_s50_100.fasta	None	Veliidae	BLAST	family	COI-5P	657	1521	Gerridae,Veliidae	BGSNH023-24_r_1.5_s_100	Velia rhadamantha	0	BGSNH023-24	1.5	100	False	False	7583752	1415	207	1524	0.0	165.0	101.34448818897638	99.0
0	0	data/BGE00304_MGE-BGE_r1_1.3_1.5_s50_100.fasta	None	Veliidae	BLAST	family	COI-5P	657	1521	Gerridae,Veliidae	BGSNH024-24_r_1_s_50	Velia rhadamantha	0	BGSNH024-24	1	50	False	False	7563344	2221	630	1524	0.0	223.0	141.9488188976378	138.0
0	0	data/BGE00304_MGE-BGE_r1_1.3_1.5_s50_100.fasta	None	Veliidae	BLAST	family	COI-5P	657	1521	Gerridae,Veliidae	BGSNH024-24_r_1_s_100	Velia rhadamantha	0	BGSNH024-24	1	100	False	False	7563344	1658	630	1524	0.0	174.0	123.14960629921259	125.0
0	0	data/BGE00304_MGE-BGE_r1_1.3_1.5_s50_100.fasta	None	Veliidae	BLAST	family	COI-5P	657	1521	Gerridae,Veliidae	BGSNH024-24_r_1.3_s_50	Velia rhadamantha	0	BGSNH024-24	1.3	50	False	False	7563344	1951	630	1524	0.0	176.0	128.70275590551182	128.0
0	0	data/BGE00304_MGE-BGE_r1_1.3_1.5_s50_100.fasta	None	Veliidae	BLAST	family	COI-5P	657	1521	Gerridae,Veliidae	BGSNH024-24_r_1.3_s_100	Velia rhadamantha	0	BGSNH024-24	1.3	100	False	False	7563344	1596	630	1524	0.0	157.0	117.94881889763779	121.0
0	0	data/BGE00304_MGE-BGE_r1_1.3_1.5_s50_100.fasta	None	Veliidae	BLAST	family	COI-5P	657	1521	Gerridae,Veliidae	BGSNH024-24_r_1.5_s_50	Velia rhadamantha	0	BGSNH024-24	1.5	50	False	False	7563344	1832	630	1524	0.0	168.0	122.9507874015748	124.0
0	0	data/BGE00304_MGE-BGE_r1_1.3_1.5_s50_100.fasta	None	Veliidae	BLAST	family	COI-5P	657	1521	Gerridae,Veliidae	BGSNH024-24_r_1.5_s_100	Velia rhadamantha	0	BGSNH024-24	1.5	100	False	False	7563344	1545	630	1524	0.0	154.0	114.53543307086615	118.0
0	0	data/BGE00304_MGE-BGE_r1_1.3_1.5_s50_100.fasta	None	Veliidae	BLAST	family	COI-5P	656	1524	Gerridae,Veliidae	BGSNH025-24_r_1_s_50	Velia sarda	0	BGSNH025-24	1	50	False	False	2313248	3174	525	1524	46.0	267.0	144.11811023622047	139.0
0	0	data/BGE00304_MGE-BGE_r1_1.3_1.5_s50_100.fasta	None	Veliidae	BLAST	family	COI-5P	657	1524	Gerridae,Veliidae	BGSNH025-24_r_1_s_100	Velia sarda	0	BGSNH025-24	1	100	False	False	2313248	1728	525	1524	24.0	189.0	99.36023622047244	97.5
0	0	data/BGE00304_MGE-BGE_r1_1.3_1.5_s50_100.fasta	None	Veliidae	BLAST	family	COI-5P	657	1524	Gerridae,Veliidae	BGSNH025-24_r_1.3_s_50	Velia sarda	0	BGSNH025-24	1.3	50	False	False	2313248	2983	525	1524	46.0	247.0	130.33858267716536	127.0
0	0	data/BGE00304_MGE-BGE_r1_1.3_1.5_s50_100.fasta	None	Veliidae	BLAST	family	COI-5P	657	1524	Gerridae,Veliidae	BGSNH025-24_r_1.3_s_100	Velia sarda	0	BGSNH025-24	1.3	100	False	False	2313248	1631	525	1524	24.0	163.0	89.01771653543307	85.0
0	0	data/BGE00304_MGE-BGE_r1_1.3_1.5_s50_100.fasta	None	Veliidae	BLAST	family	COI-5P	657	1524	Gerridae,Veliidae	BGSNH025-24_r_1.5_s_50	Velia sarda	0	BGSNH025-24	1.5	50	False	False	2313248	2737	525	1524	44.0	224.0	119.51181102362204	115.0
0	0	data/BGE00304_MGE-BGE_r1_1.3_1.5_s50_100.fasta	None	Veliidae	BLAST	family	COI-5P	657	1524	Gerridae,Veliidae	BGSNH025-24_r_1.5_s_100	Velia sarda	0	BGSNH025-24	1.5	100	False	False	2313248	1546	525	1524	24.0	152.0	83.71062992125984	82.0
0	0	data/BGE00304_MGE-BGE_r1_1.3_1.5_s50_100.fasta	None	Veliidae	BLAST	family	COI-5P	657	1524	Gerridae,Veliidae	BGSNH026-24_r_1_s_50	Velia sarda	0	BGSNH026-24	1	50	False	False	2548416	8909	384	1524	174.0	768.0	408.40551181102364	378.5
0	0	data/BGE00304_MGE-BGE_r1_1.3_1.5_s50_100.fasta	None	Veliidae	BLAST	family	COI-5P	657	1524	Gerridae,Veliidae	BGSNH026-24_r_1_s_100	Velia sarda	0	BGSNH026-24	1	100	False	False	2548416	5092	384	1524	92.0	509.0	290.06102362204723	271.0
0	0	data/BGE00304_MGE-BGE_r1_1.3_1.5_s50_100.fasta	None	Veliidae	BLAST	family	COI-5P	657	1524	Gerridae,Veliidae	BGSNH026-24_r_1.3_s_50	Velia sarda	0	BGSNH026-24	1.3	50	False	False	2548416	8523	384	1524	170.0	768.0	379.2204724409449	348.0
0	0	data/BGE00304_MGE-BGE_r1_1.3_1.5_s50_100.fasta	None	Veliidae	BLAST	family	COI-5P	657	1524	Gerridae,Veliidae	BGSNH026-24_r_1.3_s_100	Velia sarda	0	BGSNH026-24	1.3	100	False	False	2548416	4903	384	1524	92.0	497.0	268.31496062992125	254.0
0	0	data/BGE00304_MGE-BGE_r1_1.3_1.5_s50_100.fasta	None	Veliidae	BLAST	family	COI-5P	657	1524	Gerridae,Veliidae	BGSNH026-24_r_1.5_s_50	Velia sarda	0	BGSNH026-24	1.5	50	False	False	2548416	7798	384	1524	164.0	698.0	347.68897637795277	319.0
0	0	data/BGE00304_MGE-BGE_r1_1.3_1.5_s50_100.fasta	None	Veliidae	BLAST	family	COI-5P	657	1524	Gerridae,Veliidae	BGSNH026-24_r_1.5_s_100	Velia sarda	0	BGSNH026-24	1.5	100	False	False	2548416	4611	384	1524	92.0	491.0	251.56692913385828	245.0
0	0	data/BGE00304_MGE-BGE_r1_1.3_1.5_s50_100.fasta	None	Veliidae	BLAST	family	COI-5P	657	1524	Gerridae,Veliidae	BGSNH027-24_r_1_s_50	Velia serbica	0	BGSNH027-24	1	50	False	False	12132584	163315	995	1524	1.0	20963.0	11210.287401574804	10639.5
0	0	data/BGE00304_MGE-BGE_r1_1.3_1.5_s50_100.fasta	None	Veliidae	BLAST	family	COI-5P	657	1521	Gerridae,Veliidae	BGSNH027-24_r_1_s_100	Velia serbica	0	BGSNH027-24	1	100	False	False	12132584	139697	995	1524	0.0	19859.0	10489.452755905511	9911.0
0	0	data/BGE00304_MGE-BGE_r1_1.3_1.5_s50_100.fasta	None	Veliidae	BLAST	family	COI-5P	657	1524	Gerridae,Veliidae	BGSNH027-24_r_1.3_s_50	Velia serbica	0	BGSNH027-24	1.3	50	False	False	12132584	162780	995	1524	1.0	20801.0	11176.706692913385	10611.5
0	0	data/BGE00304_MGE-BGE_r1_1.3_1.5_s50_100.fasta	None	Veliidae	BLAST	family	COI-5P	657	1521	Gerridae,Veliidae	BGSNH027-24_r_1.3_s_100	Velia serbica	0	BGSNH027-24	1.3	100	False	False	12132584	139469	995	1524	0.0	19855.0	10467.175196850394	9878.0
0	0	data/BGE00304_MGE-BGE_r1_1.3_1.5_s50_100.fasta	None	Veliidae	BLAST	family	COI-5P	657	1524	Gerridae,Veliidae	BGSNH027-24_r_1.5_s_50	Velia serbica	0	BGSNH027-24	1.5	50	False	False	12132584	154458	995	1524	1.0	18320.0	10712.104330708662	10211.5
0	0	data/BGE00304_MGE-BGE_r1_1.3_1.5_s50_100.fasta	None	Veliidae	BLAST	family	COI-5P	657	1521	Gerridae,Veliidae	BGSNH027-24_r_1.5_s_100	Velia serbica	0	BGSNH027-24	1.5	100	False	False	12132584	134040	995	1524	0.0	17536.0	10107.242125984252	9567.0
0	0	data/BGE00304_MGE-BGE_r1_1.3_1.5_s50_100.fasta	None	Veliidae	BLAST	family	COI-5P	657	1524	Gerridae,Veliidae	BGSNH028-24_r_1_s_50	Velia serbica	0	BGSNH028-24	1	50	False	False	11812207	183152	325	1524	1.0	17920.0	12028.647637795275	11747.5
0	0	data/BGE00304_MGE-BGE_r1_1.3_1.5_s50_100.fasta	None	Veliidae	BLAST	family	COI-5P	657	1524	Gerridae,Veliidae	BGSNH028-24_r_1_s_100	Velia serbica	0	BGSNH028-24	1	100	False	False	11812207	154778	325	1524	1.0	16979.0	11141.50590551181	10697.0
0	0	data/BGE00304_MGE-BGE_r1_1.3_1.5_s50_100.fasta	None	Veliidae	BLAST	family	COI-5P	657	1524	Gerridae,Veliidae	BGSNH028-24_r_1.3_s_50	Velia serbica	0	BGSNH028-24	1.3	50	False	False	11812207	182602	325	1524	1.0	17809.0	11996.124015748032	11712.0
0	0	data/BGE00304_MGE-BGE_r1_1.3_1.5_s50_100.fasta	None	Veliidae	BLAST	family	COI-5P	657	1524	Gerridae,Veliidae	BGSNH028-24_r_1.3_s_100	Velia serbica	0	BGSNH028-24	1.3	100	False	False	11812207	154529	325	1524	1.0	16935.0	11120.757874015748	10674.0
0	0	data/BGE00304_MGE-BGE_r1_1.3_1.5_s50_100.fasta	None	Veliidae	BLAST	family	COI-5P	657	1524	Gerridae,Veliidae	BGSNH028-24_r_1.5_s_50	Velia serbica	0	BGSNH028-24	1.5	50	False	False	11812207	173895	325	1524	1.0	16570.0	11538.423228346457	11026.0
0	0	data/BGE00304_MGE-BGE_r1_1.3_1.5_s50_100.fasta	None	Veliidae	BLAST	family	COI-5P	657	1524	Gerridae,Veliidae	BGSNH028-24_r_1.5_s_100	Velia serbica	0	BGSNH028-24	1.5	100	False	False	11812207	149433	325	1524	1.0	15443.0	10791.332677165354	10270.0
0	0	data/BGE00304_MGE-BGE_r1_1.3_1.5_s50_100.fasta	None	Veliidae	BLAST	family	COI-5P	657	1521	Gerridae,Veliidae	BGSNH029-24_r_1_s_50	Velia serbica	0	BGSNH029-24	1	50	False	False	10763229	40455	800	1524	0.0	4231.0	2477.1279527559054	2414.5
0	0	data/BGE00304_MGE-BGE_r1_1.3_1.5_s50_100.fasta	None	Veliidae	BLAST	family	COI-5P	657	1521	Gerridae,Veliidae	BGSNH029-24_r_1_s_100	Velia serbica	0	BGSNH029-24	1	100	False	False	10763229	32631	800	1524	0.0	3871.0	2228.8425196850394	2146.5
0	0	data/BGE00304_MGE-BGE_r1_1.3_1.5_s50_100.fasta	None	Veliidae	BLAST	family	COI-5P	657	1521	Gerridae,Veliidae	BGSNH029-24_r_1.3_s_50	Velia serbica	0	BGSNH029-24	1.3	50	False	False	10763229	40154	800	1524	0.0	4197.0	2455.478346456693	2394.5
0	0	data/BGE00304_MGE-BGE_r1_1.3_1.5_s50_100.fasta	None	Veliidae	BLAST	family	COI-5P	657	1521	Gerridae,Veliidae	BGSNH029-24_r_1.3_s_100	Velia serbica	0	BGSNH029-24	1.3	100	False	False	10763229	32481	800	1524	0.0	3867.0	2212.803149606299	2135.0
0	0	data/BGE00304_MGE-BGE_r1_1.3_1.5_s50_100.fasta	None	Veliidae	BLAST	family	COI-5P	657	1521	Gerridae,Veliidae	BGSNH029-24_r_1.5_s_50	Velia serbica	0	BGSNH029-24	1.5	50	False	False	10763229	37553	800	1524	0.0	3619.0	2321.8976377952754	2303.5
0	0	data/BGE00304_MGE-BGE_r1_1.3_1.5_s50_100.fasta	None	Veliidae	BLAST	family	COI-5P	657	1521	Gerridae,Veliidae	BGSNH029-24_r_1.5_s_100	Velia serbica	0	BGSNH029-24	1.5	100	False	False	10763229	31017	800	1524	0.0	3369.0	2120.2066929133857	2118.5
0	0	data/BGE00304_MGE-BGE_r1_1.3_1.5_s50_100.fasta	None	Gerridae	BLAST	family	COI-5P	656	1533	Gerridae	BGSNH030-24_r_1_s_50	Aquarius cinereus	0	BGSNH030-24	1	50	False	False	5354316	48169	2005	1533	1547.0	4204.0	2601.0802348336597	2566.0
0	0	data/BGE00304_MGE-BGE_r1_1.3_1.5_s50_100.fasta	None	Gerridae	BLAST	family	COI-5P	656	1533	Gerridae	BGSNH030-24_r_1_s_100	Aquarius cinereus	0	BGSNH030-24	1	100	False	False	5354316	36115	2005	1533	1235.0	3413.0	2237.4755381604696	2193.0
0	0	data/BGE00304_MGE-BGE_r1_1.3_1.5_s50_100.fasta	None	Gerridae	BLAST	family	COI-5P	656	1533	Gerridae	BGSNH030-24_r_1.3_s_50	Aquarius cinereus	0	BGSNH030-24	1.3	50	False	False	5354316	47901	2005	1533	1523.0	4179.0	2581.074363992172	2538.0
0	0	data/BGE00304_MGE-BGE_r1_1.3_1.5_s50_100.fasta	None	Gerridae	BLAST	family	COI-5P	656	1533	Gerridae	BGSNH030-24_r_1.3_s_100	Aquarius cinereus	0	BGSNH030-24	1.3	100	False	False	5354316	35959	2005	1533	1235.0	3390.0	2221.9647749510764	2177.0
0	0	data/BGE00304_MGE-BGE_r1_1.3_1.5_s50_100.fasta	None	Gerridae	BLAST	family	COI-5P	656	1533	Gerridae	BGSNH030-24_r_1.5_s_50	Aquarius cinereus	0	BGSNH030-24	1.5	50	False	False	5354316	46764	2005	1533	1256.0	4171.0	2531.0567514677105	2497.0
0	0	data/BGE00304_MGE-BGE_r1_1.3_1.5_s50_100.fasta	None	Gerridae	BLAST	family	COI-5P	656	1533	Gerridae	BGSNH030-24_r_1.5_s_100	Aquarius cinereus	0	BGSNH030-24	1.5	100	False	False	5354316	35461	2005	1533	1144.0	3389.0	2193.6046966731897	2168.0
0	0	data/BGE00304_MGE-BGE_r1_1.3_1.5_s50_100.fasta	None	Gerridae	BLAST	family	COI-5P	657	1533	Gerridae	BGSNH031-24_r_1_s_50	Aquarius cinereus	0	BGSNH031-24	1	50	False	False	6388319	12686	1140	1533	407.0	1528.0	760.8923679060665	725.0
0	0	data/BGE00304_MGE-BGE_r1_1.3_1.5_s50_100.fasta	None	Gerridae	BLAST	family	COI-5P	657	1533	Gerridae	BGSNH031-24_r_1_s_100	Aquarius cinereus	0	BGSNH031-24	1	100	False	False	6388319	10057	1140	1533	178.0	1355.0	677.5851272015656	634.0
0	0	data/BGE00304_MGE-BGE_r1_1.3_1.5_s50_100.fasta	None	Gerridae	BLAST	family	COI-5P	657	1533	Gerridae	BGSNH031-24_r_1.3_s_50	Aquarius cinereus	0	BGSNH031-24	1.3	50	False	False	6388319	11833	1140	1533	374.0	1463.0	697.6340508806262	637.0
0	0	data/BGE00304_MGE-BGE_r1_1.3_1.5_s50_100.fasta	None	Gerridae	BLAST	family	COI-5P	657	1533	Gerridae	BGSNH031-24_r_1.3_s_100	Aquarius cinereus	0	BGSNH031-24	1.3	100	False	False	6388319	9534	1140	1533	178.0	1295.0	626.9471624266145	553.0
0	0	data/BGE00304_MGE-BGE_r1_1.3_1.5_s50_100.fasta	None	Gerridae	BLAST	family	COI-5P	657	1533	Gerridae	BGSNH031-24_r_1.5_s_50	Aquarius cinereus	0	BGSNH031-24	1.5	50	False	False	6388319	11284	1140	1533	350.0	1454.0	666.4970645792564	606.0
0	0	data/BGE00304_MGE-BGE_r1_1.3_1.5_s50_100.fasta	None	Gerridae	BLAST	family	COI-5P	657	1533	Gerridae	BGSNH031-24_r_1.5_s_100	Aquarius cinereus	0	BGSNH031-24	1.5	100	False	False	6388319	9231	1140	1533	166.0	1287.0	604.6320939334638	542.0
9	41	data/BGE00304_MGE-BGE_r1_1.3_1.5_s50_100.fasta	None	Gerridae	BLAST	family	COI-5P	656	1533	Gerridae	BGSNH032-24_r_1_s_50	Aquarius cinereus	0	BGSNH032-24	1	50	False	False	2692325	778	574	1533	7.0	87.0	45.857142857142854	44.0
5	30	data/BGE00304_MGE-BGE_r1_1.3_1.5_s50_100.fasta	None	Gerridae	BLAST	family	COI-5P	656	1533	Gerridae	BGSNH032-24_r_1_s_100	Aquarius cinereus	0	BGSNH032-24	1	100	False	False	2692325	497	574	1533	5.0	80.0	36.53228962818004	33.0
2	3	data/BGE00304_MGE-BGE_r1_1.3_1.5_s50_100.fasta	None	Gerridae	BLAST	family	COI-5P	656	1533	Gerridae	BGSNH032-24_r_1.3_s_50	Aquarius cinereus	0	BGSNH032-24	1.3	50	False	False	2692325	587	574	1533	2.0	62.0	30.710371819960862	30.0
0	0	data/BGE00304_MGE-BGE_r1_1.3_1.5_s50_100.fasta	None	Gerridae	BLAST	family	COI-5P	656	1533	Gerridae	BGSNH032-24_r_1.3_s_100	Aquarius cinereus	0	BGSNH032-24	1.3	100	False	False	2692325	409	574	1533	1.0	62.0	25.297455968688844	24.0
2	2	data/BGE00304_MGE-BGE_r1_1.3_1.5_s50_100.fasta	None	Gerridae	BLAST	family	COI-5P	657	1533	Gerridae	BGSNH032-24_r_1.5_s_50	Aquarius cinereus	0	BGSNH032-24	1.5	50	False	False	2692325	542	574	1533	1.0	62.0	28.031311154598825	27.0
2	2	data/BGE00304_MGE-BGE_r1_1.3_1.5_s50_100.fasta	None	Gerridae	BLAST	family	COI-5P	642	1518	Gerridae	BGSNH032-24_r_1.5_s_100	Aquarius cinereus	0	BGSNH032-24	1.5	100	False	False	2692325	387	574	1533	0.0	62.0	23.412915851272015	20.0
0	0	data/BGE00304_MGE-BGE_r1_1.3_1.5_s50_100.fasta	None	Gerridae	BLAST	family	COI-5P	657	1533	Gerridae	BGSNH033-24_r_1_s_50	Aquarius cinereus	0	BGSNH033-24	1	50	False	False	3384734	6497	758	1533	63.0	690.0	360.1917808219178	333.0
0	0	data/BGE00304_MGE-BGE_r1_1.3_1.5_s50_100.fasta	None	Gerridae	BLAST	family	COI-5P	657	1533	Gerridae	BGSNH033-24_r_1_s_100	Aquarius cinereus	0	BGSNH033-24	1	100	False	False	3384734	4923	758	1533	51.0	602.0	310.8688845401174	289.0
0	0	data/BGE00304_MGE-BGE_r1_1.3_1.5_s50_100.fasta	None	Gerridae	BLAST	family	COI-5P	657	1533	Gerridae	BGSNH033-24_r_1.3_s_50	Aquarius cinereus	0	BGSNH033-24	1.3	50	False	False	3384734	6058	758	1533	58.0	663.0	328.9921722113503	297.0
0	0	data/BGE00304_MGE-BGE_r1_1.3_1.5_s50_100.fasta	None	Gerridae	BLAST	family	COI-5P	657	1533	Gerridae	BGSNH033-24_r_1.3_s_100	Aquarius cinereus	0	BGSNH033-24	1.3	100	False	False	3384734	4686	758	1533	51.0	575.0	286.5909980430528	260.0
0	0	data/BGE00304_MGE-BGE_r1_1.3_1.5_s50_100.fasta	None	Gerridae	BLAST	family	COI-5P	657	1533	Gerridae	BGSNH033-24_r_1.5_s_50	Aquarius cinereus	0	BGSNH033-24	1.5	50	False	False	3384734	5857	758	1533	57.0	663.0	319.7866927592955	289.0
0	0	data/BGE00304_MGE-BGE_r1_1.3_1.5_s50_100.fasta	None	Gerridae	BLAST	family	COI-5P	657	1533	Gerridae	BGSNH033-24_r_1.5_s_100	Aquarius cinereus	0	BGSNH033-24	1.5	100	False	False	3384734	4601	758	1533	51.0	567.0	281.3013698630137	255.0
0	0	data/BGE00304_MGE-BGE_r1_1.3_1.5_s50_100.fasta	None	Gerridae	BLAST	family	COI-5P	657	1533	Gerridae	BGSNH034-24_r_1_s_50	Aquarius cinereus	0	BGSNH034-24	1	50	False	False	8241515	1082	421	1533	23.0	87.0	53.49119373776908	52.0
0	0	data/BGE00304_MGE-BGE_r1_1.3_1.5_s50_100.fasta	None	Gerridae	BLAST	family	COI-5P	657	1533	Gerridae	BGSNH034-24_r_1_s_100	Aquarius cinereus	0	BGSNH034-24	1	100	False	False	8241515	716	421	1533	11.0	74.0	42.44227005870842	41.0
0	0	data/BGE00304_MGE-BGE_r1_1.3_1.5_s50_100.fasta	None	Gerridae	BLAST	family	COI-5P	657	1533	Gerridae	BGSNH034-24_r_1.3_s_50	Aquarius cinereus	0	BGSNH034-24	1.3	50	False	False	8241515	1004	421	1533	23.0	87.0	50.10763209393346	49.0
0	0	data/BGE00304_MGE-BGE_r1_1.3_1.5_s50_100.fasta	None	Gerridae	BLAST	family	COI-5P	657	1533	Gerridae	BGSNH034-24_r_1.3_s_100	Aquarius cinereus	0	BGSNH034-24	1.3	100	False	False	8241515	703	421	1533	11.0	74.0	41.17416829745597	40.0
0	0	data/BGE00304_MGE-BGE_r1_1.3_1.5_s50_100.fasta	None	Gerridae	BLAST	family	COI-5P	657	1533	Gerridae	BGSNH034-24_r_1.5_s_50	Aquarius cinereus	0	BGSNH034-24	1.5	50	False	False	8241515	932	421	1533	15.0	83.0	47.35029354207436	47.0
0	0	data/BGE00304_MGE-BGE_r1_1.3_1.5_s50_100.fasta	None	Gerridae	BLAST	family	COI-5P	657	1533	Gerridae	BGSNH034-24_r_1.5_s_100	Aquarius cinereus	0	BGSNH034-24	1.5	100	False	False	8241515	681	421	1533	11.0	72.0	39.91389432485323	40.0
0	0	data/BGE00304_MGE-BGE_r1_1.3_1.5_s50_100.fasta	None	Gerridae	BLAST	family	COI-5P	657	1533	Gerridae	BGSNH035-24_r_1_s_50	Gerris maculatus	0	BGSNH035-24	1	50	False	False	9830380	37502	4137	1533	1350.0	4897.0	2053.1682974559685	1932.0
0	0	data/BGE00304_MGE-BGE_r1_1.3_1.5_s50_100.fasta	None	Gerridae	BLAST	family	COI-5P	657	1533	Gerridae	BGSNH035-24_r_1_s_100	Gerris maculatus	0	BGSNH035-24	1	100	False	False	9830380	27987	4137	1533	1023.0	2635.0	1781.3365949119375	1692.0
0	0	data/BGE00304_MGE-BGE_r1_1.3_1.5_s50_100.fasta	None	Gerridae	BLAST	family	COI-5P	657	1533	Gerridae	BGSNH035-24_r_1.3_s_50	Gerris maculatus	0	BGSNH035-24	1.3	50	False	False	9830380	37196	4137	1533	1338.0	4856.0	2031.9432485322895	1914.0
0	0	data/BGE00304_MGE-BGE_r1_1.3_1.5_s50_100.fasta	None	Gerridae	BLAST	family	COI-5P	657	1533	Gerridae	BGSNH035-24_r_1.3_s_100	Gerris maculatus	0	BGSNH035-24	1.3	100	False	False	9830380	27824	4137	1533	1023.0	2607.0	1764.6125244618395	1677.0
0	0	data/BGE00304_MGE-BGE_r1_1.3_1.5_s50_100.fasta	None	Gerridae	BLAST	family	COI-5P	657	1533	Gerridae	BGSNH035-24_r_1.5_s_50	Gerris maculatus	0	BGSNH035-24	1.5	50	False	False	9830380	34230	4137	1533	1328.0	2850.0	1950.1722113502935	1875.0
0	0	data/BGE00304_MGE-BGE_r1_1.3_1.5_s50_100.fasta	None	Gerridae	BLAST	family	COI-5P	657	1533	Gerridae	BGSNH035-24_r_1.5_s_100	Gerris maculatus	0	BGSNH035-24	1.5	100	False	False	9830380	27650	4137	1533	1022.0	2585.0	1750.9941291585128	1661.0
0	0	data/BGE00304_MGE-BGE_r1_1.3_1.5_s50_100.fasta	None	Gerridae	BLAST	family	COI-5P	657	1533	Gerridae	BGSNH036-24_r_1_s_50	Gerris maculatus	0	BGSNH036-24	1	50	False	False	6787138	3973	373	1533	67.0	930.0	160.5655577299413	141.0
0	0	data/BGE00304_MGE-BGE_r1_1.3_1.5_s50_100.fasta	None	Gerridae	BLAST	family	COI-5P	657	1533	Gerridae	BGSNH036-24_r_1_s_100	Gerris maculatus	0	BGSNH036-24	1	100	False	False	6787138	1887	373	1533	29.0	211.0	102.34637964774952	97.0
0	0	data/BGE00304_MGE-BGE_r1_1.3_1.5_s50_100.fasta	None	Gerridae	BLAST	family	COI-5P	657	1533	Gerridae	BGSNH036-24_r_1.3_s_50	Gerris maculatus	0	BGSNH036-24	1.3	50	False	False	6787138	3848	373	1533	60.0	902.0	153.68884540117418	135.0
0	0	data/BGE00304_MGE-BGE_r1_1.3_1.5_s50_100.fasta	None	Gerridae	BLAST	family	COI-5P	657	1533	Gerridae	BGSNH036-24_r_1.3_s_100	Gerris maculatus	0	BGSNH036-24	1.3	100	False	False	6787138	1851	373	1533	29.0	202.0	98.43052837573386	93.0
0	0	data/BGE00304_MGE-BGE_r1_1.3_1.5_s50_100.fasta	None	Gerridae	BLAST	family	COI-5P	657	1533	Gerridae	BGSNH036-24_r_1.5_s_50	Gerris maculatus	0	BGSNH036-24	1.5	50	False	False	6787138	3003	373	1533	59.0	292.0	132.16634050880626	129.0
0	0	data/BGE00304_MGE-BGE_r1_1.3_1.5_s50_100.fasta	None	Gerridae	BLAST	family	COI-5P	657	1533	Gerridae	BGSNH036-24_r_1.5_s_100	Gerris maculatus	0	BGSNH036-24	1.5	100	False	False	6787138	1831	373	1533	29.0	201.0	97.09001956947162	92.0
2	14	data/BGE00304_MGE-BGE_r1_1.3_1.5_s50_100.fasta	None	Hebridae	BLAST	family	COI-5P	652	1503	Gerridae,Mesoveliidae,Hebridae	BGSNH037-24_r_1_s_50	Hebrus eckerleini	0	BGSNH037-24	1	50	False	False	12981365	485	426	1512	0.0	89.0	30.353174603174605	32.0
1	8	data/BGE00304_MGE-BGE_r1_1.3_1.5_s50_100.fasta	None	Hebridae	BLAST	family	COI-5P	645	1467	Gerridae,Mesoveliidae,Hebridae	BGSNH037-24_r_1_s_100	Hebrus eckerleini	0	BGSNH037-24	1	100	False	False	12981365	292	426	1512	0.0	75.0	23.694444444444443	23.0
3	6	data/BGE00304_MGE-BGE_r1_1.3_1.5_s50_100.fasta	None	Hebridae	BLAST	family	COI-5P	631	1464	Veliidae,Hermatobatidae,Mesoveliidae,Hebridae	BGSNH037-24_r_1.3_s_50	Hebrus eckerleini	0	BGSNH037-24	1.3	50	False	False	12981365	228	426	1512	0.0	32.0	10.192460317460318	10.0
3	5	data/BGE00304_MGE-BGE_r1_1.3_1.5_s50_100.fasta	None	Hebridae	BLAST	family	COI-5P	545	1347	Gerridae,Veliidae,Hermatobatidae,Mesoveliidae,Hebridae,Paraphrynoveliidae,Anthocoridae	BGSNH037-24_r_1.3_s_100	Hebrus eckerleini	0	BGSNH037-24	1.3	100	False	False	12981365	136	426	1512	0.0	31.0	7.468253968253968	6.5
1	6	data/BGE00304_MGE-BGE_r1_1.3_1.5_s50_100.fasta	None	Hebridae	BLAST	family	COI-5P	625	1434	Gerridae,Veliidae,Mesoveliidae,Hebridae,Belostomatidae	BGSNH037-24_r_1.5_s_50	Hebrus eckerleini	0	BGSNH037-24	1.5	50	False	False	12981365	161	426	1512	0.0	26.0	7.222222222222222	6.0
2	2	data/BGE00304_MGE-BGE_r1_1.3_1.5_s50_100.fasta	None	Hebridae	BLAST	family	COI-5P	521	1251	Gerridae,Veliidae,Hermatobatidae,Hebridae,Paraphrynoveliidae	BGSNH037-24_r_1.5_s_100	Hebrus eckerleini	0	BGSNH037-24	1.5	100	False	False	12981365	105	426	1512	0.0	25.0	5.571428571428571	4.0
16	35	data/BGE00304_MGE-BGE_r1_1.3_1.5_s50_100.fasta	None	Hebridae	BLAST	family	COI-5P	630	1503	Gerridae,Veliidae,Hebridae,Tephritidae	BGSNH038-24_r_1_s_50	Hebrus eckerleini	0	BGSNH038-24	1	50	False	False	3553866	258	140	1512	0.0	44.0	14.283730158730158	14.0
4	23	data/BGE00304_MGE-BGE_r1_1.3_1.5_s50_100.fasta	None	Hebridae	BLAST	family	COI-5P	628	1446	Gerridae,Hebridae,Miridae,Lygaeidae,Dermestidae	BGSNH038-24_r_1_s_100	Hebrus eckerleini	0	BGSNH038-24	1	100	False	False	3553866	133	140	1512	0.0	28.0	10.468253968253968	10.0
0	17	data/BGE00304_MGE-BGE_r1_1.3_1.5_s50_100.fasta	None	Hebridae	BLAST	family	COI-5P	636	1476	Gerridae,Veliidae,Hebridae	BGSNH038-24_r_1.3_s_50	Hebrus eckerleini	0	BGSNH038-24	1.3	50	False	False	3553866	219	140	1512	0.0	30.0	10.472222222222221	8.5
10	29	data/BGE00304_MGE-BGE_r1_1.3_1.5_s50_100.fasta	None	Hebridae	BLAST	family	COI-5P	634	1428	Gerridae,Veliidae,Hebridae	BGSNH038-24_r_1.3_s_100	Hebrus eckerleini	0	BGSNH038-24	1.3	100	False	False	3553866	108	140	1512	0.0	20.0	7.174603174603175	6.0
4	4	data/BGE00304_MGE-BGE_r1_1.3_1.5_s50_100.fasta	None	Hebridae	BLAST	family	COI-5P	627	1404	Gerridae,Veliidae,Hebridae	BGSNH038-24_r_1.5_s_50	Hebrus eckerleini	0	BGSNH038-24	1.5	50	False	False	3553866	193	140	1512	0.0	24.0	8.523809523809524	8.0
3	3	data/BGE00304_MGE-BGE_r1_1.3_1.5_s50_100.fasta	None	Hebridae	BLAST	family	COI-5P	601	1284	Veliidae,Hebridae	BGSNH038-24_r_1.5_s_100	Hebrus eckerleini	0	BGSNH038-24	1.5	100	False	False	3553866	89	140	1512	0.0	14.0	5.444444444444445	5.0
14	46	data/BGE00304_MGE-BGE_r1_1.3_1.5_s50_100.fasta	None	Hebridae	BLAST	family	COI-5P	647	1485	Gerridae,Hebridae	BGSNH039-24_r_1_s_50	Hebrus montanus	0	BGSNH039-24	1	50	False	False	9266297	326	132	1512	0.0	44.0	15.244047619047619	14.0
15	37	data/BGE00304_MGE-BGE_r1_1.3_1.5_s50_100.fasta	None	Hebridae	BLAST	family	COI-5P	656	1431	Gerridae,Veliidae,Mesoveliidae,Hebridae	BGSNH039-24_r_1_s_100	Hebrus montanus	0	BGSNH039-24	1	100	False	False	9266297	148	132	1512	0.0	31.0	9.617063492063492	9.0
0	2	data/BGE00304_MGE-BGE_r1_1.3_1.5_s50_100.fasta	None	Hebridae	BLAST	family	COI-5P	656	1485	Gerridae,Veliidae,Hebridae	BGSNH039-24_r_1.3_s_50	Hebrus montanus	0	BGSNH039-24	1.3	50	False	False	9266297	226	132	1512	0.0	26.0	9.742063492063492	9.0
1	1	data/BGE00304_MGE-BGE_r1_1.3_1.5_s50_100.fasta	None	Hebridae	BLAST	family	COI-5P	641	1416	Gerridae,Veliidae,Hebridae	BGSNH039-24_r_1.3_s_100	Hebrus montanus	0	BGSNH039-24	1.3	100	False	False	9266297	115	132	1512	0.0	22.0	6.525793650793651	5.0
0	4	data/BGE00304_MGE-BGE_r1_1.3_1.5_s50_100.fasta	None	Hebridae	BLAST	family	COI-5P	656	1485	Gerridae,Veliidae,Hebridae	BGSNH039-24_r_1.5_s_50	Hebrus montanus	0	BGSNH039-24	1.5	50	False	False	9266297	196	132	1512	0.0	25.0	8.057539682539682	7.0
1	5	data/BGE00304_MGE-BGE_r1_1.3_1.5_s50_100.fasta	None	Hebridae	BLAST	family	COI-5P	641	1404	Schizopteridae,Veliidae,Hebridae,Miridae	BGSNH039-24_r_1.5_s_100	Hebrus montanus	0	BGSNH039-24	1.5	100	False	False	9266297	103	132	1512	0.0	18.0	5.39484126984127	5.0
0	19	data/BGE00304_MGE-BGE_r1_1.3_1.5_s50_100.fasta	None	Hebridae	BLAST	family	COI-5P	138	507		BGSNH040-24_r_1_s_50	Hebrus montanus	0	BGSNH040-24	1	50	False	False	719390	129	228	1512	0.0	67.0	8.035714285714286	0.0
0	5	data/BGE00304_MGE-BGE_r1_1.3_1.5_s50_100.fasta	None	Hebridae	BLAST	family	COI-5P	146	441		BGSNH040-24_r_1_s_100	Hebrus montanus	0	BGSNH040-24	1	100	False	False	719390	63	228	1512	0.0	36.0	5.595238095238095	0.0
0	0	data/BGE00304_MGE-BGE_r1_1.3_1.5_s50_100.fasta	None	Hebridae	BLAST	family	COI-5P	148	291		BGSNH040-24_r_1.3_s_50	Hebrus montanus	0	BGSNH040-24	1.3	50	False	False	719390	36	228	1512	0.0	22.0	3.1805555555555554	0.0
0	0	data/BGE00304_MGE-BGE_r1_1.3_1.5_s50_100.fasta	None	Hebridae	BLAST	family	COI-5P	148	291		BGSNH040-24_r_1.3_s_100	Hebrus montanus	0	BGSNH040-24	1.3	100	False	False	719390	24	228	1512	0.0	21.0	2.736111111111111	0.0
0	0	data/BGE00304_MGE-BGE_r1_1.3_1.5_s50_100.fasta	None	Hebridae	BLAST	family	COI-5P	72	207		BGSNH040-24_r_1.5_s_50	Hebrus montanus	0	BGSNH040-24	1.5	50	False	False	719390	21	228	1512	0.0	13.0	1.2043650793650793	0.0
0	0	data/BGE00304_MGE-BGE_r1_1.3_1.5_s50_100.fasta	None	Hebridae	BLAST	family	COI-5P	72	207		BGSNH040-24_r_1.5_s_100	Hebrus montanus	0	BGSNH040-24	1.5	100	False	False	719390	10	228	1512	0.0	7.0	0.7916666666666666	0.0
4	23	data/BGE00304_MGE-BGE_r1_1.3_1.5_s50_100.fasta	None	Hebridae	BLAST	family	COI-5P	656	1512	Gerridae,Veliidae,Hebridae	BGSNH041-24_r_1_s_50	Hebrus montanus	0	BGSNH041-24	1	50	False	False	8613774	221	110	1512	1.0	23.0	9.587301587301587	9.0
17	34	data/BGE00304_MGE-BGE_r1_1.3_1.5_s50_100.fasta	None	Hebridae	BLAST	family	COI-5P	638	1452	Acrididae,Hebridae,Aphelocheiridae,Pentatomidae,Tabanidae	BGSNH041-24_r_1_s_100	Hebrus montanus	0	BGSNH041-24	1	100	False	False	8613774	112	110	1512	0.0	16.0	6.323412698412699	6.0
2	10	data/BGE00304_MGE-BGE_r1_1.3_1.5_s50_100.fasta	None	Hebridae	BLAST	family	COI-5P	656	1506	Gerridae,Veliidae,Hebridae	BGSNH041-24_r_1.3_s_50	Hebrus montanus	0	BGSNH041-24	1.3	50	False	False	8613774	178	110	1512	0.0	17.0	7.571428571428571	7.0
17	26	data/BGE00304_MGE-BGE_r1_1.3_1.5_s50_100.fasta	None	Hebridae	BLAST	family	COI-5P	638	1428	Gerridae,Veliidae,Hebridae	BGSNH041-24_r_1.3_s_100	Hebrus montanus	0	BGSNH041-24	1.3	100	False	False	8613774	96	110	1512	0.0	13.0	5.236111111111111	4.5
1	3	data/BGE00304_MGE-BGE_r1_1.3_1.5_s50_100.fasta	None	Hebridae	BLAST	family	COI-5P	656	1491	Gerridae,Veliidae,Hebridae	BGSNH041-24_r_1.5_s_50	Hebrus montanus	0	BGSNH041-24	1.5	50	False	False	8613774	150	110	1512	0.0	16.0	6.136904761904762	6.0
1	1	data/BGE00304_MGE-BGE_r1_1.3_1.5_s50_100.fasta	None	Hebridae	BLAST	family	COI-5P	629	1419	Gerridae,Veliidae,Hebridae	BGSNH041-24_r_1.5_s_100	Hebrus montanus	0	BGSNH041-24	1.5	100	False	False	8613774	83	110	1512	0.0	12.0	4.271825396825397	4.0
18	31	data/BGE00304_MGE-BGE_r1_1.3_1.5_s50_100.fasta	None	Hebridae	BLAST	family	COI-5P	655	1497	Gerridae,Veliidae,Hebridae	BGSNH042-24_r_1_s_50	Hebrus montanus	0	BGSNH042-24	1	50	False	False	6339763	201	263	1512	0.0	35.0	10.291666666666666	9.0
8	9	data/BGE00304_MGE-BGE_r1_1.3_1.5_s50_100.fasta	None	Hebridae	BLAST	family	COI-5P	635	1383	Gerridae,Mesoveliidae,Hebridae	BGSNH042-24_r_1_s_100	Hebrus montanus	0	BGSNH042-24	1	100	False	False	6339763	81	263	1512	0.0	21.0	6.5813492063492065	4.0
3	9	data/BGE00304_MGE-BGE_r1_1.3_1.5_s50_100.fasta	None	Hebridae	BLAST	family	COI-5P	576	1419	Hebridae,Miridae	BGSNH042-24_r_1.3_s_50	Hebrus montanus	1	BGSNH042-24	1.3	50	False	False	6339763	131	263	1512	0.0	19.0	5.214285714285714	4.0
5	9	data/BGE00304_MGE-BGE_r1_1.3_1.5_s50_100.fasta	None	Hebridae	BLAST	family	COI-5P	460	1167	Hebridae,Scutelleridae,Carabidae,Gyrinidae,Silvanidae,Hybotidae	BGSNH042-24_r_1.3_s_100	Hebrus montanus	0	BGSNH042-24	1.3	100	False	False	6339763	47	263	1512	0.0	13.0	2.8472222222222223	2.0
4	8	data/BGE00304_MGE-BGE_r1_1.3_1.5_s50_100.fasta	None	Hebridae	BLAST	family	COI-5P	518	1359	Veliidae,Hermatobatidae,Hebridae,Miridae,Anthocoridae	BGSNH042-24_r_1.5_s_50	Hebrus montanus	0	BGSNH042-24	1.5	50	False	False	6339763	104	263	1512	0.0	16.0	4.220238095238095	3.0
6	10	data/BGE00304_MGE-BGE_r1_1.3_1.5_s50_100.fasta	None	Hebridae	BLAST	family	COI-5P	460	1101	Hebridae,Carabidae,Gyrinidae,Silvanidae,Hybotidae	BGSNH042-24_r_1.5_s_100	Hebrus montanus	0	BGSNH042-24	1.5	100	False	False	6339763	41	263	1512	0.0	13.0	2.4424603174603177	2.0
27	41	data/BGE00304_MGE-BGE_r1_1.3_1.5_s50_100.fasta	None	Notonectidae	BLAST	family	COI-5P	656	1530	Kalotermitidae,Notonectidae,Naucoridae	BGSNH043-24_r_1_s_50	Anisops debilis	0	BGSNH043-24	1	50	False	False	6524762	319	156	1536	0.0	48.0	15.361328125	14.0
28	41	data/BGE00304_MGE-BGE_r1_1.3_1.5_s50_100.fasta	None	Notonectidae	BLAST	family	COI-5P	656	1527	Kalotermitidae,Notonectidae,Micronectidae	BGSNH043-24_r_1_s_100	Anisops debilis	0	BGSNH043-24	1	100	False	False	6524762	147	156	1536	0.0	37.0	9.70703125	7.0
3	4	data/BGE00304_MGE-BGE_r1_1.3_1.5_s50_100.fasta	None	Notonectidae	BLAST	family	COI-5P	656	1530	Notonectidae,Miridae,Scutelleridae	BGSNH043-24_r_1.3_s_50	Anisops debilis	0	BGSNH043-24	1.3	50	False	False	6524762	234	156	1536	0.0	26.0	9.623046875	8.0
2	3	data/BGE00304_MGE-BGE_r1_1.3_1.5_s50_100.fasta	None	Notonectidae	BLAST	family	COI-5P	620	1413	Cryptocercidae,Notonectidae,Corixidae,Aphelocheiridae,Anthocoridae,Pentatomidae,Tessaratomidae,Scutelleridae	BGSNH043-24_r_1.3_s_100	Anisops debilis	0	BGSNH043-24	1.3	100	False	False	6524762	107	156	1536	0.0	21.0	5.619140625	4.0
2	2	data/BGE00304_MGE-BGE_r1_1.3_1.5_s50_100.fasta	None	Notonectidae	BLAST	family	COI-5P	656	1443	Notonectidae,Aphelocheiridae,Pleidae,Miridae,Pentatomidae	BGSNH043-24_r_1.5_s_50	Anisops debilis	0	BGSNH043-24	1.5	50	False	False	6524762	212	156	1536	0.0	26.0	8.703125	7.0
2	2	data/BGE00304_MGE-BGE_r1_1.3_1.5_s50_100.fasta	None	Notonectidae	BLAST	family	COI-5P	620	1404	Anthocoridae,Pentatomidae,Malcidae,Carabidae	BGSNH043-24_r_1.5_s_100	Anisops debilis	0	BGSNH043-24	1.5	100	False	False	6524762	103	156	1536	0.0	21.0	5.314453125	4.0
17	39	data/BGE00304_MGE-BGE_r1_1.3_1.5_s50_100.fasta	None	Notonectidae	BLAST	family	COI-5P	635	1497	Notonectidae,Pleidae,Micronectidae	BGSNH044-24_r_1_s_50	Anisops debilis	1	BGSNH044-24	1	50	False	False	6061585	118	109	1536	0.0	19.0	5.203125	4.0
0	18	data/BGE00304_MGE-BGE_r1_1.3_1.5_s50_100.fasta	None	Notonectidae	BLAST	family	COI-5P	262	1227	Notonectidae	BGSNH044-24_r_1_s_100	Anisops debilis	0	BGSNH044-24	1	100	False	False	6061585	50	109	1536	0.0	12.0	3.064453125	3.0
18	23	data/BGE00304_MGE-BGE_r1_1.3_1.5_s50_100.fasta	None	Notonectidae	BLAST	family	COI-5P	612	1473	Aphelocheiridae,Miridae,Anthocoridae,Pentatomidae	BGSNH044-24_r_1.3_s_50	Anisops debilis	0	BGSNH044-24	1.3	50	False	False	6061585	90	109	1536	0.0	13.0	3.7265625	3.0
0	6	data/BGE00304_MGE-BGE_r1_1.3_1.5_s50_100.fasta	None	Notonectidae	BLAST	family	COI-5P	269	1146	Notonectidae,Miridae	BGSNH044-24_r_1.3_s_100	Anisops debilis	0	BGSNH044-24	1.3	100	False	False	6061585	40	109	1536	0.0	8.0	2.234375	2.0
0	0	data/BGE00304_MGE-BGE_r1_1.3_1.5_s50_100.fasta	None	Notonectidae	BLAST	family	COI-5P	573	1335	Miridae,Anthocoridae	BGSNH044-24_r_1.5_s_50	Anisops debilis	0	BGSNH044-24	1.5	50	False	False	6061585	72	109	1536	0.0	12.0	2.771484375	2.0
0	0	data/BGE00304_MGE-BGE_r1_1.3_1.5_s50_100.fasta	None	Notonectidae	BLAST	family	COI-5P	406	948	Miridae	BGSNH044-24_r_1.5_s_100	Anisops debilis	0	BGSNH044-24	1.5	100	False	False	6061585	33	109	1536	0.0	7.0	1.611328125	1.0
1	31	data/BGE00304_MGE-BGE_r1_1.3_1.5_s50_100.fasta	None	Notonectidae	BLAST	family	COI-5P	656	1515	Notonectidae,Pleidae	BGSNH045-24_r_1_s_50	Anisops debilis	0	BGSNH045-24	1	50	False	False	7427200	413	359	1536	0.0	52.0	20.375	19.0
0	28	data/BGE00304_MGE-BGE_r1_1.3_1.5_s50_100.fasta	None	Notonectidae	BLAST	family	COI-5P	656	1389	Notonectidae,Pleidae	BGSNH045-24_r_1_s_100	Anisops debilis	0	BGSNH045-24	1	100	False	False	7427200	201	359	1536	0.0	30.0	13.66015625	15.0
0	0	data/BGE00304_MGE-BGE_r1_1.3_1.5_s50_100.fasta	None	Notonectidae	BLAST	family	COI-5P	657	1488	Notonectidae,Aphelocheiridae,Miridae,Pentatomidae	BGSNH045-24_r_1.3_s_50	Anisops debilis	0	BGSNH045-24	1.3	50	False	False	7427200	324	359	1536	0.0	52.0	13.26953125	11.0
0	0	data/BGE00304_MGE-BGE_r1_1.3_1.5_s50_100.fasta	None	Notonectidae	BLAST	family	COI-5P	657	1389	Notonectidae,Aphelocheiridae,Miridae,Pentatomidae,Scutelleridae	BGSNH045-24_r_1.3_s_100	Anisops debilis	0	BGSNH045-24	1.3	100	False	False	7427200	149	359	1536	0.0	30.0	8.18359375	7.0
0	0	data/BGE00304_MGE-BGE_r1_1.3_1.5_s50_100.fasta	None	Notonectidae	BLAST	family	COI-5P	657	1488	Notonectidae,Aphelocheiridae,Miridae,Pentatomidae	BGSNH045-24_r_1.5_s_50	Anisops debilis	0	BGSNH045-24	1.5	50	False	False	7427200	291	359	1536	0.0	52.0	11.865234375	10.0
0	0	data/BGE00304_MGE-BGE_r1_1.3_1.5_s50_100.fasta	None	Notonectidae	BLAST	family	COI-5P	657	1350	Notonectidae,Aphelocheiridae,Miridae,Pentatomidae	BGSNH045-24_r_1.5_s_100	Anisops debilis	0	BGSNH045-24	1.5	100	False	False	7427200	139	359	1536	0.0	27.0	7.50390625	6.0
0	0	data/BGE00304_MGE-BGE_r1_1.3_1.5_s50_100.fasta	None	Notonectidae	BLAST	family	COI-5P	657	1536	Notonectidae,Corixidae,Aphelocheiridae	BGSNH046-24_r_1_s_50	Notonecta meridionalis	0	BGSNH046-24	1	50	False	False	10853528	26984	388	1536	841.0	2658.0	1388.365234375	1297.0
0	0	data/BGE00304_MGE-BGE_r1_1.3_1.5_s50_100.fasta	None	Notonectidae	BLAST	family	COI-5P	657	1536	Notonectidae,Corixidae,Aphelocheiridae	BGSNH046-24_r_1_s_100	Notonecta meridionalis	0	BGSNH046-24	1	100	False	False	10853528	20124	388	1536	400.0	2500.0	1177.779296875	1089.0
0	0	data/BGE00304_MGE-BGE_r1_1.3_1.5_s50_100.fasta	None	Notonectidae	BLAST	family	COI-5P	657	1536	Notonectidae,Corixidae,Aphelocheiridae	BGSNH046-24_r_1.3_s_50	Notonecta meridionalis	0	BGSNH046-24	1.3	50	False	False	10853528	26622	388	1536	841.0	2629.0	1364.427734375	1275.5
0	0	data/BGE00304_MGE-BGE_r1_1.3_1.5_s50_100.fasta	None	Notonectidae	BLAST	family	COI-5P	657	1536	Notonectidae,Corixidae,Aphelocheiridae	BGSNH046-24_r_1.3_s_100	Notonecta meridionalis	0	BGSNH046-24	1.3	100	False	False	10853528	19954	388	1536	400.0	2481.0	1161.49609375	1075.0
0	0	data/BGE00304_MGE-BGE_r1_1.3_1.5_s50_100.fasta	None	Notonectidae	BLAST	family	COI-5P	657	1536	Notonectidae,Corixidae,Aphelocheiridae	BGSNH046-24_r_1.5_s_50	Notonecta meridionalis	0	BGSNH046-24	1.5	50	False	False	10853528	26269	388	1536	839.0	2602.0	1347.580078125	1259.5
0	0	data/BGE00304_MGE-BGE_r1_1.3_1.5_s50_100.fasta	None	Notonectidae	BLAST	family	COI-5P	657	1536	Notonectidae,Corixidae,Aphelocheiridae	BGSNH046-24_r_1.5_s_100	Notonecta meridionalis	0	BGSNH046-24	1.5	100	False	False	10853528	19814	388	1536	400.0	2455.0	1151.59765625	1064.0
0	0	data/BGE00304_MGE-BGE_r1_1.3_1.5_s50_100.fasta	None	Notonectidae	BLAST	family	COI-5P	657	1536	Notonectidae,Corixidae,Aphelocheiridae	BGSNH047-24_r_1_s_50	Notonecta meridionalis	0	BGSNH047-24	1	50	False	False	9606301	14277	853	1536	493.0	1455.0	791.767578125	742.0
0	0	data/BGE00304_MGE-BGE_r1_1.3_1.5_s50_100.fasta	None	Notonectidae	BLAST	family	COI-5P	657	1536	Notonectidae,Corixidae,Aphelocheiridae	BGSNH047-24_r_1_s_100	Notonecta meridionalis	0	BGSNH047-24	1	100	False	False	9606301	11209	853	1536	315.0	1351.0	698.09765625	643.0
0	0	data/BGE00304_MGE-BGE_r1_1.3_1.5_s50_100.fasta	None	Notonectidae	BLAST	family	COI-5P	657	1536	Notonectidae,Corixidae,Aphelocheiridae	BGSNH047-24_r_1.3_s_50	Notonecta meridionalis	0	BGSNH047-24	1.3	50	False	False	9606301	14017	853	1536	484.0	1431.0	772.7734375	720.5
0	0	data/BGE00304_MGE-BGE_r1_1.3_1.5_s50_100.fasta	None	Notonectidae	BLAST	family	COI-5P	657	1536	Notonectidae,Corixidae,Aphelocheiridae	BGSNH047-24_r_1.3_s_100	Notonecta meridionalis	0	BGSNH047-24	1.3	100	False	False	9606301	11075	853	1536	315.0	1333.0	684.013671875	627.0
0	0	data/BGE00304_MGE-BGE_r1_1.3_1.5_s50_100.fasta	None	Notonectidae	BLAST	family	COI-5P	657	1536	Notonectidae,Corixidae,Aphelocheiridae	BGSNH047-24_r_1.5_s_50	Notonecta meridionalis	0	BGSNH047-24	1.5	50	False	False	9606301	13855	853	1536	460.0	1418.0	765.939453125	715.0
0	0	data/BGE00304_MGE-BGE_r1_1.3_1.5_s50_100.fasta	None	Notonectidae	BLAST	family	COI-5P	657	1536	Notonectidae,Corixidae,Aphelocheiridae	BGSNH047-24_r_1.5_s_100	Notonecta meridionalis	0	BGSNH047-24	1.5	100	False	False	9606301	11023	853	1536	315.0	1327.0	680.837890625	624.5
0	0	data/BGE00304_MGE-BGE_r1_1.3_1.5_s50_100.fasta	None	Notonectidae	BLAST	family	COI-5P	657	1536	Notonectidae,Corixidae,Aphelocheiridae	BGSNH048-24_r_1_s_50	Notonecta meridionalis	0	BGSNH048-24	1	50	False	False	11587847	14070	339	1536	495.0	1452.0	818.28125	770.5
0	0	data/BGE00304_MGE-BGE_r1_1.3_1.5_s50_100.fasta	None	Notonectidae	BLAST	family	COI-5P	657	1536	Notonectidae,Corixidae,Aphelocheiridae	BGSNH048-24_r_1_s_100	Notonecta meridionalis	0	BGSNH048-24	1	100	False	False	11587847	11452	339	1536	260.0	1388.0	737.751953125	699.0
0	0	data/BGE00304_MGE-BGE_r1_1.3_1.5_s50_100.fasta	None	Notonectidae	BLAST	family	COI-5P	657	1536	Notonectidae,Corixidae,Aphelocheiridae	BGSNH048-24_r_1.3_s_50	Notonecta meridionalis	0	BGSNH048-24	1.3	50	False	False	11587847	13968	339	1536	495.0	1444.0	811.578125	764.5
0	0	data/BGE00304_MGE-BGE_r1_1.3_1.5_s50_100.fasta	None	Notonectidae	BLAST	family	COI-5P	657	1536	Notonectidae,Corixidae,Aphelocheiridae	BGSNH048-24_r_1.3_s_100	Notonecta meridionalis	0	BGSNH048-24	1.3	100	False	False	11587847	11384	339	1536	260.0	1382.0	732.302734375	695.0
0	0	data/BGE00304_MGE-BGE_r1_1.3_1.5_s50_100.fasta	None	Notonectidae	BLAST	family	COI-5P	657	1536	Notonectidae,Corixidae,Aphelocheiridae	BGSNH048-24_r_1.5_s_50	Notonecta meridionalis	0	BGSNH048-24	1.5	50	False	False	11587847	13824	339	1536	493.0	1435.0	804.744140625	757.5
0	0	data/BGE00304_MGE-BGE_r1_1.3_1.5_s50_100.fasta	None	Notonectidae	BLAST	family	COI-5P	657	1536	Notonectidae,Corixidae,Aphelocheiridae	BGSNH048-24_r_1.5_s_100	Notonecta meridionalis	0	BGSNH048-24	1.5	100	False	False	11587847	11330	339	1536	260.0	1378.0	728.34765625	690.0
0	4	data/BGE00304_MGE-BGE_r1_1.3_1.5_s50_100.fasta	None	Corixidae	BLAST	family	COI-5P	657	1533	Corixidae,Anthocoridae	BGSNH049-24_r_1_s_50	Callicorixa gebleri	0	BGSNH049-24	1	50	False	False	10907715	3505	316	1533	71.0	290.0	174.7866927592955	170.0
0	1	data/BGE00304_MGE-BGE_r1_1.3_1.5_s50_100.fasta	None	Corixidae	BLAST	family	COI-5P	657	1533	Corixidae,Anthocoridae	BGSNH049-24_r_1_s_100	Callicorixa gebleri	0	BGSNH049-24	1	100	False	False	10907715	2359	316	1533	35.0	220.0	140.573385518591	140.0
0	1	data/BGE00304_MGE-BGE_r1_1.3_1.5_s50_100.fasta	None	Corixidae	BLAST	family	COI-5P	657	1533	Corixidae,Anthocoridae	BGSNH049-24_r_1.3_s_50	Callicorixa gebleri	0	BGSNH049-24	1.3	50	False	False	10907715	3393	316	1533	71.0	284.0	170.8003913894325	166.0
0	1	data/BGE00304_MGE-BGE_r1_1.3_1.5_s50_100.fasta	None	Corixidae	BLAST	family	COI-5P	657	1533	Corixidae,Anthocoridae	BGSNH049-24_r_1.3_s_100	Callicorixa gebleri	0	BGSNH049-24	1.3	100	False	False	10907715	2348	316	1533	35.0	219.0	139.75342465753425	139.0
0	1	data/BGE00304_MGE-BGE_r1_1.3_1.5_s50_100.fasta	None	Corixidae	BLAST	family	COI-5P	657	1533	Corixidae,Anthocoridae	BGSNH049-24_r_1.5_s_50	Callicorixa gebleri	0	BGSNH049-24	1.5	50	False	False	10907715	3275	316	1533	71.0	282.0	166.32289628180038	161.0
0	2	data/BGE00304_MGE-BGE_r1_1.3_1.5_s50_100.fasta	None	Corixidae	BLAST	family	COI-5P	657	1533	Corixidae,Anthocoridae	BGSNH049-24_r_1.5_s_100	Callicorixa gebleri	0	BGSNH049-24	1.5	100	False	False	10907715	2323	316	1533	35.0	219.0	138.23091976516633	137.0
15	33	data/BGE00304_MGE-BGE_r1_1.3_1.5_s50_100.fasta	None	Corixidae	BLAST	family	COI-5P	653	1530	Notonectidae,Corixidae	BGSNH050-24_r_1_s_50	Corixa jakowleffi	0	BGSNH050-24	1	50	False	False	8372894	248	196	1533	0.0	36.0	9.606653620352251	9.0
7	32	data/BGE00304_MGE-BGE_r1_1.3_1.5_s50_100.fasta	None	Corixidae	BLAST	family	COI-5P	575	1452	Corixidae	BGSNH050-24_r_1_s_100	Corixa jakowleffi	0	BGSNH050-24	1	100	False	False	8372894	83	196	1533	0.0	12.0	4.925636007827789	5.0
6	12	data/BGE00304_MGE-BGE_r1_1.3_1.5_s50_100.fasta	None	Corixidae	BLAST	family	COI-5P	647	1524	Notonectidae,Corixidae	BGSNH050-24_r_1.3_s_50	Corixa jakowleffi	0	BGSNH050-24	1.3	50	False	False	8372894	185	196	1533	0.0	28.0	7.2720156555773	6.0
7	21	data/BGE00304_MGE-BGE_r1_1.3_1.5_s50_100.fasta	None	Corixidae	BLAST	family	COI-5P	575	1452	Corixidae	BGSNH050-24_r_1.3_s_100	Corixa jakowleffi	0	BGSNH050-24	1.3	100	False	False	8372894	76	196	1533	0.0	10.0	4.3033268101761255	4.0
4	4	data/BGE00304_MGE-BGE_r1_1.3_1.5_s50_100.fasta	None	Corixidae	BLAST	family	COI-5P	605	1482	Corixidae	BGSNH050-24_r_1.5_s_50	Corixa jakowleffi	0	BGSNH050-24	1.5	50	False	False	8372894	146	196	1533	0.0	16.0	6.043052837573385	6.0
7	7	data/BGE00304_MGE-BGE_r1_1.3_1.5_s50_100.fasta	None	Corixidae	BLAST	family	COI-5P	575	1452	Corixidae	BGSNH050-24_r_1.5_s_100	Corixa jakowleffi	0	BGSNH050-24	1.5	100	False	False	8372894	74	196	1533	0.0	10.0	4.107632093933463	4.0
5	9	data/BGE00304_MGE-BGE_r1_1.3_1.5_s50_100.fasta	None	Corixidae	BLAST	family	COI-5P	657	1536	Corixidae,Anthocoridae	BGSNH051-24_r_1_s_50	Heliocorisa vermiculata	0	BGSNH051-24	1	50	False	False	9167575	1058	304	1536	18.0	96.0	50.1796875	47.0
5	18	data/BGE00304_MGE-BGE_r1_1.3_1.5_s50_100.fasta	None	Corixidae	BLAST	family	COI-5P	657	1536	Corixidae,Anthocoridae	BGSNH051-24_r_1_s_100	Heliocorisa vermiculata	0	BGSNH051-24	1	100	False	False	9167575	598	304	1536	8.0	72.0	36.203125	35.0
0	0	data/BGE00304_MGE-BGE_r1_1.3_1.5_s50_100.fasta	None	Corixidae	BLAST	family	COI-5P	657	1536	Corixidae,Anthocoridae	BGSNH051-24_r_1.3_s_50	Heliocorisa vermiculata	0	BGSNH051-24	1.3	50	False	False	9167575	910	304	1536	16.0	78.0	40.6171875	38.0
0	0	data/BGE00304_MGE-BGE_r1_1.3_1.5_s50_100.fasta	None	Corixidae	BLAST	family	COI-5P	657	1536	Corixidae,Anthocoridae	BGSNH051-24_r_1.3_s_100	Heliocorisa vermiculata	0	BGSNH051-24	1.3	100	False	False	9167575	545	304	1536	8.0	65.0	29.849609375	27.0
0	0	data/BGE00304_MGE-BGE_r1_1.3_1.5_s50_100.fasta	None	Corixidae	BLAST	family	COI-5P	657	1536	Corixidae,Anthocoridae	BGSNH051-24_r_1.5_s_50	Heliocorisa vermiculata	0	BGSNH051-24	1.5	50	False	False	9167575	826	304	1536	15.0	78.0	37.232421875	34.0
0	0	data/BGE00304_MGE-BGE_r1_1.3_1.5_s50_100.fasta	None	Corixidae	BLAST	family	COI-5P	657	1536	Corixidae,Anthocoridae	BGSNH051-24_r_1.5_s_100	Heliocorisa vermiculata	0	BGSNH051-24	1.5	100	False	False	9167575	520	304	1536	7.0	65.0	28.197265625	26.0
0	0	data/BGE00304_MGE-BGE_r1_1.3_1.5_s50_100.fasta	None	Corixidae	BLAST	family	COI-5P	657	1536	Corixidae,Anthocoridae	BGSNH052-24_r_1_s_50	Heliocorisa vermiculata	0	BGSNH052-24	1	50	False	False	10115574	32040	109	1536	1401.0	3142.0	1932.25390625	1783.0
0	0	data/BGE00304_MGE-BGE_r1_1.3_1.5_s50_100.fasta	None	Corixidae	BLAST	family	COI-5P	657	1536	Corixidae,Anthocoridae	BGSNH052-24_r_1_s_100	Heliocorisa vermiculata	0	BGSNH052-24	1	100	False	False	10115574	26677	109	1536	884.0	2875.0	1770.177734375	1627.5
0	0	data/BGE00304_MGE-BGE_r1_1.3_1.5_s50_100.fasta	None	Corixidae	BLAST	family	COI-5P	657	1536	Corixidae,Anthocoridae	BGSNH052-24_r_1.3_s_50	Heliocorisa vermiculata	0	BGSNH052-24	1.3	50	False	False	10115574	31821	109	1536	1380.0	3127.0	1921.5078125	1775.5
0	0	data/BGE00304_MGE-BGE_r1_1.3_1.5_s50_100.fasta	None	Corixidae	BLAST	family	COI-5P	657	1536	Corixidae,Anthocoridae	BGSNH052-24_r_1.3_s_100	Heliocorisa vermiculata	0	BGSNH052-24	1.3	100	False	False	10115574	26616	109	1536	884.0	2866.0	1765.302734375	1622.5
0	0	data/BGE00304_MGE-BGE_r1_1.3_1.5_s50_100.fasta	None	Corixidae	BLAST	family	COI-5P	657	1536	Corixidae,Anthocoridae	BGSNH052-24_r_1.5_s_50	Heliocorisa vermiculata	0	BGSNH052-24	1.5	50	False	False	10115574	31440	109	1536	1373.0	3122.0	1906.41796875	1758.5
0	0	data/BGE00304_MGE-BGE_r1_1.3_1.5_s50_100.fasta	None	Corixidae	BLAST	family	COI-5P	657	1536	Corixidae,Anthocoridae	BGSNH052-24_r_1.5_s_100	Heliocorisa vermiculata	0	BGSNH052-24	1.5	100	False	False	10115574	26518	109	1536	884.0	2863.0	1759.408203125	1619.5
13	15	data/BGE00304_MGE-BGE_r1_1.3_1.5_s50_100.fasta	None	Corixidae	BLAST	family	COI-5P	656	1533	Corixidae,Anthocoridae	BGSNH053-24_r_1_s_50	Hesperocorixa parallela	0	BGSNH053-24	1	50	False	False	12008732	1425	115	1533	22.0	123.0	67.27005870841488	67.0
23	23	data/BGE00304_MGE-BGE_r1_1.3_1.5_s50_100.fasta	None	Corixidae	BLAST	family	COI-5P	656	1533	Corixidae,Anthocoridae	BGSNH053-24_r_1_s_100	Hesperocorixa parallela	0	BGSNH053-24	1	100	False	False	12008732	808	115	1533	12.0	96.0	49.02152641878669	47.0
1	1	data/BGE00304_MGE-BGE_r1_1.3_1.5_s50_100.fasta	None	Corixidae	BLAST	family	COI-5P	656	1533	Corixidae,Anthocoridae	BGSNH053-24_r_1.3_s_50	Hesperocorixa parallela	0	BGSNH053-24	1.3	50	False	False	12008732	1271	115	1533	21.0	106.0	59.031311154598825	59.0
1	1	data/BGE00304_MGE-BGE_r1_1.3_1.5_s50_100.fasta	None	Corixidae	BLAST	family	COI-5P	656	1533	Corixidae,Anthocoridae	BGSNH053-24_r_1.3_s_100	Hesperocorixa parallela	0	BGSNH053-24	1.3	100	False	False	12008732	762	115	1533	12.0	90.0	44.11937377690802	43.0
0	0	data/BGE00304_MGE-BGE_r1_1.3_1.5_s50_100.fasta	None	Corixidae	BLAST	family	COI-5P	656	1533	Corixidae,Anthocoridae	BGSNH053-24_r_1.5_s_50	Hesperocorixa parallela	0	BGSNH053-24	1.5	50	False	False	12008732	1180	115	1533	13.0	101.0	54.0958904109589	53.0
0	0	data/BGE00304_MGE-BGE_r1_1.3_1.5_s50_100.fasta	None	Corixidae	BLAST	family	COI-5P	656	1533	Corixidae,Anthocoridae	BGSNH053-24_r_1.5_s_100	Hesperocorixa parallela	0	BGSNH053-24	1.5	100	False	False	12008732	726	115	1533	9.0	80.0	40.782778864970645	38.0
0	0	data/BGE00304_MGE-BGE_r1_1.3_1.5_s50_100.fasta	None	Corixidae	BLAST	family	COI-5P	656	1533	Corixidae,Anthocoridae	BGSNH054-24_r_1_s_50	Hesperocorixa parallela	0	BGSNH054-24	1	50	False	False	8952210	1329	41	1533	23.0	128.0	60.88454011741683	56.0
0	0	data/BGE00304_MGE-BGE_r1_1.3_1.5_s50_100.fasta	None	Corixidae	BLAST	family	COI-5P	656	1533	Corixidae,Anthocoridae	BGSNH054-24_r_1_s_100	Hesperocorixa parallela	0	BGSNH054-24	1	100	False	False	8952210	833	41	1533	18.0	102.0	46.037181996086105	43.0
0	0	data/BGE00304_MGE-BGE_r1_1.3_1.5_s50_100.fasta	None	Corixidae	BLAST	family	COI-5P	656	1533	Corixidae,Anthocoridae	BGSNH054-24_r_1.3_s_50	Hesperocorixa parallela	0	BGSNH054-24	1.3	50	False	False	8952210	1241	41	1533	21.0	122.0	56.80234833659491	52.0
0	0	data/BGE00304_MGE-BGE_r1_1.3_1.5_s50_100.fasta	None	Corixidae	BLAST	family	COI-5P	656	1533	Corixidae,Anthocoridae	BGSNH054-24_r_1.3_s_100	Hesperocorixa parallela	0	BGSNH054-24	1.3	100	False	False	8952210	818	41	1533	16.0	98.0	44.30528375733855	41.0
0	0	data/BGE00304_MGE-BGE_r1_1.3_1.5_s50_100.fasta	None	Corixidae	BLAST	family	COI-5P	656	1533	Corixidae,Anthocoridae	BGSNH054-24_r_1.5_s_50	Hesperocorixa parallela	0	BGSNH054-24	1.5	50	False	False	8952210	1192	41	1533	20.0	121.0	55.29354207436399	52.0
0	0	data/BGE00304_MGE-BGE_r1_1.3_1.5_s50_100.fasta	None	Corixidae	BLAST	family	COI-5P	656	1533	Corixidae,Anthocoridae	BGSNH054-24_r_1.5_s_100	Hesperocorixa parallela	0	BGSNH054-24	1.5	100	False	False	8952210	817	41	1533	16.0	98.0	44.25831702544031	41.0
2	3	data/BGE00304_MGE-BGE_r1_1.3_1.5_s50_100.fasta	None	Corixidae	BLAST	family	COI-5P	656	1533	Corixidae,Anthocoridae	BGSNH055-24_r_1_s_50	Hesperocorixa parallela	0	BGSNH055-24	1	50	False	False	6727636	644	20	1533	10.0	56.0	28.320939334637966	28.0
9	10	data/BGE00304_MGE-BGE_r1_1.3_1.5_s50_100.fasta	None	Corixidae	BLAST	family	COI-5P	656	1533	Corixidae,Anthocoridae	BGSNH055-24_r_1_s_100	Hesperocorixa parallela	0	BGSNH055-24	1	100	False	False	6727636	328	20	1533	7.0	38.0	18.92954990215264	19.0
0	0	data/BGE00304_MGE-BGE_r1_1.3_1.5_s50_100.fasta	None	Corixidae	BLAST	family	COI-5P	656	1533	Corixidae,Anthocoridae	BGSNH055-24_r_1.3_s_50	Hesperocorixa parallela	0	BGSNH055-24	1.3	50	False	False	6727636	580	20	1533	9.0	49.0	25.301369863013697	25.0
2	2	data/BGE00304_MGE-BGE_r1_1.3_1.5_s50_100.fasta	None	Corixidae	BLAST	family	COI-5P	656	1533	Corixidae,Anthocoridae	BGSNH055-24_r_1.3_s_100	Hesperocorixa parallela	0	BGSNH055-24	1.3	100	False	False	6727636	313	20	1533	4.0	35.0	17.587084148727985	18.0
0	0	data/BGE00304_MGE-BGE_r1_1.3_1.5_s50_100.fasta	None	Corixidae	BLAST	family	COI-5P	656	1533	Corixidae,Anthocoridae	BGSNH055-24_r_1.5_s_50	Hesperocorixa parallela	0	BGSNH055-24	1.5	50	False	False	6727636	543	20	1533	9.0	48.0	23.864970645792564	23.0
0	0	data/BGE00304_MGE-BGE_r1_1.3_1.5_s50_100.fasta	None	Corixidae	BLAST	family	COI-5P	656	1533	Corixidae,Anthocoridae	BGSNH055-24_r_1.5_s_100	Hesperocorixa parallela	0	BGSNH055-24	1.5	100	False	False	6727636	305	20	1533	4.0	33.0	16.990215264187867	17.0
0	0	data/BGE00304_MGE-BGE_r1_1.3_1.5_s50_100.fasta	None	Corixidae	BLAST	family	COI-5P	656	1533	Corixidae,Anthocoridae	BGSNH056-24_r_1_s_50	Hesperocorixa parallela	0	BGSNH056-24	1	50	False	False	8797658	7432	373	1533	190.0	593.0	346.64383561643837	338.0
0	0	data/BGE00304_MGE-BGE_r1_1.3_1.5_s50_100.fasta	None	Corixidae	BLAST	family	COI-5P	656	1533	Corixidae,Anthocoridae	BGSNH056-24_r_1_s_100	Hesperocorixa parallela	0	BGSNH056-24	1	100	False	False	8797658	4785	373	1533	136.0	475.0	265.8473581213307	256.0
0	0	data/BGE00304_MGE-BGE_r1_1.3_1.5_s50_100.fasta	None	Corixidae	BLAST	family	COI-5P	656	1533	Corixidae,Anthocoridae	BGSNH056-24_r_1.3_s_50	Hesperocorixa parallela	0	BGSNH056-24	1.3	50	False	False	8797658	7237	373	1533	175.0	537.0	334.52837573385517	329.0
0	0	data/BGE00304_MGE-BGE_r1_1.3_1.5_s50_100.fasta	None	Corixidae	BLAST	family	COI-5P	656	1533	Corixidae,Anthocoridae	BGSNH056-24_r_1.3_s_100	Hesperocorixa parallela	0	BGSNH056-24	1.3	100	False	False	8797658	4701	373	1533	126.0	461.0	257.9510763209393	253.0
0	0	data/BGE00304_MGE-BGE_r1_1.3_1.5_s50_100.fasta	None	Corixidae	BLAST	family	COI-5P	656	1533	Corixidae,Anthocoridae	BGSNH056-24_r_1.5_s_50	Hesperocorixa parallela	0	BGSNH056-24	1.5	50	False	False	8797658	7107	373	1533	170.0	532.0	329.59686888454013	326.0
0	0	data/BGE00304_MGE-BGE_r1_1.3_1.5_s50_100.fasta	None	Corixidae	BLAST	family	COI-5P	656	1533	Corixidae,Anthocoridae	BGSNH056-24_r_1.5_s_100	Hesperocorixa parallela	0	BGSNH056-24	1.5	100	False	False	8797658	4680	373	1533	126.0	456.0	256.4637964774951	251.0
0	0	data/BGE00304_MGE-BGE_r1_1.3_1.5_s50_100.fasta	None	Corixidae	BLAST	family	COI-5P	656	1533	Corixidae,Anthocoridae	BGSNH057-24_r_1_s_50	Hesperocorixa parallela	0	BGSNH057-24	1	50	False	False	8174323	1776	20	1533	38.0	155.0	91.81800391389433	91.0
0	0	data/BGE00304_MGE-BGE_r1_1.3_1.5_s50_100.fasta	None	Corixidae	BLAST	family	COI-5P	656	1533	Corixidae,Anthocoridae	BGSNH057-24_r_1_s_100	Hesperocorixa parallela	0	BGSNH057-24	1	100	False	False	8174323	1221	20	1533	29.0	136.0	75.52641878669276	76.0
0	0	data/BGE00304_MGE-BGE_r1_1.3_1.5_s50_100.fasta	None	Corixidae	BLAST	family	COI-5P	656	1533	Corixidae,Anthocoridae	BGSNH057-24_r_1.3_s_50	Hesperocorixa parallela	0	BGSNH057-24	1.3	50	False	False	8174323	1692	20	1533	37.0	148.0	88.91976516634051	89.0
0	0	data/BGE00304_MGE-BGE_r1_1.3_1.5_s50_100.fasta	None	Corixidae	BLAST	family	COI-5P	656	1533	Corixidae,Anthocoridae	BGSNH057-24_r_1.3_s_100	Hesperocorixa parallela	0	BGSNH057-24	1.3	100	False	False	8174323	1216	20	1533	29.0	135.0	75.04109589041096	75.0
0	0	data/BGE00304_MGE-BGE_r1_1.3_1.5_s50_100.fasta	None	Corixidae	BLAST	family	COI-5P	656	1533	Corixidae,Anthocoridae	BGSNH057-24_r_1.5_s_50	Hesperocorixa parallela	0	BGSNH057-24	1.5	50	False	False	8174323	1639	20	1533	37.0	146.0	87.14872798434442	88.0
0	0	data/BGE00304_MGE-BGE_r1_1.3_1.5_s50_100.fasta	None	Corixidae	BLAST	family	COI-5P	656	1533	Corixidae,Anthocoridae	BGSNH057-24_r_1.5_s_100	Hesperocorixa parallela	0	BGSNH057-24	1.5	100	False	False	8174323	1209	20	1533	29.0	134.0	74.55381604696673	74.0
0	0	data/BGE00304_MGE-BGE_r1_1.3_1.5_s50_100.fasta	None	Corixidae	BLAST	family	COI-5P	656	1533	Corixidae,Anthocoridae	BGSNH058-24_r_1_s_50	Hesperocorixa parallela	0	BGSNH058-24	1	50	False	False	6813335	14496	418	1533	323.0	1341.0	709.0880626223092	689.0
0	0	data/BGE00304_MGE-BGE_r1_1.3_1.5_s50_100.fasta	None	Corixidae	BLAST	family	COI-5P	656	1533	Corixidae,Anthocoridae	BGSNH058-24_r_1_s_100	Hesperocorixa parallela	0	BGSNH058-24	1	100	False	False	6813335	9367	418	1533	267.0	1136.0	556.0156555772994	545.0
0	0	data/BGE00304_MGE-BGE_r1_1.3_1.5_s50_100.fasta	None	Corixidae	BLAST	family	COI-5P	656	1533	Corixidae,Anthocoridae	BGSNH058-24_r_1.3_s_50	Hesperocorixa parallela	0	BGSNH058-24	1.3	50	False	False	6813335	14416	418	1533	317.0	1337.0	705.1722113502935	687.0
0	0	data/BGE00304_MGE-BGE_r1_1.3_1.5_s50_100.fasta	None	Corixidae	BLAST	family	COI-5P	656	1533	Corixidae,Anthocoridae	BGSNH058-24_r_1.3_s_100	Hesperocorixa parallela	0	BGSNH058-24	1.3	100	False	False	6813335	9344	418	1533	263.0	1134.0	553.9804305283757	544.0
0	0	data/BGE00304_MGE-BGE_r1_1.3_1.5_s50_100.fasta	None	Corixidae	BLAST	family	COI-5P	656	1533	Corixidae,Anthocoridae	BGSNH058-24_r_1.5_s_50	Hesperocorixa parallela	0	BGSNH058-24	1.5	50	False	False	6813335	14197	418	1533	315.0	1335.0	697.7729941291585	678.0
0	0	data/BGE00304_MGE-BGE_r1_1.3_1.5_s50_100.fasta	None	Corixidae	BLAST	family	COI-5P	656	1533	Corixidae,Anthocoridae	BGSNH058-24_r_1.5_s_100	Hesperocorixa parallela	0	BGSNH058-24	1.5	100	False	False	6813335	9313	418	1533	261.0	1133.0	552.2641878669276	542.0
5	7	data/BGE00304_MGE-BGE_r1_1.3_1.5_s50_100.fasta	None	Micronectidae	BLAST	family	COI-5P	588	1290		BGSNH059-24_r_1_s_50	Micronecta carpatica	0	BGSNH059-24	1	50	False	False	5343068	895	1662	1533	0.0	249.0	70.52641878669276	51.0
0	3	data/BGE00304_MGE-BGE_r1_1.3_1.5_s50_100.fasta	None	Micronectidae	BLAST	family	COI-5P	476	1176		BGSNH059-24_r_1_s_100	Micronecta carpatica	0	BGSNH059-24	1	100	False	False	5343068	589	1662	1533	0.0	208.0	61.10958904109589	46.0
3	4	data/BGE00304_MGE-BGE_r1_1.3_1.5_s50_100.fasta	None	Micronectidae	BLAST	family	COI-5P	184	882	Oestridae	BGSNH059-24_r_1.3_s_50	Micronecta carpatica	0	BGSNH059-24	1.3	50	False	False	5343068	254	1662	1533	0.0	98.0	14.442270058708415	6.0
0	0	data/BGE00304_MGE-BGE_r1_1.3_1.5_s50_100.fasta	None	Micronectidae	BLAST	family	COI-5P	142	678	Oestridae	BGSNH059-24_r_1.3_s_100	Micronecta carpatica	0	BGSNH059-24	1.3	100	False	False	5343068	115	1662	1533	0.0	84.0	10.510763209393346	0.0
0	1	data/BGE00304_MGE-BGE_r1_1.3_1.5_s50_100.fasta	None	Micronectidae	BLAST	family	COI-5P	111	528	Reduviidae	BGSNH059-24_r_1.5_s_50	Micronecta carpatica	0	BGSNH059-24	1.5	50	False	False	5343068	84	1662	1533	0.0	43.0	3.080234833659491	0.0
0	0	data/BGE00304_MGE-BGE_r1_1.3_1.5_s50_100.fasta	None	Micronectidae	BLAST	family	COI-5P	89	216	Reduviidae	BGSNH059-24_r_1.5_s_100	Micronecta carpatica	0	BGSNH059-24	1.5	100	False	False	5343068	22	1662	1533	0.0	19.0	1.2974559686888454	0.0
3	20	data/BGE00304_MGE-BGE_r1_1.3_1.5_s50_100.fasta	None	Micronectidae	BLAST	family	COI-5P	470	1110	Dermestidae	BGSNH060-24_r_1_s_50	Micronecta carpatica	0	BGSNH060-24	1	50	False	False	2883534	531	818	1533	0.0	167.0	37.10958904109589	24.0
0	15	data/BGE00304_MGE-BGE_r1_1.3_1.5_s50_100.fasta	None	Micronectidae	BLAST	family	COI-5P	350	927	Dermestidae	BGSNH060-24_r_1_s_100	Micronecta carpatica	0	BGSNH060-24	1	100	False	False	2883534	284	818	1533	0.0	114.0	28.205479452054796	9.0
1	8	data/BGE00304_MGE-BGE_r1_1.3_1.5_s50_100.fasta	None	Micronectidae	BLAST	family	COI-5P	278	933	Tettigoniidae,Notonectidae,Miridae,Aphalaridae,Lycidae,Tephritidae	BGSNH060-24_r_1.3_s_50	Micronecta carpatica	0	BGSNH060-24	1.3	50	False	False	2883534	174	818	1533	0.0	56.0	11.064579256360078	4.0
0	5	data/BGE00304_MGE-BGE_r1_1.3_1.5_s50_100.fasta	None	Micronectidae	BLAST	family	COI-5P	109	570	Tettigoniidae,Micronectidae,Miridae,Aphalaridae,Lycidae,Tephritidae	BGSNH060-24_r_1.3_s_100	Micronecta carpatica	0	BGSNH060-24	1.3	100	False	False	2883534	74	818	1533	0.0	53.0	8.066536203522505	0.0
0	0	data/BGE00304_MGE-BGE_r1_1.3_1.5_s50_100.fasta	None	Micronectidae	BLAST	family	COI-5P	123	588	Timematidae,Miridae,Reduviidae	BGSNH060-24_r_1.5_s_50	Micronecta carpatica	0	BGSNH060-24	1.5	50	False	False	2883534	64	818	1533	0.0	17.0	2.5342465753424657	0.0
0	0	data/BGE00304_MGE-BGE_r1_1.3_1.5_s50_100.fasta	None	Micronectidae	BLAST	family	COI-5P	47	189	Blaberidae,Veliidae,Miridae,Reduviidae,Cercopidae,Scarabaeidae,Lycidae,Fanniidae	BGSNH060-24_r_1.5_s_100	Micronecta carpatica	0	BGSNH060-24	1.5	100	False	False	2883534	16	818	1533	0.0	10.0	0.9902152641878669	0.0
0	0	data/BGE00304_MGE-BGE_r1_1.3_1.5_s50_100.fasta	None	Micronectidae	BLAST	family	COI-5P	657	1533	Corixidae,Micronectidae	BGSNH061-24_r_1_s_50	Micronecta leucocephala	0	BGSNH061-24	1	50	False	False	4389100	9030	1062	1533	129.0	829.0	369.7181996086106	325.0
2	10	data/BGE00304_MGE-BGE_r1_1.3_1.5_s50_100.fasta	None	Micronectidae	BLAST	family	COI-5P	657	1533	Corixidae,Micronectidae,Anthocoridae,Plataspidae,Scutelleridae	BGSNH061-24_r_1_s_100	Micronecta leucocephala	0	BGSNH061-24	1	100	False	False	4389100	3962	1062	1533	48.0	556.0	218.70058708414874	194.0
0	0	data/BGE00304_MGE-BGE_r1_1.3_1.5_s50_100.fasta	None	Micronectidae	BLAST	family	COI-5P	657	1533	Corixidae,Micronectidae	BGSNH061-24_r_1.3_s_50	Micronecta leucocephala	0	BGSNH061-24	1.3	50	False	False	4389100	8611	1062	1533	116.0	753.0	334.4931506849315	299.0
0	0	data/BGE00304_MGE-BGE_r1_1.3_1.5_s50_100.fasta	None	Micronectidae	BLAST	family	COI-5P	657	1533	Corixidae,Micronectidae	BGSNH061-24_r_1.3_s_100	Micronecta leucocephala	0	BGSNH061-24	1.3	100	False	False	4389100	3737	1062	1533	48.0	510.0	190.76712328767124	158.0
0	0	data/BGE00304_MGE-BGE_r1_1.3_1.5_s50_100.fasta	None	Micronectidae	BLAST	family	COI-5P	657	1533	Corixidae,Micronectidae	BGSNH061-24_r_1.5_s_50	Micronecta leucocephala	0	BGSNH061-24	1.5	50	False	False	4389100	8290	1062	1533	109.0	747.0	324.3816046966732	280.0
0	0	data/BGE00304_MGE-BGE_r1_1.3_1.5_s50_100.fasta	None	Micronectidae	BLAST	family	COI-5P	657	1533	Corixidae,Micronectidae	BGSNH061-24_r_1.5_s_100	Micronecta leucocephala	0	BGSNH061-24	1.5	100	False	False	4389100	3712	1062	1533	48.0	510.0	189.44422700587083	157.0
0	0	data/BGE00304_MGE-BGE_r1_1.3_1.5_s50_100.fasta	None	Micronectidae	BLAST	family	COI-5P	657	1533	Corixidae,Micronectidae	BGSNH062-24_r_1_s_50	Micronecta leucocephala	0	BGSNH062-24	1	50	False	False	6700792	11780	188	1533	217.0	918.0	483.6477495107632	446.0
0	0	data/BGE00304_MGE-BGE_r1_1.3_1.5_s50_100.fasta	None	Micronectidae	BLAST	family	COI-5P	657	1533	Corixidae,Micronectidae	BGSNH062-24_r_1_s_100	Micronecta leucocephala	0	BGSNH062-24	1	100	False	False	6700792	5947	188	1533	87.0	658.0	309.1898238747554	276.0
0	0	data/BGE00304_MGE-BGE_r1_1.3_1.5_s50_100.fasta	None	Micronectidae	BLAST	family	COI-5P	657	1533	Corixidae,Micronectidae	BGSNH062-24_r_1.3_s_50	Micronecta leucocephala	0	BGSNH062-24	1.3	50	False	False	6700792	11702	188	1533	217.0	917.0	479.37769080234835	442.0
0	0	data/BGE00304_MGE-BGE_r1_1.3_1.5_s50_100.fasta	None	Micronectidae	BLAST	family	COI-5P	657	1533	Corixidae,Micronectidae	BGSNH062-24_r_1.3_s_100	Micronecta leucocephala	0	BGSNH062-24	1.3	100	False	False	6700792	5917	188	1533	87.0	653.0	306.54794520547944	273.0
0	0	data/BGE00304_MGE-BGE_r1_1.3_1.5_s50_100.fasta	None	Micronectidae	BLAST	family	COI-5P	657	1533	Corixidae,Micronectidae	BGSNH062-24_r_1.5_s_50	Micronecta leucocephala	0	BGSNH062-24	1.5	50	False	False	6700792	11320	188	1533	217.0	885.0	466.10567514677103	422.0
0	0	data/BGE00304_MGE-BGE_r1_1.3_1.5_s50_100.fasta	None	Micronectidae	BLAST	family	COI-5P	657	1533	Corixidae,Micronectidae	BGSNH062-24_r_1.5_s_100	Micronecta leucocephala	0	BGSNH062-24	1.5	100	False	False	6700792	5858	188	1533	87.0	650.0	303.2407045009785	270.0
5	7	data/BGE00304_MGE-BGE_r1_1.3_1.5_s50_100.fasta	None	Micronectidae	BLAST	family	COI-5P	657	1533	Notonectidae,Corixidae,Micronectidae	BGSNH063-24_r_1_s_50	Micronecta leucocephala	0	BGSNH063-24	1	50	False	False	5036273	5093	528	1533	45.0	542.0	178.48336594911936	146.0
17	17	data/BGE00304_MGE-BGE_r1_1.3_1.5_s50_100.fasta	None	Micronectidae	BLAST	family	COI-5P	657	1533	Notonectidae,Micronectidae	BGSNH063-24_r_1_s_100	Micronecta leucocephala	0	BGSNH063-24	1	100	False	False	5036273	1283	528	1533	6.0	253.0	67.09393346379647	47.0
0	0	data/BGE00304_MGE-BGE_r1_1.3_1.5_s50_100.fasta	None	Micronectidae	BLAST	family	COI-5P	657	1533	Corixidae,Micronectidae	BGSNH063-24_r_1.3_s_50	Micronecta leucocephala	0	BGSNH063-24	1.3	50	False	False	5036273	4827	528	1533	43.0	506.0	161.0508806262231	122.0
0	0	data/BGE00304_MGE-BGE_r1_1.3_1.5_s50_100.fasta	None	Micronectidae	BLAST	family	COI-5P	654	1530	Corixidae,Micronectidae	BGSNH063-24_r_1.3_s_100	Micronecta leucocephala	0	BGSNH063-24	1.3	100	False	False	5036273	1190	528	1533	0.0	227.0	56.01565557729941	39.0
0	0	data/BGE00304_MGE-BGE_r1_1.3_1.5_s50_100.fasta	None	Micronectidae	BLAST	family	COI-5P	657	1533	Corixidae,Micronectidae	BGSNH063-24_r_1.5_s_50	Micronecta leucocephala	0	BGSNH063-24	1.5	50	False	False	5036273	4484	528	1533	38.0	465.0	147.66340508806263	112.0
0	0	data/BGE00304_MGE-BGE_r1_1.3_1.5_s50_100.fasta	None	Micronectidae	BLAST	family	COI-5P	654	1530	Corixidae,Micronectidae	BGSNH063-24_r_1.5_s_100	Micronecta leucocephala	0	BGSNH063-24	1.5	100	False	False	5036273	1132	528	1533	0.0	190.0	51.47358121330724	38.0
47	118	data/BGE00304_MGE-BGE_r1_1.3_1.5_s50_100.fasta	None	Micronectidae	BLAST	family	COI-5P	656	1533	Notonectidae,Micronectidae,Thaumastocoridae	BGSNH064-24_r_1_s_50	Micronecta leucocephala	0	BGSNH064-24	1	50	False	False	6339820	3131	1705	1533	56.0	392.0	164.91780821917808	161.0
34	104	data/BGE00304_MGE-BGE_r1_1.3_1.5_s50_100.fasta	None	Micronectidae	BLAST	family	COI-5P	656	1533	Micronectidae	BGSNH064-24_r_1_s_100	Micronecta leucocephala	0	BGSNH064-24	1	100	False	False	6339820	1821	1705	1533	14.0	298.0	123.5518590998043	116.0
2	27	data/BGE00304_MGE-BGE_r1_1.3_1.5_s50_100.fasta	None	Micronectidae	BLAST	family	COI-5P	656	1533	Corixidae,Micronectidae	BGSNH064-24_r_1.3_s_50	Micronecta leucocephala	0	BGSNH064-24	1.3	50	False	False	6339820	2490	1705	1533	46.0	269.0	114.86497064579257	98.0
4	35	data/BGE00304_MGE-BGE_r1_1.3_1.5_s50_100.fasta	None	Micronectidae	BLAST	family	COI-5P	656	1533	Belostomatidae,Corixidae,Micronectidae	BGSNH064-24_r_1.3_s_100	Micronecta leucocephala	0	BGSNH064-24	1.3	100	False	False	6339820	1422	1705	1533	14.0	206.0	82.47553816046967	74.0
1	5	data/BGE00304_MGE-BGE_r1_1.3_1.5_s50_100.fasta	None	Micronectidae	BLAST	family	COI-5P	657	1533	Corixidae,Micronectidae	BGSNH064-24_r_1.5_s_50	Micronecta leucocephala	0	BGSNH064-24	1.5	50	False	False	6339820	2139	1705	1533	33.0	242.0	95.40508806262231	87.0
0	8	data/BGE00304_MGE-BGE_r1_1.3_1.5_s50_100.fasta	None	Micronectidae	BLAST	family	COI-5P	657	1533	Pleidae,Micronectidae	BGSNH064-24_r_1.5_s_100	Micronecta leucocephala	0	BGSNH064-24	1.5	100	False	False	6339820	1248	1705	1533	14.0	185.0	68.3307240704501	62.0
0	0	data/BGE00304_MGE-BGE_r1_1.3_1.5_s50_100.fasta	None	Micronectidae	BLAST	family	COI-5P	656	1533	Corixidae,Micronectidae	BGSNH065-24_r_1_s_50	Micronecta leucocephala	0	BGSNH065-24	1	50	False	False	5465376	5045	30	1533	81.0	420.0	187.75342465753425	176.0
0	0	data/BGE00304_MGE-BGE_r1_1.3_1.5_s50_100.fasta	None	Micronectidae	BLAST	family	COI-5P	656	1533	Corixidae,Micronectidae	BGSNH065-24_r_1_s_100	Micronecta leucocephala	0	BGSNH065-24	1	100	False	False	5465376	1984	30	1533	24.0	258.0	97.40313111545989	81.0
0	0	data/BGE00304_MGE-BGE_r1_1.3_1.5_s50_100.fasta	None	Micronectidae	BLAST	family	COI-5P	656	1533	Corixidae,Micronectidae	BGSNH065-24_r_1.3_s_50	Micronecta leucocephala	0	BGSNH065-24	1.3	50	False	False	5465376	4977	30	1533	76.0	414.0	183.8747553816047	171.0
0	0	data/BGE00304_MGE-BGE_r1_1.3_1.5_s50_100.fasta	None	Micronectidae	BLAST	family	COI-5P	656	1533	Corixidae,Micronectidae	BGSNH065-24_r_1.3_s_100	Micronecta leucocephala	0	BGSNH065-24	1.3	100	False	False	5465376	1962	30	1533	24.0	255.0	95.11154598825831	78.0
0	0	data/BGE00304_MGE-BGE_r1_1.3_1.5_s50_100.fasta	None	Micronectidae	BLAST	family	COI-5P	656	1533	Corixidae,Micronectidae	BGSNH065-24_r_1.5_s_50	Micronecta leucocephala	0	BGSNH065-24	1.5	50	False	False	5465376	4780	30	1533	75.0	411.0	177.45205479452054	162.0
0	0	data/BGE00304_MGE-BGE_r1_1.3_1.5_s50_100.fasta	None	Micronectidae	BLAST	family	COI-5P	656	1533	Corixidae,Micronectidae	BGSNH065-24_r_1.5_s_100	Micronecta leucocephala	0	BGSNH065-24	1.5	100	False	False	5465376	1945	30	1533	24.0	254.0	94.12720156555773	78.0
5	16	data/BGE00304_MGE-BGE_r1_1.3_1.5_s50_100.fasta	None	Corixidae	BLAST	family	COI-5P	656	1536	Corixidae,Anthocoridae	BGSNH066-24_r_1_s_50	Parasigara transversa	0	BGSNH066-24	1	50	False	False	7790436	7156	172	1536	88.0	662.0	304.078125	278.0
5	11	data/BGE00304_MGE-BGE_r1_1.3_1.5_s50_100.fasta	None	Corixidae	BLAST	family	COI-5P	656	1536	Corixidae,Anthocoridae	BGSNH066-24_r_1_s_100	Parasigara transversa	0	BGSNH066-24	1	100	False	False	7790436	3245	172	1536	33.0	413.0	179.923828125	174.5
1	1	data/BGE00304_MGE-BGE_r1_1.3_1.5_s50_100.fasta	None	Corixidae	BLAST	family	COI-5P	656	1536	Corixidae,Anthocoridae	BGSNH066-24_r_1.3_s_50	Parasigara transversa	0	BGSNH066-24	1.3	50	False	False	7790436	6241	172	1536	68.0	551.0	257.837890625	246.0
2	2	data/BGE00304_MGE-BGE_r1_1.3_1.5_s50_100.fasta	None	Corixidae	BLAST	family	COI-5P	656	1536	Corixidae,Anthocoridae	BGSNH066-24_r_1.3_s_100	Parasigara transversa	0	BGSNH066-24	1.3	100	False	False	7790436	2977	172	1536	33.0	413.0	159.505859375	155.0
1	1	data/BGE00304_MGE-BGE_r1_1.3_1.5_s50_100.fasta	None	Corixidae	BLAST	family	COI-5P	656	1536	Corixidae,Anthocoridae	BGSNH066-24_r_1.5_s_50	Parasigara transversa	0	BGSNH066-24	1.5	50	False	False	7790436	5291	172	1536	64.0	550.0	222.650390625	213.0
2	2	data/BGE00304_MGE-BGE_r1_1.3_1.5_s50_100.fasta	None	Corixidae	BLAST	family	COI-5P	656	1536	Corixidae,Anthocoridae	BGSNH066-24_r_1.5_s_100	Parasigara transversa	0	BGSNH066-24	1.5	100	False	False	7790436	2848	172	1536	33.0	412.0	151.24609375	148.0
0	0	data/BGE00304_MGE-BGE_r1_1.3_1.5_s50_100.fasta	None	Corixidae	BLAST	family	COI-5P	657	1536	Corixidae,Anthocoridae	BGSNH067-24_r_1_s_50	Parasigara transversa	0	BGSNH067-24	1	50	False	False	7858352	16663	1041	1536	240.0	1753.0	681.3125	613.0
0	0	data/BGE00304_MGE-BGE_r1_1.3_1.5_s50_100.fasta	None	Corixidae	BLAST	family	COI-5P	657	1536	Corixidae,Anthocoridae	BGSNH067-24_r_1_s_100	Parasigara transversa	0	BGSNH067-24	1	100	False	False	7858352	8494	1041	1536	103.0	1229.0	437.77734375	399.5
0	0	data/BGE00304_MGE-BGE_r1_1.3_1.5_s50_100.fasta	None	Corixidae	BLAST	family	COI-5P	657	1536	Corixidae,Anthocoridae	BGSNH067-24_r_1.3_s_50	Parasigara transversa	0	BGSNH067-24	1.3	50	False	False	7858352	16304	1041	1536	239.0	1750.0	658.919921875	585.0
0	0	data/BGE00304_MGE-BGE_r1_1.3_1.5_s50_100.fasta	None	Corixidae	BLAST	family	COI-5P	657	1536	Corixidae,Anthocoridae	BGSNH067-24_r_1.3_s_100	Parasigara transversa	0	BGSNH067-24	1.3	100	False	False	7858352	8319	1041	1536	103.0	1229.0	421.94921875	390.5
0	0	data/BGE00304_MGE-BGE_r1_1.3_1.5_s50_100.fasta	None	Corixidae	BLAST	family	COI-5P	657	1536	Corixidae,Anthocoridae	BGSNH067-24_r_1.5_s_50	Parasigara transversa	0	BGSNH067-24	1.5	50	False	False	7858352	15700	1041	1536	233.0	1746.0	637.119140625	560.0
0	0	data/BGE00304_MGE-BGE_r1_1.3_1.5_s50_100.fasta	None	Corixidae	BLAST	family	COI-5P	657	1536	Corixidae,Anthocoridae	BGSNH067-24_r_1.5_s_100	Parasigara transversa	0	BGSNH067-24	1.5	100	False	False	7858352	8242	1041	1536	102.0	1229.0	416.408203125	382.5
4	7	data/BGE00304_MGE-BGE_r1_1.3_1.5_s50_100.fasta	None	Corixidae	BLAST	family	COI-5P	657	1536	Corixidae	BGSNH068-24_r_1_s_50	Parasigara transversa	0	BGSNH068-24	1	50	False	False	1118517	419	56	1536	1.0	69.0	16.705078125	14.0
0	7	data/BGE00304_MGE-BGE_r1_1.3_1.5_s50_100.fasta	None	Corixidae	BLAST	family	COI-5P	341	1311	Corixidae	BGSNH068-24_r_1_s_100	Parasigara transversa	0	BGSNH068-24	1	100	False	False	1118517	194	56	1536	0.0	59.0	10.08984375	8.0
2	5	data/BGE00304_MGE-BGE_r1_1.3_1.5_s50_100.fasta	None	Corixidae	BLAST	family	COI-5P	639	1518	Corixidae,Anthocoridae	BGSNH068-24_r_1.3_s_50	Parasigara transversa	0	BGSNH068-24	1.3	50	False	False	1118517	394	56	1536	0.0	69.0	15.349609375	14.0
0	0	data/BGE00304_MGE-BGE_r1_1.3_1.5_s50_100.fasta	None	Corixidae	BLAST	family	COI-5P	400	1299	Corixidae	BGSNH068-24_r_1.3_s_100	Parasigara transversa	0	BGSNH068-24	1.3	100	False	False	1118517	189	56	1536	0.0	59.0	9.357421875	6.0
2	5	data/BGE00304_MGE-BGE_r1_1.3_1.5_s50_100.fasta	None	Corixidae	BLAST	family	COI-5P	639	1518	Corixidae,Anthocoridae	BGSNH068-24_r_1.5_s_50	Parasigara transversa	0	BGSNH068-24	1.5	50	False	False	1118517	370	56	1536	0.0	69.0	14.5390625	12.0
0	0	data/BGE00304_MGE-BGE_r1_1.3_1.5_s50_100.fasta	None	Corixidae	BLAST	family	COI-5P	367	1266	Corixidae	BGSNH068-24_r_1.5_s_100	Parasigara transversa	0	BGSNH068-24	1.5	100	False	False	1118517	188	56	1536	0.0	59.0	9.306640625	6.0
1	1	data/BGE00304_MGE-BGE_r1_1.3_1.5_s50_100.fasta	None	Corixidae	BLAST	family	COI-5P	657	1536	Corixidae,Anthocoridae	BGSNH069-24_r_1_s_50	Parasigara transversa	0	BGSNH069-24	1	50	False	False	6349379	1279	160	1536	19.0	100.0	55.4453125	53.0
0	0	data/BGE00304_MGE-BGE_r1_1.3_1.5_s50_100.fasta	None	Corixidae	BLAST	family	COI-5P	657	1536	Corixidae,Anthocoridae	BGSNH069-24_r_1_s_100	Parasigara transversa	0	BGSNH069-24	1	100	False	False	6349379	630	160	1536	7.0	73.0	35.91796875	33.0
0	0	data/BGE00304_MGE-BGE_r1_1.3_1.5_s50_100.fasta	None	Corixidae	BLAST	family	COI-5P	657	1536	Corixidae,Anthocoridae	BGSNH069-24_r_1.3_s_50	Parasigara transversa	0	BGSNH069-24	1.3	50	False	False	6349379	1183	160	1536	17.0	95.0	50.380859375	47.0
0	0	data/BGE00304_MGE-BGE_r1_1.3_1.5_s50_100.fasta	None	Corixidae	BLAST	family	COI-5P	657	1536	Corixidae,Anthocoridae	BGSNH069-24_r_1.3_s_100	Parasigara transversa	0	BGSNH069-24	1.3	100	False	False	6349379	605	160	1536	7.0	71.0	33.470703125	31.0
0	0	data/BGE00304_MGE-BGE_r1_1.3_1.5_s50_100.fasta	None	Corixidae	BLAST	family	COI-5P	657	1536	Corixidae,Anthocoridae	BGSNH069-24_r_1.5_s_50	Parasigara transversa	0	BGSNH069-24	1.5	50	False	False	6349379	1115	160	1536	17.0	92.0	48.25	43.5
0	0	data/BGE00304_MGE-BGE_r1_1.3_1.5_s50_100.fasta	None	Corixidae	BLAST	family	COI-5P	657	1536	Corixidae,Anthocoridae	BGSNH069-24_r_1.5_s_100	Parasigara transversa	0	BGSNH069-24	1.5	100	False	False	6349379	598	160	1536	7.0	71.0	33.107421875	30.0
0	0	data/BGE00304_MGE-BGE_r1_1.3_1.5_s50_100.fasta	None	Corixidae	BLAST	family	COI-5P	657	1536	Corixidae,Anthocoridae	BGSNH070-24_r_1_s_50	Sigara mayri	0	BGSNH070-24	1	50	False	False	2250373	4250	499	1536	66.0	414.0	203.193359375	199.0
0	0	data/BGE00304_MGE-BGE_r1_1.3_1.5_s50_100.fasta	None	Corixidae	BLAST	family	COI-5P	657	1536	Corixidae,Anthocoridae	BGSNH070-24_r_1_s_100	Sigara mayri	0	BGSNH070-24	1	100	False	False	2250373	2791	499	1536	48.0	302.0	159.08984375	162.0
0	0	data/BGE00304_MGE-BGE_r1_1.3_1.5_s50_100.fasta	None	Corixidae	BLAST	family	COI-5P	657	1536	Corixidae,Anthocoridae	BGSNH070-24_r_1.3_s_50	Sigara mayri	0	BGSNH070-24	1.3	50	False	False	2250373	4115	499	1536	65.0	372.0	193.919921875	193.0
0	0	data/BGE00304_MGE-BGE_r1_1.3_1.5_s50_100.fasta	None	Corixidae	BLAST	family	COI-5P	657	1536	Corixidae,Anthocoridae	BGSNH070-24_r_1.3_s_100	Sigara mayri	0	BGSNH070-24	1.3	100	False	False	2250373	2710	499	1536	43.0	263.0	151.751953125	157.0
0	0	data/BGE00304_MGE-BGE_r1_1.3_1.5_s50_100.fasta	None	Corixidae	BLAST	family	COI-5P	657	1536	Corixidae,Anthocoridae	BGSNH070-24_r_1.5_s_50	Sigara mayri	0	BGSNH070-24	1.5	50	False	False	2250373	3960	499	1536	52.0	372.0	188.54296875	191.0
0	0	data/BGE00304_MGE-BGE_r1_1.3_1.5_s50_100.fasta	None	Corixidae	BLAST	family	COI-5P	657	1536	Corixidae,Anthocoridae	BGSNH070-24_r_1.5_s_100	Sigara mayri	0	BGSNH070-24	1.5	100	False	False	2250373	2687	499	1536	40.0	263.0	150.4296875	155.0
9	9	data/BGE00304_MGE-BGE_r1_1.3_1.5_s50_100.fasta	None	Corixidae	BLAST	family	COI-5P	657	1536	Notonectidae,Corixidae	BGSNH071-24_r_1_s_50	Sigara mayri	0	BGSNH071-24	1	50	False	False	10476481	9240	2353	1536	204.0	898.0	470.546875	453.5
5	5	data/BGE00304_MGE-BGE_r1_1.3_1.5_s50_100.fasta	None	Corixidae	BLAST	family	COI-5P	657	1536	Corixidae,Micronectidae,Anthocoridae,Stenocephalidae	BGSNH071-24_r_1_s_100	Sigara mayri	0	BGSNH071-24	1	100	False	False	10476481	6115	2353	1536	125.0	716.0	372.30859375	372.5
0	0	data/BGE00304_MGE-BGE_r1_1.3_1.5_s50_100.fasta	None	Corixidae	BLAST	family	COI-5P	657	1536	Corixidae,Anthocoridae	BGSNH071-24_r_1.3_s_50	Sigara mayri	0	BGSNH071-24	1.3	50	False	False	10476481	8455	2353	1536	126.0	883.0	415.630859375	404.0
0	0	data/BGE00304_MGE-BGE_r1_1.3_1.5_s50_100.fasta	None	Corixidae	BLAST	family	COI-5P	657	1536	Corixidae,Anthocoridae	BGSNH071-24_r_1.3_s_100	Sigara mayri	0	BGSNH071-24	1.3	100	False	False	10476481	5675	2353	1536	87.0	701.0	329.58203125	327.0
0	0	data/BGE00304_MGE-BGE_r1_1.3_1.5_s50_100.fasta	None	Corixidae	BLAST	family	COI-5P	657	1536	Corixidae,Anthocoridae	BGSNH071-24_r_1.5_s_50	Sigara mayri	0	BGSNH071-24	1.5	50	False	False	10476481	8042	2353	1536	85.0	843.0	394.08984375	378.0
0	0	data/BGE00304_MGE-BGE_r1_1.3_1.5_s50_100.fasta	None	Corixidae	BLAST	family	COI-5P	657	1536	Corixidae,Anthocoridae	BGSNH071-24_r_1.5_s_100	Sigara mayri	0	BGSNH071-24	1.5	100	False	False	10476481	5518	2353	1536	59.0	680.0	316.642578125	321.0
8	42	data/BGE00304_MGE-BGE_r1_1.3_1.5_s50_100.fasta	None	Corixidae	BLAST	family	COI-5P	656	1533	Corixidae	BGSNH072-24_r_1_s_50	Sigara mayri	0	BGSNH072-24	1	50	False	False	4330944	1097	952	1536	5.0	236.0	59.90625	44.0
4	28	data/BGE00304_MGE-BGE_r1_1.3_1.5_s50_100.fasta	None	Corixidae	BLAST	family	COI-5P	650	1527	Corixidae	BGSNH072-24_r_1_s_100	Sigara mayri	0	BGSNH072-24	1	100	False	False	4330944	496	952	1536	0.0	168.0	40.76953125	22.0
5	14	data/BGE00304_MGE-BGE_r1_1.3_1.5_s50_100.fasta	None	Corixidae	BLAST	family	COI-5P	656	1533	Corixidae,Anthocoridae	BGSNH072-24_r_1.3_s_50	Sigara mayri	0	BGSNH072-24	1.3	50	False	False	4330944	671	952	1536	5.0	100.0	28.64453125	20.0
0	7	data/BGE00304_MGE-BGE_r1_1.3_1.5_s50_100.fasta	None	Corixidae	BLAST	family	COI-5P	644	1515	Corixidae	BGSNH072-24_r_1.3_s_100	Sigara mayri	0	BGSNH072-24	1.3	100	False	False	4330944	259	952	1536	0.0	87.0	16.96875	10.0
1	1	data/BGE00304_MGE-BGE_r1_1.3_1.5_s50_100.fasta	None	Corixidae	BLAST	family	COI-5P	641	1521	Corixidae,Anthocoridae	BGSNH072-24_r_1.5_s_50	Sigara mayri	0	BGSNH072-24	1.5	50	False	False	4330944	519	952	1536	0.0	61.0	18.83203125	17.0
0	0	data/BGE00304_MGE-BGE_r1_1.3_1.5_s50_100.fasta	None	Corixidae	BLAST	family	COI-5P	502	1443	Corixidae	BGSNH072-24_r_1.5_s_100	Sigara mayri	0	BGSNH072-24	1.5	100	False	False	4330944	189	952	1536	0.0	46.0	9.32421875	6.0
5	9	data/BGE00304_MGE-BGE_r1_1.3_1.5_s50_100.fasta	None	Saldidae	BLAST	family	COI-5P	655	1533	Baetidae,Hymenopodidae,Clastopteridae,Mycetophilidae	BGSNH073-24_r_1_s_50	Chartoscirta geminata	0	BGSNH073-24	1	50	False	False	11395103	3540	450	1533	1.0	399.0	203.6908023483366	228.0
0	4	data/BGE00304_MGE-BGE_r1_1.3_1.5_s50_100.fasta	None	Saldidae	BLAST	family	COI-5P	657	1512	Baetidae,Hymenopodidae,Tettigoniidae,Clastopteridae,Mycetophilidae	BGSNH073-24_r_1_s_100	Chartoscirta geminata	0	BGSNH073-24	1	100	False	False	11395103	1932	450	1533	0.0	311.0	145.7123287671233	155.0
8	12	data/BGE00304_MGE-BGE_r1_1.3_1.5_s50_100.fasta	None	Saldidae	BLAST	family	COI-5P	655	1491	Gerridae,Lygaeidae,Largidae	BGSNH073-24_r_1.3_s_50	Chartoscirta geminata	0	BGSNH073-24	1.3	50	False	False	11395103	1901	450	1533	0.0	350.0	94.90802348336595	62.0
8	10	data/BGE00304_MGE-BGE_r1_1.3_1.5_s50_100.fasta	None	Saldidae	BLAST	family	COI-5P	657	1485	Gerridae,Mesoveliidae,Platystomatidae,Endromidae,Nepticulidae	BGSNH073-24_r_1.3_s_100	Chartoscirta geminata	0	BGSNH073-24	1.3	100	False	False	11395103	980	450	1533	0.0	279.0	64.77103718199609	39.0
8	11	data/BGE00304_MGE-BGE_r1_1.3_1.5_s50_100.fasta	None	Saldidae	BLAST	family	COI-5P	655	1377	Gerridae,Veliidae,Miridae,Scutelleridae,Staphylinidae	BGSNH073-24_r_1.5_s_50	Chartoscirta geminata	0	BGSNH073-24	1.5	50	False	False	11395103	840	450	1533	0.0	214.0	38.11545988258317	29.0
12	13	data/BGE00304_MGE-BGE_r1_1.3_1.5_s50_100.fasta	None	Saldidae	BLAST	family	COI-5P	657	1371	Gerridae,Veliidae,Miridae,Pentatomidae,Malcidae,Pyrrhocoridae	BGSNH073-24_r_1.5_s_100	Chartoscirta geminata	0	BGSNH073-24	1.5	100	False	False	11395103	414	450	1533	0.0	164.0	25.651663405088062	14.0
13	33	data/BGE00304_MGE-BGE_r1_1.3_1.5_s50_100.fasta	None	Saldidae	BLAST	family	COI-5P	636	1434	Miridae	BGSNH074-24_r_1_s_50	Chartoscirta geminata	0	BGSNH074-24	1	50	False	False	6580973	786	725	1533	0.0	166.0	51.80234833659491	45.0
1	14	data/BGE00304_MGE-BGE_r1_1.3_1.5_s50_100.fasta	None	Saldidae	BLAST	family	COI-5P	606	1284	Saldidae,Miridae,Anthocoridae	BGSNH074-24_r_1_s_100	Chartoscirta geminata	0	BGSNH074-24	1	100	False	False	6580973	413	725	1533	0.0	131.0	40.0665362035225	26.0
6	14	data/BGE00304_MGE-BGE_r1_1.3_1.5_s50_100.fasta	None	Saldidae	BLAST	family	COI-5P	570	1293	Acrididae,Saldidae,Anthocoridae	BGSNH074-24_r_1.3_s_50	Chartoscirta geminata	0	BGSNH074-24	1.3	50	False	False	6580973	282	725	1533	0.0	66.0	12.880626223091976	9.0
0	2	data/BGE00304_MGE-BGE_r1_1.3_1.5_s50_100.fasta	None	Saldidae	BLAST	family	COI-5P	518	966	Gerridae,Saldidae,Miridae,Anthocoridae	BGSNH074-24_r_1.3_s_100	Chartoscirta geminata	0	BGSNH074-24	1.3	100	False	False	6580973	103	725	1533	0.0	40.0	7.945205479452055	3.0
4	10	data/BGE00304_MGE-BGE_r1_1.3_1.5_s50_100.fasta	None	Saldidae	BLAST	family	COI-5P	423	1014	Elmidae,Dolichopodidae,Phoridae,Nevrorthidae	BGSNH074-24_r_1.5_s_50	Chartoscirta geminata	0	BGSNH074-24	1.5	50	False	False	6580973	162	725	1533	0.0	50.0	5.152641878669276	2.0
0	5	data/BGE00304_MGE-BGE_r1_1.3_1.5_s50_100.fasta	None	Saldidae	BLAST	family	COI-5P	211	588	Gerridae,Saldidae,Anthocoridae	BGSNH074-24_r_1.5_s_100	Chartoscirta geminata	0	BGSNH074-24	1.5	100	False	False	6580973	35	725	1533	0.0	9.0	1.8571428571428572	0.0
52	137	data/BGE00304_MGE-BGE_r1_1.3_1.5_s50_100.fasta	None	Saldidae	BLAST	family	COI-5P	617	1359		BGSNH075-24_r_1_s_50	Salda adriatica	0	BGSNH075-24	1	50	False	False	9190406	326	692	1533	0.0	70.0	19.951076320939336	14.0
26	123	data/BGE00304_MGE-BGE_r1_1.3_1.5_s50_100.fasta	None	Saldidae	BLAST	family	COI-5P	521	1260		BGSNH075-24_r_1_s_100	Salda adriatica	0	BGSNH075-24	1	100	False	False	9190406	150	692	1533	0.0	54.0	13.520547945205479	9.0
24	69	data/BGE00304_MGE-BGE_r1_1.3_1.5_s50_100.fasta	None	Saldidae	BLAST	family	COI-5P	518	1257	Reduviidae	BGSNH075-24_r_1.3_s_50	Salda adriatica	0	BGSNH075-24	1.3	50	False	False	9190406	121	692	1533	0.0	32.0	5.463796477495108	4.0
17	44	data/BGE00304_MGE-BGE_r1_1.3_1.5_s50_100.fasta	None	Saldidae	BLAST	family	COI-5P	462	1035	Reduviidae	BGSNH075-24_r_1.3_s_100	Salda adriatica	0	BGSNH075-24	1.3	100	False	False	9190406	46	692	1533	0.0	24.0	3.2622309197651664	2.0
5	36	data/BGE00304_MGE-BGE_r1_1.3_1.5_s50_100.fasta	None	Saldidae	BLAST	family	COI-5P	429	999	Saldidae	BGSNH075-24_r_1.5_s_50	Salda adriatica	0	BGSNH075-24	1.5	50	False	False	9190406	56	692	1533	0.0	22.0	2.483365949119374	1.0
1	4	data/BGE00304_MGE-BGE_r1_1.3_1.5_s50_100.fasta	None	Saldidae	BLAST	family	COI-5P	301	669	Saldidae	BGSNH075-24_r_1.5_s_100	Salda adriatica	0	BGSNH075-24	1.5	100	False	False	9190406	23	692	1533	0.0	15.0	1.6027397260273972	0.0
6	10	data/BGE00304_MGE-BGE_r1_1.3_1.5_s50_100.fasta	None	Saldidae	BLAST	family	COI-5P	526	1257	Reduviidae,Pteromalidae,Eulophidae	BGSNH076-24_r_1_s_50	Salda adriatica	0	BGSNH076-24	1	50	False	False	10454139	545	950	1533	0.0	100.0	25.273972602739725	10.0
2	14	data/BGE00304_MGE-BGE_r1_1.3_1.5_s50_100.fasta	None	Saldidae	BLAST	family	COI-5P	461	1116	Reduviidae,Pteromalidae,Encyrtidae	BGSNH076-24_r_1_s_100	Salda adriatica	0	BGSNH076-24	1	100	False	False	10454139	129	950	1533	0.0	49.0	11.13894324853229	5.0
4	5	data/BGE00304_MGE-BGE_r1_1.3_1.5_s50_100.fasta	None	Saldidae	BLAST	family	COI-5P	368	828	Pteromalidae	BGSNH076-24_r_1.3_s_50	Salda adriatica	0	BGSNH076-24	1.3	50	False	False	10454139	152	950	1533	0.0	59.0	5.902152641878669	2.0
5	6	data/BGE00304_MGE-BGE_r1_1.3_1.5_s50_100.fasta	None	Saldidae	BLAST	family	COI-5P	269	522	Pteromalidae	BGSNH076-24_r_1.3_s_100	Salda adriatica	0	BGSNH076-24	1.3	100	False	False	10454139	26	950	1533	0.0	18.0	2.4129158512720155	0.0
0	1	data/BGE00304_MGE-BGE_r1_1.3_1.5_s50_100.fasta	None	Saldidae	BLAST	family	COI-5P	102	303		BGSNH076-24_r_1.5_s_50	Salda adriatica	0	BGSNH076-24	1.5	50	False	False	10454139	26	950	1533	0.0	13.0	1.360078277886497	0.0
0	1	data/BGE00304_MGE-BGE_r1_1.3_1.5_s50_100.fasta	None	Saldidae	BLAST	family	COI-5P	100	189		BGSNH076-24_r_1.5_s_100	Salda adriatica	0	BGSNH076-24	1.5	100	False	False	10454139	13	950	1533	0.0	13.0	1.0450097847358122	0.0
4	5	data/BGE00304_MGE-BGE_r1_1.3_1.5_s50_100.fasta	None	Saldidae	BLAST	family	COI-5P	655	1533	Corixidae,Aphelocheiridae,Saldidae,Coreidae	BGSNH077-24_r_1_s_50	Salda henschii	0	BGSNH077-24	1	50	False	False	12610264	1424	928	1533	31.0	156.0	81.80626223091977	80.0
4	4	data/BGE00304_MGE-BGE_r1_1.3_1.5_s50_100.fasta	None	Saldidae	BLAST	family	COI-5P	655	1533	Corixidae,Aphelocheiridae,Saldidae,Coreidae	BGSNH077-24_r_1_s_100	Salda henschii	0	BGSNH077-24	1	100	False	False	12610264	930	928	1533	25.0	140.0	65.99412915851272	63.0
0	0	data/BGE00304_MGE-BGE_r1_1.3_1.5_s50_100.fasta	None	Saldidae	BLAST	family	COI-5P	655	1533	Corixidae,Aphelocheiridae,Saldidae,Coreidae	BGSNH077-24_r_1.3_s_50	Salda henschii	0	BGSNH077-24	1.3	50	False	False	12610264	1122	928	1533	8.0	133.0	64.28375733855187	63.0
0	0	data/BGE00304_MGE-BGE_r1_1.3_1.5_s50_100.fasta	None	Saldidae	BLAST	family	COI-5P	655	1533	Corixidae,Aphelocheiridae,Saldidae,Coreidae	BGSNH077-24_r_1.3_s_100	Salda henschii	0	BGSNH077-24	1.3	100	False	False	12610264	809	928	1533	7.0	124.0	54.65362035225049	52.0
0	0	data/BGE00304_MGE-BGE_r1_1.3_1.5_s50_100.fasta	None	Saldidae	BLAST	family	COI-5P	655	1512	Corixidae,Saldidae,Tessaratomidae,Coreidae	BGSNH077-24_r_1.5_s_50	Salda henschii	0	BGSNH077-24	1.5	50	False	False	12610264	873	928	1533	0.0	115.0	50.12133072407045	47.0
0	0	data/BGE00304_MGE-BGE_r1_1.3_1.5_s50_100.fasta	None	Saldidae	BLAST	family	COI-5P	655	1491	Corixidae,Saldidae,Tessaratomidae,Coreidae	BGSNH077-24_r_1.5_s_100	Salda henschii	0	BGSNH077-24	1.5	100	False	False	12610264	665	928	1533	0.0	109.0	43.894324853228966	42.0
96	196	data/BGE00304_MGE-BGE_r1_1.3_1.5_s50_100.fasta	None	Saldidae	BLAST	family	COI-5P	655	1533	Saldidae	BGSNH078-24_r_1_s_50	Salda henschii	0	BGSNH078-24	1	50	False	False	15193939	442	159	1533	3.0	81.0	20.532289628180038	19.0
49	99	data/BGE00304_MGE-BGE_r1_1.3_1.5_s50_100.fasta	None	Saldidae	BLAST	family	COI-5P	655	1533	Saldidae,Nabidae,Heterogastridae,Rhopalidae,Alydidae	BGSNH078-24_r_1_s_100	Salda henschii	0	BGSNH078-24	1	100	False	False	15193939	146	159	1533	1.0	27.0	11.702544031311154	12.0
34	42	data/BGE00304_MGE-BGE_r1_1.3_1.5_s50_100.fasta	None	Saldidae	BLAST	family	COI-5P	655	1479	Saldidae,Lygaeidae,Rhopalidae,Alydidae,Coreidae	BGSNH078-24_r_1.3_s_50	Salda henschii	0	BGSNH078-24	1.3	50	False	False	15193939	201	159	1533	0.0	36.0	7.457925636007828	7.0
36	56	data/BGE00304_MGE-BGE_r1_1.3_1.5_s50_100.fasta	None	Saldidae	BLAST	family	COI-5P	514	1209	Notonectidae,Saldidae,Pentatomidae,Rhopalidae,Coreidae	BGSNH078-24_r_1.3_s_100	Salda henschii	0	BGSNH078-24	1.3	100	False	False	15193939	67	159	1533	0.0	14.0	3.98825831702544	4.0
9	12	data/BGE00304_MGE-BGE_r1_1.3_1.5_s50_100.fasta	None	Saldidae	BLAST	family	COI-5P	559	1314	Saldidae,Tessaratomidae,Coreidae	BGSNH078-24_r_1.5_s_50	Salda henschii	0	BGSNH078-24	1.5	50	False	False	15193939	123	159	1533	0.0	23.0	4.532289628180039	4.0
2	7	data/BGE00304_MGE-BGE_r1_1.3_1.5_s50_100.fasta	None	Saldidae	BLAST	family	COI-5P	441	1125	Notonectidae,Saldidae,Malcidae,Coreidae	BGSNH078-24_r_1.5_s_100	Salda henschii	0	BGSNH078-24	1.5	100	False	False	15193939	51	159	1533	0.0	14.0	2.696673189823875	2.0
0	0	data/BGE00304_MGE-BGE_r1_1.3_1.5_s50_100.fasta	None	Saldidae	BLAST	family	COI-5P	655	1533	Corixidae,Aphelocheiridae,Saldidae,Coreidae	BGSNH079-24_r_1_s_50	Salda henschii	0	BGSNH079-24	1	50	False	False	15240117	4998	1433	1533	76.0	781.0	326.559686888454	263.0
0	0	data/BGE00304_MGE-BGE_r1_1.3_1.5_s50_100.fasta	None	Saldidae	BLAST	family	COI-5P	655	1533	Corixidae,Aphelocheiridae,Saldidae,Coreidae	BGSNH079-24_r_1_s_100	Salda henschii	0	BGSNH079-24	1	100	False	False	15240117	3771	1433	1533	61.0	746.0	285.9491193737769	219.0
0	0	data/BGE00304_MGE-BGE_r1_1.3_1.5_s50_100.fasta	None	Saldidae	BLAST	family	COI-5P	655	1533	Corixidae,Aphelocheiridae,Saldidae,Coreidae	BGSNH079-24_r_1.3_s_50	Salda henschii	0	BGSNH079-24	1.3	50	False	False	15240117	4244	1433	1533	25.0	761.0	274.10371819960864	218.0
0	0	data/BGE00304_MGE-BGE_r1_1.3_1.5_s50_100.fasta	None	Saldidae	BLAST	family	COI-5P	655	1533	Corixidae,Aphelocheiridae,Saldidae,Coreidae	BGSNH079-24_r_1.3_s_100	Salda henschii	0	BGSNH079-24	1.3	100	False	False	15240117	3319	1433	1533	25.0	746.0	244.90019569471625	186.0
0	0	data/BGE00304_MGE-BGE_r1_1.3_1.5_s50_100.fasta	None	Saldidae	BLAST	family	COI-5P	655	1488	Corixidae,Saldidae,Tessaratomidae,Coreidae	BGSNH079-24_r_1.5_s_50	Salda henschii	0	BGSNH079-24	1.5	50	False	False	15240117	3619	1433	1533	0.0	760.0	237.92367906066536	179.0
0	0	data/BGE00304_MGE-BGE_r1_1.3_1.5_s50_100.fasta	None	Saldidae	BLAST	family	COI-5P	655	1482	Corixidae,Saldidae,Tessaratomidae,Coreidae	BGSNH079-24_r_1.5_s_100	Salda henschii	0	BGSNH079-24	1.5	100	False	False	15240117	2935	1433	1533	0.0	746.0	216.7416829745597	156.0
34	112	data/BGE00304_MGE-BGE_r1_1.3_1.5_s50_100.fasta	None	Saldidae	BLAST	family	COI-5P	640	1491	Saldidae	BGSNH080-24_r_1_s_50	Salda henschii	0	BGSNH080-24	1	50	False	False	9842441	171	22	1533	0.0	44.0	7.594911937377691	6.0
12	32	data/BGE00304_MGE-BGE_r1_1.3_1.5_s50_100.fasta	None	Saldidae	BLAST	family	COI-5P	558	1245	Saldidae,Pentatomidae,Rhyparochromidae,Cercopidae,Aphrophoridae,Cicadidae	BGSNH080-24_r_1_s_100	Salda henschii	0	BGSNH080-24	1	100	False	False	9842441	41	22	1533	0.0	15.0	3.7495107632093934	2.0
6	18	data/BGE00304_MGE-BGE_r1_1.3_1.5_s50_100.fasta	None	Saldidae	BLAST	family	COI-5P	486	933	Saldidae	BGSNH080-24_r_1.3_s_50	Salda henschii	0	BGSNH080-24	1.3	50	False	False	9842441	75	22	1533	0.0	21.0	2.7847358121330723	2.0
3	3	data/BGE00304_MGE-BGE_r1_1.3_1.5_s50_100.fasta	None	Saldidae	BLAST	family	COI-5P	343	702	Saldidae	BGSNH080-24_r_1.3_s_100	Salda henschii	0	BGSNH080-24	1.3	100	False	False	9842441	21	22	1533	0.0	7.0	1.4129158512720157	0.0
7	22	data/BGE00304_MGE-BGE_r1_1.3_1.5_s50_100.fasta	None	Saldidae	BLAST	family	COI-5P	424	762	Saldidae,Miridae	BGSNH080-24_r_1.5_s_50	Salda henschii	0	BGSNH080-24	1.5	50	False	False	9842441	41	22	1533	0.0	7.0	1.7240704500978474	0.0
3	3	data/BGE00304_MGE-BGE_r1_1.3_1.5_s50_100.fasta	None	Saldidae	BLAST	family	COI-5P	536	615	Saldidae	BGSNH080-24_r_1.5_s_100	Salda henschii	0	BGSNH080-24	1.5	100	False	False	9842441	19	22	1533	0.0	7.0	1.2407045009784736	0.0
35	131	data/BGE00304_MGE-BGE_r1_1.3_1.5_s50_100.fasta	None	Saldidae	BLAST	family	COI-5P	655	1533	Saldidae	BGSNH081-24_r_1_s_50	Salda henschii	0	BGSNH081-24	1	50	False	False	10675880	189	52	1533	1.0	60.0	7.551859099804306	6.0
11	26	data/BGE00304_MGE-BGE_r1_1.3_1.5_s50_100.fasta	None	Saldidae	BLAST	family	COI-5P	610	1401	Saldidae	BGSNH081-24_r_1_s_100	Salda henschii	0	BGSNH081-24	1	100	False	False	10675880	39	52	1533	0.0	8.0	2.9608610567514675	2.0
25	42	data/BGE00304_MGE-BGE_r1_1.3_1.5_s50_100.fasta	None	Saldidae	BLAST	family	COI-5P	533	1296	Saldidae,Berytidae,Rhopalidae	BGSNH081-24_r_1.3_s_50	Salda henschii	0	BGSNH081-24	1.3	50	False	False	10675880	75	52	1533	0.0	13.0	2.720156555772994	2.0
23	27	data/BGE00304_MGE-BGE_r1_1.3_1.5_s50_100.fasta	None	Saldidae	BLAST	family	COI-5P	432	912	Saldidae,Rhopalidae,Coreidae,Carabidae	BGSNH081-24_r_1.3_s_100	Salda henschii	0	BGSNH081-24	1.3	100	False	False	10675880	22	52	1533	0.0	7.0	1.3639921722113504	1.0
17	32	data/BGE00304_MGE-BGE_r1_1.3_1.5_s50_100.fasta	None	Saldidae	BLAST	family	COI-5P	430	861	Saldidae	BGSNH081-24_r_1.5_s_50	Salda henschii	0	BGSNH081-24	1.5	50	False	False	10675880	36	52	1533	0.0	9.0	1.3189823874755382	1.0
23	27	data/BGE00304_MGE-BGE_r1_1.3_1.5_s50_100.fasta	None	Saldidae	BLAST	family	COI-5P	402	669	Saldidae,Rhopalidae,Coreidae,Carabidae	BGSNH081-24_r_1.5_s_100	Salda henschii	0	BGSNH081-24	1.5	100	False	False	10675880	16	52	1533	0.0	5.0	0.8786692759295499	0.0
31	67	data/BGE00304_MGE-BGE_r1_1.3_1.5_s50_100.fasta	None	Saldidae	BLAST	family	COI-5P	655	1530	Saldidae	BGSNH082-24_r_1_s_50	Salda sahlbergi	0	BGSNH082-24	1	50	False	False	11658779	1262	884	1533	2.0	201.0	79.63209393346379	68.0
20	53	data/BGE00304_MGE-BGE_r1_1.3_1.5_s50_100.fasta	None	Saldidae	BLAST	family	COI-5P	655	1431	Saldidae,Nabidae,Scutelleridae,Berytidae,Rhopalidae,Alydidae,Tenebrionidae	BGSNH082-24_r_1_s_100	Salda sahlbergi	0	BGSNH082-24	1	100	False	False	11658779	762	884	1533	0.0	173.0	63.31115459882583	50.0
11	24	data/BGE00304_MGE-BGE_r1_1.3_1.5_s50_100.fasta	None	Saldidae	BLAST	family	COI-5P	655	1506	Saldidae,Pentatomidae,Tessaratomidae,Coreidae	BGSNH082-24_r_1.3_s_50	Salda sahlbergi	0	BGSNH082-24	1.3	50	False	False	11658779	668	884	1533	0.0	128.0	33.81409001956947	23.0
7	25	data/BGE00304_MGE-BGE_r1_1.3_1.5_s50_100.fasta	None	Saldidae	BLAST	family	COI-5P	655	1422	Saldidae,Miridae,Tessaratomidae,Coreidae	BGSNH082-24_r_1.3_s_100	Salda sahlbergi	0	BGSNH082-24	1.3	100	False	False	11658779	353	884	1533	0.0	106.0	24.136986301369863	14.0
6	15	data/BGE00304_MGE-BGE_r1_1.3_1.5_s50_100.fasta	None	Saldidae	BLAST	family	COI-5P	610	1356	Saldidae,Miridae,Coreidae	BGSNH082-24_r_1.5_s_50	Salda sahlbergi	0	BGSNH082-24	1.5	50	False	False	11658779	518	884	1533	0.0	127.0	24.708414872798436	17.0
0	9	data/BGE00304_MGE-BGE_r1_1.3_1.5_s50_100.fasta	None	Saldidae	BLAST	family	COI-5P	529	1203	Saldidae,Miridae,Coreidae	BGSNH082-24_r_1.5_s_100	Salda sahlbergi	0	BGSNH082-24	1.5	100	False	False	11658779	273	884	1533	0.0	65.0	17.430528375733854	10.0
3	5	data/BGE00304_MGE-BGE_r1_1.3_1.5_s50_100.fasta	None	Saldidae	BLAST	family	COI-5P	655	1533	Corixidae,Aphelocheiridae,Saldidae,Coreidae	BGSNH083-24_r_1_s_50	Salda sahlbergi	0	BGSNH083-24	1	50	False	False	6537048	3924	1315	1533	77.0	384.0	234.40900195694715	235.0
2	4	data/BGE00304_MGE-BGE_r1_1.3_1.5_s50_100.fasta	None	Saldidae	BLAST	family	COI-5P	655	1533	Notonectidae,Corixidae,Saldidae,Coreidae	BGSNH083-24_r_1_s_100	Salda sahlbergi	0	BGSNH083-24	1	100	False	False	6537048	2837	1315	1533	46.0	364.0	198.5949119373777	203.0
0	0	data/BGE00304_MGE-BGE_r1_1.3_1.5_s50_100.fasta	None	Saldidae	BLAST	family	COI-5P	655	1533	Corixidae,Aphelocheiridae,Saldidae,Coreidae	BGSNH083-24_r_1.3_s_50	Salda sahlbergi	0	BGSNH083-24	1.3	50	False	False	6537048	3256	1315	1533	5.0	369.0	187.62818003913895	199.0
0	0	data/BGE00304_MGE-BGE_r1_1.3_1.5_s50_100.fasta	None	Saldidae	BLAST	family	COI-5P	655	1533	Corixidae,Aphelocheiridae,Saldidae,Coreidae	BGSNH083-24_r_1.3_s_100	Salda sahlbergi	0	BGSNH083-24	1.3	100	False	False	6537048	2399	1315	1533	4.0	352.0	160.90215264187867	171.0
0	0	data/BGE00304_MGE-BGE_r1_1.3_1.5_s50_100.fasta	None	Saldidae	BLAST	family	COI-5P	655	1467	Corixidae,Saldidae,Tessaratomidae,Coreidae	BGSNH083-24_r_1.5_s_50	Salda sahlbergi	0	BGSNH083-24	1.5	50	False	False	6537048	2851	1315	1533	0.0	367.0	167.37377690802347	189.0
0	0	data/BGE00304_MGE-BGE_r1_1.3_1.5_s50_100.fasta	None	Saldidae	BLAST	family	COI-5P	640	1452	Saldidae,Pentatomidae,Tessaratomidae,Coreidae	BGSNH083-24_r_1.5_s_100	Salda sahlbergi	0	BGSNH083-24	1.5	100	False	False	6537048	2189	1315	1533	0.0	352.0	146.88454011741683	160.0
0	0	data/BGE00304_MGE-BGE_r1_1.3_1.5_s50_100.fasta	None	Saldidae	BLAST	family	COI-5P	655	1533	Corixidae,Aphelocheiridae,Saldidae,Coreidae	BGSNH084-24_r_1_s_50	Salda sahlbergi	0	BGSNH084-24	1	50	False	False	9185662	3867	591	1533	131.0	402.0	256.14481409001957	249.0
0	0	data/BGE00304_MGE-BGE_r1_1.3_1.5_s50_100.fasta	None	Saldidae	BLAST	family	COI-5P	655	1533	Corixidae,Aphelocheiridae,Saldidae,Coreidae	BGSNH084-24_r_1_s_100	Salda sahlbergi	0	BGSNH084-24	1	100	False	False	9185662	2953	591	1533	113.0	386.0	226.27592954990214	223.0
0	0	data/BGE00304_MGE-BGE_r1_1.3_1.5_s50_100.fasta	None	Saldidae	BLAST	family	COI-5P	655	1533	Corixidae,Aphelocheiridae,Saldidae,Coreidae	BGSNH084-24_r_1.3_s_50	Salda sahlbergi	0	BGSNH084-24	1.3	50	False	False	9185662	3493	591	1533	51.0	399.0	230.55381604696674	231.0
0	0	data/BGE00304_MGE-BGE_r1_1.3_1.5_s50_100.fasta	None	Saldidae	BLAST	family	COI-5P	655	1533	Corixidae,Aphelocheiridae,Saldidae,Coreidae	BGSNH084-24_r_1.3_s_100	Salda sahlbergi	0	BGSNH084-24	1.3	100	False	False	9185662	2709	591	1533	51.0	386.0	205.86105675146771	208.0
0	0	data/BGE00304_MGE-BGE_r1_1.3_1.5_s50_100.fasta	None	Saldidae	BLAST	family	COI-5P	655	1509	Corixidae,Saldidae,Tessaratomidae,Coreidae	BGSNH084-24_r_1.5_s_50	Salda sahlbergi	0	BGSNH084-24	1.5	50	False	False	9185662	2932	591	1533	0.0	399.0	198.20743639921722	221.0
0	0	data/BGE00304_MGE-BGE_r1_1.3_1.5_s50_100.fasta	None	Saldidae	BLAST	family	COI-5P	655	1509	Corixidae,Saldidae,Tessaratomidae,Coreidae	BGSNH084-24_r_1.5_s_100	Salda sahlbergi	0	BGSNH084-24	1.5	100	False	False	9185662	2377	591	1533	0.0	386.0	181.26027397260273	205.0
44	96	data/BGE00304_MGE-BGE_r1_1.3_1.5_s50_100.fasta	None	Saldidae	BLAST	family	COI-5P	656	1533	Acrididae,Saldidae,Pentatomidae,Rhopalidae	BGSNH085-24_r_1_s_50	Saldula nobilis	0	BGSNH085-24	1	50	False	False	4236196	882	1071	1533	2.0	185.0	52.43639921722114	40.0
15	52	data/BGE00304_MGE-BGE_r1_1.3_1.5_s50_100.fasta	None	Saldidae	BLAST	family	COI-5P	655	1425	Acrididae,Saldidae,Reduviidae,Scutelleridae	BGSNH085-24_r_1_s_100	Saldula nobilis	0	BGSNH085-24	1	100	False	False	4236196	435	1071	1533	0.0	127.0	37.76125244618395	24.0
13	17	data/BGE00304_MGE-BGE_r1_1.3_1.5_s50_100.fasta	None	Saldidae	BLAST	family	COI-5P	656	1521	Belostomatidae,Saldidae,Pentatomidae	BGSNH085-24_r_1.3_s_50	Saldula nobilis	0	BGSNH085-24	1.3	50	False	False	4236196	572	1071	1533	0.0	85.0	27.003913894324853	22.0
8	13	data/BGE00304_MGE-BGE_r1_1.3_1.5_s50_100.fasta	None	Saldidae	BLAST	family	COI-5P	655	1380	Saldidae,Phymatidae,Fergusoninidae,Clusiidae,Platystomatidae,Oestridae,Tachinidae	BGSNH085-24_r_1.3_s_100	Saldula nobilis	0	BGSNH085-24	1.3	100	False	False	4236196	240	1071	1533	0.0	68.0	16.984344422700588	12.0
7	11	data/BGE00304_MGE-BGE_r1_1.3_1.5_s50_100.fasta	None	Saldidae	BLAST	family	COI-5P	655	1452	Belostomatidae,Corixidae,Saldidae,Pentatomidae,Scutelleridae,Heterogastridae,Rhopalidae	BGSNH085-24_r_1.5_s_50	Saldula nobilis	0	BGSNH085-24	1.5	50	False	False	4236196	439	1071	1533	0.0	83.0	21.238747553816047	16.0
7	9	data/BGE00304_MGE-BGE_r1_1.3_1.5_s50_100.fasta	None	Saldidae	BLAST	family	COI-5P	655	1335	Reduviidae,Phymatidae,Fergusoninidae,Platystomatidae,Fanniidae,Sarcophagidae,Tachinidae	BGSNH085-24_r_1.5_s_100	Saldula nobilis	0	BGSNH085-24	1.5	100	False	False	4236196	216	1071	1533	0.0	67.0	14.489236790606654	11.0
0	0	data/BGE00304_MGE-BGE_r1_1.3_1.5_s50_100.fasta	None	Saldidae	BLAST	family	COI-5P	212	432	Notonectidae,Saldidae,Reduviidae,Acanthosomatidae,Tessaratomidae,Streblidae	BGSNH086-24_r_1_s_50	Saldula nobilis	0	BGSNH086-24	1	50	False	False	60174	25	0	1533	0.0	9.0	2.0489236790606653	0.0
0	0	data/BGE00304_MGE-BGE_r1_1.3_1.5_s50_100.fasta	None	Saldidae	BLAST	family	COI-5P	212	384	Notonectidae,Saldidae,Reduviidae,Acanthosomatidae,Tessaratomidae,Streblidae	BGSNH086-24_r_1_s_100	Saldula nobilis	0	BGSNH086-24	1	100	False	False	60174	21	0	1533	0.0	9.0	1.9315068493150684	0.0
0	0	data/BGE00304_MGE-BGE_r1_1.3_1.5_s50_100.fasta	None	Saldidae	BLAST	family	COI-5P	212	432	Notonectidae,Saldidae,Reduviidae,Acanthosomatidae,Tessaratomidae,Streblidae	BGSNH086-24_r_1.3_s_50	Saldula nobilis	0	BGSNH086-24	1.3	50	False	False	60174	25	0	1533	0.0	9.0	2.0489236790606653	0.0
0	0	data/BGE00304_MGE-BGE_r1_1.3_1.5_s50_100.fasta	None	Saldidae	BLAST	family	COI-5P	212	384	Notonectidae,Saldidae,Reduviidae,Acanthosomatidae,Tessaratomidae,Streblidae	BGSNH086-24_r_1.3_s_100	Saldula nobilis	0	BGSNH086-24	1.3	100	False	False	60174	21	0	1533	0.0	9.0	1.9315068493150684	0.0
0	0	data/BGE00304_MGE-BGE_r1_1.3_1.5_s50_100.fasta	None	Saldidae	BLAST	family	COI-5P	212	432	Notonectidae,Saldidae,Reduviidae,Acanthosomatidae,Tessaratomidae,Streblidae	BGSNH086-24_r_1.5_s_50	Saldula nobilis	0	BGSNH086-24	1.5	50	False	False	60174	25	0	1533	0.0	9.0	2.0489236790606653	0.0
0	0	data/BGE00304_MGE-BGE_r1_1.3_1.5_s50_100.fasta	None	Saldidae	BLAST	family	COI-5P	212	384	Notonectidae,Saldidae,Reduviidae,Acanthosomatidae,Tessaratomidae,Streblidae	BGSNH086-24_r_1.5_s_100	Saldula nobilis	0	BGSNH086-24	1.5	100	False	False	60174	21	0	1533	0.0	9.0	1.9315068493150684	0.0
0	0	data/BGE00304_MGE-BGE_r1_1.3_1.5_s50_100.fasta	None	Saldidae	BLAST	family	COI-5P	656	1533	Notonectidae,Saldidae,Pentatomidae,Tessaratomidae,Malcidae,Coreidae,Stenocephalidae	BGSNH087-24_r_1_s_50	Saldula setulosa	0	BGSNH087-24	1	50	False	False	8483495	11428	1296	1533	194.0	983.0	536.6986301369863	502.0
0	0	data/BGE00304_MGE-BGE_r1_1.3_1.5_s50_100.fasta	None	Saldidae	BLAST	family	COI-5P	656	1533	Notonectidae,Saldidae,Pentatomidae,Tessaratomidae,Malcidae,Coreidae,Stenocephalidae	BGSNH087-24_r_1_s_100	Saldula setulosa	0	BGSNH087-24	1	100	False	False	8483495	6504	1296	1533	74.0	789.0	385.01956947162427	349.0
0	0	data/BGE00304_MGE-BGE_r1_1.3_1.5_s50_100.fasta	None	Saldidae	BLAST	family	COI-5P	656	1533	Notonectidae,Saldidae,Pentatomidae,Tessaratomidae,Malcidae,Coreidae,Stenocephalidae	BGSNH087-24_r_1.3_s_50	Saldula setulosa	0	BGSNH087-24	1.3	50	False	False	8483495	11041	1296	1533	189.0	971.0	509.7573385518591	477.0
0	0	data/BGE00304_MGE-BGE_r1_1.3_1.5_s50_100.fasta	None	Saldidae	BLAST	family	COI-5P	656	1533	Notonectidae,Saldidae,Pentatomidae,Tessaratomidae,Malcidae,Coreidae,Stenocephalidae	BGSNH087-24_r_1.3_s_100	Saldula setulosa	0	BGSNH087-24	1.3	100	False	False	8483495	6306	1296	1533	74.0	783.0	365.0587084148728	334.0
0	0	data/BGE00304_MGE-BGE_r1_1.3_1.5_s50_100.fasta	None	Saldidae	BLAST	family	COI-5P	656	1533	Notonectidae,Saldidae,Pentatomidae,Tessaratomidae,Malcidae,Coreidae,Stenocephalidae	BGSNH087-24_r_1.5_s_50	Saldula setulosa	0	BGSNH087-24	1.5	50	False	False	8483495	9862	1296	1533	30.0	960.0	457.57729941291586	445.0
0	0	data/BGE00304_MGE-BGE_r1_1.3_1.5_s50_100.fasta	None	Saldidae	BLAST	family	COI-5P	656	1533	Notonectidae,Saldidae,Pentatomidae,Tessaratomidae,Malcidae,Coreidae,Stenocephalidae	BGSNH087-24_r_1.5_s_100	Saldula setulosa	0	BGSNH087-24	1.5	100	False	False	8483495	5851	1296	1533	21.0	774.0	336.1076320939335	322.0
54	130	data/BGE00304_MGE-BGE_r1_1.3_1.5_s50_100.fasta	None	Saldidae	BLAST	family	COI-5P	655	1473	Tettigoniidae,Nitidulidae,Curculionidae,Bostrichidae,Ptinidae,Ulidiidae,Vespidae,Tetracampidae	BGSNH088-24_r_1_s_50	Saldula xanthochila	0	BGSNH088-24	1	50	False	False	6497396	1022	1057	1533	0.0	250.0	64.96477495107632	59.0
34	92	data/BGE00304_MGE-BGE_r1_1.3_1.5_s50_100.fasta	None	Saldidae	BLAST	family	COI-5P	624	1443	Tettigoniidae,Nitidulidae,Curculionidae,Bostrichidae,Ptinidae,Ulidiidae,Vespidae,Tetracampidae,Noctuidae	BGSNH088-24_r_1_s_100	Saldula xanthochila	0	BGSNH088-24	1	100	False	False	6497396	623	1057	1533	0.0	167.0	51.04696673189824	44.0
26	66	data/BGE00304_MGE-BGE_r1_1.3_1.5_s50_100.fasta	None	Saldidae	BLAST	family	COI-5P	596	1428	Tettigoniidae,Acrididae,Nitidulidae,Curculionidae,Bostrichidae,Ptinidae,Ulidiidae,Vespidae,Tetracampidae	BGSNH088-24_r_1.3_s_50	Saldula xanthochila	0	BGSNH088-24	1.3	50	False	False	6497396	424	1057	1533	0.0	105.0	23.649706457925635	20.0
16	47	data/BGE00304_MGE-BGE_r1_1.3_1.5_s50_100.fasta	None	Saldidae	BLAST	family	COI-5P	597	1419	Tettigoniidae,Acrididae,Nitidulidae,Curculionidae,Bostrichidae,Ptinidae,Ulidiidae,Vespidae	BGSNH088-24_r_1.3_s_100	Saldula xanthochila	0	BGSNH088-24	1.3	100	False	False	6497396	272	1057	1533	0.0	96.0	18.83953033268102	14.0
17	30	data/BGE00304_MGE-BGE_r1_1.3_1.5_s50_100.fasta	None	Saldidae	BLAST	family	COI-5P	455	1140	Mycetophilidae,Culicidae	BGSNH088-24_r_1.5_s_50	Saldula xanthochila	0	BGSNH088-24	1.5	50	False	False	6497396	217	1057	1533	0.0	75.0	10.696673189823874	6.0
5	14	data/BGE00304_MGE-BGE_r1_1.3_1.5_s50_100.fasta	None	Saldidae	BLAST	family	COI-5P	435	1059	Coenagrionidae,Chironomidae,Psychodidae,Tachinidae,Panorpidae	BGSNH088-24_r_1.5_s_100	Saldula xanthochila	0	BGSNH088-24	1.5	100	False	False	6497396	126	1057	1533	0.0	67.0	7.868884540117417	3.0
0	0	data/BGE00304_MGE-BGE_r1_1.3_1.5_s50_100.fasta	None	Saldidae	BLAST	family	COI-5P	657	1533	Notonectidae,Corixidae,Aphelocheiridae,Saldidae,Pentatomidae	BGSNH089-24_r_1_s_50	Saldula xanthochila	0	BGSNH089-24	1	50	False	False	14882498	1155	109	1533	29.0	123.0	68.02348336594912	66.0
0	0	data/BGE00304_MGE-BGE_r1_1.3_1.5_s50_100.fasta	None	Saldidae	BLAST	family	COI-5P	657	1533	Notonectidae,Corixidae,Aphelocheiridae,Saldidae,Pentatomidae	BGSNH089-24_r_1_s_100	Saldula xanthochila	0	BGSNH089-24	1	100	False	False	14882498	766	109	1533	23.0	95.0	56.06849315068493	55.0
0	0	data/BGE00304_MGE-BGE_r1_1.3_1.5_s50_100.fasta	None	Saldidae	BLAST	family	COI-5P	657	1533	Notonectidae,Corixidae,Aphelocheiridae,Saldidae,Pentatomidae	BGSNH089-24_r_1.3_s_50	Saldula xanthochila	0	BGSNH089-24	1.3	50	False	False	14882498	971	109	1533	26.0	108.0	59.992172211350294	56.0
0	0	data/BGE00304_MGE-BGE_r1_1.3_1.5_s50_100.fasta	None	Saldidae	BLAST	family	COI-5P	657	1533	Notonectidae,Corixidae,Aphelocheiridae,Saldidae,Pentatomidae	BGSNH089-24_r_1.3_s_100	Saldula xanthochila	0	BGSNH089-24	1.3	100	False	False	14882498	735	109	1533	22.0	95.0	52.91976516634051	50.0
0	0	data/BGE00304_MGE-BGE_r1_1.3_1.5_s50_100.fasta	None	Saldidae	BLAST	family	COI-5P	657	1533	Notonectidae,Corixidae,Aphelocheiridae,Saldidae,Pentatomidae	BGSNH089-24_r_1.5_s_50	Saldula xanthochila	0	BGSNH089-24	1.5	50	False	False	14882498	850	109	1533	7.0	100.0	54.40508806262231	51.0
0	0	data/BGE00304_MGE-BGE_r1_1.3_1.5_s50_100.fasta	None	Saldidae	BLAST	family	COI-5P	657	1533	Notonectidae,Corixidae,Aphelocheiridae,Saldidae,Pentatomidae	BGSNH089-24_r_1.5_s_100	Saldula xanthochila	0	BGSNH089-24	1.5	100	False	False	14882498	681	109	1533	5.0	95.0	49.24853228962818	48.0
10	12	data/BGE00304_MGE-BGE_r1_1.3_1.5_s50_100.fasta	None	Saldidae	BLAST	family	COI-5P	656	1533	Notonectidae,Corixidae,Aphelocheiridae,Saldidae,Pentatomidae	BGSNH090-24_r_1_s_50	Saldula xanthochila	0	BGSNH090-24	1	50	False	False	9401745	598	314	1533	7.0	59.0	27.79060665362035	27.0
13	13	data/BGE00304_MGE-BGE_r1_1.3_1.5_s50_100.fasta	None	Saldidae	BLAST	family	COI-5P	656	1533	Notonectidae,Corixidae,Saldidae,Pentatomidae	BGSNH090-24_r_1_s_100	Saldula xanthochila	0	BGSNH090-24	1	100	False	False	9401745	313	314	1533	4.0	48.0	18.792563600782778	18.0
9	9	data/BGE00304_MGE-BGE_r1_1.3_1.5_s50_100.fasta	None	Saldidae	BLAST	family	COI-5P	657	1533	Notonectidae,Corixidae,Aphelocheiridae,Saldidae,Pentatomidae	BGSNH090-24_r_1.3_s_50	Saldula xanthochila	0	BGSNH090-24	1.3	50	False	False	9401745	533	314	1533	6.0	59.0	24.825831702544033	24.0
11	11	data/BGE00304_MGE-BGE_r1_1.3_1.5_s50_100.fasta	None	Saldidae	BLAST	family	COI-5P	656	1533	Notonectidae,Corixidae,Saldidae,Pentatomidae	BGSNH090-24_r_1.3_s_100	Saldula xanthochila	0	BGSNH090-24	1.3	100	False	False	9401745	296	314	1533	3.0	48.0	17.461839530332682	17.0
1	1	data/BGE00304_MGE-BGE_r1_1.3_1.5_s50_100.fasta	None	Saldidae	BLAST	family	COI-5P	657	1515	Notonectidae,Saldidae,Pentatomidae	BGSNH090-24_r_1.5_s_50	Saldula xanthochila	0	BGSNH090-24	1.5	50	False	False	9401745	446	314	1533	0.0	58.0	20.561643835616437	21.0
8	8	data/BGE00304_MGE-BGE_r1_1.3_1.5_s50_100.fasta	None	Saldidae	BLAST	family	COI-5P	657	1515	Notonectidae,Aphelocheiridae,Saldidae,Pentatomidae	BGSNH090-24_r_1.5_s_100	Saldula xanthochila	0	BGSNH090-24	1.5	100	False	False	9401745	267	314	1533	0.0	44.0	15.09197651663405	15.0
31	39	data/BGE00304_MGE-BGE_r1_1.3_1.5_s50_100.fasta	None	Saldidae	BLAST	family	COI-5P	656	1533	Notonectidae,Saldidae,Pentatomidae,Tessaratomidae,Rhyparochromidae,Coreidae	BGSNH091-24_r_1_s_50	Saldula xanthochila	0	BGSNH091-24	1	50	False	False	12474376	444	114	1533	5.0	54.0	22.4853228962818	22.0
18	24	data/BGE00304_MGE-BGE_r1_1.3_1.5_s50_100.fasta	None	Saldidae	BLAST	family	COI-5P	657	1533	Notonectidae,Saldidae,Pentatomidae,Rhyparochromidae	BGSNH091-24_r_1_s_100	Saldula xanthochila	0	BGSNH091-24	1	100	False	False	12474376	239	114	1533	3.0	39.0	16.21917808219178	16.0
0	0	data/BGE00304_MGE-BGE_r1_1.3_1.5_s50_100.fasta	None	Saldidae	BLAST	family	COI-5P	657	1533	Notonectidae,Corixidae,Aphelocheiridae,Saldidae,Pentatomidae	BGSNH091-24_r_1.3_s_50	Saldula xanthochila	0	BGSNH091-24	1.3	50	False	False	12474376	321	114	1533	5.0	34.0	16.338551859099805	15.0
12	12	data/BGE00304_MGE-BGE_r1_1.3_1.5_s50_100.fasta	None	Saldidae	BLAST	family	COI-5P	657	1533	Corixidae,Aphelocheiridae,Saldidae,Leptopodidae,Pentatomidae,Rhopalidae	BGSNH091-24_r_1.3_s_100	Saldula xanthochila	0	BGSNH091-24	1.3	100	False	False	12474376	205	114	1533	3.0	30.0	12.876712328767123	13.0
0	0	data/BGE00304_MGE-BGE_r1_1.3_1.5_s50_100.fasta	None	Saldidae	BLAST	family	COI-5P	651	1524	Gerridae,Notonectidae,Saldidae,Leptopodidae,Rhopalidae	BGSNH091-24_r_1.5_s_50	Saldula xanthochila	0	BGSNH091-24	1.5	50	False	False	12474376	261	114	1533	0.0	32.0	13.857142857142858	13.0
10	13	data/BGE00304_MGE-BGE_r1_1.3_1.5_s50_100.fasta	None	Saldidae	BLAST	family	COI-5P	651	1524	Gerridae,Corixidae,Micronectidae,Saldidae,Leptopodidae,Rhopalidae,Coreidae	BGSNH091-24_r_1.5_s_100	Saldula xanthochila	0	BGSNH091-24	1.5	100	False	False	12474376	187	114	1533	0.0	30.0	11.673189823874756	11.0
28	61	data/BGE00304_MGE-BGE_r1_1.3_1.5_s50_100.fasta	None	Saldidae	BLAST	family	COI-5P	584	1473	Saldidae	BGSNH092-24_r_1_s_50	Teloleuca pellucens	0	BGSNH092-24	1	50	False	False	4242363	730	921	1533	0.0	148.0	48.81996086105675	38.0
19	47	data/BGE00304_MGE-BGE_r1_1.3_1.5_s50_100.fasta	None	Saldidae	BLAST	family	COI-5P	575	1407	Saldidae	BGSNH092-24_r_1_s_100	Teloleuca pellucens	0	BGSNH092-24	1	100	False	False	4242363	438	921	1533	0.0	122.0	39.46379647749511	28.0
9	17	data/BGE00304_MGE-BGE_r1_1.3_1.5_s50_100.fasta	None	Saldidae	BLAST	family	COI-5P	581	1392	Saldidae	BGSNH092-24_r_1.3_s_50	Teloleuca pellucens	0	BGSNH092-24	1.3	50	False	False	4242363	313	921	1533	0.0	64.0	14.332681017612524	12.0
5	7	data/BGE00304_MGE-BGE_r1_1.3_1.5_s50_100.fasta	None	Saldidae	BLAST	family	COI-5P	491	1224	Saldidae	BGSNH092-24_r_1.3_s_100	Teloleuca pellucens	0	BGSNH092-24	1.3	100	False	False	4242363	140	921	1533	0.0	47.0	9.36399217221135	7.0
1	3	data/BGE00304_MGE-BGE_r1_1.3_1.5_s50_100.fasta	None	Saldidae	BLAST	family	COI-5P	512	1215	Saldidae	BGSNH092-24_r_1.5_s_50	Teloleuca pellucens	0	BGSNH092-24	1.5	50	False	False	4242363	197	921	1533	0.0	42.0	10.338551859099804	8.0
0	1	data/BGE00304_MGE-BGE_r1_1.3_1.5_s50_100.fasta	None	Saldidae	BLAST	family	COI-5P	491	1116	Saldidae	BGSNH092-24_r_1.5_s_100	Teloleuca pellucens	0	BGSNH092-24	1.5	100	False	False	4242363	114	921	1533	0.0	39.0	7.89628180039139	6.0
24	52	data/BGE00304_MGE-BGE_r1_1.3_1.5_s50_100.fasta	None	Saldidae	BLAST	family	COI-5P	655	1533	Saldidae,Pentatomidae,Scutelleridae,Rhopalidae	BGSNH093-24_r_1_s_50	Teloleuca pellucens	1	BGSNH093-24	1	50	False	False	10631663	316	334	1533	4.0	27.0	14.164383561643836	14.0
2	26	data/BGE00304_MGE-BGE_r1_1.3_1.5_s50_100.fasta	None	Saldidae	BLAST	family	COI-5P	574	1452	Saldidae,Anthocoridae,Rhopalidae	BGSNH093-24_r_1_s_100	Teloleuca pellucens	1	BGSNH093-24	1	100	False	False	10631663	137	334	1533	0.0	19.0	8.743639921722114	9.0
5	6	data/BGE00304_MGE-BGE_r1_1.3_1.5_s50_100.fasta	None	Saldidae	BLAST	family	COI-5P	649	1527	Corixidae,Saldidae,Pentatomidae	BGSNH093-24_r_1.3_s_50	Teloleuca pellucens	0	BGSNH093-24	1.3	50	False	False	10631663	238	334	1533	0.0	23.0	10.46771037181996	10.0
2	5	data/BGE00304_MGE-BGE_r1_1.3_1.5_s50_100.fasta	None	Saldidae	BLAST	family	COI-5P	568	1443	Saldidae,Pentatomidae,Coreidae	BGSNH093-24_r_1.3_s_100	Teloleuca pellucens	0	BGSNH093-24	1.3	100	False	False	10631663	123	334	1533	0.0	18.0	7.056751467710372	7.0
0	1	data/BGE00304_MGE-BGE_r1_1.3_1.5_s50_100.fasta	None	Saldidae	BLAST	family	COI-5P	541	1341	Aphelocheiridae,Saldidae,Pentatomidae,Heterogastridae,Coreidae,Staphylinidae	BGSNH093-24_r_1.5_s_50	Teloleuca pellucens	0	BGSNH093-24	1.5	50	False	False	10631663	175	334	1533	0.0	21.0	7.937377690802348	8.0
0	2	data/BGE00304_MGE-BGE_r1_1.3_1.5_s50_100.fasta	None	Saldidae	BLAST	family	COI-5P	478	1170	Aphelocheiridae,Saldidae,Anthocoridae,Coreidae,Staphylinidae	BGSNH093-24_r_1.5_s_100	Teloleuca pellucens	0	BGSNH093-24	1.5	100	False	False	10631663	101	334	1533	0.0	16.0	5.737769080234834	6.0
5	5	data/BGE00304_MGE-BGE_r1_1.3_1.5_s50_100.fasta	None	Saldidae	BLAST	family	COI-5P	509	1209	Tettigoniidae,Saldidae	BGSNH094-24_r_1_s_50	Teloleuca pellucens	0	BGSNH094-24	1	50	False	False	997977	113	76	1533	0.0	27.0	5.373776908023483	4.0
0	1	data/BGE00304_MGE-BGE_r1_1.3_1.5_s50_100.fasta	None	Saldidae	BLAST	family	COI-5P	91	729	Tettigoniidae,Saldidae,Miridae,Scutelleridae,Coreidae,Carabidae,Curculionidae	BGSNH094-24_r_1_s_100	Teloleuca pellucens	0	BGSNH094-24	1	100	False	False	997977	38	76	1533	0.0	19.0	3.003913894324853	0.0
0	1	data/BGE00304_MGE-BGE_r1_1.3_1.5_s50_100.fasta	None	Saldidae	BLAST	family	COI-5P	200	693	Saldidae	BGSNH094-24_r_1.3_s_50	Teloleuca pellucens	1	BGSNH094-24	1.3	50	False	False	997977	47	76	1533	0.0	14.0	1.7338551859099804	0.0
0	1	data/BGE00304_MGE-BGE_r1_1.3_1.5_s50_100.fasta	None	Saldidae	BLAST	family	COI-5P	77	189	Saldidae,Scutelleridae,Coreidae,Carabidae,Curculionidae,Brachyceridae	BGSNH094-24_r_1.3_s_100	Teloleuca pellucens	0	BGSNH094-24	1.3	100	False	False	997977	10	76	1533	0.0	10.0	0.6105675146771037	0.0
0	0	data/BGE00304_MGE-BGE_r1_1.3_1.5_s50_100.fasta	None	Saldidae	BLAST	family	COI-5P	253	564	Saldidae,Pentatomidae,Carabidae	BGSNH094-24_r_1.5_s_50	Teloleuca pellucens	0	BGSNH094-24	1.5	50	False	False	997977	27	76	1533	0.0	7.0	1.0371819960861057	0.0
0	0	data/BGE00304_MGE-BGE_r1_1.3_1.5_s50_100.fasta	None	Saldidae	BLAST	family	COI-5P	29	138	Saldidae,Dytiscidae,Carabidae	BGSNH094-24_r_1.5_s_100	Teloleuca pellucens	0	BGSNH094-24	1.5	100	False	False	997977	5	76	1533	0.0	5.0	0.27788649706457924	0.0
None	0	data/BGE00304_MGE-BGE_r1_1.3_1.5_s50_100.fasta	Local BLAST failed for sequence ''	Saldidae	BLAST	family	COI-5P	None	0		BGSNH095-24_r_1_s_50	Teloleuca pellucens	0	BGSNH095-24	1	50	False	False	2174	0	0	1533	0	0	0	0
None	0	data/BGE00304_MGE-BGE_r1_1.3_1.5_s50_100.fasta	Local BLAST failed for sequence ''	Saldidae	BLAST	family	COI-5P	None	0		BGSNH095-24_r_1_s_100	Teloleuca pellucens	0	BGSNH095-24	1	100	False	False	2174	0	0	1533	0	0	0	0
None	0	data/BGE00304_MGE-BGE_r1_1.3_1.5_s50_100.fasta	Local BLAST failed for sequence ''	Saldidae	BLAST	family	COI-5P	None	0		BGSNH095-24_r_1.3_s_50	Teloleuca pellucens	0	BGSNH095-24	1.3	50	False	False	2174	0	0	1533	0	0	0	0
None	0	data/BGE00304_MGE-BGE_r1_1.3_1.5_s50_100.fasta	Local BLAST failed for sequence ''	Saldidae	BLAST	family	COI-5P	None	0		BGSNH095-24_r_1.3_s_100	Teloleuca pellucens	0	BGSNH095-24	1.3	100	False	False	2174	0	0	1533	0	0	0	0
None	0	data/BGE00304_MGE-BGE_r1_1.3_1.5_s50_100.fasta	Local BLAST failed for sequence ''	Saldidae	BLAST	family	COI-5P	None	0		BGSNH095-24_r_1.5_s_50	Teloleuca pellucens	0	BGSNH095-24	1.5	50	False	False	2174	0	0	1533	0	0	0	0
None	0	data/BGE00304_MGE-BGE_r1_1.3_1.5_s50_100.fasta	Local BLAST failed for sequence ''	Saldidae	BLAST	family	COI-5P	None	0		BGSNH095-24_r_1.5_s_100	Teloleuca pellucens	0	BGSNH095-24	1.5	100	False	False	2174	0	0	1533	0	0	0	0
