ambig_basecount	ambig_full_basecount	dataset	error	identification	identification_method	identification_rank	marker_code	nuc_basecount	nuc_full_basecount	obs_taxon	sequence_id	species	stop_codons	group_id	r	s	fcleaner	merge	n_reads_in	n_reads_aligned	n_reads_skipped	ref_length	cov_min	cov_max	cov_avg	cov_med
0	0	data/BGE00196_MGE-BGE_r1_1.3_1.5_s50_100.fasta	BGENL2661-24 not in BOLD	None	BLAST	family	COI-5P	656	1536		BGENL2661-24_r_1_s_50	None	0	BGENL2661-24	1	50	False	False	8216747	2749	1116	1536	1.0	229.0	133.58203125	132.0
0	0	data/BGE00196_MGE-BGE_r1_1.3_1.5_s50_100.fasta	BGENL2661-24 not in BOLD	None	BLAST	family	COI-5P	656	1533		BGENL2661-24_r_1_s_100	None	0	BGENL2661-24	1	100	False	False	8216747	1538	1116	1536	0.0	143.0	91.2265625	94.0
0	0	data/BGE00196_MGE-BGE_r1_1.3_1.5_s50_100.fasta	BGENL2661-24 not in BOLD	None	BLAST	family	COI-5P	656	1506		BGENL2661-24_r_1.3_s_50	None	0	BGENL2661-24	1.3	50	False	False	8216747	2272	1116	1536	0.0	218.0	110.248046875	115.0
0	0	data/BGE00196_MGE-BGE_r1_1.3_1.5_s50_100.fasta	BGENL2661-24 not in BOLD	None	BLAST	family	COI-5P	656	1503		BGENL2661-24_r_1.3_s_100	None	0	BGENL2661-24	1.3	100	False	False	8216747	1398	1116	1536	0.0	142.0	81.111328125	88.0
0	0	data/BGE00196_MGE-BGE_r1_1.3_1.5_s50_100.fasta	BGENL2661-24 not in BOLD	None	BLAST	family	COI-5P	647	1398		BGENL2661-24_r_1.5_s_50	None	0	BGENL2661-24	1.5	50	False	False	8216747	1723	1116	1536	0.0	185.0	82.51171875	92.0
0	0	data/BGE00196_MGE-BGE_r1_1.3_1.5_s50_100.fasta	BGENL2661-24 not in BOLD	None	BLAST	family	COI-5P	647	1398		BGENL2661-24_r_1.5_s_100	None	0	BGENL2661-24	1.5	100	False	False	8216747	1111	1116	1536	0.0	137.0	62.78125	68.5
0	0	data/BGE00196_MGE-BGE_r1_1.3_1.5_s50_100.fasta	BGENL2662-24 not in BOLD	None	BLAST	family	COI-5P	656	1536		BGENL2662-24_r_1_s_50	None	0	BGENL2662-24	1	50	False	False	10179219	19793	8039	1536	4.0	2353.0	1033.521484375	986.0
0	0	data/BGE00196_MGE-BGE_r1_1.3_1.5_s50_100.fasta	BGENL2662-24 not in BOLD	None	BLAST	family	COI-5P	656	1533		BGENL2662-24_r_1_s_100	None	0	BGENL2662-24	1	100	False	False	10179219	12721	8039	1536	0.0	1260.0	771.259765625	783.5
0	0	data/BGE00196_MGE-BGE_r1_1.3_1.5_s50_100.fasta	BGENL2662-24 not in BOLD	None	BLAST	family	COI-5P	656	1536		BGENL2662-24_r_1.3_s_50	None	0	BGENL2662-24	1.3	50	False	False	10179219	15824	8039	1536	3.0	1710.0	831.275390625	862.5
0	0	data/BGE00196_MGE-BGE_r1_1.3_1.5_s50_100.fasta	BGENL2662-24 not in BOLD	None	BLAST	family	COI-5P	656	1518		BGENL2662-24_r_1.3_s_100	None	0	BGENL2662-24	1.3	100	False	False	10179219	11339	8039	1536	0.0	1257.0	677.1328125	717.5
0	0	data/BGE00196_MGE-BGE_r1_1.3_1.5_s50_100.fasta	BGENL2662-24 not in BOLD	None	BLAST	family	COI-5P	656	1485		BGENL2662-24_r_1.5_s_50	None	0	BGENL2662-24	1.5	50	False	False	10179219	11945	8039	1536	0.0	1451.0	622.861328125	681.0
1	1	data/BGE00196_MGE-BGE_r1_1.3_1.5_s50_100.fasta	BGENL2662-24 not in BOLD	None	BLAST	family	COI-5P	656	1458		BGENL2662-24_r_1.5_s_100	None	0	BGENL2662-24	1.5	100	False	False	10179219	8941	8039	1536	0.0	1219.0	524.341796875	574.0
7	7	data/BGE00196_MGE-BGE_r1_1.3_1.5_s50_100.fasta	BGENL2663-24 not in BOLD	None	BLAST	family	COI-5P	656	1536		BGENL2663-24_r_1_s_50	None	0	BGENL2663-24	1	50	False	False	10169901	5235	978	1536	2.0	441.0	281.099609375	278.0
2	2	data/BGE00196_MGE-BGE_r1_1.3_1.5_s50_100.fasta	BGENL2663-24 not in BOLD	None	BLAST	family	COI-5P	656	1533		BGENL2663-24_r_1_s_100	None	0	BGENL2663-24	1	100	False	False	10169901	3378	978	1536	0.0	309.0	216.24609375	221.0
4	4	data/BGE00196_MGE-BGE_r1_1.3_1.5_s50_100.fasta	BGENL2663-24 not in BOLD	None	BLAST	family	COI-5P	656	1536		BGENL2663-24_r_1.3_s_50	None	0	BGENL2663-24	1.3	50	False	False	10169901	4556	978	1536	1.0	375.0	243.998046875	260.5
1	1	data/BGE00196_MGE-BGE_r1_1.3_1.5_s50_100.fasta	BGENL2663-24 not in BOLD	None	BLAST	family	COI-5P	656	1494		BGENL2663-24_r_1.3_s_100	None	0	BGENL2663-24	1.3	100	False	False	10169901	3076	978	1536	0.0	272.0	194.35546875	213.0
1	1	data/BGE00196_MGE-BGE_r1_1.3_1.5_s50_100.fasta	BGENL2663-24 not in BOLD	None	BLAST	family	COI-5P	656	1464		BGENL2663-24_r_1.5_s_50	None	0	BGENL2663-24	1.5	50	False	False	10169901	3290	978	1536	0.0	322.0	173.310546875	195.5
1	1	data/BGE00196_MGE-BGE_r1_1.3_1.5_s50_100.fasta	BGENL2663-24 not in BOLD	None	BLAST	family	COI-5P	656	1425		BGENL2663-24_r_1.5_s_100	None	0	BGENL2663-24	1.5	100	False	False	10169901	2316	978	1536	0.0	258.0	141.8359375	163.0
0	0	data/BGE00196_MGE-BGE_r1_1.3_1.5_s50_100.fasta	BGENL2664-24 not in BOLD	None	BLAST	family	COI-5P	655	1536		BGENL2664-24_r_1_s_50	None	0	BGENL2664-24	1	50	False	False	8873697	2290	70	1536	4.0	171.0	117.033203125	118.0
0	0	data/BGE00196_MGE-BGE_r1_1.3_1.5_s50_100.fasta	BGENL2664-24 not in BOLD	None	BLAST	family	COI-5P	655	1533		BGENL2664-24_r_1_s_100	None	0	BGENL2664-24	1	100	False	False	8873697	1446	70	1536	0.0	135.0	88.037109375	90.0
0	0	data/BGE00196_MGE-BGE_r1_1.3_1.5_s50_100.fasta	BGENL2664-24 not in BOLD	None	BLAST	family	COI-5P	655	1536		BGENL2664-24_r_1.3_s_50	None	0	BGENL2664-24	1.3	50	False	False	8873697	2011	70	1536	1.0	161.0	104.4453125	105.0
0	0	data/BGE00196_MGE-BGE_r1_1.3_1.5_s50_100.fasta	BGENL2664-24 not in BOLD	None	BLAST	family	COI-5P	655	1533		BGENL2664-24_r_1.3_s_100	None	0	BGENL2664-24	1.3	100	False	False	8873697	1385	70	1536	0.0	135.0	83.599609375	86.0
0	0	data/BGE00196_MGE-BGE_r1_1.3_1.5_s50_100.fasta	BGENL2664-24 not in BOLD	None	BLAST	family	COI-5P	655	1482		BGENL2664-24_r_1.5_s_50	None	0	BGENL2664-24	1.5	50	False	False	8873697	1610	70	1536	0.0	158.0	85.130859375	92.5
0	0	data/BGE00196_MGE-BGE_r1_1.3_1.5_s50_100.fasta	BGENL2664-24 not in BOLD	None	BLAST	family	COI-5P	655	1476		BGENL2664-24_r_1.5_s_100	None	0	BGENL2664-24	1.5	100	False	False	8873697	1186	70	1536	0.0	132.0	71.44140625	77.0
0	0	data/BGE00196_MGE-BGE_r1_1.3_1.5_s50_100.fasta	BGENL2665-24 not in BOLD	None	BLAST	family	COI-5P	657	1536		BGENL2665-24_r_1_s_50	None	0	BGENL2665-24	1	50	False	False	10706855	9272	571	1536	2.0	961.0	558.544921875	542.0
0	0	data/BGE00196_MGE-BGE_r1_1.3_1.5_s50_100.fasta	BGENL2665-24 not in BOLD	None	BLAST	family	COI-5P	657	1533		BGENL2665-24_r_1_s_100	None	0	BGENL2665-24	1	100	False	False	10706855	7228	571	1536	0.0	743.0	487.365234375	488.0
0	0	data/BGE00196_MGE-BGE_r1_1.3_1.5_s50_100.fasta	BGENL2665-24 not in BOLD	None	BLAST	family	COI-5P	657	1533		BGENL2665-24_r_1.3_s_50	None	0	BGENL2665-24	1.3	50	False	False	10706855	8329	571	1536	0.0	822.0	502.685546875	511.0
0	0	data/BGE00196_MGE-BGE_r1_1.3_1.5_s50_100.fasta	BGENL2665-24 not in BOLD	None	BLAST	family	COI-5P	657	1533		BGENL2665-24_r_1.3_s_100	None	0	BGENL2665-24	1.3	100	False	False	10706855	6673	571	1536	0.0	663.0	447.478515625	462.0
0	0	data/BGE00196_MGE-BGE_r1_1.3_1.5_s50_100.fasta	BGENL2665-24 not in BOLD	None	BLAST	family	COI-5P	657	1515		BGENL2665-24_r_1.5_s_50	None	0	BGENL2665-24	1.5	50	False	False	10706855	6746	571	1536	0.0	822.0	407.1328125	427.5
0	0	data/BGE00196_MGE-BGE_r1_1.3_1.5_s50_100.fasta	BGENL2665-24 not in BOLD	None	BLAST	family	COI-5P	657	1482		BGENL2665-24_r_1.5_s_100	None	0	BGENL2665-24	1.5	100	False	False	10706855	5544	571	1536	0.0	647.0	369.115234375	390.0
0	0	data/BGE00196_MGE-BGE_r1_1.3_1.5_s50_100.fasta	BGENL2666-24 not in BOLD	None	BLAST	family	COI-5P	657	1533		BGENL2666-24_r_1_s_50	None	0	BGENL2666-24	1	50	False	False	9918786	10635	900	1536	0.0	1028.0	644.873046875	620.5
0	0	data/BGE00196_MGE-BGE_r1_1.3_1.5_s50_100.fasta	BGENL2666-24 not in BOLD	None	BLAST	family	COI-5P	657	1533		BGENL2666-24_r_1_s_100	None	0	BGENL2666-24	1	100	False	False	9918786	8417	900	1536	0.0	864.0	567.3828125	561.0
0	0	data/BGE00196_MGE-BGE_r1_1.3_1.5_s50_100.fasta	BGENL2666-24 not in BOLD	None	BLAST	family	COI-5P	657	1533		BGENL2666-24_r_1.3_s_50	None	0	BGENL2666-24	1.3	50	False	False	9918786	9902	900	1536	0.0	1020.0	599.736328125	591.0
0	0	data/BGE00196_MGE-BGE_r1_1.3_1.5_s50_100.fasta	BGENL2666-24 not in BOLD	None	BLAST	family	COI-5P	657	1533		BGENL2666-24_r_1.3_s_100	None	0	BGENL2666-24	1.3	100	False	False	9918786	7956	900	1536	0.0	863.0	533.779296875	539.0
0	0	data/BGE00196_MGE-BGE_r1_1.3_1.5_s50_100.fasta	BGENL2666-24 not in BOLD	None	BLAST	family	COI-5P	657	1482		BGENL2666-24_r_1.5_s_50	None	0	BGENL2666-24	1.5	50	False	False	9918786	7913	900	1536	0.0	1015.0	477.515625	511.0
0	0	data/BGE00196_MGE-BGE_r1_1.3_1.5_s50_100.fasta	BGENL2666-24 not in BOLD	None	BLAST	family	COI-5P	657	1482		BGENL2666-24_r_1.5_s_100	None	0	BGENL2666-24	1.5	100	False	False	9918786	6501	900	1536	0.0	831.0	431.921875	466.5
1	1	data/BGE00196_MGE-BGE_r1_1.3_1.5_s50_100.fasta	BGENL2667-24 not in BOLD	None	BLAST	family	COI-5P	657	1536		BGENL2667-24_r_1_s_50	None	0	BGENL2667-24	1	50	False	False	10558463	3412	125	1536	1.0	521.0	148.59375	114.5
0	0	data/BGE00196_MGE-BGE_r1_1.3_1.5_s50_100.fasta	BGENL2667-24 not in BOLD	None	BLAST	family	COI-5P	657	1533		BGENL2667-24_r_1_s_100	None	0	BGENL2667-24	1	100	False	False	10558463	1457	125	1536	0.0	347.0	81.8671875	37.0
0	0	data/BGE00196_MGE-BGE_r1_1.3_1.5_s50_100.fasta	BGENL2667-24 not in BOLD	None	BLAST	family	COI-5P	657	1536		BGENL2667-24_r_1.3_s_50	None	0	BGENL2667-24	1.3	50	False	False	10558463	2729	125	1536	1.0	490.0	119.4453125	87.0
0	0	data/BGE00196_MGE-BGE_r1_1.3_1.5_s50_100.fasta	BGENL2667-24 not in BOLD	None	BLAST	family	COI-5P	657	1533		BGENL2667-24_r_1.3_s_100	None	0	BGENL2667-24	1.3	100	False	False	10558463	1291	125	1536	0.0	340.0	71.7421875	36.0
0	0	data/BGE00196_MGE-BGE_r1_1.3_1.5_s50_100.fasta	BGENL2667-24 not in BOLD	None	BLAST	family	COI-5P	657	1521		BGENL2667-24_r_1.5_s_50	None	0	BGENL2667-24	1.5	50	False	False	10558463	1804	125	1536	0.0	371.0	76.73046875	50.0
1	2	data/BGE00196_MGE-BGE_r1_1.3_1.5_s50_100.fasta	BGENL2667-24 not in BOLD	None	BLAST	family	COI-5P	657	1455		BGENL2667-24_r_1.5_s_100	None	0	BGENL2667-24	1.5	100	False	False	10558463	927	125	1536	0.0	263.0	48.580078125	30.0
1	3	data/BGE00196_MGE-BGE_r1_1.3_1.5_s50_100.fasta	BGENL2668-24 not in BOLD	None	BLAST	family	COI-5P	657	1533		BGENL2668-24_r_1_s_50	None	0	BGENL2668-24	1	50	False	False	3061160	2113	575	1536	0.0	215.0	80.9140625	71.0
12	25	data/BGE00196_MGE-BGE_r1_1.3_1.5_s50_100.fasta	BGENL2668-24 not in BOLD	None	BLAST	family	COI-5P	657	1533		BGENL2668-24_r_1_s_100	None	0	BGENL2668-24	1	100	False	False	3061160	609	575	1536	0.0	100.0	31.25	26.0
2	2	data/BGE00196_MGE-BGE_r1_1.3_1.5_s50_100.fasta	BGENL2668-24 not in BOLD	None	BLAST	family	COI-5P	657	1533		BGENL2668-24_r_1.3_s_50	None	0	BGENL2668-24	1.3	50	False	False	3061160	1731	575	1536	0.0	186.0	64.552734375	56.0
0	3	data/BGE00196_MGE-BGE_r1_1.3_1.5_s50_100.fasta	BGENL2668-24 not in BOLD	None	BLAST	family	COI-5P	657	1533		BGENL2668-24_r_1.3_s_100	None	0	BGENL2668-24	1.3	100	False	False	3061160	537	575	1536	0.0	89.0	26.140625	23.0
0	0	data/BGE00196_MGE-BGE_r1_1.3_1.5_s50_100.fasta	BGENL2668-24 not in BOLD	None	BLAST	family	COI-5P	639	1425		BGENL2668-24_r_1.5_s_50	None	0	BGENL2668-24	1.5	50	False	False	3061160	1267	575	1536	0.0	180.0	46.77734375	40.0
0	0	data/BGE00196_MGE-BGE_r1_1.3_1.5_s50_100.fasta	BGENL2668-24 not in BOLD	None	BLAST	family	COI-5P	639	1344		BGENL2668-24_r_1.5_s_100	None	0	BGENL2668-24	1.5	100	False	False	3061160	459	575	1536	0.0	85.0	21.68359375	19.0
16	25	data/BGE00196_MGE-BGE_r1_1.3_1.5_s50_100.fasta	BGENL2669-24 not in BOLD	None	BLAST	family	COI-5P	656	1464		BGENL2669-24_r_1_s_50	None	0	BGENL2669-24	1	50	False	False	2234025	461	85	1536	0.0	63.0	17.0859375	15.0
35	69	data/BGE00196_MGE-BGE_r1_1.3_1.5_s50_100.fasta	BGENL2669-24 not in BOLD	None	BLAST	family	COI-5P	542	1221		BGENL2669-24_r_1_s_100	None	0	BGENL2669-24	1	100	False	False	2234025	90	85	1536	0.0	22.0	5.51953125	4.0
2	3	data/BGE00196_MGE-BGE_r1_1.3_1.5_s50_100.fasta	BGENL2669-24 not in BOLD	None	BLAST	family	COI-5P	651	1374		BGENL2669-24_r_1.3_s_50	None	0	BGENL2669-24	1.3	50	False	False	2234025	348	85	1536	0.0	39.0	12.091796875	11.0
8	17	data/BGE00196_MGE-BGE_r1_1.3_1.5_s50_100.fasta	BGENL2669-24 not in BOLD	None	BLAST	family	COI-5P	537	1191		BGENL2669-24_r_1.3_s_100	None	0	BGENL2669-24	1.3	100	False	False	2234025	67	85	1536	0.0	14.0	3.6484375	3.0
2	3	data/BGE00196_MGE-BGE_r1_1.3_1.5_s50_100.fasta	BGENL2669-24 not in BOLD	None	BLAST	family	COI-5P	651	1371		BGENL2669-24_r_1.5_s_50	None	0	BGENL2669-24	1.5	50	False	False	2234025	261	85	1536	0.0	36.0	9.119140625	8.0
2	5	data/BGE00196_MGE-BGE_r1_1.3_1.5_s50_100.fasta	BGENL2669-24 not in BOLD	None	BLAST	family	COI-5P	470	1119		BGENL2669-24_r_1.5_s_100	None	21	BGENL2669-24	1.5	100	False	False	2234025	52	85	1536	0.0	9.0	2.8046875	3.0
1	1	data/BGE00196_MGE-BGE_r1_1.3_1.5_s50_100.fasta	BGENL2670-24 not in BOLD	None	BLAST	family	COI-5P	656	1521		BGENL2670-24_r_1_s_50	None	0	BGENL2670-24	1	50	False	False	8273405	1152	5	1536	0.0	104.0	57.94140625	57.0
1	1	data/BGE00196_MGE-BGE_r1_1.3_1.5_s50_100.fasta	BGENL2670-24 not in BOLD	None	BLAST	family	COI-5P	656	1482		BGENL2670-24_r_1_s_100	None	0	BGENL2670-24	1	100	False	False	8273405	731	5	1536	0.0	79.0	43.912109375	44.0
1	2	data/BGE00196_MGE-BGE_r1_1.3_1.5_s50_100.fasta	BGENL2670-24 not in BOLD	None	BLAST	family	COI-5P	656	1506		BGENL2670-24_r_1.3_s_50	None	0	BGENL2670-24	1.3	50	False	False	8273405	1047	5	1536	0.0	95.0	53.029296875	53.0
1	2	data/BGE00196_MGE-BGE_r1_1.3_1.5_s50_100.fasta	BGENL2670-24 not in BOLD	None	BLAST	family	COI-5P	656	1467		BGENL2670-24_r_1.3_s_100	None	0	BGENL2670-24	1.3	100	False	False	8273405	703	5	1536	0.0	79.0	41.732421875	42.0
1	1	data/BGE00196_MGE-BGE_r1_1.3_1.5_s50_100.fasta	BGENL2670-24 not in BOLD	None	BLAST	family	COI-5P	656	1464		BGENL2670-24_r_1.5_s_50	None	0	BGENL2670-24	1.5	50	False	False	8273405	812	5	1536	0.0	94.0	40.9453125	45.0
2	2	data/BGE00196_MGE-BGE_r1_1.3_1.5_s50_100.fasta	BGENL2670-24 not in BOLD	None	BLAST	family	COI-5P	656	1425		BGENL2670-24_r_1.5_s_100	None	0	BGENL2670-24	1.5	100	False	False	8273405	571	5	1536	0.0	70.0	33.380859375	37.0
0	0	data/BGE00196_MGE-BGE_r1_1.3_1.5_s50_100.fasta	BGENL2671-24 not in BOLD	None	BLAST	family	COI-5P	657	1494		BGENL2671-24_r_1_s_50	None	0	BGENL2671-24	1	50	False	False	12927742	2800	398	1536	0.0	232.0	161.498046875	169.0
0	0	data/BGE00196_MGE-BGE_r1_1.3_1.5_s50_100.fasta	BGENL2671-24 not in BOLD	None	BLAST	family	COI-5P	657	1494		BGENL2671-24_r_1_s_100	None	0	BGENL2671-24	1	100	False	False	12927742	1999	398	1536	0.0	190.0	134.5234375	144.0
0	0	data/BGE00196_MGE-BGE_r1_1.3_1.5_s50_100.fasta	BGENL2671-24 not in BOLD	None	BLAST	family	COI-5P	657	1482		BGENL2671-24_r_1.3_s_50	None	0	BGENL2671-24	1.3	50	False	False	12927742	2665	398	1536	0.0	225.0	154.880859375	166.0
0	0	data/BGE00196_MGE-BGE_r1_1.3_1.5_s50_100.fasta	BGENL2671-24 not in BOLD	None	BLAST	family	COI-5P	657	1482		BGENL2671-24_r_1.3_s_100	None	0	BGENL2671-24	1.3	100	False	False	12927742	1961	398	1536	0.0	190.0	131.580078125	142.0
0	0	data/BGE00196_MGE-BGE_r1_1.3_1.5_s50_100.fasta	BGENL2671-24 not in BOLD	None	BLAST	family	COI-5P	657	1437		BGENL2671-24_r_1.5_s_50	None	0	BGENL2671-24	1.5	50	False	False	12927742	2129	398	1536	0.0	221.0	123.25390625	138.5
0	0	data/BGE00196_MGE-BGE_r1_1.3_1.5_s50_100.fasta	BGENL2671-24 not in BOLD	None	BLAST	family	COI-5P	657	1437		BGENL2671-24_r_1.5_s_100	None	0	BGENL2671-24	1.5	100	False	False	12927742	1609	398	1536	0.0	189.0	106.60546875	117.0
0	6	data/BGE00196_MGE-BGE_r1_1.3_1.5_s50_100.fasta	BGENL2672-24 not in BOLD	None	BLAST	family	COI-5P	656	1536		BGENL2672-24_r_1_s_50	None	0	BGENL2672-24	1	50	False	False	1435711	3107	19	1536	1.0	296.0	168.9453125	170.5
0	0	data/BGE00196_MGE-BGE_r1_1.3_1.5_s50_100.fasta	BGENL2672-24 not in BOLD	None	BLAST	family	COI-5P	656	1494		BGENL2672-24_r_1_s_100	None	0	BGENL2672-24	1	100	False	False	1435711	2101	19	1536	0.0	239.0	134.666015625	136.0
0	0	data/BGE00196_MGE-BGE_r1_1.3_1.5_s50_100.fasta	BGENL2672-24 not in BOLD	None	BLAST	family	COI-5P	656	1482		BGENL2672-24_r_1.3_s_50	None	0	BGENL2672-24	1.3	50	False	False	1435711	2949	19	1536	0.0	294.0	160.533203125	164.5
0	0	data/BGE00196_MGE-BGE_r1_1.3_1.5_s50_100.fasta	BGENL2672-24 not in BOLD	None	BLAST	family	COI-5P	656	1482		BGENL2672-24_r_1.3_s_100	None	0	BGENL2672-24	1.3	100	False	False	1435711	2039	19	1536	0.0	237.0	130.015625	135.0
0	0	data/BGE00196_MGE-BGE_r1_1.3_1.5_s50_100.fasta	BGENL2672-24 not in BOLD	None	BLAST	family	COI-5P	656	1425		BGENL2672-24_r_1.5_s_50	None	0	BGENL2672-24	1.5	50	False	False	1435711	2419	19	1536	0.0	289.0	131.2734375	136.0
0	0	data/BGE00196_MGE-BGE_r1_1.3_1.5_s50_100.fasta	BGENL2672-24 not in BOLD	None	BLAST	family	COI-5P	656	1425		BGENL2672-24_r_1.5_s_100	None	0	BGENL2672-24	1.5	100	False	False	1435711	1722	19	1536	0.0	235.0	108.5703125	115.5
0	0	data/BGE00196_MGE-BGE_r1_1.3_1.5_s50_100.fasta	BGENL2673-24 not in BOLD	None	BLAST	family	COI-5P	656	1536		BGENL2673-24_r_1_s_50	None	0	BGENL2673-24	1	50	False	False	8475974	2086	18	1536	24.0	219.0	147.658203125	151.0
0	0	data/BGE00196_MGE-BGE_r1_1.3_1.5_s50_100.fasta	BGENL2673-24 not in BOLD	None	BLAST	family	COI-5P	656	1524		BGENL2673-24_r_1_s_100	None	0	BGENL2673-24	1	100	False	False	8475974	1696	18	1536	0.0	207.0	134.109375	139.0
0	0	data/BGE00196_MGE-BGE_r1_1.3_1.5_s50_100.fasta	BGENL2673-24 not in BOLD	None	BLAST	family	COI-5P	656	1536		BGENL2673-24_r_1.3_s_50	None	0	BGENL2673-24	1.3	50	False	False	8475974	1884	18	1536	3.0	218.0	137.6640625	143.0
0	0	data/BGE00196_MGE-BGE_r1_1.3_1.5_s50_100.fasta	BGENL2673-24 not in BOLD	None	BLAST	family	COI-5P	656	1482		BGENL2673-24_r_1.3_s_100	None	0	BGENL2673-24	1.3	100	False	False	8475974	1619	18	1536	0.0	206.0	128.708984375	133.0
0	0	data/BGE00196_MGE-BGE_r1_1.3_1.5_s50_100.fasta	BGENL2673-24 not in BOLD	None	BLAST	family	COI-5P	656	1476		BGENL2673-24_r_1.5_s_50	None	0	BGENL2673-24	1.5	50	False	False	8475974	1454	18	1536	0.0	196.0	107.744140625	118.0
0	0	data/BGE00196_MGE-BGE_r1_1.3_1.5_s50_100.fasta	BGENL2673-24 not in BOLD	None	BLAST	family	COI-5P	656	1476		BGENL2673-24_r_1.5_s_100	None	0	BGENL2673-24	1.5	100	False	False	8475974	1295	18	1536	0.0	190.0	102.6328125	115.0
0	0	data/BGE00196_MGE-BGE_r1_1.3_1.5_s50_100.fasta	BGENL2674-24 not in BOLD	None	BLAST	family	COI-5P	656	1536		BGENL2674-24_r_1_s_50	None	0	BGENL2674-24	1	50	False	False	8494984	11595	37	1536	6.0	1410.0	894.69921875	863.5
0	0	data/BGE00196_MGE-BGE_r1_1.3_1.5_s50_100.fasta	BGENL2674-24 not in BOLD	None	BLAST	family	COI-5P	656	1533		BGENL2674-24_r_1_s_100	None	0	BGENL2674-24	1	100	False	False	8494984	10151	37	1536	0.0	1303.0	842.615234375	821.5
0	0	data/BGE00196_MGE-BGE_r1_1.3_1.5_s50_100.fasta	BGENL2674-24 not in BOLD	None	BLAST	family	COI-5P	656	1536		BGENL2674-24_r_1.3_s_50	None	0	BGENL2674-24	1.3	50	False	False	8494984	9934	37	1536	1.0	1086.0	779.001953125	817.5
0	0	data/BGE00196_MGE-BGE_r1_1.3_1.5_s50_100.fasta	BGENL2674-24 not in BOLD	None	BLAST	family	COI-5P	656	1533		BGENL2674-24_r_1.3_s_100	None	0	BGENL2674-24	1.3	100	False	False	8494984	8876	37	1536	0.0	1029.0	743.33984375	780.0
0	0	data/BGE00196_MGE-BGE_r1_1.3_1.5_s50_100.fasta	BGENL2674-24 not in BOLD	None	BLAST	family	COI-5P	656	1485		BGENL2674-24_r_1.5_s_50	None	0	BGENL2674-24	1.5	50	False	False	8494984	7371	37	1536	0.0	1000.0	568.9921875	678.0
0	0	data/BGE00196_MGE-BGE_r1_1.3_1.5_s50_100.fasta	BGENL2674-24 not in BOLD	None	BLAST	family	COI-5P	656	1485		BGENL2674-24_r_1.5_s_100	None	0	BGENL2674-24	1.5	100	False	False	8494984	6653	37	1536	0.0	950.0	545.8671875	609.5
0	0	data/BGE00196_MGE-BGE_r1_1.3_1.5_s50_100.fasta	BGENL2675-24 not in BOLD	None	BLAST	family	COI-5P	656	1536		BGENL2675-24_r_1_s_50	None	0	BGENL2675-24	1	50	False	False	4874389	1253	26	1536	1.0	131.0	64.669921875	62.0
0	0	data/BGE00196_MGE-BGE_r1_1.3_1.5_s50_100.fasta	BGENL2675-24 not in BOLD	None	BLAST	family	COI-5P	656	1536		BGENL2675-24_r_1_s_100	None	0	BGENL2675-24	1	100	False	False	4874389	782	26	1536	1.0	96.0	48.46484375	47.0
0	0	data/BGE00196_MGE-BGE_r1_1.3_1.5_s50_100.fasta	BGENL2675-24 not in BOLD	None	BLAST	family	COI-5P	656	1518		BGENL2675-24_r_1.3_s_50	None	0	BGENL2675-24	1.3	50	False	False	4874389	1039	26	1536	0.0	107.0	52.75390625	53.5
0	0	data/BGE00196_MGE-BGE_r1_1.3_1.5_s50_100.fasta	BGENL2675-24 not in BOLD	None	BLAST	family	COI-5P	656	1518		BGENL2675-24_r_1.3_s_100	None	0	BGENL2675-24	1.3	100	False	False	4874389	665	26	1536	0.0	75.0	40.423828125	41.0
1	1	data/BGE00196_MGE-BGE_r1_1.3_1.5_s50_100.fasta	BGENL2675-24 not in BOLD	None	BLAST	family	COI-5P	629	1419		BGENL2675-24_r_1.5_s_50	None	0	BGENL2675-24	1.5	50	False	False	4874389	779	26	1536	0.0	106.0	38.205078125	41.5
4	4	data/BGE00196_MGE-BGE_r1_1.3_1.5_s50_100.fasta	BGENL2675-24 not in BOLD	None	BLAST	family	COI-5P	623	1374		BGENL2675-24_r_1.5_s_100	None	0	BGENL2675-24	1.5	100	False	False	4874389	503	26	1536	0.0	75.0	29.388671875	30.0
0	0	data/BGE00196_MGE-BGE_r1_1.3_1.5_s50_100.fasta	BGENL2676-24 not in BOLD	None	BLAST	family	COI-5P	655	1536		BGENL2676-24_r_1_s_50	None	0	BGENL2676-24	1	50	False	False	9436465	1387	387	1536	44.0	136.0	88.134765625	85.0
0	0	data/BGE00196_MGE-BGE_r1_1.3_1.5_s50_100.fasta	BGENL2676-24 not in BOLD	None	BLAST	family	COI-5P	655	1536		BGENL2676-24_r_1_s_100	None	0	BGENL2676-24	1	100	False	False	9436465	1073	387	1536	40.0	118.0	77.177734375	75.0
0	0	data/BGE00196_MGE-BGE_r1_1.3_1.5_s50_100.fasta	BGENL2676-24 not in BOLD	None	BLAST	family	COI-5P	655	1536		BGENL2676-24_r_1.3_s_50	None	0	BGENL2676-24	1.3	50	False	False	9436465	1226	387	1536	35.0	132.0	79.81640625	79.0
0	0	data/BGE00196_MGE-BGE_r1_1.3_1.5_s50_100.fasta	BGENL2676-24 not in BOLD	None	BLAST	family	COI-5P	655	1536		BGENL2676-24_r_1.3_s_100	None	0	BGENL2676-24	1.3	100	False	False	9436465	1011	387	1536	35.0	118.0	72.513671875	71.0
0	0	data/BGE00196_MGE-BGE_r1_1.3_1.5_s50_100.fasta	BGENL2676-24 not in BOLD	None	BLAST	family	COI-5P	655	1503		BGENL2676-24_r_1.5_s_50	None	0	BGENL2676-24	1.5	50	False	False	9436465	969	387	1536	0.0	121.0	63.037109375	68.0
0	0	data/BGE00196_MGE-BGE_r1_1.3_1.5_s50_100.fasta	BGENL2676-24 not in BOLD	None	BLAST	family	COI-5P	655	1464		BGENL2676-24_r_1.5_s_100	None	0	BGENL2676-24	1.5	100	False	False	9436465	807	387	1536	0.0	110.0	57.646484375	60.0
0	0	data/BGE00196_MGE-BGE_r1_1.3_1.5_s50_100.fasta	BGENL2677-24 not in BOLD	None	BLAST	family	COI-5P	655	1536		BGENL2677-24_r_1_s_50	None	0	BGENL2677-24	1	50	False	False	9074199	590	463	1536	6.0	65.0	34.96484375	35.0
0	0	data/BGE00196_MGE-BGE_r1_1.3_1.5_s50_100.fasta	BGENL2677-24 not in BOLD	None	BLAST	family	COI-5P	655	1536		BGENL2677-24_r_1_s_100	None	0	BGENL2677-24	1	100	False	False	9074199	384	463	1536	6.0	49.0	27.994140625	27.0
0	0	data/BGE00196_MGE-BGE_r1_1.3_1.5_s50_100.fasta	BGENL2677-24 not in BOLD	None	BLAST	family	COI-5P	655	1536		BGENL2677-24_r_1.3_s_50	None	0	BGENL2677-24	1.3	50	False	False	9074199	505	463	1536	2.0	63.0	30.90625	32.0
0	0	data/BGE00196_MGE-BGE_r1_1.3_1.5_s50_100.fasta	BGENL2677-24 not in BOLD	None	BLAST	family	COI-5P	655	1536		BGENL2677-24_r_1.3_s_100	None	0	BGENL2677-24	1.3	100	False	False	9074199	358	463	1536	2.0	49.0	25.912109375	26.0
0	0	data/BGE00196_MGE-BGE_r1_1.3_1.5_s50_100.fasta	BGENL2677-24 not in BOLD	None	BLAST	family	COI-5P	655	1419		BGENL2677-24_r_1.5_s_50	None	0	BGENL2677-24	1.5	50	False	False	9074199	375	463	1536	0.0	58.0	24.203125	26.0
0	0	data/BGE00196_MGE-BGE_r1_1.3_1.5_s50_100.fasta	BGENL2677-24 not in BOLD	None	BLAST	family	COI-5P	655	1419		BGENL2677-24_r_1.5_s_100	None	0	BGENL2677-24	1.5	100	False	False	9074199	292	463	1536	0.0	48.0	21.515625	23.0
0	0	data/BGE00196_MGE-BGE_r1_1.3_1.5_s50_100.fasta	BGENL2678-24 not in BOLD	None	BLAST	family	COI-5P	655	1536		BGENL2678-24_r_1_s_50	None	0	BGENL2678-24	1	50	False	False	10561417	4213	980	1536	162.0	456.0	296.029296875	288.0
0	0	data/BGE00196_MGE-BGE_r1_1.3_1.5_s50_100.fasta	BGENL2678-24 not in BOLD	None	BLAST	family	COI-5P	655	1536		BGENL2678-24_r_1_s_100	None	0	BGENL2678-24	1	100	False	False	10561417	3639	980	1536	155.0	413.0	275.908203125	270.0
0	0	data/BGE00196_MGE-BGE_r1_1.3_1.5_s50_100.fasta	BGENL2678-24 not in BOLD	None	BLAST	family	COI-5P	655	1536		BGENL2678-24_r_1.3_s_50	None	0	BGENL2678-24	1.3	50	False	False	10561417	3911	980	1536	123.0	437.0	276.1875	274.0
0	0	data/BGE00196_MGE-BGE_r1_1.3_1.5_s50_100.fasta	BGENL2678-24 not in BOLD	None	BLAST	family	COI-5P	655	1536		BGENL2678-24_r_1.3_s_100	None	0	BGENL2678-24	1.3	100	False	False	10561417	3440	980	1536	119.0	393.0	260.169921875	260.0
0	0	data/BGE00196_MGE-BGE_r1_1.3_1.5_s50_100.fasta	BGENL2678-24 not in BOLD	None	BLAST	family	COI-5P	655	1485		BGENL2678-24_r_1.5_s_50	None	0	BGENL2678-24	1.5	50	False	False	10561417	3015	980	1536	0.0	414.0	213.25390625	233.0
0	0	data/BGE00196_MGE-BGE_r1_1.3_1.5_s50_100.fasta	BGENL2678-24 not in BOLD	None	BLAST	family	COI-5P	655	1485		BGENL2678-24_r_1.5_s_100	None	0	BGENL2678-24	1.5	100	False	False	10561417	2693	980	1536	0.0	370.0	202.708984375	225.5
0	0	data/BGE00196_MGE-BGE_r1_1.3_1.5_s50_100.fasta	BGENL2679-24 not in BOLD	None	BLAST	family	COI-5P	657	1536		BGENL2679-24_r_1_s_50	None	0	BGENL2679-24	1	50	False	False	9709106	2485	435	1536	96.0	192.0	143.70703125	143.5
0	0	data/BGE00196_MGE-BGE_r1_1.3_1.5_s50_100.fasta	BGENL2679-24 not in BOLD	None	BLAST	family	COI-5P	657	1536		BGENL2679-24_r_1_s_100	None	0	BGENL2679-24	1	100	False	False	9709106	1820	435	1536	45.0	159.0	121.283203125	124.0
0	0	data/BGE00196_MGE-BGE_r1_1.3_1.5_s50_100.fasta	BGENL2679-24 not in BOLD	None	BLAST	family	COI-5P	657	1536		BGENL2679-24_r_1.3_s_50	None	0	BGENL2679-24	1.3	50	False	False	9709106	2316	435	1536	85.0	179.0	135.69140625	137.0
0	0	data/BGE00196_MGE-BGE_r1_1.3_1.5_s50_100.fasta	BGENL2679-24 not in BOLD	None	BLAST	family	COI-5P	657	1536		BGENL2679-24_r_1.3_s_100	None	0	BGENL2679-24	1.3	100	False	False	9709106	1757	435	1536	41.0	158.0	117.0390625	119.5
0	0	data/BGE00196_MGE-BGE_r1_1.3_1.5_s50_100.fasta	BGENL2679-24 not in BOLD	None	BLAST	family	COI-5P	657	1536		BGENL2679-24_r_1.5_s_50	None	0	BGENL2679-24	1.5	50	False	False	9709106	1862	435	1536	2.0	178.0	111.119140625	124.0
0	0	data/BGE00196_MGE-BGE_r1_1.3_1.5_s50_100.fasta	BGENL2679-24 not in BOLD	None	BLAST	family	COI-5P	657	1524		BGENL2679-24_r_1.5_s_100	None	0	BGENL2679-24	1.5	100	False	False	9709106	1508	435	1536	0.0	158.0	99.7734375	111.0
0	0	data/BGE00196_MGE-BGE_r1_1.3_1.5_s50_100.fasta	BGENL2680-24 not in BOLD	None	BLAST	family	COI-5P	657	1536		BGENL2680-24_r_1_s_50	None	0	BGENL2680-24	1	50	False	False	9949301	3097	276	1536	117.0	280.0	187.537109375	186.0
0	0	data/BGE00196_MGE-BGE_r1_1.3_1.5_s50_100.fasta	BGENL2680-24 not in BOLD	None	BLAST	family	COI-5P	657	1536		BGENL2680-24_r_1_s_100	None	0	BGENL2680-24	1	100	False	False	9949301	2350	276	1536	77.0	225.0	162.111328125	162.0
0	0	data/BGE00196_MGE-BGE_r1_1.3_1.5_s50_100.fasta	BGENL2680-24 not in BOLD	None	BLAST	family	COI-5P	657	1536		BGENL2680-24_r_1.3_s_50	None	0	BGENL2680-24	1.3	50	False	False	9949301	2896	276	1536	106.0	247.0	178.083984375	179.0
0	0	data/BGE00196_MGE-BGE_r1_1.3_1.5_s50_100.fasta	BGENL2680-24 not in BOLD	None	BLAST	family	COI-5P	657	1536		BGENL2680-24_r_1.3_s_100	None	0	BGENL2680-24	1.3	100	False	False	9949301	2289	276	1536	76.0	225.0	157.708984375	158.5
0	0	data/BGE00196_MGE-BGE_r1_1.3_1.5_s50_100.fasta	BGENL2680-24 not in BOLD	None	BLAST	family	COI-5P	657	1536		BGENL2680-24_r_1.5_s_50	None	0	BGENL2680-24	1.5	50	False	False	9949301	2269	276	1536	3.0	240.0	140.92578125	152.5
0	0	data/BGE00196_MGE-BGE_r1_1.3_1.5_s50_100.fasta	BGENL2680-24 not in BOLD	None	BLAST	family	COI-5P	657	1509		BGENL2680-24_r_1.5_s_100	None	0	BGENL2680-24	1.5	100	False	False	9949301	1894	276	1536	0.0	221.0	128.91796875	141.0
0	0	data/BGE00196_MGE-BGE_r1_1.3_1.5_s50_100.fasta	BGENL2681-24 not in BOLD	None	BLAST	family	COI-5P	657	1536		BGENL2681-24_r_1_s_50	None	0	BGENL2681-24	1	50	False	False	10187086	2211	287	1536	69.0	189.0	121.26953125	121.5
0	0	data/BGE00196_MGE-BGE_r1_1.3_1.5_s50_100.fasta	BGENL2681-24 not in BOLD	None	BLAST	family	COI-5P	657	1536		BGENL2681-24_r_1_s_100	None	0	BGENL2681-24	1	100	False	False	10187086	1551	287	1536	47.0	151.0	98.748046875	97.0
0	0	data/BGE00196_MGE-BGE_r1_1.3_1.5_s50_100.fasta	BGENL2681-24 not in BOLD	None	BLAST	family	COI-5P	657	1536		BGENL2681-24_r_1.3_s_50	None	0	BGENL2681-24	1.3	50	False	False	10187086	2049	287	1536	48.0	184.0	113.783203125	113.0
0	0	data/BGE00196_MGE-BGE_r1_1.3_1.5_s50_100.fasta	BGENL2681-24 not in BOLD	None	BLAST	family	COI-5P	657	1536		BGENL2681-24_r_1.3_s_100	None	0	BGENL2681-24	1.3	100	False	False	10187086	1504	287	1536	40.0	149.0	95.29296875	93.0
0	5	data/BGE00196_MGE-BGE_r1_1.3_1.5_s50_100.fasta	BGENL2681-24 not in BOLD	None	BLAST	family	COI-5P	657	1536		BGENL2681-24_r_1.5_s_50	None	0	BGENL2681-24	1.5	50	False	False	10187086	1623	287	1536	2.0	165.0	91.966796875	100.5
0	0	data/BGE00196_MGE-BGE_r1_1.3_1.5_s50_100.fasta	BGENL2681-24 not in BOLD	None	BLAST	family	COI-5P	657	1521		BGENL2681-24_r_1.5_s_100	None	0	BGENL2681-24	1.5	100	False	False	10187086	1289	287	1536	0.0	142.0	81.302734375	89.0
0	0	data/BGE00196_MGE-BGE_r1_1.3_1.5_s50_100.fasta	BGENL2682-24 not in BOLD	None	BLAST	family	COI-5P	656	1536		BGENL2682-24_r_1_s_50	None	0	BGENL2682-24	1	50	False	False	11532780	13765	92	1536	330.0	1244.0	708.431640625	671.5
0	0	data/BGE00196_MGE-BGE_r1_1.3_1.5_s50_100.fasta	BGENL2682-24 not in BOLD	None	BLAST	family	COI-5P	656	1536		BGENL2682-24_r_1_s_100	None	0	BGENL2682-24	1	100	False	False	11532780	9002	92	1536	165.0	934.0	540.66796875	514.0
0	0	data/BGE00196_MGE-BGE_r1_1.3_1.5_s50_100.fasta	BGENL2682-24 not in BOLD	None	BLAST	family	COI-5P	656	1536		BGENL2682-24_r_1.3_s_50	None	0	BGENL2682-24	1.3	50	False	False	11532780	12700	92	1536	232.0	1231.0	656.025390625	628.5
0	0	data/BGE00196_MGE-BGE_r1_1.3_1.5_s50_100.fasta	BGENL2682-24 not in BOLD	None	BLAST	family	COI-5P	656	1536		BGENL2682-24_r_1.3_s_100	None	0	BGENL2682-24	1.3	100	False	False	11532780	8683	92	1536	120.0	929.0	518.837890625	506.0
0	0	data/BGE00196_MGE-BGE_r1_1.3_1.5_s50_100.fasta	BGENL2682-24 not in BOLD	None	BLAST	family	COI-5P	656	1527		BGENL2682-24_r_1.5_s_50	None	0	BGENL2682-24	1.5	50	False	False	11532780	9246	92	1536	0.0	1065.0	472.98046875	490.0
0	0	data/BGE00196_MGE-BGE_r1_1.3_1.5_s50_100.fasta	BGENL2682-24 not in BOLD	None	BLAST	family	COI-5P	656	1482		BGENL2682-24_r_1.5_s_100	None	0	BGENL2682-24	1.5	100	False	False	11532780	6630	92	1536	0.0	891.0	387.6328125	403.0
0	0	data/BGE00196_MGE-BGE_r1_1.3_1.5_s50_100.fasta	BGENL2683-24 not in BOLD	None	BLAST	family	COI-5P	656	1536		BGENL2683-24_r_1_s_50	None	0	BGENL2683-24	1	50	False	False	10009969	4791	2184	1536	105.0	434.0	274.30859375	269.0
0	0	data/BGE00196_MGE-BGE_r1_1.3_1.5_s50_100.fasta	BGENL2683-24 not in BOLD	None	BLAST	family	COI-5P	656	1536		BGENL2683-24_r_1_s_100	None	0	BGENL2683-24	1	100	False	False	10009969	3307	2184	1536	92.0	372.0	221.716796875	214.0
0	0	data/BGE00196_MGE-BGE_r1_1.3_1.5_s50_100.fasta	BGENL2683-24 not in BOLD	None	BLAST	family	COI-5P	656	1536		BGENL2683-24_r_1.3_s_50	None	0	BGENL2683-24	1.3	50	False	False	10009969	4193	2184	1536	100.0	417.0	243.673828125	228.5
0	0	data/BGE00196_MGE-BGE_r1_1.3_1.5_s50_100.fasta	BGENL2683-24 not in BOLD	None	BLAST	family	COI-5P	656	1536		BGENL2683-24_r_1.3_s_100	None	0	BGENL2683-24	1.3	100	False	False	10009969	3105	2184	1536	47.0	366.0	207.005859375	198.0
0	0	data/BGE00196_MGE-BGE_r1_1.3_1.5_s50_100.fasta	BGENL2683-24 not in BOLD	None	BLAST	family	COI-5P	656	1521		BGENL2683-24_r_1.5_s_50	None	0	BGENL2683-24	1.5	50	False	False	10009969	2857	2184	1536	0.0	363.0	165.0390625	166.5
0	0	data/BGE00196_MGE-BGE_r1_1.3_1.5_s50_100.fasta	BGENL2683-24 not in BOLD	None	BLAST	family	COI-5P	656	1482		BGENL2683-24_r_1.5_s_100	None	0	BGENL2683-24	1.5	100	False	False	10009969	2188	2184	1536	0.0	318.0	143.423828125	147.0
0	0	data/BGE00196_MGE-BGE_r1_1.3_1.5_s50_100.fasta	BGENL2684-24 not in BOLD	None	BLAST	family	COI-5P	656	1536		BGENL2684-24_r_1_s_50	None	0	BGENL2684-24	1	50	False	False	7976562	34884	80	1536	926.0	3515.0	2061.693359375	2023.5
0	0	data/BGE00196_MGE-BGE_r1_1.3_1.5_s50_100.fasta	BGENL2684-24 not in BOLD	None	BLAST	family	COI-5P	656	1536		BGENL2684-24_r_1_s_100	None	0	BGENL2684-24	1	100	False	False	7976562	26545	80	1536	704.0	3071.0	1762.287109375	1721.5
0	0	data/BGE00196_MGE-BGE_r1_1.3_1.5_s50_100.fasta	BGENL2684-24 not in BOLD	None	BLAST	family	COI-5P	656	1536		BGENL2684-24_r_1.3_s_50	None	0	BGENL2684-24	1.3	50	False	False	7976562	32357	80	1536	746.0	3496.0	1921.73046875	1814.5
0	0	data/BGE00196_MGE-BGE_r1_1.3_1.5_s50_100.fasta	BGENL2684-24 not in BOLD	None	BLAST	family	COI-5P	656	1536		BGENL2684-24_r_1.3_s_100	None	0	BGENL2684-24	1.3	100	False	False	7976562	25476	80	1536	458.0	3059.0	1684.90234375	1607.0
0	0	data/BGE00196_MGE-BGE_r1_1.3_1.5_s50_100.fasta	BGENL2684-24 not in BOLD	None	BLAST	family	COI-5P	656	1521		BGENL2684-24_r_1.5_s_50	None	0	BGENL2684-24	1.5	50	False	False	7976562	23317	80	1536	0.0	2946.0	1371.869140625	1336.0
0	0	data/BGE00196_MGE-BGE_r1_1.3_1.5_s50_100.fasta	BGENL2684-24 not in BOLD	None	BLAST	family	COI-5P	656	1482		BGENL2684-24_r_1.5_s_100	None	0	BGENL2684-24	1.5	100	False	False	7976562	18859	80	1536	0.0	2709.0	1226.072265625	1199.5
0	0	data/BGE00196_MGE-BGE_r1_1.3_1.5_s50_100.fasta	BGENL2685-24 not in BOLD	None	BLAST	family	COI-5P	656	1536		BGENL2685-24_r_1_s_50	None	0	BGENL2685-24	1	50	False	False	9114033	7209	955	1536	1.0	688.0	448.58984375	450.0
0	0	data/BGE00196_MGE-BGE_r1_1.3_1.5_s50_100.fasta	BGENL2685-24 not in BOLD	None	BLAST	family	COI-5P	656	1536		BGENL2685-24_r_1_s_100	None	0	BGENL2685-24	1	100	False	False	9114033	5682	955	1536	1.0	550.0	394.13671875	401.0
0	0	data/BGE00196_MGE-BGE_r1_1.3_1.5_s50_100.fasta	BGENL2685-24 not in BOLD	None	BLAST	family	COI-5P	656	1533		BGENL2685-24_r_1.3_s_50	None	0	BGENL2685-24	1.3	50	False	False	9114033	6448	955	1536	0.0	596.0	402.521484375	417.0
0	0	data/BGE00196_MGE-BGE_r1_1.3_1.5_s50_100.fasta	BGENL2685-24 not in BOLD	None	BLAST	family	COI-5P	656	1533		BGENL2685-24_r_1.3_s_100	None	0	BGENL2685-24	1.3	100	False	False	9114033	5211	955	1536	0.0	548.0	360.1640625	381.0
0	0	data/BGE00196_MGE-BGE_r1_1.3_1.5_s50_100.fasta	BGENL2685-24 not in BOLD	None	BLAST	family	COI-5P	656	1476		BGENL2685-24_r_1.5_s_50	None	0	BGENL2685-24	1.5	50	False	False	9114033	5139	955	1536	0.0	587.0	322.279296875	350.0
0	0	data/BGE00196_MGE-BGE_r1_1.3_1.5_s50_100.fasta	BGENL2685-24 not in BOLD	None	BLAST	family	COI-5P	656	1473		BGENL2685-24_r_1.5_s_100	None	0	BGENL2685-24	1.5	100	False	False	9114033	4338	955	1536	0.0	544.0	295.345703125	323.5
0	16	data/BGE00196_MGE-BGE_r1_1.3_1.5_s50_100.fasta	BGENL2686-24 not in BOLD	None	BLAST	family	COI-5P	202	978		BGENL2686-24_r_1_s_50	None	0	BGENL2686-24	1	50	False	False	301345	31	40	1536	0.0	11.0	2.216796875	2.0
0	32	data/BGE00196_MGE-BGE_r1_1.3_1.5_s50_100.fasta	BGENL2686-24 not in BOLD	None	BLAST	family	COI-5P	199	714		BGENL2686-24_r_1_s_100	None	0	BGENL2686-24	1	100	False	False	301345	12	40	1536	0.0	7.0	1.505859375	0.0
0	0	data/BGE00196_MGE-BGE_r1_1.3_1.5_s50_100.fasta	BGENL2686-24 not in BOLD	None	BLAST	family	COI-5P	57	240		BGENL2686-24_r_1.3_s_50	None	0	BGENL2686-24	1.3	50	False	False	301345	9	40	1536	0.0	3.0	0.314453125	0.0
None	0	data/BGE00196_MGE-BGE_r1_1.3_1.5_s50_100.fasta	BGENL2686-24 not in BOLD	None	BLAST	family	COI-5P	None	0		BGENL2686-24_r_1.3_s_100	None	0	BGENL2686-24	1.3	100	False	False	301345	0	40	1536	0	0	0	0
0	0	data/BGE00196_MGE-BGE_r1_1.3_1.5_s50_100.fasta	BGENL2686-24 not in BOLD	None	BLAST	family	COI-5P	60	90		BGENL2686-24_r_1.5_s_50	None	0	BGENL2686-24	1.5	50	False	False	301345	3	40	1536	0.0	1.0	0.05859375	0.0
None	0	data/BGE00196_MGE-BGE_r1_1.3_1.5_s50_100.fasta	BGENL2686-24 not in BOLD	None	BLAST	family	COI-5P	None	0		BGENL2686-24_r_1.5_s_100	None	0	BGENL2686-24	1.5	100	False	False	301345	0	40	1536	0	0	0	0
0	0	data/BGE00196_MGE-BGE_r1_1.3_1.5_s50_100.fasta	BGENL2687-24 not in BOLD	None	BLAST	family	COI-5P	656	1533		BGENL2687-24_r_1_s_50	None	0	BGENL2687-24	1	50	False	False	8427240	1007	294	1536	0.0	84.0	53.228515625	53.0
0	0	data/BGE00196_MGE-BGE_r1_1.3_1.5_s50_100.fasta	BGENL2687-24 not in BOLD	None	BLAST	family	COI-5P	656	1533		BGENL2687-24_r_1_s_100	None	0	BGENL2687-24	1	100	False	False	8427240	658	294	1536	0.0	69.0	41.224609375	41.0
0	0	data/BGE00196_MGE-BGE_r1_1.3_1.5_s50_100.fasta	BGENL2687-24 not in BOLD	None	BLAST	family	COI-5P	656	1482		BGENL2687-24_r_1.3_s_50	None	0	BGENL2687-24	1.3	50	False	False	8427240	873	294	1536	0.0	79.0	45.048828125	48.0
0	0	data/BGE00196_MGE-BGE_r1_1.3_1.5_s50_100.fasta	BGENL2687-24 not in BOLD	None	BLAST	family	COI-5P	656	1482		BGENL2687-24_r_1.3_s_100	None	0	BGENL2687-24	1.3	100	False	False	8427240	589	294	1536	0.0	64.0	35.568359375	37.0
0	0	data/BGE00196_MGE-BGE_r1_1.3_1.5_s50_100.fasta	BGENL2687-24 not in BOLD	None	BLAST	family	COI-5P	656	1461		BGENL2687-24_r_1.5_s_50	None	0	BGENL2687-24	1.5	50	False	False	8427240	700	294	1536	0.0	78.0	35.392578125	39.0
0	0	data/BGE00196_MGE-BGE_r1_1.3_1.5_s50_100.fasta	BGENL2687-24 not in BOLD	None	BLAST	family	COI-5P	656	1461		BGENL2687-24_r_1.5_s_100	None	0	BGENL2687-24	1.5	100	False	False	8427240	484	294	1536	0.0	64.0	28.18359375	30.0
0	0	data/BGE00196_MGE-BGE_r1_1.3_1.5_s50_100.fasta	BGENL2688-24 not in BOLD	None	BLAST	family	COI-5P	656	1533		BGENL2688-24_r_1_s_50	None	0	BGENL2688-24	1	50	False	False	8105745	7693	1863	1536	0.0	676.0	441.546875	432.5
0	0	data/BGE00196_MGE-BGE_r1_1.3_1.5_s50_100.fasta	BGENL2688-24 not in BOLD	None	BLAST	family	COI-5P	656	1533		BGENL2688-24_r_1_s_100	None	0	BGENL2688-24	1	100	False	False	8105745	5701	1863	1536	0.0	567.0	371.41796875	371.5
0	0	data/BGE00196_MGE-BGE_r1_1.3_1.5_s50_100.fasta	BGENL2688-24 not in BOLD	None	BLAST	family	COI-5P	656	1533		BGENL2688-24_r_1.3_s_50	None	0	BGENL2688-24	1.3	50	False	False	8105745	7019	1863	1536	0.0	623.0	404.28515625	401.0
0	0	data/BGE00196_MGE-BGE_r1_1.3_1.5_s50_100.fasta	BGENL2688-24 not in BOLD	None	BLAST	family	COI-5P	656	1533		BGENL2688-24_r_1.3_s_100	None	0	BGENL2688-24	1.3	100	False	False	8105745	5379	1863	1536	0.0	536.0	348.81640625	357.0
0	0	data/BGE00196_MGE-BGE_r1_1.3_1.5_s50_100.fasta	BGENL2688-24 not in BOLD	None	BLAST	family	COI-5P	656	1494		BGENL2688-24_r_1.5_s_50	None	0	BGENL2688-24	1.5	50	False	False	8105745	4980	1863	1536	0.0	620.0	278.97265625	310.0
0	0	data/BGE00196_MGE-BGE_r1_1.3_1.5_s50_100.fasta	BGENL2688-24 not in BOLD	None	BLAST	family	COI-5P	656	1494		BGENL2688-24_r_1.5_s_100	None	0	BGENL2688-24	1.5	100	False	False	8105745	3867	1863	1536	0.0	484.0	243.55078125	278.0
0	0	data/BGE00196_MGE-BGE_r1_1.3_1.5_s50_100.fasta	BGENL2689-24 not in BOLD	None	BLAST	family	COI-5P	655	1536		BGENL2689-24_r_1_s_50	None	0	BGENL2689-24	1	50	False	False	9528833	4321	216	1536	1.0	497.0	255.11328125	235.5
0	0	data/BGE00196_MGE-BGE_r1_1.3_1.5_s50_100.fasta	BGENL2689-24 not in BOLD	None	BLAST	family	COI-5P	655	1533		BGENL2689-24_r_1_s_100	None	0	BGENL2689-24	1	100	False	False	9528833	3108	216	1536	0.0	406.0	212.8046875	197.0
0	0	data/BGE00196_MGE-BGE_r1_1.3_1.5_s50_100.fasta	BGENL2689-24 not in BOLD	None	BLAST	family	COI-5P	655	1533		BGENL2689-24_r_1.3_s_50	None	0	BGENL2689-24	1.3	50	False	False	9528833	3838	216	1536	0.0	472.0	230.4375	216.0
0	0	data/BGE00196_MGE-BGE_r1_1.3_1.5_s50_100.fasta	BGENL2689-24 not in BOLD	None	BLAST	family	COI-5P	655	1533		BGENL2689-24_r_1.3_s_100	None	0	BGENL2689-24	1.3	100	False	False	9528833	2917	216	1536	0.0	396.0	199.16015625	186.0
0	0	data/BGE00196_MGE-BGE_r1_1.3_1.5_s50_100.fasta	BGENL2689-24 not in BOLD	None	BLAST	family	COI-5P	655	1515		BGENL2689-24_r_1.5_s_50	None	0	BGENL2689-24	1.5	50	False	False	9528833	2516	216	1536	0.0	300.0	150.49609375	162.5
0	0	data/BGE00196_MGE-BGE_r1_1.3_1.5_s50_100.fasta	BGENL2689-24 not in BOLD	None	BLAST	family	COI-5P	655	1452		BGENL2689-24_r_1.5_s_100	None	0	BGENL2689-24	1.5	100	False	False	9528833	2000	216	1536	0.0	264.0	133.771484375	144.5
0	0	data/BGE00196_MGE-BGE_r1_1.3_1.5_s50_100.fasta	BGENL2690-24 not in BOLD	None	BLAST	family	COI-5P	656	1536		BGENL2690-24_r_1_s_50	None	0	BGENL2690-24	1	50	False	False	10011973	5284	1159	1536	2.0	515.0	291.71484375	277.0
0	0	data/BGE00196_MGE-BGE_r1_1.3_1.5_s50_100.fasta	BGENL2690-24 not in BOLD	None	BLAST	family	COI-5P	656	1533		BGENL2690-24_r_1_s_100	None	0	BGENL2690-24	1	100	False	False	10011973	3783	1159	1536	0.0	419.0	239.466796875	232.0
0	0	data/BGE00196_MGE-BGE_r1_1.3_1.5_s50_100.fasta	BGENL2690-24 not in BOLD	None	BLAST	family	COI-5P	656	1527		BGENL2690-24_r_1.3_s_50	None	0	BGENL2690-24	1.3	50	False	False	10011973	4744	1159	1536	0.0	499.0	262.50390625	250.5
0	0	data/BGE00196_MGE-BGE_r1_1.3_1.5_s50_100.fasta	BGENL2690-24 not in BOLD	None	BLAST	family	COI-5P	656	1527		BGENL2690-24_r_1.3_s_100	None	0	BGENL2690-24	1.3	100	False	False	10011973	3524	1159	1536	0.0	418.0	221.365234375	215.0
0	0	data/BGE00196_MGE-BGE_r1_1.3_1.5_s50_100.fasta	BGENL2690-24 not in BOLD	None	BLAST	family	COI-5P	656	1479		BGENL2690-24_r_1.5_s_50	None	0	BGENL2690-24	1.5	50	False	False	10011973	3503	1159	1536	0.0	432.0	191.4296875	195.0
0	0	data/BGE00196_MGE-BGE_r1_1.3_1.5_s50_100.fasta	BGENL2690-24 not in BOLD	None	BLAST	family	COI-5P	656	1479		BGENL2690-24_r_1.5_s_100	None	0	BGENL2690-24	1.5	100	False	False	10011973	2641	1159	1536	0.0	347.0	163.44140625	170.0
0	0	data/BGE00196_MGE-BGE_r1_1.3_1.5_s50_100.fasta	BGENL2691-24 not in BOLD	None	BLAST	family	COI-5P	655	1536		BGENL2691-24_r_1_s_50	None	0	BGENL2691-24	1	50	False	False	8656446	1795	1007	1536	9.0	184.0	114.19921875	114.0
0	0	data/BGE00196_MGE-BGE_r1_1.3_1.5_s50_100.fasta	BGENL2691-24 not in BOLD	None	BLAST	family	COI-5P	655	1536		BGENL2691-24_r_1_s_100	None	0	BGENL2691-24	1	100	False	False	8656446	1304	1007	1536	3.0	155.0	97.978515625	100.0
0	1	data/BGE00196_MGE-BGE_r1_1.3_1.5_s50_100.fasta	BGENL2691-24 not in BOLD	None	BLAST	family	COI-5P	655	1536		BGENL2691-24_r_1.3_s_50	None	0	BGENL2691-24	1.3	50	False	False	8656446	1492	1007	1536	2.0	151.0	98.97265625	100.0
0	0	data/BGE00196_MGE-BGE_r1_1.3_1.5_s50_100.fasta	BGENL2691-24 not in BOLD	None	BLAST	family	COI-5P	655	1536		BGENL2691-24_r_1.3_s_100	None	0	BGENL2691-24	1.3	100	False	False	8656446	1209	1007	1536	1.0	144.0	90.21875	92.0
0	0	data/BGE00196_MGE-BGE_r1_1.3_1.5_s50_100.fasta	BGENL2691-24 not in BOLD	None	BLAST	family	COI-5P	655	1515		BGENL2691-24_r_1.5_s_50	None	0	BGENL2691-24	1.5	50	False	False	8656446	1154	1007	1536	0.0	124.0	79.55859375	85.0
0	0	data/BGE00196_MGE-BGE_r1_1.3_1.5_s50_100.fasta	BGENL2691-24 not in BOLD	None	BLAST	family	COI-5P	655	1482		BGENL2691-24_r_1.5_s_100	None	0	BGENL2691-24	1.5	100	False	False	8656446	991	1007	1536	0.0	118.0	74.5703125	79.0
0	0	data/BGE00196_MGE-BGE_r1_1.3_1.5_s50_100.fasta	BGENL2692-24 not in BOLD	None	BLAST	family	COI-5P	655	1536		BGENL2692-24_r_1_s_50	None	0	BGENL2692-24	1	50	False	False	10315801	1617	482	1536	6.0	131.0	82.8515625	81.0
0	0	data/BGE00196_MGE-BGE_r1_1.3_1.5_s50_100.fasta	BGENL2692-24 not in BOLD	None	BLAST	family	COI-5P	655	1533		BGENL2692-24_r_1_s_100	None	0	BGENL2692-24	1	100	False	False	10315801	1008	482	1536	0.0	98.0	61.783203125	62.0
0	0	data/BGE00196_MGE-BGE_r1_1.3_1.5_s50_100.fasta	BGENL2692-24 not in BOLD	None	BLAST	family	COI-5P	655	1533		BGENL2692-24_r_1.3_s_50	None	0	BGENL2692-24	1.3	50	False	False	10315801	1336	482	1536	0.0	113.0	70.349609375	71.0
0	0	data/BGE00196_MGE-BGE_r1_1.3_1.5_s50_100.fasta	BGENL2692-24 not in BOLD	None	BLAST	family	COI-5P	655	1533		BGENL2692-24_r_1.3_s_100	None	0	BGENL2692-24	1.3	100	False	False	10315801	951	482	1536	0.0	97.0	57.5234375	58.0
0	0	data/BGE00196_MGE-BGE_r1_1.3_1.5_s50_100.fasta	BGENL2692-24 not in BOLD	None	BLAST	family	COI-5P	655	1476		BGENL2692-24_r_1.5_s_50	None	0	BGENL2692-24	1.5	50	False	False	10315801	1036	482	1536	0.0	101.0	55.314453125	58.0
0	0	data/BGE00196_MGE-BGE_r1_1.3_1.5_s50_100.fasta	BGENL2692-24 not in BOLD	None	BLAST	family	COI-5P	655	1461		BGENL2692-24_r_1.5_s_100	None	0	BGENL2692-24	1.5	100	False	False	10315801	787	482	1536	0.0	90.0	47.22265625	50.0
0	0	data/BGE00196_MGE-BGE_r1_1.3_1.5_s50_100.fasta	BGENL2693-24 not in BOLD	None	BLAST	family	COI-5P	654	1536		BGENL2693-24_r_1_s_50	None	0	BGENL2693-24	1	50	False	False	9180196	4052	729	1536	6.0	307.0	238.16796875	245.0
0	0	data/BGE00196_MGE-BGE_r1_1.3_1.5_s50_100.fasta	BGENL2693-24 not in BOLD	None	BLAST	family	COI-5P	654	1527		BGENL2693-24_r_1_s_100	None	0	BGENL2693-24	1	100	False	False	9180196	3105	729	1536	0.0	269.0	204.28515625	209.0
0	1	data/BGE00196_MGE-BGE_r1_1.3_1.5_s50_100.fasta	BGENL2693-24 not in BOLD	None	BLAST	family	COI-5P	654	1536		BGENL2693-24_r_1.3_s_50	None	0	BGENL2693-24	1.3	50	False	False	9180196	3638	729	1536	4.0	298.0	214.3671875	230.0
0	0	data/BGE00196_MGE-BGE_r1_1.3_1.5_s50_100.fasta	BGENL2693-24 not in BOLD	None	BLAST	family	COI-5P	654	1527		BGENL2693-24_r_1.3_s_100	None	0	BGENL2693-24	1.3	100	False	False	9180196	2866	729	1536	0.0	269.0	187.734375	199.0
0	0	data/BGE00196_MGE-BGE_r1_1.3_1.5_s50_100.fasta	BGENL2693-24 not in BOLD	None	BLAST	family	COI-5P	654	1500		BGENL2693-24_r_1.5_s_50	None	0	BGENL2693-24	1.5	50	False	False	9180196	2941	729	1536	0.0	292.0	171.580078125	188.5
0	0	data/BGE00196_MGE-BGE_r1_1.3_1.5_s50_100.fasta	BGENL2693-24 not in BOLD	None	BLAST	family	COI-5P	654	1461		BGENL2693-24_r_1.5_s_100	None	0	BGENL2693-24	1.5	100	False	False	9180196	2389	729	1536	0.0	268.0	153.12109375	167.0
0	0	data/BGE00196_MGE-BGE_r1_1.3_1.5_s50_100.fasta	BGENL2694-24 not in BOLD	None	BLAST	family	COI-5P	654	1536		BGENL2694-24_r_1_s_50	None	0	BGENL2694-24	1	50	False	False	9584417	4597	328	1536	4.0	393.0	285.810546875	291.0
0	0	data/BGE00196_MGE-BGE_r1_1.3_1.5_s50_100.fasta	BGENL2694-24 not in BOLD	None	BLAST	family	COI-5P	654	1527		BGENL2694-24_r_1_s_100	None	0	BGENL2694-24	1	100	False	False	9584417	3571	328	1536	0.0	354.0	249.908203125	254.0
0	0	data/BGE00196_MGE-BGE_r1_1.3_1.5_s50_100.fasta	BGENL2694-24 not in BOLD	None	BLAST	family	COI-5P	654	1536		BGENL2694-24_r_1.3_s_50	None	0	BGENL2694-24	1.3	50	False	False	9584417	4080	328	1536	4.0	393.0	254.671875	269.5
0	0	data/BGE00196_MGE-BGE_r1_1.3_1.5_s50_100.fasta	BGENL2694-24 not in BOLD	None	BLAST	family	COI-5P	654	1527		BGENL2694-24_r_1.3_s_100	None	0	BGENL2694-24	1.3	100	False	False	9584417	3257	328	1536	0.0	354.0	226.97265625	234.0
0	0	data/BGE00196_MGE-BGE_r1_1.3_1.5_s50_100.fasta	BGENL2694-24 not in BOLD	None	BLAST	family	COI-5P	654	1500		BGENL2694-24_r_1.5_s_50	None	0	BGENL2694-24	1.5	50	False	False	9584417	3246	328	1536	0.0	383.0	200.62109375	223.5
0	0	data/BGE00196_MGE-BGE_r1_1.3_1.5_s50_100.fasta	BGENL2694-24 not in BOLD	None	BLAST	family	COI-5P	654	1461		BGENL2694-24_r_1.5_s_100	None	0	BGENL2694-24	1.5	100	False	False	9584417	2648	328	1536	0.0	348.0	181.203125	199.0
0	0	data/BGE00196_MGE-BGE_r1_1.3_1.5_s50_100.fasta	BGENL2695-24 not in BOLD	None	BLAST	family	COI-5P	655	1533		BGENL2695-24_r_1_s_50	None	0	BGENL2695-24	1	50	False	False	10477477	5818	12	1536	0.0	494.0	339.10546875	338.0
0	0	data/BGE00196_MGE-BGE_r1_1.3_1.5_s50_100.fasta	BGENL2695-24 not in BOLD	None	BLAST	family	COI-5P	655	1518		BGENL2695-24_r_1_s_100	None	0	BGENL2695-24	1	100	False	False	10477477	4106	12	1536	0.0	423.0	280.318359375	277.0
0	0	data/BGE00196_MGE-BGE_r1_1.3_1.5_s50_100.fasta	BGENL2695-24 not in BOLD	None	BLAST	family	COI-5P	655	1533		BGENL2695-24_r_1.3_s_50	None	0	BGENL2695-24	1.3	50	False	False	10477477	5197	12	1536	0.0	477.0	305.140625	315.5
0	0	data/BGE00196_MGE-BGE_r1_1.3_1.5_s50_100.fasta	BGENL2695-24 not in BOLD	None	BLAST	family	COI-5P	655	1518		BGENL2695-24_r_1.3_s_100	None	0	BGENL2695-24	1.3	100	False	False	10477477	3804	12	1536	0.0	420.0	259.087890625	266.0
0	0	data/BGE00196_MGE-BGE_r1_1.3_1.5_s50_100.fasta	BGENL2695-24 not in BOLD	None	BLAST	family	COI-5P	655	1482		BGENL2695-24_r_1.5_s_50	None	0	BGENL2695-24	1.5	50	False	False	10477477	4141	12	1536	0.0	460.0	241.7734375	267.0
0	0	data/BGE00196_MGE-BGE_r1_1.3_1.5_s50_100.fasta	BGENL2695-24 not in BOLD	None	BLAST	family	COI-5P	655	1476		BGENL2695-24_r_1.5_s_100	None	0	BGENL2695-24	1.5	100	False	False	10477477	3077	12	1536	0.0	380.0	207.791015625	227.5
6	11	data/BGE00196_MGE-BGE_r1_1.3_1.5_s50_100.fasta	BGENL2696-24 not in BOLD	None	BLAST	family	COI-5P	655	1533		BGENL2696-24_r_1_s_50	None	0	BGENL2696-24	1	50	False	False	8932337	2521	93	1536	0.0	239.0	126.93359375	123.0
1	2	data/BGE00196_MGE-BGE_r1_1.3_1.5_s50_100.fasta	BGENL2696-24 not in BOLD	None	BLAST	family	COI-5P	655	1530		BGENL2696-24_r_1_s_100	None	0	BGENL2696-24	1	100	False	False	8932337	1457	93	1536	0.0	178.0	88.990234375	87.0
0	0	data/BGE00196_MGE-BGE_r1_1.3_1.5_s50_100.fasta	BGENL2696-24 not in BOLD	None	BLAST	family	COI-5P	655	1509		BGENL2696-24_r_1.3_s_50	None	0	BGENL2696-24	1.3	50	False	False	8932337	2021	93	1536	0.0	194.0	100.55078125	100.0
0	0	data/BGE00196_MGE-BGE_r1_1.3_1.5_s50_100.fasta	BGENL2696-24 not in BOLD	None	BLAST	family	COI-5P	655	1506		BGENL2696-24_r_1.3_s_100	None	0	BGENL2696-24	1.3	100	False	False	8932337	1282	93	1536	0.0	151.0	76.154296875	75.5
0	0	data/BGE00196_MGE-BGE_r1_1.3_1.5_s50_100.fasta	BGENL2696-24 not in BOLD	None	BLAST	family	COI-5P	655	1419		BGENL2696-24_r_1.5_s_50	None	0	BGENL2696-24	1.5	50	False	False	8932337	1387	93	1536	0.0	160.0	68.642578125	70.0
0	0	data/BGE00196_MGE-BGE_r1_1.3_1.5_s50_100.fasta	BGENL2696-24 not in BOLD	None	BLAST	family	COI-5P	655	1419		BGENL2696-24_r_1.5_s_100	None	0	BGENL2696-24	1.5	100	False	False	8932337	951	93	1536	0.0	136.0	54.892578125	57.5
0	0	data/BGE00196_MGE-BGE_r1_1.3_1.5_s50_100.fasta	BGENL2697-24 not in BOLD	None	BLAST	family	COI-5P	655	1533		BGENL2697-24_r_1_s_50	None	0	BGENL2697-24	1	50	False	False	10883736	26210	76	1536	0.0	2459.0	1589.529296875	1586.5
0	0	data/BGE00196_MGE-BGE_r1_1.3_1.5_s50_100.fasta	BGENL2697-24 not in BOLD	None	BLAST	family	COI-5P	655	1533		BGENL2697-24_r_1_s_100	None	0	BGENL2697-24	1	100	False	False	10883736	20754	76	1536	0.0	2229.0	1392.818359375	1402.5
0	0	data/BGE00196_MGE-BGE_r1_1.3_1.5_s50_100.fasta	BGENL2697-24 not in BOLD	None	BLAST	family	COI-5P	655	1533		BGENL2697-24_r_1.3_s_50	None	0	BGENL2697-24	1.3	50	False	False	10883736	23711	76	1536	0.0	2447.0	1433.302734375	1484.5
0	0	data/BGE00196_MGE-BGE_r1_1.3_1.5_s50_100.fasta	BGENL2697-24 not in BOLD	None	BLAST	family	COI-5P	655	1533		BGENL2697-24_r_1.3_s_100	None	0	BGENL2697-24	1.3	100	False	False	10883736	19182	76	1536	0.0	2218.0	1278.611328125	1332.5
0	0	data/BGE00196_MGE-BGE_r1_1.3_1.5_s50_100.fasta	BGENL2697-24 not in BOLD	None	BLAST	family	COI-5P	655	1476		BGENL2697-24_r_1.5_s_50	None	0	BGENL2697-24	1.5	50	False	False	10883736	17499	76	1536	0.0	1990.0	1039.921875	1146.5
0	0	data/BGE00196_MGE-BGE_r1_1.3_1.5_s50_100.fasta	BGENL2697-24 not in BOLD	None	BLAST	family	COI-5P	655	1476		BGENL2697-24_r_1.5_s_100	None	0	BGENL2697-24	1.5	100	False	False	10883736	14422	76	1536	0.0	1850.0	940.123046875	1032.0
0	0	data/BGE00196_MGE-BGE_r1_1.3_1.5_s50_100.fasta	BGENL2698-24 not in BOLD	None	BLAST	family	COI-5P	656	1533		BGENL2698-24_r_1_s_50	None	0	BGENL2698-24	1	50	False	False	9688494	5396	604	1536	0.0	797.0	271.486328125	231.0
0	0	data/BGE00196_MGE-BGE_r1_1.3_1.5_s50_100.fasta	BGENL2698-24 not in BOLD	None	BLAST	family	COI-5P	656	1530		BGENL2698-24_r_1_s_100	None	0	BGENL2698-24	1	100	False	False	9688494	3159	604	1536	0.0	435.0	190.48828125	173.0
0	0	data/BGE00196_MGE-BGE_r1_1.3_1.5_s50_100.fasta	BGENL2698-24 not in BOLD	None	BLAST	family	COI-5P	656	1494		BGENL2698-24_r_1.3_s_50	None	0	BGENL2698-24	1.3	50	False	False	9688494	4406	604	1536	0.0	594.0	215.685546875	188.0
0	0	data/BGE00196_MGE-BGE_r1_1.3_1.5_s50_100.fasta	BGENL2698-24 not in BOLD	None	BLAST	family	COI-5P	656	1491		BGENL2698-24_r_1.3_s_100	None	0	BGENL2698-24	1.3	100	False	False	9688494	2679	604	1536	0.0	433.0	156.732421875	137.0
0	0	data/BGE00196_MGE-BGE_r1_1.3_1.5_s50_100.fasta	BGENL2698-24 not in BOLD	None	BLAST	family	COI-5P	656	1437		BGENL2698-24_r_1.5_s_50	None	0	BGENL2698-24	1.5	50	False	False	9688494	2796	604	1536	0.0	458.0	134.77734375	115.5
0	0	data/BGE00196_MGE-BGE_r1_1.3_1.5_s50_100.fasta	BGENL2698-24 not in BOLD	None	BLAST	family	COI-5P	656	1392		BGENL2698-24_r_1.5_s_100	None	0	BGENL2698-24	1.5	100	False	False	9688494	1837	604	1536	0.0	297.0	103.92578125	92.0
0	0	data/BGE00196_MGE-BGE_r1_1.3_1.5_s50_100.fasta	BGENL2699-24 not in BOLD	None	BLAST	family	COI-5P	655	1533		BGENL2699-24_r_1_s_50	None	0	BGENL2699-24	1	50	False	False	8640250	1679	267	1536	0.0	148.0	83.203125	82.0
0	0	data/BGE00196_MGE-BGE_r1_1.3_1.5_s50_100.fasta	BGENL2699-24 not in BOLD	None	BLAST	family	COI-5P	655	1533		BGENL2699-24_r_1_s_100	None	0	BGENL2699-24	1	100	False	False	8640250	1022	267	1536	0.0	124.0	60.58984375	60.0
0	0	data/BGE00196_MGE-BGE_r1_1.3_1.5_s50_100.fasta	BGENL2699-24 not in BOLD	None	BLAST	family	COI-5P	655	1527		BGENL2699-24_r_1.3_s_50	None	0	BGENL2699-24	1.3	50	False	False	8640250	1402	267	1536	0.0	146.0	69.42578125	71.0
0	0	data/BGE00196_MGE-BGE_r1_1.3_1.5_s50_100.fasta	BGENL2699-24 not in BOLD	None	BLAST	family	COI-5P	655	1527		BGENL2699-24_r_1.3_s_100	None	0	BGENL2699-24	1.3	100	False	False	8640250	931	267	1536	0.0	123.0	53.97265625	57.5
0	0	data/BGE00196_MGE-BGE_r1_1.3_1.5_s50_100.fasta	BGENL2699-24 not in BOLD	None	BLAST	family	COI-5P	655	1398		BGENL2699-24_r_1.5_s_50	None	0	BGENL2699-24	1.5	50	False	False	8640250	1133	267	1536	0.0	140.0	56.830078125	60.0
0	0	data/BGE00196_MGE-BGE_r1_1.3_1.5_s50_100.fasta	BGENL2699-24 not in BOLD	None	BLAST	family	COI-5P	655	1398		BGENL2699-24_r_1.5_s_100	None	0	BGENL2699-24	1.5	100	False	False	8640250	800	267	1536	0.0	122.0	46.18359375	47.5
0	0	data/BGE00196_MGE-BGE_r1_1.3_1.5_s50_100.fasta	BGENL2700-24 not in BOLD	None	BLAST	family	COI-5P	655	1533		BGENL2700-24_r_1_s_50	None	0	BGENL2700-24	1	50	False	False	10229880	4208	691	1536	0.0	455.0	279.865234375	274.0
0	0	data/BGE00196_MGE-BGE_r1_1.3_1.5_s50_100.fasta	BGENL2700-24 not in BOLD	None	BLAST	family	COI-5P	655	1533		BGENL2700-24_r_1_s_100	None	0	BGENL2700-24	1	100	False	False	10229880	3285	691	1536	0.0	422.0	247.3984375	251.0
0	0	data/BGE00196_MGE-BGE_r1_1.3_1.5_s50_100.fasta	BGENL2700-24 not in BOLD	None	BLAST	family	COI-5P	655	1533		BGENL2700-24_r_1.3_s_50	None	0	BGENL2700-24	1.3	50	False	False	10229880	3550	691	1536	0.0	446.0	245.9296875	262.0
0	0	data/BGE00196_MGE-BGE_r1_1.3_1.5_s50_100.fasta	BGENL2700-24 not in BOLD	None	BLAST	family	COI-5P	655	1533		BGENL2700-24_r_1.3_s_100	None	0	BGENL2700-24	1.3	100	False	False	10229880	3043	691	1536	0.0	421.0	229.205078125	249.0
0	0	data/BGE00196_MGE-BGE_r1_1.3_1.5_s50_100.fasta	BGENL2700-24 not in BOLD	None	BLAST	family	COI-5P	655	1458		BGENL2700-24_r_1.5_s_50	None	0	BGENL2700-24	1.5	50	False	False	10229880	2879	691	1536	0.0	442.0	204.470703125	230.0
0	0	data/BGE00196_MGE-BGE_r1_1.3_1.5_s50_100.fasta	BGENL2700-24 not in BOLD	None	BLAST	family	COI-5P	655	1422		BGENL2700-24_r_1.5_s_100	None	0	BGENL2700-24	1.5	100	False	False	10229880	2605	691	1536	0.0	419.0	195.478515625	222.0
0	0	data/BGE00196_MGE-BGE_r1_1.3_1.5_s50_100.fasta	BGENL2701-24 not in BOLD	None	BLAST	family	COI-5P	655	1530		BGENL2701-24_r_1_s_50	None	0	BGENL2701-24	1	50	False	False	7407241	1950	254	1536	0.0	166.0	119.162109375	118.0
0	0	data/BGE00196_MGE-BGE_r1_1.3_1.5_s50_100.fasta	BGENL2701-24 not in BOLD	None	BLAST	family	COI-5P	655	1527		BGENL2701-24_r_1_s_100	None	0	BGENL2701-24	1	100	False	False	7407241	1473	254	1536	0.0	156.0	102.396484375	104.0
0	0	data/BGE00196_MGE-BGE_r1_1.3_1.5_s50_100.fasta	BGENL2701-24 not in BOLD	None	BLAST	family	COI-5P	655	1530		BGENL2701-24_r_1.3_s_50	None	0	BGENL2701-24	1.3	50	False	False	7407241	1726	254	1536	0.0	164.0	107.052734375	113.0
0	0	data/BGE00196_MGE-BGE_r1_1.3_1.5_s50_100.fasta	BGENL2701-24 not in BOLD	None	BLAST	family	COI-5P	655	1527		BGENL2701-24_r_1.3_s_100	None	0	BGENL2701-24	1.3	100	False	False	7407241	1395	254	1536	0.0	154.0	96.208984375	102.0
0	0	data/BGE00196_MGE-BGE_r1_1.3_1.5_s50_100.fasta	BGENL2701-24 not in BOLD	None	BLAST	family	COI-5P	655	1431		BGENL2701-24_r_1.5_s_50	None	0	BGENL2701-24	1.5	50	False	False	7407241	1471	254	1536	0.0	162.0	92.134765625	100.0
0	0	data/BGE00196_MGE-BGE_r1_1.3_1.5_s50_100.fasta	BGENL2701-24 not in BOLD	None	BLAST	family	COI-5P	655	1431		BGENL2701-24_r_1.5_s_100	None	0	BGENL2701-24	1.5	100	False	False	7407241	1224	254	1536	0.0	154.0	84.2265625	90.0
0	0	data/BGE00196_MGE-BGE_r1_1.3_1.5_s50_100.fasta	BGENL2702-24 not in BOLD	None	BLAST	family	COI-5P	655	1530		BGENL2702-24_r_1_s_50	None	0	BGENL2702-24	1	50	False	False	9965290	2411	199	1536	0.0	222.0	154.759765625	154.0
0	0	data/BGE00196_MGE-BGE_r1_1.3_1.5_s50_100.fasta	BGENL2702-24 not in BOLD	None	BLAST	family	COI-5P	655	1527		BGENL2702-24_r_1_s_100	None	0	BGENL2702-24	1	100	False	False	9965290	1878	199	1536	0.0	201.0	136.19921875	138.0
0	0	data/BGE00196_MGE-BGE_r1_1.3_1.5_s50_100.fasta	BGENL2702-24 not in BOLD	None	BLAST	family	COI-5P	655	1527		BGENL2702-24_r_1.3_s_50	None	0	BGENL2702-24	1.3	50	False	False	9965290	2092	199	1536	0.0	210.0	137.134765625	145.0
0	0	data/BGE00196_MGE-BGE_r1_1.3_1.5_s50_100.fasta	BGENL2702-24 not in BOLD	None	BLAST	family	COI-5P	655	1527		BGENL2702-24_r_1.3_s_100	None	0	BGENL2702-24	1.3	100	False	False	9965290	1738	199	1536	0.0	199.0	125.482421875	134.0
0	0	data/BGE00196_MGE-BGE_r1_1.3_1.5_s50_100.fasta	BGENL2702-24 not in BOLD	None	BLAST	family	COI-5P	655	1431		BGENL2702-24_r_1.5_s_50	None	0	BGENL2702-24	1.5	50	False	False	9965290	1768	199	1536	0.0	197.0	116.802734375	129.0
0	0	data/BGE00196_MGE-BGE_r1_1.3_1.5_s50_100.fasta	BGENL2702-24 not in BOLD	None	BLAST	family	COI-5P	655	1431		BGENL2702-24_r_1.5_s_100	None	0	BGENL2702-24	1.5	100	False	False	9965290	1505	199	1536	0.0	179.0	108.3125	120.0
0	1	data/BGE00196_MGE-BGE_r1_1.3_1.5_s50_100.fasta	BGENL2703-24 not in BOLD	None	BLAST	family	COI-5P	655	1530		BGENL2703-24_r_1_s_50	None	0	BGENL2703-24	1	50	False	False	8172096	2257	346	1536	0.0	188.0	132.849609375	129.0
0	0	data/BGE00196_MGE-BGE_r1_1.3_1.5_s50_100.fasta	BGENL2703-24 not in BOLD	None	BLAST	family	COI-5P	655	1527		BGENL2703-24_r_1_s_100	None	0	BGENL2703-24	1	100	False	False	8172096	1674	346	1536	0.0	175.0	112.39453125	111.0
0	0	data/BGE00196_MGE-BGE_r1_1.3_1.5_s50_100.fasta	BGENL2703-24 not in BOLD	None	BLAST	family	COI-5P	655	1530		BGENL2703-24_r_1.3_s_50	None	0	BGENL2703-24	1.3	50	False	False	8172096	2014	346	1536	0.0	186.0	119.814453125	125.5
0	0	data/BGE00196_MGE-BGE_r1_1.3_1.5_s50_100.fasta	BGENL2703-24 not in BOLD	None	BLAST	family	COI-5P	655	1527		BGENL2703-24_r_1.3_s_100	None	0	BGENL2703-24	1.3	100	False	False	8172096	1577	346	1536	0.0	173.0	105.1171875	109.5
0	0	data/BGE00196_MGE-BGE_r1_1.3_1.5_s50_100.fasta	BGENL2703-24 not in BOLD	None	BLAST	family	COI-5P	655	1407		BGENL2703-24_r_1.5_s_50	None	0	BGENL2703-24	1.5	50	False	False	8172096	1634	346	1536	0.0	178.0	98.279296875	105.0
0	0	data/BGE00196_MGE-BGE_r1_1.3_1.5_s50_100.fasta	BGENL2703-24 not in BOLD	None	BLAST	family	COI-5P	655	1407		BGENL2703-24_r_1.5_s_100	None	0	BGENL2703-24	1.5	100	False	False	8172096	1343	346	1536	0.0	172.0	88.798828125	93.0
14	27	data/BGE00196_MGE-BGE_r1_1.3_1.5_s50_100.fasta	BGENL2704-24 not in BOLD	None	BLAST	family	COI-5P	656	1536		BGENL2704-24_r_1_s_50	None	0	BGENL2704-24	1	50	False	False	8323262	467	17	1536	1.0	72.0	21.275390625	17.0
6	13	data/BGE00196_MGE-BGE_r1_1.3_1.5_s50_100.fasta	BGENL2704-24 not in BOLD	None	BLAST	family	COI-5P	656	1506		BGENL2704-24_r_1_s_100	None	0	BGENL2704-24	1	100	False	False	8323262	233	17	1536	0.0	38.0	13.419921875	12.0
6	11	data/BGE00196_MGE-BGE_r1_1.3_1.5_s50_100.fasta	BGENL2704-24 not in BOLD	None	BLAST	family	COI-5P	656	1506		BGENL2704-24_r_1.3_s_50	None	0	BGENL2704-24	1.3	50	False	False	8323262	352	17	1536	0.0	48.0	16.7265625	15.0
5	13	data/BGE00196_MGE-BGE_r1_1.3_1.5_s50_100.fasta	BGENL2704-24 not in BOLD	None	BLAST	family	COI-5P	656	1506		BGENL2704-24_r_1.3_s_100	None	0	BGENL2704-24	1.3	100	False	False	8323262	222	17	1536	0.0	37.0	12.470703125	12.0
2	15	data/BGE00196_MGE-BGE_r1_1.3_1.5_s50_100.fasta	BGENL2704-24 not in BOLD	None	BLAST	family	COI-5P	656	1401		BGENL2704-24_r_1.5_s_50	None	0	BGENL2704-24	1.5	50	False	False	8323262	235	17	1536	0.0	33.0	11.068359375	10.0
3	6	data/BGE00196_MGE-BGE_r1_1.3_1.5_s50_100.fasta	BGENL2704-24 not in BOLD	None	BLAST	family	COI-5P	638	1317		BGENL2704-24_r_1.5_s_100	None	0	BGENL2704-24	1.5	100	False	False	8323262	162	17	1536	0.0	33.0	8.80859375	8.0
14	23	data/BGE00196_MGE-BGE_r1_1.3_1.5_s50_100.fasta	BGENL2705-24 not in BOLD	None	BLAST	family	COI-5P	657	1536		BGENL2705-24_r_1_s_50	None	0	BGENL2705-24	1	50	False	False	8462923	566	407	1536	1.0	79.0	25.484375	20.0
9	13	data/BGE00196_MGE-BGE_r1_1.3_1.5_s50_100.fasta	BGENL2705-24 not in BOLD	None	BLAST	family	COI-5P	656	1536		BGENL2705-24_r_1_s_100	None	0	BGENL2705-24	1	100	False	False	8462923	255	407	1536	1.0	45.0	14.767578125	11.0
6	9	data/BGE00196_MGE-BGE_r1_1.3_1.5_s50_100.fasta	BGENL2705-24 not in BOLD	None	BLAST	family	COI-5P	657	1503		BGENL2705-24_r_1.3_s_50	None	0	BGENL2705-24	1.3	50	False	False	8462923	456	407	1536	0.0	65.0	20.896484375	15.0
6	9	data/BGE00196_MGE-BGE_r1_1.3_1.5_s50_100.fasta	BGENL2705-24 not in BOLD	None	BLAST	family	COI-5P	656	1503		BGENL2705-24_r_1.3_s_100	None	0	BGENL2705-24	1.3	100	False	False	8462923	238	407	1536	0.0	42.0	13.583984375	10.0
6	11	data/BGE00196_MGE-BGE_r1_1.3_1.5_s50_100.fasta	BGENL2705-24 not in BOLD	None	BLAST	family	COI-5P	636	1422		BGENL2705-24_r_1.5_s_50	None	0	BGENL2705-24	1.5	50	False	False	8462923	285	407	1536	0.0	40.0	12.861328125	12.0
3	8	data/BGE00196_MGE-BGE_r1_1.3_1.5_s50_100.fasta	BGENL2705-24 not in BOLD	None	BLAST	family	COI-5P	572	1302		BGENL2705-24_r_1.5_s_100	None	0	BGENL2705-24	1.5	100	False	False	8462923	162	407	1536	0.0	26.0	8.958984375	8.0
7	9	data/BGE00196_MGE-BGE_r1_1.3_1.5_s50_100.fasta	BGENL2706-24 not in BOLD	None	BLAST	family	COI-5P	657	1536		BGENL2706-24_r_1_s_50	None	0	BGENL2706-24	1	50	False	False	10383386	1040	876	1536	10.0	132.0	47.640625	42.0
9	10	data/BGE00196_MGE-BGE_r1_1.3_1.5_s50_100.fasta	BGENL2706-24 not in BOLD	None	BLAST	family	COI-5P	657	1536		BGENL2706-24_r_1_s_100	None	0	BGENL2706-24	1	100	False	False	10383386	526	876	1536	7.0	75.0	29.8125	27.0
4	6	data/BGE00196_MGE-BGE_r1_1.3_1.5_s50_100.fasta	BGENL2706-24 not in BOLD	None	BLAST	family	COI-5P	657	1515		BGENL2706-24_r_1.3_s_50	None	0	BGENL2706-24	1.3	50	False	False	10383386	835	876	1536	0.0	102.0	38.484375	33.0
2	3	data/BGE00196_MGE-BGE_r1_1.3_1.5_s50_100.fasta	BGENL2706-24 not in BOLD	None	BLAST	family	COI-5P	657	1482		BGENL2706-24_r_1.3_s_100	None	0	BGENL2706-24	1.3	100	False	False	10383386	471	876	1536	0.0	70.0	26.087890625	23.0
4	6	data/BGE00196_MGE-BGE_r1_1.3_1.5_s50_100.fasta	BGENL2706-24 not in BOLD	None	BLAST	family	COI-5P	657	1446		BGENL2706-24_r_1.5_s_50	None	0	BGENL2706-24	1.5	50	False	False	10383386	562	876	1536	0.0	63.0	25.58203125	25.0
4	5	data/BGE00196_MGE-BGE_r1_1.3_1.5_s50_100.fasta	BGENL2706-24 not in BOLD	None	BLAST	family	COI-5P	657	1395		BGENL2706-24_r_1.5_s_100	None	0	BGENL2706-24	1.5	100	False	False	10383386	346	876	1536	0.0	48.0	18.5546875	19.0
0	0	data/BGE00196_MGE-BGE_r1_1.3_1.5_s50_100.fasta	BGENL2707-24 not in BOLD	None	BLAST	family	COI-5P	656	1533		BGENL2707-24_r_1_s_50	None	0	BGENL2707-24	1	50	False	False	11193809	4538	199	1536	0.0	432.0	298.681640625	299.5
0	0	data/BGE00196_MGE-BGE_r1_1.3_1.5_s50_100.fasta	BGENL2707-24 not in BOLD	None	BLAST	family	COI-5P	656	1533		BGENL2707-24_r_1_s_100	None	0	BGENL2707-24	1	100	False	False	11193809	3657	199	1536	0.0	398.0	267.92578125	271.0
0	0	data/BGE00196_MGE-BGE_r1_1.3_1.5_s50_100.fasta	BGENL2707-24 not in BOLD	None	BLAST	family	COI-5P	656	1533		BGENL2707-24_r_1.3_s_50	None	0	BGENL2707-24	1.3	50	False	False	11193809	4175	199	1536	0.0	431.0	276.912109375	286.0
0	0	data/BGE00196_MGE-BGE_r1_1.3_1.5_s50_100.fasta	BGENL2707-24 not in BOLD	None	BLAST	family	COI-5P	656	1533		BGENL2707-24_r_1.3_s_100	None	0	BGENL2707-24	1.3	100	False	False	11193809	3442	199	1536	0.0	398.0	251.904296875	262.0
0	0	data/BGE00196_MGE-BGE_r1_1.3_1.5_s50_100.fasta	BGENL2707-24 not in BOLD	None	BLAST	family	COI-5P	656	1521		BGENL2707-24_r_1.5_s_50	None	0	BGENL2707-24	1.5	50	False	False	11193809	3445	199	1536	0.0	416.0	231.876953125	238.0
0	0	data/BGE00196_MGE-BGE_r1_1.3_1.5_s50_100.fasta	BGENL2707-24 not in BOLD	None	BLAST	family	COI-5P	656	1521		BGENL2707-24_r_1.5_s_100	None	0	BGENL2707-24	1.5	100	False	False	11193809	2963	199	1536	0.0	396.0	215.560546875	221.5
0	0	data/BGE00196_MGE-BGE_r1_1.3_1.5_s50_100.fasta	BGENL2708-24 not in BOLD	None	BLAST	family	COI-5P	656	1533		BGENL2708-24_r_1_s_50	None	0	BGENL2708-24	1	50	False	False	2989878	603	106	1536	0.0	83.0	36.46875	33.0
0	0	data/BGE00196_MGE-BGE_r1_1.3_1.5_s50_100.fasta	BGENL2708-24 not in BOLD	None	BLAST	family	COI-5P	656	1533		BGENL2708-24_r_1_s_100	None	0	BGENL2708-24	1	100	False	False	2989878	431	106	1536	0.0	58.0	30.54296875	29.0
0	0	data/BGE00196_MGE-BGE_r1_1.3_1.5_s50_100.fasta	BGENL2708-24 not in BOLD	None	BLAST	family	COI-5P	656	1533		BGENL2708-24_r_1.3_s_50	None	0	BGENL2708-24	1.3	50	False	False	2989878	549	106	1536	0.0	83.0	33.59765625	32.0
0	0	data/BGE00196_MGE-BGE_r1_1.3_1.5_s50_100.fasta	BGENL2708-24 not in BOLD	None	BLAST	family	COI-5P	656	1533		BGENL2708-24_r_1.3_s_100	None	0	BGENL2708-24	1.3	100	False	False	2989878	408	106	1536	0.0	58.0	28.783203125	28.0
0	0	data/BGE00196_MGE-BGE_r1_1.3_1.5_s50_100.fasta	BGENL2708-24 not in BOLD	None	BLAST	family	COI-5P	656	1464		BGENL2708-24_r_1.5_s_50	None	0	BGENL2708-24	1.5	50	False	False	2989878	434	106	1536	0.0	68.0	27.0859375	26.0
0	0	data/BGE00196_MGE-BGE_r1_1.3_1.5_s50_100.fasta	BGENL2708-24 not in BOLD	None	BLAST	family	COI-5P	656	1464		BGENL2708-24_r_1.5_s_100	None	0	BGENL2708-24	1.5	100	False	False	2989878	347	106	1536	0.0	53.0	24.18359375	23.0
0	0	data/BGE00196_MGE-BGE_r1_1.3_1.5_s50_100.fasta	BGENL2709-24 not in BOLD	None	BLAST	family	COI-5P	656	1536		BGENL2709-24_r_1_s_50	None	0	BGENL2709-24	1	50	False	False	10011510	1117	594	1536	1.0	105.0	63.6875	63.0
0	0	data/BGE00196_MGE-BGE_r1_1.3_1.5_s50_100.fasta	BGENL2709-24 not in BOLD	None	BLAST	family	COI-5P	656	1533		BGENL2709-24_r_1_s_100	None	0	BGENL2709-24	1	100	False	False	10011510	783	594	1536	0.0	89.0	52.232421875	51.0
0	0	data/BGE00196_MGE-BGE_r1_1.3_1.5_s50_100.fasta	BGENL2709-24 not in BOLD	None	BLAST	family	COI-5P	656	1503		BGENL2709-24_r_1.3_s_50	None	0	BGENL2709-24	1.3	50	False	False	10011510	969	594	1536	0.0	99.0	56.22265625	56.0
0	0	data/BGE00196_MGE-BGE_r1_1.3_1.5_s50_100.fasta	BGENL2709-24 not in BOLD	None	BLAST	family	COI-5P	656	1503		BGENL2709-24_r_1.3_s_100	None	0	BGENL2709-24	1.3	100	False	False	10011510	732	594	1536	0.0	88.0	48.416015625	47.0
0	0	data/BGE00196_MGE-BGE_r1_1.3_1.5_s50_100.fasta	BGENL2709-24 not in BOLD	None	BLAST	family	COI-5P	656	1482		BGENL2709-24_r_1.5_s_50	None	0	BGENL2709-24	1.5	50	False	False	10011510	753	594	1536	0.0	87.0	44.12109375	44.0
0	0	data/BGE00196_MGE-BGE_r1_1.3_1.5_s50_100.fasta	BGENL2709-24 not in BOLD	None	BLAST	family	COI-5P	656	1482		BGENL2709-24_r_1.5_s_100	None	0	BGENL2709-24	1.5	100	False	False	10011510	592	594	1536	0.0	82.0	38.84765625	37.0
1	3	data/BGE00196_MGE-BGE_r1_1.3_1.5_s50_100.fasta	BGENL2710-24 not in BOLD	None	BLAST	family	COI-5P	656	1536		BGENL2710-24_r_1_s_50	None	0	BGENL2710-24	1	50	False	False	9382717	601	251	1536	4.0	92.0	32.45703125	31.0
0	0	data/BGE00196_MGE-BGE_r1_1.3_1.5_s50_100.fasta	BGENL2710-24 not in BOLD	None	BLAST	family	COI-5P	656	1536		BGENL2710-24_r_1_s_100	None	0	BGENL2710-24	1	100	False	False	9382717	392	251	1536	3.0	39.0	25.62109375	26.0
1	1	data/BGE00196_MGE-BGE_r1_1.3_1.5_s50_100.fasta	BGENL2710-24 not in BOLD	None	BLAST	family	COI-5P	656	1536		BGENL2710-24_r_1.3_s_50	None	0	BGENL2710-24	1.3	50	False	False	9382717	507	251	1536	1.0	75.0	28.04296875	29.0
0	0	data/BGE00196_MGE-BGE_r1_1.3_1.5_s50_100.fasta	BGENL2710-24 not in BOLD	None	BLAST	family	COI-5P	656	1509		BGENL2710-24_r_1.3_s_100	None	0	BGENL2710-24	1.3	100	False	False	9382717	365	251	1536	0.0	39.0	23.658203125	25.0
0	0	data/BGE00196_MGE-BGE_r1_1.3_1.5_s50_100.fasta	BGENL2710-24 not in BOLD	None	BLAST	family	COI-5P	656	1461		BGENL2710-24_r_1.5_s_50	None	0	BGENL2710-24	1.5	50	False	False	9382717	400	251	1536	0.0	54.0	22.423828125	23.0
0	0	data/BGE00196_MGE-BGE_r1_1.3_1.5_s50_100.fasta	BGENL2710-24 not in BOLD	None	BLAST	family	COI-5P	656	1422		BGENL2710-24_r_1.5_s_100	None	0	BGENL2710-24	1.5	100	False	False	9382717	303	251	1536	0.0	38.0	19.625	21.0
0	0	data/BGE00196_MGE-BGE_r1_1.3_1.5_s50_100.fasta	BGENL2711-24 not in BOLD	None	BLAST	family	COI-5P	656	1536		BGENL2711-24_r_1_s_50	None	0	BGENL2711-24	1	50	False	False	11746240	1233	310	1536	12.0	138.0	75.291015625	76.0
0	0	data/BGE00196_MGE-BGE_r1_1.3_1.5_s50_100.fasta	BGENL2711-24 not in BOLD	None	BLAST	family	COI-5P	656	1536		BGENL2711-24_r_1_s_100	None	0	BGENL2711-24	1	100	False	False	11746240	896	310	1536	11.0	94.0	64.220703125	66.0
0	2	data/BGE00196_MGE-BGE_r1_1.3_1.5_s50_100.fasta	BGENL2711-24 not in BOLD	None	BLAST	family	COI-5P	656	1536		BGENL2711-24_r_1.3_s_50	None	0	BGENL2711-24	1.3	50	False	False	11746240	997	310	1536	1.0	120.0	60.712890625	64.0
0	0	data/BGE00196_MGE-BGE_r1_1.3_1.5_s50_100.fasta	BGENL2711-24 not in BOLD	None	BLAST	family	COI-5P	656	1521		BGENL2711-24_r_1.3_s_100	None	0	BGENL2711-24	1.3	100	False	False	11746240	764	310	1536	0.0	79.0	53.6875	57.0
0	0	data/BGE00196_MGE-BGE_r1_1.3_1.5_s50_100.fasta	BGENL2711-24 not in BOLD	None	BLAST	family	COI-5P	656	1518		BGENL2711-24_r_1.5_s_50	None	0	BGENL2711-24	1.5	50	False	False	11746240	773	310	1536	0.0	82.0	47.166015625	52.0
0	0	data/BGE00196_MGE-BGE_r1_1.3_1.5_s50_100.fasta	BGENL2711-24 not in BOLD	None	BLAST	family	COI-5P	656	1482		BGENL2711-24_r_1.5_s_100	None	0	BGENL2711-24	1.5	100	False	False	11746240	606	310	1536	0.0	76.0	42.453125	45.0
2	2	data/BGE00196_MGE-BGE_r1_1.3_1.5_s50_100.fasta	BGENL2712-24 not in BOLD	None	BLAST	family	COI-5P	656	1536		BGENL2712-24_r_1_s_50	None	0	BGENL2712-24	1	50	False	False	11740245	651	33	1536	5.0	90.0	31.177734375	31.0
0	0	data/BGE00196_MGE-BGE_r1_1.3_1.5_s50_100.fasta	BGENL2712-24 not in BOLD	None	BLAST	family	COI-5P	656	1536		BGENL2712-24_r_1_s_100	None	0	BGENL2712-24	1	100	False	False	11740245	372	33	1536	4.0	36.0	22.44921875	23.0
0	0	data/BGE00196_MGE-BGE_r1_1.3_1.5_s50_100.fasta	BGENL2712-24 not in BOLD	None	BLAST	family	COI-5P	656	1521		BGENL2712-24_r_1.3_s_50	None	0	BGENL2712-24	1.3	50	False	False	11740245	553	33	1536	0.0	68.0	26.85546875	27.0
0	0	data/BGE00196_MGE-BGE_r1_1.3_1.5_s50_100.fasta	BGENL2712-24 not in BOLD	None	BLAST	family	COI-5P	656	1521		BGENL2712-24_r_1.3_s_100	None	0	BGENL2712-24	1.3	100	False	False	11740245	345	33	1536	0.0	36.0	20.60546875	21.0
0	0	data/BGE00196_MGE-BGE_r1_1.3_1.5_s50_100.fasta	BGENL2712-24 not in BOLD	None	BLAST	family	COI-5P	656	1410		BGENL2712-24_r_1.5_s_50	None	0	BGENL2712-24	1.5	50	False	False	11740245	432	33	1536	0.0	53.0	21.146484375	22.0
0	0	data/BGE00196_MGE-BGE_r1_1.3_1.5_s50_100.fasta	BGENL2712-24 not in BOLD	None	BLAST	family	COI-5P	656	1410		BGENL2712-24_r_1.5_s_100	None	0	BGENL2712-24	1.5	100	False	False	11740245	291	33	1536	0.0	33.0	17.126953125	19.0
0	0	data/BGE00196_MGE-BGE_r1_1.3_1.5_s50_100.fasta	BGENL2713-24 not in BOLD	None	BLAST	family	COI-5P	657	1536		BGENL2713-24_r_1_s_50	None	0	BGENL2713-24	1	50	False	False	9995623	371	251	1536	3.0	41.0	19.490234375	17.0
0	0	data/BGE00196_MGE-BGE_r1_1.3_1.5_s50_100.fasta	BGENL2713-24 not in BOLD	None	BLAST	family	COI-5P	657	1533		BGENL2713-24_r_1_s_100	None	0	BGENL2713-24	1	100	False	False	9995623	230	251	1536	0.0	34.0	14.78515625	13.0
0	0	data/BGE00196_MGE-BGE_r1_1.3_1.5_s50_100.fasta	BGENL2713-24 not in BOLD	None	BLAST	family	COI-5P	657	1461		BGENL2713-24_r_1.3_s_50	None	0	BGENL2713-24	1.3	50	False	False	9995623	289	251	1536	0.0	39.0	15.810546875	15.0
0	0	data/BGE00196_MGE-BGE_r1_1.3_1.5_s50_100.fasta	BGENL2713-24 not in BOLD	None	BLAST	family	COI-5P	657	1422		BGENL2713-24_r_1.3_s_100	None	0	BGENL2713-24	1.3	100	False	False	9995623	210	251	1536	0.0	34.0	13.388671875	13.0
0	1	data/BGE00196_MGE-BGE_r1_1.3_1.5_s50_100.fasta	BGENL2713-24 not in BOLD	None	BLAST	family	COI-5P	657	1371		BGENL2713-24_r_1.5_s_50	None	0	BGENL2713-24	1.5	50	False	False	9995623	248	251	1536	0.0	36.0	13.7109375	14.0
0	1	data/BGE00196_MGE-BGE_r1_1.3_1.5_s50_100.fasta	BGENL2713-24 not in BOLD	None	BLAST	family	COI-5P	657	1371		BGENL2713-24_r_1.5_s_100	None	0	BGENL2713-24	1.5	100	False	False	9995623	192	251	1536	0.0	33.0	12.015625	12.0
16	41	data/BGE00196_MGE-BGE_r1_1.3_1.5_s50_100.fasta	BGENL2714-24 not in BOLD	None	BLAST	family	COI-5P	653	1533		BGENL2714-24_r_1_s_50	None	0	BGENL2714-24	1	50	False	False	5751624	583	73	1536	0.0	67.0	31.775390625	26.0
12	26	data/BGE00196_MGE-BGE_r1_1.3_1.5_s50_100.fasta	BGENL2714-24 not in BOLD	None	BLAST	family	COI-5P	655	1533		BGENL2714-24_r_1_s_100	None	0	BGENL2714-24	1	100	False	False	5751624	358	73	1536	0.0	59.0	24.431640625	21.0
0	1	data/BGE00196_MGE-BGE_r1_1.3_1.5_s50_100.fasta	BGENL2714-24 not in BOLD	None	BLAST	family	COI-5P	655	1533		BGENL2714-24_r_1.3_s_50	None	0	BGENL2714-24	1.3	50	False	False	5751624	483	73	1536	0.0	65.0	25.85546875	22.0
0	0	data/BGE00196_MGE-BGE_r1_1.3_1.5_s50_100.fasta	BGENL2714-24 not in BOLD	None	BLAST	family	COI-5P	656	1533		BGENL2714-24_r_1.3_s_100	None	0	BGENL2714-24	1.3	100	False	False	5751624	318	73	1536	0.0	56.0	20.6640625	18.0
0	0	data/BGE00196_MGE-BGE_r1_1.3_1.5_s50_100.fasta	BGENL2714-24 not in BOLD	None	BLAST	family	COI-5P	656	1524		BGENL2714-24_r_1.5_s_50	None	0	BGENL2714-24	1.5	50	False	False	5751624	348	73	1536	0.0	61.0	18.59375	15.0
0	0	data/BGE00196_MGE-BGE_r1_1.3_1.5_s50_100.fasta	BGENL2714-24 not in BOLD	None	BLAST	family	COI-5P	656	1479		BGENL2714-24_r_1.5_s_100	None	0	BGENL2714-24	1.5	100	False	False	5751624	242	73	1536	0.0	53.0	15.359375	12.0
13	32	data/BGE00196_MGE-BGE_r1_1.3_1.5_s50_100.fasta	BGENL2715-24 not in BOLD	None	BLAST	family	COI-5P	656	1536		BGENL2715-24_r_1_s_50	None	0	BGENL2715-24	1	50	False	False	9128492	366	42	1536	2.0	35.0	14.8359375	14.0
8	24	data/BGE00196_MGE-BGE_r1_1.3_1.5_s50_100.fasta	BGENL2715-24 not in BOLD	None	BLAST	family	COI-5P	657	1533		BGENL2715-24_r_1_s_100	None	0	BGENL2715-24	1	100	False	False	9128492	131	42	1536	0.0	19.0	7.091796875	6.0
0	0	data/BGE00196_MGE-BGE_r1_1.3_1.5_s50_100.fasta	BGENL2715-24 not in BOLD	None	BLAST	family	COI-5P	657	1521		BGENL2715-24_r_1.3_s_50	None	0	BGENL2715-24	1.3	50	False	False	9128492	277	42	1536	0.0	31.0	10.685546875	10.0
0	0	data/BGE00196_MGE-BGE_r1_1.3_1.5_s50_100.fasta	BGENL2715-24 not in BOLD	None	BLAST	family	COI-5P	657	1482		BGENL2715-24_r_1.3_s_100	None	0	BGENL2715-24	1.3	100	False	False	9128492	114	42	1536	0.0	19.0	5.52734375	5.0
0	0	data/BGE00196_MGE-BGE_r1_1.3_1.5_s50_100.fasta	BGENL2715-24 not in BOLD	None	BLAST	family	COI-5P	657	1347		BGENL2715-24_r_1.5_s_50	None	0	BGENL2715-24	1.5	50	False	False	9128492	211	42	1536	0.0	23.0	8.287109375	8.0
0	1	data/BGE00196_MGE-BGE_r1_1.3_1.5_s50_100.fasta	BGENL2715-24 not in BOLD	None	BLAST	family	COI-5P	657	1281		BGENL2715-24_r_1.5_s_100	None	0	BGENL2715-24	1.5	100	False	False	9128492	102	42	1536	0.0	19.0	4.83203125	4.5
0	0	data/BGE00196_MGE-BGE_r1_1.3_1.5_s50_100.fasta	BGENL2716-24 not in BOLD	None	BLAST	family	COI-5P	655	1536		BGENL2716-24_r_1_s_50	None	0	BGENL2716-24	1	50	False	False	8364686	2265	161	1536	64.0	204.0	120.21875	114.0
0	0	data/BGE00196_MGE-BGE_r1_1.3_1.5_s50_100.fasta	BGENL2716-24 not in BOLD	None	BLAST	family	COI-5P	655	1536		BGENL2716-24_r_1_s_100	None	0	BGENL2716-24	1	100	False	False	8364686	1579	161	1536	50.0	167.0	96.376953125	91.0
0	0	data/BGE00196_MGE-BGE_r1_1.3_1.5_s50_100.fasta	BGENL2716-24 not in BOLD	None	BLAST	family	COI-5P	655	1536		BGENL2716-24_r_1.3_s_50	None	0	BGENL2716-24	1.3	50	False	False	8364686	1969	161	1536	24.0	202.0	104.19140625	102.0
0	0	data/BGE00196_MGE-BGE_r1_1.3_1.5_s50_100.fasta	BGENL2716-24 not in BOLD	None	BLAST	family	COI-5P	655	1536		BGENL2716-24_r_1.3_s_100	None	0	BGENL2716-24	1.3	100	False	False	8364686	1440	161	1536	17.0	165.0	86.57421875	84.0
0	0	data/BGE00196_MGE-BGE_r1_1.3_1.5_s50_100.fasta	BGENL2716-24 not in BOLD	None	BLAST	family	COI-5P	655	1470		BGENL2716-24_r_1.5_s_50	None	0	BGENL2716-24	1.5	50	False	False	8364686	1638	161	1536	0.0	180.0	86.2265625	92.0
0	0	data/BGE00196_MGE-BGE_r1_1.3_1.5_s50_100.fasta	BGENL2716-24 not in BOLD	None	BLAST	family	COI-5P	655	1422		BGENL2716-24_r_1.5_s_100	None	0	BGENL2716-24	1.5	100	False	False	8364686	1237	161	1536	0.0	158.0	73.525390625	79.0
0	0	data/BGE00196_MGE-BGE_r1_1.3_1.5_s50_100.fasta	BGENL2717-24 not in BOLD	None	BLAST	family	COI-5P	655	1536		BGENL2717-24_r_1_s_50	None	0	BGENL2717-24	1	50	False	False	8213754	1733	533	1536	62.0	234.0	107.587890625	103.5
0	0	data/BGE00196_MGE-BGE_r1_1.3_1.5_s50_100.fasta	BGENL2717-24 not in BOLD	None	BLAST	family	COI-5P	655	1536		BGENL2717-24_r_1_s_100	None	0	BGENL2717-24	1	100	False	False	8213754	1281	533	1536	54.0	133.0	92.072265625	93.0
0	0	data/BGE00196_MGE-BGE_r1_1.3_1.5_s50_100.fasta	BGENL2717-24 not in BOLD	None	BLAST	family	COI-5P	655	1536		BGENL2717-24_r_1.3_s_50	None	0	BGENL2717-24	1.3	50	False	False	8213754	1467	533	1536	35.0	144.0	93.28125	92.0
0	0	data/BGE00196_MGE-BGE_r1_1.3_1.5_s50_100.fasta	BGENL2717-24 not in BOLD	None	BLAST	family	COI-5P	655	1536		BGENL2717-24_r_1.3_s_100	None	0	BGENL2717-24	1.3	100	False	False	8213754	1168	533	1536	27.0	133.0	83.396484375	83.0
0	0	data/BGE00196_MGE-BGE_r1_1.3_1.5_s50_100.fasta	BGENL2717-24 not in BOLD	None	BLAST	family	COI-5P	655	1524		BGENL2717-24_r_1.5_s_50	None	0	BGENL2717-24	1.5	50	False	False	8213754	1249	533	1536	0.0	144.0	79.126953125	81.0
0	0	data/BGE00196_MGE-BGE_r1_1.3_1.5_s50_100.fasta	BGENL2717-24 not in BOLD	None	BLAST	family	COI-5P	655	1476		BGENL2717-24_r_1.5_s_100	None	0	BGENL2717-24	1.5	100	False	False	8213754	1011	533	1536	0.0	133.0	71.60546875	74.0
0	0	data/BGE00196_MGE-BGE_r1_1.3_1.5_s50_100.fasta	BGENL2718-24 not in BOLD	None	BLAST	family	COI-5P	655	1536		BGENL2718-24_r_1_s_50	None	0	BGENL2718-24	1	50	False	False	10657159	942	56	1536	25.0	96.0	50.71484375	47.0
0	0	data/BGE00196_MGE-BGE_r1_1.3_1.5_s50_100.fasta	BGENL2718-24 not in BOLD	None	BLAST	family	COI-5P	655	1536		BGENL2718-24_r_1_s_100	None	0	BGENL2718-24	1	100	False	False	10657159	599	56	1536	20.0	70.0	38.765625	37.0
0	0	data/BGE00196_MGE-BGE_r1_1.3_1.5_s50_100.fasta	BGENL2718-24 not in BOLD	None	BLAST	family	COI-5P	655	1536		BGENL2718-24_r_1.3_s_50	None	0	BGENL2718-24	1.3	50	False	False	10657159	775	56	1536	12.0	92.0	42.310546875	41.0
0	0	data/BGE00196_MGE-BGE_r1_1.3_1.5_s50_100.fasta	BGENL2718-24 not in BOLD	None	BLAST	family	COI-5P	655	1536		BGENL2718-24_r_1.3_s_100	None	0	BGENL2718-24	1.3	100	False	False	10657159	550	56	1536	10.0	70.0	34.794921875	34.0
0	0	data/BGE00196_MGE-BGE_r1_1.3_1.5_s50_100.fasta	BGENL2718-24 not in BOLD	None	BLAST	family	COI-5P	655	1524		BGENL2718-24_r_1.5_s_50	None	0	BGENL2718-24	1.5	50	False	False	10657159	644	56	1536	0.0	63.0	34.837890625	36.0
0	0	data/BGE00196_MGE-BGE_r1_1.3_1.5_s50_100.fasta	BGENL2718-24 not in BOLD	None	BLAST	family	COI-5P	655	1476		BGENL2718-24_r_1.5_s_100	None	0	BGENL2718-24	1.5	100	False	False	10657159	467	56	1536	0.0	59.0	29.083984375	31.0
0	0	data/BGE00196_MGE-BGE_r1_1.3_1.5_s50_100.fasta	BGENL2719-24 not in BOLD	None	BLAST	family	COI-5P	657	1524		BGENL2719-24_r_1_s_50	None	0	BGENL2719-24	1	50	False	False	11277193	1165	23	1536	0.0	112.0	78.220703125	80.0
0	0	data/BGE00196_MGE-BGE_r1_1.3_1.5_s50_100.fasta	BGENL2719-24 not in BOLD	None	BLAST	family	COI-5P	657	1521		BGENL2719-24_r_1_s_100	None	0	BGENL2719-24	1	100	False	False	11277193	877	23	1536	0.0	101.0	68.79296875	70.0
0	0	data/BGE00196_MGE-BGE_r1_1.3_1.5_s50_100.fasta	BGENL2719-24 not in BOLD	None	BLAST	family	COI-5P	657	1524		BGENL2719-24_r_1.3_s_50	None	0	BGENL2719-24	1.3	50	False	False	11277193	1012	23	1536	0.0	106.0	71.1875	72.0
0	0	data/BGE00196_MGE-BGE_r1_1.3_1.5_s50_100.fasta	BGENL2719-24 not in BOLD	None	BLAST	family	COI-5P	657	1521		BGENL2719-24_r_1.3_s_100	None	0	BGENL2719-24	1.3	100	False	False	11277193	840	23	1536	0.0	98.0	65.8125	67.0
0	0	data/BGE00196_MGE-BGE_r1_1.3_1.5_s50_100.fasta	BGENL2719-24 not in BOLD	None	BLAST	family	COI-5P	657	1524		BGENL2719-24_r_1.5_s_50	None	0	BGENL2719-24	1.5	50	False	False	11277193	851	23	1536	0.0	87.0	61.46484375	63.0
0	0	data/BGE00196_MGE-BGE_r1_1.3_1.5_s50_100.fasta	BGENL2719-24 not in BOLD	None	BLAST	family	COI-5P	657	1521		BGENL2719-24_r_1.5_s_100	None	0	BGENL2719-24	1.5	100	False	False	11277193	739	23	1536	0.0	82.0	58.07421875	59.0
0	1	data/BGE00196_MGE-BGE_r1_1.3_1.5_s50_100.fasta	BGENL2720-24 not in BOLD	None	BLAST	family	COI-5P	657	1524		BGENL2720-24_r_1_s_50	None	0	BGENL2720-24	1	50	False	False	10859276	1216	400	1536	0.0	118.0	74.083984375	71.0
0	0	data/BGE00196_MGE-BGE_r1_1.3_1.5_s50_100.fasta	BGENL2720-24 not in BOLD	None	BLAST	family	COI-5P	657	1521		BGENL2720-24_r_1_s_100	None	0	BGENL2720-24	1	100	False	False	10859276	866	400	1536	0.0	103.0	62.380859375	61.0
0	0	data/BGE00196_MGE-BGE_r1_1.3_1.5_s50_100.fasta	BGENL2720-24 not in BOLD	None	BLAST	family	COI-5P	657	1524		BGENL2720-24_r_1.3_s_50	None	0	BGENL2720-24	1.3	50	False	False	10859276	1081	400	1536	0.0	110.0	68.396484375	65.0
0	0	data/BGE00196_MGE-BGE_r1_1.3_1.5_s50_100.fasta	BGENL2720-24 not in BOLD	None	BLAST	family	COI-5P	657	1521		BGENL2720-24_r_1.3_s_100	None	0	BGENL2720-24	1.3	100	False	False	10859276	843	400	1536	0.0	98.0	60.615234375	59.0
0	0	data/BGE00196_MGE-BGE_r1_1.3_1.5_s50_100.fasta	BGENL2720-24 not in BOLD	None	BLAST	family	COI-5P	657	1524		BGENL2720-24_r_1.5_s_50	None	0	BGENL2720-24	1.5	50	False	False	10859276	902	400	1536	0.0	102.0	59.25390625	60.0
0	0	data/BGE00196_MGE-BGE_r1_1.3_1.5_s50_100.fasta	BGENL2720-24 not in BOLD	None	BLAST	family	COI-5P	657	1521		BGENL2720-24_r_1.5_s_100	None	0	BGENL2720-24	1.5	100	False	False	10859276	748	400	1536	0.0	93.0	54.509765625	55.0
0	0	data/BGE00196_MGE-BGE_r1_1.3_1.5_s50_100.fasta	BGENL2721-24 not in BOLD	None	BLAST	family	COI-5P	657	1524		BGENL2721-24_r_1_s_50	None	0	BGENL2721-24	1	50	False	False	9442253	1357	358	1536	0.0	184.0	81.0625	75.0
0	0	data/BGE00196_MGE-BGE_r1_1.3_1.5_s50_100.fasta	BGENL2721-24 not in BOLD	None	BLAST	family	COI-5P	657	1521		BGENL2721-24_r_1_s_100	None	0	BGENL2721-24	1	100	False	False	9442253	978	358	1536	0.0	164.0	68.21484375	62.0
0	0	data/BGE00196_MGE-BGE_r1_1.3_1.5_s50_100.fasta	BGENL2721-24 not in BOLD	None	BLAST	family	COI-5P	657	1524		BGENL2721-24_r_1.3_s_50	None	0	BGENL2721-24	1.3	50	False	False	9442253	1174	358	1536	0.0	158.0	71.984375	65.0
0	0	data/BGE00196_MGE-BGE_r1_1.3_1.5_s50_100.fasta	BGENL2721-24 not in BOLD	None	BLAST	family	COI-5P	657	1521		BGENL2721-24_r_1.3_s_100	None	0	BGENL2721-24	1.3	100	False	False	9442253	921	358	1536	0.0	152.0	63.755859375	57.0
0	0	data/BGE00196_MGE-BGE_r1_1.3_1.5_s50_100.fasta	BGENL2721-24 not in BOLD	None	BLAST	family	COI-5P	657	1521		BGENL2721-24_r_1.5_s_50	None	0	BGENL2721-24	1.5	50	False	False	9442253	952	358	1536	0.0	134.0	60.205078125	55.0
0	0	data/BGE00196_MGE-BGE_r1_1.3_1.5_s50_100.fasta	BGENL2721-24 not in BOLD	None	BLAST	family	COI-5P	657	1521		BGENL2721-24_r_1.5_s_100	None	0	BGENL2721-24	1.5	100	False	False	9442253	790	358	1536	0.0	131.0	55.103515625	49.0
0	0	data/BGE00196_MGE-BGE_r1_1.3_1.5_s50_100.fasta	BGENL2722-24 not in BOLD	None	BLAST	family	COI-5P	656	1530		BGENL2722-24_r_1_s_50	None	0	BGENL2722-24	1	50	False	False	9319653	1585	34	1536	0.0	160.0	95.65234375	92.0
0	0	data/BGE00196_MGE-BGE_r1_1.3_1.5_s50_100.fasta	BGENL2722-24 not in BOLD	None	BLAST	family	COI-5P	656	1527		BGENL2722-24_r_1_s_100	None	0	BGENL2722-24	1	100	False	False	9319653	1097	34	1536	0.0	131.0	79.65625	80.0
0	0	data/BGE00196_MGE-BGE_r1_1.3_1.5_s50_100.fasta	BGENL2722-24 not in BOLD	None	BLAST	family	COI-5P	656	1527		BGENL2722-24_r_1.3_s_50	None	0	BGENL2722-24	1.3	50	False	False	9319653	1416	34	1536	0.0	148.0	88.107421875	85.0
0	0	data/BGE00196_MGE-BGE_r1_1.3_1.5_s50_100.fasta	BGENL2722-24 not in BOLD	None	BLAST	family	COI-5P	656	1524		BGENL2722-24_r_1.3_s_100	None	0	BGENL2722-24	1.3	100	False	False	9319653	1072	34	1536	0.0	126.0	77.208984375	76.0
0	0	data/BGE00196_MGE-BGE_r1_1.3_1.5_s50_100.fasta	BGENL2722-24 not in BOLD	None	BLAST	family	COI-5P	656	1524		BGENL2722-24_r_1.5_s_50	None	0	BGENL2722-24	1.5	50	False	False	9319653	1228	34	1536	0.0	132.0	79.662109375	80.0
0	0	data/BGE00196_MGE-BGE_r1_1.3_1.5_s50_100.fasta	BGENL2722-24 not in BOLD	None	BLAST	family	COI-5P	656	1524		BGENL2722-24_r_1.5_s_100	None	0	BGENL2722-24	1.5	100	False	False	9319653	1007	34	1536	0.0	111.0	72.869140625	74.0
15	54	data/BGE00196_MGE-BGE_r1_1.3_1.5_s50_100.fasta	BGENL2723-24 not in BOLD	None	BLAST	family	COI-5P	180	753		BGENL2723-24_r_1_s_50	None	0	BGENL2723-24	1	50	False	False	198974	18	27	1536	0.0	8.0	1.62109375	0.0
18	58	data/BGE00196_MGE-BGE_r1_1.3_1.5_s50_100.fasta	BGENL2723-24 not in BOLD	None	BLAST	family	COI-5P	169	663		BGENL2723-24_r_1_s_100	None	0	BGENL2723-24	1	100	False	False	198974	13	27	1536	0.0	8.0	1.4296875	0.0
0	0	data/BGE00196_MGE-BGE_r1_1.3_1.5_s50_100.fasta	BGENL2723-24 not in BOLD	None	BLAST	family	COI-5P	37	135		BGENL2723-24_r_1.3_s_50	None	0	BGENL2723-24	1.3	50	False	False	198974	2	27	1536	0.0	1.0	0.087890625	0.0
0	0	data/BGE00196_MGE-BGE_r1_1.3_1.5_s50_100.fasta	BGENL2723-24 not in BOLD	None	BLAST	family	COI-5P	39	96		BGENL2723-24_r_1.3_s_100	None	0	BGENL2723-24	1.3	100	False	False	198974	1	27	1536	0.0	1.0	0.0625	0.0
0	0	data/BGE00196_MGE-BGE_r1_1.3_1.5_s50_100.fasta	BGENL2723-24 not in BOLD	None	BLAST	family	COI-5P	39	96		BGENL2723-24_r_1.5_s_50	None	0	BGENL2723-24	1.5	50	False	False	198974	1	27	1536	0.0	1.0	0.0625	0.0
0	0	data/BGE00196_MGE-BGE_r1_1.3_1.5_s50_100.fasta	BGENL2723-24 not in BOLD	None	BLAST	family	COI-5P	39	96		BGENL2723-24_r_1.5_s_100	None	0	BGENL2723-24	1.5	100	False	False	198974	1	27	1536	0.0	1.0	0.0625	0.0
0	0	data/BGE00196_MGE-BGE_r1_1.3_1.5_s50_100.fasta	BGENL2724-24 not in BOLD	None	BLAST	family	COI-5P	657	1521		BGENL2724-24_r_1_s_50	None	0	BGENL2724-24	1	50	False	False	9605932	2283	55	1536	0.0	237.0	167.03515625	168.0
0	0	data/BGE00196_MGE-BGE_r1_1.3_1.5_s50_100.fasta	BGENL2724-24 not in BOLD	None	BLAST	family	COI-5P	657	1521		BGENL2724-24_r_1_s_100	None	0	BGENL2724-24	1	100	False	False	9605932	1950	55	1536	0.0	227.0	156.375	159.0
0	0	data/BGE00196_MGE-BGE_r1_1.3_1.5_s50_100.fasta	BGENL2724-24 not in BOLD	None	BLAST	family	COI-5P	657	1521		BGENL2724-24_r_1.3_s_50	None	0	BGENL2724-24	1.3	50	False	False	9605932	2182	55	1536	0.0	237.0	161.9609375	165.0
0	0	data/BGE00196_MGE-BGE_r1_1.3_1.5_s50_100.fasta	BGENL2724-24 not in BOLD	None	BLAST	family	COI-5P	657	1521		BGENL2724-24_r_1.3_s_100	None	0	BGENL2724-24	1.3	100	False	False	9605932	1925	55	1536	0.0	227.0	153.939453125	158.0
0	0	data/BGE00196_MGE-BGE_r1_1.3_1.5_s50_100.fasta	BGENL2724-24 not in BOLD	None	BLAST	family	COI-5P	657	1521		BGENL2724-24_r_1.5_s_50	None	0	BGENL2724-24	1.5	50	False	False	9605932	1956	55	1536	0.0	229.0	147.640625	148.0
0	0	data/BGE00196_MGE-BGE_r1_1.3_1.5_s50_100.fasta	BGENL2724-24 not in BOLD	None	BLAST	family	COI-5P	657	1521		BGENL2724-24_r_1.5_s_100	None	0	BGENL2724-24	1.5	100	False	False	9605932	1770	55	1536	0.0	223.0	142.0	143.5
0	0	data/BGE00196_MGE-BGE_r1_1.3_1.5_s50_100.fasta	BGENL2725-24 not in BOLD	None	BLAST	family	COI-5P	657	1533		BGENL2725-24_r_1_s_50	None	0	BGENL2725-24	1	50	False	False	8447288	2589	158	1536	0.0	241.0	191.8203125	191.0
0	0	data/BGE00196_MGE-BGE_r1_1.3_1.5_s50_100.fasta	BGENL2725-24 not in BOLD	None	BLAST	family	COI-5P	657	1530		BGENL2725-24_r_1_s_100	None	0	BGENL2725-24	1	100	False	False	8447288	2245	158	1536	0.0	229.0	180.849609375	183.0
0	0	data/BGE00196_MGE-BGE_r1_1.3_1.5_s50_100.fasta	BGENL2725-24 not in BOLD	None	BLAST	family	COI-5P	657	1530		BGENL2725-24_r_1.3_s_50	None	0	BGENL2725-24	1.3	50	False	False	8447288	2515	158	1536	0.0	236.0	189.23828125	189.0
0	0	data/BGE00196_MGE-BGE_r1_1.3_1.5_s50_100.fasta	BGENL2725-24 not in BOLD	None	BLAST	family	COI-5P	657	1530		BGENL2725-24_r_1.3_s_100	None	0	BGENL2725-24	1.3	100	False	False	8447288	2241	158	1536	0.0	229.0	180.587890625	183.0
0	0	data/BGE00196_MGE-BGE_r1_1.3_1.5_s50_100.fasta	BGENL2725-24 not in BOLD	None	BLAST	family	COI-5P	657	1530		BGENL2725-24_r_1.5_s_50	None	0	BGENL2725-24	1.5	50	False	False	8447288	2314	158	1536	0.0	231.0	175.77734375	183.0
0	0	data/BGE00196_MGE-BGE_r1_1.3_1.5_s50_100.fasta	BGENL2725-24 not in BOLD	None	BLAST	family	COI-5P	657	1530		BGENL2725-24_r_1.5_s_100	None	0	BGENL2725-24	1.5	100	False	False	8447288	2095	158	1536	0.0	229.0	168.998046875	179.0
0	0	data/BGE00196_MGE-BGE_r1_1.3_1.5_s50_100.fasta	BGENL2726-24 not in BOLD	None	BLAST	family	COI-5P	657	1548		BGENL2726-24_r_1_s_50	None	0	BGENL2726-24	1	50	False	False	8306165	1449	842	1548	2.0	157.0	96.33527131782945	99.0
0	0	data/BGE00196_MGE-BGE_r1_1.3_1.5_s50_100.fasta	BGENL2726-24 not in BOLD	None	BLAST	family	COI-5P	657	1527		BGENL2726-24_r_1_s_100	None	0	BGENL2726-24	1	100	False	False	8306165	1038	842	1548	0.0	115.0	83.59689922480621	88.0
0	0	data/BGE00196_MGE-BGE_r1_1.3_1.5_s50_100.fasta	BGENL2726-24 not in BOLD	None	BLAST	family	COI-5P	657	1548		BGENL2726-24_r_1.3_s_50	None	0	BGENL2726-24	1.3	50	False	False	8306165	1128	842	1548	1.0	145.0	75.72674418604652	82.0
0	0	data/BGE00196_MGE-BGE_r1_1.3_1.5_s50_100.fasta	BGENL2726-24 not in BOLD	None	BLAST	family	COI-5P	657	1527		BGENL2726-24_r_1.3_s_100	None	0	BGENL2726-24	1.3	100	False	False	8306165	853	842	1548	0.0	114.0	68.07364341085271	71.0
0	0	data/BGE00196_MGE-BGE_r1_1.3_1.5_s50_100.fasta	BGENL2726-24 not in BOLD	None	BLAST	family	COI-5P	618	1452		BGENL2726-24_r_1.5_s_50	None	0	BGENL2726-24	1.5	50	False	False	8306165	811	842	1548	0.0	110.0	55.645348837209305	62.0
0	0	data/BGE00196_MGE-BGE_r1_1.3_1.5_s50_100.fasta	BGENL2726-24 not in BOLD	None	BLAST	family	COI-5P	618	1398		BGENL2726-24_r_1.5_s_100	None	0	BGENL2726-24	1.5	100	False	False	8306165	651	842	1548	0.0	106.0	51.46705426356589	54.0
0	5	data/BGE00196_MGE-BGE_r1_1.3_1.5_s50_100.fasta	BGENL2727-24 not in BOLD	None	BLAST	family	COI-5P	657	1548		BGENL2727-24_r_1_s_50	None	0	BGENL2727-24	1	50	False	False	7351390	1350	347	1548	2.0	185.0	86.77906976744185	89.0
0	0	data/BGE00196_MGE-BGE_r1_1.3_1.5_s50_100.fasta	BGENL2727-24 not in BOLD	None	BLAST	family	COI-5P	657	1530		BGENL2727-24_r_1_s_100	None	0	BGENL2727-24	1	100	False	False	7351390	920	347	1548	0.0	109.0	73.47286821705427	79.0
0	0	data/BGE00196_MGE-BGE_r1_1.3_1.5_s50_100.fasta	BGENL2727-24 not in BOLD	None	BLAST	family	COI-5P	657	1521		BGENL2727-24_r_1.3_s_50	None	0	BGENL2727-24	1.3	50	False	False	7351390	1070	347	1548	0.0	181.0	69.84883720930233	73.0
0	0	data/BGE00196_MGE-BGE_r1_1.3_1.5_s50_100.fasta	BGENL2727-24 not in BOLD	None	BLAST	family	COI-5P	657	1500		BGENL2727-24_r_1.3_s_100	None	0	BGENL2727-24	1.3	100	False	False	7351390	777	347	1548	0.0	108.0	61.79651162790697	66.0
0	0	data/BGE00196_MGE-BGE_r1_1.3_1.5_s50_100.fasta	BGENL2727-24 not in BOLD	None	BLAST	family	COI-5P	618	1440		BGENL2727-24_r_1.5_s_50	None	0	BGENL2727-24	1.5	50	False	False	7351390	747	347	1548	0.0	110.0	51.05813953488372	60.0
0	0	data/BGE00196_MGE-BGE_r1_1.3_1.5_s50_100.fasta	BGENL2727-24 not in BOLD	None	BLAST	family	COI-5P	609	1380		BGENL2727-24_r_1.5_s_100	None	0	BGENL2727-24	1.5	100	False	False	7351390	587	347	1548	0.0	95.0	46.854651162790695	53.0
0	11	data/BGE00196_MGE-BGE_r1_1.3_1.5_s50_100.fasta	BGENL2728-24 not in BOLD	None	BLAST	family	COI-5P	657	1548		BGENL2728-24_r_1_s_50	None	0	BGENL2728-24	1	50	False	False	8675638	534	357	1548	2.0	122.0	24.800387596899224	21.0
0	2	data/BGE00196_MGE-BGE_r1_1.3_1.5_s50_100.fasta	BGENL2728-24 not in BOLD	None	BLAST	family	COI-5P	657	1527		BGENL2728-24_r_1_s_100	None	0	BGENL2728-24	1	100	False	False	8675638	229	357	1548	0.0	32.0	15.99031007751938	16.0
2	3	data/BGE00196_MGE-BGE_r1_1.3_1.5_s50_100.fasta	BGENL2728-24 not in BOLD	None	BLAST	family	COI-5P	657	1548		BGENL2728-24_r_1.3_s_50	None	0	BGENL2728-24	1.3	50	False	False	8675638	394	357	1548	1.0	105.0	18.579457364341085	16.0
0	2	data/BGE00196_MGE-BGE_r1_1.3_1.5_s50_100.fasta	BGENL2728-24 not in BOLD	None	BLAST	family	COI-5P	657	1527		BGENL2728-24_r_1.3_s_100	None	0	BGENL2728-24	1.3	100	False	False	8675638	189	357	1548	0.0	26.0	13.083333333333334	13.0
0	1	data/BGE00196_MGE-BGE_r1_1.3_1.5_s50_100.fasta	BGENL2728-24 not in BOLD	None	BLAST	family	COI-5P	582	1347		BGENL2728-24_r_1.5_s_50	None	0	BGENL2728-24	1.5	50	False	False	8675638	230	357	1548	0.0	46.0	11.406976744186046	11.0
0	1	data/BGE00196_MGE-BGE_r1_1.3_1.5_s50_100.fasta	BGENL2728-24 not in BOLD	None	BLAST	family	COI-5P	582	1326		BGENL2728-24_r_1.5_s_100	None	0	BGENL2728-24	1.5	100	False	False	8675638	132	357	1548	0.0	25.0	9.042635658914728	9.0
0	0	data/BGE00196_MGE-BGE_r1_1.3_1.5_s50_100.fasta	BGENL2729-24 not in BOLD	None	BLAST	family	COI-5P	656	1518		BGENL2729-24_r_1_s_50	None	0	BGENL2729-24	1	50	False	False	865535	1265	704	1548	0.0	136.0	73.46124031007751	77.0
0	0	data/BGE00196_MGE-BGE_r1_1.3_1.5_s50_100.fasta	BGENL2729-24 not in BOLD	None	BLAST	family	COI-5P	656	1518		BGENL2729-24_r_1_s_100	None	0	BGENL2729-24	1	100	False	False	865535	917	704	1548	0.0	123.0	60.93604651162791	63.0
0	0	data/BGE00196_MGE-BGE_r1_1.3_1.5_s50_100.fasta	BGENL2729-24 not in BOLD	None	BLAST	family	COI-5P	656	1512		BGENL2729-24_r_1.3_s_50	None	0	BGENL2729-24	1.3	50	False	False	865535	1017	704	1548	0.0	117.0	59.060077519379846	65.0
0	0	data/BGE00196_MGE-BGE_r1_1.3_1.5_s50_100.fasta	BGENL2729-24 not in BOLD	None	BLAST	family	COI-5P	656	1512		BGENL2729-24_r_1.3_s_100	None	0	BGENL2729-24	1.3	100	False	False	865535	787	704	1548	0.0	104.0	51.26550387596899	55.0
0	0	data/BGE00196_MGE-BGE_r1_1.3_1.5_s50_100.fasta	BGENL2729-24 not in BOLD	None	BLAST	family	COI-5P	617	1380		BGENL2729-24_r_1.5_s_50	None	0	BGENL2729-24	1.5	50	False	False	865535	752	704	1548	0.0	113.0	43.798449612403104	48.0
0	0	data/BGE00196_MGE-BGE_r1_1.3_1.5_s50_100.fasta	BGENL2729-24 not in BOLD	None	BLAST	family	COI-5P	608	1371		BGENL2729-24_r_1.5_s_100	None	0	BGENL2729-24	1.5	100	False	False	865535	623	704	1548	0.0	100.0	39.61821705426357	43.0
2	6	data/BGE00196_MGE-BGE_r1_1.3_1.5_s50_100.fasta	BGENL2730-24 not in BOLD	None	BLAST	family	COI-5P	656	1545		BGENL2730-24_r_1_s_50	None	0	BGENL2730-24	1	50	False	False	9508184	1066	149	1548	0.0	101.0	64.56201550387597	66.0
0	0	data/BGE00196_MGE-BGE_r1_1.3_1.5_s50_100.fasta	BGENL2730-24 not in BOLD	None	BLAST	family	COI-5P	656	1524		BGENL2730-24_r_1_s_100	None	0	BGENL2730-24	1	100	False	False	9508184	728	149	1548	0.0	82.0	53.406976744186046	55.0
1	1	data/BGE00196_MGE-BGE_r1_1.3_1.5_s50_100.fasta	BGENL2730-24 not in BOLD	None	BLAST	family	COI-5P	656	1545		BGENL2730-24_r_1.3_s_50	None	0	BGENL2730-24	1.3	50	False	False	9508184	834	149	1548	0.0	87.0	51.97286821705426	55.0
0	0	data/BGE00196_MGE-BGE_r1_1.3_1.5_s50_100.fasta	BGENL2730-24 not in BOLD	None	BLAST	family	COI-5P	656	1524		BGENL2730-24_r_1.3_s_100	None	0	BGENL2730-24	1.3	100	False	False	9508184	626	149	1548	0.0	79.0	45.57170542635659	48.0
0	0	data/BGE00196_MGE-BGE_r1_1.3_1.5_s50_100.fasta	BGENL2730-24 not in BOLD	None	BLAST	family	COI-5P	635	1431		BGENL2730-24_r_1.5_s_50	None	0	BGENL2730-24	1.5	50	False	False	9508184	574	149	1548	0.0	87.0	36.810077519379846	41.0
0	0	data/BGE00196_MGE-BGE_r1_1.3_1.5_s50_100.fasta	BGENL2730-24 not in BOLD	None	BLAST	family	COI-5P	635	1431		BGENL2730-24_r_1.5_s_100	None	0	BGENL2730-24	1.5	100	False	False	9508184	466	149	1548	0.0	77.0	33.627906976744185	36.0
36	49	data/BGE00196_MGE-BGE_r1_1.3_1.5_s50_100.fasta	BGENL2731-24 not in BOLD	None	BLAST	family	COI-5P	656	1539		BGENL2731-24_r_1_s_50	None	0	BGENL2731-24	1	50	False	False	12499915	470	20	1548	0.0	80.0	24.95736434108527	22.5
16	35	data/BGE00196_MGE-BGE_r1_1.3_1.5_s50_100.fasta	BGENL2731-24 not in BOLD	None	BLAST	family	COI-5P	655	1524		BGENL2731-24_r_1_s_100	None	0	BGENL2731-24	1	100	False	False	12499915	234	20	1548	0.0	39.0	17.67248062015504	18.0
7	13	data/BGE00196_MGE-BGE_r1_1.3_1.5_s50_100.fasta	BGENL2731-24 not in BOLD	None	BLAST	family	COI-5P	656	1527		BGENL2731-24_r_1.3_s_50	None	0	BGENL2731-24	1.3	50	False	False	12499915	264	20	1548	0.0	58.0	14.998062015503876	13.0
3	5	data/BGE00196_MGE-BGE_r1_1.3_1.5_s50_100.fasta	BGENL2731-24 not in BOLD	None	BLAST	family	COI-5P	656	1512		BGENL2731-24_r_1.3_s_100	None	0	BGENL2731-24	1.3	100	False	False	12499915	164	20	1548	0.0	37.0	12.375968992248062	12.0
3	7	data/BGE00196_MGE-BGE_r1_1.3_1.5_s50_100.fasta	BGENL2731-24 not in BOLD	None	BLAST	family	COI-5P	563	1326		BGENL2731-24_r_1.5_s_50	None	0	BGENL2731-24	1.5	50	False	False	12499915	168	20	1548	0.0	44.0	9.893410852713178	8.0
2	4	data/BGE00196_MGE-BGE_r1_1.3_1.5_s50_100.fasta	BGENL2731-24 not in BOLD	None	BLAST	family	COI-5P	536	1284		BGENL2731-24_r_1.5_s_100	None	0	BGENL2731-24	1.5	100	False	False	12499915	110	20	1548	0.0	32.0	8.527131782945736	7.0
0	2	data/BGE00196_MGE-BGE_r1_1.3_1.5_s50_100.fasta	BGENL2732-24 not in BOLD	None	BLAST	family	COI-5P	656	1536		BGENL2732-24_r_1_s_50	None	0	BGENL2732-24	1	50	False	False	10697234	4688	477	1548	0.0	573.0	367.7267441860465	369.0
0	0	data/BGE00196_MGE-BGE_r1_1.3_1.5_s50_100.fasta	BGENL2732-24 not in BOLD	None	BLAST	family	COI-5P	656	1518		BGENL2732-24_r_1_s_100	None	0	BGENL2732-24	1	100	False	False	10697234	4091	477	1548	0.0	546.0	347.2906976744186	348.0
0	0	data/BGE00196_MGE-BGE_r1_1.3_1.5_s50_100.fasta	BGENL2732-24 not in BOLD	None	BLAST	family	COI-5P	656	1536		BGENL2732-24_r_1.3_s_50	None	0	BGENL2732-24	1.3	50	False	False	10697234	4075	477	1548	0.0	571.0	320.9108527131783	334.0
0	0	data/BGE00196_MGE-BGE_r1_1.3_1.5_s50_100.fasta	BGENL2732-24 not in BOLD	None	BLAST	family	COI-5P	656	1518		BGENL2732-24_r_1.3_s_100	None	0	BGENL2732-24	1.3	100	False	False	10697234	3625	477	1548	0.0	545.0	306.5174418604651	318.5
0	0	data/BGE00196_MGE-BGE_r1_1.3_1.5_s50_100.fasta	BGENL2732-24 not in BOLD	None	BLAST	family	COI-5P	650	1479		BGENL2732-24_r_1.5_s_50	None	0	BGENL2732-24	1.5	50	False	False	10697234	3105	477	1548	0.0	532.0	247.37596899224806	297.5
0	0	data/BGE00196_MGE-BGE_r1_1.3_1.5_s50_100.fasta	BGENL2732-24 not in BOLD	None	BLAST	family	COI-5P	644	1473		BGENL2732-24_r_1.5_s_100	None	0	BGENL2732-24	1.5	100	False	False	10697234	2825	477	1548	0.0	523.0	239.0639534883721	279.0
0	0	data/BGE00196_MGE-BGE_r1_1.3_1.5_s50_100.fasta	BGENL2733-24 not in BOLD	None	BLAST	family	COI-5P	657	1536		BGENL2733-24_r_1_s_50	None	0	BGENL2733-24	1	50	False	False	7557796	697	37	1542	0.0	89.0	44.717898832684824	42.5
0	0	data/BGE00196_MGE-BGE_r1_1.3_1.5_s50_100.fasta	BGENL2733-24 not in BOLD	None	BLAST	family	COI-5P	657	1536		BGENL2733-24_r_1_s_100	None	0	BGENL2733-24	1	100	False	False	7557796	515	37	1542	0.0	75.0	38.61673151750973	37.0
0	0	data/BGE00196_MGE-BGE_r1_1.3_1.5_s50_100.fasta	BGENL2733-24 not in BOLD	None	BLAST	family	COI-5P	657	1536		BGENL2733-24_r_1.3_s_50	None	0	BGENL2733-24	1.3	50	False	False	7557796	591	37	1542	0.0	72.0	39.797665369649806	39.0
0	0	data/BGE00196_MGE-BGE_r1_1.3_1.5_s50_100.fasta	BGENL2733-24 not in BOLD	None	BLAST	family	COI-5P	657	1536		BGENL2733-24_r_1.3_s_100	None	0	BGENL2733-24	1.3	100	False	False	7557796	485	37	1542	0.0	69.0	36.505836575875485	35.0
0	0	data/BGE00196_MGE-BGE_r1_1.3_1.5_s50_100.fasta	BGENL2733-24 not in BOLD	None	BLAST	family	COI-5P	657	1536		BGENL2733-24_r_1.5_s_50	None	0	BGENL2733-24	1.5	50	False	False	7557796	451	37	1542	0.0	48.0	31.171206225680933	33.0
0	0	data/BGE00196_MGE-BGE_r1_1.3_1.5_s50_100.fasta	BGENL2733-24 not in BOLD	None	BLAST	family	COI-5P	657	1536		BGENL2733-24_r_1.5_s_100	None	0	BGENL2733-24	1.5	100	False	False	7557796	389	37	1542	0.0	45.0	29.398832684824903	31.0
0	0	data/BGE00196_MGE-BGE_r1_1.3_1.5_s50_100.fasta	BGENL2734-24 not in BOLD	None	BLAST	family	COI-5P	656	1542		BGENL2734-24_r_1_s_50	None	0	BGENL2734-24	1	50	False	False	10550741	2413	29	1542	90.0	261.0	144.06614785992218	139.0
0	0	data/BGE00196_MGE-BGE_r1_1.3_1.5_s50_100.fasta	BGENL2734-24 not in BOLD	None	BLAST	family	COI-5P	656	1542		BGENL2734-24_r_1_s_100	None	0	BGENL2734-24	1	100	False	False	10550741	1857	29	1542	67.0	233.0	126.84046692607004	124.0
0	0	data/BGE00196_MGE-BGE_r1_1.3_1.5_s50_100.fasta	BGENL2734-24 not in BOLD	None	BLAST	family	COI-5P	656	1542		BGENL2734-24_r_1.3_s_50	None	0	BGENL2734-24	1.3	50	False	False	10550741	2264	29	1542	83.0	258.0	138.72373540856032	134.0
0	0	data/BGE00196_MGE-BGE_r1_1.3_1.5_s50_100.fasta	BGENL2734-24 not in BOLD	None	BLAST	family	COI-5P	656	1542		BGENL2734-24_r_1.3_s_100	None	0	BGENL2734-24	1.3	100	False	False	10550741	1845	29	1542	67.0	233.0	126.08171206225681	124.0
0	0	data/BGE00196_MGE-BGE_r1_1.3_1.5_s50_100.fasta	BGENL2734-24 not in BOLD	None	BLAST	family	COI-5P	656	1542		BGENL2734-24_r_1.5_s_50	None	0	BGENL2734-24	1.5	50	False	False	10550741	2014	29	1542	22.0	249.0	126.34630350194553	128.0
0	0	data/BGE00196_MGE-BGE_r1_1.3_1.5_s50_100.fasta	BGENL2734-24 not in BOLD	None	BLAST	family	COI-5P	656	1542		BGENL2734-24_r_1.5_s_100	None	0	BGENL2734-24	1.5	100	False	False	10550741	1705	29	1542	22.0	229.0	117.24124513618678	119.5
0	0	data/BGE00196_MGE-BGE_r1_1.3_1.5_s50_100.fasta	BGENL2735-24 not in BOLD	None	BLAST	family	COI-5P	656	1542		BGENL2735-24_r_1_s_50	None	0	BGENL2735-24	1	50	False	False	9208990	1798	57	1542	37.0	138.0	88.99805447470817	87.0
0	0	data/BGE00196_MGE-BGE_r1_1.3_1.5_s50_100.fasta	BGENL2735-24 not in BOLD	None	BLAST	family	COI-5P	656	1542		BGENL2735-24_r_1_s_100	None	0	BGENL2735-24	1	100	False	False	9208990	1203	57	1542	18.0	106.0	70.23151750972762	68.0
0	0	data/BGE00196_MGE-BGE_r1_1.3_1.5_s50_100.fasta	BGENL2735-24 not in BOLD	None	BLAST	family	COI-5P	656	1542		BGENL2735-24_r_1.3_s_50	None	0	BGENL2735-24	1.3	50	False	False	9208990	1684	57	1542	37.0	131.0	83.61089494163424	81.0
0	0	data/BGE00196_MGE-BGE_r1_1.3_1.5_s50_100.fasta	BGENL2735-24 not in BOLD	None	BLAST	family	COI-5P	656	1542		BGENL2735-24_r_1.3_s_100	None	0	BGENL2735-24	1.3	100	False	False	9208990	1183	57	1542	18.0	101.0	68.14980544747081	66.0
0	0	data/BGE00196_MGE-BGE_r1_1.3_1.5_s50_100.fasta	BGENL2735-24 not in BOLD	None	BLAST	family	COI-5P	656	1542		BGENL2735-24_r_1.5_s_50	None	0	BGENL2735-24	1.5	50	False	False	9208990	1470	57	1542	3.0	130.0	73.39494163424125	73.0
0	0	data/BGE00196_MGE-BGE_r1_1.3_1.5_s50_100.fasta	BGENL2735-24 not in BOLD	None	BLAST	family	COI-5P	656	1542		BGENL2735-24_r_1.5_s_100	None	0	BGENL2735-24	1.5	100	False	False	9208990	1076	57	1542	3.0	100.0	61.57198443579767	62.0
18	59	data/BGE00196_MGE-BGE_r1_1.3_1.5_s50_100.fasta	BGENL2736-24 not in BOLD	None	BLAST	family	COI-5P	655	1554		BGENL2736-24_r_1_s_50	None	0	BGENL2736-24	1	50	False	False	5258070	362	196	1554	4.0	59.0	17.24903474903475	14.0
5	47	data/BGE00196_MGE-BGE_r1_1.3_1.5_s50_100.fasta	BGENL2736-24 not in BOLD	None	BLAST	family	COI-5P	628	1527		BGENL2736-24_r_1_s_100	None	0	BGENL2736-24	1	100	False	False	5258070	171	196	1554	0.0	46.0	11.063706563706564	7.0
9	20	data/BGE00196_MGE-BGE_r1_1.3_1.5_s50_100.fasta	BGENL2736-24 not in BOLD	None	BLAST	family	COI-5P	655	1554		BGENL2736-24_r_1.3_s_50	None	0	BGENL2736-24	1.3	50	False	False	5258070	259	196	1554	1.0	50.0	10.494208494208495	8.0
7	22	data/BGE00196_MGE-BGE_r1_1.3_1.5_s50_100.fasta	BGENL2736-24 not in BOLD	None	BLAST	family	COI-5P	628	1527		BGENL2736-24_r_1.3_s_100	None	0	BGENL2736-24	1.3	100	False	False	5258070	127	196	1554	0.0	37.0	6.621621621621622	3.0
0	2	data/BGE00196_MGE-BGE_r1_1.3_1.5_s50_100.fasta	BGENL2736-24 not in BOLD	None	BLAST	family	COI-5P	617	1464		BGENL2736-24_r_1.5_s_50	None	0	BGENL2736-24	1.5	50	False	False	5258070	225	196	1554	0.0	41.0	8.666023166023166	7.0
0	1	data/BGE00196_MGE-BGE_r1_1.3_1.5_s50_100.fasta	BGENL2736-24 not in BOLD	None	BLAST	family	COI-5P	566	1389		BGENL2736-24_r_1.5_s_100	None	0	BGENL2736-24	1.5	100	False	False	5258070	110	196	1554	0.0	34.0	5.382239382239383	3.0
12	21	data/BGE00196_MGE-BGE_r1_1.3_1.5_s50_100.fasta	BGENL2737-24 not in BOLD	None	BLAST	family	COI-5P	259	906		BGENL2737-24_r_1_s_50	None	0	BGENL2737-24	1	50	False	False	293459	31	101	1554	0.0	13.0	2.391891891891892	1.0
11	17	data/BGE00196_MGE-BGE_r1_1.3_1.5_s50_100.fasta	BGENL2737-24 not in BOLD	None	BLAST	family	COI-5P	256	717		BGENL2737-24_r_1_s_100	None	0	BGENL2737-24	1	100	False	False	293459	19	101	1554	0.0	10.0	2.027027027027027	0.0
1	1	data/BGE00196_MGE-BGE_r1_1.3_1.5_s50_100.fasta	BGENL2737-24 not in BOLD	None	BLAST	family	COI-5P	146	546		BGENL2737-24_r_1.3_s_50	None	0	BGENL2737-24	1.3	50	False	False	293459	11	101	1554	0.0	3.0	0.5115830115830116	0.0
1	1	data/BGE00196_MGE-BGE_r1_1.3_1.5_s50_100.fasta	BGENL2737-24 not in BOLD	None	BLAST	family	COI-5P	147	273		BGENL2737-24_r_1.3_s_100	None	0	BGENL2737-24	1.3	100	False	False	293459	3	101	1554	0.0	2.0	0.2702702702702703	0.0
0	0	data/BGE00196_MGE-BGE_r1_1.3_1.5_s50_100.fasta	BGENL2737-24 not in BOLD	None	BLAST	family	COI-5P	33	198		BGENL2737-24_r_1.5_s_50	None	0	BGENL2737-24	1.5	50	False	False	293459	5	101	1554	0.0	2.0	0.15637065637065636	0.0
None	0	data/BGE00196_MGE-BGE_r1_1.3_1.5_s50_100.fasta	BGENL2737-24 not in BOLD	None	BLAST	family	COI-5P	None	0		BGENL2737-24_r_1.5_s_100	None	0	BGENL2737-24	1.5	100	False	False	293459	0	101	1554	0	0	0	0
13	35	data/BGE00196_MGE-BGE_r1_1.3_1.5_s50_100.fasta	BGENL2738-24 not in BOLD	None	BLAST	family	COI-5P	655	1554		BGENL2738-24_r_1_s_50	None	0	BGENL2738-24	1	50	False	False	1345112	757	305	1554	7.0	116.0	37.47876447876448	29.5
17	56	data/BGE00196_MGE-BGE_r1_1.3_1.5_s50_100.fasta	BGENL2738-24 not in BOLD	None	BLAST	family	COI-5P	655	1554		BGENL2738-24_r_1_s_100	None	0	BGENL2738-24	1	100	False	False	1345112	457	305	1554	2.0	96.0	27.46718146718147	21.0
4	4	data/BGE00196_MGE-BGE_r1_1.3_1.5_s50_100.fasta	BGENL2738-24 not in BOLD	None	BLAST	family	COI-5P	655	1554		BGENL2738-24_r_1.3_s_50	None	0	BGENL2738-24	1.3	50	False	False	1345112	609	305	1554	2.0	96.0	27.156370656370655	23.0
6	6	data/BGE00196_MGE-BGE_r1_1.3_1.5_s50_100.fasta	BGENL2738-24 not in BOLD	None	BLAST	family	COI-5P	655	1554		BGENL2738-24_r_1.3_s_100	None	0	BGENL2738-24	1.3	100	False	False	1345112	370	305	1554	1.0	75.0	19.51930501930502	15.0
1	1	data/BGE00196_MGE-BGE_r1_1.3_1.5_s50_100.fasta	BGENL2738-24 not in BOLD	None	BLAST	family	COI-5P	623	1515		BGENL2738-24_r_1.5_s_50	None	0	BGENL2738-24	1.5	50	False	False	1345112	550	305	1554	0.0	95.0	24.08880308880309	21.0
0	0	data/BGE00196_MGE-BGE_r1_1.3_1.5_s50_100.fasta	BGENL2738-24 not in BOLD	None	BLAST	family	COI-5P	623	1515		BGENL2738-24_r_1.5_s_100	None	0	BGENL2738-24	1.5	100	False	False	1345112	351	305	1554	0.0	74.0	17.866795366795365	13.0
0	2	data/BGE00196_MGE-BGE_r1_1.3_1.5_s50_100.fasta	BGENL2739-24 not in BOLD	None	BLAST	family	COI-5P	657	1542		BGENL2739-24_r_1_s_50	None	0	BGENL2739-24	1	50	False	False	7277746	597	250	1554	0.0	63.0	36.5945945945946	37.0
0	0	data/BGE00196_MGE-BGE_r1_1.3_1.5_s50_100.fasta	BGENL2739-24 not in BOLD	None	BLAST	family	COI-5P	657	1542		BGENL2739-24_r_1_s_100	None	0	BGENL2739-24	1	100	False	False	7277746	443	250	1554	0.0	54.0	31.698841698841697	32.0
0	1	data/BGE00196_MGE-BGE_r1_1.3_1.5_s50_100.fasta	BGENL2739-24 not in BOLD	None	BLAST	family	COI-5P	657	1542		BGENL2739-24_r_1.3_s_50	None	0	BGENL2739-24	1.3	50	False	False	7277746	549	250	1554	0.0	58.0	34.656370656370655	33.5
0	0	data/BGE00196_MGE-BGE_r1_1.3_1.5_s50_100.fasta	BGENL2739-24 not in BOLD	None	BLAST	family	COI-5P	657	1542		BGENL2739-24_r_1.3_s_100	None	0	BGENL2739-24	1.3	100	False	False	7277746	433	250	1554	0.0	53.0	31.04826254826255	31.0
0	1	data/BGE00196_MGE-BGE_r1_1.3_1.5_s50_100.fasta	BGENL2739-24 not in BOLD	None	BLAST	family	COI-5P	657	1542		BGENL2739-24_r_1.5_s_50	None	0	BGENL2739-24	1.5	50	False	False	7277746	455	250	1554	0.0	50.0	29.28957528957529	30.0
0	0	data/BGE00196_MGE-BGE_r1_1.3_1.5_s50_100.fasta	BGENL2739-24 not in BOLD	None	BLAST	family	COI-5P	657	1542		BGENL2739-24_r_1.5_s_100	None	0	BGENL2739-24	1.5	100	False	False	7277746	383	250	1554	0.0	47.0	27.198841698841697	29.0
0	1	data/BGE00196_MGE-BGE_r1_1.3_1.5_s50_100.fasta	BGENL2740-24 not in BOLD	None	BLAST	family	COI-5P	657	1539		BGENL2740-24_r_1_s_50	None	0	BGENL2740-24	1	50	False	False	7981806	773	0	1554	0.0	123.0	40.938223938223935	37.0
0	0	data/BGE00196_MGE-BGE_r1_1.3_1.5_s50_100.fasta	BGENL2740-24 not in BOLD	None	BLAST	family	COI-5P	657	1536		BGENL2740-24_r_1_s_100	None	0	BGENL2740-24	1	100	False	False	7981806	480	0	1554	0.0	75.0	31.91119691119691	30.5
0	0	data/BGE00196_MGE-BGE_r1_1.3_1.5_s50_100.fasta	BGENL2740-24 not in BOLD	None	BLAST	family	COI-5P	657	1536		BGENL2740-24_r_1.3_s_50	None	0	BGENL2740-24	1.3	50	False	False	7981806	692	0	1554	0.0	87.0	38.115830115830114	35.0
0	0	data/BGE00196_MGE-BGE_r1_1.3_1.5_s50_100.fasta	BGENL2740-24 not in BOLD	None	BLAST	family	COI-5P	657	1536		BGENL2740-24_r_1.3_s_100	None	0	BGENL2740-24	1.3	100	False	False	7981806	475	0	1554	0.0	75.0	31.594594594594593	30.0
0	0	data/BGE00196_MGE-BGE_r1_1.3_1.5_s50_100.fasta	BGENL2740-24 not in BOLD	None	BLAST	family	COI-5P	657	1536		BGENL2740-24_r_1.5_s_50	None	0	BGENL2740-24	1.5	50	False	False	7981806	540	0	1554	0.0	81.0	31.862934362934364	32.0
0	0	data/BGE00196_MGE-BGE_r1_1.3_1.5_s50_100.fasta	BGENL2740-24 not in BOLD	None	BLAST	family	COI-5P	657	1536		BGENL2740-24_r_1.5_s_100	None	0	BGENL2740-24	1.5	100	False	False	7981806	430	0	1554	0.0	73.0	28.534749034749034	29.0
0	0	data/BGE00196_MGE-BGE_r1_1.3_1.5_s50_100.fasta	BGENL2741-24 not in BOLD	None	BLAST	family	COI-5P	655	1551		BGENL2741-24_r_1_s_50	None	0	BGENL2741-24	1	50	False	False	8502373	767	192	1554	0.0	71.0	42.13513513513514	40.0
0	0	data/BGE00196_MGE-BGE_r1_1.3_1.5_s50_100.fasta	BGENL2741-24 not in BOLD	None	BLAST	family	COI-5P	655	1542		BGENL2741-24_r_1_s_100	None	0	BGENL2741-24	1	100	False	False	8502373	531	192	1554	0.0	64.0	34.78957528957529	33.0
0	0	data/BGE00196_MGE-BGE_r1_1.3_1.5_s50_100.fasta	BGENL2741-24 not in BOLD	None	BLAST	family	COI-5P	655	1542		BGENL2741-24_r_1.3_s_50	None	0	BGENL2741-24	1.3	50	False	False	8502373	686	192	1554	0.0	70.0	38.8938223938224	38.0
0	0	data/BGE00196_MGE-BGE_r1_1.3_1.5_s50_100.fasta	BGENL2741-24 not in BOLD	None	BLAST	family	COI-5P	655	1542		BGENL2741-24_r_1.3_s_100	None	0	BGENL2741-24	1.3	100	False	False	8502373	516	192	1554	0.0	62.0	33.73166023166023	32.0
0	0	data/BGE00196_MGE-BGE_r1_1.3_1.5_s50_100.fasta	BGENL2741-24 not in BOLD	None	BLAST	family	COI-5P	655	1542		BGENL2741-24_r_1.5_s_50	None	0	BGENL2741-24	1.5	50	False	False	8502373	586	192	1554	0.0	69.0	33.351351351351354	32.0
0	0	data/BGE00196_MGE-BGE_r1_1.3_1.5_s50_100.fasta	BGENL2741-24 not in BOLD	None	BLAST	family	COI-5P	655	1542		BGENL2741-24_r_1.5_s_100	None	0	BGENL2741-24	1.5	100	False	False	8502373	455	192	1554	0.0	61.0	29.538610038610038	28.0
0	0	data/BGE00196_MGE-BGE_r1_1.3_1.5_s50_100.fasta	BGENL2742-24 not in BOLD	None	BLAST	family	COI-5P	656	1548		BGENL2742-24_r_1_s_50	None	0	BGENL2742-24	1	50	False	False	9511097	993	35	1554	0.0	81.0	49.05598455598456	49.0
0	0	data/BGE00196_MGE-BGE_r1_1.3_1.5_s50_100.fasta	BGENL2742-24 not in BOLD	None	BLAST	family	COI-5P	656	1542		BGENL2742-24_r_1_s_100	None	0	BGENL2742-24	1	100	False	False	9511097	616	35	1554	0.0	59.0	36.81274131274131	37.0
0	0	data/BGE00196_MGE-BGE_r1_1.3_1.5_s50_100.fasta	BGENL2742-24 not in BOLD	None	BLAST	family	COI-5P	656	1548		BGENL2742-24_r_1.3_s_50	None	0	BGENL2742-24	1.3	50	False	False	9511097	927	35	1554	0.0	75.0	46.27413127413127	47.0
0	0	data/BGE00196_MGE-BGE_r1_1.3_1.5_s50_100.fasta	BGENL2742-24 not in BOLD	None	BLAST	family	COI-5P	656	1542		BGENL2742-24_r_1.3_s_100	None	0	BGENL2742-24	1.3	100	False	False	9511097	607	35	1554	0.0	58.0	36.11196911196911	36.5
0	0	data/BGE00196_MGE-BGE_r1_1.3_1.5_s50_100.fasta	BGENL2742-24 not in BOLD	None	BLAST	family	COI-5P	647	1533		BGENL2742-24_r_1.5_s_50	None	0	BGENL2742-24	1.5	50	False	False	9511097	775	35	1554	0.0	73.0	39.34169884169884	41.0
0	0	data/BGE00196_MGE-BGE_r1_1.3_1.5_s50_100.fasta	BGENL2742-24 not in BOLD	None	BLAST	family	COI-5P	641	1527		BGENL2742-24_r_1.5_s_100	None	0	BGENL2742-24	1.5	100	False	False	9511097	540	35	1554	0.0	52.0	32.142857142857146	34.0
1	2	data/BGE00196_MGE-BGE_r1_1.3_1.5_s50_100.fasta	BGENL2743-24 not in BOLD	None	BLAST	family	COI-5P	656	1542		BGENL2743-24_r_1_s_50	None	0	BGENL2743-24	1	50	False	False	9488212	655	5	1554	0.0	57.0	29.065637065637066	27.0
0	1	data/BGE00196_MGE-BGE_r1_1.3_1.5_s50_100.fasta	BGENL2743-24 not in BOLD	None	BLAST	family	COI-5P	656	1542		BGENL2743-24_r_1_s_100	None	0	BGENL2743-24	1	100	False	False	9488212	346	5	1554	0.0	44.0	19.357142857142858	18.0
0	0	data/BGE00196_MGE-BGE_r1_1.3_1.5_s50_100.fasta	BGENL2743-24 not in BOLD	None	BLAST	family	COI-5P	656	1542		BGENL2743-24_r_1.3_s_50	None	0	BGENL2743-24	1.3	50	False	False	9488212	603	5	1554	0.0	53.0	26.83976833976834	25.0
0	0	data/BGE00196_MGE-BGE_r1_1.3_1.5_s50_100.fasta	BGENL2743-24 not in BOLD	None	BLAST	family	COI-5P	656	1542		BGENL2743-24_r_1.3_s_100	None	0	BGENL2743-24	1.3	100	False	False	9488212	336	5	1554	0.0	40.0	18.55019305019305	17.0
0	0	data/BGE00196_MGE-BGE_r1_1.3_1.5_s50_100.fasta	BGENL2743-24 not in BOLD	None	BLAST	family	COI-5P	635	1521		BGENL2743-24_r_1.5_s_50	None	0	BGENL2743-24	1.5	50	False	False	9488212	505	5	1554	0.0	50.0	22.617760617760617	21.0
0	0	data/BGE00196_MGE-BGE_r1_1.3_1.5_s50_100.fasta	BGENL2743-24 not in BOLD	None	BLAST	family	COI-5P	635	1521		BGENL2743-24_r_1.5_s_100	None	0	BGENL2743-24	1.5	100	False	False	9488212	298	5	1554	0.0	33.0	16.34942084942085	16.0
0	0	data/BGE00196_MGE-BGE_r1_1.3_1.5_s50_100.fasta	BGENL2744-24 not in BOLD	None	BLAST	family	COI-5P	657	1554		BGENL2744-24_r_1_s_50	None	0	BGENL2744-24	1	50	False	False	9843545	1701	218	1554	41.0	165.0	89.38803088803088	88.0
0	0	data/BGE00196_MGE-BGE_r1_1.3_1.5_s50_100.fasta	BGENL2744-24 not in BOLD	None	BLAST	family	COI-5P	657	1554		BGENL2744-24_r_1_s_100	None	0	BGENL2744-24	1	100	False	False	9843545	1202	218	1554	23.0	126.0	73.88416988416988	75.0
0	0	data/BGE00196_MGE-BGE_r1_1.3_1.5_s50_100.fasta	BGENL2744-24 not in BOLD	None	BLAST	family	COI-5P	657	1554		BGENL2744-24_r_1.3_s_50	None	0	BGENL2744-24	1.3	50	False	False	9843545	1616	218	1554	41.0	160.0	85.9054054054054	84.0
0	0	data/BGE00196_MGE-BGE_r1_1.3_1.5_s50_100.fasta	BGENL2744-24 not in BOLD	None	BLAST	family	COI-5P	657	1554		BGENL2744-24_r_1.3_s_100	None	0	BGENL2744-24	1.3	100	False	False	9843545	1188	218	1554	23.0	126.0	72.70463320463321	73.0
0	0	data/BGE00196_MGE-BGE_r1_1.3_1.5_s50_100.fasta	BGENL2744-24 not in BOLD	None	BLAST	family	COI-5P	657	1554		BGENL2744-24_r_1.5_s_50	None	0	BGENL2744-24	1.5	50	False	False	9843545	1476	218	1554	31.0	158.0	80.34169884169884	81.0
0	0	data/BGE00196_MGE-BGE_r1_1.3_1.5_s50_100.fasta	BGENL2744-24 not in BOLD	None	BLAST	family	COI-5P	657	1554		BGENL2744-24_r_1.5_s_100	None	0	BGENL2744-24	1.5	100	False	False	9843545	1143	218	1554	23.0	126.0	70.31853281853282	71.0
0	0	data/BGE00196_MGE-BGE_r1_1.3_1.5_s50_100.fasta	BGENL2745-24 not in BOLD	None	BLAST	family	COI-5P	657	1554		BGENL2745-24_r_1_s_50	None	0	BGENL2745-24	1	50	False	False	10815193	1627	56	1554	29.0	177.0	86.83976833976834	80.0
0	0	data/BGE00196_MGE-BGE_r1_1.3_1.5_s50_100.fasta	BGENL2745-24 not in BOLD	None	BLAST	family	COI-5P	657	1554		BGENL2745-24_r_1_s_100	None	0	BGENL2745-24	1	100	False	False	10815193	1207	56	1554	17.0	155.0	73.9054054054054	67.0
0	0	data/BGE00196_MGE-BGE_r1_1.3_1.5_s50_100.fasta	BGENL2745-24 not in BOLD	None	BLAST	family	COI-5P	657	1554		BGENL2745-24_r_1.3_s_50	None	0	BGENL2745-24	1.3	50	False	False	10815193	1527	56	1554	29.0	168.0	82.2123552123552	74.0
0	0	data/BGE00196_MGE-BGE_r1_1.3_1.5_s50_100.fasta	BGENL2745-24 not in BOLD	None	BLAST	family	COI-5P	657	1554		BGENL2745-24_r_1.3_s_100	None	0	BGENL2745-24	1.3	100	False	False	10815193	1185	56	1554	17.0	152.0	71.87837837837837	64.0
0	0	data/BGE00196_MGE-BGE_r1_1.3_1.5_s50_100.fasta	BGENL2745-24 not in BOLD	None	BLAST	family	COI-5P	657	1554		BGENL2745-24_r_1.5_s_50	None	0	BGENL2745-24	1.5	50	False	False	10815193	1414	56	1554	28.0	167.0	77.3088803088803	70.0
0	0	data/BGE00196_MGE-BGE_r1_1.3_1.5_s50_100.fasta	BGENL2745-24 not in BOLD	None	BLAST	family	COI-5P	657	1554		BGENL2745-24_r_1.5_s_100	None	0	BGENL2745-24	1.5	100	False	False	10815193	1132	56	1554	17.0	152.0	68.94015444015444	60.0
0	0	data/BGE00196_MGE-BGE_r1_1.3_1.5_s50_100.fasta	BGENL2746-24 not in BOLD	None	BLAST	family	COI-5P	657	1554		BGENL2746-24_r_1_s_50	None	0	BGENL2746-24	1	50	False	False	5089523	2405	46	1554	71.0	200.0	130.90347490347492	132.0
0	0	data/BGE00196_MGE-BGE_r1_1.3_1.5_s50_100.fasta	BGENL2746-24 not in BOLD	None	BLAST	family	COI-5P	657	1554		BGENL2746-24_r_1_s_100	None	0	BGENL2746-24	1	100	False	False	5089523	1890	46	1554	39.0	171.0	114.82046332046332	116.0
0	0	data/BGE00196_MGE-BGE_r1_1.3_1.5_s50_100.fasta	BGENL2746-24 not in BOLD	None	BLAST	family	COI-5P	657	1554		BGENL2746-24_r_1.3_s_50	None	0	BGENL2746-24	1.3	50	False	False	5089523	2346	46	1554	69.0	194.0	127.65830115830116	130.0
0	0	data/BGE00196_MGE-BGE_r1_1.3_1.5_s50_100.fasta	BGENL2746-24 not in BOLD	None	BLAST	family	COI-5P	657	1554		BGENL2746-24_r_1.3_s_100	None	0	BGENL2746-24	1.3	100	False	False	5089523	1865	46	1554	39.0	171.0	112.66409266409266	114.0
0	0	data/BGE00196_MGE-BGE_r1_1.3_1.5_s50_100.fasta	BGENL2746-24 not in BOLD	None	BLAST	family	COI-5P	657	1554		BGENL2746-24_r_1.5_s_50	None	0	BGENL2746-24	1.5	50	False	False	5089523	2165	46	1554	49.0	192.0	118.95173745173746	122.0
0	0	data/BGE00196_MGE-BGE_r1_1.3_1.5_s50_100.fasta	BGENL2746-24 not in BOLD	None	BLAST	family	COI-5P	657	1554		BGENL2746-24_r_1.5_s_100	None	0	BGENL2746-24	1.5	100	False	False	5089523	1763	46	1554	39.0	171.0	106.64478764478764	110.0
1	6	data/BGE00196_MGE-BGE_r1_1.3_1.5_s50_100.fasta	BGENL2747-24 not in BOLD	None	BLAST	family	COI-5P	656	1554		BGENL2747-24_r_1_s_50	None	0	BGENL2747-24	1	50	False	False	9948917	1687	459	1554	35.0	147.0	78.24324324324324	77.0
1	2	data/BGE00196_MGE-BGE_r1_1.3_1.5_s50_100.fasta	BGENL2747-24 not in BOLD	None	BLAST	family	COI-5P	656	1554		BGENL2747-24_r_1_s_100	None	0	BGENL2747-24	1	100	False	False	9948917	922	459	1554	18.0	95.0	53.762548262548265	54.0
0	2	data/BGE00196_MGE-BGE_r1_1.3_1.5_s50_100.fasta	BGENL2747-24 not in BOLD	None	BLAST	family	COI-5P	656	1554		BGENL2747-24_r_1.3_s_50	None	0	BGENL2747-24	1.3	50	False	False	9948917	1445	459	1554	35.0	137.0	68.51544401544402	66.0
0	0	data/BGE00196_MGE-BGE_r1_1.3_1.5_s50_100.fasta	BGENL2747-24 not in BOLD	None	BLAST	family	COI-5P	656	1554		BGENL2747-24_r_1.3_s_100	None	0	BGENL2747-24	1.3	100	False	False	9948917	889	459	1554	18.0	94.0	51.277992277992276	49.0
0	1	data/BGE00196_MGE-BGE_r1_1.3_1.5_s50_100.fasta	BGENL2747-24 not in BOLD	None	BLAST	family	COI-5P	654	1551		BGENL2747-24_r_1.5_s_50	None	0	BGENL2747-24	1.5	50	False	False	9948917	1161	459	1554	0.0	122.0	54.9015444015444	56.5
0	0	data/BGE00196_MGE-BGE_r1_1.3_1.5_s50_100.fasta	BGENL2747-24 not in BOLD	None	BLAST	family	COI-5P	632	1530		BGENL2747-24_r_1.5_s_100	None	0	BGENL2747-24	1.5	100	False	False	9948917	753	459	1554	0.0	93.0	42.62162162162162	43.5
0	0	data/BGE00196_MGE-BGE_r1_1.3_1.5_s50_100.fasta	BGENL2748-24 not in BOLD	None	BLAST	family	COI-5P	656	1554		BGENL2748-24_r_1_s_50	None	0	BGENL2748-24	1	50	False	False	7709626	2556	161	1554	78.0	222.0	135.74324324324326	135.0
0	0	data/BGE00196_MGE-BGE_r1_1.3_1.5_s50_100.fasta	BGENL2748-24 not in BOLD	None	BLAST	family	COI-5P	656	1554		BGENL2748-24_r_1_s_100	None	0	BGENL2748-24	1	100	False	False	7709626	1742	161	1554	55.0	161.0	109.78571428571429	107.5
0	0	data/BGE00196_MGE-BGE_r1_1.3_1.5_s50_100.fasta	BGENL2748-24 not in BOLD	None	BLAST	family	COI-5P	656	1554		BGENL2748-24_r_1.3_s_50	None	0	BGENL2748-24	1.3	50	False	False	7709626	2355	161	1554	78.0	212.0	127.61969111969113	125.0
0	0	data/BGE00196_MGE-BGE_r1_1.3_1.5_s50_100.fasta	BGENL2748-24 not in BOLD	None	BLAST	family	COI-5P	656	1554		BGENL2748-24_r_1.3_s_100	None	0	BGENL2748-24	1.3	100	False	False	7709626	1711	161	1554	55.0	158.0	107.66988416988417	106.0
0	0	data/BGE00196_MGE-BGE_r1_1.3_1.5_s50_100.fasta	BGENL2748-24 not in BOLD	None	BLAST	family	COI-5P	656	1554		BGENL2748-24_r_1.5_s_50	None	0	BGENL2748-24	1.5	50	False	False	7709626	1948	161	1554	2.0	200.0	106.12355212355213	111.0
0	0	data/BGE00196_MGE-BGE_r1_1.3_1.5_s50_100.fasta	BGENL2748-24 not in BOLD	None	BLAST	family	COI-5P	656	1554		BGENL2748-24_r_1.5_s_100	None	0	BGENL2748-24	1.5	100	False	False	7709626	1455	161	1554	1.0	154.0	91.47490347490347	96.0
0	0	data/BGE00196_MGE-BGE_r1_1.3_1.5_s50_100.fasta	BGENL2749-24 not in BOLD	None	BLAST	family	COI-5P	656	1554		BGENL2749-24_r_1_s_50	None	0	BGENL2749-24	1	50	False	False	9952796	4847	80	1554	171.0	446.0	282.0656370656371	279.0
0	0	data/BGE00196_MGE-BGE_r1_1.3_1.5_s50_100.fasta	BGENL2749-24 not in BOLD	None	BLAST	family	COI-5P	656	1554		BGENL2749-24_r_1_s_100	None	0	BGENL2749-24	1	100	False	False	9952796	3603	80	1554	111.0	361.0	243.37258687258688	242.0
0	0	data/BGE00196_MGE-BGE_r1_1.3_1.5_s50_100.fasta	BGENL2749-24 not in BOLD	None	BLAST	family	COI-5P	656	1554		BGENL2749-24_r_1.3_s_50	None	0	BGENL2749-24	1.3	50	False	False	9952796	4536	80	1554	158.0	428.0	270.06756756756755	268.5
0	0	data/BGE00196_MGE-BGE_r1_1.3_1.5_s50_100.fasta	BGENL2749-24 not in BOLD	None	BLAST	family	COI-5P	656	1554		BGENL2749-24_r_1.3_s_100	None	0	BGENL2749-24	1.3	100	False	False	9952796	3563	80	1554	111.0	360.0	240.2046332046332	239.0
0	0	data/BGE00196_MGE-BGE_r1_1.3_1.5_s50_100.fasta	BGENL2749-24 not in BOLD	None	BLAST	family	COI-5P	656	1554		BGENL2749-24_r_1.5_s_50	None	0	BGENL2749-24	1.5	50	False	False	9952796	3860	80	1554	7.0	402.0	232.3166023166023	240.0
0	0	data/BGE00196_MGE-BGE_r1_1.3_1.5_s50_100.fasta	BGENL2749-24 not in BOLD	None	BLAST	family	COI-5P	656	1554		BGENL2749-24_r_1.5_s_100	None	0	BGENL2749-24	1.5	100	False	False	9952796	3136	80	1554	7.0	352.0	211.15637065637065	220.0
0	0	data/BGE00196_MGE-BGE_r1_1.3_1.5_s50_100.fasta	BGENL2750-24 not in BOLD	None	BLAST	family	COI-5P	656	1542		BGENL2750-24_r_1_s_50	None	0	BGENL2750-24	1	50	False	False	7257943	881	26	1542	27.0	87.0	50.7295719844358	49.5
0	0	data/BGE00196_MGE-BGE_r1_1.3_1.5_s50_100.fasta	BGENL2750-24 not in BOLD	None	BLAST	family	COI-5P	656	1542		BGENL2750-24_r_1_s_100	None	0	BGENL2750-24	1	100	False	False	7257943	627	26	1542	17.0	70.0	42.68677042801556	41.0
0	0	data/BGE00196_MGE-BGE_r1_1.3_1.5_s50_100.fasta	BGENL2750-24 not in BOLD	None	BLAST	family	COI-5P	656	1542		BGENL2750-24_r_1.3_s_50	None	0	BGENL2750-24	1.3	50	False	False	7257943	808	26	1542	27.0	80.0	47.719844357976655	47.0
0	0	data/BGE00196_MGE-BGE_r1_1.3_1.5_s50_100.fasta	BGENL2750-24 not in BOLD	None	BLAST	family	COI-5P	656	1542		BGENL2750-24_r_1.3_s_100	None	0	BGENL2750-24	1.3	100	False	False	7257943	612	26	1542	17.0	70.0	41.63229571984436	40.0
0	0	data/BGE00196_MGE-BGE_r1_1.3_1.5_s50_100.fasta	BGENL2750-24 not in BOLD	None	BLAST	family	COI-5P	656	1542		BGENL2750-24_r_1.5_s_50	None	0	BGENL2750-24	1.5	50	False	False	7257943	715	26	1542	20.0	75.0	43.33463035019455	43.0
0	0	data/BGE00196_MGE-BGE_r1_1.3_1.5_s50_100.fasta	BGENL2750-24 not in BOLD	None	BLAST	family	COI-5P	656	1542		BGENL2750-24_r_1.5_s_100	None	0	BGENL2750-24	1.5	100	False	False	7257943	571	26	1542	17.0	67.0	38.96887159533074	37.0
0	0	data/BGE00196_MGE-BGE_r1_1.3_1.5_s50_100.fasta	BGENL2751-24 not in BOLD	None	BLAST	family	COI-5P	656	1542		BGENL2751-24_r_1_s_50	None	0	BGENL2751-24	1	50	False	False	10420373	1469	386	1542	2.0	178.0	74.7295719844358	74.0
0	0	data/BGE00196_MGE-BGE_r1_1.3_1.5_s50_100.fasta	BGENL2751-24 not in BOLD	None	BLAST	family	COI-5P	656	1542		BGENL2751-24_r_1_s_100	None	0	BGENL2751-24	1	100	False	False	10420373	978	386	1542	2.0	134.0	58.63813229571984	55.0
0	0	data/BGE00196_MGE-BGE_r1_1.3_1.5_s50_100.fasta	BGENL2751-24 not in BOLD	None	BLAST	family	COI-5P	656	1542		BGENL2751-24_r_1.3_s_50	None	0	BGENL2751-24	1.3	50	False	False	10420373	1396	386	1542	2.0	175.0	71.09338521400778	70.0
0	0	data/BGE00196_MGE-BGE_r1_1.3_1.5_s50_100.fasta	BGENL2751-24 not in BOLD	None	BLAST	family	COI-5P	656	1542		BGENL2751-24_r_1.3_s_100	None	0	BGENL2751-24	1.3	100	False	False	10420373	965	386	1542	2.0	133.0	57.03112840466926	54.0
0	0	data/BGE00196_MGE-BGE_r1_1.3_1.5_s50_100.fasta	BGENL2751-24 not in BOLD	None	BLAST	family	COI-5P	656	1542		BGENL2751-24_r_1.5_s_50	None	0	BGENL2751-24	1.5	50	False	False	10420373	1200	386	1542	2.0	169.0	61.702334630350194	59.0
0	0	data/BGE00196_MGE-BGE_r1_1.3_1.5_s50_100.fasta	BGENL2751-24 not in BOLD	None	BLAST	family	COI-5P	656	1542		BGENL2751-24_r_1.5_s_100	None	0	BGENL2751-24	1.5	100	False	False	10420373	875	386	1542	2.0	131.0	51.35214007782101	49.0
0	0	data/BGE00196_MGE-BGE_r1_1.3_1.5_s50_100.fasta	BGENL2752-24 not in BOLD	None	BLAST	family	COI-5P	656	1542		BGENL2752-24_r_1_s_50	None	0	BGENL2752-24	1	50	False	False	10028319	1073	287	1542	10.0	131.0	63.13424124513619	62.0
0	0	data/BGE00196_MGE-BGE_r1_1.3_1.5_s50_100.fasta	BGENL2752-24 not in BOLD	None	BLAST	family	COI-5P	656	1542		BGENL2752-24_r_1_s_100	None	0	BGENL2752-24	1	100	False	False	10028319	787	287	1542	4.0	107.0	53.82101167315175	52.0
0	0	data/BGE00196_MGE-BGE_r1_1.3_1.5_s50_100.fasta	BGENL2752-24 not in BOLD	None	BLAST	family	COI-5P	656	1542		BGENL2752-24_r_1.3_s_50	None	0	BGENL2752-24	1.3	50	False	False	10028319	969	287	1542	10.0	124.0	58.737354085603116	57.0
0	0	data/BGE00196_MGE-BGE_r1_1.3_1.5_s50_100.fasta	BGENL2752-24 not in BOLD	None	BLAST	family	COI-5P	656	1542		BGENL2752-24_r_1.3_s_100	None	0	BGENL2752-24	1.3	100	False	False	10028319	771	287	1542	4.0	103.0	52.58949416342413	50.5
0	0	data/BGE00196_MGE-BGE_r1_1.3_1.5_s50_100.fasta	BGENL2752-24 not in BOLD	None	BLAST	family	COI-5P	656	1542		BGENL2752-24_r_1.5_s_50	None	0	BGENL2752-24	1.5	50	False	False	10028319	842	287	1542	10.0	115.0	52.50389105058366	50.0
0	0	data/BGE00196_MGE-BGE_r1_1.3_1.5_s50_100.fasta	BGENL2752-24 not in BOLD	None	BLAST	family	COI-5P	656	1542		BGENL2752-24_r_1.5_s_100	None	0	BGENL2752-24	1.5	100	False	False	10028319	699	287	1542	4.0	98.0	48.1556420233463	45.0
0	0	data/BGE00196_MGE-BGE_r1_1.3_1.5_s50_100.fasta	BGENL2753-24 not in BOLD	None	BLAST	family	COI-5P	657	1554		BGENL2753-24_r_1_s_50	None	0	BGENL2753-24	1	50	False	False	10890820	2859	437	1554	42.0	262.0	142.996138996139	134.0
0	0	data/BGE00196_MGE-BGE_r1_1.3_1.5_s50_100.fasta	BGENL2753-24 not in BOLD	None	BLAST	family	COI-5P	657	1554		BGENL2753-24_r_1_s_100	None	0	BGENL2753-24	1	100	False	False	10890820	1836	437	1554	16.0	208.0	110.2895752895753	101.0
0	0	data/BGE00196_MGE-BGE_r1_1.3_1.5_s50_100.fasta	BGENL2753-24 not in BOLD	None	BLAST	family	COI-5P	657	1554		BGENL2753-24_r_1.3_s_50	None	0	BGENL2753-24	1.3	50	False	False	10890820	2611	437	1554	41.0	241.0	130.44787644787644	120.0
0	0	data/BGE00196_MGE-BGE_r1_1.3_1.5_s50_100.fasta	BGENL2753-24 not in BOLD	None	BLAST	family	COI-5P	657	1554		BGENL2753-24_r_1.3_s_100	None	0	BGENL2753-24	1.3	100	False	False	10890820	1769	437	1554	16.0	198.0	103.81660231660231	95.0
0	0	data/BGE00196_MGE-BGE_r1_1.3_1.5_s50_100.fasta	BGENL2753-24 not in BOLD	None	BLAST	family	COI-5P	657	1554		BGENL2753-24_r_1.5_s_50	None	0	BGENL2753-24	1.5	50	False	False	10890820	2197	437	1554	1.0	230.0	110.94787644787645	110.0
0	0	data/BGE00196_MGE-BGE_r1_1.3_1.5_s50_100.fasta	BGENL2753-24 not in BOLD	None	BLAST	family	COI-5P	657	1554		BGENL2753-24_r_1.5_s_100	None	0	BGENL2753-24	1.5	100	False	False	10890820	1570	437	1554	1.0	192.0	91.99034749034749	89.0
0	0	data/BGE00196_MGE-BGE_r1_1.3_1.5_s50_100.fasta	BGENL2754-24 not in BOLD	None	BLAST	family	COI-5P	657	1554		BGENL2754-24_r_1_s_50	None	0	BGENL2754-24	1	50	False	False	9747122	1665	53	1554	33.0	142.0	81.65637065637065	77.0
0	0	data/BGE00196_MGE-BGE_r1_1.3_1.5_s50_100.fasta	BGENL2754-24 not in BOLD	None	BLAST	family	COI-5P	657	1554		BGENL2754-24_r_1_s_100	None	0	BGENL2754-24	1	100	False	False	9747122	1045	53	1554	21.0	104.0	62.359073359073356	59.0
0	0	data/BGE00196_MGE-BGE_r1_1.3_1.5_s50_100.fasta	BGENL2754-24 not in BOLD	None	BLAST	family	COI-5P	657	1554		BGENL2754-24_r_1.3_s_50	None	0	BGENL2754-24	1.3	50	False	False	9747122	1483	53	1554	32.0	140.0	75.15444015444015	70.5
0	0	data/BGE00196_MGE-BGE_r1_1.3_1.5_s50_100.fasta	BGENL2754-24 not in BOLD	None	BLAST	family	COI-5P	657	1554		BGENL2754-24_r_1.3_s_100	None	0	BGENL2754-24	1.3	100	False	False	9747122	1032	53	1554	21.0	103.0	61.28764478764479	57.0
0	0	data/BGE00196_MGE-BGE_r1_1.3_1.5_s50_100.fasta	BGENL2754-24 not in BOLD	None	BLAST	family	COI-5P	648	1545		BGENL2754-24_r_1.5_s_50	None	0	BGENL2754-24	1.5	50	False	False	9747122	1218	53	1554	0.0	131.0	62.61969111969112	63.0
0	0	data/BGE00196_MGE-BGE_r1_1.3_1.5_s50_100.fasta	BGENL2754-24 not in BOLD	None	BLAST	family	COI-5P	648	1545		BGENL2754-24_r_1.5_s_100	None	0	BGENL2754-24	1.5	100	False	False	9747122	892	53	1554	0.0	101.0	52.8011583011583	52.0
7	9	data/BGE00196_MGE-BGE_r1_1.3_1.5_s50_100.fasta	BGENL2755-24 not in BOLD	None	BLAST	family	COI-5P	656	1554		BGENL2755-24_r_1_s_50	None	0	BGENL2755-24	1	50	False	False	7285484	1588	181	1554	20.0	171.0	78.07915057915058	72.5
8	9	data/BGE00196_MGE-BGE_r1_1.3_1.5_s50_100.fasta	BGENL2755-24 not in BOLD	None	BLAST	family	COI-5P	656	1554		BGENL2755-24_r_1_s_100	None	0	BGENL2755-24	1	100	False	False	7285484	959	181	1554	6.0	135.0	57.96911196911197	51.0
0	0	data/BGE00196_MGE-BGE_r1_1.3_1.5_s50_100.fasta	BGENL2755-24 not in BOLD	None	BLAST	family	COI-5P	657	1554		BGENL2755-24_r_1.3_s_50	None	0	BGENL2755-24	1.3	50	False	False	7285484	1412	181	1554	20.0	156.0	68.34942084942085	61.5
0	0	data/BGE00196_MGE-BGE_r1_1.3_1.5_s50_100.fasta	BGENL2755-24 not in BOLD	None	BLAST	family	COI-5P	657	1554		BGENL2755-24_r_1.3_s_100	None	0	BGENL2755-24	1.3	100	False	False	7285484	899	181	1554	6.0	108.0	52.036679536679536	45.0
0	0	data/BGE00196_MGE-BGE_r1_1.3_1.5_s50_100.fasta	BGENL2755-24 not in BOLD	None	BLAST	family	COI-5P	657	1554		BGENL2755-24_r_1.5_s_50	None	0	BGENL2755-24	1.5	50	False	False	7285484	1126	181	1554	1.0	143.0	54.204633204633204	51.0
0	0	data/BGE00196_MGE-BGE_r1_1.3_1.5_s50_100.fasta	BGENL2755-24 not in BOLD	None	BLAST	family	COI-5P	657	1554		BGENL2755-24_r_1.5_s_100	None	0	BGENL2755-24	1.5	100	False	False	7285484	745	181	1554	1.0	101.0	42.51737451737452	39.0
