ambig_basecount	ambig_full_basecount	dataset	error	identification	identification_method	identification_rank	marker_code	nuc_basecount	nuc_full_basecount	obs_taxon	sequence_id	species	stop_codons	group_id	r	s	fcleaner	merge	n_reads_in	n_reads_aligned	n_reads_skipped	ref_length	cov_min	cov_max	cov_avg	cov_med
9	24	data/BGE00320_MGE-BGE_r1_1.3_1.5_s50_100.fasta	None	Miridae	BLAST	family	COI-5P	457	1278	Miridae,Anthocoridae	BGSNH381-24_r_1_s_50	Chlamydatus eurotiae	0	BGSNH381-24	1	50	False	False	15279490	422	21	1533	0.0	47.0	15.330724070450097	15.0
12	17	data/BGE00320_MGE-BGE_r1_1.3_1.5_s50_100.fasta	None	Miridae	BLAST	family	COI-5P	458	1194	Miridae	BGSNH381-24_r_1_s_100	Chlamydatus eurotiae	0	BGSNH381-24	1	100	False	False	15279490	99	21	1533	0.0	19.0	5.964774951076321	7.0
1	2	data/BGE00320_MGE-BGE_r1_1.3_1.5_s50_100.fasta	None	Miridae	BLAST	family	COI-5P	458	1278	Miridae	BGSNH381-24_r_1.3_s_50	Chlamydatus eurotiae	0	BGSNH381-24	1.3	50	False	False	15279490	347	21	1533	0.0	37.0	11.330724070450097	11.0
2	4	data/BGE00320_MGE-BGE_r1_1.3_1.5_s50_100.fasta	None	Miridae	BLAST	family	COI-5P	449	1185	Miridae	BGSNH381-24_r_1.3_s_100	Chlamydatus eurotiae	0	BGSNH381-24	1.3	100	False	False	15279490	75	21	1533	0.0	18.0	3.7749510763209395	3.0
0	0	data/BGE00320_MGE-BGE_r1_1.3_1.5_s50_100.fasta	None	Miridae	BLAST	family	COI-5P	449	1239	Miridae	BGSNH381-24_r_1.5_s_50	Chlamydatus eurotiae	0	BGSNH381-24	1.5	50	False	False	15279490	270	21	1533	0.0	37.0	8.945205479452055	8.0
1	3	data/BGE00320_MGE-BGE_r1_1.3_1.5_s50_100.fasta	None	Miridae	BLAST	family	COI-5P	449	1056	Miridae,Reduviidae,Dermestidae	BGSNH381-24_r_1.5_s_100	Chlamydatus eurotiae	0	BGSNH381-24	1.5	100	False	False	15279490	69	21	1533	0.0	18.0	3.475538160469667	2.0
0	0	data/BGE00320_MGE-BGE_r1_1.3_1.5_s50_100.fasta	None	Miridae	BLAST	family	COI-5P	459	1278	Miridae	BGSNH382-24_r_1_s_50	Chlamydatus eurotiae	0	BGSNH382-24	1	50	False	False	10690049	23565	835	1533	0.0	2244.0	1002.1115459882583	1089.0
0	0	data/BGE00320_MGE-BGE_r1_1.3_1.5_s50_100.fasta	None	Miridae	BLAST	family	COI-5P	459	1278	Miridae	BGSNH382-24_r_1_s_100	Chlamydatus eurotiae	0	BGSNH382-24	1	100	False	False	10690049	11191	835	1533	0.0	1478.0	610.600782778865	699.0
0	0	data/BGE00320_MGE-BGE_r1_1.3_1.5_s50_100.fasta	None	Miridae	BLAST	family	COI-5P	459	1278	Miridae	BGSNH382-24_r_1.3_s_50	Chlamydatus eurotiae	0	BGSNH382-24	1.3	50	False	False	10690049	22058	835	1533	0.0	1868.0	924.518590998043	1036.0
0	0	data/BGE00320_MGE-BGE_r1_1.3_1.5_s50_100.fasta	None	Miridae	BLAST	family	COI-5P	459	1278	Miridae	BGSNH382-24_r_1.3_s_100	Chlamydatus eurotiae	0	BGSNH382-24	1.3	100	False	False	10690049	10658	835	1533	0.0	1471.0	572.8140900195694	641.0
0	0	data/BGE00320_MGE-BGE_r1_1.3_1.5_s50_100.fasta	None	Miridae	BLAST	family	COI-5P	459	1278	Miridae	BGSNH382-24_r_1.5_s_50	Chlamydatus eurotiae	0	BGSNH382-24	1.5	50	False	False	10690049	19118	835	1533	0.0	1843.0	801.4246575342465	919.0
0	0	data/BGE00320_MGE-BGE_r1_1.3_1.5_s50_100.fasta	None	Miridae	BLAST	family	COI-5P	459	1278	Miridae	BGSNH382-24_r_1.5_s_100	Chlamydatus eurotiae	0	BGSNH382-24	1.5	100	False	False	10690049	9850	835	1533	0.0	1457.0	521.197651663405	568.0
53	123	data/BGE00320_MGE-BGE_r1_1.3_1.5_s50_100.fasta	None	Miridae	BLAST	family	COI-5P	456	1278	Tettigoniidae,Acrididae,Nitidulidae,Curculionidae,Bostrichidae,Ptinidae,Vespidae,Tetracampidae	BGSNH383-24_r_1_s_50	Chlamydatus eurotiae	0	BGSNH383-24	1	50	False	False	18273280	1081	1797	1533	0.0	200.0	58.43835616438356	63.0
37	69	data/BGE00320_MGE-BGE_r1_1.3_1.5_s50_100.fasta	None	Miridae	BLAST	family	COI-5P	456	1275	Tettigoniidae,Acrididae,Nitidulidae,Curculionidae,Bostrichidae,Ptinidae,Vespidae,Tetracampidae	BGSNH383-24_r_1_s_100	Chlamydatus eurotiae	0	BGSNH383-24	1	100	False	False	18273280	477	1797	1533	0.0	100.0	39.81800391389432	49.0
17	33	data/BGE00320_MGE-BGE_r1_1.3_1.5_s50_100.fasta	None	Miridae	BLAST	family	COI-5P	447	1269	Tettigoniidae,Acrididae,Nitidulidae,Curculionidae,Bostrichidae,Ptinidae,Vespidae,Tetracampidae	BGSNH383-24_r_1.3_s_50	Chlamydatus eurotiae	0	BGSNH383-24	1.3	50	False	False	18273280	519	1797	1533	0.0	126.0	27.581213307240706	29.0
17	21	data/BGE00320_MGE-BGE_r1_1.3_1.5_s50_100.fasta	None	Miridae	BLAST	family	COI-5P	429	1236	Tettigoniidae,Acrididae,Reduviidae,Nitidulidae,Curculionidae,Bostrichidae,Ptinidae,Vespidae,Tetracampidae	BGSNH383-24_r_1.3_s_100	Chlamydatus eurotiae	0	BGSNH383-24	1.3	100	False	False	18273280	243	1797	1533	0.0	53.0	20.16046966731898	22.0
9	25	data/BGE00320_MGE-BGE_r1_1.3_1.5_s50_100.fasta	None	Miridae	BLAST	family	COI-5P	448	1257	Miridae	BGSNH383-24_r_1.5_s_50	Chlamydatus eurotiae	0	BGSNH383-24	1.5	50	False	False	18273280	265	1797	1533	0.0	77.0	11.189823874755382	8.0
8	15	data/BGE00320_MGE-BGE_r1_1.3_1.5_s50_100.fasta	None	Miridae	BLAST	family	COI-5P	393	1050	Reduviidae	BGSNH383-24_r_1.5_s_100	Chlamydatus eurotiae	0	BGSNH383-24	1.5	100	False	False	18273280	106	1797	1533	0.0	28.0	7.273972602739726	4.0
17	49	data/BGE00320_MGE-BGE_r1_1.3_1.5_s50_100.fasta	None	Miridae	BLAST	family	COI-5P	458	1278	Miridae	BGSNH384-24_r_1_s_50	Chlamydatus eurotiae	0	BGSNH384-24	1	50	False	False	8701973	749	497	1533	0.0	114.0	35.61643835616438	34.0
19	39	data/BGE00320_MGE-BGE_r1_1.3_1.5_s50_100.fasta	None	Miridae	BLAST	family	COI-5P	457	1251	Miridae	BGSNH384-24_r_1_s_100	Chlamydatus eurotiae	0	BGSNH384-24	1	100	False	False	8701973	297	497	1533	0.0	72.0	21.068493150684933	18.0
2	2	data/BGE00320_MGE-BGE_r1_1.3_1.5_s50_100.fasta	None	Miridae	BLAST	family	COI-5P	459	1278	Miridae	BGSNH384-24_r_1.3_s_50	Chlamydatus eurotiae	0	BGSNH384-24	1.3	50	False	False	8701973	521	497	1533	0.0	69.0	20.04500978473581	21.0
8	10	data/BGE00320_MGE-BGE_r1_1.3_1.5_s50_100.fasta	None	Miridae	BLAST	family	COI-5P	458	1251	Miridae	BGSNH384-24_r_1.3_s_100	Chlamydatus eurotiae	0	BGSNH384-24	1.3	100	False	False	8701973	181	497	1533	0.0	41.0	9.927592954990216	9.0
2	2	data/BGE00320_MGE-BGE_r1_1.3_1.5_s50_100.fasta	None	Miridae	BLAST	family	COI-5P	459	1260	Miridae	BGSNH384-24_r_1.5_s_50	Chlamydatus eurotiae	0	BGSNH384-24	1.5	50	False	False	8701973	402	497	1533	0.0	58.0	14.86692759295499	15.0
1	1	data/BGE00320_MGE-BGE_r1_1.3_1.5_s50_100.fasta	None	Miridae	BLAST	family	COI-5P	459	1230	Miridae	BGSNH384-24_r_1.5_s_100	Chlamydatus eurotiae	0	BGSNH384-24	1.5	100	False	False	8701973	149	497	1533	0.0	34.0	7.524461839530333	7.0
0	0	data/BGE00320_MGE-BGE_r1_1.3_1.5_s50_100.fasta	None	Miridae	BLAST	family	COI-5P	655	1527	Miridae	BGSNH385-24_r_1_s_50	Chlorillus pictus	0	BGSNH385-24	1	50	False	False	9006638	2414	48	1533	0.0	186.0	113.47162426614481	110.0
0	0	data/BGE00320_MGE-BGE_r1_1.3_1.5_s50_100.fasta	None	Miridae	BLAST	family	COI-5P	655	1527	Miridae	BGSNH385-24_r_1_s_100	Chlorillus pictus	0	BGSNH385-24	1	100	False	False	9006638	1251	48	1533	0.0	118.0	75.89236790606654	77.0
0	0	data/BGE00320_MGE-BGE_r1_1.3_1.5_s50_100.fasta	None	Miridae	BLAST	family	COI-5P	655	1527	Miridae	BGSNH385-24_r_1.3_s_50	Chlorillus pictus	0	BGSNH385-24	1.3	50	False	False	9006638	2180	48	1533	0.0	183.0	101.60078277886497	101.0
0	0	data/BGE00320_MGE-BGE_r1_1.3_1.5_s50_100.fasta	None	Miridae	BLAST	family	COI-5P	655	1527	Miridae	BGSNH385-24_r_1.3_s_100	Chlorillus pictus	0	BGSNH385-24	1.3	100	False	False	9006638	1181	48	1533	0.0	118.0	70.32876712328768	72.0
0	0	data/BGE00320_MGE-BGE_r1_1.3_1.5_s50_100.fasta	None	Miridae	BLAST	family	COI-5P	655	1491	Miridae	BGSNH385-24_r_1.5_s_50	Chlorillus pictus	0	BGSNH385-24	1.5	50	False	False	9006638	1701	48	1533	0.0	179.0	77.71037181996086	79.0
0	0	data/BGE00320_MGE-BGE_r1_1.3_1.5_s50_100.fasta	None	Miridae	BLAST	family	COI-5P	655	1491	Miridae	BGSNH385-24_r_1.5_s_100	Chlorillus pictus	0	BGSNH385-24	1.5	100	False	False	9006638	942	48	1533	0.0	118.0	54.573385518590996	55.0
0	0	data/BGE00320_MGE-BGE_r1_1.3_1.5_s50_100.fasta	None	Miridae	BLAST	family	COI-5P	655	1527	Miridae	BGSNH386-24_r_1_s_50	Chlorillus pictus	0	BGSNH386-24	1	50	False	False	10440084	4869	280	1533	0.0	394.0	264.2818003913894	260.0
0	0	data/BGE00320_MGE-BGE_r1_1.3_1.5_s50_100.fasta	None	Miridae	BLAST	family	COI-5P	655	1527	Miridae	BGSNH386-24_r_1_s_100	Chlorillus pictus	0	BGSNH386-24	1	100	False	False	10440084	3176	280	1533	0.0	302.0	208.28962818003913	207.0
0	0	data/BGE00320_MGE-BGE_r1_1.3_1.5_s50_100.fasta	None	Miridae	BLAST	family	COI-5P	655	1527	Miridae	BGSNH386-24_r_1.3_s_50	Chlorillus pictus	0	BGSNH386-24	1.3	50	False	False	10440084	4415	280	1533	0.0	391.0	236.43639921722112	233.0
0	0	data/BGE00320_MGE-BGE_r1_1.3_1.5_s50_100.fasta	None	Miridae	BLAST	family	COI-5P	655	1527	Miridae	BGSNH386-24_r_1.3_s_100	Chlorillus pictus	0	BGSNH386-24	1.3	100	False	False	10440084	2963	280	1533	0.0	302.0	190.24461839530332	195.0
0	0	data/BGE00320_MGE-BGE_r1_1.3_1.5_s50_100.fasta	None	Miridae	BLAST	family	COI-5P	655	1494	Miridae	BGSNH386-24_r_1.5_s_50	Chlorillus pictus	0	BGSNH386-24	1.5	50	False	False	10440084	3456	280	1533	0.0	386.0	182.013698630137	179.0
0	0	data/BGE00320_MGE-BGE_r1_1.3_1.5_s50_100.fasta	None	Miridae	BLAST	family	COI-5P	655	1494	Miridae	BGSNH386-24_r_1.5_s_100	Chlorillus pictus	0	BGSNH386-24	1.5	100	False	False	10440084	2343	280	1533	0.0	298.0	147.83365949119374	149.0
0	0	data/BGE00320_MGE-BGE_r1_1.3_1.5_s50_100.fasta	None	Miridae	BLAST	family	COI-5P	655	1527	Miridae	BGSNH387-24_r_1_s_50	Chlorillus pictus	0	BGSNH387-24	1	50	False	False	9489511	7585	371	1533	0.0	596.0	377.2818003913894	369.0
0	0	data/BGE00320_MGE-BGE_r1_1.3_1.5_s50_100.fasta	None	Miridae	BLAST	family	COI-5P	655	1527	Miridae	BGSNH387-24_r_1_s_100	Chlorillus pictus	0	BGSNH387-24	1	100	False	False	9489511	4500	371	1533	0.0	440.0	274.26614481409	264.0
0	0	data/BGE00320_MGE-BGE_r1_1.3_1.5_s50_100.fasta	None	Miridae	BLAST	family	COI-5P	655	1527	Miridae	BGSNH387-24_r_1.3_s_50	Chlorillus pictus	0	BGSNH387-24	1.3	50	False	False	9489511	6914	371	1533	0.0	582.0	340.16242661448143	338.0
0	0	data/BGE00320_MGE-BGE_r1_1.3_1.5_s50_100.fasta	None	Miridae	BLAST	family	COI-5P	655	1527	Miridae	BGSNH387-24_r_1.3_s_100	Chlorillus pictus	0	BGSNH387-24	1.3	100	False	False	9489511	4244	371	1533	0.0	434.0	254.2954990215264	259.0
0	0	data/BGE00320_MGE-BGE_r1_1.3_1.5_s50_100.fasta	None	Miridae	BLAST	family	COI-5P	655	1479	Miridae	BGSNH387-24_r_1.5_s_50	Chlorillus pictus	0	BGSNH387-24	1.5	50	False	False	9489511	5400	371	1533	0.0	565.0	260.72211350293543	284.0
0	0	data/BGE00320_MGE-BGE_r1_1.3_1.5_s50_100.fasta	None	Miridae	BLAST	family	COI-5P	655	1479	Miridae	BGSNH387-24_r_1.5_s_100	Chlorillus pictus	0	BGSNH387-24	1.5	100	False	False	9489511	3357	371	1533	0.0	413.0	197.38747553816046	207.0
0	0	data/BGE00320_MGE-BGE_r1_1.3_1.5_s50_100.fasta	None	Miridae	BLAST	family	COI-5P	655	1527	Miridae	BGSNH388-24_r_1_s_50	Chlorillus pictus	0	BGSNH388-24	1	50	False	False	11120647	2996	570	1533	0.0	266.0	160.27788649706457	155.0
0	0	data/BGE00320_MGE-BGE_r1_1.3_1.5_s50_100.fasta	None	Miridae	BLAST	family	COI-5P	655	1527	Miridae	BGSNH388-24_r_1_s_100	Chlorillus pictus	0	BGSNH388-24	1	100	False	False	11120647	1891	570	1533	0.0	213.0	123.76712328767124	122.0
0	0	data/BGE00320_MGE-BGE_r1_1.3_1.5_s50_100.fasta	None	Miridae	BLAST	family	COI-5P	655	1527	Miridae	BGSNH388-24_r_1.3_s_50	Chlorillus pictus	0	BGSNH388-24	1.3	50	False	False	11120647	2677	570	1533	0.0	263.0	142.2504892367906	137.0
0	0	data/BGE00320_MGE-BGE_r1_1.3_1.5_s50_100.fasta	None	Miridae	BLAST	family	COI-5P	655	1527	Miridae	BGSNH388-24_r_1.3_s_100	Chlorillus pictus	0	BGSNH388-24	1.3	100	False	False	11120647	1758	570	1533	0.0	212.0	112.99608610567515	111.0
0	0	data/BGE00320_MGE-BGE_r1_1.3_1.5_s50_100.fasta	None	Miridae	BLAST	family	COI-5P	655	1494	Miridae	BGSNH388-24_r_1.5_s_50	Chlorillus pictus	0	BGSNH388-24	1.5	50	False	False	11120647	2035	570	1533	0.0	232.0	106.60861056751467	111.0
0	0	data/BGE00320_MGE-BGE_r1_1.3_1.5_s50_100.fasta	None	Miridae	BLAST	family	COI-5P	655	1494	Miridae	BGSNH388-24_r_1.5_s_100	Chlorillus pictus	0	BGSNH388-24	1.5	100	False	False	11120647	1366	570	1533	0.0	196.0	86.17221135029354	91.0
0	0	data/BGE00320_MGE-BGE_r1_1.3_1.5_s50_100.fasta	None	Miridae	BLAST	family	COI-5P	656	1530	Miridae,Braconidae	BGSNH389-24_r_1_s_50	Chorosomella jakowleffi	0	BGSNH389-24	1	50	False	False	11405738	3557	1131	1533	0.0	351.0	166.99608610567515	161.0
0	0	data/BGE00320_MGE-BGE_r1_1.3_1.5_s50_100.fasta	None	Miridae	BLAST	family	COI-5P	656	1530	Miridae,Braconidae	BGSNH389-24_r_1_s_100	Chorosomella jakowleffi	0	BGSNH389-24	1	100	False	False	11405738	1936	1131	1533	0.0	238.0	114.13111545988258	105.0
0	0	data/BGE00320_MGE-BGE_r1_1.3_1.5_s50_100.fasta	None	Miridae	BLAST	family	COI-5P	656	1530	Miridae,Braconidae	BGSNH389-24_r_1.3_s_50	Chorosomella jakowleffi	0	BGSNH389-24	1.3	50	False	False	11405738	3220	1131	1533	0.0	349.0	150.35812133072406	147.0
0	0	data/BGE00320_MGE-BGE_r1_1.3_1.5_s50_100.fasta	None	Miridae	BLAST	family	COI-5P	656	1530	Miridae,Braconidae	BGSNH389-24_r_1.3_s_100	Chorosomella jakowleffi	0	BGSNH389-24	1.3	100	False	False	11405738	1827	1131	1533	0.0	237.0	106.4481409001957	101.0
0	0	data/BGE00320_MGE-BGE_r1_1.3_1.5_s50_100.fasta	None	Miridae	BLAST	family	COI-5P	656	1506	Miridae	BGSNH389-24_r_1.5_s_50	Chorosomella jakowleffi	0	BGSNH389-24	1.5	50	False	False	11405738	2611	1131	1533	0.0	298.0	121.63209393346379	127.0
0	0	data/BGE00320_MGE-BGE_r1_1.3_1.5_s50_100.fasta	None	Miridae	BLAST	family	COI-5P	656	1506	Miridae	BGSNH389-24_r_1.5_s_100	Chorosomella jakowleffi	0	BGSNH389-24	1.5	100	False	False	11405738	1550	1131	1533	0.0	215.0	89.04892367906066	91.0
0	0	data/BGE00320_MGE-BGE_r1_1.3_1.5_s50_100.fasta	None	Miridae	BLAST	family	COI-5P	656	1530	Miridae,Braconidae	BGSNH390-24_r_1_s_50	Chorosomella jakowleffi	0	BGSNH390-24	1	50	False	False	10107032	2126	704	1533	0.0	237.0	98.23874755381604	88.0
0	0	data/BGE00320_MGE-BGE_r1_1.3_1.5_s50_100.fasta	None	Miridae	BLAST	family	COI-5P	656	1530	Miridae,Braconidae	BGSNH390-24_r_1_s_100	Chorosomella jakowleffi	0	BGSNH390-24	1	100	False	False	10107032	1091	704	1533	0.0	155.0	64.36399217221135	60.0
0	0	data/BGE00320_MGE-BGE_r1_1.3_1.5_s50_100.fasta	None	Miridae	BLAST	family	COI-5P	656	1530	Miridae,Braconidae	BGSNH390-24_r_1.3_s_50	Chorosomella jakowleffi	0	BGSNH390-24	1.3	50	False	False	10107032	1883	704	1533	0.0	236.0	85.81409001956948	75.0
0	0	data/BGE00320_MGE-BGE_r1_1.3_1.5_s50_100.fasta	None	Miridae	BLAST	family	COI-5P	656	1530	Miridae,Braconidae	BGSNH390-24_r_1.3_s_100	Chorosomella jakowleffi	0	BGSNH390-24	1.3	100	False	False	10107032	1014	704	1533	0.0	154.0	58.49706457925636	51.0
0	0	data/BGE00320_MGE-BGE_r1_1.3_1.5_s50_100.fasta	None	Miridae	BLAST	family	COI-5P	656	1461	Miridae	BGSNH390-24_r_1.5_s_50	Chorosomella jakowleffi	0	BGSNH390-24	1.5	50	False	False	10107032	1537	704	1533	0.0	186.0	69.35616438356165	65.0
0	0	data/BGE00320_MGE-BGE_r1_1.3_1.5_s50_100.fasta	None	Miridae	BLAST	family	COI-5P	656	1455	Miridae	BGSNH390-24_r_1.5_s_100	Chorosomella jakowleffi	0	BGSNH390-24	1.5	100	False	False	10107032	860	704	1533	0.0	134.0	48.61839530332681	47.0
0	0	data/BGE00320_MGE-BGE_r1_1.3_1.5_s50_100.fasta	None	Miridae	BLAST	family	COI-5P	656	1530	Miridae,Braconidae	BGSNH391-24_r_1_s_50	Chorosomella jakowleffi	0	BGSNH391-24	1	50	False	False	10200035	4227	217	1533	0.0	479.0	210.88649706457926	195.0
0	0	data/BGE00320_MGE-BGE_r1_1.3_1.5_s50_100.fasta	None	Miridae	BLAST	family	COI-5P	656	1530	Miridae,Braconidae	BGSNH391-24_r_1_s_100	Chorosomella jakowleffi	0	BGSNH391-24	1	100	False	False	10200035	2542	217	1533	0.0	334.0	155.0215264187867	148.0
0	0	data/BGE00320_MGE-BGE_r1_1.3_1.5_s50_100.fasta	None	Miridae	BLAST	family	COI-5P	656	1530	Miridae,Braconidae	BGSNH391-24_r_1.3_s_50	Chorosomella jakowleffi	0	BGSNH391-24	1.3	50	False	False	10200035	3834	217	1533	0.0	474.0	189.68688845401175	172.0
0	0	data/BGE00320_MGE-BGE_r1_1.3_1.5_s50_100.fasta	None	Miridae	BLAST	family	COI-5P	656	1530	Miridae,Braconidae	BGSNH391-24_r_1.3_s_100	Chorosomella jakowleffi	0	BGSNH391-24	1.3	100	False	False	10200035	2381	217	1533	0.0	329.0	143.1115459882583	132.0
0	0	data/BGE00320_MGE-BGE_r1_1.3_1.5_s50_100.fasta	None	Miridae	BLAST	family	COI-5P	656	1515	Miridae,Braconidae	BGSNH391-24_r_1.5_s_50	Chorosomella jakowleffi	0	BGSNH391-24	1.5	50	False	False	10200035	3130	217	1533	0.0	401.0	152.50097847358123	144.0
0	0	data/BGE00320_MGE-BGE_r1_1.3_1.5_s50_100.fasta	None	Miridae	BLAST	family	COI-5P	656	1515	Miridae,Braconidae	BGSNH391-24_r_1.5_s_100	Chorosomella jakowleffi	0	BGSNH391-24	1.5	100	False	False	10200035	1987	217	1533	0.0	293.0	116.86301369863014	105.0
0	0	data/BGE00320_MGE-BGE_r1_1.3_1.5_s50_100.fasta	None	Miridae	BLAST	family	COI-5P	656	1530	Miridae,Braconidae	BGSNH392-24_r_1_s_50	Chorosomella jakowleffi	0	BGSNH392-24	1	50	False	False	10432652	2463	211	1533	0.0	260.0	104.25440313111547	102.0
0	0	data/BGE00320_MGE-BGE_r1_1.3_1.5_s50_100.fasta	None	Miridae	BLAST	family	COI-5P	656	1530	Miridae,Braconidae	BGSNH392-24_r_1_s_100	Chorosomella jakowleffi	0	BGSNH392-24	1	100	False	False	10432652	1061	211	1533	0.0	129.0	60.007827788649706	59.0
0	0	data/BGE00320_MGE-BGE_r1_1.3_1.5_s50_100.fasta	None	Miridae	BLAST	family	COI-5P	656	1530	Miridae,Braconidae	BGSNH392-24_r_1.3_s_50	Chorosomella jakowleffi	0	BGSNH392-24	1.3	50	False	False	10432652	2250	211	1533	0.0	257.0	94.25048923679061	88.0
0	0	data/BGE00320_MGE-BGE_r1_1.3_1.5_s50_100.fasta	None	Miridae	BLAST	family	COI-5P	656	1530	Miridae,Braconidae	BGSNH392-24_r_1.3_s_100	Chorosomella jakowleffi	0	BGSNH392-24	1.3	100	False	False	10432652	1017	211	1533	0.0	127.0	56.62035225048923	56.0
0	0	data/BGE00320_MGE-BGE_r1_1.3_1.5_s50_100.fasta	None	Miridae	BLAST	family	COI-5P	656	1479	Miridae	BGSNH392-24_r_1.5_s_50	Chorosomella jakowleffi	0	BGSNH392-24	1.5	50	False	False	10432652	1845	211	1533	0.0	221.0	76.81409001956948	73.0
0	0	data/BGE00320_MGE-BGE_r1_1.3_1.5_s50_100.fasta	None	Miridae	BLAST	family	COI-5P	656	1473	Miridae	BGSNH392-24_r_1.5_s_100	Chorosomella jakowleffi	0	BGSNH392-24	1.5	100	False	False	10432652	879	211	1533	0.0	113.0	48.160469667318985	49.0
0	0	data/BGE00320_MGE-BGE_r1_1.3_1.5_s50_100.fasta	None	Miridae	BLAST	family	COI-5P	657	1536	Miridae	BGSNH393-24_r_1_s_50	Closterotomus annulus	0	BGSNH393-24	1	50	False	False	11133247	48836	3164	1536	1912.0	5372.0	3323.822265625	3045.5
0	0	data/BGE00320_MGE-BGE_r1_1.3_1.5_s50_100.fasta	None	Miridae	BLAST	family	COI-5P	657	1536	Miridae	BGSNH393-24_r_1_s_100	Closterotomus annulus	0	BGSNH393-24	1	100	False	False	11133247	42543	3164	1536	1348.0	5168.0	3119.806640625	2826.0
0	0	data/BGE00320_MGE-BGE_r1_1.3_1.5_s50_100.fasta	None	Miridae	BLAST	family	COI-5P	657	1536	Miridae	BGSNH393-24_r_1.3_s_50	Closterotomus annulus	0	BGSNH393-24	1.3	50	False	False	11133247	47762	3164	1536	1826.0	5231.0	3243.634765625	2978.5
0	0	data/BGE00320_MGE-BGE_r1_1.3_1.5_s50_100.fasta	None	Miridae	BLAST	family	COI-5P	657	1536	Miridae	BGSNH393-24_r_1.3_s_100	Closterotomus annulus	0	BGSNH393-24	1.3	100	False	False	11133247	41924	3164	1536	1348.0	5091.0	3058.25390625	2754.5
0	0	data/BGE00320_MGE-BGE_r1_1.3_1.5_s50_100.fasta	None	Miridae	BLAST	family	COI-5P	657	1536	Miridae	BGSNH393-24_r_1.5_s_50	Closterotomus annulus	0	BGSNH393-24	1.5	50	False	False	11133247	45297	3164	1536	1715.0	5189.0	3106.810546875	2880.0
0	0	data/BGE00320_MGE-BGE_r1_1.3_1.5_s50_100.fasta	None	Miridae	BLAST	family	COI-5P	657	1536	Miridae	BGSNH393-24_r_1.5_s_100	Closterotomus annulus	0	BGSNH393-24	1.5	100	False	False	11133247	40382	3164	1536	1276.0	5023.0	2952.134765625	2711.0
0	20	data/BGE00320_MGE-BGE_r1_1.3_1.5_s50_100.fasta	None	Miridae	BLAST	family	COI-5P	657	1536	Miridae,Braconidae	BGSNH394-24_r_1_s_50	Closterotomus annulus	0	BGSNH394-24	1	50	False	False	13538008	14019	2291	1536	267.0	1512.0	736.1640625	674.5
0	18	data/BGE00320_MGE-BGE_r1_1.3_1.5_s50_100.fasta	None	Miridae	BLAST	family	COI-5P	657	1536	Miridae,Braconidae	BGSNH394-24_r_1_s_100	Closterotomus annulus	0	BGSNH394-24	1	100	False	False	13538008	9835	2291	1536	112.0	1293.0	601.70703125	565.0
0	0	data/BGE00320_MGE-BGE_r1_1.3_1.5_s50_100.fasta	None	Miridae	BLAST	family	COI-5P	657	1536	Miridae,Braconidae	BGSNH394-24_r_1.3_s_50	Closterotomus annulus	0	BGSNH394-24	1.3	50	False	False	13538008	12813	2291	1536	267.0	1254.0	637.59375	588.5
0	0	data/BGE00320_MGE-BGE_r1_1.3_1.5_s50_100.fasta	None	Miridae	BLAST	family	COI-5P	657	1536	Miridae,Braconidae	BGSNH394-24_r_1.3_s_100	Closterotomus annulus	0	BGSNH394-24	1.3	100	False	False	13538008	9100	2291	1536	112.0	1145.0	520.94140625	464.0
0	0	data/BGE00320_MGE-BGE_r1_1.3_1.5_s50_100.fasta	None	Miridae	BLAST	family	COI-5P	657	1536	Miridae,Braconidae	BGSNH394-24_r_1.5_s_50	Closterotomus annulus	0	BGSNH394-24	1.5	50	False	False	13538008	11743	2291	1536	248.0	1210.0	579.033203125	531.5
0	0	data/BGE00320_MGE-BGE_r1_1.3_1.5_s50_100.fasta	None	Miridae	BLAST	family	COI-5P	657	1536	Miridae,Braconidae	BGSNH394-24_r_1.5_s_100	Closterotomus annulus	0	BGSNH394-24	1.5	100	False	False	13538008	8458	2291	1536	112.0	1101.0	477.4609375	424.0
0	0	data/BGE00320_MGE-BGE_r1_1.3_1.5_s50_100.fasta	None	Miridae	BLAST	family	COI-5P	657	1536	Miridae	BGSNH395-24_r_1_s_50	Closterotomus annulus	0	BGSNH395-24	1	50	False	False	11035874	21674	3019	1536	457.0	2207.0	1259.15234375	1155.5
0	0	data/BGE00320_MGE-BGE_r1_1.3_1.5_s50_100.fasta	None	Miridae	BLAST	family	COI-5P	657	1536	Miridae	BGSNH395-24_r_1_s_100	Closterotomus annulus	0	BGSNH395-24	1	100	False	False	11035874	16845	3019	1536	159.0	1953.0	1103.240234375	1016.0
0	0	data/BGE00320_MGE-BGE_r1_1.3_1.5_s50_100.fasta	None	Miridae	BLAST	family	COI-5P	657	1536	Miridae	BGSNH395-24_r_1.3_s_50	Closterotomus annulus	0	BGSNH395-24	1.3	50	False	False	11035874	20358	3019	1536	457.0	1892.0	1141.908203125	1068.5
0	0	data/BGE00320_MGE-BGE_r1_1.3_1.5_s50_100.fasta	None	Miridae	BLAST	family	COI-5P	657	1536	Miridae	BGSNH395-24_r_1.3_s_100	Closterotomus annulus	0	BGSNH395-24	1.3	100	False	False	11035874	15931	3019	1536	159.0	1801.0	1001.212890625	907.0
0	0	data/BGE00320_MGE-BGE_r1_1.3_1.5_s50_100.fasta	None	Miridae	BLAST	family	COI-5P	657	1536	Miridae	BGSNH395-24_r_1.5_s_50	Closterotomus annulus	0	BGSNH395-24	1.5	50	False	False	11035874	19206	3019	1536	451.0	1838.0	1081.931640625	995.5
0	0	data/BGE00320_MGE-BGE_r1_1.3_1.5_s50_100.fasta	None	Miridae	BLAST	family	COI-5P	657	1536	Miridae	BGSNH395-24_r_1.5_s_100	Closterotomus annulus	0	BGSNH395-24	1.5	100	False	False	11035874	15257	3019	1536	159.0	1762.0	958.408203125	867.0
42	113	data/BGE00320_MGE-BGE_r1_1.3_1.5_s50_100.fasta	None	Miridae	BLAST	family	COI-5P	655	1536	Miridae,Anthocoridae	BGSNH396-24_r_1_s_50	Closterotomus annulus	0	BGSNH396-24	1	50	False	False	10637963	4489	1724	1536	42.0	653.0	259.861328125	253.0
29	87	data/BGE00320_MGE-BGE_r1_1.3_1.5_s50_100.fasta	None	Miridae	BLAST	family	COI-5P	655	1536	Miridae,Anthocoridae	BGSNH396-24_r_1_s_100	Closterotomus annulus	0	BGSNH396-24	1	100	False	False	10637963	2955	1724	1536	18.0	490.0	206.8515625	198.0
23	56	data/BGE00320_MGE-BGE_r1_1.3_1.5_s50_100.fasta	None	Miridae	BLAST	family	COI-5P	656	1536	Miridae	BGSNH396-24_r_1.3_s_50	Closterotomus annulus	0	BGSNH396-24	1.3	50	False	False	10637963	3241	1724	1536	35.0	329.0	166.939453125	167.5
19	45	data/BGE00320_MGE-BGE_r1_1.3_1.5_s50_100.fasta	None	Miridae	BLAST	family	COI-5P	657	1536	Miridae	BGSNH396-24_r_1.3_s_100	Closterotomus annulus	0	BGSNH396-24	1.3	100	False	False	10637963	2236	1724	1536	12.0	303.0	135.15625	135.0
7	23	data/BGE00320_MGE-BGE_r1_1.3_1.5_s50_100.fasta	None	Miridae	BLAST	family	COI-5P	656	1536	Miridae	BGSNH396-24_r_1.5_s_50	Closterotomus annulus	0	BGSNH396-24	1.5	50	False	False	10637963	2671	1724	1536	35.0	304.0	134.494140625	128.0
0	10	data/BGE00320_MGE-BGE_r1_1.3_1.5_s50_100.fasta	None	Miridae	BLAST	family	COI-5P	657	1536	Miridae,Braconidae	BGSNH396-24_r_1.5_s_100	Closterotomus annulus	0	BGSNH396-24	1.5	100	False	False	10637963	1884	1724	1536	12.0	281.0	110.064453125	104.0
25	45	data/BGE00320_MGE-BGE_r1_1.3_1.5_s50_100.fasta	None	Miridae	BLAST	family	COI-5P	653	1485	Tettigoniidae,Miridae,Anthocoridae,Ulidiidae,Vespidae	BGSNH397-24_r_1_s_50	Closterotomus costae	0	BGSNH397-24	1	50	False	False	6876899	1000	1159	1536	0.0	265.0	60.810546875	47.0
16	20	data/BGE00320_MGE-BGE_r1_1.3_1.5_s50_100.fasta	None	Miridae	BLAST	family	COI-5P	614	1353	Termitidae,Tettigoniidae,Miridae,Anthocoridae,Pachygronthidae,Ulidiidae,Vespidae	BGSNH397-24_r_1_s_100	Closterotomus costae	0	BGSNH397-24	1	100	False	False	6876899	525	1159	1536	0.0	162.0	43.93359375	35.0
9	37	data/BGE00320_MGE-BGE_r1_1.3_1.5_s50_100.fasta	None	Miridae	BLAST	family	COI-5P	578	1269	Reduviidae	BGSNH397-24_r_1.3_s_50	Closterotomus costae	0	BGSNH397-24	1.3	50	False	False	6876899	369	1159	1536	0.0	132.0	17.646484375	8.0
6	20	data/BGE00320_MGE-BGE_r1_1.3_1.5_s50_100.fasta	None	Miridae	BLAST	family	COI-5P	362	975	Reduviidae	BGSNH397-24_r_1.3_s_100	Closterotomus costae	0	BGSNH397-24	1.3	100	False	False	6876899	177	1159	1536	0.0	79.0	11.94921875	4.0
14	18	data/BGE00320_MGE-BGE_r1_1.3_1.5_s50_100.fasta	None	Miridae	BLAST	family	COI-5P	511	1164	Miridae,Staphylinidae	BGSNH397-24_r_1.5_s_50	Closterotomus costae	0	BGSNH397-24	1.5	50	False	False	6876899	216	1159	1536	0.0	61.0	9.341796875	5.0
6	6	data/BGE00320_MGE-BGE_r1_1.3_1.5_s50_100.fasta	None	Miridae	BLAST	family	COI-5P	364	915	Miridae,Staphylinidae	BGSNH397-24_r_1.5_s_100	Closterotomus costae	0	BGSNH397-24	1.5	100	False	False	6876899	102	1159	1536	0.0	48.0	6.171875	3.0
15	29	data/BGE00320_MGE-BGE_r1_1.3_1.5_s50_100.fasta	None	Miridae	BLAST	family	COI-5P	645	1434	Miridae	BGSNH398-24_r_1_s_50	Closterotomus costae	0	BGSNH398-24	1	50	False	False	7525208	1309	2231	1536	0.0	348.0	97.52734375	75.0
9	9	data/BGE00320_MGE-BGE_r1_1.3_1.5_s50_100.fasta	None	Miridae	BLAST	family	COI-5P	550	1245	Plataspidae	BGSNH398-24_r_1_s_100	Closterotomus costae	0	BGSNH398-24	1	100	False	False	7525208	757	2231	1536	0.0	262.0	77.015625	49.0
1	4	data/BGE00320_MGE-BGE_r1_1.3_1.5_s50_100.fasta	None	Miridae	BLAST	family	COI-5P	609	1299	Miridae	BGSNH398-24_r_1.3_s_50	Closterotomus costae	0	BGSNH398-24	1.3	50	False	False	7525208	377	2231	1536	0.0	127.0	19.890625	13.5
0	0	data/BGE00320_MGE-BGE_r1_1.3_1.5_s50_100.fasta	None	Miridae	BLAST	family	COI-5P	284	978	Micronectidae,Miridae	BGSNH398-24_r_1.3_s_100	Closterotomus costae	0	BGSNH398-24	1.3	100	False	False	7525208	160	2231	1536	0.0	78.0	13.04296875	6.0
2	19	data/BGE00320_MGE-BGE_r1_1.3_1.5_s50_100.fasta	None	Miridae	BLAST	family	COI-5P	513	1053	Miridae	BGSNH398-24_r_1.5_s_50	Closterotomus costae	0	BGSNH398-24	1.5	50	False	False	7525208	268	2231	1536	0.0	112.0	11.54296875	2.0
0	1	data/BGE00320_MGE-BGE_r1_1.3_1.5_s50_100.fasta	None	Miridae	BLAST	family	COI-5P	86	537	Veliidae,Notonectidae,Micronectidae,Miridae,Xyloryctidae	BGSNH398-24_r_1.5_s_100	Closterotomus costae	0	BGSNH398-24	1.5	100	False	False	7525208	95	2231	1536	0.0	68.0	6.130859375	0.0
11	43	data/BGE00320_MGE-BGE_r1_1.3_1.5_s50_100.fasta	None	Miridae	BLAST	family	COI-5P	655	1536	Miridae	BGSNH399-24_r_1_s_50	Closterotomus costae	0	BGSNH399-24	1	50	False	False	15317389	8243	4013	1536	114.0	1231.0	461.6640625	441.0
9	35	data/BGE00320_MGE-BGE_r1_1.3_1.5_s50_100.fasta	None	Miridae	BLAST	family	COI-5P	656	1536	Miridae	BGSNH399-24_r_1_s_100	Closterotomus costae	0	BGSNH399-24	1	100	False	False	15317389	5219	4013	1536	11.0	911.0	362.859375	345.5
0	0	data/BGE00320_MGE-BGE_r1_1.3_1.5_s50_100.fasta	None	Miridae	BLAST	family	COI-5P	656	1536	Miridae,Braconidae	BGSNH399-24_r_1.3_s_50	Closterotomus costae	0	BGSNH399-24	1.3	50	False	False	15317389	6223	4013	1536	114.0	694.0	296.74609375	269.5
0	0	data/BGE00320_MGE-BGE_r1_1.3_1.5_s50_100.fasta	None	Miridae	BLAST	family	COI-5P	656	1536	Miridae,Braconidae	BGSNH399-24_r_1.3_s_100	Closterotomus costae	0	BGSNH399-24	1.3	100	False	False	15317389	3917	4013	1536	11.0	606.0	225.59765625	202.0
0	0	data/BGE00320_MGE-BGE_r1_1.3_1.5_s50_100.fasta	None	Miridae	BLAST	family	COI-5P	656	1536	Miridae,Braconidae	BGSNH399-24_r_1.5_s_50	Closterotomus costae	0	BGSNH399-24	1.5	50	False	False	15317389	5569	4013	1536	46.0	623.0	259.158203125	239.0
0	0	data/BGE00320_MGE-BGE_r1_1.3_1.5_s50_100.fasta	None	Miridae	BLAST	family	COI-5P	656	1536	Miridae,Braconidae	BGSNH399-24_r_1.5_s_100	Closterotomus costae	0	BGSNH399-24	1.5	100	False	False	15317389	3569	4013	1536	11.0	547.0	198.853515625	179.0
0	11	data/BGE00320_MGE-BGE_r1_1.3_1.5_s50_100.fasta	None	Miridae	BLAST	family	COI-5P	656	1536	Miridae	BGSNH400-24_r_1_s_50	Closterotomus costae	0	BGSNH400-24	1	50	False	False	8687448	7221	3378	1536	112.0	879.0	392.16015625	363.0
0	12	data/BGE00320_MGE-BGE_r1_1.3_1.5_s50_100.fasta	None	Miridae	BLAST	family	COI-5P	656	1536	Miridae,Braconidae	BGSNH400-24_r_1_s_100	Closterotomus costae	0	BGSNH400-24	1	100	False	False	8687448	5037	3378	1536	47.0	655.0	321.146484375	317.0
0	0	data/BGE00320_MGE-BGE_r1_1.3_1.5_s50_100.fasta	None	Miridae	BLAST	family	COI-5P	656	1536	Miridae,Braconidae	BGSNH400-24_r_1.3_s_50	Closterotomus costae	0	BGSNH400-24	1.3	50	False	False	8687448	6316	3378	1536	112.0	726.0	320.58984375	307.5
0	0	data/BGE00320_MGE-BGE_r1_1.3_1.5_s50_100.fasta	None	Miridae	BLAST	family	COI-5P	656	1536	Miridae,Braconidae	BGSNH400-24_r_1.3_s_100	Closterotomus costae	0	BGSNH400-24	1.3	100	False	False	8687448	4474	3378	1536	47.0	621.0	263.32421875	246.0
0	0	data/BGE00320_MGE-BGE_r1_1.3_1.5_s50_100.fasta	None	Miridae	BLAST	family	COI-5P	656	1536	Miridae,Braconidae	BGSNH400-24_r_1.5_s_50	Closterotomus costae	0	BGSNH400-24	1.5	50	False	False	8687448	5734	3378	1536	34.0	658.0	288.291015625	272.5
0	0	data/BGE00320_MGE-BGE_r1_1.3_1.5_s50_100.fasta	None	Miridae	BLAST	family	COI-5P	656	1536	Miridae,Braconidae	BGSNH400-24_r_1.5_s_100	Closterotomus costae	0	BGSNH400-24	1.5	100	False	False	8687448	4095	3378	1536	25.0	573.0	237.794921875	219.5
0	0	data/BGE00320_MGE-BGE_r1_1.3_1.5_s50_100.fasta	None	Miridae	BLAST	family	COI-5P	656	1536	Miridae	BGSNH401-24_r_1_s_50	Closterotomus histrio	0	BGSNH401-24	1	50	False	False	12562243	2864	433	1536	89.0	480.0	154.03125	137.0
0	0	data/BGE00320_MGE-BGE_r1_1.3_1.5_s50_100.fasta	None	Miridae	BLAST	family	COI-5P	656	1536	Miridae	BGSNH401-24_r_1_s_100	Closterotomus histrio	0	BGSNH401-24	1	100	False	False	12562243	1975	433	1536	47.0	241.0	127.796875	117.0
0	0	data/BGE00320_MGE-BGE_r1_1.3_1.5_s50_100.fasta	None	Miridae	BLAST	family	COI-5P	656	1536	Miridae	BGSNH401-24_r_1.3_s_50	Closterotomus histrio	0	BGSNH401-24	1.3	50	False	False	12562243	2636	433	1536	86.0	352.0	145.91796875	133.0
0	0	data/BGE00320_MGE-BGE_r1_1.3_1.5_s50_100.fasta	None	Miridae	BLAST	family	COI-5P	656	1536	Miridae	BGSNH401-24_r_1.3_s_100	Closterotomus histrio	0	BGSNH401-24	1.3	100	False	False	12562243	1952	433	1536	47.0	237.0	126.041015625	115.5
0	0	data/BGE00320_MGE-BGE_r1_1.3_1.5_s50_100.fasta	None	Miridae	BLAST	family	COI-5P	656	1536	Miridae	BGSNH401-24_r_1.5_s_50	Closterotomus histrio	0	BGSNH401-24	1.5	50	False	False	12562243	2384	433	1536	43.0	326.0	132.82421875	121.0
0	0	data/BGE00320_MGE-BGE_r1_1.3_1.5_s50_100.fasta	None	Miridae	BLAST	family	COI-5P	656	1536	Miridae	BGSNH401-24_r_1.5_s_100	Closterotomus histrio	0	BGSNH401-24	1.5	100	False	False	12562243	1812	433	1536	41.0	236.0	116.490234375	106.0
0	0	data/BGE00320_MGE-BGE_r1_1.3_1.5_s50_100.fasta	None	Miridae	BLAST	family	COI-5P	657	1536	Miridae,Braconidae	BGSNH402-24_r_1_s_50	Closterotomus krueperi	0	BGSNH402-24	1	50	False	False	9986588	14202	1045	1536	504.0	1292.0	783.052734375	741.0
0	0	data/BGE00320_MGE-BGE_r1_1.3_1.5_s50_100.fasta	None	Miridae	BLAST	family	COI-5P	657	1536	Miridae,Braconidae	BGSNH402-24_r_1_s_100	Closterotomus krueperi	0	BGSNH402-24	1	100	False	False	9986588	10526	1045	1536	263.0	1167.0	667.021484375	644.5
0	0	data/BGE00320_MGE-BGE_r1_1.3_1.5_s50_100.fasta	None	Miridae	BLAST	family	COI-5P	657	1536	Miridae,Braconidae	BGSNH402-24_r_1.3_s_50	Closterotomus krueperi	0	BGSNH402-24	1.3	50	False	False	9986588	13632	1045	1536	481.0	1182.0	740.27734375	705.5
0	0	data/BGE00320_MGE-BGE_r1_1.3_1.5_s50_100.fasta	None	Miridae	BLAST	family	COI-5P	657	1536	Miridae,Braconidae	BGSNH402-24_r_1.3_s_100	Closterotomus krueperi	0	BGSNH402-24	1.3	100	False	False	9986588	10185	1045	1536	263.0	1075.0	633.396484375	612.0
0	0	data/BGE00320_MGE-BGE_r1_1.3_1.5_s50_100.fasta	None	Miridae	BLAST	family	COI-5P	657	1536	Miridae,Braconidae	BGSNH402-24_r_1.5_s_50	Closterotomus krueperi	0	BGSNH402-24	1.5	50	False	False	9986588	12681	1045	1536	312.0	1180.0	690.21875	661.0
0	0	data/BGE00320_MGE-BGE_r1_1.3_1.5_s50_100.fasta	None	Miridae	BLAST	family	COI-5P	657	1536	Miridae,Braconidae	BGSNH402-24_r_1.5_s_100	Closterotomus krueperi	0	BGSNH402-24	1.5	100	False	False	9986588	9621	1045	1536	234.0	1069.0	596.806640625	578.5
20	28	data/BGE00320_MGE-BGE_r1_1.3_1.5_s50_100.fasta	None	Miridae	BLAST	family	COI-5P	618	1491	Miridae	BGSNH403-24_r_1_s_50	Closterotomus krueperi	0	BGSNH403-24	1	50	False	False	3569571	650	1294	1536	0.0	206.0	53.95703125	47.0
10	17	data/BGE00320_MGE-BGE_r1_1.3_1.5_s50_100.fasta	None	Miridae	BLAST	family	COI-5P	538	1293	Miridae,Chrysomelidae	BGSNH403-24_r_1_s_100	Closterotomus krueperi	0	BGSNH403-24	1	100	False	False	3569571	471	1294	1536	0.0	154.0	47.5078125	35.5
10	10	data/BGE00320_MGE-BGE_r1_1.3_1.5_s50_100.fasta	None	Miridae	BLAST	family	COI-5P	579	1341	Miridae	BGSNH403-24_r_1.3_s_50	Closterotomus krueperi	0	BGSNH403-24	1.3	50	False	False	3569571	190	1294	1536	0.0	53.0	12.005859375	5.0
10	10	data/BGE00320_MGE-BGE_r1_1.3_1.5_s50_100.fasta	None	Miridae	BLAST	family	COI-5P	493	993	Miridae	BGSNH403-24_r_1.3_s_100	Closterotomus krueperi	0	BGSNH403-24	1.3	100	False	False	3569571	118	1294	1536	0.0	46.0	9.66015625	3.0
1	10	data/BGE00320_MGE-BGE_r1_1.3_1.5_s50_100.fasta	None	Miridae	BLAST	family	COI-5P	504	1107	Miridae	BGSNH403-24_r_1.5_s_50	Closterotomus krueperi	0	BGSNH403-24	1.5	50	False	False	3569571	116	1294	1536	0.0	38.0	5.728515625	2.0
0	2	data/BGE00320_MGE-BGE_r1_1.3_1.5_s50_100.fasta	None	Miridae	BLAST	family	COI-5P	400	798	Miridae	BGSNH403-24_r_1.5_s_100	Closterotomus krueperi	0	BGSNH403-24	1.5	100	False	False	3569571	57	1294	1536	0.0	23.0	3.880859375	1.0
44	54	data/BGE00320_MGE-BGE_r1_1.3_1.5_s50_100.fasta	None	Miridae	BLAST	family	COI-5P	655	1500	Tettigoniidae,Miridae,Ninidae,Ulidiidae,Vespidae	BGSNH404-24_r_1_s_50	Closterotomus krueperi	0	BGSNH404-24	1	50	False	False	6304315	690	811	1536	0.0	146.0	42.419921875	39.0
37	40	data/BGE00320_MGE-BGE_r1_1.3_1.5_s50_100.fasta	None	Miridae	BLAST	family	COI-5P	656	1497	Tettigoniidae,Anthocoridae,Scarabaeidae,Elateridae,Simuliidae,Ceratopogonidae,Psychodidae,Drosophilidae,Vespidae	BGSNH404-24_r_1_s_100	Closterotomus krueperi	0	BGSNH404-24	1	100	False	False	6304315	377	811	1536	0.0	84.0	31.97265625	30.0
38	59	data/BGE00320_MGE-BGE_r1_1.3_1.5_s50_100.fasta	None	Miridae	BLAST	family	COI-5P	655	1503	Miridae	BGSNH404-24_r_1.3_s_50	Closterotomus krueperi	0	BGSNH404-24	1.3	50	False	False	6304315	358	811	1536	0.0	52.0	16.296875	15.0
26	42	data/BGE00320_MGE-BGE_r1_1.3_1.5_s50_100.fasta	None	Miridae	BLAST	family	COI-5P	656	1500	Miridae	BGSNH404-24_r_1.3_s_100	Closterotomus krueperi	0	BGSNH404-24	1.3	100	False	False	6304315	176	811	1536	0.0	25.0	10.962890625	11.0
14	16	data/BGE00320_MGE-BGE_r1_1.3_1.5_s50_100.fasta	None	Miridae	BLAST	family	COI-5P	655	1503	Miridae	BGSNH404-24_r_1.5_s_50	Closterotomus krueperi	0	BGSNH404-24	1.5	50	False	False	6304315	226	811	1536	0.0	49.0	9.8125	8.0
7	9	data/BGE00320_MGE-BGE_r1_1.3_1.5_s50_100.fasta	None	Miridae	BLAST	family	COI-5P	617	1461	Miridae	BGSNH404-24_r_1.5_s_100	Closterotomus krueperi	0	BGSNH404-24	1.5	100	False	False	6304315	113	811	1536	0.0	21.0	6.54296875	6.0
0	0	data/BGE00320_MGE-BGE_r1_1.3_1.5_s50_100.fasta	None	Miridae	BLAST	family	COI-5P	656	1536	Miridae	BGSNH405-24_r_1_s_50	Closterotomus picturatus	0	BGSNH405-24	1	50	False	False	12052731	3422	376	1536	59.0	416.0	148.7265625	127.5
0	0	data/BGE00320_MGE-BGE_r1_1.3_1.5_s50_100.fasta	None	Miridae	BLAST	family	COI-5P	656	1536	Miridae	BGSNH405-24_r_1_s_100	Closterotomus picturatus	0	BGSNH405-24	1	100	False	False	12052731	1882	376	1536	11.0	224.0	101.94140625	91.0
0	0	data/BGE00320_MGE-BGE_r1_1.3_1.5_s50_100.fasta	None	Miridae	BLAST	family	COI-5P	656	1536	Miridae	BGSNH405-24_r_1.3_s_50	Closterotomus picturatus	0	BGSNH405-24	1.3	50	False	False	12052731	3245	376	1536	57.0	352.0	140.966796875	121.0
0	0	data/BGE00320_MGE-BGE_r1_1.3_1.5_s50_100.fasta	None	Miridae	BLAST	family	COI-5P	656	1536	Miridae	BGSNH405-24_r_1.3_s_100	Closterotomus picturatus	0	BGSNH405-24	1.3	100	False	False	12052731	1845	376	1536	11.0	221.0	98.888671875	87.5
0	0	data/BGE00320_MGE-BGE_r1_1.3_1.5_s50_100.fasta	None	Miridae	BLAST	family	COI-5P	656	1536	Miridae	BGSNH405-24_r_1.5_s_50	Closterotomus picturatus	0	BGSNH405-24	1.5	50	False	False	12052731	2943	376	1536	22.0	327.0	126.8359375	111.5
0	0	data/BGE00320_MGE-BGE_r1_1.3_1.5_s50_100.fasta	None	Miridae	BLAST	family	COI-5P	656	1536	Miridae	BGSNH405-24_r_1.5_s_100	Closterotomus picturatus	0	BGSNH405-24	1.5	100	False	False	12052731	1720	376	1536	11.0	220.0	90.869140625	83.0
0	0	data/BGE00320_MGE-BGE_r1_1.3_1.5_s50_100.fasta	None	Miridae	BLAST	family	COI-5P	656	1536	Miridae	BGSNH406-24_r_1_s_50	Closterotomus picturatus	0	BGSNH406-24	1	50	False	False	18424206	30524	3718	1536	855.0	2541.0	1522.7578125	1445.0
0	0	data/BGE00320_MGE-BGE_r1_1.3_1.5_s50_100.fasta	None	Miridae	BLAST	family	COI-5P	656	1536	Miridae	BGSNH406-24_r_1_s_100	Closterotomus picturatus	0	BGSNH406-24	1	100	False	False	18424206	19980	3718	1536	247.0	2063.0	1193.15234375	1143.0
0	0	data/BGE00320_MGE-BGE_r1_1.3_1.5_s50_100.fasta	None	Miridae	BLAST	family	COI-5P	656	1536	Miridae	BGSNH406-24_r_1.3_s_50	Closterotomus picturatus	0	BGSNH406-24	1.3	50	False	False	18424206	29273	3718	1536	855.0	2401.0	1428.34765625	1377.0
0	0	data/BGE00320_MGE-BGE_r1_1.3_1.5_s50_100.fasta	None	Miridae	BLAST	family	COI-5P	656	1536	Miridae	BGSNH406-24_r_1.3_s_100	Closterotomus picturatus	0	BGSNH406-24	1.3	100	False	False	18424206	19226	3718	1536	247.0	1923.0	1117.09765625	1083.0
0	0	data/BGE00320_MGE-BGE_r1_1.3_1.5_s50_100.fasta	None	Miridae	BLAST	family	COI-5P	656	1536	Miridae	BGSNH406-24_r_1.5_s_50	Closterotomus picturatus	0	BGSNH406-24	1.5	50	False	False	18424206	27214	3718	1536	248.0	2381.0	1326.33984375	1303.5
0	0	data/BGE00320_MGE-BGE_r1_1.3_1.5_s50_100.fasta	None	Miridae	BLAST	family	COI-5P	656	1536	Miridae	BGSNH406-24_r_1.5_s_100	Closterotomus picturatus	0	BGSNH406-24	1.5	100	False	False	18424206	18192	3718	1536	245.0	1904.0	1050.57421875	993.5
0	6	data/BGE00320_MGE-BGE_r1_1.3_1.5_s50_100.fasta	None	Miridae	BLAST	family	COI-5P	656	1536	Miridae	BGSNH407-24_r_1_s_50	Closterotomus picturatus	0	BGSNH407-24	1	50	False	False	6509576	7697	2111	1536	111.0	670.0	397.310546875	385.0
0	16	data/BGE00320_MGE-BGE_r1_1.3_1.5_s50_100.fasta	None	Miridae	BLAST	family	COI-5P	656	1536	Miridae	BGSNH407-24_r_1_s_100	Closterotomus picturatus	0	BGSNH407-24	1	100	False	False	6509576	5005	2111	1536	38.0	528.0	309.90234375	302.0
0	0	data/BGE00320_MGE-BGE_r1_1.3_1.5_s50_100.fasta	None	Miridae	BLAST	family	COI-5P	656	1536	Miridae	BGSNH407-24_r_1.3_s_50	Closterotomus picturatus	0	BGSNH407-24	1.3	50	False	False	6509576	6826	2111	1536	111.0	553.0	327.19921875	326.0
0	0	data/BGE00320_MGE-BGE_r1_1.3_1.5_s50_100.fasta	None	Miridae	BLAST	family	COI-5P	656	1536	Miridae	BGSNH407-24_r_1.3_s_100	Closterotomus picturatus	0	BGSNH407-24	1.3	100	False	False	6509576	4454	2111	1536	38.0	448.0	252.5859375	258.0
0	0	data/BGE00320_MGE-BGE_r1_1.3_1.5_s50_100.fasta	None	Miridae	BLAST	family	COI-5P	656	1536	Miridae	BGSNH407-24_r_1.5_s_50	Closterotomus picturatus	0	BGSNH407-24	1.5	50	False	False	6509576	6292	2111	1536	56.0	552.0	297.92578125	290.0
0	0	data/BGE00320_MGE-BGE_r1_1.3_1.5_s50_100.fasta	None	Miridae	BLAST	family	COI-5P	656	1536	Miridae	BGSNH407-24_r_1.5_s_100	Closterotomus picturatus	0	BGSNH407-24	1.5	100	False	False	6509576	4171	2111	1536	38.0	422.0	232.330078125	233.0
27	48	data/BGE00320_MGE-BGE_r1_1.3_1.5_s50_100.fasta	None	Miridae	BLAST	family	COI-5P	656	1536	Miridae	BGSNH408-24_r_1_s_50	Closterotomus picturatus	0	BGSNH408-24	1	50	False	False	6872143	2893	2239	1536	16.0	499.0	170.51171875	156.5
12	33	data/BGE00320_MGE-BGE_r1_1.3_1.5_s50_100.fasta	None	Miridae	BLAST	family	COI-5P	653	1515	Miridae	BGSNH408-24_r_1_s_100	Closterotomus picturatus	0	BGSNH408-24	1	100	False	False	6872143	1792	2239	1536	0.0	334.0	134.0234375	124.0
1	1	data/BGE00320_MGE-BGE_r1_1.3_1.5_s50_100.fasta	None	Miridae	BLAST	family	COI-5P	656	1536	Miridae	BGSNH408-24_r_1.3_s_50	Closterotomus picturatus	0	BGSNH408-24	1.3	50	False	False	6872143	1841	2239	1536	16.0	186.0	84.798828125	82.0
0	0	data/BGE00320_MGE-BGE_r1_1.3_1.5_s50_100.fasta	None	Miridae	BLAST	family	COI-5P	656	1518	Miridae	BGSNH408-24_r_1.3_s_100	Closterotomus picturatus	0	BGSNH408-24	1.3	100	False	False	6872143	1100	2239	1536	0.0	113.0	62.0625	63.0
0	0	data/BGE00320_MGE-BGE_r1_1.3_1.5_s50_100.fasta	None	Miridae	BLAST	family	COI-5P	656	1536	Miridae	BGSNH408-24_r_1.5_s_50	Closterotomus picturatus	0	BGSNH408-24	1.5	50	False	False	6872143	1601	2239	1536	12.0	186.0	72.365234375	69.0
0	0	data/BGE00320_MGE-BGE_r1_1.3_1.5_s50_100.fasta	None	Miridae	BLAST	family	COI-5P	656	1518	Miridae	BGSNH408-24_r_1.5_s_100	Closterotomus picturatus	0	BGSNH408-24	1.5	100	False	False	6872143	978	2239	1536	0.0	103.0	53.42578125	54.0
0	0	data/BGE00320_MGE-BGE_r1_1.3_1.5_s50_100.fasta	None	Miridae	BLAST	family	COI-5P	656	1536	Miridae,Braconidae	BGSNH409-24_r_1_s_50	Closterotomus princeps	0	BGSNH409-24	1	50	False	False	10094122	18900	5208	1536	491.0	1768.0	1027.765625	995.0
0	0	data/BGE00320_MGE-BGE_r1_1.3_1.5_s50_100.fasta	None	Miridae	BLAST	family	COI-5P	656	1536	Miridae,Braconidae	BGSNH409-24_r_1_s_100	Closterotomus princeps	0	BGSNH409-24	1	100	False	False	10094122	13700	5208	1536	277.0	1474.0	858.689453125	836.5
0	0	data/BGE00320_MGE-BGE_r1_1.3_1.5_s50_100.fasta	None	Miridae	BLAST	family	COI-5P	656	1536	Miridae,Braconidae	BGSNH409-24_r_1.3_s_50	Closterotomus princeps	0	BGSNH409-24	1.3	50	False	False	10094122	17532	5208	1536	399.0	1489.0	933.197265625	914.0
0	0	data/BGE00320_MGE-BGE_r1_1.3_1.5_s50_100.fasta	None	Miridae	BLAST	family	COI-5P	656	1536	Miridae,Braconidae	BGSNH409-24_r_1.3_s_100	Closterotomus princeps	0	BGSNH409-24	1.3	100	False	False	10094122	12993	5208	1536	277.0	1355.0	790.681640625	775.0
0	0	data/BGE00320_MGE-BGE_r1_1.3_1.5_s50_100.fasta	None	Miridae	BLAST	family	COI-5P	656	1536	Miridae,Braconidae	BGSNH409-24_r_1.5_s_50	Closterotomus princeps	0	BGSNH409-24	1.5	50	False	False	10094122	15761	5208	1536	132.0	1452.0	824.5859375	822.5
0	0	data/BGE00320_MGE-BGE_r1_1.3_1.5_s50_100.fasta	None	Miridae	BLAST	family	COI-5P	656	1536	Miridae,Braconidae	BGSNH409-24_r_1.5_s_100	Closterotomus princeps	0	BGSNH409-24	1.5	100	False	False	10094122	11890	5208	1536	132.0	1313.0	706.2421875	671.0
5	24	data/BGE00320_MGE-BGE_r1_1.3_1.5_s50_100.fasta	None	Miridae	BLAST	family	COI-5P	656	1536	Miridae,Braconidae	BGSNH410-24_r_1_s_50	Closterotomus princeps	0	BGSNH410-24	1	50	False	False	17321631	21367	7028	1536	385.0	2349.0	1253.4765625	1279.5
5	29	data/BGE00320_MGE-BGE_r1_1.3_1.5_s50_100.fasta	None	Miridae	BLAST	family	COI-5P	656	1536	Miridae	BGSNH410-24_r_1_s_100	Closterotomus princeps	0	BGSNH410-24	1	100	False	False	17321631	15665	7028	1536	188.0	1967.0	1060.69921875	1046.5
0	0	data/BGE00320_MGE-BGE_r1_1.3_1.5_s50_100.fasta	None	Miridae	BLAST	family	COI-5P	656	1536	Miridae,Braconidae	BGSNH410-24_r_1.3_s_50	Closterotomus princeps	0	BGSNH410-24	1.3	50	False	False	17321631	17825	7028	1536	385.0	1837.0	993.865234375	981.0
0	0	data/BGE00320_MGE-BGE_r1_1.3_1.5_s50_100.fasta	None	Miridae	BLAST	family	COI-5P	656	1536	Miridae,Braconidae	BGSNH410-24_r_1.3_s_100	Closterotomus princeps	0	BGSNH410-24	1.3	100	False	False	17321631	13461	7028	1536	188.0	1700.0	856.71484375	831.5
0	0	data/BGE00320_MGE-BGE_r1_1.3_1.5_s50_100.fasta	None	Miridae	BLAST	family	COI-5P	656	1536	Miridae,Braconidae	BGSNH410-24_r_1.5_s_50	Closterotomus princeps	0	BGSNH410-24	1.5	50	False	False	17321631	15550	7028	1536	117.0	1504.0	842.361328125	856.5
0	0	data/BGE00320_MGE-BGE_r1_1.3_1.5_s50_100.fasta	None	Miridae	BLAST	family	COI-5P	656	1536	Miridae,Braconidae	BGSNH410-24_r_1.5_s_100	Closterotomus princeps	0	BGSNH410-24	1.5	100	False	False	17321631	11981	7028	1536	117.0	1374.0	733.921875	735.5
7	12	data/BGE00320_MGE-BGE_r1_1.3_1.5_s50_100.fasta	None	Miridae	BLAST	family	COI-5P	654	1536	Miridae	BGSNH411-24_r_1_s_50	Closterotomus putoni	0	BGSNH411-24	1	50	False	False	11627589	1968	2535	1536	2.0	503.0	130.158203125	85.0
4	9	data/BGE00320_MGE-BGE_r1_1.3_1.5_s50_100.fasta	None	Miridae	BLAST	family	COI-5P	588	1395	Miridae	BGSNH411-24_r_1_s_100	Closterotomus putoni	0	BGSNH411-24	1	100	False	False	11627589	1113	2535	1536	0.0	451.0	99.9296875	47.0
5	7	data/BGE00320_MGE-BGE_r1_1.3_1.5_s50_100.fasta	None	Miridae	BLAST	family	COI-5P	654	1524	Miridae	BGSNH411-24_r_1.3_s_50	Closterotomus putoni	0	BGSNH411-24	1.3	50	False	False	11627589	819	2535	1536	0.0	147.0	34.345703125	27.0
2	2	data/BGE00320_MGE-BGE_r1_1.3_1.5_s50_100.fasta	None	Miridae	BLAST	family	COI-5P	590	1389	Anostostomatidae,Corixidae,Micronectidae,Miridae,Lauxaniidae	BGSNH411-24_r_1.3_s_100	Closterotomus putoni	0	BGSNH411-24	1.3	100	False	False	11627589	364	2535	1536	0.0	97.0	20.509765625	14.0
2	2	data/BGE00320_MGE-BGE_r1_1.3_1.5_s50_100.fasta	None	Miridae	BLAST	family	COI-5P	654	1470	Miridae	BGSNH411-24_r_1.5_s_50	Closterotomus putoni	0	BGSNH411-24	1.5	50	False	False	11627589	600	2535	1536	0.0	141.0	24.34375	19.0
0	0	data/BGE00320_MGE-BGE_r1_1.3_1.5_s50_100.fasta	None	Miridae	BLAST	family	COI-5P	590	1389	Miridae	BGSNH411-24_r_1.5_s_100	Closterotomus putoni	0	BGSNH411-24	1.5	100	False	False	11627589	296	2535	1536	0.0	54.0	15.513671875	11.0
0	0	data/BGE00320_MGE-BGE_r1_1.3_1.5_s50_100.fasta	None	Miridae	BLAST	family	COI-5P	657	1536	Miridae	BGSNH412-24_r_1_s_50	Closterotomus reuteri	0	BGSNH412-24	1	50	False	False	15642126	11726	5072	1536	215.0	1258.0	635.763671875	591.0
0	0	data/BGE00320_MGE-BGE_r1_1.3_1.5_s50_100.fasta	None	Miridae	BLAST	family	COI-5P	657	1536	Miridae	BGSNH412-24_r_1_s_100	Closterotomus reuteri	0	BGSNH412-24	1	100	False	False	15642126	8400	5072	1536	102.0	1091.0	524.701171875	478.0
0	0	data/BGE00320_MGE-BGE_r1_1.3_1.5_s50_100.fasta	None	Miridae	BLAST	family	COI-5P	657	1536	Miridae	BGSNH412-24_r_1.3_s_50	Closterotomus reuteri	0	BGSNH412-24	1.3	50	False	False	15642126	10352	5072	1536	215.0	1074.0	537.369140625	496.5
0	0	data/BGE00320_MGE-BGE_r1_1.3_1.5_s50_100.fasta	None	Miridae	BLAST	family	COI-5P	657	1536	Miridae	BGSNH412-24_r_1.3_s_100	Closterotomus reuteri	0	BGSNH412-24	1.3	100	False	False	15642126	7608	5072	1536	102.0	982.0	450.259765625	412.5
0	0	data/BGE00320_MGE-BGE_r1_1.3_1.5_s50_100.fasta	None	Miridae	BLAST	family	COI-5P	657	1536	Miridae	BGSNH412-24_r_1.5_s_50	Closterotomus reuteri	0	BGSNH412-24	1.5	50	False	False	15642126	9414	5072	1536	61.0	1039.0	486.974609375	469.0
0	0	data/BGE00320_MGE-BGE_r1_1.3_1.5_s50_100.fasta	None	Miridae	BLAST	family	COI-5P	657	1536	Miridae	BGSNH412-24_r_1.5_s_100	Closterotomus reuteri	0	BGSNH412-24	1.5	100	False	False	15642126	7081	5072	1536	61.0	963.0	415.046875	387.5
0	0	data/BGE00320_MGE-BGE_r1_1.3_1.5_s50_100.fasta	None	Miridae	BLAST	family	COI-5P	657	1536	Miridae	BGSNH413-24_r_1_s_50	Closterotomus reuteri	0	BGSNH413-24	1	50	False	False	16651359	17193	3874	1536	627.0	1876.0	1016.748046875	989.5
0	0	data/BGE00320_MGE-BGE_r1_1.3_1.5_s50_100.fasta	None	Miridae	BLAST	family	COI-5P	657	1536	Miridae	BGSNH413-24_r_1_s_100	Closterotomus reuteri	0	BGSNH413-24	1	100	False	False	16651359	13244	3874	1536	313.0	1592.0	884.55078125	872.0
0	0	data/BGE00320_MGE-BGE_r1_1.3_1.5_s50_100.fasta	None	Miridae	BLAST	family	COI-5P	657	1536	Miridae	BGSNH413-24_r_1.3_s_50	Closterotomus reuteri	0	BGSNH413-24	1.3	50	False	False	16651359	15465	3874	1536	539.0	1557.0	906.634765625	890.0
0	0	data/BGE00320_MGE-BGE_r1_1.3_1.5_s50_100.fasta	None	Miridae	BLAST	family	COI-5P	657	1536	Miridae	BGSNH413-24_r_1.3_s_100	Closterotomus reuteri	0	BGSNH413-24	1.3	100	False	False	16651359	12355	3874	1536	312.0	1458.0	806.93359375	815.0
0	0	data/BGE00320_MGE-BGE_r1_1.3_1.5_s50_100.fasta	None	Miridae	BLAST	family	COI-5P	657	1536	Miridae	BGSNH413-24_r_1.5_s_50	Closterotomus reuteri	0	BGSNH413-24	1.5	50	False	False	16651359	13491	3874	1536	134.0	1490.0	782.03125	777.0
0	0	data/BGE00320_MGE-BGE_r1_1.3_1.5_s50_100.fasta	None	Miridae	BLAST	family	COI-5P	657	1536	Miridae	BGSNH413-24_r_1.5_s_100	Closterotomus reuteri	0	BGSNH413-24	1.5	100	False	False	16651359	10961	3874	1536	134.0	1398.0	704.66015625	714.0
49	152	data/BGE00320_MGE-BGE_r1_1.3_1.5_s50_100.fasta	None	Miridae	BLAST	family	COI-5P	653	1536	Miridae	BGSNH414-24_r_1_s_50	Closterotomus reuteri	0	BGSNH414-24	1	50	False	False	11436030	1652	2003	1536	2.0	307.0	94.216796875	86.0
36	111	data/BGE00320_MGE-BGE_r1_1.3_1.5_s50_100.fasta	None	Miridae	BLAST	family	COI-5P	656	1536	Miridae	BGSNH414-24_r_1_s_100	Closterotomus reuteri	0	BGSNH414-24	1	100	False	False	11436030	798	2003	1536	2.0	231.0	64.294921875	51.0
25	61	data/BGE00320_MGE-BGE_r1_1.3_1.5_s50_100.fasta	None	Miridae	BLAST	family	COI-5P	653	1536	Micronectidae,Miridae,Anthocoridae,Reduviidae,Scutelleridae	BGSNH414-24_r_1.3_s_50	Closterotomus reuteri	0	BGSNH414-24	1.3	50	False	False	11436030	930	2003	1536	1.0	147.0	45.013671875	37.0
21	53	data/BGE00320_MGE-BGE_r1_1.3_1.5_s50_100.fasta	None	Miridae	BLAST	family	COI-5P	656	1536	Miridae	BGSNH414-24_r_1.3_s_100	Closterotomus reuteri	0	BGSNH414-24	1.3	100	False	False	11436030	445	2003	1536	1.0	116.0	29.423828125	20.0
21	33	data/BGE00320_MGE-BGE_r1_1.3_1.5_s50_100.fasta	None	Miridae	BLAST	family	COI-5P	651	1494	Miridae	BGSNH414-24_r_1.5_s_50	Closterotomus reuteri	0	BGSNH414-24	1.5	50	False	False	11436030	609	2003	1536	0.0	114.0	26.896484375	21.0
19	32	data/BGE00320_MGE-BGE_r1_1.3_1.5_s50_100.fasta	None	Miridae	BLAST	family	COI-5P	653	1488	Gerridae,Miridae,Anthocoridae,Pentatomidae,Staphylinidae	BGSNH414-24_r_1.5_s_100	Closterotomus reuteri	0	BGSNH414-24	1.5	100	False	False	11436030	278	2003	1536	0.0	84.0	16.82421875	12.0
23	60	data/BGE00320_MGE-BGE_r1_1.3_1.5_s50_100.fasta	None	Miridae	BLAST	family	COI-5P	657	1536	Miridae,Braconidae	BGSNH415-24_r_1_s_50	Closterotomus tunetanus	0	BGSNH415-24	1	50	False	False	8211818	959	191	1536	12.0	115.0	39.298828125	37.0
2	48	data/BGE00320_MGE-BGE_r1_1.3_1.5_s50_100.fasta	None	Miridae	BLAST	family	COI-5P	657	1536	Miridae	BGSNH415-24_r_1_s_100	Closterotomus tunetanus	0	BGSNH415-24	1	100	False	False	8211818	320	191	1536	1.0	49.0	19.546875	17.0
0	0	data/BGE00320_MGE-BGE_r1_1.3_1.5_s50_100.fasta	None	Miridae	BLAST	family	COI-5P	657	1536	Miridae	BGSNH415-24_r_1.3_s_50	Closterotomus tunetanus	0	BGSNH415-24	1.3	50	False	False	8211818	763	191	1536	12.0	74.0	28.283203125	26.0
3	3	data/BGE00320_MGE-BGE_r1_1.3_1.5_s50_100.fasta	None	Miridae	BLAST	family	COI-5P	657	1536	Miridae,Braconidae	BGSNH415-24_r_1.3_s_100	Closterotomus tunetanus	0	BGSNH415-24	1.3	100	False	False	8211818	249	191	1536	1.0	26.0	12.876953125	12.0
1	1	data/BGE00320_MGE-BGE_r1_1.3_1.5_s50_100.fasta	None	Miridae	BLAST	family	COI-5P	657	1536	Miridae,Braconidae	BGSNH415-24_r_1.5_s_50	Closterotomus tunetanus	0	BGSNH415-24	1.5	50	False	False	8211818	606	191	1536	4.0	65.0	22.5390625	21.0
5	5	data/BGE00320_MGE-BGE_r1_1.3_1.5_s50_100.fasta	None	Miridae	BLAST	family	COI-5P	657	1536	Miridae	BGSNH415-24_r_1.5_s_100	Closterotomus tunetanus	0	BGSNH415-24	1.5	100	False	False	8211818	225	191	1536	1.0	26.0	11.43359375	11.0
5	6	data/BGE00320_MGE-BGE_r1_1.3_1.5_s50_100.fasta	None	Miridae	BLAST	family	COI-5P	650	1440		BGSNH416-24_r_1_s_50	Closterotomus vicinus	1	BGSNH416-24	1	50	False	False	7130084	1274	2619	1536	0.0	279.0	98.806640625	79.0
0	2	data/BGE00320_MGE-BGE_r1_1.3_1.5_s50_100.fasta	None	Miridae	BLAST	family	COI-5P	653	1377	Argiolestidae,Rhinotermitidae,Kalotermitidae,Termitidae,Tettigoniidae,Acrididae,Asilidae,Ulidiidae,Vespidae	BGSNH416-24_r_1_s_100	Closterotomus vicinus	1	BGSNH416-24	1	100	False	False	7130084	770	2619	1536	0.0	231.0	80.5859375	62.0
8	14	data/BGE00320_MGE-BGE_r1_1.3_1.5_s50_100.fasta	None	Miridae	BLAST	family	COI-5P	441	1212	Kalotermitidae,Tettigoniidae,Perlidae,Scirtidae,Curculionidae,Tephritidae,Ulidiidae,Vespidae	BGSNH416-24_r_1.3_s_50	Closterotomus vicinus	0	BGSNH416-24	1.3	50	False	False	7130084	381	2619	1536	0.0	127.0	22.181640625	12.0
0	0	data/BGE00320_MGE-BGE_r1_1.3_1.5_s50_100.fasta	None	Miridae	BLAST	family	COI-5P	250	984	Tettigoniidae,Ulidiidae,Vespidae	BGSNH416-24_r_1.3_s_100	Closterotomus vicinus	0	BGSNH416-24	1.3	100	False	False	7130084	177	2619	1536	0.0	93.0	16.36328125	6.0
7	18	data/BGE00320_MGE-BGE_r1_1.3_1.5_s50_100.fasta	None	Miridae	BLAST	family	COI-5P	282	906	Tettigoniidae,Reduviidae,Ulidiidae,Vespidae	BGSNH416-24_r_1.5_s_50	Closterotomus vicinus	0	BGSNH416-24	1.5	50	False	False	7130084	199	2619	1536	0.0	112.0	6.935546875	2.0
0	6	data/BGE00320_MGE-BGE_r1_1.3_1.5_s50_100.fasta	None	Miridae	BLAST	family	COI-5P	224	768	Tettigoniidae,Reduviidae,Ulidiidae,Vespidae	BGSNH416-24_r_1.5_s_100	Closterotomus vicinus	0	BGSNH416-24	1.5	100	False	False	7130084	57	2619	1536	0.0	20.0	3.228515625	0.5
1	6	data/BGE00320_MGE-BGE_r1_1.3_1.5_s50_100.fasta	None	Miridae	BLAST	family	COI-5P	475	1278	Miridae	BGSNH417-24_r_1_s_50	Compsidolon balachowskyi	0	BGSNH417-24	1	50	False	False	14568399	2876	51	1533	0.0	741.0	127.35812133072407	125.0
0	0	data/BGE00320_MGE-BGE_r1_1.3_1.5_s50_100.fasta	None	Miridae	BLAST	family	COI-5P	467	1278	Miridae	BGSNH417-24_r_1_s_100	Compsidolon balachowskyi	0	BGSNH417-24	1	100	False	False	14568399	1389	51	1533	0.0	191.0	83.2133072407045	92.0
0	0	data/BGE00320_MGE-BGE_r1_1.3_1.5_s50_100.fasta	None	Miridae	BLAST	family	COI-5P	465	1278	Miridae	BGSNH417-24_r_1.3_s_50	Compsidolon balachowskyi	0	BGSNH417-24	1.3	50	False	False	14568399	2542	51	1533	0.0	687.0	115.02544031311155	118.0
0	0	data/BGE00320_MGE-BGE_r1_1.3_1.5_s50_100.fasta	None	Miridae	BLAST	family	COI-5P	467	1278	Miridae	BGSNH417-24_r_1.3_s_100	Compsidolon balachowskyi	0	BGSNH417-24	1.3	100	False	False	14568399	1344	51	1533	0.0	191.0	80.24070450097847	89.0
0	0	data/BGE00320_MGE-BGE_r1_1.3_1.5_s50_100.fasta	None	Miridae	BLAST	family	COI-5P	467	1278	Miridae	BGSNH417-24_r_1.5_s_50	Compsidolon balachowskyi	0	BGSNH417-24	1.5	50	False	False	14568399	1977	51	1533	0.0	310.0	95.50489236790607	106.0
0	0	data/BGE00320_MGE-BGE_r1_1.3_1.5_s50_100.fasta	None	Miridae	BLAST	family	COI-5P	467	1278	Miridae	BGSNH417-24_r_1.5_s_100	Compsidolon balachowskyi	0	BGSNH417-24	1.5	100	False	False	14568399	1266	51	1533	0.0	187.0	74.92954990215264	84.0
2	3	data/BGE00320_MGE-BGE_r1_1.3_1.5_s50_100.fasta	None	Miridae	BLAST	family	COI-5P	474	1278	Miridae	BGSNH418-24_r_1_s_50	Compsidolon balachowskyi	0	BGSNH418-24	1	50	False	False	11572198	1049	16	1533	0.0	419.0	41.448140900195696	33.0
0	0	data/BGE00320_MGE-BGE_r1_1.3_1.5_s50_100.fasta	None	Miridae	BLAST	family	COI-5P	467	1278	Miridae	BGSNH418-24_r_1_s_100	Compsidolon balachowskyi	0	BGSNH418-24	1	100	False	False	11572198	359	16	1533	0.0	41.0	21.46379647749511	25.0
0	0	data/BGE00320_MGE-BGE_r1_1.3_1.5_s50_100.fasta	None	Miridae	BLAST	family	COI-5P	465	1278	Miridae	BGSNH418-24_r_1.3_s_50	Compsidolon balachowskyi	0	BGSNH418-24	1.3	50	False	False	11572198	861	16	1533	0.0	388.0	34.90802348336595	29.0
0	0	data/BGE00320_MGE-BGE_r1_1.3_1.5_s50_100.fasta	None	Miridae	BLAST	family	COI-5P	467	1278	Miridae	BGSNH418-24_r_1.3_s_100	Compsidolon balachowskyi	0	BGSNH418-24	1.3	100	False	False	11572198	349	16	1533	0.0	40.0	20.665362035225048	24.0
0	0	data/BGE00320_MGE-BGE_r1_1.3_1.5_s50_100.fasta	None	Miridae	BLAST	family	COI-5P	466	1260	Miridae	BGSNH418-24_r_1.5_s_50	Compsidolon balachowskyi	0	BGSNH418-24	1.5	50	False	False	11572198	517	16	1533	0.0	102.0	23.9119373776908	25.0
0	0	data/BGE00320_MGE-BGE_r1_1.3_1.5_s50_100.fasta	None	Miridae	BLAST	family	COI-5P	467	1260	Miridae	BGSNH418-24_r_1.5_s_100	Compsidolon balachowskyi	0	BGSNH418-24	1.5	100	False	False	11572198	323	16	1533	0.0	39.0	18.65753424657534	22.0
0	0	data/BGE00320_MGE-BGE_r1_1.3_1.5_s50_100.fasta	None	Miridae	BLAST	family	COI-5P	524	1278	Miridae	BGSNH419-24_r_1_s_50	Compsidolon longiceps	2	BGSNH419-24	1	50	False	False	12322685	5340	126	1533	0.0	516.0	287.46771037182	323.0
0	0	data/BGE00320_MGE-BGE_r1_1.3_1.5_s50_100.fasta	None	Miridae	BLAST	family	COI-5P	524	1278	Miridae	BGSNH419-24_r_1_s_100	Compsidolon longiceps	2	BGSNH419-24	1	100	False	False	12322685	3801	126	1533	0.0	465.0	239.38747553816046	267.0
0	0	data/BGE00320_MGE-BGE_r1_1.3_1.5_s50_100.fasta	None	Miridae	BLAST	family	COI-5P	524	1278	Miridae	BGSNH419-24_r_1.3_s_50	Compsidolon longiceps	2	BGSNH419-24	1.3	50	False	False	12322685	5118	126	1533	0.0	509.0	275.8767123287671	315.0
0	0	data/BGE00320_MGE-BGE_r1_1.3_1.5_s50_100.fasta	None	Miridae	BLAST	family	COI-5P	524	1278	Miridae	BGSNH419-24_r_1.3_s_100	Compsidolon longiceps	2	BGSNH419-24	1.3	100	False	False	12322685	3699	126	1533	0.0	465.0	232.10763209393346	259.0
0	0	data/BGE00320_MGE-BGE_r1_1.3_1.5_s50_100.fasta	None	Miridae	BLAST	family	COI-5P	524	1278	Miridae	BGSNH419-24_r_1.5_s_50	Compsidolon longiceps	2	BGSNH419-24	1.5	50	False	False	12322685	4711	126	1533	0.0	502.0	253.34833659491193	293.0
0	0	data/BGE00320_MGE-BGE_r1_1.3_1.5_s50_100.fasta	None	Miridae	BLAST	family	COI-5P	524	1278	Miridae	BGSNH419-24_r_1.5_s_100	Compsidolon longiceps	2	BGSNH419-24	1.5	100	False	False	12322685	3498	126	1533	0.0	460.0	216.61448140900197	246.0
0	0	data/BGE00320_MGE-BGE_r1_1.3_1.5_s50_100.fasta	None	Miridae	BLAST	family	COI-5P	524	1278	Miridae	BGSNH420-24_r_1_s_50	Compsidolon longiceps	2	BGSNH420-24	1	50	False	False	23882192	21171	309	1533	0.0	3134.0	1138.1917808219177	1201.0
0	0	data/BGE00320_MGE-BGE_r1_1.3_1.5_s50_100.fasta	None	Miridae	BLAST	family	COI-5P	524	1278	Miridae	BGSNH420-24_r_1_s_100	Compsidolon longiceps	2	BGSNH420-24	1	100	False	False	23882192	15429	309	1533	0.0	2221.0	953.5146771037182	1009.0
0	0	data/BGE00320_MGE-BGE_r1_1.3_1.5_s50_100.fasta	None	Miridae	BLAST	family	COI-5P	524	1278	Miridae	BGSNH420-24_r_1.3_s_50	Compsidolon longiceps	2	BGSNH420-24	1.3	50	False	False	23882192	19953	309	1533	0.0	2416.0	1068.0254403131116	1155.0
0	0	data/BGE00320_MGE-BGE_r1_1.3_1.5_s50_100.fasta	None	Miridae	BLAST	family	COI-5P	524	1278	Miridae	BGSNH420-24_r_1.3_s_100	Compsidolon longiceps	2	BGSNH420-24	1.3	100	False	False	23882192	14689	309	1533	0.0	1810.0	902.0782778864971	977.0
0	0	data/BGE00320_MGE-BGE_r1_1.3_1.5_s50_100.fasta	None	Miridae	BLAST	family	COI-5P	524	1278	Miridae	BGSNH420-24_r_1.5_s_50	Compsidolon longiceps	2	BGSNH420-24	1.5	50	False	False	23882192	17402	309	1533	0.0	1972.0	932.5753424657535	1059.0
0	0	data/BGE00320_MGE-BGE_r1_1.3_1.5_s50_100.fasta	None	Miridae	BLAST	family	COI-5P	524	1278	Miridae	BGSNH420-24_r_1.5_s_100	Compsidolon longiceps	2	BGSNH420-24	1.5	100	False	False	23882192	13351	309	1533	0.0	1793.0	810.3816046966732	903.0
3	13	data/BGE00320_MGE-BGE_r1_1.3_1.5_s50_100.fasta	None	Miridae	BLAST	family	COI-5P	459	1278	Miridae,Plataspidae	BGSNH421-24_r_1_s_50	Conostethus angustus	0	BGSNH421-24	1	50	False	False	11957153	840	530	1533	0.0	133.0	35.945205479452056	37.0
2	2	data/BGE00320_MGE-BGE_r1_1.3_1.5_s50_100.fasta	None	Miridae	BLAST	family	COI-5P	459	1278	Miridae,Pentatomidae,Plataspidae	BGSNH421-24_r_1_s_100	Conostethus angustus	0	BGSNH421-24	1	100	False	False	11957153	372	530	1533	0.0	55.0	22.181996086105674	25.0
0	0	data/BGE00320_MGE-BGE_r1_1.3_1.5_s50_100.fasta	None	Miridae	BLAST	family	COI-5P	459	1278	Miridae	BGSNH421-24_r_1.3_s_50	Conostethus angustus	0	BGSNH421-24	1.3	50	False	False	11957153	665	530	1533	0.0	110.0	28.416829745596868	30.0
0	0	data/BGE00320_MGE-BGE_r1_1.3_1.5_s50_100.fasta	None	Miridae	BLAST	family	COI-5P	459	1278	Miridae,Pentatomidae,Plataspidae	BGSNH421-24_r_1.3_s_100	Conostethus angustus	0	BGSNH421-24	1.3	100	False	False	11957153	336	530	1533	0.0	49.0	19.15655577299413	21.0
0	0	data/BGE00320_MGE-BGE_r1_1.3_1.5_s50_100.fasta	None	Miridae	BLAST	family	COI-5P	459	1266	Miridae,Plataspidae	BGSNH421-24_r_1.5_s_50	Conostethus angustus	0	BGSNH421-24	1.5	50	False	False	11957153	508	530	1533	0.0	53.0	22.270058708414872	25.0
0	0	data/BGE00320_MGE-BGE_r1_1.3_1.5_s50_100.fasta	None	Miridae	BLAST	family	COI-5P	459	1266	Miridae,Pentatomidae,Plataspidae	BGSNH421-24_r_1.5_s_100	Conostethus angustus	0	BGSNH421-24	1.5	100	False	False	11957153	289	530	1533	0.0	43.0	16.07045009784736	18.0
0	0	data/BGE00320_MGE-BGE_r1_1.3_1.5_s50_100.fasta	None	Miridae	BLAST	family	COI-5P	459	1278	Miridae,Pentatomidae,Plataspidae	BGSNH422-24_r_1_s_50	Conostethus angustus	0	BGSNH422-24	1	50	False	False	13155039	14184	1141	1533	0.0	1313.0	817.1154598825832	936.0
0	0	data/BGE00320_MGE-BGE_r1_1.3_1.5_s50_100.fasta	None	Miridae	BLAST	family	COI-5P	459	1278	Miridae,Pentatomidae,Plataspidae	BGSNH422-24_r_1_s_100	Conostethus angustus	0	BGSNH422-24	1	100	False	False	13155039	10226	1141	1533	0.0	1183.0	697.1272015655577	808.0
0	0	data/BGE00320_MGE-BGE_r1_1.3_1.5_s50_100.fasta	None	Miridae	BLAST	family	COI-5P	459	1278	Miridae,Pentatomidae,Plataspidae	BGSNH422-24_r_1.3_s_50	Conostethus angustus	0	BGSNH422-24	1.3	50	False	False	13155039	13702	1141	1533	0.0	1309.0	792.348336594912	912.0
0	0	data/BGE00320_MGE-BGE_r1_1.3_1.5_s50_100.fasta	None	Miridae	BLAST	family	COI-5P	459	1278	Miridae,Pentatomidae,Plataspidae	BGSNH422-24_r_1.3_s_100	Conostethus angustus	0	BGSNH422-24	1.3	100	False	False	13155039	10033	1141	1533	0.0	1181.0	683.4207436399217	790.0
0	0	data/BGE00320_MGE-BGE_r1_1.3_1.5_s50_100.fasta	None	Miridae	BLAST	family	COI-5P	459	1278	Miridae,Pentatomidae,Plataspidae	BGSNH422-24_r_1.5_s_50	Conostethus angustus	0	BGSNH422-24	1.5	50	False	False	13155039	12237	1141	1533	0.0	1307.0	706.0117416829746	849.0
0	0	data/BGE00320_MGE-BGE_r1_1.3_1.5_s50_100.fasta	None	Miridae	BLAST	family	COI-5P	459	1278	Miridae,Pentatomidae,Plataspidae	BGSNH422-24_r_1.5_s_100	Conostethus angustus	0	BGSNH422-24	1.5	100	False	False	13155039	9199	1141	1533	0.0	1181.0	616.5401174168297	757.0
0	0	data/BGE00320_MGE-BGE_r1_1.3_1.5_s50_100.fasta	None	Miridae	BLAST	family	COI-5P	458	1278	Miridae,Pentatomidae,Plataspidae	BGSNH423-24_r_1_s_50	Conostethus hungaricus	0	BGSNH423-24	1	50	False	False	8172297	25917	62	1533	0.0	2376.0	1106.6144814090019	1211.0
0	0	data/BGE00320_MGE-BGE_r1_1.3_1.5_s50_100.fasta	None	Miridae	BLAST	family	COI-5P	458	1278	Miridae,Pentatomidae,Plataspidae	BGSNH423-24_r_1_s_100	Conostethus hungaricus	0	BGSNH423-24	1	100	False	False	8172297	13424	62	1533	0.0	1640.0	721.9686888454012	766.0
0	0	data/BGE00320_MGE-BGE_r1_1.3_1.5_s50_100.fasta	None	Miridae	BLAST	family	COI-5P	458	1278	Miridae,Pentatomidae,Plataspidae	BGSNH423-24_r_1.3_s_50	Conostethus hungaricus	0	BGSNH423-24	1.3	50	False	False	8172297	24941	62	1533	0.0	2275.0	1057.1037181996087	1163.0
0	0	data/BGE00320_MGE-BGE_r1_1.3_1.5_s50_100.fasta	None	Miridae	BLAST	family	COI-5P	458	1278	Miridae,Pentatomidae,Plataspidae	BGSNH423-24_r_1.3_s_100	Conostethus hungaricus	0	BGSNH423-24	1.3	100	False	False	8172297	13090	62	1533	0.0	1635.0	698.9373776908024	742.0
0	0	data/BGE00320_MGE-BGE_r1_1.3_1.5_s50_100.fasta	None	Miridae	BLAST	family	COI-5P	458	1278	Miridae,Pentatomidae,Plataspidae	BGSNH423-24_r_1.5_s_50	Conostethus hungaricus	0	BGSNH423-24	1.5	50	False	False	8172297	22593	62	1533	0.0	2275.0	955.3268101761253	1066.0
0	0	data/BGE00320_MGE-BGE_r1_1.3_1.5_s50_100.fasta	None	Miridae	BLAST	family	COI-5P	458	1278	Miridae,Pentatomidae,Plataspidae	BGSNH423-24_r_1.5_s_100	Conostethus hungaricus	0	BGSNH423-24	1.5	100	False	False	8172297	12243	62	1533	0.0	1635.0	646.6340508806262	698.0
0	0	data/BGE00320_MGE-BGE_r1_1.3_1.5_s50_100.fasta	None	Miridae	BLAST	family	COI-5P	458	1278	Miridae,Pentatomidae,Plataspidae	BGSNH424-24_r_1_s_50	Conostethus hungaricus	0	BGSNH424-24	1	50	False	False	10872299	32375	1944	1533	0.0	3251.0	1395.187866927593	1473.0
0	0	data/BGE00320_MGE-BGE_r1_1.3_1.5_s50_100.fasta	None	Miridae	BLAST	family	COI-5P	458	1278	Miridae,Pentatomidae,Plataspidae	BGSNH424-24_r_1_s_100	Conostethus hungaricus	0	BGSNH424-24	1	100	False	False	10872299	16644	1944	1533	0.0	2154.0	907.8864970645792	972.0
0	0	data/BGE00320_MGE-BGE_r1_1.3_1.5_s50_100.fasta	None	Miridae	BLAST	family	COI-5P	458	1278	Miridae,Pentatomidae,Plataspidae	BGSNH424-24_r_1.3_s_50	Conostethus hungaricus	0	BGSNH424-24	1.3	50	False	False	10872299	30858	1944	1533	0.0	2953.0	1314.7299412915852	1406.0
0	0	data/BGE00320_MGE-BGE_r1_1.3_1.5_s50_100.fasta	None	Miridae	BLAST	family	COI-5P	458	1278	Miridae,Pentatomidae,Plataspidae	BGSNH424-24_r_1.3_s_100	Conostethus hungaricus	0	BGSNH424-24	1.3	100	False	False	10872299	16088	1944	1533	0.0	2126.0	867.2054794520548	898.0
0	0	data/BGE00320_MGE-BGE_r1_1.3_1.5_s50_100.fasta	None	Miridae	BLAST	family	COI-5P	458	1278	Miridae,Pentatomidae,Plataspidae	BGSNH424-24_r_1.5_s_50	Conostethus hungaricus	0	BGSNH424-24	1.5	50	False	False	10872299	27737	1944	1533	0.0	2943.0	1175.771037181996	1283.0
0	0	data/BGE00320_MGE-BGE_r1_1.3_1.5_s50_100.fasta	None	Miridae	BLAST	family	COI-5P	458	1278	Miridae,Pentatomidae,Plataspidae	BGSNH424-24_r_1.5_s_100	Conostethus hungaricus	0	BGSNH424-24	1.5	100	False	False	10872299	14964	1944	1533	0.0	2106.0	794.4324853228962	843.0
0	1	data/BGE00320_MGE-BGE_r1_1.3_1.5_s50_100.fasta	None	Miridae	BLAST	family	COI-5P	465	1278	Miridae	BGSNH425-24_r_1_s_50	Conostethus hungaricus	0	BGSNH425-24	1	50	False	False	10740065	2763	119	1533	0.0	247.0	110.04696673189824	119.0
0	0	data/BGE00320_MGE-BGE_r1_1.3_1.5_s50_100.fasta	None	Miridae	BLAST	family	COI-5P	465	1278	Miridae,Pentatomidae,Plataspidae	BGSNH425-24_r_1_s_100	Conostethus hungaricus	0	BGSNH425-24	1	100	False	False	10740065	1057	119	1533	0.0	159.0	57.42857142857143	60.0
0	0	data/BGE00320_MGE-BGE_r1_1.3_1.5_s50_100.fasta	None	Miridae	BLAST	family	COI-5P	465	1278	Miridae,Plataspidae	BGSNH425-24_r_1.3_s_50	Conostethus hungaricus	0	BGSNH425-24	1.3	50	False	False	10740065	2492	119	1533	0.0	219.0	95.57925636007828	105.0
0	0	data/BGE00320_MGE-BGE_r1_1.3_1.5_s50_100.fasta	None	Miridae	BLAST	family	COI-5P	465	1278	Miridae,Pentatomidae,Plataspidae	BGSNH425-24_r_1.3_s_100	Conostethus hungaricus	0	BGSNH425-24	1.3	100	False	False	10740065	978	119	1533	0.0	144.0	50.62622309197652	54.0
0	0	data/BGE00320_MGE-BGE_r1_1.3_1.5_s50_100.fasta	None	Miridae	BLAST	family	COI-5P	465	1263	Miridae,Pentatomidae,Plataspidae	BGSNH425-24_r_1.5_s_50	Conostethus hungaricus	0	BGSNH425-24	1.5	50	False	False	10740065	2137	119	1533	0.0	211.0	80.7866927592955	91.0
0	0	data/BGE00320_MGE-BGE_r1_1.3_1.5_s50_100.fasta	None	Miridae	BLAST	family	COI-5P	465	1263	Miridae,Pentatomidae,Plataspidae	BGSNH425-24_r_1.5_s_100	Conostethus hungaricus	0	BGSNH425-24	1.5	100	False	False	10740065	879	119	1533	0.0	136.0	43.900195694716245	47.0
12	54	data/BGE00320_MGE-BGE_r1_1.3_1.5_s50_100.fasta	None	Miridae	BLAST	family	COI-5P	456	1275	Reduviidae,Membracidae,Buprestidae,Cleridae,Notodontidae,Lycaenidae,Crambidae,Mantispidae	BGSNH426-24_r_1_s_50	Conostethus hungaricus	0	BGSNH426-24	1	50	False	False	15457508	3336	3516	1533	0.0	416.0	152.78473581213308	167.0
29	67	data/BGE00320_MGE-BGE_r1_1.3_1.5_s50_100.fasta	None	Miridae	BLAST	family	COI-5P	456	1275	Reduviidae,Membracidae,Buprestidae,Drosophilidae,Lycaenidae,Crambidae,Mantispidae	BGSNH426-24_r_1_s_100	Conostethus hungaricus	0	BGSNH426-24	1	100	False	False	15457508	1162	3516	1533	0.0	222.0	76.68101761252446	76.0
14	33	data/BGE00320_MGE-BGE_r1_1.3_1.5_s50_100.fasta	None	Miridae	BLAST	family	COI-5P	456	1278	Notonectidae,Miridae,Anthocoridae,Pentatomidae,Tessaratomidae,Lygaeidae,Pyrrhocoridae	BGSNH426-24_r_1.3_s_50	Conostethus hungaricus	0	BGSNH426-24	1.3	50	False	False	15457508	1948	3516	1533	0.0	320.0	76.90802348336595	51.0
17	40	data/BGE00320_MGE-BGE_r1_1.3_1.5_s50_100.fasta	None	Miridae	BLAST	family	COI-5P	456	1278	Notonectidae,Miridae,Pentatomidae,Lygaeidae,Berytidae,Tephritidae,Notodontidae	BGSNH426-24_r_1.3_s_100	Conostethus hungaricus	0	BGSNH426-24	1.3	100	False	False	15457508	626	3516	1533	0.0	147.0	35.48140900195695	20.0
7	18	data/BGE00320_MGE-BGE_r1_1.3_1.5_s50_100.fasta	None	Miridae	BLAST	family	COI-5P	457	1242	Miridae	BGSNH426-24_r_1.5_s_50	Conostethus hungaricus	0	BGSNH426-24	1.5	50	False	False	15457508	780	3516	1533	0.0	200.0	29.232876712328768	15.0
7	14	data/BGE00320_MGE-BGE_r1_1.3_1.5_s50_100.fasta	None	Miridae	BLAST	family	COI-5P	457	1242	Miridae	BGSNH426-24_r_1.5_s_100	Conostethus hungaricus	0	BGSNH426-24	1.5	100	False	False	15457508	331	3516	1533	0.0	118.0	17.240704500978474	9.0
8	18	data/BGE00320_MGE-BGE_r1_1.3_1.5_s50_100.fasta	None	Miridae	BLAST	family	COI-5P	519	1278	Miridae	BGSNH427-24_r_1_s_50	Criocoris nigricornis	0	BGSNH427-24	1	50	False	False	10184885	420	35	1533	0.0	53.0	17.430528375733854	17.0
1	5	data/BGE00320_MGE-BGE_r1_1.3_1.5_s50_100.fasta	None	Miridae	BLAST	family	COI-5P	519	1278	Miridae	BGSNH427-24_r_1_s_100	Criocoris nigricornis	0	BGSNH427-24	1	100	False	False	10184885	167	35	1533	0.0	28.0	10.201565557729941	10.0
1	2	data/BGE00320_MGE-BGE_r1_1.3_1.5_s50_100.fasta	None	Miridae	BLAST	family	COI-5P	519	1278	Miridae	BGSNH427-24_r_1.3_s_50	Criocoris nigricornis	0	BGSNH427-24	1.3	50	False	False	10184885	359	35	1533	0.0	48.0	14.356164383561644	14.0
0	0	data/BGE00320_MGE-BGE_r1_1.3_1.5_s50_100.fasta	None	Miridae	BLAST	family	COI-5P	519	1278	Miridae	BGSNH427-24_r_1.3_s_100	Criocoris nigricornis	0	BGSNH427-24	1.3	100	False	False	10184885	148	35	1533	0.0	25.0	8.520547945205479	7.0
0	1	data/BGE00320_MGE-BGE_r1_1.3_1.5_s50_100.fasta	None	Miridae	BLAST	family	COI-5P	519	1269	Miridae	BGSNH427-24_r_1.5_s_50	Criocoris nigricornis	0	BGSNH427-24	1.5	50	False	False	10184885	320	35	1533	0.0	44.0	12.58904109589041	12.0
0	0	data/BGE00320_MGE-BGE_r1_1.3_1.5_s50_100.fasta	None	Miridae	BLAST	family	COI-5P	519	1269	Miridae	BGSNH427-24_r_1.5_s_100	Criocoris nigricornis	0	BGSNH427-24	1.5	100	False	False	10184885	136	35	1533	0.0	21.0	7.561643835616438	7.0
0	0	data/BGE00320_MGE-BGE_r1_1.3_1.5_s50_100.fasta	None	Miridae	BLAST	family	COI-5P	519	1278	Miridae	BGSNH428-24_r_1_s_50	Criocoris nigricornis	0	BGSNH428-24	1	50	False	False	16413389	1403	28	1533	0.0	165.0	73.37769080234834	80.0
0	0	data/BGE00320_MGE-BGE_r1_1.3_1.5_s50_100.fasta	None	Miridae	BLAST	family	COI-5P	519	1278	Miridae	BGSNH428-24_r_1_s_100	Criocoris nigricornis	0	BGSNH428-24	1	100	False	False	16413389	856	28	1533	0.0	107.0	57.47945205479452	66.0
0	0	data/BGE00320_MGE-BGE_r1_1.3_1.5_s50_100.fasta	None	Miridae	BLAST	family	COI-5P	519	1278	Miridae	BGSNH428-24_r_1.3_s_50	Criocoris nigricornis	0	BGSNH428-24	1.3	50	False	False	16413389	1277	28	1533	0.0	156.0	68.37573385518591	75.0
0	0	data/BGE00320_MGE-BGE_r1_1.3_1.5_s50_100.fasta	None	Miridae	BLAST	family	COI-5P	519	1278	Miridae	BGSNH428-24_r_1.3_s_100	Criocoris nigricornis	0	BGSNH428-24	1.3	100	False	False	16413389	836	28	1533	0.0	104.0	56.04109589041096	64.0
0	0	data/BGE00320_MGE-BGE_r1_1.3_1.5_s50_100.fasta	None	Miridae	BLAST	family	COI-5P	519	1278	Miridae	BGSNH428-24_r_1.5_s_50	Criocoris nigricornis	0	BGSNH428-24	1.5	50	False	False	16413389	1175	28	1533	0.0	153.0	62.53228962818004	68.0
0	0	data/BGE00320_MGE-BGE_r1_1.3_1.5_s50_100.fasta	None	Miridae	BLAST	family	COI-5P	519	1278	Miridae	BGSNH428-24_r_1.5_s_100	Criocoris nigricornis	0	BGSNH428-24	1.5	100	False	False	16413389	784	28	1533	0.0	97.0	51.708414872798436	57.0
0	0	data/BGE00320_MGE-BGE_r1_1.3_1.5_s50_100.fasta	None	Miridae	BLAST	family	COI-5P	519	1278	Miridae	BGSNH429-24_r_1_s_50	Criocoris nigripes	0	BGSNH429-24	1	50	False	False	16133446	910	66	1533	0.0	84.0	42.070450097847356	46.0
0	0	data/BGE00320_MGE-BGE_r1_1.3_1.5_s50_100.fasta	None	Miridae	BLAST	family	COI-5P	519	1278	Miridae	BGSNH429-24_r_1_s_100	Criocoris nigripes	0	BGSNH429-24	1	100	False	False	16133446	499	66	1533	0.0	56.0	29.859099804305284	32.0
0	0	data/BGE00320_MGE-BGE_r1_1.3_1.5_s50_100.fasta	None	Miridae	BLAST	family	COI-5P	519	1278	Miridae	BGSNH429-24_r_1.3_s_50	Criocoris nigripes	0	BGSNH429-24	1.3	50	False	False	16133446	783	66	1533	0.0	71.0	37.23091976516634	40.0
0	0	data/BGE00320_MGE-BGE_r1_1.3_1.5_s50_100.fasta	None	Miridae	BLAST	family	COI-5P	519	1278	Miridae	BGSNH429-24_r_1.3_s_100	Criocoris nigripes	0	BGSNH429-24	1.3	100	False	False	16133446	482	66	1533	0.0	55.0	28.682974559686887	30.0
0	0	data/BGE00320_MGE-BGE_r1_1.3_1.5_s50_100.fasta	None	Miridae	BLAST	family	COI-5P	519	1278	Miridae	BGSNH429-24_r_1.5_s_50	Criocoris nigripes	0	BGSNH429-24	1.5	50	False	False	16133446	699	66	1533	0.0	66.0	32.894324853228966	36.0
0	0	data/BGE00320_MGE-BGE_r1_1.3_1.5_s50_100.fasta	None	Miridae	BLAST	family	COI-5P	519	1278	Miridae	BGSNH429-24_r_1.5_s_100	Criocoris nigripes	0	BGSNH429-24	1.5	100	False	False	16133446	440	66	1533	0.0	55.0	25.563600782778867	27.0
19	49	data/BGE00320_MGE-BGE_r1_1.3_1.5_s50_100.fasta	None	Miridae	BLAST	family	COI-5P	518	1257	Miridae	BGSNH430-24_r_1_s_50	Criocoris nigripes	0	BGSNH430-24	1	50	False	False	9257479	139	15	1533	0.0	13.0	6.185909980430528	7.0
7	21	data/BGE00320_MGE-BGE_r1_1.3_1.5_s50_100.fasta	None	Miridae	BLAST	family	COI-5P	488	1224	Miridae	BGSNH430-24_r_1_s_100	Criocoris nigripes	0	BGSNH430-24	1	100	False	False	9257479	58	15	1533	0.0	9.0	3.8003913894324852	4.0
1	9	data/BGE00320_MGE-BGE_r1_1.3_1.5_s50_100.fasta	None	Miridae	BLAST	family	COI-5P	518	1230	Miridae	BGSNH430-24_r_1.3_s_50	Criocoris nigripes	0	BGSNH430-24	1.3	50	False	False	9257479	96	15	1533	0.0	12.0	4.201565557729941	5.0
0	6	data/BGE00320_MGE-BGE_r1_1.3_1.5_s50_100.fasta	None	Miridae	BLAST	family	COI-5P	488	1197	Miridae	BGSNH430-24_r_1.3_s_100	Criocoris nigripes	0	BGSNH430-24	1.3	100	False	False	9257479	47	15	1533	0.0	8.0	2.8708414872798436	3.0
0	4	data/BGE00320_MGE-BGE_r1_1.3_1.5_s50_100.fasta	None	Miridae	BLAST	family	COI-5P	518	1230	Miridae	BGSNH430-24_r_1.5_s_50	Criocoris nigripes	0	BGSNH430-24	1.5	50	False	False	9257479	82	15	1533	0.0	12.0	3.786692759295499	4.0
0	6	data/BGE00320_MGE-BGE_r1_1.3_1.5_s50_100.fasta	None	Miridae	BLAST	family	COI-5P	408	1179	Miridae	BGSNH430-24_r_1.5_s_100	Criocoris nigripes	0	BGSNH430-24	1.5	100	False	False	9257479	45	15	1533	0.0	8.0	2.7690802348336594	3.0
0	0	data/BGE00320_MGE-BGE_r1_1.3_1.5_s50_100.fasta	None	Miridae	BLAST	family	COI-5P	519	1278	Miridae	BGSNH431-24_r_1_s_50	Criocoris piceicornis	0	BGSNH431-24	1	50	False	False	10775656	35330	61	1533	0.0	3417.0	1556.7279843444228	1612.0
0	0	data/BGE00320_MGE-BGE_r1_1.3_1.5_s50_100.fasta	None	Miridae	BLAST	family	COI-5P	519	1278	Miridae	BGSNH431-24_r_1_s_100	Criocoris piceicornis	0	BGSNH431-24	1	100	False	False	10775656	19659	61	1533	0.0	2686.0	1066.9941291585128	1072.0
0	0	data/BGE00320_MGE-BGE_r1_1.3_1.5_s50_100.fasta	None	Miridae	BLAST	family	COI-5P	519	1278	Miridae	BGSNH431-24_r_1.3_s_50	Criocoris piceicornis	0	BGSNH431-24	1.3	50	False	False	10775656	33797	61	1533	0.0	3410.0	1475.7103718199608	1554.0
0	0	data/BGE00320_MGE-BGE_r1_1.3_1.5_s50_100.fasta	None	Miridae	BLAST	family	COI-5P	519	1278	Miridae	BGSNH431-24_r_1.3_s_100	Criocoris piceicornis	0	BGSNH431-24	1.3	100	False	False	10775656	19020	61	1533	0.0	2682.0	1025.1487279843445	1044.0
0	0	data/BGE00320_MGE-BGE_r1_1.3_1.5_s50_100.fasta	None	Miridae	BLAST	family	COI-5P	519	1278	Miridae	BGSNH431-24_r_1.5_s_50	Criocoris piceicornis	0	BGSNH431-24	1.5	50	False	False	10775656	31383	61	1533	0.0	3410.0	1361.8082191780823	1479.0
0	0	data/BGE00320_MGE-BGE_r1_1.3_1.5_s50_100.fasta	None	Miridae	BLAST	family	COI-5P	519	1278	Miridae	BGSNH431-24_r_1.5_s_100	Criocoris piceicornis	0	BGSNH431-24	1.5	100	False	False	10775656	18096	61	1533	0.0	2679.0	961.9804305283757	984.0
0	0	data/BGE00320_MGE-BGE_r1_1.3_1.5_s50_100.fasta	None	Miridae	BLAST	family	COI-5P	519	1278	Miridae	BGSNH432-24_r_1_s_50	Criocoris piceicornis	0	BGSNH432-24	1	50	False	False	7730947	89414	1699	1533	0.0	8999.0	4087.221135029354	4164.0
0	0	data/BGE00320_MGE-BGE_r1_1.3_1.5_s50_100.fasta	None	Miridae	BLAST	family	COI-5P	519	1278	Miridae	BGSNH432-24_r_1_s_100	Criocoris piceicornis	0	BGSNH432-24	1	100	False	False	7730947	52313	1699	1533	0.0	6142.0	2903.913894324853	3061.0
0	0	data/BGE00320_MGE-BGE_r1_1.3_1.5_s50_100.fasta	None	Miridae	BLAST	family	COI-5P	519	1278	Miridae	BGSNH432-24_r_1.3_s_50	Criocoris piceicornis	0	BGSNH432-24	1.3	50	False	False	7730947	84407	1699	1533	0.0	7791.0	3841.7651663405086	3971.0
0	0	data/BGE00320_MGE-BGE_r1_1.3_1.5_s50_100.fasta	None	Miridae	BLAST	family	COI-5P	519	1278	Miridae	BGSNH432-24_r_1.3_s_100	Criocoris piceicornis	0	BGSNH432-24	1.3	100	False	False	7730947	50672	1699	1533	0.0	6137.0	2800.086105675147	2962.0
0	0	data/BGE00320_MGE-BGE_r1_1.3_1.5_s50_100.fasta	None	Miridae	BLAST	family	COI-5P	519	1278	Miridae	BGSNH432-24_r_1.5_s_50	Criocoris piceicornis	0	BGSNH432-24	1.5	50	False	False	7730947	77880	1699	1533	0.0	7762.0	3511.9060665362035	3815.0
0	0	data/BGE00320_MGE-BGE_r1_1.3_1.5_s50_100.fasta	None	Miridae	BLAST	family	COI-5P	519	1278	Miridae	BGSNH432-24_r_1.5_s_100	Criocoris piceicornis	0	BGSNH432-24	1.5	100	False	False	7730947	47666	1699	1533	0.0	6132.0	2591.7240704500978	2746.0
0	0	data/BGE00320_MGE-BGE_r1_1.3_1.5_s50_100.fasta	None	Miridae	BLAST	family	COI-5P	519	1278	Miridae	BGSNH433-24_r_1_s_50	Criocoris piceicornis	0	BGSNH433-24	1	50	False	False	9666047	32543	4336	1533	0.0	3017.0	1405.5401174168298	1434.0
0	0	data/BGE00320_MGE-BGE_r1_1.3_1.5_s50_100.fasta	None	Miridae	BLAST	family	COI-5P	519	1278	Miridae	BGSNH433-24_r_1_s_100	Criocoris piceicornis	0	BGSNH433-24	1	100	False	False	9666047	17101	4336	1533	0.0	2131.0	915.320939334638	937.0
0	0	data/BGE00320_MGE-BGE_r1_1.3_1.5_s50_100.fasta	None	Miridae	BLAST	family	COI-5P	519	1278	Miridae	BGSNH433-24_r_1.3_s_50	Criocoris piceicornis	0	BGSNH433-24	1.3	50	False	False	9666047	30694	4336	1533	0.0	2760.0	1316.7221135029354	1376.0
0	0	data/BGE00320_MGE-BGE_r1_1.3_1.5_s50_100.fasta	None	Miridae	BLAST	family	COI-5P	519	1278	Miridae	BGSNH433-24_r_1.3_s_100	Criocoris piceicornis	0	BGSNH433-24	1.3	100	False	False	9666047	16583	4336	1533	0.0	2121.0	882.0567514677103	878.0
0	0	data/BGE00320_MGE-BGE_r1_1.3_1.5_s50_100.fasta	None	Miridae	BLAST	family	COI-5P	519	1278	Miridae	BGSNH433-24_r_1.5_s_50	Criocoris piceicornis	0	BGSNH433-24	1.5	50	False	False	9666047	28409	4336	1533	0.0	2756.0	1211.3483365949119	1300.0
0	0	data/BGE00320_MGE-BGE_r1_1.3_1.5_s50_100.fasta	None	Miridae	BLAST	family	COI-5P	519	1278	Miridae	BGSNH433-24_r_1.5_s_100	Criocoris piceicornis	0	BGSNH433-24	1.5	100	False	False	9666047	15782	4336	1533	0.0	2119.0	827.3600782778865	835.0
0	0	data/BGE00320_MGE-BGE_r1_1.3_1.5_s50_100.fasta	None	Miridae	BLAST	family	COI-5P	519	1278	Miridae	BGSNH434-24_r_1_s_50	Criocoris piceicornis	0	BGSNH434-24	1	50	False	False	8685761	64868	3417	1533	0.0	5957.0	2861.6947162426613	3089.0
0	0	data/BGE00320_MGE-BGE_r1_1.3_1.5_s50_100.fasta	None	Miridae	BLAST	family	COI-5P	519	1278	Miridae	BGSNH434-24_r_1_s_100	Criocoris piceicornis	0	BGSNH434-24	1	100	False	False	8685761	35654	3417	1533	0.0	4291.0	1939.3639921722113	2059.0
0	0	data/BGE00320_MGE-BGE_r1_1.3_1.5_s50_100.fasta	None	Miridae	BLAST	family	COI-5P	519	1278	Miridae	BGSNH434-24_r_1.3_s_50	Criocoris piceicornis	0	BGSNH434-24	1.3	50	False	False	8685761	61650	3417	1533	0.0	5449.0	2704.5401174168296	2866.0
0	0	data/BGE00320_MGE-BGE_r1_1.3_1.5_s50_100.fasta	None	Miridae	BLAST	family	COI-5P	519	1278	Miridae	BGSNH434-24_r_1.3_s_100	Criocoris piceicornis	0	BGSNH434-24	1.3	100	False	False	8685761	34643	3417	1533	0.0	4284.0	1874.46771037182	1917.0
0	0	data/BGE00320_MGE-BGE_r1_1.3_1.5_s50_100.fasta	None	Miridae	BLAST	family	COI-5P	519	1278	Miridae	BGSNH434-24_r_1.5_s_50	Criocoris piceicornis	0	BGSNH434-24	1.5	50	False	False	8685761	57200	3417	1533	0.0	5432.0	2495.113502935421	2698.0
0	0	data/BGE00320_MGE-BGE_r1_1.3_1.5_s50_100.fasta	None	Miridae	BLAST	family	COI-5P	519	1278	Miridae	BGSNH434-24_r_1.5_s_100	Criocoris piceicornis	0	BGSNH434-24	1.5	100	False	False	8685761	32955	3417	1533	0.0	4270.0	1759.2328767123288	1852.0
0	0	data/BGE00320_MGE-BGE_r1_1.3_1.5_s50_100.fasta	None	Miridae	BLAST	family	COI-5P	519	1278	Miridae	BGSNH435-24_r_1_s_50	Criocoris sulcicornis	0	BGSNH435-24	1	50	False	False	13732197	46117	153	1533	0.0	4268.0	2022.3972602739725	2196.0
0	0	data/BGE00320_MGE-BGE_r1_1.3_1.5_s50_100.fasta	None	Miridae	BLAST	family	COI-5P	519	1278	Miridae	BGSNH435-24_r_1_s_100	Criocoris sulcicornis	0	BGSNH435-24	1	100	False	False	13732197	24861	153	1533	0.0	3360.0	1356.8649706457925	1462.0
0	0	data/BGE00320_MGE-BGE_r1_1.3_1.5_s50_100.fasta	None	Miridae	BLAST	family	COI-5P	519	1278	Miridae	BGSNH435-24_r_1.3_s_50	Criocoris sulcicornis	0	BGSNH435-24	1.3	50	False	False	13732197	44590	153	1533	0.0	4261.0	1939.7769080234834	2064.0
0	0	data/BGE00320_MGE-BGE_r1_1.3_1.5_s50_100.fasta	None	Miridae	BLAST	family	COI-5P	519	1278	Miridae	BGSNH435-24_r_1.3_s_100	Criocoris sulcicornis	0	BGSNH435-24	1.3	100	False	False	13732197	24161	153	1533	0.0	3354.0	1309.2896281800392	1382.0
0	0	data/BGE00320_MGE-BGE_r1_1.3_1.5_s50_100.fasta	None	Miridae	BLAST	family	COI-5P	519	1278	Miridae	BGSNH435-24_r_1.5_s_50	Criocoris sulcicornis	0	BGSNH435-24	1.5	50	False	False	13732197	40980	153	1533	0.0	4245.0	1771.545988258317	1926.0
0	0	data/BGE00320_MGE-BGE_r1_1.3_1.5_s50_100.fasta	None	Miridae	BLAST	family	COI-5P	519	1278	Miridae	BGSNH435-24_r_1.5_s_100	Criocoris sulcicornis	0	BGSNH435-24	1.5	100	False	False	13732197	22661	153	1533	0.0	3344.0	1213.7671232876712	1292.0
0	0	data/BGE00320_MGE-BGE_r1_1.3_1.5_s50_100.fasta	None	Miridae	BLAST	family	COI-5P	657	1530	Miridae,Anthocoridae,Pentatomidae	BGSNH436-24_r_1_s_50	Cyrtopeltis geniculata	0	BGSNH436-24	1	50	False	False	11065757	63945	355	1533	0.0	7434.0	2756.6966731898237	2503.0
0	0	data/BGE00320_MGE-BGE_r1_1.3_1.5_s50_100.fasta	None	Miridae	BLAST	family	COI-5P	657	1530	Miridae,Anthocoridae,Pentatomidae	BGSNH436-24_r_1_s_100	Cyrtopeltis geniculata	0	BGSNH436-24	1	100	False	False	11065757	34853	355	1533	0.0	4624.0	1826.628180039139	1670.0
0	0	data/BGE00320_MGE-BGE_r1_1.3_1.5_s50_100.fasta	None	Miridae	BLAST	family	COI-5P	657	1530	Miridae,Anthocoridae,Pentatomidae	BGSNH436-24_r_1.3_s_50	Cyrtopeltis geniculata	0	BGSNH436-24	1.3	50	False	False	11065757	63445	355	1533	0.0	7409.0	2732.5616438356165	2476.0
0	0	data/BGE00320_MGE-BGE_r1_1.3_1.5_s50_100.fasta	None	Miridae	BLAST	family	COI-5P	657	1530	Miridae,Anthocoridae,Pentatomidae	BGSNH436-24_r_1.3_s_100	Cyrtopeltis geniculata	0	BGSNH436-24	1.3	100	False	False	11065757	34707	355	1533	0.0	4615.0	1815.0039138943248	1664.0
0	0	data/BGE00320_MGE-BGE_r1_1.3_1.5_s50_100.fasta	None	Miridae	BLAST	family	COI-5P	657	1527	Miridae,Anthocoridae,Pentatomidae	BGSNH436-24_r_1.5_s_50	Cyrtopeltis geniculata	0	BGSNH436-24	1.5	50	False	False	11065757	56448	355	1533	0.0	6974.0	2432.780821917808	2176.0
0	0	data/BGE00320_MGE-BGE_r1_1.3_1.5_s50_100.fasta	None	Miridae	BLAST	family	COI-5P	657	1527	Miridae,Anthocoridae,Pentatomidae	BGSNH436-24_r_1.5_s_100	Cyrtopeltis geniculata	0	BGSNH436-24	1.5	100	False	False	11065757	32321	355	1533	0.0	4577.0	1679.105675146771	1561.0
0	0	data/BGE00320_MGE-BGE_r1_1.3_1.5_s50_100.fasta	None	Miridae	BLAST	family	COI-5P	657	1527	Miridae,Anthocoridae,Pentatomidae	BGSNH437-24_r_1_s_50	Cyrtopeltis geniculata	0	BGSNH437-24	1	50	False	False	10475231	63441	2576	1533	0.0	7609.0	2466.913894324853	2238.0
0	0	data/BGE00320_MGE-BGE_r1_1.3_1.5_s50_100.fasta	None	Miridae	BLAST	family	COI-5P	657	1527	Miridae,Anthocoridae,Pentatomidae	BGSNH437-24_r_1_s_100	Cyrtopeltis geniculata	0	BGSNH437-24	1	100	False	False	10475231	26990	2576	1533	0.0	3660.0	1320.5714285714287	1206.0
0	0	data/BGE00320_MGE-BGE_r1_1.3_1.5_s50_100.fasta	None	Miridae	BLAST	family	COI-5P	657	1527	Miridae,Anthocoridae,Pentatomidae	BGSNH437-24_r_1.3_s_50	Cyrtopeltis geniculata	0	BGSNH437-24	1.3	50	False	False	10475231	62781	2576	1533	0.0	7594.0	2430.101761252446	2230.0
0	0	data/BGE00320_MGE-BGE_r1_1.3_1.5_s50_100.fasta	None	Miridae	BLAST	family	COI-5P	657	1527	Miridae,Anthocoridae,Pentatomidae	BGSNH437-24_r_1.3_s_100	Cyrtopeltis geniculata	0	BGSNH437-24	1.3	100	False	False	10475231	26798	2576	1533	0.0	3656.0	1299.618395303327	1174.0
0	0	data/BGE00320_MGE-BGE_r1_1.3_1.5_s50_100.fasta	None	Miridae	BLAST	family	COI-5P	657	1527	Miridae,Anthocoridae,Pentatomidae	BGSNH437-24_r_1.5_s_50	Cyrtopeltis geniculata	0	BGSNH437-24	1.5	50	False	False	10475231	56636	2576	1533	0.0	7137.0	2190.93542074364	2073.0
0	0	data/BGE00320_MGE-BGE_r1_1.3_1.5_s50_100.fasta	None	Miridae	BLAST	family	COI-5P	657	1527	Miridae,Anthocoridae,Pentatomidae	BGSNH437-24_r_1.5_s_100	Cyrtopeltis geniculata	0	BGSNH437-24	1.5	100	False	False	10475231	25368	2576	1533	0.0	3560.0	1221.4618395303328	1119.0
0	0	data/BGE00320_MGE-BGE_r1_1.3_1.5_s50_100.fasta	None	Miridae	BLAST	family	COI-5P	657	1530	Miridae,Anthocoridae,Pentatomidae	BGSNH438-24_r_1_s_50	Cyrtopeltis geniculata	0	BGSNH438-24	1	50	False	False	10062813	53554	6265	1533	0.0	5416.0	2210.003913894325	2100.0
0	0	data/BGE00320_MGE-BGE_r1_1.3_1.5_s50_100.fasta	None	Miridae	BLAST	family	COI-5P	657	1527	Miridae,Anthocoridae,Pentatomidae	BGSNH438-24_r_1_s_100	Cyrtopeltis geniculata	0	BGSNH438-24	1	100	False	False	10062813	26384	6265	1533	0.0	3104.0	1356.242661448141	1274.0
0	0	data/BGE00320_MGE-BGE_r1_1.3_1.5_s50_100.fasta	None	Miridae	BLAST	family	COI-5P	657	1530	Miridae,Anthocoridae,Pentatomidae	BGSNH438-24_r_1.3_s_50	Cyrtopeltis geniculata	0	BGSNH438-24	1.3	50	False	False	10062813	53278	6265	1533	0.0	5408.0	2198.054794520548	2075.0
0	0	data/BGE00320_MGE-BGE_r1_1.3_1.5_s50_100.fasta	None	Miridae	BLAST	family	COI-5P	657	1527	Miridae,Anthocoridae,Pentatomidae	BGSNH438-24_r_1.3_s_100	Cyrtopeltis geniculata	0	BGSNH438-24	1.3	100	False	False	10062813	26330	6265	1533	0.0	3098.0	1351.7925636007828	1269.0
0	0	data/BGE00320_MGE-BGE_r1_1.3_1.5_s50_100.fasta	None	Miridae	BLAST	family	COI-5P	657	1530	Miridae,Anthocoridae,Pentatomidae	BGSNH438-24_r_1.5_s_50	Cyrtopeltis geniculata	0	BGSNH438-24	1.5	50	False	False	10062813	47496	6265	1533	0.0	5078.0	1957.2602739726028	1856.0
0	0	data/BGE00320_MGE-BGE_r1_1.3_1.5_s50_100.fasta	None	Miridae	BLAST	family	COI-5P	657	1527	Miridae,Anthocoridae,Pentatomidae	BGSNH438-24_r_1.5_s_100	Cyrtopeltis geniculata	0	BGSNH438-24	1.5	100	False	False	10062813	24529	6265	1533	0.0	3069.0	1250.1135029354207	1194.0
0	0	data/BGE00320_MGE-BGE_r1_1.3_1.5_s50_100.fasta	None	Miridae	BLAST	family	COI-5P	657	1527	Miridae,Anthocoridae,Pentatomidae	BGSNH439-24_r_1_s_50	Cyrtopeltis geniculata	0	BGSNH439-24	1	50	False	False	12720819	72492	1152	1533	0.0	9853.0	2690.606653620352	2383.0
0	0	data/BGE00320_MGE-BGE_r1_1.3_1.5_s50_100.fasta	None	Miridae	BLAST	family	COI-5P	657	1527	Miridae,Anthocoridae,Pentatomidae	BGSNH439-24_r_1_s_100	Cyrtopeltis geniculata	0	BGSNH439-24	1	100	False	False	12720819	25244	1152	1533	0.0	3717.0	1233.4872798434442	1116.0
0	0	data/BGE00320_MGE-BGE_r1_1.3_1.5_s50_100.fasta	None	Miridae	BLAST	family	COI-5P	657	1527	Miridae,Anthocoridae,Pentatomidae	BGSNH439-24_r_1.3_s_50	Cyrtopeltis geniculata	0	BGSNH439-24	1.3	50	False	False	12720819	71699	1152	1533	0.0	9820.0	2641.3639921722115	2341.0
0	0	data/BGE00320_MGE-BGE_r1_1.3_1.5_s50_100.fasta	None	Miridae	BLAST	family	COI-5P	657	1527	Miridae,Anthocoridae,Pentatomidae	BGSNH439-24_r_1.3_s_100	Cyrtopeltis geniculata	0	BGSNH439-24	1.3	100	False	False	12720819	24904	1152	1533	0.0	3692.0	1199.9256360078277	1079.0
0	0	data/BGE00320_MGE-BGE_r1_1.3_1.5_s50_100.fasta	None	Miridae	BLAST	family	COI-5P	657	1527	Miridae,Anthocoridae,Pentatomidae	BGSNH439-24_r_1.5_s_50	Cyrtopeltis geniculata	0	BGSNH439-24	1.5	50	False	False	12720819	63572	1152	1533	0.0	9039.0	2340.074363992172	2134.0
0	0	data/BGE00320_MGE-BGE_r1_1.3_1.5_s50_100.fasta	None	Miridae	BLAST	family	COI-5P	657	1527	Miridae,Anthocoridae,Pentatomidae	BGSNH439-24_r_1.5_s_100	Cyrtopeltis geniculata	0	BGSNH439-24	1.5	100	False	False	12720819	23453	1152	1533	0.0	3625.0	1120.5929549902153	989.0
0	0	data/BGE00320_MGE-BGE_r1_1.3_1.5_s50_100.fasta	None	Miridae	BLAST	family	COI-5P	657	1527	Miridae,Anthocoridae,Pentatomidae	BGSNH440-24_r_1_s_50	Cyrtopeltis geniculata	0	BGSNH440-24	1	50	False	False	14678647	44471	7162	1533	0.0	5203.0	1689.13698630137	1501.0
5	5	data/BGE00320_MGE-BGE_r1_1.3_1.5_s50_100.fasta	None	Miridae	BLAST	family	COI-5P	657	1527	Miridae,Anthocoridae,Pentatomidae	BGSNH440-24_r_1_s_100	Cyrtopeltis geniculata	0	BGSNH440-24	1	100	False	False	14678647	16650	7162	1533	0.0	2357.0	829.8043052837573	750.0
0	0	data/BGE00320_MGE-BGE_r1_1.3_1.5_s50_100.fasta	None	Miridae	BLAST	family	COI-5P	657	1527	Miridae,Anthocoridae,Pentatomidae	BGSNH440-24_r_1.3_s_50	Cyrtopeltis geniculata	0	BGSNH440-24	1.3	50	False	False	14678647	43541	7162	1533	0.0	5114.0	1624.3776908023483	1450.0
0	0	data/BGE00320_MGE-BGE_r1_1.3_1.5_s50_100.fasta	None	Miridae	BLAST	family	COI-5P	657	1527	Miridae,Anthocoridae,Pentatomidae	BGSNH440-24_r_1.3_s_100	Cyrtopeltis geniculata	0	BGSNH440-24	1.3	100	False	False	14678647	16188	7162	1533	0.0	2249.0	782.2622309197652	711.0
0	0	data/BGE00320_MGE-BGE_r1_1.3_1.5_s50_100.fasta	None	Miridae	BLAST	family	COI-5P	657	1527	Miridae,Anthocoridae,Pentatomidae	BGSNH440-24_r_1.5_s_50	Cyrtopeltis geniculata	0	BGSNH440-24	1.5	50	False	False	14678647	38791	7162	1533	0.0	4742.0	1445.9902152641878	1368.0
0	0	data/BGE00320_MGE-BGE_r1_1.3_1.5_s50_100.fasta	None	Miridae	BLAST	family	COI-5P	657	1527	Miridae,Anthocoridae,Pentatomidae	BGSNH440-24_r_1.5_s_100	Cyrtopeltis geniculata	0	BGSNH440-24	1.5	100	False	False	14678647	15317	7162	1533	0.0	2206.0	733.9569471624266	694.0
0	0	data/BGE00320_MGE-BGE_r1_1.3_1.5_s50_100.fasta	None	Miridae	BLAST	family	COI-5P	655	1527	Miridae	BGSNH441-24_r_1_s_50	Damioscea komaroffii	0	BGSNH441-24	1	50	False	False	12844822	27299	1151	1533	0.0	2648.0	1338.1272015655577	1200.0
0	0	data/BGE00320_MGE-BGE_r1_1.3_1.5_s50_100.fasta	None	Miridae	BLAST	family	COI-5P	655	1527	Miridae	BGSNH441-24_r_1_s_100	Damioscea komaroffii	0	BGSNH441-24	1	100	False	False	12844822	16988	1151	1533	0.0	1892.0	984.6086105675147	906.0
0	0	data/BGE00320_MGE-BGE_r1_1.3_1.5_s50_100.fasta	None	Miridae	BLAST	family	COI-5P	655	1527	Miridae	BGSNH441-24_r_1.3_s_50	Damioscea komaroffii	0	BGSNH441-24	1.3	50	False	False	12844822	25270	1151	1533	0.0	2642.0	1228.9941291585128	1129.0
0	0	data/BGE00320_MGE-BGE_r1_1.3_1.5_s50_100.fasta	None	Miridae	BLAST	family	COI-5P	655	1527	Miridae	BGSNH441-24_r_1.3_s_100	Damioscea komaroffii	0	BGSNH441-24	1.3	100	False	False	12844822	16210	1151	1533	0.0	1886.0	926.454011741683	878.0
0	0	data/BGE00320_MGE-BGE_r1_1.3_1.5_s50_100.fasta	None	Miridae	BLAST	family	COI-5P	655	1491	Miridae	BGSNH441-24_r_1.5_s_50	Damioscea komaroffii	0	BGSNH441-24	1.5	50	False	False	12844822	19376	1151	1533	0.0	1962.0	936.0039138943249	944.0
0	0	data/BGE00320_MGE-BGE_r1_1.3_1.5_s50_100.fasta	None	Miridae	BLAST	family	COI-5P	655	1491	Miridae	BGSNH441-24_r_1.5_s_100	Damioscea komaroffii	0	BGSNH441-24	1.5	100	False	False	12844822	12920	1151	1533	0.0	1729.0	730.4168297455968	756.0
0	0	data/BGE00320_MGE-BGE_r1_1.3_1.5_s50_100.fasta	None	Miridae	BLAST	family	COI-5P	655	1533	Miridae	BGSNH442-24_r_1_s_50	Damioscea komaroffii	0	BGSNH442-24	1	50	False	False	14318599	6204	52	1533	1.0	511.0	313.9647749510763	318.0
0	0	data/BGE00320_MGE-BGE_r1_1.3_1.5_s50_100.fasta	None	Miridae	BLAST	family	COI-5P	655	1533	Miridae	BGSNH442-24_r_1_s_100	Damioscea komaroffii	0	BGSNH442-24	1	100	False	False	14318599	3840	52	1533	1.0	354.0	234.32093933463796	231.0
0	0	data/BGE00320_MGE-BGE_r1_1.3_1.5_s50_100.fasta	None	Miridae	BLAST	family	COI-5P	655	1527	Miridae	BGSNH442-24_r_1.3_s_50	Damioscea komaroffii	0	BGSNH442-24	1.3	50	False	False	14318599	5668	52	1533	0.0	449.0	282.600782778865	295.0
0	0	data/BGE00320_MGE-BGE_r1_1.3_1.5_s50_100.fasta	None	Miridae	BLAST	family	COI-5P	655	1527	Miridae	BGSNH442-24_r_1.3_s_100	Damioscea komaroffii	0	BGSNH442-24	1.3	100	False	False	14318599	3601	52	1533	0.0	349.0	214.81213307240705	223.0
0	0	data/BGE00320_MGE-BGE_r1_1.3_1.5_s50_100.fasta	None	Miridae	BLAST	family	COI-5P	655	1494	Miridae	BGSNH442-24_r_1.5_s_50	Damioscea komaroffii	0	BGSNH442-24	1.5	50	False	False	14318599	4216	52	1533	0.0	389.0	210.1624266144814	234.0
0	0	data/BGE00320_MGE-BGE_r1_1.3_1.5_s50_100.fasta	None	Miridae	BLAST	family	COI-5P	655	1494	Miridae	BGSNH442-24_r_1.5_s_100	Damioscea komaroffii	0	BGSNH442-24	1.5	100	False	False	14318599	2806	52	1533	0.0	322.0	166.013698630137	184.0
0	0	data/BGE00320_MGE-BGE_r1_1.3_1.5_s50_100.fasta	None	Miridae	BLAST	family	COI-5P	655	1527	Miridae	BGSNH443-24_r_1_s_50	Damioscea komaroffii	0	BGSNH443-24	1	50	False	False	9208722	7041	729	1533	0.0	766.0	282.7729941291585	261.0
0	0	data/BGE00320_MGE-BGE_r1_1.3_1.5_s50_100.fasta	None	Miridae	BLAST	family	COI-5P	655	1527	Miridae	BGSNH443-24_r_1_s_100	Damioscea komaroffii	0	BGSNH443-24	1	100	False	False	9208722	2627	729	1533	0.0	320.0	139.6086105675147	130.0
0	0	data/BGE00320_MGE-BGE_r1_1.3_1.5_s50_100.fasta	None	Miridae	BLAST	family	COI-5P	655	1518	Miridae	BGSNH443-24_r_1.3_s_50	Damioscea komaroffii	0	BGSNH443-24	1.3	50	False	False	9208722	6476	729	1533	0.0	762.0	255.8962818003914	245.0
0	0	data/BGE00320_MGE-BGE_r1_1.3_1.5_s50_100.fasta	None	Miridae	BLAST	family	COI-5P	655	1518	Miridae	BGSNH443-24_r_1.3_s_100	Damioscea komaroffii	0	BGSNH443-24	1.3	100	False	False	9208722	2493	729	1533	0.0	317.0	129.2583170254403	123.0
0	0	data/BGE00320_MGE-BGE_r1_1.3_1.5_s50_100.fasta	None	Miridae	BLAST	family	COI-5P	649	1452	Miridae	BGSNH443-24_r_1.5_s_50	Damioscea komaroffii	0	BGSNH443-24	1.5	50	False	False	9208722	4885	729	1533	0.0	423.0	190.39921722113502	185.0
0	0	data/BGE00320_MGE-BGE_r1_1.3_1.5_s50_100.fasta	None	Miridae	BLAST	family	COI-5P	649	1452	Miridae	BGSNH443-24_r_1.5_s_100	Damioscea komaroffii	0	BGSNH443-24	1.5	100	False	False	9208722	2000	729	1533	0.0	269.0	101.83561643835617	101.0
2	2	data/BGE00320_MGE-BGE_r1_1.3_1.5_s50_100.fasta	None	Miridae	BLAST	family	COI-5P	655	1527	Miridae	BGSNH444-24_r_1_s_50	Damioscea komaroffii	0	BGSNH444-24	1	50	False	False	10216353	1146	119	1533	0.0	100.0	48.22504892367906	46.0
3	3	data/BGE00320_MGE-BGE_r1_1.3_1.5_s50_100.fasta	None	Miridae	BLAST	family	COI-5P	655	1527	Miridae	BGSNH444-24_r_1_s_100	Damioscea komaroffii	0	BGSNH444-24	1	100	False	False	10216353	448	119	1533	0.0	65.0	25.71819960861057	22.0
2	2	data/BGE00320_MGE-BGE_r1_1.3_1.5_s50_100.fasta	None	Miridae	BLAST	family	COI-5P	655	1518	Miridae	BGSNH444-24_r_1.3_s_50	Damioscea komaroffii	0	BGSNH444-24	1.3	50	False	False	10216353	1024	119	1533	0.0	91.0	42.426614481409004	40.0
3	3	data/BGE00320_MGE-BGE_r1_1.3_1.5_s50_100.fasta	None	Miridae	BLAST	family	COI-5P	655	1518	Miridae	BGSNH444-24_r_1.3_s_100	Damioscea komaroffii	0	BGSNH444-24	1.3	100	False	False	10216353	419	119	1533	0.0	65.0	23.528375733855185	21.0
2	2	data/BGE00320_MGE-BGE_r1_1.3_1.5_s50_100.fasta	None	Miridae	BLAST	family	COI-5P	643	1440	Miridae	BGSNH444-24_r_1.5_s_50	Damioscea komaroffii	0	BGSNH444-24	1.5	50	False	False	10216353	746	119	1533	0.0	84.0	30.863013698630137	29.0
3	3	data/BGE00320_MGE-BGE_r1_1.3_1.5_s50_100.fasta	None	Miridae	BLAST	family	COI-5P	640	1428	Miridae	BGSNH444-24_r_1.5_s_100	Damioscea komaroffii	0	BGSNH444-24	1.5	100	False	False	10216353	338	119	1533	0.0	65.0	18.604696673189824	17.0
3	16	data/BGE00320_MGE-BGE_r1_1.3_1.5_s50_100.fasta	None	Miridae	BLAST	family	COI-5P	655	1533	Miridae	BGSNH445-24_r_1_s_50	Deraeocoris cordiger	0	BGSNH445-24	1	50	False	False	13155734	7891	2237	1533	1.0	705.0	339.559686888454	299.0
5	26	data/BGE00320_MGE-BGE_r1_1.3_1.5_s50_100.fasta	None	Miridae	BLAST	family	COI-5P	655	1530	Miridae	BGSNH445-24_r_1_s_100	Deraeocoris cordiger	0	BGSNH445-24	1	100	False	False	13155734	3077	2237	1533	0.0	404.0	183.91389432485323	171.0
0	0	data/BGE00320_MGE-BGE_r1_1.3_1.5_s50_100.fasta	None	Miridae	BLAST	family	COI-5P	655	1533	Miridae,Pentatomidae,Largidae	BGSNH445-24_r_1.3_s_50	Deraeocoris cordiger	0	BGSNH445-24	1.3	50	False	False	13155734	6694	2237	1533	1.0	682.0	266.52837573385517	229.0
0	0	data/BGE00320_MGE-BGE_r1_1.3_1.5_s50_100.fasta	None	Miridae	BLAST	family	COI-5P	655	1530	Miridae,Pentatomidae,Largidae	BGSNH445-24_r_1.3_s_100	Deraeocoris cordiger	0	BGSNH445-24	1.3	100	False	False	13155734	2560	2237	1533	0.0	349.0	136.6086105675147	118.0
0	0	data/BGE00320_MGE-BGE_r1_1.3_1.5_s50_100.fasta	None	Miridae	BLAST	family	COI-5P	649	1503	Gerridae,Miridae,Pentatomidae,Rhyparochromidae,Heterogastridae,Geocoridae,Coreidae	BGSNH445-24_r_1.5_s_50	Deraeocoris cordiger	0	BGSNH445-24	1.5	50	False	False	13155734	4797	2237	1533	0.0	434.0	185.0665362035225	190.0
0	0	data/BGE00320_MGE-BGE_r1_1.3_1.5_s50_100.fasta	None	Miridae	BLAST	family	COI-5P	649	1392	Gerridae,Miridae,Pentatomidae,Rhyparochromidae,Heterogastridae,Geocoridae,Coreidae	BGSNH445-24_r_1.5_s_100	Deraeocoris cordiger	0	BGSNH445-24	1.5	100	False	False	13155734	1918	2237	1533	0.0	260.0	98.62622309197651	98.0
2	32	data/BGE00320_MGE-BGE_r1_1.3_1.5_s50_100.fasta	None	Miridae	BLAST	family	COI-5P	655	1530	Miridae	BGSNH446-24_r_1_s_50	Deraeocoris cordiger	0	BGSNH446-24	1	50	False	False	14641979	3796	1964	1533	0.0	802.0	217.7123287671233	179.0
13	41	data/BGE00320_MGE-BGE_r1_1.3_1.5_s50_100.fasta	None	Miridae	BLAST	family	COI-5P	655	1503	Miridae	BGSNH446-24_r_1_s_100	Deraeocoris cordiger	0	BGSNH446-24	1	100	False	False	14641979	1911	1964	1533	0.0	547.0	155.4500978473581	127.0
0	8	data/BGE00320_MGE-BGE_r1_1.3_1.5_s50_100.fasta	None	Miridae	BLAST	family	COI-5P	655	1530	Miridae,Reduviidae,Scutelleridae	BGSNH446-24_r_1.3_s_50	Deraeocoris cordiger	0	BGSNH446-24	1.3	50	False	False	14641979	2354	1964	1533	0.0	287.0	104.13698630136986	94.0
0	3	data/BGE00320_MGE-BGE_r1_1.3_1.5_s50_100.fasta	None	Miridae	BLAST	family	COI-5P	655	1482	Miridae	BGSNH446-24_r_1.3_s_100	Deraeocoris cordiger	0	BGSNH446-24	1.3	100	False	False	14641979	1023	1964	1533	0.0	238.0	62.911937377690805	48.0
3	3	data/BGE00320_MGE-BGE_r1_1.3_1.5_s50_100.fasta	None	Miridae	BLAST	family	COI-5P	655	1437	Miridae,Pentatomidae,Largidae	BGSNH446-24_r_1.5_s_50	Deraeocoris cordiger	0	BGSNH446-24	1.5	50	False	False	14641979	1656	1964	1533	0.0	180.0	70.37181996086106	65.0
4	7	data/BGE00320_MGE-BGE_r1_1.3_1.5_s50_100.fasta	None	Miridae	BLAST	family	COI-5P	631	1356	Miridae,Pentatomidae,Heterogastridae	BGSNH446-24_r_1.5_s_100	Deraeocoris cordiger	0	BGSNH446-24	1.5	100	False	False	14641979	736	1964	1533	0.0	143.0	42.79256360078278	34.0
0	0	data/BGE00320_MGE-BGE_r1_1.3_1.5_s50_100.fasta	None	Miridae	BLAST	family	COI-5P	655	1530	Miridae,Pentatomidae,Largidae	BGSNH447-24_r_1_s_50	Deraeocoris cordiger	0	BGSNH447-24	1	50	False	False	19029324	30952	2876	1533	0.0	2420.0	1519.7279843444228	1482.0
0	0	data/BGE00320_MGE-BGE_r1_1.3_1.5_s50_100.fasta	None	Miridae	BLAST	family	COI-5P	655	1530	Miridae,Pentatomidae,Largidae	BGSNH447-24_r_1_s_100	Deraeocoris cordiger	0	BGSNH447-24	1	100	False	False	19029324	18240	2876	1533	0.0	1739.0	1095.7377690802348	1067.0
0	0	data/BGE00320_MGE-BGE_r1_1.3_1.5_s50_100.fasta	None	Miridae	BLAST	family	COI-5P	655	1530	Miridae,Pentatomidae,Largidae	BGSNH447-24_r_1.3_s_50	Deraeocoris cordiger	0	BGSNH447-24	1.3	50	False	False	19029324	27611	2876	1533	0.0	2361.0	1320.6751467710371	1298.0
0	0	data/BGE00320_MGE-BGE_r1_1.3_1.5_s50_100.fasta	None	Miridae	BLAST	family	COI-5P	655	1530	Miridae,Pentatomidae,Largidae	BGSNH447-24_r_1.3_s_100	Deraeocoris cordiger	0	BGSNH447-24	1.3	100	False	False	19029324	16784	2876	1533	0.0	1719.0	972.279843444227	967.0
0	0	data/BGE00320_MGE-BGE_r1_1.3_1.5_s50_100.fasta	None	Miridae	BLAST	family	COI-5P	655	1518	Miridae,Pentatomidae,Largidae	BGSNH447-24_r_1.5_s_50	Deraeocoris cordiger	0	BGSNH447-24	1.5	50	False	False	19029324	21194	2876	1533	0.0	1860.0	993.839530332681	1075.0
0	0	data/BGE00320_MGE-BGE_r1_1.3_1.5_s50_100.fasta	None	Miridae	BLAST	family	COI-5P	655	1422	Miridae,Pentatomidae,Heterogastridae,Largidae	BGSNH447-24_r_1.5_s_100	Deraeocoris cordiger	0	BGSNH447-24	1.5	100	False	False	19029324	13302	2876	1533	0.0	1444.0	752.0313111545988	829.0
0	0	data/BGE00320_MGE-BGE_r1_1.3_1.5_s50_100.fasta	None	Miridae	BLAST	family	COI-5P	655	1533	Miridae,Pentatomidae,Largidae	BGSNH448-24_r_1_s_50	Deraeocoris cordiger	0	BGSNH448-24	1	50	False	False	15850103	58860	9619	1533	1.0	5196.0	2838.6966731898237	2626.0
0	0	data/BGE00320_MGE-BGE_r1_1.3_1.5_s50_100.fasta	None	Miridae	BLAST	family	COI-5P	655	1530	Miridae,Pentatomidae,Largidae	BGSNH448-24_r_1_s_100	Deraeocoris cordiger	0	BGSNH448-24	1	100	False	False	15850103	33974	9619	1533	0.0	3380.0	2003.7886497064578	1889.0
0	0	data/BGE00320_MGE-BGE_r1_1.3_1.5_s50_100.fasta	None	Miridae	BLAST	family	COI-5P	655	1533	Miridae,Pentatomidae,Largidae	BGSNH448-24_r_1.3_s_50	Deraeocoris cordiger	0	BGSNH448-24	1.3	50	False	False	15850103	52375	9619	1533	1.0	4705.0	2451.702544031311	2351.0
0	0	data/BGE00320_MGE-BGE_r1_1.3_1.5_s50_100.fasta	None	Miridae	BLAST	family	COI-5P	655	1530	Miridae,Pentatomidae,Largidae	BGSNH448-24_r_1.3_s_100	Deraeocoris cordiger	0	BGSNH448-24	1.3	100	False	False	15850103	31076	9619	1533	0.0	3280.0	1760.6320939334637	1689.0
0	0	data/BGE00320_MGE-BGE_r1_1.3_1.5_s50_100.fasta	None	Miridae	BLAST	family	COI-5P	655	1518	Miridae,Pentatomidae,Largidae	BGSNH448-24_r_1.5_s_50	Deraeocoris cordiger	0	BGSNH448-24	1.5	50	False	False	15850103	39502	9619	1533	0.0	3237.0	1806.0724070450099	1942.0
0	0	data/BGE00320_MGE-BGE_r1_1.3_1.5_s50_100.fasta	None	Miridae	BLAST	family	COI-5P	655	1437	Miridae,Pentatomidae,Heterogastridae,Largidae	BGSNH448-24_r_1.5_s_100	Deraeocoris cordiger	0	BGSNH448-24	1.5	100	False	False	15850103	24105	9619	1533	0.0	2730.0	1332.624266144814	1519.0
0	0	data/BGE00320_MGE-BGE_r1_1.3_1.5_s50_100.fasta	None	Miridae	BLAST	family	COI-5P	655	1533	Miridae	BGSNH449-24_r_1_s_50	Deraeocoris punctum	0	BGSNH449-24	1	50	False	False	11590229	41619	2339	1533	6.0	3515.0	1952.5283757338552	1842.0
0	0	data/BGE00320_MGE-BGE_r1_1.3_1.5_s50_100.fasta	None	Miridae	BLAST	family	COI-5P	655	1533	Miridae	BGSNH449-24_r_1_s_100	Deraeocoris punctum	0	BGSNH449-24	1	100	False	False	11590229	22483	2339	1533	5.0	2548.0	1327.7945205479452	1310.0
0	0	data/BGE00320_MGE-BGE_r1_1.3_1.5_s50_100.fasta	None	Miridae	BLAST	family	COI-5P	655	1533	Miridae	BGSNH449-24_r_1.3_s_50	Deraeocoris punctum	0	BGSNH449-24	1.3	50	False	False	11590229	38380	2339	1533	6.0	3371.0	1762.2191780821918	1713.0
0	0	data/BGE00320_MGE-BGE_r1_1.3_1.5_s50_100.fasta	None	Miridae	BLAST	family	COI-5P	655	1533	Miridae	BGSNH449-24_r_1.3_s_100	Deraeocoris punctum	0	BGSNH449-24	1.3	100	False	False	11590229	21194	2339	1533	5.0	2387.0	1214.5283757338552	1262.0
0	0	data/BGE00320_MGE-BGE_r1_1.3_1.5_s50_100.fasta	None	Miridae	BLAST	family	COI-5P	655	1524	Miridae	BGSNH449-24_r_1.5_s_50	Deraeocoris punctum	0	BGSNH449-24	1.5	50	False	False	11590229	29496	2339	1533	0.0	2783.0	1315.13698630137	1384.0
0	0	data/BGE00320_MGE-BGE_r1_1.3_1.5_s50_100.fasta	None	Miridae	BLAST	family	COI-5P	655	1467	Miridae	BGSNH449-24_r_1.5_s_100	Deraeocoris punctum	0	BGSNH449-24	1.5	100	False	False	11590229	16329	2339	1533	0.0	1845.0	911.8180039138944	1024.0
6	72	data/BGE00320_MGE-BGE_r1_1.3_1.5_s50_100.fasta	None	Miridae	BLAST	family	COI-5P	654	1527	Miridae	BGSNH450-24_r_1_s_50	Deraeocoris punctum	0	BGSNH450-24	1	50	False	False	9611856	3284	1804	1533	0.0	563.0	167.64970645792565	145.0
3	53	data/BGE00320_MGE-BGE_r1_1.3_1.5_s50_100.fasta	None	Miridae	BLAST	family	COI-5P	652	1413	Miridae	BGSNH450-24_r_1_s_100	Deraeocoris punctum	0	BGSNH450-24	1	100	False	False	9611856	1136	1804	1533	0.0	338.0	99.89432485322897	69.0
0	16	data/BGE00320_MGE-BGE_r1_1.3_1.5_s50_100.fasta	None	Miridae	BLAST	family	COI-5P	654	1530	Miridae	BGSNH450-24_r_1.3_s_50	Deraeocoris punctum	0	BGSNH450-24	1.3	50	False	False	9611856	2220	1804	1533	0.0	225.0	84.56555772994129	78.0
0	2	data/BGE00320_MGE-BGE_r1_1.3_1.5_s50_100.fasta	None	Miridae	BLAST	family	COI-5P	655	1371	Miridae	BGSNH450-24_r_1.3_s_100	Deraeocoris punctum	0	BGSNH450-24	1.3	100	False	False	9611856	488	1804	1533	0.0	122.0	33.15851272015656	19.0
0	0	data/BGE00320_MGE-BGE_r1_1.3_1.5_s50_100.fasta	None	Miridae	BLAST	family	COI-5P	654	1482	Miridae	BGSNH450-24_r_1.5_s_50	Deraeocoris punctum	0	BGSNH450-24	1.5	50	False	False	9611856	1546	1804	1533	0.0	171.0	49.12328767123287	44.0
0	0	data/BGE00320_MGE-BGE_r1_1.3_1.5_s50_100.fasta	None	Miridae	BLAST	family	COI-5P	595	1233	Miridae	BGSNH450-24_r_1.5_s_100	Deraeocoris punctum	0	BGSNH450-24	1.5	100	False	False	9611856	258	1804	1533	0.0	45.0	11.931506849315069	10.0
0	0	data/BGE00320_MGE-BGE_r1_1.3_1.5_s50_100.fasta	None	Miridae	BLAST	family	COI-5P	655	1533	Miridae	BGSNH451-24_r_1_s_50	Deraeocoris punctum	0	BGSNH451-24	1	50	False	False	11379690	8541	265	1533	1.0	796.0	435.3679060665362	423.0
0	0	data/BGE00320_MGE-BGE_r1_1.3_1.5_s50_100.fasta	None	Miridae	BLAST	family	COI-5P	655	1533	Miridae	BGSNH451-24_r_1_s_100	Deraeocoris punctum	0	BGSNH451-24	1	100	False	False	11379690	5321	265	1533	1.0	590.0	329.51859099804307	322.0
0	0	data/BGE00320_MGE-BGE_r1_1.3_1.5_s50_100.fasta	None	Miridae	BLAST	family	COI-5P	655	1533	Miridae	BGSNH451-24_r_1.3_s_50	Deraeocoris punctum	0	BGSNH451-24	1.3	50	False	False	11379690	7939	265	1533	1.0	772.0	403.05479452054794	399.0
0	0	data/BGE00320_MGE-BGE_r1_1.3_1.5_s50_100.fasta	None	Miridae	BLAST	family	COI-5P	655	1533	Miridae	BGSNH451-24_r_1.3_s_100	Deraeocoris punctum	0	BGSNH451-24	1.3	100	False	False	11379690	5070	265	1533	1.0	586.0	310.7945205479452	308.0
0	0	data/BGE00320_MGE-BGE_r1_1.3_1.5_s50_100.fasta	None	Miridae	BLAST	family	COI-5P	655	1521	Miridae	BGSNH451-24_r_1.5_s_50	Deraeocoris punctum	0	BGSNH451-24	1.5	50	False	False	11379690	5965	265	1533	0.0	507.0	298.83561643835617	339.0
0	0	data/BGE00320_MGE-BGE_r1_1.3_1.5_s50_100.fasta	None	Miridae	BLAST	family	COI-5P	655	1431	Miridae	BGSNH451-24_r_1.5_s_100	Deraeocoris punctum	0	BGSNH451-24	1.5	100	False	False	11379690	3867	265	1533	0.0	465.0	234.3385518590998	264.0
0	0	data/BGE00320_MGE-BGE_r1_1.3_1.5_s50_100.fasta	None	Miridae	BLAST	family	COI-5P	655	1533	Miridae	BGSNH452-24_r_1_s_50	Deraeocoris punctum	0	BGSNH452-24	1	50	False	False	7647780	17339	1251	1533	4.0	1415.0	844.8493150684932	838.0
0	0	data/BGE00320_MGE-BGE_r1_1.3_1.5_s50_100.fasta	None	Miridae	BLAST	family	COI-5P	655	1530	Miridae	BGSNH452-24_r_1_s_100	Deraeocoris punctum	0	BGSNH452-24	1	100	False	False	7647780	9929	1251	1533	0.0	963.0	602.2739726027397	591.0
0	0	data/BGE00320_MGE-BGE_r1_1.3_1.5_s50_100.fasta	None	Miridae	BLAST	family	COI-5P	655	1533	Miridae	BGSNH452-24_r_1.3_s_50	Deraeocoris punctum	0	BGSNH452-24	1.3	50	False	False	7647780	15651	1251	1533	4.0	1316.0	740.7358121330724	747.0
0	0	data/BGE00320_MGE-BGE_r1_1.3_1.5_s50_100.fasta	None	Miridae	BLAST	family	COI-5P	655	1530	Miridae	BGSNH452-24_r_1.3_s_100	Deraeocoris punctum	0	BGSNH452-24	1.3	100	False	False	7647780	9149	1251	1533	0.0	907.0	533.8923679060665	550.0
0	0	data/BGE00320_MGE-BGE_r1_1.3_1.5_s50_100.fasta	None	Miridae	BLAST	family	COI-5P	655	1524	Miridae	BGSNH452-24_r_1.5_s_50	Deraeocoris punctum	0	BGSNH452-24	1.5	50	False	False	7647780	12074	1251	1533	0.0	1050.0	561.9608610567515	589.0
0	0	data/BGE00320_MGE-BGE_r1_1.3_1.5_s50_100.fasta	None	Miridae	BLAST	family	COI-5P	655	1425	Miridae	BGSNH452-24_r_1.5_s_100	Deraeocoris punctum	0	BGSNH452-24	1.5	100	False	False	7647780	7201	1251	1533	0.0	752.0	413.4011741682975	466.0
0	0	data/BGE00320_MGE-BGE_r1_1.3_1.5_s50_100.fasta	None	Miridae	BLAST	family	COI-5P	655	1533	Miridae,Braconidae	BGSNH453-24_r_1_s_50	Deraeocoris ribauti	0	BGSNH453-24	1	50	False	False	10796997	14371	2007	1533	1.0	1254.0	792.5929549902153	779.0
0	0	data/BGE00320_MGE-BGE_r1_1.3_1.5_s50_100.fasta	None	Miridae	BLAST	family	COI-5P	655	1533	Miridae,Braconidae	BGSNH453-24_r_1_s_100	Deraeocoris ribauti	0	BGSNH453-24	1	100	False	False	10796997	10354	2007	1533	1.0	1034.0	658.3913894324853	646.0
0	0	data/BGE00320_MGE-BGE_r1_1.3_1.5_s50_100.fasta	None	Miridae	BLAST	family	COI-5P	655	1533	Miridae,Braconidae	BGSNH453-24_r_1.3_s_50	Deraeocoris ribauti	0	BGSNH453-24	1.3	50	False	False	10796997	13364	2007	1533	1.0	1238.0	733.5225048923679	726.0
0	0	data/BGE00320_MGE-BGE_r1_1.3_1.5_s50_100.fasta	None	Miridae	BLAST	family	COI-5P	655	1533	Miridae,Braconidae	BGSNH453-24_r_1.3_s_100	Deraeocoris ribauti	0	BGSNH453-24	1.3	100	False	False	10796997	9774	2007	1533	1.0	1029.0	616.7123287671233	634.0
0	0	data/BGE00320_MGE-BGE_r1_1.3_1.5_s50_100.fasta	None	Miridae	BLAST	family	COI-5P	655	1506	Miridae,Braconidae	BGSNH453-24_r_1.5_s_50	Deraeocoris ribauti	0	BGSNH453-24	1.5	50	False	False	10796997	10981	2007	1533	0.0	997.0	609.1095890410959	661.0
0	0	data/BGE00320_MGE-BGE_r1_1.3_1.5_s50_100.fasta	None	Miridae	BLAST	family	COI-5P	655	1443	Miridae,Braconidae	BGSNH453-24_r_1.5_s_100	Deraeocoris ribauti	0	BGSNH453-24	1.5	100	False	False	10796997	8388	2007	1533	0.0	946.0	529.20156555773	580.0
0	0	data/BGE00320_MGE-BGE_r1_1.3_1.5_s50_100.fasta	None	Miridae	BLAST	family	COI-5P	655	1533	Miridae,Braconidae	BGSNH454-24_r_1_s_50	Deraeocoris ribauti	0	BGSNH454-24	1	50	False	False	9893639	112559	1358	1533	3.0	9999.0	5060.493150684932	4734.0
0	0	data/BGE00320_MGE-BGE_r1_1.3_1.5_s50_100.fasta	None	Miridae	BLAST	family	COI-5P	655	1530	Miridae,Braconidae	BGSNH454-24_r_1_s_100	Deraeocoris ribauti	0	BGSNH454-24	1	100	False	False	9893639	59765	1358	1533	0.0	6340.0	3344.9980430528376	3086.0
0	0	data/BGE00320_MGE-BGE_r1_1.3_1.5_s50_100.fasta	None	Miridae	BLAST	family	COI-5P	655	1533	Miridae,Braconidae	BGSNH454-24_r_1.3_s_50	Deraeocoris ribauti	0	BGSNH454-24	1.3	50	False	False	9893639	105052	1358	1533	3.0	9806.0	4654.473581213308	4471.0
0	0	data/BGE00320_MGE-BGE_r1_1.3_1.5_s50_100.fasta	None	Miridae	BLAST	family	COI-5P	655	1530	Miridae,Braconidae	BGSNH454-24_r_1.3_s_100	Deraeocoris ribauti	0	BGSNH454-24	1.3	100	False	False	9893639	56572	1358	1533	0.0	6303.0	3113.4481409001955	3000.0
0	0	data/BGE00320_MGE-BGE_r1_1.3_1.5_s50_100.fasta	None	Miridae	BLAST	family	COI-5P	655	1500	Miridae,Braconidae	BGSNH454-24_r_1.5_s_50	Deraeocoris ribauti	0	BGSNH454-24	1.5	50	False	False	9893639	86655	1358	1533	0.0	8241.0	3824.8414872798435	3995.0
0	0	data/BGE00320_MGE-BGE_r1_1.3_1.5_s50_100.fasta	None	Miridae	BLAST	family	COI-5P	655	1434	Miridae,Braconidae	BGSNH454-24_r_1.5_s_100	Deraeocoris ribauti	0	BGSNH454-24	1.5	100	False	False	9893639	48862	1358	1533	0.0	5612.0	2665.109589041096	2755.0
1	1	data/BGE00320_MGE-BGE_r1_1.3_1.5_s50_100.fasta	None	Miridae	BLAST	family	COI-5P	655	1530	Miridae,Braconidae	BGSNH455-24_r_1_s_50	Deraeocoris ribauti	0	BGSNH455-24	1	50	False	False	11419212	3699	1994	1533	0.0	421.0	160.6242661448141	143.0
3	8	data/BGE00320_MGE-BGE_r1_1.3_1.5_s50_100.fasta	None	Miridae	BLAST	family	COI-5P	655	1530	Miridae,Braconidae	BGSNH455-24_r_1_s_100	Deraeocoris ribauti	0	BGSNH455-24	1	100	False	False	11419212	1579	1994	1533	0.0	237.0	91.63600782778865	84.0
0	0	data/BGE00320_MGE-BGE_r1_1.3_1.5_s50_100.fasta	None	Miridae	BLAST	family	COI-5P	655	1530	Miridae,Braconidae	BGSNH455-24_r_1.3_s_50	Deraeocoris ribauti	0	BGSNH455-24	1.3	50	False	False	11419212	3261	1994	1533	0.0	392.0	135.44618395303326	122.0
0	0	data/BGE00320_MGE-BGE_r1_1.3_1.5_s50_100.fasta	None	Miridae	BLAST	family	COI-5P	655	1530	Miridae,Braconidae	BGSNH455-24_r_1.3_s_100	Deraeocoris ribauti	0	BGSNH455-24	1.3	100	False	False	11419212	1400	1994	1533	0.0	220.0	76.35420743639922	71.0
0	1	data/BGE00320_MGE-BGE_r1_1.3_1.5_s50_100.fasta	None	Miridae	BLAST	family	COI-5P	655	1449	Miridae,Braconidae	BGSNH455-24_r_1.5_s_50	Deraeocoris ribauti	0	BGSNH455-24	1.5	50	False	False	11419212	2437	1994	1533	0.0	192.0	98.34833659491194	99.0
0	0	data/BGE00320_MGE-BGE_r1_1.3_1.5_s50_100.fasta	None	Miridae	BLAST	family	COI-5P	655	1386	Miridae,Braconidae	BGSNH455-24_r_1.5_s_100	Deraeocoris ribauti	0	BGSNH455-24	1.5	100	False	False	11419212	1072	1994	1533	0.0	127.0	56.62230919765166	58.0
0	0	data/BGE00320_MGE-BGE_r1_1.3_1.5_s50_100.fasta	None	Miridae	BLAST	family	COI-5P	655	1533	Miridae,Braconidae	BGSNH456-24_r_1_s_50	Deraeocoris ribauti	0	BGSNH456-24	1	50	False	False	10057103	11178	451	1533	4.0	933.0	562.6046966731898	530.0
0	0	data/BGE00320_MGE-BGE_r1_1.3_1.5_s50_100.fasta	None	Miridae	BLAST	family	COI-5P	655	1533	Miridae,Braconidae	BGSNH456-24_r_1_s_100	Deraeocoris ribauti	0	BGSNH456-24	1	100	False	False	10057103	7261	451	1533	4.0	751.0	432.27005870841487	418.0
0	0	data/BGE00320_MGE-BGE_r1_1.3_1.5_s50_100.fasta	None	Miridae	BLAST	family	COI-5P	655	1533	Miridae,Braconidae	BGSNH456-24_r_1.3_s_50	Deraeocoris ribauti	0	BGSNH456-24	1.3	50	False	False	10057103	10467	451	1533	4.0	917.0	524.1898238747553	518.0
0	0	data/BGE00320_MGE-BGE_r1_1.3_1.5_s50_100.fasta	None	Miridae	BLAST	family	COI-5P	655	1533	Miridae,Braconidae	BGSNH456-24_r_1.3_s_100	Deraeocoris ribauti	0	BGSNH456-24	1.3	100	False	False	10057103	6963	451	1533	4.0	748.0	410.81409001956945	411.0
0	0	data/BGE00320_MGE-BGE_r1_1.3_1.5_s50_100.fasta	None	Miridae	BLAST	family	COI-5P	655	1482	Miridae,Braconidae	BGSNH456-24_r_1.5_s_50	Deraeocoris ribauti	0	BGSNH456-24	1.5	50	False	False	10057103	8573	451	1533	0.0	705.0	428.66536203522503	467.0
0	0	data/BGE00320_MGE-BGE_r1_1.3_1.5_s50_100.fasta	None	Miridae	BLAST	family	COI-5P	655	1401	Miridae,Braconidae	BGSNH456-24_r_1.5_s_100	Deraeocoris ribauti	0	BGSNH456-24	1.5	100	False	False	10057103	5883	451	1533	0.0	617.0	345.0900195694716	370.0
0	0	data/BGE00320_MGE-BGE_r1_1.3_1.5_s50_100.fasta	None	Miridae	BLAST	family	COI-5P	655	1533	Miridae,Braconidae	BGSNH457-24_r_1_s_50	Deraeocoris rutilus	0	BGSNH457-24	1	50	False	False	17915116	25849	4548	1533	2.0	2273.0	1269.1037181996087	1262.0
0	0	data/BGE00320_MGE-BGE_r1_1.3_1.5_s50_100.fasta	None	Miridae	BLAST	family	COI-5P	655	1533	Miridae,Braconidae	BGSNH457-24_r_1_s_100	Deraeocoris rutilus	0	BGSNH457-24	1	100	False	False	17915116	15397	4548	1533	2.0	1673.0	922.9765166340509	938.0
0	0	data/BGE00320_MGE-BGE_r1_1.3_1.5_s50_100.fasta	None	Miridae	BLAST	family	COI-5P	655	1533	Miridae,Braconidae	BGSNH457-24_r_1.3_s_50	Deraeocoris rutilus	0	BGSNH457-24	1.3	50	False	False	17915116	23813	4548	1533	2.0	2194.0	1150.9980430528376	1192.0
0	0	data/BGE00320_MGE-BGE_r1_1.3_1.5_s50_100.fasta	None	Miridae	BLAST	family	COI-5P	655	1533	Miridae,Braconidae	BGSNH457-24_r_1.3_s_100	Deraeocoris rutilus	0	BGSNH457-24	1.3	100	False	False	17915116	14597	4548	1533	2.0	1648.0	854.0430528375734	892.0
0	0	data/BGE00320_MGE-BGE_r1_1.3_1.5_s50_100.fasta	None	Miridae	BLAST	family	COI-5P	655	1485	Miridae,Braconidae	BGSNH457-24_r_1.5_s_50	Deraeocoris rutilus	0	BGSNH457-24	1.5	50	False	False	17915116	18249	4548	1533	0.0	1568.0	875.839530332681	982.0
0	0	data/BGE00320_MGE-BGE_r1_1.3_1.5_s50_100.fasta	None	Miridae	BLAST	family	COI-5P	655	1422	Miridae,Braconidae	BGSNH457-24_r_1.5_s_100	Deraeocoris rutilus	0	BGSNH457-24	1.5	100	False	False	17915116	11624	4548	1533	0.0	1388.0	671.9647749510763	730.0
1	1	data/BGE00320_MGE-BGE_r1_1.3_1.5_s50_100.fasta	None	Miridae	BLAST	family	COI-5P	655	1530	Miridae,Braconidae	BGSNH458-24_r_1_s_50	Deraeocoris rutilus	0	BGSNH458-24	1	50	False	False	12835478	14783	4235	1533	0.0	1201.0	738.1311154598826	690.0
2	2	data/BGE00320_MGE-BGE_r1_1.3_1.5_s50_100.fasta	None	Miridae	BLAST	family	COI-5P	655	1530	Miridae	BGSNH458-24_r_1_s_100	Deraeocoris rutilus	0	BGSNH458-24	1	100	False	False	12835478	8745	4235	1533	0.0	1048.0	536.1037181996086	532.0
0	0	data/BGE00320_MGE-BGE_r1_1.3_1.5_s50_100.fasta	None	Miridae	BLAST	family	COI-5P	655	1530	Miridae,Braconidae	BGSNH458-24_r_1.3_s_50	Deraeocoris rutilus	0	BGSNH458-24	1.3	50	False	False	12835478	13215	4235	1533	0.0	1153.0	626.8571428571429	609.0
0	0	data/BGE00320_MGE-BGE_r1_1.3_1.5_s50_100.fasta	None	Miridae	BLAST	family	COI-5P	655	1530	Miridae,Braconidae	BGSNH458-24_r_1.3_s_100	Deraeocoris rutilus	0	BGSNH458-24	1.3	100	False	False	12835478	7964	4235	1533	0.0	895.0	456.37964774951075	458.0
0	0	data/BGE00320_MGE-BGE_r1_1.3_1.5_s50_100.fasta	None	Miridae	BLAST	family	COI-5P	655	1446	Miridae,Braconidae	BGSNH458-24_r_1.5_s_50	Deraeocoris rutilus	0	BGSNH458-24	1.5	50	False	False	12835478	9861	4235	1533	0.0	944.0	452.7945205479452	463.0
0	0	data/BGE00320_MGE-BGE_r1_1.3_1.5_s50_100.fasta	None	Miridae	BLAST	family	COI-5P	649	1377	Miridae,Pentatomidae,Malcidae	BGSNH458-24_r_1.5_s_100	Deraeocoris rutilus	0	BGSNH458-24	1.5	100	False	False	12835478	6083	4235	1533	0.0	744.0	336.01761252446187	350.0
2	2	data/BGE00320_MGE-BGE_r1_1.3_1.5_s50_100.fasta	None	Miridae	BLAST	family	COI-5P	655	1533	Miridae,Braconidae	BGSNH459-24_r_1_s_50	Deraeocoris rutilus	0	BGSNH459-24	1	50	False	False	13978067	1716	279	1533	3.0	231.0	75.82583170254404	67.0
0	1	data/BGE00320_MGE-BGE_r1_1.3_1.5_s50_100.fasta	None	Miridae	BLAST	family	COI-5P	655	1530	Miridae,Braconidae	BGSNH459-24_r_1_s_100	Deraeocoris rutilus	0	BGSNH459-24	1	100	False	False	13978067	754	279	1533	0.0	105.0	44.471624266144815	41.0
0	0	data/BGE00320_MGE-BGE_r1_1.3_1.5_s50_100.fasta	None	Miridae	BLAST	family	COI-5P	655	1533	Miridae,Braconidae	BGSNH459-24_r_1.3_s_50	Deraeocoris rutilus	0	BGSNH459-24	1.3	50	False	False	13978067	1463	279	1533	3.0	212.0	63.31702544031311	57.0
0	0	data/BGE00320_MGE-BGE_r1_1.3_1.5_s50_100.fasta	None	Miridae	BLAST	family	COI-5P	655	1530	Miridae,Braconidae	BGSNH459-24_r_1.3_s_100	Deraeocoris rutilus	0	BGSNH459-24	1.3	100	False	False	13978067	693	279	1533	0.0	99.0	38.9334637964775	35.0
0	0	data/BGE00320_MGE-BGE_r1_1.3_1.5_s50_100.fasta	None	Miridae	BLAST	family	COI-5P	655	1479	Miridae,Braconidae	BGSNH459-24_r_1.5_s_50	Deraeocoris rutilus	0	BGSNH459-24	1.5	50	False	False	13978067	980	279	1533	0.0	102.0	41.980430528375734	41.0
0	0	data/BGE00320_MGE-BGE_r1_1.3_1.5_s50_100.fasta	None	Miridae	BLAST	family	COI-5P	655	1383	Miridae,Braconidae	BGSNH459-24_r_1.5_s_100	Deraeocoris rutilus	0	BGSNH459-24	1.5	100	False	False	13978067	505	279	1533	0.0	81.0	27.659491193737768	28.0
0	0	data/BGE00320_MGE-BGE_r1_1.3_1.5_s50_100.fasta	None	Miridae	BLAST	family	COI-5P	655	1530	Miridae,Braconidae	BGSNH460-24_r_1_s_50	Deraeocoris rutilus	0	BGSNH460-24	1	50	False	False	6549398	1183	105	1533	0.0	111.0	57.64187866927593	56.0
0	0	data/BGE00320_MGE-BGE_r1_1.3_1.5_s50_100.fasta	None	Miridae	BLAST	family	COI-5P	655	1530	Miridae,Braconidae	BGSNH460-24_r_1_s_100	Deraeocoris rutilus	0	BGSNH460-24	1	100	False	False	6549398	613	105	1533	0.0	71.0	38.85518590998043	37.0
0	0	data/BGE00320_MGE-BGE_r1_1.3_1.5_s50_100.fasta	None	Miridae	BLAST	family	COI-5P	655	1530	Miridae,Braconidae	BGSNH460-24_r_1.3_s_50	Deraeocoris rutilus	0	BGSNH460-24	1.3	50	False	False	6549398	1051	105	1533	0.0	104.0	51.10763209393346	50.0
0	0	data/BGE00320_MGE-BGE_r1_1.3_1.5_s50_100.fasta	None	Miridae	BLAST	family	COI-5P	655	1530	Miridae,Braconidae	BGSNH460-24_r_1.3_s_100	Deraeocoris rutilus	0	BGSNH460-24	1.3	100	False	False	6549398	570	105	1533	0.0	67.0	35.56947162426614	34.0
0	0	data/BGE00320_MGE-BGE_r1_1.3_1.5_s50_100.fasta	None	Miridae	BLAST	family	COI-5P	655	1455	Miridae,Braconidae	BGSNH460-24_r_1.5_s_50	Deraeocoris rutilus	0	BGSNH460-24	1.5	50	False	False	6549398	773	105	1533	0.0	90.0	37.3385518590998	37.0
0	0	data/BGE00320_MGE-BGE_r1_1.3_1.5_s50_100.fasta	None	Miridae	BLAST	family	COI-5P	655	1392	Miridae,Braconidae	BGSNH460-24_r_1.5_s_100	Deraeocoris rutilus	0	BGSNH460-24	1.5	100	False	False	6549398	444	105	1533	0.0	57.0	27.15068493150685	29.0
0	0	data/BGE00320_MGE-BGE_r1_1.3_1.5_s50_100.fasta	None	Miridae	BLAST	family	COI-5P	655	1536	Miridae,Braconidae	BGSNH461-24_r_1_s_50	Dichrooscytus algiricus	0	BGSNH461-24	1	50	False	False	18064646	142216	22068	1536	4413.0	12295.0	8203.7265625	8226.0
0	0	data/BGE00320_MGE-BGE_r1_1.3_1.5_s50_100.fasta	None	Miridae	BLAST	family	COI-5P	655	1536	Miridae,Braconidae	BGSNH461-24_r_1_s_100	Dichrooscytus algiricus	0	BGSNH461-24	1	100	False	False	18064646	110138	22068	1536	3557.0	10847.0	7153.48828125	7301.0
0	0	data/BGE00320_MGE-BGE_r1_1.3_1.5_s50_100.fasta	None	Miridae	BLAST	family	COI-5P	655	1536	Miridae,Braconidae	BGSNH461-24_r_1.3_s_50	Dichrooscytus algiricus	0	BGSNH461-24	1.3	50	False	False	18064646	138992	22068	1536	4394.0	12272.0	8043.87109375	8195.0
0	0	data/BGE00320_MGE-BGE_r1_1.3_1.5_s50_100.fasta	None	Miridae	BLAST	family	COI-5P	655	1536	Miridae,Braconidae	BGSNH461-24_r_1.3_s_100	Dichrooscytus algiricus	0	BGSNH461-24	1.3	100	False	False	18064646	108854	22068	1536	3556.0	10845.0	7068.357421875	7255.5
0	0	data/BGE00320_MGE-BGE_r1_1.3_1.5_s50_100.fasta	None	Miridae	BLAST	family	COI-5P	655	1536	Miridae,Braconidae	BGSNH461-24_r_1.5_s_50	Dichrooscytus algiricus	0	BGSNH461-24	1.5	50	False	False	18064646	121274	22068	1536	1699.0	11451.0	7023.5234375	7250.0
0	0	data/BGE00320_MGE-BGE_r1_1.3_1.5_s50_100.fasta	None	Miridae	BLAST	family	COI-5P	655	1536	Miridae,Braconidae	BGSNH461-24_r_1.5_s_100	Dichrooscytus algiricus	0	BGSNH461-24	1.5	100	False	False	18064646	97400	22068	1536	1696.0	10843.0	6282.728515625	6186.5
0	0	data/BGE00320_MGE-BGE_r1_1.3_1.5_s50_100.fasta	None	Miridae	BLAST	family	COI-5P	655	1536	Miridae,Braconidae	BGSNH462-24_r_1_s_50	Dichrooscytus bureschi	0	BGSNH462-24	1	50	False	False	19799476	38532	1418	1536	1389.0	3522.0	2521.767578125	2568.5
0	0	data/BGE00320_MGE-BGE_r1_1.3_1.5_s50_100.fasta	None	Miridae	BLAST	family	COI-5P	655	1536	Miridae,Braconidae	BGSNH462-24_r_1_s_100	Dichrooscytus bureschi	0	BGSNH462-24	1	100	False	False	19799476	31505	1418	1536	1308.0	3391.0	2296.767578125	2330.5
0	0	data/BGE00320_MGE-BGE_r1_1.3_1.5_s50_100.fasta	None	Miridae	BLAST	family	COI-5P	655	1536	Miridae,Braconidae	BGSNH462-24_r_1.3_s_50	Dichrooscytus bureschi	0	BGSNH462-24	1.3	50	False	False	19799476	37666	1418	1536	1366.0	3502.0	2479.6484375	2547.0
0	0	data/BGE00320_MGE-BGE_r1_1.3_1.5_s50_100.fasta	None	Miridae	BLAST	family	COI-5P	655	1536	Miridae,Braconidae	BGSNH462-24_r_1.3_s_100	Dichrooscytus bureschi	0	BGSNH462-24	1.3	100	False	False	19799476	31187	1418	1536	1288.0	3385.0	2274.35546875	2323.5
0	0	data/BGE00320_MGE-BGE_r1_1.3_1.5_s50_100.fasta	None	Miridae	BLAST	family	COI-5P	655	1536	Miridae,Braconidae	BGSNH462-24_r_1.5_s_50	Dichrooscytus bureschi	0	BGSNH462-24	1.5	50	False	False	19799476	33376	1418	1536	659.0	3496.0	2204.099609375	2247.0
0	0	data/BGE00320_MGE-BGE_r1_1.3_1.5_s50_100.fasta	None	Miridae	BLAST	family	COI-5P	655	1536	Miridae,Braconidae	BGSNH462-24_r_1.5_s_100	Dichrooscytus bureschi	0	BGSNH462-24	1.5	100	False	False	19799476	28031	1418	1536	658.0	3380.0	2041.1875	2033.0
0	0	data/BGE00320_MGE-BGE_r1_1.3_1.5_s50_100.fasta	None	Miridae	BLAST	family	COI-5P	655	1536	Miridae,Braconidae	BGSNH463-24_r_1_s_50	Dichrooscytus bureschi	0	BGSNH463-24	1	50	False	False	16325111	112058	11148	1536	4074.0	8813.0	6193.55859375	6235.0
0	0	data/BGE00320_MGE-BGE_r1_1.3_1.5_s50_100.fasta	None	Miridae	BLAST	family	COI-5P	655	1536	Miridae,Braconidae	BGSNH463-24_r_1_s_100	Dichrooscytus bureschi	0	BGSNH463-24	1	100	False	False	16325111	81845	11148	1536	2549.0	7535.0	5220.6328125	5154.5
0	0	data/BGE00320_MGE-BGE_r1_1.3_1.5_s50_100.fasta	None	Miridae	BLAST	family	COI-5P	655	1536	Miridae,Braconidae	BGSNH463-24_r_1.3_s_50	Dichrooscytus bureschi	0	BGSNH463-24	1.3	50	False	False	16325111	108673	11148	1536	3988.0	8712.0	5977.697265625	5947.5
0	0	data/BGE00320_MGE-BGE_r1_1.3_1.5_s50_100.fasta	None	Miridae	BLAST	family	COI-5P	655	1536	Miridae,Braconidae	BGSNH463-24_r_1.3_s_100	Dichrooscytus bureschi	0	BGSNH463-24	1.3	100	False	False	16325111	80151	11148	1536	2549.0	7435.0	5070.884765625	4997.5
0	0	data/BGE00320_MGE-BGE_r1_1.3_1.5_s50_100.fasta	None	Miridae	BLAST	family	COI-5P	655	1536	Miridae,Braconidae	BGSNH463-24_r_1.5_s_50	Dichrooscytus bureschi	0	BGSNH463-24	1.5	50	False	False	16325111	96190	11148	1536	1124.0	8402.0	5275.462890625	5419.0
0	0	data/BGE00320_MGE-BGE_r1_1.3_1.5_s50_100.fasta	None	Miridae	BLAST	family	COI-5P	655	1536	Miridae,Braconidae	BGSNH463-24_r_1.5_s_100	Dichrooscytus bureschi	0	BGSNH463-24	1.5	100	False	False	16325111	72595	11148	1536	1124.0	7321.0	4550.400390625	4646.0
0	0	data/BGE00320_MGE-BGE_r1_1.3_1.5_s50_100.fasta	None	Miridae	BLAST	family	COI-5P	657	1536	Miridae,Braconidae	BGSNH464-24_r_1_s_50	Dichrooscytus cyprius	0	BGSNH464-24	1	50	False	False	13428341	7676	645	1536	123.0	775.0	411.7109375	389.0
0	0	data/BGE00320_MGE-BGE_r1_1.3_1.5_s50_100.fasta	None	Miridae	BLAST	family	COI-5P	657	1536	Miridae,Braconidae	BGSNH464-24_r_1_s_100	Dichrooscytus cyprius	0	BGSNH464-24	1	100	False	False	13428341	5447	645	1536	96.0	623.0	339.220703125	310.0
0	0	data/BGE00320_MGE-BGE_r1_1.3_1.5_s50_100.fasta	None	Miridae	BLAST	family	COI-5P	657	1536	Miridae,Braconidae	BGSNH464-24_r_1.3_s_50	Dichrooscytus cyprius	0	BGSNH464-24	1.3	50	False	False	13428341	7355	645	1536	121.0	775.0	397.685546875	381.0
0	0	data/BGE00320_MGE-BGE_r1_1.3_1.5_s50_100.fasta	None	Miridae	BLAST	family	COI-5P	657	1536	Miridae,Braconidae	BGSNH464-24_r_1.3_s_100	Dichrooscytus cyprius	0	BGSNH464-24	1.3	100	False	False	13428341	5353	645	1536	95.0	623.0	333.224609375	308.5
0	0	data/BGE00320_MGE-BGE_r1_1.3_1.5_s50_100.fasta	None	Miridae	BLAST	family	COI-5P	657	1536	Miridae,Braconidae	BGSNH464-24_r_1.5_s_50	Dichrooscytus cyprius	0	BGSNH464-24	1.5	50	False	False	13428341	6401	645	1536	73.0	629.0	346.875	338.0
0	0	data/BGE00320_MGE-BGE_r1_1.3_1.5_s50_100.fasta	None	Miridae	BLAST	family	COI-5P	657	1536	Miridae,Braconidae	BGSNH464-24_r_1.5_s_100	Dichrooscytus cyprius	0	BGSNH464-24	1.5	100	False	False	13428341	4845	645	1536	73.0	585.0	298.71875	282.0
0	0	data/BGE00320_MGE-BGE_r1_1.3_1.5_s50_100.fasta	None	Miridae	BLAST	family	COI-5P	656	1536	Miridae,Braconidae	BGSNH465-24_r_1_s_50	Dichrooscytus dalmatinus	0	BGSNH465-24	1	50	False	False	13321526	77733	8828	1536	2425.0	8157.0	5052.732421875	4871.5
0	0	data/BGE00320_MGE-BGE_r1_1.3_1.5_s50_100.fasta	None	Miridae	BLAST	family	COI-5P	656	1536	Miridae,Braconidae	BGSNH465-24_r_1_s_100	Dichrooscytus dalmatinus	0	BGSNH465-24	1	100	False	False	13321526	64028	8828	1536	2244.0	7258.0	4608.6796875	4494.5
0	0	data/BGE00320_MGE-BGE_r1_1.3_1.5_s50_100.fasta	None	Miridae	BLAST	family	COI-5P	656	1536	Miridae,Braconidae	BGSNH465-24_r_1.3_s_50	Dichrooscytus dalmatinus	0	BGSNH465-24	1.3	50	False	False	13321526	76334	8828	1536	2400.0	7571.0	4978.35546875	4823.0
0	0	data/BGE00320_MGE-BGE_r1_1.3_1.5_s50_100.fasta	None	Miridae	BLAST	family	COI-5P	656	1536	Miridae,Braconidae	BGSNH465-24_r_1.3_s_100	Dichrooscytus dalmatinus	0	BGSNH465-24	1.3	100	False	False	13321526	63365	8828	1536	2227.0	6894.0	4563.783203125	4452.0
0	0	data/BGE00320_MGE-BGE_r1_1.3_1.5_s50_100.fasta	None	Miridae	BLAST	family	COI-5P	656	1536	Miridae,Braconidae	BGSNH465-24_r_1.5_s_50	Dichrooscytus dalmatinus	0	BGSNH465-24	1.5	50	False	False	13321526	65595	8828	1536	1074.0	7267.0	4278.541015625	4400.0
0	0	data/BGE00320_MGE-BGE_r1_1.3_1.5_s50_100.fasta	None	Miridae	BLAST	family	COI-5P	656	1536	Miridae,Braconidae	BGSNH465-24_r_1.5_s_100	Dichrooscytus dalmatinus	0	BGSNH465-24	1.5	100	False	False	13321526	55276	8828	1536	1029.0	6704.0	3962.017578125	4127.0
0	0	data/BGE00320_MGE-BGE_r1_1.3_1.5_s50_100.fasta	None	Miridae	BLAST	family	COI-5P	656	1536	Miridae,Braconidae	BGSNH466-24_r_1_s_50	Dichrooscytus dalmatinus	0	BGSNH466-24	1	50	False	False	17076940	92756	321	1536	2966.0	10094.0	5975.69921875	5674.0
0	0	data/BGE00320_MGE-BGE_r1_1.3_1.5_s50_100.fasta	None	Miridae	BLAST	family	COI-5P	656	1536	Miridae,Braconidae	BGSNH466-24_r_1_s_100	Dichrooscytus dalmatinus	0	BGSNH466-24	1	100	False	False	17076940	75753	321	1536	2774.0	8921.0	5423.455078125	5149.5
0	0	data/BGE00320_MGE-BGE_r1_1.3_1.5_s50_100.fasta	None	Miridae	BLAST	family	COI-5P	656	1536	Miridae,Braconidae	BGSNH466-24_r_1.3_s_50	Dichrooscytus dalmatinus	0	BGSNH466-24	1.3	50	False	False	17076940	91002	321	1536	2915.0	9315.0	5879.724609375	5601.5
0	0	data/BGE00320_MGE-BGE_r1_1.3_1.5_s50_100.fasta	None	Miridae	BLAST	family	COI-5P	656	1536	Miridae,Braconidae	BGSNH466-24_r_1.3_s_100	Dichrooscytus dalmatinus	0	BGSNH466-24	1.3	100	False	False	17076940	74876	321	1536	2746.0	8507.0	5362.107421875	5110.0
0	0	data/BGE00320_MGE-BGE_r1_1.3_1.5_s50_100.fasta	None	Miridae	BLAST	family	COI-5P	656	1536	Miridae,Braconidae	BGSNH466-24_r_1.5_s_50	Dichrooscytus dalmatinus	0	BGSNH466-24	1.5	50	False	False	17076940	77448	321	1536	1221.0	8633.0	5000.80859375	5048.5
0	0	data/BGE00320_MGE-BGE_r1_1.3_1.5_s50_100.fasta	None	Miridae	BLAST	family	COI-5P	656	1536	Miridae,Braconidae	BGSNH466-24_r_1.5_s_100	Dichrooscytus dalmatinus	0	BGSNH466-24	1.5	100	False	False	17076940	64743	321	1536	1174.0	7954.0	4610.94921875	4707.0
0	0	data/BGE00320_MGE-BGE_r1_1.3_1.5_s50_100.fasta	None	Miridae	BLAST	family	COI-5P	656	1536	Miridae,Braconidae	BGSNH467-24_r_1_s_50	Dichrooscytus dalmatinus	0	BGSNH467-24	1	50	False	False	16353812	59295	361	1536	2044.0	5972.0	3683.423828125	3556.0
0	0	data/BGE00320_MGE-BGE_r1_1.3_1.5_s50_100.fasta	None	Miridae	BLAST	family	COI-5P	656	1536	Miridae,Braconidae	BGSNH467-24_r_1_s_100	Dichrooscytus dalmatinus	0	BGSNH467-24	1	100	False	False	16353812	49202	361	1536	1440.0	5546.0	3348.666015625	3280.0
0	0	data/BGE00320_MGE-BGE_r1_1.3_1.5_s50_100.fasta	None	Miridae	BLAST	family	COI-5P	656	1536	Miridae,Braconidae	BGSNH467-24_r_1.3_s_50	Dichrooscytus dalmatinus	0	BGSNH467-24	1.3	50	False	False	16353812	58120	361	1536	2003.0	5957.0	3619.6484375	3517.0
0	0	data/BGE00320_MGE-BGE_r1_1.3_1.5_s50_100.fasta	None	Miridae	BLAST	family	COI-5P	656	1536	Miridae,Braconidae	BGSNH467-24_r_1.3_s_100	Dichrooscytus dalmatinus	0	BGSNH467-24	1.3	100	False	False	16353812	48646	361	1536	1439.0	5534.0	3310.05078125	3252.0
0	0	data/BGE00320_MGE-BGE_r1_1.3_1.5_s50_100.fasta	None	Miridae	BLAST	family	COI-5P	656	1536	Miridae,Braconidae	BGSNH467-24_r_1.5_s_50	Dichrooscytus dalmatinus	0	BGSNH467-24	1.5	50	False	False	16353812	50180	361	1536	639.0	5825.0	3128.4609375	3254.5
0	0	data/BGE00320_MGE-BGE_r1_1.3_1.5_s50_100.fasta	None	Miridae	BLAST	family	COI-5P	656	1536	Miridae,Braconidae	BGSNH467-24_r_1.5_s_100	Dichrooscytus dalmatinus	0	BGSNH467-24	1.5	100	False	False	16353812	42841	361	1536	592.0	5408.0	2899.759765625	3068.0
0	0	data/BGE00320_MGE-BGE_r1_1.3_1.5_s50_100.fasta	None	Miridae	BLAST	family	COI-5P	656	1536	Miridae,Braconidae	BGSNH468-24_r_1_s_50	Dichrooscytus dalmatinus	0	BGSNH468-24	1	50	False	False	14118203	41920	398	1536	1425.0	3472.0	2561.38671875	2620.5
0	0	data/BGE00320_MGE-BGE_r1_1.3_1.5_s50_100.fasta	None	Miridae	BLAST	family	COI-5P	656	1536	Miridae,Braconidae	BGSNH468-24_r_1_s_100	Dichrooscytus dalmatinus	0	BGSNH468-24	1	100	False	False	14118203	34160	398	1536	1051.0	3011.0	2305.2421875	2396.0
0	0	data/BGE00320_MGE-BGE_r1_1.3_1.5_s50_100.fasta	None	Miridae	BLAST	family	COI-5P	656	1536	Miridae,Braconidae	BGSNH468-24_r_1.3_s_50	Dichrooscytus dalmatinus	0	BGSNH468-24	1.3	50	False	False	14118203	40519	398	1536	1417.0	3292.0	2477.931640625	2574.0
0	0	data/BGE00320_MGE-BGE_r1_1.3_1.5_s50_100.fasta	None	Miridae	BLAST	family	COI-5P	656	1536	Miridae,Braconidae	BGSNH468-24_r_1.3_s_100	Dichrooscytus dalmatinus	0	BGSNH468-24	1.3	100	False	False	14118203	33389	398	1536	1051.0	2979.0	2246.765625	2354.5
0	0	data/BGE00320_MGE-BGE_r1_1.3_1.5_s50_100.fasta	None	Miridae	BLAST	family	COI-5P	656	1536	Miridae,Braconidae	BGSNH468-24_r_1.5_s_50	Dichrooscytus dalmatinus	0	BGSNH468-24	1.5	50	False	False	14118203	35224	398	1536	567.0	3079.0	2146.017578125	2194.0
0	0	data/BGE00320_MGE-BGE_r1_1.3_1.5_s50_100.fasta	None	Miridae	BLAST	family	COI-5P	656	1536	Miridae,Braconidae	BGSNH468-24_r_1.5_s_100	Dichrooscytus dalmatinus	0	BGSNH468-24	1.5	100	False	False	14118203	29534	398	1536	564.0	2965.0	1968.556640625	1992.5
0	0	data/BGE00320_MGE-BGE_r1_1.3_1.5_s50_100.fasta	None	Miridae	BLAST	family	COI-5P	656	1536	Miridae,Braconidae	BGSNH469-24_r_1_s_50	Dichrooscytus valesianus	0	BGSNH469-24	1	50	False	False	14274356	5950	258	1536	212.0	461.0	314.365234375	311.0
0	0	data/BGE00320_MGE-BGE_r1_1.3_1.5_s50_100.fasta	None	Miridae	BLAST	family	COI-5P	656	1536	Miridae,Braconidae	BGSNH469-24_r_1_s_100	Dichrooscytus valesianus	0	BGSNH469-24	1	100	False	False	14274356	4230	258	1536	96.0	368.0	256.716796875	258.0
0	0	data/BGE00320_MGE-BGE_r1_1.3_1.5_s50_100.fasta	None	Miridae	BLAST	family	COI-5P	656	1536	Miridae,Braconidae	BGSNH469-24_r_1.3_s_50	Dichrooscytus valesianus	0	BGSNH469-24	1.3	50	False	False	14274356	5614	258	1536	198.0	458.0	297.6171875	292.0
0	0	data/BGE00320_MGE-BGE_r1_1.3_1.5_s50_100.fasta	None	Miridae	BLAST	family	COI-5P	656	1536	Miridae,Braconidae	BGSNH469-24_r_1.3_s_100	Dichrooscytus valesianus	0	BGSNH469-24	1.3	100	False	False	14274356	4116	258	1536	96.0	363.0	248.8515625	249.0
0	0	data/BGE00320_MGE-BGE_r1_1.3_1.5_s50_100.fasta	None	Miridae	BLAST	family	COI-5P	656	1536	Miridae,Braconidae	BGSNH469-24_r_1.5_s_50	Dichrooscytus valesianus	0	BGSNH469-24	1.5	50	False	False	14274356	4810	258	1536	28.0	440.0	254.970703125	265.0
0	0	data/BGE00320_MGE-BGE_r1_1.3_1.5_s50_100.fasta	None	Miridae	BLAST	family	COI-5P	656	1536	Miridae,Braconidae	BGSNH469-24_r_1.5_s_100	Dichrooscytus valesianus	0	BGSNH469-24	1.5	100	False	False	14274356	3641	258	1536	24.0	353.0	218.423828125	234.0
0	0	data/BGE00320_MGE-BGE_r1_1.3_1.5_s50_100.fasta	None	Miridae	BLAST	family	COI-5P	656	1536	Miridae,Braconidae	BGSNH470-24_r_1_s_50	Dichrooscytus valesianus	0	BGSNH470-24	1	50	False	False	14647174	41538	644	1536	1288.0	4108.0	2589.361328125	2535.5
0	0	data/BGE00320_MGE-BGE_r1_1.3_1.5_s50_100.fasta	None	Miridae	BLAST	family	COI-5P	656	1536	Miridae,Braconidae	BGSNH470-24_r_1_s_100	Dichrooscytus valesianus	0	BGSNH470-24	1	100	False	False	14647174	33013	644	1536	1218.0	3709.0	2308.3203125	2261.5
0	0	data/BGE00320_MGE-BGE_r1_1.3_1.5_s50_100.fasta	None	Miridae	BLAST	family	COI-5P	656	1536	Miridae,Braconidae	BGSNH470-24_r_1.3_s_50	Dichrooscytus valesianus	0	BGSNH470-24	1.3	50	False	False	14647174	40497	644	1536	1279.0	3886.0	2537.365234375	2522.0
0	0	data/BGE00320_MGE-BGE_r1_1.3_1.5_s50_100.fasta	None	Miridae	BLAST	family	COI-5P	656	1536	Miridae,Braconidae	BGSNH470-24_r_1.3_s_100	Dichrooscytus valesianus	0	BGSNH470-24	1.3	100	False	False	14647174	32581	644	1536	1218.0	3704.0	2278.74609375	2250.0
0	0	data/BGE00320_MGE-BGE_r1_1.3_1.5_s50_100.fasta	None	Miridae	BLAST	family	COI-5P	656	1536	Miridae,Braconidae	BGSNH470-24_r_1.5_s_50	Dichrooscytus valesianus	0	BGSNH470-24	1.5	50	False	False	14647174	35124	644	1536	581.0	3877.0	2196.794921875	2216.0
0	0	data/BGE00320_MGE-BGE_r1_1.3_1.5_s50_100.fasta	None	Miridae	BLAST	family	COI-5P	656	1536	Miridae,Braconidae	BGSNH470-24_r_1.5_s_100	Dichrooscytus valesianus	0	BGSNH470-24	1.5	100	False	False	14647174	28654	644	1536	581.0	3694.0	1992.44921875	2023.0
0	0	data/BGE00320_MGE-BGE_r1_1.3_1.5_s50_100.fasta	None	Miridae	BLAST	family	COI-5P	656	1536	Miridae,Braconidae	BGSNH471-24_r_1_s_50	Dichrooscytus valesianus	0	BGSNH471-24	1	50	False	False	15906537	104826	1121	1536	3190.0	8663.0	6162.55078125	6268.0
0	0	data/BGE00320_MGE-BGE_r1_1.3_1.5_s50_100.fasta	None	Miridae	BLAST	family	COI-5P	656	1536	Miridae,Braconidae	BGSNH471-24_r_1_s_100	Dichrooscytus valesianus	0	BGSNH471-24	1	100	False	False	15906537	81838	1121	1536	2283.0	7364.0	5399.474609375	5558.0
0	0	data/BGE00320_MGE-BGE_r1_1.3_1.5_s50_100.fasta	None	Miridae	BLAST	family	COI-5P	656	1536	Miridae,Braconidae	BGSNH471-24_r_1.3_s_50	Dichrooscytus valesianus	0	BGSNH471-24	1.3	50	False	False	15906537	102201	1121	1536	3177.0	8619.0	6032.849609375	6196.5
0	0	data/BGE00320_MGE-BGE_r1_1.3_1.5_s50_100.fasta	None	Miridae	BLAST	family	COI-5P	656	1536	Miridae,Braconidae	BGSNH471-24_r_1.3_s_100	Dichrooscytus valesianus	0	BGSNH471-24	1.3	100	False	False	15906537	80884	1121	1536	2283.0	7358.0	5335.912109375	5464.0
0	0	data/BGE00320_MGE-BGE_r1_1.3_1.5_s50_100.fasta	None	Miridae	BLAST	family	COI-5P	656	1536	Miridae,Braconidae	BGSNH471-24_r_1.5_s_50	Dichrooscytus valesianus	0	BGSNH471-24	1.5	50	False	False	15906537	88964	1121	1536	1043.0	8557.0	5243.533203125	5376.0
0	0	data/BGE00320_MGE-BGE_r1_1.3_1.5_s50_100.fasta	None	Miridae	BLAST	family	COI-5P	656	1536	Miridae,Braconidae	BGSNH471-24_r_1.5_s_100	Dichrooscytus valesianus	0	BGSNH471-24	1.5	100	False	False	15906537	71747	1121	1536	1041.0	7355.0	4700.021484375	4758.5
0	0	data/BGE00320_MGE-BGE_r1_1.3_1.5_s50_100.fasta	None	Miridae	BLAST	family	COI-5P	656	1536	Miridae,Braconidae	BGSNH472-24_r_1_s_50	Dichrooscytus valesianus	0	BGSNH472-24	1	50	False	False	10808420	55940	3860	1536	1939.0	4367.0	3071.771484375	3096.0
0	0	data/BGE00320_MGE-BGE_r1_1.3_1.5_s50_100.fasta	None	Miridae	BLAST	family	COI-5P	656	1536	Miridae,Braconidae	BGSNH472-24_r_1_s_100	Dichrooscytus valesianus	0	BGSNH472-24	1	100	False	False	10808420	40891	3860	1536	963.0	3592.0	2586.056640625	2597.5
0	0	data/BGE00320_MGE-BGE_r1_1.3_1.5_s50_100.fasta	None	Miridae	BLAST	family	COI-5P	656	1536	Miridae,Braconidae	BGSNH472-24_r_1.3_s_50	Dichrooscytus valesianus	0	BGSNH472-24	1.3	50	False	False	10808420	54684	3860	1536	1891.0	4152.0	3008.90234375	3044.0
0	0	data/BGE00320_MGE-BGE_r1_1.3_1.5_s50_100.fasta	None	Miridae	BLAST	family	COI-5P	656	1536	Miridae,Braconidae	BGSNH472-24_r_1.3_s_100	Dichrooscytus valesianus	0	BGSNH472-24	1.3	100	False	False	10808420	40485	3860	1536	962.0	3574.0	2555.53515625	2562.5
0	0	data/BGE00320_MGE-BGE_r1_1.3_1.5_s50_100.fasta	None	Miridae	BLAST	family	COI-5P	656	1536	Miridae,Braconidae	BGSNH472-24_r_1.5_s_50	Dichrooscytus valesianus	0	BGSNH472-24	1.5	50	False	False	10808420	49529	3860	1536	783.0	4143.0	2725.595703125	2775.5
0	0	data/BGE00320_MGE-BGE_r1_1.3_1.5_s50_100.fasta	None	Miridae	BLAST	family	COI-5P	656	1536	Miridae,Braconidae	BGSNH472-24_r_1.5_s_100	Dichrooscytus valesianus	0	BGSNH472-24	1.5	100	False	False	10808420	37375	3860	1536	756.0	3488.0	2348.046875	2350.5
0	0	data/BGE00320_MGE-BGE_r1_1.3_1.5_s50_100.fasta	None	Miridae	BLAST	family	COI-5P	656	1533	Miridae	BGSNH473-24_r_1_s_50	Dicyphus botrydis	0	BGSNH473-24	1	50	False	False	26617977	4135	2085	1533	218.0	419.0	299.6908023483366	296.0
0	0	data/BGE00320_MGE-BGE_r1_1.3_1.5_s50_100.fasta	None	Miridae	BLAST	family	COI-5P	656	1533	Miridae	BGSNH473-24_r_1_s_100	Dicyphus botrydis	0	BGSNH473-24	1	100	False	False	26617977	3302	2085	1533	184.0	365.0	274.2563600782779	270.0
0	0	data/BGE00320_MGE-BGE_r1_1.3_1.5_s50_100.fasta	None	Miridae	BLAST	family	COI-5P	656	1533	Miridae	BGSNH473-24_r_1.3_s_50	Dicyphus botrydis	0	BGSNH473-24	1.3	50	False	False	26617977	3697	2085	1533	206.0	384.0	280.7495107632094	278.0
0	0	data/BGE00320_MGE-BGE_r1_1.3_1.5_s50_100.fasta	None	Miridae	BLAST	family	COI-5P	656	1533	Miridae	BGSNH473-24_r_1.3_s_100	Dicyphus botrydis	0	BGSNH473-24	1.3	100	False	False	26617977	3213	2085	1533	184.0	355.0	266.69667318982385	263.0
0	0	data/BGE00320_MGE-BGE_r1_1.3_1.5_s50_100.fasta	None	Miridae	BLAST	family	COI-5P	656	1533	Miridae	BGSNH473-24_r_1.5_s_50	Dicyphus botrydis	0	BGSNH473-24	1.5	50	False	False	26617977	3305	2085	1533	60.0	348.0	254.3385518590998	262.0
0	0	data/BGE00320_MGE-BGE_r1_1.3_1.5_s50_100.fasta	None	Miridae	BLAST	family	COI-5P	656	1533	Miridae	BGSNH473-24_r_1.5_s_100	Dicyphus botrydis	0	BGSNH473-24	1.5	100	False	False	26617977	2947	2085	1533	60.0	334.0	243.81017612524462	255.0
0	0	data/BGE00320_MGE-BGE_r1_1.3_1.5_s50_100.fasta	None	Miridae	BLAST	family	COI-5P	656	1533	Miridae	BGSNH474-24_r_1_s_50	Dicyphus botrydis	0	BGSNH474-24	1	50	False	False	21372009	3666	53	1533	153.0	290.0	236.30528375733854	236.0
0	0	data/BGE00320_MGE-BGE_r1_1.3_1.5_s50_100.fasta	None	Miridae	BLAST	family	COI-5P	656	1533	Miridae	BGSNH474-24_r_1_s_100	Dicyphus botrydis	0	BGSNH474-24	1	100	False	False	21372009	2805	53	1533	97.0	268.0	209.78082191780823	212.0
0	0	data/BGE00320_MGE-BGE_r1_1.3_1.5_s50_100.fasta	None	Miridae	BLAST	family	COI-5P	656	1533	Miridae	BGSNH474-24_r_1.3_s_50	Dicyphus botrydis	0	BGSNH474-24	1.3	50	False	False	21372009	3440	53	1533	153.0	284.0	226.78473581213308	227.0
0	0	data/BGE00320_MGE-BGE_r1_1.3_1.5_s50_100.fasta	None	Miridae	BLAST	family	COI-5P	656	1533	Miridae	BGSNH474-24_r_1.3_s_100	Dicyphus botrydis	0	BGSNH474-24	1.3	100	False	False	21372009	2764	53	1533	97.0	263.0	206.58317025440314	209.0
0	0	data/BGE00320_MGE-BGE_r1_1.3_1.5_s50_100.fasta	None	Miridae	BLAST	family	COI-5P	656	1533	Miridae	BGSNH474-24_r_1.5_s_50	Dicyphus botrydis	0	BGSNH474-24	1.5	50	False	False	21372009	3171	53	1533	43.0	283.0	209.1702544031311	220.0
0	0	data/BGE00320_MGE-BGE_r1_1.3_1.5_s50_100.fasta	None	Miridae	BLAST	family	COI-5P	656	1533	Miridae	BGSNH474-24_r_1.5_s_100	Dicyphus botrydis	0	BGSNH474-24	1.5	100	False	False	21372009	2586	53	1533	43.0	263.0	191.8454011741683	204.0
0	0	data/BGE00320_MGE-BGE_r1_1.3_1.5_s50_100.fasta	None	Miridae	BLAST	family	COI-5P	656	1533	Miridae	BGSNH475-24_r_1_s_50	Dicyphus botrydis	0	BGSNH475-24	1	50	False	False	20360608	2325	1151	1533	86.0	222.0	149.09197651663405	148.0
0	0	data/BGE00320_MGE-BGE_r1_1.3_1.5_s50_100.fasta	None	Miridae	BLAST	family	COI-5P	656	1533	Miridae	BGSNH475-24_r_1_s_100	Dicyphus botrydis	0	BGSNH475-24	1	100	False	False	20360608	1693	1151	1533	62.0	191.0	129.78473581213308	128.0
0	0	data/BGE00320_MGE-BGE_r1_1.3_1.5_s50_100.fasta	None	Miridae	BLAST	family	COI-5P	656	1533	Miridae	BGSNH475-24_r_1.3_s_50	Dicyphus botrydis	0	BGSNH475-24	1.3	50	False	False	20360608	2047	1151	1533	84.0	203.0	138.31311154598825	137.0
0	0	data/BGE00320_MGE-BGE_r1_1.3_1.5_s50_100.fasta	None	Miridae	BLAST	family	COI-5P	656	1533	Miridae	BGSNH475-24_r_1.3_s_100	Dicyphus botrydis	0	BGSNH475-24	1.3	100	False	False	20360608	1655	1151	1533	62.0	189.0	126.9041095890411	126.0
0	0	data/BGE00320_MGE-BGE_r1_1.3_1.5_s50_100.fasta	None	Miridae	BLAST	family	COI-5P	656	1533	Miridae	BGSNH475-24_r_1.5_s_50	Dicyphus botrydis	0	BGSNH475-24	1.5	50	False	False	20360608	1840	1151	1533	27.0	203.0	124.62622309197651	127.0
0	0	data/BGE00320_MGE-BGE_r1_1.3_1.5_s50_100.fasta	None	Miridae	BLAST	family	COI-5P	656	1533	Miridae	BGSNH475-24_r_1.5_s_100	Dicyphus botrydis	0	BGSNH475-24	1.5	100	False	False	20360608	1510	1151	1533	27.0	188.0	115.02544031311155	119.0
