ambig_basecount	ambig_full_basecount	dataset	error	identification	identification_method	identification_rank	marker_code	nuc_basecount	nuc_full_basecount	obs_taxon	sequence_id	species	stop_codons	group_id	r	s	fcleaner	merge
0	0	data/BGE00306_MGE-BGE_r1_1.3_1.5_s50_100.fasta	None	Pyralidae	BLAST	family	COI-5P	657	1539	Pyralidae	BGSNL1236-24_r_1_s_50	Arsissa ramosella	0	BGSNL1236-24	1	50	False	False
0	0	data/BGE00306_MGE-BGE_r1_1.3_1.5_s50_100.fasta	None	Pyralidae	BLAST	family	COI-5P	657	1539	Pyralidae	BGSNL1236-24_r_1_s_100	Arsissa ramosella	0	BGSNL1236-24	1	100	False	False
0	0	data/BGE00306_MGE-BGE_r1_1.3_1.5_s50_100.fasta	None	Pyralidae	BLAST	family	COI-5P	657	1539	Pyralidae	BGSNL1236-24_r_1.3_s_50	Arsissa ramosella	0	BGSNL1236-24	1.3	50	False	False
0	0	data/BGE00306_MGE-BGE_r1_1.3_1.5_s50_100.fasta	None	Pyralidae	BLAST	family	COI-5P	657	1539	Pyralidae	BGSNL1236-24_r_1.3_s_100	Arsissa ramosella	0	BGSNL1236-24	1.3	100	False	False
0	0	data/BGE00306_MGE-BGE_r1_1.3_1.5_s50_100.fasta	None	Pyralidae	BLAST	family	COI-5P	657	1539	Pyralidae	BGSNL1236-24_r_1.5_s_50	Arsissa ramosella	0	BGSNL1236-24	1.5	50	False	False
0	0	data/BGE00306_MGE-BGE_r1_1.3_1.5_s50_100.fasta	None	Pyralidae	BLAST	family	COI-5P	657	1539	Pyralidae	BGSNL1236-24_r_1.5_s_100	Arsissa ramosella	0	BGSNL1236-24	1.5	100	False	False
0	0	data/BGE00306_MGE-BGE_r1_1.3_1.5_s50_100.fasta	None	Pyralidae	BLAST	family	COI-5P	656	1542	Pyralidae	BGSNL1237-24_r_1_s_50	Arsissa ramosella	0	BGSNL1237-24	1	50	False	False
0	0	data/BGE00306_MGE-BGE_r1_1.3_1.5_s50_100.fasta	None	Pyralidae	BLAST	family	COI-5P	656	1542	Pyralidae	BGSNL1237-24_r_1_s_100	Arsissa ramosella	0	BGSNL1237-24	1	100	False	False
0	0	data/BGE00306_MGE-BGE_r1_1.3_1.5_s50_100.fasta	None	Pyralidae	BLAST	family	COI-5P	656	1542	Pyralidae	BGSNL1237-24_r_1.3_s_50	Arsissa ramosella	0	BGSNL1237-24	1.3	50	False	False
0	0	data/BGE00306_MGE-BGE_r1_1.3_1.5_s50_100.fasta	None	Pyralidae	BLAST	family	COI-5P	656	1542	Pyralidae	BGSNL1237-24_r_1.3_s_100	Arsissa ramosella	0	BGSNL1237-24	1.3	100	False	False
0	0	data/BGE00306_MGE-BGE_r1_1.3_1.5_s50_100.fasta	None	Pyralidae	BLAST	family	COI-5P	656	1536	Pyralidae	BGSNL1237-24_r_1.5_s_50	Arsissa ramosella	0	BGSNL1237-24	1.5	50	False	False
0	0	data/BGE00306_MGE-BGE_r1_1.3_1.5_s50_100.fasta	None	Pyralidae	BLAST	family	COI-5P	656	1536	Pyralidae	BGSNL1237-24_r_1.5_s_100	Arsissa ramosella	0	BGSNL1237-24	1.5	100	False	False
0	0	data/BGE00306_MGE-BGE_r1_1.3_1.5_s50_100.fasta	None	Pyralidae	BLAST	family	COI-5P	657	1527	Pyralidae	BGSNL1238-24_r_1_s_50	Asartodes zapateri	0	BGSNL1238-24	1	50	False	False
0	0	data/BGE00306_MGE-BGE_r1_1.3_1.5_s50_100.fasta	None	Pyralidae	BLAST	family	COI-5P	657	1527	Pyralidae	BGSNL1238-24_r_1_s_100	Asartodes zapateri	0	BGSNL1238-24	1	100	False	False
0	0	data/BGE00306_MGE-BGE_r1_1.3_1.5_s50_100.fasta	None	Pyralidae	BLAST	family	COI-5P	657	1527	Pyralidae	BGSNL1238-24_r_1.3_s_50	Asartodes zapateri	0	BGSNL1238-24	1.3	50	False	False
0	0	data/BGE00306_MGE-BGE_r1_1.3_1.5_s50_100.fasta	None	Pyralidae	BLAST	family	COI-5P	657	1527	Pyralidae	BGSNL1238-24_r_1.3_s_100	Asartodes zapateri	0	BGSNL1238-24	1.3	100	False	False
0	0	data/BGE00306_MGE-BGE_r1_1.3_1.5_s50_100.fasta	None	Pyralidae	BLAST	family	COI-5P	657	1527	Pyralidae	BGSNL1238-24_r_1.5_s_50	Asartodes zapateri	0	BGSNL1238-24	1.5	50	False	False
0	0	data/BGE00306_MGE-BGE_r1_1.3_1.5_s50_100.fasta	None	Pyralidae	BLAST	family	COI-5P	657	1527	Pyralidae	BGSNL1238-24_r_1.5_s_100	Asartodes zapateri	0	BGSNL1238-24	1.5	100	False	False
0	0	data/BGE00306_MGE-BGE_r1_1.3_1.5_s50_100.fasta	None	Pyralidae	BLAST	family	COI-5P	657	1530	Pyralidae	BGSNL1239-24_r_1_s_50	Asartodes zapateri	0	BGSNL1239-24	1	50	False	False
0	0	data/BGE00306_MGE-BGE_r1_1.3_1.5_s50_100.fasta	None	Pyralidae	BLAST	family	COI-5P	657	1527	Pyralidae	BGSNL1239-24_r_1_s_100	Asartodes zapateri	0	BGSNL1239-24	1	100	False	False
0	0	data/BGE00306_MGE-BGE_r1_1.3_1.5_s50_100.fasta	None	Pyralidae	BLAST	family	COI-5P	657	1530	Pyralidae	BGSNL1239-24_r_1.3_s_50	Asartodes zapateri	0	BGSNL1239-24	1.3	50	False	False
0	0	data/BGE00306_MGE-BGE_r1_1.3_1.5_s50_100.fasta	None	Pyralidae	BLAST	family	COI-5P	657	1527	Pyralidae	BGSNL1239-24_r_1.3_s_100	Asartodes zapateri	0	BGSNL1239-24	1.3	100	False	False
0	0	data/BGE00306_MGE-BGE_r1_1.3_1.5_s50_100.fasta	None	Pyralidae	BLAST	family	COI-5P	657	1530	Pyralidae	BGSNL1239-24_r_1.5_s_50	Asartodes zapateri	0	BGSNL1239-24	1.5	50	False	False
0	0	data/BGE00306_MGE-BGE_r1_1.3_1.5_s50_100.fasta	None	Pyralidae	BLAST	family	COI-5P	657	1527	Pyralidae	BGSNL1239-24_r_1.5_s_100	Asartodes zapateri	0	BGSNL1239-24	1.5	100	False	False
0	0	data/BGE00306_MGE-BGE_r1_1.3_1.5_s50_100.fasta	None	Pyralidae	BLAST	family	COI-5P	657	1533	Pyralidae	BGSNL1240-24_r_1_s_50	Assara terebella	0	BGSNL1240-24	1	50	False	False
0	0	data/BGE00306_MGE-BGE_r1_1.3_1.5_s50_100.fasta	None	Pyralidae	BLAST	family	COI-5P	657	1533	Pyralidae	BGSNL1240-24_r_1_s_100	Assara terebella	0	BGSNL1240-24	1	100	False	False
0	0	data/BGE00306_MGE-BGE_r1_1.3_1.5_s50_100.fasta	None	Pyralidae	BLAST	family	COI-5P	657	1533	Pyralidae	BGSNL1240-24_r_1.3_s_50	Assara terebella	0	BGSNL1240-24	1.3	50	False	False
0	0	data/BGE00306_MGE-BGE_r1_1.3_1.5_s50_100.fasta	None	Pyralidae	BLAST	family	COI-5P	657	1533	Pyralidae	BGSNL1240-24_r_1.3_s_100	Assara terebella	0	BGSNL1240-24	1.3	100	False	False
0	0	data/BGE00306_MGE-BGE_r1_1.3_1.5_s50_100.fasta	None	Pyralidae	BLAST	family	COI-5P	657	1533	Pyralidae	BGSNL1240-24_r_1.5_s_50	Assara terebella	0	BGSNL1240-24	1.5	50	False	False
0	0	data/BGE00306_MGE-BGE_r1_1.3_1.5_s50_100.fasta	None	Pyralidae	BLAST	family	COI-5P	657	1533	Pyralidae	BGSNL1240-24_r_1.5_s_100	Assara terebella	0	BGSNL1240-24	1.5	100	False	False
0	0	data/BGE00306_MGE-BGE_r1_1.3_1.5_s50_100.fasta	None	Pyralidae	BLAST	family	COI-5P	657	1533	Pyralidae	BGSNL1241-24_r_1_s_50	Assara terebella	0	BGSNL1241-24	1	50	False	False
0	0	data/BGE00306_MGE-BGE_r1_1.3_1.5_s50_100.fasta	None	Pyralidae	BLAST	family	COI-5P	657	1533	Pyralidae	BGSNL1241-24_r_1_s_100	Assara terebella	0	BGSNL1241-24	1	100	False	False
0	0	data/BGE00306_MGE-BGE_r1_1.3_1.5_s50_100.fasta	None	Pyralidae	BLAST	family	COI-5P	657	1533	Pyralidae	BGSNL1241-24_r_1.3_s_50	Assara terebella	0	BGSNL1241-24	1.3	50	False	False
0	0	data/BGE00306_MGE-BGE_r1_1.3_1.5_s50_100.fasta	None	Pyralidae	BLAST	family	COI-5P	657	1533	Pyralidae	BGSNL1241-24_r_1.3_s_100	Assara terebella	0	BGSNL1241-24	1.3	100	False	False
0	0	data/BGE00306_MGE-BGE_r1_1.3_1.5_s50_100.fasta	None	Pyralidae	BLAST	family	COI-5P	657	1533	Pyralidae	BGSNL1241-24_r_1.5_s_50	Assara terebella	0	BGSNL1241-24	1.5	50	False	False
0	0	data/BGE00306_MGE-BGE_r1_1.3_1.5_s50_100.fasta	None	Pyralidae	BLAST	family	COI-5P	657	1533	Pyralidae	BGSNL1241-24_r_1.5_s_100	Assara terebella	0	BGSNL1241-24	1.5	100	False	False
22	41	data/BGE00306_MGE-BGE_r1_1.3_1.5_s50_100.fasta	None	Pyralidae	BLAST	family	COI-5P	619	1419	Noctuidae,Papilionidae,Geometridae	BGSNL1242-24_r_1_s_50	Assara terebella	0	BGSNL1242-24	1	50	False	False
21	48	data/BGE00306_MGE-BGE_r1_1.3_1.5_s50_100.fasta	None	Pyralidae	BLAST	family	COI-5P	512	1188	Papilionidae,Pyralidae,Geometridae	BGSNL1242-24_r_1_s_100	Assara terebella	0	BGSNL1242-24	1	100	False	False
5	12	data/BGE00306_MGE-BGE_r1_1.3_1.5_s50_100.fasta	None	Pyralidae	BLAST	family	COI-5P	620	1353	Pyralidae,Crambidae	BGSNL1242-24_r_1.3_s_50	Assara terebella	0	BGSNL1242-24	1.3	50	False	False
5	13	data/BGE00306_MGE-BGE_r1_1.3_1.5_s50_100.fasta	None	Pyralidae	BLAST	family	COI-5P	512	1077	Pyralidae,Crambidae	BGSNL1242-24_r_1.3_s_100	Assara terebella	0	BGSNL1242-24	1.3	100	False	False
4	11	data/BGE00306_MGE-BGE_r1_1.3_1.5_s50_100.fasta	None	Pyralidae	BLAST	family	COI-5P	611	1344	Gelechiidae,Noctuidae,Lycaenidae,Riodinidae,Geometridae	BGSNL1242-24_r_1.5_s_50	Assara terebella	0	BGSNL1242-24	1.5	50	False	False
7	20	data/BGE00306_MGE-BGE_r1_1.3_1.5_s50_100.fasta	None	Pyralidae	BLAST	family	COI-5P	503	1068	Papilionidae,Pyralidae,Geometridae	BGSNL1242-24_r_1.5_s_100	Assara terebella	0	BGSNL1242-24	1.5	100	False	False
0	0	data/BGE00306_MGE-BGE_r1_1.3_1.5_s50_100.fasta	None	Pyralidae	BLAST	family	COI-5P	657	1530	Pyralidae	BGSNL1243-24_r_1_s_50	Bradyrrhoa cantenerella	0	BGSNL1243-24	1	50	False	False
0	0	data/BGE00306_MGE-BGE_r1_1.3_1.5_s50_100.fasta	None	Pyralidae	BLAST	family	COI-5P	657	1530	Pyralidae	BGSNL1243-24_r_1_s_100	Bradyrrhoa cantenerella	0	BGSNL1243-24	1	100	False	False
0	0	data/BGE00306_MGE-BGE_r1_1.3_1.5_s50_100.fasta	None	Pyralidae	BLAST	family	COI-5P	657	1530	Pyralidae	BGSNL1243-24_r_1.3_s_50	Bradyrrhoa cantenerella	0	BGSNL1243-24	1.3	50	False	False
0	0	data/BGE00306_MGE-BGE_r1_1.3_1.5_s50_100.fasta	None	Pyralidae	BLAST	family	COI-5P	657	1530	Pyralidae	BGSNL1243-24_r_1.3_s_100	Bradyrrhoa cantenerella	0	BGSNL1243-24	1.3	100	False	False
0	0	data/BGE00306_MGE-BGE_r1_1.3_1.5_s50_100.fasta	None	Pyralidae	BLAST	family	COI-5P	657	1530	Pyralidae	BGSNL1243-24_r_1.5_s_50	Bradyrrhoa cantenerella	0	BGSNL1243-24	1.5	50	False	False
0	0	data/BGE00306_MGE-BGE_r1_1.3_1.5_s50_100.fasta	None	Pyralidae	BLAST	family	COI-5P	657	1530	Pyralidae	BGSNL1243-24_r_1.5_s_100	Bradyrrhoa cantenerella	0	BGSNL1243-24	1.5	100	False	False
0	0	data/BGE00306_MGE-BGE_r1_1.3_1.5_s50_100.fasta	None	Pyralidae	BLAST	family	COI-5P	656	1533	Pyralidae	BGSNL1244-24_r_1_s_50	Bradyrrhoa cantenerella	0	BGSNL1244-24	1	50	False	False
0	0	data/BGE00306_MGE-BGE_r1_1.3_1.5_s50_100.fasta	None	Pyralidae	BLAST	family	COI-5P	656	1527	Pyralidae	BGSNL1244-24_r_1_s_100	Bradyrrhoa cantenerella	0	BGSNL1244-24	1	100	False	False
0	0	data/BGE00306_MGE-BGE_r1_1.3_1.5_s50_100.fasta	None	Pyralidae	BLAST	family	COI-5P	656	1533	Pyralidae	BGSNL1244-24_r_1.3_s_50	Bradyrrhoa cantenerella	0	BGSNL1244-24	1.3	50	False	False
0	0	data/BGE00306_MGE-BGE_r1_1.3_1.5_s50_100.fasta	None	Pyralidae	BLAST	family	COI-5P	656	1527	Pyralidae	BGSNL1244-24_r_1.3_s_100	Bradyrrhoa cantenerella	0	BGSNL1244-24	1.3	100	False	False
0	0	data/BGE00306_MGE-BGE_r1_1.3_1.5_s50_100.fasta	None	Pyralidae	BLAST	family	COI-5P	656	1533	Pyralidae	BGSNL1244-24_r_1.5_s_50	Bradyrrhoa cantenerella	0	BGSNL1244-24	1.5	50	False	False
0	0	data/BGE00306_MGE-BGE_r1_1.3_1.5_s50_100.fasta	None	Pyralidae	BLAST	family	COI-5P	656	1527	Pyralidae	BGSNL1244-24_r_1.5_s_100	Bradyrrhoa cantenerella	0	BGSNL1244-24	1.5	100	False	False
0	0	data/BGE00306_MGE-BGE_r1_1.3_1.5_s50_100.fasta	None	Pyralidae	BLAST	family	COI-5P	657	1527	Pyralidae	BGSNL1245-24_r_1_s_50	Bradyrrhoa cantenerella	0	BGSNL1245-24	1	50	False	False
0	0	data/BGE00306_MGE-BGE_r1_1.3_1.5_s50_100.fasta	None	Pyralidae	BLAST	family	COI-5P	657	1527	Pyralidae	BGSNL1245-24_r_1_s_100	Bradyrrhoa cantenerella	0	BGSNL1245-24	1	100	False	False
0	0	data/BGE00306_MGE-BGE_r1_1.3_1.5_s50_100.fasta	None	Pyralidae	BLAST	family	COI-5P	657	1527	Pyralidae	BGSNL1245-24_r_1.3_s_50	Bradyrrhoa cantenerella	0	BGSNL1245-24	1.3	50	False	False
0	0	data/BGE00306_MGE-BGE_r1_1.3_1.5_s50_100.fasta	None	Pyralidae	BLAST	family	COI-5P	657	1527	Pyralidae	BGSNL1245-24_r_1.3_s_100	Bradyrrhoa cantenerella	0	BGSNL1245-24	1.3	100	False	False
0	0	data/BGE00306_MGE-BGE_r1_1.3_1.5_s50_100.fasta	None	Pyralidae	BLAST	family	COI-5P	657	1527	Pyralidae	BGSNL1245-24_r_1.5_s_50	Bradyrrhoa cantenerella	0	BGSNL1245-24	1.5	50	False	False
0	0	data/BGE00306_MGE-BGE_r1_1.3_1.5_s50_100.fasta	None	Pyralidae	BLAST	family	COI-5P	657	1527	Pyralidae	BGSNL1245-24_r_1.5_s_100	Bradyrrhoa cantenerella	0	BGSNL1245-24	1.5	100	False	False
0	0	data/BGE00306_MGE-BGE_r1_1.3_1.5_s50_100.fasta	None	Pyralidae	BLAST	family	COI-5P	656	1527	Pyralidae	BGSNL1246-24_r_1_s_50	Bradyrrhoa luteola	0	BGSNL1246-24	1	50	False	False
0	0	data/BGE00306_MGE-BGE_r1_1.3_1.5_s50_100.fasta	None	Pyralidae	BLAST	family	COI-5P	656	1527	Pyralidae	BGSNL1246-24_r_1_s_100	Bradyrrhoa luteola	0	BGSNL1246-24	1	100	False	False
0	0	data/BGE00306_MGE-BGE_r1_1.3_1.5_s50_100.fasta	None	Pyralidae	BLAST	family	COI-5P	656	1527	Pyralidae	BGSNL1246-24_r_1.3_s_50	Bradyrrhoa luteola	0	BGSNL1246-24	1.3	50	False	False
0	0	data/BGE00306_MGE-BGE_r1_1.3_1.5_s50_100.fasta	None	Pyralidae	BLAST	family	COI-5P	656	1527	Pyralidae	BGSNL1246-24_r_1.3_s_100	Bradyrrhoa luteola	0	BGSNL1246-24	1.3	100	False	False
0	0	data/BGE00306_MGE-BGE_r1_1.3_1.5_s50_100.fasta	None	Pyralidae	BLAST	family	COI-5P	656	1527	Pyralidae	BGSNL1246-24_r_1.5_s_50	Bradyrrhoa luteola	0	BGSNL1246-24	1.5	50	False	False
0	0	data/BGE00306_MGE-BGE_r1_1.3_1.5_s50_100.fasta	None	Pyralidae	BLAST	family	COI-5P	656	1527	Pyralidae	BGSNL1246-24_r_1.5_s_100	Bradyrrhoa luteola	0	BGSNL1246-24	1.5	100	False	False
0	0	data/BGE00306_MGE-BGE_r1_1.3_1.5_s50_100.fasta	None	Pyralidae	BLAST	family	COI-5P	656	1527	Pyralidae	BGSNL1247-24_r_1_s_50	Bradyrrhoa luteola	0	BGSNL1247-24	1	50	False	False
0	0	data/BGE00306_MGE-BGE_r1_1.3_1.5_s50_100.fasta	None	Pyralidae	BLAST	family	COI-5P	656	1527	Pyralidae	BGSNL1247-24_r_1_s_100	Bradyrrhoa luteola	0	BGSNL1247-24	1	100	False	False
0	0	data/BGE00306_MGE-BGE_r1_1.3_1.5_s50_100.fasta	None	Pyralidae	BLAST	family	COI-5P	656	1527	Pyralidae	BGSNL1247-24_r_1.3_s_50	Bradyrrhoa luteola	0	BGSNL1247-24	1.3	50	False	False
0	0	data/BGE00306_MGE-BGE_r1_1.3_1.5_s50_100.fasta	None	Pyralidae	BLAST	family	COI-5P	656	1527	Pyralidae	BGSNL1247-24_r_1.3_s_100	Bradyrrhoa luteola	0	BGSNL1247-24	1.3	100	False	False
0	0	data/BGE00306_MGE-BGE_r1_1.3_1.5_s50_100.fasta	None	Pyralidae	BLAST	family	COI-5P	656	1527	Pyralidae	BGSNL1247-24_r_1.5_s_50	Bradyrrhoa luteola	0	BGSNL1247-24	1.5	50	False	False
0	0	data/BGE00306_MGE-BGE_r1_1.3_1.5_s50_100.fasta	None	Pyralidae	BLAST	family	COI-5P	656	1527	Pyralidae	BGSNL1247-24_r_1.5_s_100	Bradyrrhoa luteola	0	BGSNL1247-24	1.5	100	False	False
0	0	data/BGE00306_MGE-BGE_r1_1.3_1.5_s50_100.fasta	None	Pyralidae	BLAST	family	COI-5P	656	1527	Pyralidae	BGSNL1248-24_r_1_s_50	Bradyrrhoa luteola	0	BGSNL1248-24	1	50	False	False
0	0	data/BGE00306_MGE-BGE_r1_1.3_1.5_s50_100.fasta	None	Pyralidae	BLAST	family	COI-5P	656	1527	Pyralidae	BGSNL1248-24_r_1_s_100	Bradyrrhoa luteola	0	BGSNL1248-24	1	100	False	False
0	0	data/BGE00306_MGE-BGE_r1_1.3_1.5_s50_100.fasta	None	Pyralidae	BLAST	family	COI-5P	656	1527	Pyralidae	BGSNL1248-24_r_1.3_s_50	Bradyrrhoa luteola	0	BGSNL1248-24	1.3	50	False	False
0	0	data/BGE00306_MGE-BGE_r1_1.3_1.5_s50_100.fasta	None	Pyralidae	BLAST	family	COI-5P	656	1527	Pyralidae	BGSNL1248-24_r_1.3_s_100	Bradyrrhoa luteola	0	BGSNL1248-24	1.3	100	False	False
0	0	data/BGE00306_MGE-BGE_r1_1.3_1.5_s50_100.fasta	None	Pyralidae	BLAST	family	COI-5P	656	1527	Pyralidae	BGSNL1248-24_r_1.5_s_50	Bradyrrhoa luteola	0	BGSNL1248-24	1.5	50	False	False
0	0	data/BGE00306_MGE-BGE_r1_1.3_1.5_s50_100.fasta	None	Pyralidae	BLAST	family	COI-5P	656	1527	Pyralidae	BGSNL1248-24_r_1.5_s_100	Bradyrrhoa luteola	0	BGSNL1248-24	1.5	100	False	False
0	0	data/BGE00306_MGE-BGE_r1_1.3_1.5_s50_100.fasta	None	Pyralidae	BLAST	family	COI-5P	656	1536	Pyralidae	BGSNL1249-24_r_1_s_50	Bradyrrhoa marianella	0	BGSNL1249-24	1	50	False	False
0	0	data/BGE00306_MGE-BGE_r1_1.3_1.5_s50_100.fasta	None	Pyralidae	BLAST	family	COI-5P	656	1536	Pyralidae	BGSNL1249-24_r_1_s_100	Bradyrrhoa marianella	0	BGSNL1249-24	1	100	False	False
0	0	data/BGE00306_MGE-BGE_r1_1.3_1.5_s50_100.fasta	None	Pyralidae	BLAST	family	COI-5P	656	1536	Pyralidae	BGSNL1249-24_r_1.3_s_50	Bradyrrhoa marianella	0	BGSNL1249-24	1.3	50	False	False
0	0	data/BGE00306_MGE-BGE_r1_1.3_1.5_s50_100.fasta	None	Pyralidae	BLAST	family	COI-5P	656	1536	Pyralidae	BGSNL1249-24_r_1.3_s_100	Bradyrrhoa marianella	0	BGSNL1249-24	1.3	100	False	False
0	0	data/BGE00306_MGE-BGE_r1_1.3_1.5_s50_100.fasta	None	Pyralidae	BLAST	family	COI-5P	656	1527	Pyralidae	BGSNL1249-24_r_1.5_s_50	Bradyrrhoa marianella	0	BGSNL1249-24	1.5	50	False	False
0	0	data/BGE00306_MGE-BGE_r1_1.3_1.5_s50_100.fasta	None	Pyralidae	BLAST	family	COI-5P	656	1527	Pyralidae	BGSNL1249-24_r_1.5_s_100	Bradyrrhoa marianella	0	BGSNL1249-24	1.5	100	False	False
0	0	data/BGE00306_MGE-BGE_r1_1.3_1.5_s50_100.fasta	None	Pyralidae	BLAST	family	COI-5P	656	1533	Pyralidae	BGSNL1250-24_r_1_s_50	Bradyrrhoa marianella	0	BGSNL1250-24	1	50	False	False
0	0	data/BGE00306_MGE-BGE_r1_1.3_1.5_s50_100.fasta	None	Pyralidae	BLAST	family	COI-5P	656	1527	Pyralidae	BGSNL1250-24_r_1_s_100	Bradyrrhoa marianella	0	BGSNL1250-24	1	100	False	False
0	0	data/BGE00306_MGE-BGE_r1_1.3_1.5_s50_100.fasta	None	Pyralidae	BLAST	family	COI-5P	656	1533	Pyralidae	BGSNL1250-24_r_1.3_s_50	Bradyrrhoa marianella	0	BGSNL1250-24	1.3	50	False	False
0	0	data/BGE00306_MGE-BGE_r1_1.3_1.5_s50_100.fasta	None	Pyralidae	BLAST	family	COI-5P	656	1527	Pyralidae	BGSNL1250-24_r_1.3_s_100	Bradyrrhoa marianella	0	BGSNL1250-24	1.3	100	False	False
0	0	data/BGE00306_MGE-BGE_r1_1.3_1.5_s50_100.fasta	None	Pyralidae	BLAST	family	COI-5P	656	1527	Pyralidae	BGSNL1250-24_r_1.5_s_50	Bradyrrhoa marianella	0	BGSNL1250-24	1.5	50	False	False
0	0	data/BGE00306_MGE-BGE_r1_1.3_1.5_s50_100.fasta	None	Pyralidae	BLAST	family	COI-5P	656	1527	Pyralidae	BGSNL1250-24_r_1.5_s_100	Bradyrrhoa marianella	0	BGSNL1250-24	1.5	100	False	False
0	0	data/BGE00306_MGE-BGE_r1_1.3_1.5_s50_100.fasta	None	Pyralidae	BLAST	family	COI-5P	657	1530	Noctuidae,Pyralidae	BGSNL1251-24_r_1_s_50	Cadra delattinella	0	BGSNL1251-24	1	50	False	False
0	0	data/BGE00306_MGE-BGE_r1_1.3_1.5_s50_100.fasta	None	Pyralidae	BLAST	family	COI-5P	657	1530	Noctuidae,Pyralidae	BGSNL1251-24_r_1_s_100	Cadra delattinella	0	BGSNL1251-24	1	100	False	False
0	0	data/BGE00306_MGE-BGE_r1_1.3_1.5_s50_100.fasta	None	Pyralidae	BLAST	family	COI-5P	657	1530	Noctuidae,Pyralidae	BGSNL1251-24_r_1.3_s_50	Cadra delattinella	0	BGSNL1251-24	1.3	50	False	False
0	0	data/BGE00306_MGE-BGE_r1_1.3_1.5_s50_100.fasta	None	Pyralidae	BLAST	family	COI-5P	657	1530	Noctuidae,Pyralidae	BGSNL1251-24_r_1.3_s_100	Cadra delattinella	0	BGSNL1251-24	1.3	100	False	False
0	0	data/BGE00306_MGE-BGE_r1_1.3_1.5_s50_100.fasta	None	Pyralidae	BLAST	family	COI-5P	657	1530	Noctuidae,Pyralidae	BGSNL1251-24_r_1.5_s_50	Cadra delattinella	0	BGSNL1251-24	1.5	50	False	False
0	0	data/BGE00306_MGE-BGE_r1_1.3_1.5_s50_100.fasta	None	Pyralidae	BLAST	family	COI-5P	657	1530	Noctuidae,Pyralidae	BGSNL1251-24_r_1.5_s_100	Cadra delattinella	0	BGSNL1251-24	1.5	100	False	False
0	0	data/BGE00306_MGE-BGE_r1_1.3_1.5_s50_100.fasta	None	Pyralidae	BLAST	family	COI-5P	657	1530	Pyralidae	BGSNL1252-24_r_1_s_50	Cadra delattinella	0	BGSNL1252-24	1	50	False	False
0	0	data/BGE00306_MGE-BGE_r1_1.3_1.5_s50_100.fasta	None	Pyralidae	BLAST	family	COI-5P	657	1530	Pyralidae	BGSNL1252-24_r_1_s_100	Cadra delattinella	0	BGSNL1252-24	1	100	False	False
0	0	data/BGE00306_MGE-BGE_r1_1.3_1.5_s50_100.fasta	None	Pyralidae	BLAST	family	COI-5P	657	1530	Pyralidae	BGSNL1252-24_r_1.3_s_50	Cadra delattinella	0	BGSNL1252-24	1.3	50	False	False
0	0	data/BGE00306_MGE-BGE_r1_1.3_1.5_s50_100.fasta	None	Pyralidae	BLAST	family	COI-5P	657	1530	Pyralidae	BGSNL1252-24_r_1.3_s_100	Cadra delattinella	0	BGSNL1252-24	1.3	100	False	False
0	0	data/BGE00306_MGE-BGE_r1_1.3_1.5_s50_100.fasta	None	Pyralidae	BLAST	family	COI-5P	657	1530	Pyralidae	BGSNL1252-24_r_1.5_s_50	Cadra delattinella	0	BGSNL1252-24	1.5	50	False	False
0	0	data/BGE00306_MGE-BGE_r1_1.3_1.5_s50_100.fasta	None	Pyralidae	BLAST	family	COI-5P	657	1530	Pyralidae	BGSNL1252-24_r_1.5_s_100	Cadra delattinella	0	BGSNL1252-24	1.5	100	False	False
0	0	data/BGE00306_MGE-BGE_r1_1.3_1.5_s50_100.fasta	None	Pyralidae	BLAST	family	COI-5P	657	1527	Pyralidae	BGSNL1253-24_r_1_s_50	Cadra delattinella	0	BGSNL1253-24	1	50	False	False
0	0	data/BGE00306_MGE-BGE_r1_1.3_1.5_s50_100.fasta	None	Pyralidae	BLAST	family	COI-5P	657	1527	Pyralidae	BGSNL1253-24_r_1_s_100	Cadra delattinella	0	BGSNL1253-24	1	100	False	False
0	0	data/BGE00306_MGE-BGE_r1_1.3_1.5_s50_100.fasta	None	Pyralidae	BLAST	family	COI-5P	657	1527	Pyralidae	BGSNL1253-24_r_1.3_s_50	Cadra delattinella	0	BGSNL1253-24	1.3	50	False	False
0	0	data/BGE00306_MGE-BGE_r1_1.3_1.5_s50_100.fasta	None	Pyralidae	BLAST	family	COI-5P	657	1527	Pyralidae	BGSNL1253-24_r_1.3_s_100	Cadra delattinella	0	BGSNL1253-24	1.3	100	False	False
0	0	data/BGE00306_MGE-BGE_r1_1.3_1.5_s50_100.fasta	None	Pyralidae	BLAST	family	COI-5P	657	1527	Pyralidae	BGSNL1253-24_r_1.5_s_50	Cadra delattinella	0	BGSNL1253-24	1.5	50	False	False
0	0	data/BGE00306_MGE-BGE_r1_1.3_1.5_s50_100.fasta	None	Pyralidae	BLAST	family	COI-5P	657	1527	Pyralidae	BGSNL1253-24_r_1.5_s_100	Cadra delattinella	0	BGSNL1253-24	1.5	100	False	False
0	0	data/BGE00306_MGE-BGE_r1_1.3_1.5_s50_100.fasta	None	Pyralidae	BLAST	family	COI-5P	657	1530	Pyralidae	BGSNL1254-24_r_1_s_50	Cremnophila flaviciliella	0	BGSNL1254-24	1	50	False	False
0	4	data/BGE00306_MGE-BGE_r1_1.3_1.5_s50_100.fasta	None	Pyralidae	BLAST	family	COI-5P	657	1530	Pyralidae	BGSNL1254-24_r_1_s_100	Cremnophila flaviciliella	0	BGSNL1254-24	1	100	False	False
0	0	data/BGE00306_MGE-BGE_r1_1.3_1.5_s50_100.fasta	None	Pyralidae	BLAST	family	COI-5P	657	1530	Pyralidae	BGSNL1254-24_r_1.3_s_50	Cremnophila flaviciliella	0	BGSNL1254-24	1.3	50	False	False
0	1	data/BGE00306_MGE-BGE_r1_1.3_1.5_s50_100.fasta	None	Pyralidae	BLAST	family	COI-5P	657	1530	Pyralidae	BGSNL1254-24_r_1.3_s_100	Cremnophila flaviciliella	0	BGSNL1254-24	1.3	100	False	False
0	0	data/BGE00306_MGE-BGE_r1_1.3_1.5_s50_100.fasta	None	Pyralidae	BLAST	family	COI-5P	657	1488	Pyralidae	BGSNL1254-24_r_1.5_s_50	Cremnophila flaviciliella	0	BGSNL1254-24	1.5	50	False	False
0	0	data/BGE00306_MGE-BGE_r1_1.3_1.5_s50_100.fasta	None	Pyralidae	BLAST	family	COI-5P	657	1488	Pyralidae	BGSNL1254-24_r_1.5_s_100	Cremnophila flaviciliella	0	BGSNL1254-24	1.5	100	False	False
0	0	data/BGE00306_MGE-BGE_r1_1.3_1.5_s50_100.fasta	None	Pyralidae	BLAST	family	COI-5P	657	1536	Pyralidae	BGSNL1255-24_r_1_s_50	Cremnophila flaviciliella	0	BGSNL1255-24	1	50	False	False
0	0	data/BGE00306_MGE-BGE_r1_1.3_1.5_s50_100.fasta	None	Pyralidae	BLAST	family	COI-5P	657	1530	Pyralidae	BGSNL1255-24_r_1_s_100	Cremnophila flaviciliella	0	BGSNL1255-24	1	100	False	False
0	0	data/BGE00306_MGE-BGE_r1_1.3_1.5_s50_100.fasta	None	Pyralidae	BLAST	family	COI-5P	657	1536	Pyralidae	BGSNL1255-24_r_1.3_s_50	Cremnophila flaviciliella	0	BGSNL1255-24	1.3	50	False	False
0	0	data/BGE00306_MGE-BGE_r1_1.3_1.5_s50_100.fasta	None	Pyralidae	BLAST	family	COI-5P	657	1530	Pyralidae	BGSNL1255-24_r_1.3_s_100	Cremnophila flaviciliella	0	BGSNL1255-24	1.3	100	False	False
0	0	data/BGE00306_MGE-BGE_r1_1.3_1.5_s50_100.fasta	None	Pyralidae	BLAST	family	COI-5P	657	1536	Pyralidae	BGSNL1255-24_r_1.5_s_50	Cremnophila flaviciliella	0	BGSNL1255-24	1.5	50	False	False
0	0	data/BGE00306_MGE-BGE_r1_1.3_1.5_s50_100.fasta	None	Pyralidae	BLAST	family	COI-5P	657	1530	Pyralidae	BGSNL1255-24_r_1.5_s_100	Cremnophila flaviciliella	0	BGSNL1255-24	1.5	100	False	False
0	0	data/BGE00306_MGE-BGE_r1_1.3_1.5_s50_100.fasta	None	Pyralidae	BLAST	family	COI-5P	657	1533	Pyralidae	BGSNL1256-24_r_1_s_50	Cremnophila flaviciliella	0	BGSNL1256-24	1	50	False	False
0	0	data/BGE00306_MGE-BGE_r1_1.3_1.5_s50_100.fasta	None	Pyralidae	BLAST	family	COI-5P	657	1530	Pyralidae	BGSNL1256-24_r_1_s_100	Cremnophila flaviciliella	0	BGSNL1256-24	1	100	False	False
0	0	data/BGE00306_MGE-BGE_r1_1.3_1.5_s50_100.fasta	None	Pyralidae	BLAST	family	COI-5P	657	1533	Pyralidae	BGSNL1256-24_r_1.3_s_50	Cremnophila flaviciliella	0	BGSNL1256-24	1.3	50	False	False
0	0	data/BGE00306_MGE-BGE_r1_1.3_1.5_s50_100.fasta	None	Pyralidae	BLAST	family	COI-5P	657	1530	Pyralidae	BGSNL1256-24_r_1.3_s_100	Cremnophila flaviciliella	0	BGSNL1256-24	1.3	100	False	False
0	0	data/BGE00306_MGE-BGE_r1_1.3_1.5_s50_100.fasta	None	Pyralidae	BLAST	family	COI-5P	657	1533	Pyralidae	BGSNL1256-24_r_1.5_s_50	Cremnophila flaviciliella	0	BGSNL1256-24	1.5	50	False	False
0	0	data/BGE00306_MGE-BGE_r1_1.3_1.5_s50_100.fasta	None	Pyralidae	BLAST	family	COI-5P	657	1530	Pyralidae	BGSNL1256-24_r_1.5_s_100	Cremnophila flaviciliella	0	BGSNL1256-24	1.5	100	False	False
1	3	data/BGE00306_MGE-BGE_r1_1.3_1.5_s50_100.fasta	None	Pyralidae	BLAST	family	COI-5P	657	1530	Pyralidae,Crambidae	BGSNL1257-24_r_1_s_50	Endotricha rogenhoferi	0	BGSNL1257-24	1	50	False	False
2	3	data/BGE00306_MGE-BGE_r1_1.3_1.5_s50_100.fasta	None	Pyralidae	BLAST	family	COI-5P	657	1530	Pyralidae	BGSNL1257-24_r_1_s_100	Endotricha rogenhoferi	0	BGSNL1257-24	1	100	False	False
0	1	data/BGE00306_MGE-BGE_r1_1.3_1.5_s50_100.fasta	None	Pyralidae	BLAST	family	COI-5P	657	1530	Pyralidae	BGSNL1257-24_r_1.3_s_50	Endotricha rogenhoferi	0	BGSNL1257-24	1.3	50	False	False
2	3	data/BGE00306_MGE-BGE_r1_1.3_1.5_s50_100.fasta	None	Pyralidae	BLAST	family	COI-5P	657	1530	Pyralidae	BGSNL1257-24_r_1.3_s_100	Endotricha rogenhoferi	0	BGSNL1257-24	1.3	100	False	False
0	0	data/BGE00306_MGE-BGE_r1_1.3_1.5_s50_100.fasta	None	Pyralidae	BLAST	family	COI-5P	657	1530	Pyralidae	BGSNL1257-24_r_1.5_s_50	Endotricha rogenhoferi	0	BGSNL1257-24	1.5	50	False	False
2	3	data/BGE00306_MGE-BGE_r1_1.3_1.5_s50_100.fasta	None	Pyralidae	BLAST	family	COI-5P	657	1530	Pyralidae	BGSNL1257-24_r_1.5_s_100	Endotricha rogenhoferi	0	BGSNL1257-24	1.5	100	False	False
0	0	data/BGE00306_MGE-BGE_r1_1.3_1.5_s50_100.fasta	None	Pyralidae	BLAST	family	COI-5P	657	1530	Pyralidae	BGSNL1258-24_r_1_s_50	Endotricha rogenhoferi	0	BGSNL1258-24	1	50	False	False
0	0	data/BGE00306_MGE-BGE_r1_1.3_1.5_s50_100.fasta	None	Pyralidae	BLAST	family	COI-5P	657	1530	Pyralidae	BGSNL1258-24_r_1_s_100	Endotricha rogenhoferi	0	BGSNL1258-24	1	100	False	False
0	0	data/BGE00306_MGE-BGE_r1_1.3_1.5_s50_100.fasta	None	Pyralidae	BLAST	family	COI-5P	657	1530	Pyralidae	BGSNL1258-24_r_1.3_s_50	Endotricha rogenhoferi	0	BGSNL1258-24	1.3	50	False	False
0	0	data/BGE00306_MGE-BGE_r1_1.3_1.5_s50_100.fasta	None	Pyralidae	BLAST	family	COI-5P	657	1530	Pyralidae	BGSNL1258-24_r_1.3_s_100	Endotricha rogenhoferi	0	BGSNL1258-24	1.3	100	False	False
0	0	data/BGE00306_MGE-BGE_r1_1.3_1.5_s50_100.fasta	None	Pyralidae	BLAST	family	COI-5P	657	1530	Pyralidae	BGSNL1258-24_r_1.5_s_50	Endotricha rogenhoferi	0	BGSNL1258-24	1.5	50	False	False
0	0	data/BGE00306_MGE-BGE_r1_1.3_1.5_s50_100.fasta	None	Pyralidae	BLAST	family	COI-5P	657	1530	Pyralidae	BGSNL1258-24_r_1.5_s_100	Endotricha rogenhoferi	0	BGSNL1258-24	1.5	100	False	False
0	0	data/BGE00306_MGE-BGE_r1_1.3_1.5_s50_100.fasta	None	Pyralidae	BLAST	family	COI-5P	657	1533	Pyralidae	BGSNL1259-24_r_1_s_50	Ephestia cypriusella	0	BGSNL1259-24	1	50	False	False
0	0	data/BGE00306_MGE-BGE_r1_1.3_1.5_s50_100.fasta	None	Pyralidae	BLAST	family	COI-5P	657	1533	Pyralidae	BGSNL1259-24_r_1_s_100	Ephestia cypriusella	0	BGSNL1259-24	1	100	False	False
0	0	data/BGE00306_MGE-BGE_r1_1.3_1.5_s50_100.fasta	None	Pyralidae	BLAST	family	COI-5P	657	1533	Pyralidae	BGSNL1259-24_r_1.3_s_50	Ephestia cypriusella	0	BGSNL1259-24	1.3	50	False	False
0	0	data/BGE00306_MGE-BGE_r1_1.3_1.5_s50_100.fasta	None	Pyralidae	BLAST	family	COI-5P	657	1533	Pyralidae	BGSNL1259-24_r_1.3_s_100	Ephestia cypriusella	0	BGSNL1259-24	1.3	100	False	False
0	0	data/BGE00306_MGE-BGE_r1_1.3_1.5_s50_100.fasta	None	Pyralidae	BLAST	family	COI-5P	657	1533	Pyralidae	BGSNL1259-24_r_1.5_s_50	Ephestia cypriusella	0	BGSNL1259-24	1.5	50	False	False
0	0	data/BGE00306_MGE-BGE_r1_1.3_1.5_s50_100.fasta	None	Pyralidae	BLAST	family	COI-5P	657	1533	Pyralidae	BGSNL1259-24_r_1.5_s_100	Ephestia cypriusella	0	BGSNL1259-24	1.5	100	False	False
0	3	data/BGE00306_MGE-BGE_r1_1.3_1.5_s50_100.fasta	None	Pyralidae	BLAST	family	COI-5P	657	1533	Noctuidae,Pyralidae	BGSNL1260-24_r_1_s_50	Ephestia cypriusella	0	BGSNL1260-24	1	50	False	False
0	0	data/BGE00306_MGE-BGE_r1_1.3_1.5_s50_100.fasta	None	Pyralidae	BLAST	family	COI-5P	657	1533	Pyralidae	BGSNL1260-24_r_1_s_100	Ephestia cypriusella	0	BGSNL1260-24	1	100	False	False
0	1	data/BGE00306_MGE-BGE_r1_1.3_1.5_s50_100.fasta	None	Pyralidae	BLAST	family	COI-5P	657	1533	Noctuidae,Pyralidae	BGSNL1260-24_r_1.3_s_50	Ephestia cypriusella	0	BGSNL1260-24	1.3	50	False	False
0	0	data/BGE00306_MGE-BGE_r1_1.3_1.5_s50_100.fasta	None	Pyralidae	BLAST	family	COI-5P	657	1533	Pyralidae	BGSNL1260-24_r_1.3_s_100	Ephestia cypriusella	0	BGSNL1260-24	1.3	100	False	False
0	0	data/BGE00306_MGE-BGE_r1_1.3_1.5_s50_100.fasta	None	Pyralidae	BLAST	family	COI-5P	657	1533	Pyralidae	BGSNL1260-24_r_1.5_s_50	Ephestia cypriusella	0	BGSNL1260-24	1.5	50	False	False
0	0	data/BGE00306_MGE-BGE_r1_1.3_1.5_s50_100.fasta	None	Pyralidae	BLAST	family	COI-5P	657	1533	Pyralidae	BGSNL1260-24_r_1.5_s_100	Ephestia cypriusella	0	BGSNL1260-24	1.5	100	False	False
0	0	data/BGE00306_MGE-BGE_r1_1.3_1.5_s50_100.fasta	None	Pyralidae	BLAST	family	COI-5P	657	1533	Pyralidae	BGSNL1261-24_r_1_s_50	Ephestia cypriusella	0	BGSNL1261-24	1	50	False	False
0	0	data/BGE00306_MGE-BGE_r1_1.3_1.5_s50_100.fasta	None	Pyralidae	BLAST	family	COI-5P	657	1533	Pyralidae	BGSNL1261-24_r_1_s_100	Ephestia cypriusella	0	BGSNL1261-24	1	100	False	False
0	0	data/BGE00306_MGE-BGE_r1_1.3_1.5_s50_100.fasta	None	Pyralidae	BLAST	family	COI-5P	657	1533	Pyralidae	BGSNL1261-24_r_1.3_s_50	Ephestia cypriusella	0	BGSNL1261-24	1.3	50	False	False
0	0	data/BGE00306_MGE-BGE_r1_1.3_1.5_s50_100.fasta	None	Pyralidae	BLAST	family	COI-5P	657	1533	Pyralidae	BGSNL1261-24_r_1.3_s_100	Ephestia cypriusella	0	BGSNL1261-24	1.3	100	False	False
0	0	data/BGE00306_MGE-BGE_r1_1.3_1.5_s50_100.fasta	None	Pyralidae	BLAST	family	COI-5P	657	1533	Pyralidae	BGSNL1261-24_r_1.5_s_50	Ephestia cypriusella	0	BGSNL1261-24	1.5	50	False	False
0	0	data/BGE00306_MGE-BGE_r1_1.3_1.5_s50_100.fasta	None	Pyralidae	BLAST	family	COI-5P	657	1533	Pyralidae	BGSNL1261-24_r_1.5_s_100	Ephestia cypriusella	0	BGSNL1261-24	1.5	100	False	False
0	0	data/BGE00306_MGE-BGE_r1_1.3_1.5_s50_100.fasta	None	Pyralidae	BLAST	family	COI-5P	657	1533	Pyralidae	BGSNL1262-24_r_1_s_50	Ephestia disparella	0	BGSNL1262-24	1	50	False	False
0	0	data/BGE00306_MGE-BGE_r1_1.3_1.5_s50_100.fasta	None	Pyralidae	BLAST	family	COI-5P	657	1533	Pyralidae	BGSNL1262-24_r_1_s_100	Ephestia disparella	0	BGSNL1262-24	1	100	False	False
0	0	data/BGE00306_MGE-BGE_r1_1.3_1.5_s50_100.fasta	None	Pyralidae	BLAST	family	COI-5P	657	1533	Pyralidae	BGSNL1262-24_r_1.3_s_50	Ephestia disparella	0	BGSNL1262-24	1.3	50	False	False
0	0	data/BGE00306_MGE-BGE_r1_1.3_1.5_s50_100.fasta	None	Pyralidae	BLAST	family	COI-5P	657	1533	Pyralidae	BGSNL1262-24_r_1.3_s_100	Ephestia disparella	0	BGSNL1262-24	1.3	100	False	False
0	0	data/BGE00306_MGE-BGE_r1_1.3_1.5_s50_100.fasta	None	Pyralidae	BLAST	family	COI-5P	657	1533	Pyralidae	BGSNL1262-24_r_1.5_s_50	Ephestia disparella	0	BGSNL1262-24	1.5	50	False	False
0	0	data/BGE00306_MGE-BGE_r1_1.3_1.5_s50_100.fasta	None	Pyralidae	BLAST	family	COI-5P	657	1533	Pyralidae	BGSNL1262-24_r_1.5_s_100	Ephestia disparella	0	BGSNL1262-24	1.5	100	False	False
0	0	data/BGE00306_MGE-BGE_r1_1.3_1.5_s50_100.fasta	None	Pyralidae	BLAST	family	COI-5P	657	1533	Pyralidae,Crambidae	BGSNL1263-24_r_1_s_50	Ephestia disparella	0	BGSNL1263-24	1	50	False	False
0	0	data/BGE00306_MGE-BGE_r1_1.3_1.5_s50_100.fasta	None	Pyralidae	BLAST	family	COI-5P	657	1533	Pyralidae,Crambidae	BGSNL1263-24_r_1_s_100	Ephestia disparella	0	BGSNL1263-24	1	100	False	False
0	0	data/BGE00306_MGE-BGE_r1_1.3_1.5_s50_100.fasta	None	Pyralidae	BLAST	family	COI-5P	657	1533	Pyralidae,Crambidae	BGSNL1263-24_r_1.3_s_50	Ephestia disparella	0	BGSNL1263-24	1.3	50	False	False
0	0	data/BGE00306_MGE-BGE_r1_1.3_1.5_s50_100.fasta	None	Pyralidae	BLAST	family	COI-5P	657	1533	Pyralidae,Crambidae	BGSNL1263-24_r_1.3_s_100	Ephestia disparella	0	BGSNL1263-24	1.3	100	False	False
0	0	data/BGE00306_MGE-BGE_r1_1.3_1.5_s50_100.fasta	None	Pyralidae	BLAST	family	COI-5P	657	1533	Pyralidae,Crambidae	BGSNL1263-24_r_1.5_s_50	Ephestia disparella	0	BGSNL1263-24	1.5	50	False	False
0	0	data/BGE00306_MGE-BGE_r1_1.3_1.5_s50_100.fasta	None	Pyralidae	BLAST	family	COI-5P	657	1533	Pyralidae,Crambidae	BGSNL1263-24_r_1.5_s_100	Ephestia disparella	0	BGSNL1263-24	1.5	100	False	False
0	0	data/BGE00306_MGE-BGE_r1_1.3_1.5_s50_100.fasta	None	Pyralidae	BLAST	family	COI-5P	657	1533	Pyralidae	BGSNL1264-24_r_1_s_50	Ephestia disparella	0	BGSNL1264-24	1	50	False	False
0	0	data/BGE00306_MGE-BGE_r1_1.3_1.5_s50_100.fasta	None	Pyralidae	BLAST	family	COI-5P	657	1533	Pyralidae	BGSNL1264-24_r_1_s_100	Ephestia disparella	0	BGSNL1264-24	1	100	False	False
0	0	data/BGE00306_MGE-BGE_r1_1.3_1.5_s50_100.fasta	None	Pyralidae	BLAST	family	COI-5P	657	1533	Pyralidae	BGSNL1264-24_r_1.3_s_50	Ephestia disparella	0	BGSNL1264-24	1.3	50	False	False
0	0	data/BGE00306_MGE-BGE_r1_1.3_1.5_s50_100.fasta	None	Pyralidae	BLAST	family	COI-5P	657	1533	Pyralidae	BGSNL1264-24_r_1.3_s_100	Ephestia disparella	0	BGSNL1264-24	1.3	100	False	False
0	0	data/BGE00306_MGE-BGE_r1_1.3_1.5_s50_100.fasta	None	Pyralidae	BLAST	family	COI-5P	657	1533	Pyralidae	BGSNL1264-24_r_1.5_s_50	Ephestia disparella	0	BGSNL1264-24	1.5	50	False	False
0	0	data/BGE00306_MGE-BGE_r1_1.3_1.5_s50_100.fasta	None	Pyralidae	BLAST	family	COI-5P	657	1533	Pyralidae	BGSNL1264-24_r_1.5_s_100	Ephestia disparella	0	BGSNL1264-24	1.5	100	False	False
8	14	data/BGE00306_MGE-BGE_r1_1.3_1.5_s50_100.fasta	None	Pyralidae	BLAST	family	COI-5P	366	1167	Oecophoridae,Pyralidae,Hesperiidae,Geometridae	BGSNL1265-24_r_1_s_50	Epicrocis neftaella	0	BGSNL1265-24	1	50	False	False
0	3	data/BGE00306_MGE-BGE_r1_1.3_1.5_s50_100.fasta	None	Pyralidae	BLAST	family	COI-5P	352	954	Oecophoridae,Tortricidae,Immidae,Pyralidae,Geometridae,Uraniidae	BGSNL1265-24_r_1_s_100	Epicrocis neftaella	0	BGSNL1265-24	1	100	False	False
0	3	data/BGE00306_MGE-BGE_r1_1.3_1.5_s50_100.fasta	None	Pyralidae	BLAST	family	COI-5P	127	696	Oecophoridae,Pyralidae,Hesperiidae,Geometridae	BGSNL1265-24_r_1.3_s_50	Epicrocis neftaella	0	BGSNL1265-24	1.3	50	False	False
0	3	data/BGE00306_MGE-BGE_r1_1.3_1.5_s50_100.fasta	None	Pyralidae	BLAST	family	COI-5P	117	504	Immidae,Erebidae,Pyralidae,Geometridae,Uraniidae	BGSNL1265-24_r_1.3_s_100	Epicrocis neftaella	0	BGSNL1265-24	1.3	100	False	False
0	11	data/BGE00306_MGE-BGE_r1_1.3_1.5_s50_100.fasta	None	Pyralidae	BLAST	family	COI-5P	127	597	Sphaeriusidae,Bombycidae,Papilionidae,Nymphalidae,Crambidae	BGSNL1265-24_r_1.5_s_50	Epicrocis neftaella	0	BGSNL1265-24	1.5	50	False	False
0	11	data/BGE00306_MGE-BGE_r1_1.3_1.5_s50_100.fasta	None	Pyralidae	BLAST	family	COI-5P	114	402	Sphaeriusidae,Papilionidae,Nymphalidae,Crambidae	BGSNL1265-24_r_1.5_s_100	Epicrocis neftaella	0	BGSNL1265-24	1.5	100	False	False
34	37	data/BGE00306_MGE-BGE_r1_1.3_1.5_s50_100.fasta	None	Pyralidae	BLAST	family	COI-5P	605	1443	Pyralidae	BGSNL1266-24_r_1_s_50	Epicrocis neftaella	0	BGSNL1266-24	1	50	False	False
29	53	data/BGE00306_MGE-BGE_r1_1.3_1.5_s50_100.fasta	None	Pyralidae	BLAST	family	COI-5P	533	1371	Pyralidae,Crambidae	BGSNL1266-24_r_1_s_100	Epicrocis neftaella	0	BGSNL1266-24	1	100	False	False
0	0	data/BGE00306_MGE-BGE_r1_1.3_1.5_s50_100.fasta	None	Pyralidae	BLAST	family	COI-5P	605	1443	Pyralidae	BGSNL1266-24_r_1.3_s_50	Epicrocis neftaella	0	BGSNL1266-24	1.3	50	False	False
9	10	data/BGE00306_MGE-BGE_r1_1.3_1.5_s50_100.fasta	None	Pyralidae	BLAST	family	COI-5P	521	1359	Sphingidae,Pyralidae,Geometridae	BGSNL1266-24_r_1.3_s_100	Epicrocis neftaella	0	BGSNL1266-24	1.3	100	False	False
0	1	data/BGE00306_MGE-BGE_r1_1.3_1.5_s50_100.fasta	None	Pyralidae	BLAST	family	COI-5P	605	1443	Sphingidae,Pyralidae	BGSNL1266-24_r_1.5_s_50	Epicrocis neftaella	0	BGSNL1266-24	1.5	50	False	False
1	2	data/BGE00306_MGE-BGE_r1_1.3_1.5_s50_100.fasta	None	Pyralidae	BLAST	family	COI-5P	521	1359	Sphingidae,Pyralidae,Geometridae	BGSNL1266-24_r_1.5_s_100	Epicrocis neftaella	0	BGSNL1266-24	1.5	100	False	False
27	33	data/BGE00306_MGE-BGE_r1_1.3_1.5_s50_100.fasta	None	Pyralidae	BLAST	family	COI-5P	551	1257	Depressariidae,Limacodidae,Pyralidae,Geometridae	BGSNL1267-24_r_1_s_50	Epicrocis neftaella	0	BGSNL1267-24	1	50	False	False
18	22	data/BGE00306_MGE-BGE_r1_1.3_1.5_s50_100.fasta	None	Pyralidae	BLAST	family	COI-5P	524	1137	Depressariidae,Limacodidae,Pyralidae,Geometridae	BGSNL1267-24_r_1_s_100	Epicrocis neftaella	0	BGSNL1267-24	1	100	False	False
0	2	data/BGE00306_MGE-BGE_r1_1.3_1.5_s50_100.fasta	None	Pyralidae	BLAST	family	COI-5P	216	912	Oecophoridae,Depressariidae,Limacodidae,Pyralidae,Geometridae	BGSNL1267-24_r_1.3_s_50	Epicrocis neftaella	0	BGSNL1267-24	1.3	50	False	False
0	0	data/BGE00306_MGE-BGE_r1_1.3_1.5_s50_100.fasta	None	Pyralidae	BLAST	family	COI-5P	216	882	Oecophoridae,Depressariidae,Limacodidae,Pyralidae,Geometridae	BGSNL1267-24_r_1.3_s_100	Epicrocis neftaella	0	BGSNL1267-24	1.3	100	False	False
0	0	data/BGE00306_MGE-BGE_r1_1.3_1.5_s50_100.fasta	None	Pyralidae	BLAST	family	COI-5P	481	732	Oecophoridae,Depressariidae,Limacodidae,Pyralidae,Geometridae	BGSNL1267-24_r_1.5_s_50	Epicrocis neftaella	1	BGSNL1267-24	1.5	50	False	False
0	0	data/BGE00306_MGE-BGE_r1_1.3_1.5_s50_100.fasta	None	Pyralidae	BLAST	family	COI-5P	500	702	Oecophoridae,Depressariidae,Limacodidae,Pyralidae,Geometridae	BGSNL1267-24_r_1.5_s_100	Epicrocis neftaella	1	BGSNL1267-24	1.5	100	False	False
2	13	data/BGE00306_MGE-BGE_r1_1.3_1.5_s50_100.fasta	None	Pyralidae	BLAST	family	COI-5P	657	1539	Pyralidae	BGSNL1268-24_r_1_s_50	Epischidia albunculella	0	BGSNL1268-24	1	50	False	False
8	19	data/BGE00306_MGE-BGE_r1_1.3_1.5_s50_100.fasta	None	Pyralidae	BLAST	family	COI-5P	657	1533	Pyralidae	BGSNL1268-24_r_1_s_100	Epischidia albunculella	0	BGSNL1268-24	1	100	False	False
1	3	data/BGE00306_MGE-BGE_r1_1.3_1.5_s50_100.fasta	None	Pyralidae	BLAST	family	COI-5P	657	1539	Pyralidae	BGSNL1268-24_r_1.3_s_50	Epischidia albunculella	0	BGSNL1268-24	1.3	50	False	False
2	6	data/BGE00306_MGE-BGE_r1_1.3_1.5_s50_100.fasta	None	Pyralidae	BLAST	family	COI-5P	657	1533	Pyralidae	BGSNL1268-24_r_1.3_s_100	Epischidia albunculella	0	BGSNL1268-24	1.3	100	False	False
0	2	data/BGE00306_MGE-BGE_r1_1.3_1.5_s50_100.fasta	None	Pyralidae	BLAST	family	COI-5P	657	1518	Pyralidae	BGSNL1268-24_r_1.5_s_50	Epischidia albunculella	0	BGSNL1268-24	1.5	50	False	False
2	8	data/BGE00306_MGE-BGE_r1_1.3_1.5_s50_100.fasta	None	Pyralidae	BLAST	family	COI-5P	657	1512	Pyralidae	BGSNL1268-24_r_1.5_s_100	Epischidia albunculella	0	BGSNL1268-24	1.5	100	False	False
0	0	data/BGE00306_MGE-BGE_r1_1.3_1.5_s50_100.fasta	None	Pyralidae	BLAST	family	COI-5P	657	1539	Pyralidae	BGSNL1269-24_r_1_s_50	Epischidia albunculella	0	BGSNL1269-24	1	50	False	False
0	0	data/BGE00306_MGE-BGE_r1_1.3_1.5_s50_100.fasta	None	Pyralidae	BLAST	family	COI-5P	657	1539	Pyralidae	BGSNL1269-24_r_1_s_100	Epischidia albunculella	0	BGSNL1269-24	1	100	False	False
0	0	data/BGE00306_MGE-BGE_r1_1.3_1.5_s50_100.fasta	None	Pyralidae	BLAST	family	COI-5P	657	1539	Pyralidae	BGSNL1269-24_r_1.3_s_50	Epischidia albunculella	0	BGSNL1269-24	1.3	50	False	False
0	0	data/BGE00306_MGE-BGE_r1_1.3_1.5_s50_100.fasta	None	Pyralidae	BLAST	family	COI-5P	657	1539	Pyralidae	BGSNL1269-24_r_1.3_s_100	Epischidia albunculella	0	BGSNL1269-24	1.3	100	False	False
0	0	data/BGE00306_MGE-BGE_r1_1.3_1.5_s50_100.fasta	None	Pyralidae	BLAST	family	COI-5P	657	1503	Pyralidae	BGSNL1269-24_r_1.5_s_50	Epischidia albunculella	0	BGSNL1269-24	1.5	50	False	False
0	0	data/BGE00306_MGE-BGE_r1_1.3_1.5_s50_100.fasta	None	Pyralidae	BLAST	family	COI-5P	657	1503	Pyralidae	BGSNL1269-24_r_1.5_s_100	Epischidia albunculella	0	BGSNL1269-24	1.5	100	False	False
0	2	data/BGE00306_MGE-BGE_r1_1.3_1.5_s50_100.fasta	None	Pyralidae	BLAST	family	COI-5P	657	1527	Pyralidae	BGSNL1270-24_r_1_s_50	Epischnia adultella	0	BGSNL1270-24	1	50	False	False
0	0	data/BGE00306_MGE-BGE_r1_1.3_1.5_s50_100.fasta	None	Pyralidae	BLAST	family	COI-5P	657	1527	Pyralidae	BGSNL1270-24_r_1_s_100	Epischnia adultella	0	BGSNL1270-24	1	100	False	False
0	1	data/BGE00306_MGE-BGE_r1_1.3_1.5_s50_100.fasta	None	Pyralidae	BLAST	family	COI-5P	657	1527	Pyralidae	BGSNL1270-24_r_1.3_s_50	Epischnia adultella	0	BGSNL1270-24	1.3	50	False	False
0	0	data/BGE00306_MGE-BGE_r1_1.3_1.5_s50_100.fasta	None	Pyralidae	BLAST	family	COI-5P	657	1527	Pyralidae	BGSNL1270-24_r_1.3_s_100	Epischnia adultella	0	BGSNL1270-24	1.3	100	False	False
0	0	data/BGE00306_MGE-BGE_r1_1.3_1.5_s50_100.fasta	None	Pyralidae	BLAST	family	COI-5P	657	1527	Pyralidae	BGSNL1270-24_r_1.5_s_50	Epischnia adultella	0	BGSNL1270-24	1.5	50	False	False
0	0	data/BGE00306_MGE-BGE_r1_1.3_1.5_s50_100.fasta	None	Pyralidae	BLAST	family	COI-5P	657	1527	Pyralidae	BGSNL1270-24_r_1.5_s_100	Epischnia adultella	0	BGSNL1270-24	1.5	100	False	False
0	0	data/BGE00306_MGE-BGE_r1_1.3_1.5_s50_100.fasta	None	Pyralidae	BLAST	family	COI-5P	657	1527	Pyralidae	BGSNL1271-24_r_1_s_50	Epischnia illotella	0	BGSNL1271-24	1	50	False	False
0	0	data/BGE00306_MGE-BGE_r1_1.3_1.5_s50_100.fasta	None	Pyralidae	BLAST	family	COI-5P	657	1527	Pyralidae	BGSNL1271-24_r_1_s_100	Epischnia illotella	0	BGSNL1271-24	1	100	False	False
0	0	data/BGE00306_MGE-BGE_r1_1.3_1.5_s50_100.fasta	None	Pyralidae	BLAST	family	COI-5P	657	1527	Pyralidae	BGSNL1271-24_r_1.3_s_50	Epischnia illotella	0	BGSNL1271-24	1.3	50	False	False
0	0	data/BGE00306_MGE-BGE_r1_1.3_1.5_s50_100.fasta	None	Pyralidae	BLAST	family	COI-5P	657	1527	Pyralidae	BGSNL1271-24_r_1.3_s_100	Epischnia illotella	0	BGSNL1271-24	1.3	100	False	False
0	0	data/BGE00306_MGE-BGE_r1_1.3_1.5_s50_100.fasta	None	Pyralidae	BLAST	family	COI-5P	657	1527	Pyralidae	BGSNL1271-24_r_1.5_s_50	Epischnia illotella	0	BGSNL1271-24	1.5	50	False	False
0	0	data/BGE00306_MGE-BGE_r1_1.3_1.5_s50_100.fasta	None	Pyralidae	BLAST	family	COI-5P	657	1527	Pyralidae	BGSNL1271-24_r_1.5_s_100	Epischnia illotella	0	BGSNL1271-24	1.5	100	False	False
5	5	data/BGE00306_MGE-BGE_r1_1.3_1.5_s50_100.fasta	None	Pyralidae	BLAST	family	COI-5P	657	1533	Pyralidae	BGSNL1272-24_r_1_s_50	Epischnia illotella	0	BGSNL1272-24	1	50	False	False
3	3	data/BGE00306_MGE-BGE_r1_1.3_1.5_s50_100.fasta	None	Pyralidae	BLAST	family	COI-5P	657	1533	Pyralidae	BGSNL1272-24_r_1_s_100	Epischnia illotella	0	BGSNL1272-24	1	100	False	False
0	0	data/BGE00306_MGE-BGE_r1_1.3_1.5_s50_100.fasta	None	Pyralidae	BLAST	family	COI-5P	657	1533	Pyralidae	BGSNL1272-24_r_1.3_s_50	Epischnia illotella	0	BGSNL1272-24	1.3	50	False	False
1	2	data/BGE00306_MGE-BGE_r1_1.3_1.5_s50_100.fasta	None	Pyralidae	BLAST	family	COI-5P	657	1533	Pyralidae	BGSNL1272-24_r_1.3_s_100	Epischnia illotella	0	BGSNL1272-24	1.3	100	False	False
0	0	data/BGE00306_MGE-BGE_r1_1.3_1.5_s50_100.fasta	None	Pyralidae	BLAST	family	COI-5P	657	1527	Pyralidae	BGSNL1272-24_r_1.5_s_50	Epischnia illotella	0	BGSNL1272-24	1.5	50	False	False
0	1	data/BGE00306_MGE-BGE_r1_1.3_1.5_s50_100.fasta	None	Pyralidae	BLAST	family	COI-5P	657	1527	Pyralidae	BGSNL1272-24_r_1.5_s_100	Epischnia illotella	0	BGSNL1272-24	1.5	100	False	False
0	0	data/BGE00306_MGE-BGE_r1_1.3_1.5_s50_100.fasta	None	Pyralidae	BLAST	family	COI-5P	657	1527	Pyralidae	BGSNL1273-24_r_1_s_50	Epischnia illotella	0	BGSNL1273-24	1	50	False	False
0	0	data/BGE00306_MGE-BGE_r1_1.3_1.5_s50_100.fasta	None	Pyralidae	BLAST	family	COI-5P	657	1527	Pyralidae	BGSNL1273-24_r_1_s_100	Epischnia illotella	0	BGSNL1273-24	1	100	False	False
0	0	data/BGE00306_MGE-BGE_r1_1.3_1.5_s50_100.fasta	None	Pyralidae	BLAST	family	COI-5P	657	1527	Pyralidae	BGSNL1273-24_r_1.3_s_50	Epischnia illotella	0	BGSNL1273-24	1.3	50	False	False
0	0	data/BGE00306_MGE-BGE_r1_1.3_1.5_s50_100.fasta	None	Pyralidae	BLAST	family	COI-5P	657	1527	Pyralidae	BGSNL1273-24_r_1.3_s_100	Epischnia illotella	0	BGSNL1273-24	1.3	100	False	False
0	0	data/BGE00306_MGE-BGE_r1_1.3_1.5_s50_100.fasta	None	Pyralidae	BLAST	family	COI-5P	657	1527	Pyralidae	BGSNL1273-24_r_1.5_s_50	Epischnia illotella	0	BGSNL1273-24	1.5	50	False	False
0	0	data/BGE00306_MGE-BGE_r1_1.3_1.5_s50_100.fasta	None	Pyralidae	BLAST	family	COI-5P	657	1527	Pyralidae	BGSNL1273-24_r_1.5_s_100	Epischnia illotella	0	BGSNL1273-24	1.5	100	False	False
0	0	data/BGE00306_MGE-BGE_r1_1.3_1.5_s50_100.fasta	None	Pyralidae	BLAST	family	COI-5P	656	1536	Pyralidae	BGSNL1274-24_r_1_s_50	Epischnia sareptella	0	BGSNL1274-24	1	50	False	False
0	0	data/BGE00306_MGE-BGE_r1_1.3_1.5_s50_100.fasta	None	Pyralidae	BLAST	family	COI-5P	656	1527	Pyralidae	BGSNL1274-24_r_1_s_100	Epischnia sareptella	0	BGSNL1274-24	1	100	False	False
0	0	data/BGE00306_MGE-BGE_r1_1.3_1.5_s50_100.fasta	None	Pyralidae	BLAST	family	COI-5P	656	1536	Pyralidae	BGSNL1274-24_r_1.3_s_50	Epischnia sareptella	0	BGSNL1274-24	1.3	50	False	False
0	0	data/BGE00306_MGE-BGE_r1_1.3_1.5_s50_100.fasta	None	Pyralidae	BLAST	family	COI-5P	656	1527	Pyralidae	BGSNL1274-24_r_1.3_s_100	Epischnia sareptella	0	BGSNL1274-24	1.3	100	False	False
0	0	data/BGE00306_MGE-BGE_r1_1.3_1.5_s50_100.fasta	None	Pyralidae	BLAST	family	COI-5P	656	1527	Pyralidae	BGSNL1274-24_r_1.5_s_50	Epischnia sareptella	0	BGSNL1274-24	1.5	50	False	False
0	0	data/BGE00306_MGE-BGE_r1_1.3_1.5_s50_100.fasta	None	Pyralidae	BLAST	family	COI-5P	656	1527	Pyralidae	BGSNL1274-24_r_1.5_s_100	Epischnia sareptella	0	BGSNL1274-24	1.5	100	False	False
1	7	data/BGE00306_MGE-BGE_r1_1.3_1.5_s50_100.fasta	None	Pyralidae	BLAST	family	COI-5P	656	1533	Pyralidae	BGSNL1275-24_r_1_s_50	Epischnia sareptella	0	BGSNL1275-24	1	50	False	False
2	11	data/BGE00306_MGE-BGE_r1_1.3_1.5_s50_100.fasta	None	Pyralidae	BLAST	family	COI-5P	629	1482	Papilionidae,Nymphalidae,Riodinidae,Crambidae	BGSNL1275-24_r_1_s_100	Epischnia sareptella	0	BGSNL1275-24	1	100	False	False
0	2	data/BGE00306_MGE-BGE_r1_1.3_1.5_s50_100.fasta	None	Pyralidae	BLAST	family	COI-5P	656	1518	Pyralidae	BGSNL1275-24_r_1.3_s_50	Epischnia sareptella	0	BGSNL1275-24	1.3	50	False	False
2	5	data/BGE00306_MGE-BGE_r1_1.3_1.5_s50_100.fasta	None	Pyralidae	BLAST	family	COI-5P	593	1413	Pyralidae	BGSNL1275-24_r_1.3_s_100	Epischnia sareptella	0	BGSNL1275-24	1.3	100	False	False
0	0	data/BGE00306_MGE-BGE_r1_1.3_1.5_s50_100.fasta	None	Pyralidae	BLAST	family	COI-5P	656	1491	Pyralidae	BGSNL1275-24_r_1.5_s_50	Epischnia sareptella	0	BGSNL1275-24	1.5	50	False	False
0	0	data/BGE00306_MGE-BGE_r1_1.3_1.5_s50_100.fasta	None	Pyralidae	BLAST	family	COI-5P	593	1353	Pyralidae	BGSNL1275-24_r_1.5_s_100	Epischnia sareptella	0	BGSNL1275-24	1.5	100	False	False
3	4	data/BGE00306_MGE-BGE_r1_1.3_1.5_s50_100.fasta	None	Pyralidae	BLAST	family	COI-5P	657	1527	Pyralidae	BGSNL1276-24_r_1_s_50	Epischnia sareptella	0	BGSNL1276-24	1	50	False	False
0	0	data/BGE00306_MGE-BGE_r1_1.3_1.5_s50_100.fasta	None	Pyralidae	BLAST	family	COI-5P	657	1527	Pyralidae	BGSNL1276-24_r_1_s_100	Epischnia sareptella	0	BGSNL1276-24	1	100	False	False
0	1	data/BGE00306_MGE-BGE_r1_1.3_1.5_s50_100.fasta	None	Pyralidae	BLAST	family	COI-5P	657	1527	Pyralidae	BGSNL1276-24_r_1.3_s_50	Epischnia sareptella	0	BGSNL1276-24	1.3	50	False	False
1	1	data/BGE00306_MGE-BGE_r1_1.3_1.5_s50_100.fasta	None	Pyralidae	BLAST	family	COI-5P	657	1527	Pyralidae	BGSNL1276-24_r_1.3_s_100	Epischnia sareptella	0	BGSNL1276-24	1.3	100	False	False
0	0	data/BGE00306_MGE-BGE_r1_1.3_1.5_s50_100.fasta	None	Pyralidae	BLAST	family	COI-5P	657	1527	Pyralidae	BGSNL1276-24_r_1.5_s_50	Epischnia sareptella	0	BGSNL1276-24	1.5	50	False	False
0	0	data/BGE00306_MGE-BGE_r1_1.3_1.5_s50_100.fasta	None	Pyralidae	BLAST	family	COI-5P	657	1527	Pyralidae	BGSNL1276-24_r_1.5_s_100	Epischnia sareptella	0	BGSNL1276-24	1.5	100	False	False
0	0	data/BGE00306_MGE-BGE_r1_1.3_1.5_s50_100.fasta	None	Pyralidae	BLAST	family	COI-5P	657	1527	Pyralidae	BGSNL1277-24_r_1_s_50	Eurhodope monogrammos	0	BGSNL1277-24	1	50	False	False
0	0	data/BGE00306_MGE-BGE_r1_1.3_1.5_s50_100.fasta	None	Pyralidae	BLAST	family	COI-5P	657	1527	Pyralidae	BGSNL1277-24_r_1_s_100	Eurhodope monogrammos	0	BGSNL1277-24	1	100	False	False
0	0	data/BGE00306_MGE-BGE_r1_1.3_1.5_s50_100.fasta	None	Pyralidae	BLAST	family	COI-5P	657	1527	Pyralidae	BGSNL1277-24_r_1.3_s_50	Eurhodope monogrammos	0	BGSNL1277-24	1.3	50	False	False
0	0	data/BGE00306_MGE-BGE_r1_1.3_1.5_s50_100.fasta	None	Pyralidae	BLAST	family	COI-5P	657	1527	Pyralidae	BGSNL1277-24_r_1.3_s_100	Eurhodope monogrammos	0	BGSNL1277-24	1.3	100	False	False
0	0	data/BGE00306_MGE-BGE_r1_1.3_1.5_s50_100.fasta	None	Pyralidae	BLAST	family	COI-5P	657	1527	Pyralidae	BGSNL1277-24_r_1.5_s_50	Eurhodope monogrammos	0	BGSNL1277-24	1.5	50	False	False
0	0	data/BGE00306_MGE-BGE_r1_1.3_1.5_s50_100.fasta	None	Pyralidae	BLAST	family	COI-5P	657	1527	Pyralidae	BGSNL1277-24_r_1.5_s_100	Eurhodope monogrammos	0	BGSNL1277-24	1.5	100	False	False
0	0	data/BGE00306_MGE-BGE_r1_1.3_1.5_s50_100.fasta	None	Pyralidae	BLAST	family	COI-5P	657	1527	Pyralidae	BGSNL1278-24_r_1_s_50	Eurhodope monogrammos	0	BGSNL1278-24	1	50	False	False
0	0	data/BGE00306_MGE-BGE_r1_1.3_1.5_s50_100.fasta	None	Pyralidae	BLAST	family	COI-5P	657	1527	Pyralidae	BGSNL1278-24_r_1_s_100	Eurhodope monogrammos	0	BGSNL1278-24	1	100	False	False
0	0	data/BGE00306_MGE-BGE_r1_1.3_1.5_s50_100.fasta	None	Pyralidae	BLAST	family	COI-5P	657	1527	Pyralidae	BGSNL1278-24_r_1.3_s_50	Eurhodope monogrammos	0	BGSNL1278-24	1.3	50	False	False
0	0	data/BGE00306_MGE-BGE_r1_1.3_1.5_s50_100.fasta	None	Pyralidae	BLAST	family	COI-5P	657	1527	Pyralidae	BGSNL1278-24_r_1.3_s_100	Eurhodope monogrammos	0	BGSNL1278-24	1.3	100	False	False
0	0	data/BGE00306_MGE-BGE_r1_1.3_1.5_s50_100.fasta	None	Pyralidae	BLAST	family	COI-5P	657	1527	Pyralidae	BGSNL1278-24_r_1.5_s_50	Eurhodope monogrammos	0	BGSNL1278-24	1.5	50	False	False
0	0	data/BGE00306_MGE-BGE_r1_1.3_1.5_s50_100.fasta	None	Pyralidae	BLAST	family	COI-5P	657	1527	Pyralidae	BGSNL1278-24_r_1.5_s_100	Eurhodope monogrammos	0	BGSNL1278-24	1.5	100	False	False
6	10	data/BGE00306_MGE-BGE_r1_1.3_1.5_s50_100.fasta	None	Pyralidae	BLAST	family	COI-5P	656	1527	Pyralidae	BGSNL1279-24_r_1_s_50	Eurhodope monogrammos	0	BGSNL1279-24	1	50	False	False
5	13	data/BGE00306_MGE-BGE_r1_1.3_1.5_s50_100.fasta	None	Pyralidae	BLAST	family	COI-5P	656	1527	Pyralidae	BGSNL1279-24_r_1_s_100	Eurhodope monogrammos	0	BGSNL1279-24	1	100	False	False
0	0	data/BGE00306_MGE-BGE_r1_1.3_1.5_s50_100.fasta	None	Pyralidae	BLAST	family	COI-5P	657	1527	Pyralidae	BGSNL1279-24_r_1.3_s_50	Eurhodope monogrammos	0	BGSNL1279-24	1.3	50	False	False
0	0	data/BGE00306_MGE-BGE_r1_1.3_1.5_s50_100.fasta	None	Pyralidae	BLAST	family	COI-5P	657	1527	Pyralidae	BGSNL1279-24_r_1.3_s_100	Eurhodope monogrammos	0	BGSNL1279-24	1.3	100	False	False
0	0	data/BGE00306_MGE-BGE_r1_1.3_1.5_s50_100.fasta	None	Pyralidae	BLAST	family	COI-5P	657	1527	Pyralidae	BGSNL1279-24_r_1.5_s_50	Eurhodope monogrammos	0	BGSNL1279-24	1.5	50	False	False
0	0	data/BGE00306_MGE-BGE_r1_1.3_1.5_s50_100.fasta	None	Pyralidae	BLAST	family	COI-5P	657	1527	Pyralidae	BGSNL1279-24_r_1.5_s_100	Eurhodope monogrammos	0	BGSNL1279-24	1.5	100	False	False
0	0	data/BGE00306_MGE-BGE_r1_1.3_1.5_s50_100.fasta	None	Pyralidae	BLAST	family	COI-5P	656	1530	Pyralidae	BGSNL1280-24_r_1_s_50	Euzophera concolorella	0	BGSNL1280-24	1	50	False	False
0	0	data/BGE00306_MGE-BGE_r1_1.3_1.5_s50_100.fasta	None	Pyralidae	BLAST	family	COI-5P	656	1530	Pyralidae	BGSNL1280-24_r_1_s_100	Euzophera concolorella	0	BGSNL1280-24	1	100	False	False
0	0	data/BGE00306_MGE-BGE_r1_1.3_1.5_s50_100.fasta	None	Pyralidae	BLAST	family	COI-5P	656	1530	Pyralidae	BGSNL1280-24_r_1.3_s_50	Euzophera concolorella	0	BGSNL1280-24	1.3	50	False	False
0	0	data/BGE00306_MGE-BGE_r1_1.3_1.5_s50_100.fasta	None	Pyralidae	BLAST	family	COI-5P	656	1530	Pyralidae	BGSNL1280-24_r_1.3_s_100	Euzophera concolorella	0	BGSNL1280-24	1.3	100	False	False
0	0	data/BGE00306_MGE-BGE_r1_1.3_1.5_s50_100.fasta	None	Pyralidae	BLAST	family	COI-5P	656	1530	Pyralidae	BGSNL1280-24_r_1.5_s_50	Euzophera concolorella	0	BGSNL1280-24	1.5	50	False	False
0	0	data/BGE00306_MGE-BGE_r1_1.3_1.5_s50_100.fasta	None	Pyralidae	BLAST	family	COI-5P	656	1530	Pyralidae	BGSNL1280-24_r_1.5_s_100	Euzophera concolorella	0	BGSNL1280-24	1.5	100	False	False
0	0	data/BGE00306_MGE-BGE_r1_1.3_1.5_s50_100.fasta	None	Pyralidae	BLAST	family	COI-5P	657	1530	Pyralidae,Crambidae	BGSNL1281-24_r_1_s_50	Euzophera lunulella	0	BGSNL1281-24	1	50	False	False
0	0	data/BGE00306_MGE-BGE_r1_1.3_1.5_s50_100.fasta	None	Pyralidae	BLAST	family	COI-5P	657	1530	Pyralidae,Crambidae	BGSNL1281-24_r_1_s_100	Euzophera lunulella	0	BGSNL1281-24	1	100	False	False
0	0	data/BGE00306_MGE-BGE_r1_1.3_1.5_s50_100.fasta	None	Pyralidae	BLAST	family	COI-5P	657	1530	Pyralidae,Crambidae	BGSNL1281-24_r_1.3_s_50	Euzophera lunulella	0	BGSNL1281-24	1.3	50	False	False
0	0	data/BGE00306_MGE-BGE_r1_1.3_1.5_s50_100.fasta	None	Pyralidae	BLAST	family	COI-5P	657	1530	Pyralidae,Crambidae	BGSNL1281-24_r_1.3_s_100	Euzophera lunulella	0	BGSNL1281-24	1.3	100	False	False
0	0	data/BGE00306_MGE-BGE_r1_1.3_1.5_s50_100.fasta	None	Pyralidae	BLAST	family	COI-5P	657	1530	Pyralidae,Crambidae	BGSNL1281-24_r_1.5_s_50	Euzophera lunulella	0	BGSNL1281-24	1.5	50	False	False
0	0	data/BGE00306_MGE-BGE_r1_1.3_1.5_s50_100.fasta	None	Pyralidae	BLAST	family	COI-5P	657	1530	Pyralidae,Crambidae	BGSNL1281-24_r_1.5_s_100	Euzophera lunulella	0	BGSNL1281-24	1.5	100	False	False
0	0	data/BGE00306_MGE-BGE_r1_1.3_1.5_s50_100.fasta	None	Pyralidae	BLAST	family	COI-5P	657	1530	Pyralidae,Crambidae	BGSNL1282-24_r_1_s_50	Euzophera lunulella	0	BGSNL1282-24	1	50	False	False
0	0	data/BGE00306_MGE-BGE_r1_1.3_1.5_s50_100.fasta	None	Pyralidae	BLAST	family	COI-5P	657	1530	Pyralidae,Crambidae	BGSNL1282-24_r_1_s_100	Euzophera lunulella	0	BGSNL1282-24	1	100	False	False
0	0	data/BGE00306_MGE-BGE_r1_1.3_1.5_s50_100.fasta	None	Pyralidae	BLAST	family	COI-5P	657	1530	Pyralidae,Crambidae	BGSNL1282-24_r_1.3_s_50	Euzophera lunulella	0	BGSNL1282-24	1.3	50	False	False
0	0	data/BGE00306_MGE-BGE_r1_1.3_1.5_s50_100.fasta	None	Pyralidae	BLAST	family	COI-5P	657	1530	Pyralidae,Crambidae	BGSNL1282-24_r_1.3_s_100	Euzophera lunulella	0	BGSNL1282-24	1.3	100	False	False
0	0	data/BGE00306_MGE-BGE_r1_1.3_1.5_s50_100.fasta	None	Pyralidae	BLAST	family	COI-5P	657	1530	Pyralidae,Crambidae	BGSNL1282-24_r_1.5_s_50	Euzophera lunulella	0	BGSNL1282-24	1.5	50	False	False
0	0	data/BGE00306_MGE-BGE_r1_1.3_1.5_s50_100.fasta	None	Pyralidae	BLAST	family	COI-5P	657	1530	Pyralidae,Crambidae	BGSNL1282-24_r_1.5_s_100	Euzophera lunulella	0	BGSNL1282-24	1.5	100	False	False
0	0	data/BGE00306_MGE-BGE_r1_1.3_1.5_s50_100.fasta	None	Pyralidae	BLAST	family	COI-5P	657	1530	Pyralidae,Crambidae	BGSNL1283-24_r_1_s_50	Euzophera lunulella	0	BGSNL1283-24	1	50	False	False
0	0	data/BGE00306_MGE-BGE_r1_1.3_1.5_s50_100.fasta	None	Pyralidae	BLAST	family	COI-5P	657	1530	Pyralidae,Crambidae	BGSNL1283-24_r_1_s_100	Euzophera lunulella	0	BGSNL1283-24	1	100	False	False
0	0	data/BGE00306_MGE-BGE_r1_1.3_1.5_s50_100.fasta	None	Pyralidae	BLAST	family	COI-5P	657	1530	Pyralidae,Crambidae	BGSNL1283-24_r_1.3_s_50	Euzophera lunulella	0	BGSNL1283-24	1.3	50	False	False
0	0	data/BGE00306_MGE-BGE_r1_1.3_1.5_s50_100.fasta	None	Pyralidae	BLAST	family	COI-5P	657	1530	Pyralidae,Crambidae	BGSNL1283-24_r_1.3_s_100	Euzophera lunulella	0	BGSNL1283-24	1.3	100	False	False
0	0	data/BGE00306_MGE-BGE_r1_1.3_1.5_s50_100.fasta	None	Pyralidae	BLAST	family	COI-5P	657	1524	Pyralidae,Crambidae	BGSNL1283-24_r_1.5_s_50	Euzophera lunulella	0	BGSNL1283-24	1.5	50	False	False
0	0	data/BGE00306_MGE-BGE_r1_1.3_1.5_s50_100.fasta	None	Pyralidae	BLAST	family	COI-5P	657	1524	Pyralidae,Crambidae	BGSNL1283-24_r_1.5_s_100	Euzophera lunulella	0	BGSNL1283-24	1.5	100	False	False
1	1	data/BGE00306_MGE-BGE_r1_1.3_1.5_s50_100.fasta	None	Pyralidae	BLAST	family	COI-5P	657	1530	Noctuidae,Pyralidae,Crambidae	BGSNL1284-24_r_1_s_50	Euzophera pulchella	0	BGSNL1284-24	1	50	False	False
0	0	data/BGE00306_MGE-BGE_r1_1.3_1.5_s50_100.fasta	None	Pyralidae	BLAST	family	COI-5P	657	1530	Noctuidae,Pyralidae,Crambidae	BGSNL1284-24_r_1_s_100	Euzophera pulchella	0	BGSNL1284-24	1	100	False	False
0	0	data/BGE00306_MGE-BGE_r1_1.3_1.5_s50_100.fasta	None	Pyralidae	BLAST	family	COI-5P	657	1530	Noctuidae,Pyralidae,Crambidae	BGSNL1284-24_r_1.3_s_50	Euzophera pulchella	0	BGSNL1284-24	1.3	50	False	False
0	0	data/BGE00306_MGE-BGE_r1_1.3_1.5_s50_100.fasta	None	Pyralidae	BLAST	family	COI-5P	657	1530	Noctuidae,Pyralidae,Crambidae	BGSNL1284-24_r_1.3_s_100	Euzophera pulchella	0	BGSNL1284-24	1.3	100	False	False
0	0	data/BGE00306_MGE-BGE_r1_1.3_1.5_s50_100.fasta	None	Pyralidae	BLAST	family	COI-5P	657	1530	Noctuidae,Pyralidae,Crambidae	BGSNL1284-24_r_1.5_s_50	Euzophera pulchella	0	BGSNL1284-24	1.5	50	False	False
0	0	data/BGE00306_MGE-BGE_r1_1.3_1.5_s50_100.fasta	None	Pyralidae	BLAST	family	COI-5P	657	1530	Noctuidae,Pyralidae,Crambidae	BGSNL1284-24_r_1.5_s_100	Euzophera pulchella	0	BGSNL1284-24	1.5	100	False	False
0	0	data/BGE00306_MGE-BGE_r1_1.3_1.5_s50_100.fasta	None	Pyralidae	BLAST	family	COI-5P	657	1530	Noctuidae,Pyralidae,Crambidae	BGSNL1285-24_r_1_s_50	Euzophera pulchella	0	BGSNL1285-24	1	50	False	False
0	0	data/BGE00306_MGE-BGE_r1_1.3_1.5_s50_100.fasta	None	Pyralidae	BLAST	family	COI-5P	657	1530	Noctuidae,Pyralidae,Crambidae	BGSNL1285-24_r_1_s_100	Euzophera pulchella	0	BGSNL1285-24	1	100	False	False
0	0	data/BGE00306_MGE-BGE_r1_1.3_1.5_s50_100.fasta	None	Pyralidae	BLAST	family	COI-5P	657	1530	Noctuidae,Pyralidae,Crambidae	BGSNL1285-24_r_1.3_s_50	Euzophera pulchella	0	BGSNL1285-24	1.3	50	False	False
0	0	data/BGE00306_MGE-BGE_r1_1.3_1.5_s50_100.fasta	None	Pyralidae	BLAST	family	COI-5P	657	1530	Noctuidae,Pyralidae,Crambidae	BGSNL1285-24_r_1.3_s_100	Euzophera pulchella	0	BGSNL1285-24	1.3	100	False	False
0	0	data/BGE00306_MGE-BGE_r1_1.3_1.5_s50_100.fasta	None	Pyralidae	BLAST	family	COI-5P	657	1530	Noctuidae,Pyralidae,Crambidae	BGSNL1285-24_r_1.5_s_50	Euzophera pulchella	0	BGSNL1285-24	1.5	50	False	False
0	0	data/BGE00306_MGE-BGE_r1_1.3_1.5_s50_100.fasta	None	Pyralidae	BLAST	family	COI-5P	657	1530	Noctuidae,Pyralidae,Crambidae	BGSNL1285-24_r_1.5_s_100	Euzophera pulchella	0	BGSNL1285-24	1.5	100	False	False
0	0	data/BGE00306_MGE-BGE_r1_1.3_1.5_s50_100.fasta	None	Pyralidae	BLAST	family	COI-5P	657	1530	Noctuidae,Erebidae,Pyralidae,Crambidae	BGSNL1286-24_r_1_s_50	Euzophera pulchella	0	BGSNL1286-24	1	50	False	False
0	0	data/BGE00306_MGE-BGE_r1_1.3_1.5_s50_100.fasta	None	Pyralidae	BLAST	family	COI-5P	657	1530	Noctuidae,Erebidae,Pyralidae,Crambidae	BGSNL1286-24_r_1_s_100	Euzophera pulchella	0	BGSNL1286-24	1	100	False	False
0	0	data/BGE00306_MGE-BGE_r1_1.3_1.5_s50_100.fasta	None	Pyralidae	BLAST	family	COI-5P	657	1530	Noctuidae,Erebidae,Pyralidae,Crambidae	BGSNL1286-24_r_1.3_s_50	Euzophera pulchella	0	BGSNL1286-24	1.3	50	False	False
0	0	data/BGE00306_MGE-BGE_r1_1.3_1.5_s50_100.fasta	None	Pyralidae	BLAST	family	COI-5P	657	1530	Noctuidae,Erebidae,Pyralidae,Crambidae	BGSNL1286-24_r_1.3_s_100	Euzophera pulchella	0	BGSNL1286-24	1.3	100	False	False
0	0	data/BGE00306_MGE-BGE_r1_1.3_1.5_s50_100.fasta	None	Pyralidae	BLAST	family	COI-5P	657	1530	Noctuidae,Erebidae,Pyralidae,Crambidae	BGSNL1286-24_r_1.5_s_50	Euzophera pulchella	0	BGSNL1286-24	1.5	50	False	False
0	0	data/BGE00306_MGE-BGE_r1_1.3_1.5_s50_100.fasta	None	Pyralidae	BLAST	family	COI-5P	657	1530	Noctuidae,Erebidae,Pyralidae,Crambidae	BGSNL1286-24_r_1.5_s_100	Euzophera pulchella	0	BGSNL1286-24	1.5	100	False	False
0	0	data/BGE00306_MGE-BGE_r1_1.3_1.5_s50_100.fasta	None	Pyralidae	BLAST	family	COI-5P	657	1530	Pyralidae	BGSNL1287-24_r_1_s_50	Euzophera rubricetella	0	BGSNL1287-24	1	50	False	False
0	0	data/BGE00306_MGE-BGE_r1_1.3_1.5_s50_100.fasta	None	Pyralidae	BLAST	family	COI-5P	657	1530	Pyralidae	BGSNL1287-24_r_1_s_100	Euzophera rubricetella	0	BGSNL1287-24	1	100	False	False
0	0	data/BGE00306_MGE-BGE_r1_1.3_1.5_s50_100.fasta	None	Pyralidae	BLAST	family	COI-5P	657	1530	Pyralidae	BGSNL1287-24_r_1.3_s_50	Euzophera rubricetella	0	BGSNL1287-24	1.3	50	False	False
0	0	data/BGE00306_MGE-BGE_r1_1.3_1.5_s50_100.fasta	None	Pyralidae	BLAST	family	COI-5P	657	1530	Pyralidae	BGSNL1287-24_r_1.3_s_100	Euzophera rubricetella	0	BGSNL1287-24	1.3	100	False	False
0	0	data/BGE00306_MGE-BGE_r1_1.3_1.5_s50_100.fasta	None	Pyralidae	BLAST	family	COI-5P	657	1530	Pyralidae	BGSNL1287-24_r_1.5_s_50	Euzophera rubricetella	0	BGSNL1287-24	1.5	50	False	False
0	0	data/BGE00306_MGE-BGE_r1_1.3_1.5_s50_100.fasta	None	Pyralidae	BLAST	family	COI-5P	657	1530	Pyralidae	BGSNL1287-24_r_1.5_s_100	Euzophera rubricetella	0	BGSNL1287-24	1.5	100	False	False
0	0	data/BGE00306_MGE-BGE_r1_1.3_1.5_s50_100.fasta	None	Pyralidae	BLAST	family	COI-5P	657	1530	Pyralidae,Crambidae	BGSNL1288-24_r_1_s_50	Euzophera umbrosella	0	BGSNL1288-24	1	50	False	False
0	0	data/BGE00306_MGE-BGE_r1_1.3_1.5_s50_100.fasta	None	Pyralidae	BLAST	family	COI-5P	657	1530	Pyralidae,Crambidae	BGSNL1288-24_r_1_s_100	Euzophera umbrosella	0	BGSNL1288-24	1	100	False	False
0	0	data/BGE00306_MGE-BGE_r1_1.3_1.5_s50_100.fasta	None	Pyralidae	BLAST	family	COI-5P	657	1530	Pyralidae,Crambidae	BGSNL1288-24_r_1.3_s_50	Euzophera umbrosella	0	BGSNL1288-24	1.3	50	False	False
0	0	data/BGE00306_MGE-BGE_r1_1.3_1.5_s50_100.fasta	None	Pyralidae	BLAST	family	COI-5P	657	1530	Pyralidae,Crambidae	BGSNL1288-24_r_1.3_s_100	Euzophera umbrosella	0	BGSNL1288-24	1.3	100	False	False
0	0	data/BGE00306_MGE-BGE_r1_1.3_1.5_s50_100.fasta	None	Pyralidae	BLAST	family	COI-5P	657	1530	Pyralidae,Crambidae	BGSNL1288-24_r_1.5_s_50	Euzophera umbrosella	0	BGSNL1288-24	1.5	50	False	False
0	0	data/BGE00306_MGE-BGE_r1_1.3_1.5_s50_100.fasta	None	Pyralidae	BLAST	family	COI-5P	657	1530	Pyralidae,Crambidae	BGSNL1288-24_r_1.5_s_100	Euzophera umbrosella	0	BGSNL1288-24	1.5	100	False	False
11	31	data/BGE00306_MGE-BGE_r1_1.3_1.5_s50_100.fasta	None	Pyralidae	BLAST	family	COI-5P	649	1515	Argyresthiidae,Pyralidae,Crambidae	BGSNL1289-24_r_1_s_50	Euzophera umbrosella	0	BGSNL1289-24	1	50	False	False
19	41	data/BGE00306_MGE-BGE_r1_1.3_1.5_s50_100.fasta	None	Pyralidae	BLAST	family	COI-5P	650	1446	Gelechiidae,Saturniidae,Nymphalidae,Pyralidae,Crambidae	BGSNL1289-24_r_1_s_100	Euzophera umbrosella	0	BGSNL1289-24	1	100	False	False
14	28	data/BGE00306_MGE-BGE_r1_1.3_1.5_s50_100.fasta	None	Pyralidae	BLAST	family	COI-5P	578	1389	Tortricidae,Limacodidae,Pieridae,Pyralidae,Geometridae	BGSNL1289-24_r_1.3_s_50	Euzophera umbrosella	0	BGSNL1289-24	1.3	50	False	False
17	56	data/BGE00306_MGE-BGE_r1_1.3_1.5_s50_100.fasta	None	Pyralidae	BLAST	family	COI-5P	505	1278	Saturniidae,Pyralidae,Crambidae	BGSNL1289-24_r_1.3_s_100	Euzophera umbrosella	0	BGSNL1289-24	1.3	100	False	False
6	7	data/BGE00306_MGE-BGE_r1_1.3_1.5_s50_100.fasta	None	Pyralidae	BLAST	family	COI-5P	490	1218	Nymphalidae,Pyralidae,Crambidae	BGSNL1289-24_r_1.5_s_50	Euzophera umbrosella	0	BGSNL1289-24	1.5	50	False	False
6	7	data/BGE00306_MGE-BGE_r1_1.3_1.5_s50_100.fasta	None	Pyralidae	BLAST	family	COI-5P	487	1134	Zygaenidae,Saturniidae,Nymphalidae,Pyralidae,Crambidae	BGSNL1289-24_r_1.5_s_100	Euzophera umbrosella	0	BGSNL1289-24	1.5	100	False	False
0	0	data/BGE00306_MGE-BGE_r1_1.3_1.5_s50_100.fasta	None	Pyralidae	BLAST	family	COI-5P	657	1536	Pyralidae,Crambidae	BGSNL1290-24_r_1_s_50	Euzopherodes vapidella	0	BGSNL1290-24	1	50	False	False
0	0	data/BGE00306_MGE-BGE_r1_1.3_1.5_s50_100.fasta	None	Pyralidae	BLAST	family	COI-5P	657	1536	Pyralidae,Crambidae	BGSNL1290-24_r_1_s_100	Euzopherodes vapidella	0	BGSNL1290-24	1	100	False	False
0	0	data/BGE00306_MGE-BGE_r1_1.3_1.5_s50_100.fasta	None	Pyralidae	BLAST	family	COI-5P	657	1536	Pyralidae,Crambidae	BGSNL1290-24_r_1.3_s_50	Euzopherodes vapidella	0	BGSNL1290-24	1.3	50	False	False
0	0	data/BGE00306_MGE-BGE_r1_1.3_1.5_s50_100.fasta	None	Pyralidae	BLAST	family	COI-5P	657	1536	Pyralidae,Crambidae	BGSNL1290-24_r_1.3_s_100	Euzopherodes vapidella	0	BGSNL1290-24	1.3	100	False	False
0	0	data/BGE00306_MGE-BGE_r1_1.3_1.5_s50_100.fasta	None	Pyralidae	BLAST	family	COI-5P	657	1536	Pyralidae,Crambidae	BGSNL1290-24_r_1.5_s_50	Euzopherodes vapidella	0	BGSNL1290-24	1.5	50	False	False
0	0	data/BGE00306_MGE-BGE_r1_1.3_1.5_s50_100.fasta	None	Pyralidae	BLAST	family	COI-5P	657	1536	Pyralidae,Crambidae	BGSNL1290-24_r_1.5_s_100	Euzopherodes vapidella	0	BGSNL1290-24	1.5	100	False	False
0	0	data/BGE00306_MGE-BGE_r1_1.3_1.5_s50_100.fasta	None	Pyralidae	BLAST	family	COI-5P	657	1536	Pyralidae,Crambidae	BGSNL1291-24_r_1_s_50	Euzopherodes vapidella	0	BGSNL1291-24	1	50	False	False
0	0	data/BGE00306_MGE-BGE_r1_1.3_1.5_s50_100.fasta	None	Pyralidae	BLAST	family	COI-5P	657	1536	Pyralidae,Crambidae	BGSNL1291-24_r_1_s_100	Euzopherodes vapidella	0	BGSNL1291-24	1	100	False	False
0	0	data/BGE00306_MGE-BGE_r1_1.3_1.5_s50_100.fasta	None	Pyralidae	BLAST	family	COI-5P	657	1536	Pyralidae,Crambidae	BGSNL1291-24_r_1.3_s_50	Euzopherodes vapidella	0	BGSNL1291-24	1.3	50	False	False
0	0	data/BGE00306_MGE-BGE_r1_1.3_1.5_s50_100.fasta	None	Pyralidae	BLAST	family	COI-5P	657	1536	Pyralidae,Crambidae	BGSNL1291-24_r_1.3_s_100	Euzopherodes vapidella	0	BGSNL1291-24	1.3	100	False	False
0	0	data/BGE00306_MGE-BGE_r1_1.3_1.5_s50_100.fasta	None	Pyralidae	BLAST	family	COI-5P	657	1536	Pyralidae,Crambidae	BGSNL1291-24_r_1.5_s_50	Euzopherodes vapidella	0	BGSNL1291-24	1.5	50	False	False
0	0	data/BGE00306_MGE-BGE_r1_1.3_1.5_s50_100.fasta	None	Pyralidae	BLAST	family	COI-5P	657	1536	Pyralidae,Crambidae	BGSNL1291-24_r_1.5_s_100	Euzopherodes vapidella	0	BGSNL1291-24	1.5	100	False	False
0	0	data/BGE00306_MGE-BGE_r1_1.3_1.5_s50_100.fasta	None	Pyralidae	BLAST	family	COI-5P	657	1536	Pyralidae	BGSNL1292-24_r_1_s_50	Euzopherodes vapidella	0	BGSNL1292-24	1	50	False	False
0	0	data/BGE00306_MGE-BGE_r1_1.3_1.5_s50_100.fasta	None	Pyralidae	BLAST	family	COI-5P	657	1536	Pyralidae	BGSNL1292-24_r_1_s_100	Euzopherodes vapidella	0	BGSNL1292-24	1	100	False	False
0	0	data/BGE00306_MGE-BGE_r1_1.3_1.5_s50_100.fasta	None	Pyralidae	BLAST	family	COI-5P	657	1536	Pyralidae	BGSNL1292-24_r_1.3_s_50	Euzopherodes vapidella	0	BGSNL1292-24	1.3	50	False	False
0	0	data/BGE00306_MGE-BGE_r1_1.3_1.5_s50_100.fasta	None	Pyralidae	BLAST	family	COI-5P	657	1536	Pyralidae	BGSNL1292-24_r_1.3_s_100	Euzopherodes vapidella	0	BGSNL1292-24	1.3	100	False	False
0	0	data/BGE00306_MGE-BGE_r1_1.3_1.5_s50_100.fasta	None	Pyralidae	BLAST	family	COI-5P	657	1536	Pyralidae	BGSNL1292-24_r_1.5_s_50	Euzopherodes vapidella	0	BGSNL1292-24	1.5	50	False	False
0	0	data/BGE00306_MGE-BGE_r1_1.3_1.5_s50_100.fasta	None	Pyralidae	BLAST	family	COI-5P	657	1536	Pyralidae	BGSNL1292-24_r_1.5_s_100	Euzopherodes vapidella	0	BGSNL1292-24	1.5	100	False	False
0	0	data/BGE00306_MGE-BGE_r1_1.3_1.5_s50_100.fasta	None	Pyralidae	BLAST	family	COI-5P	657	1542	Pyralidae	BGSNL1293-24_r_1_s_50	Slamkania sordida	0	BGSNL1293-24	1	50	False	False
0	0	data/BGE00306_MGE-BGE_r1_1.3_1.5_s50_100.fasta	None	Pyralidae	BLAST	family	COI-5P	657	1542	Pyralidae	BGSNL1293-24_r_1_s_100	Slamkania sordida	0	BGSNL1293-24	1	100	False	False
0	0	data/BGE00306_MGE-BGE_r1_1.3_1.5_s50_100.fasta	None	Pyralidae	BLAST	family	COI-5P	657	1542	Pyralidae	BGSNL1293-24_r_1.3_s_50	Slamkania sordida	0	BGSNL1293-24	1.3	50	False	False
0	1	data/BGE00306_MGE-BGE_r1_1.3_1.5_s50_100.fasta	None	Pyralidae	BLAST	family	COI-5P	657	1542	Pyralidae	BGSNL1293-24_r_1.3_s_100	Slamkania sordida	0	BGSNL1293-24	1.3	100	False	False
0	0	data/BGE00306_MGE-BGE_r1_1.3_1.5_s50_100.fasta	None	Pyralidae	BLAST	family	COI-5P	657	1524	Pyralidae	BGSNL1293-24_r_1.5_s_50	Slamkania sordida	0	BGSNL1293-24	1.5	50	False	False
0	0	data/BGE00306_MGE-BGE_r1_1.3_1.5_s50_100.fasta	None	Pyralidae	BLAST	family	COI-5P	657	1512	Pyralidae	BGSNL1293-24_r_1.5_s_100	Slamkania sordida	0	BGSNL1293-24	1.5	100	False	False
0	3	data/BGE00306_MGE-BGE_r1_1.3_1.5_s50_100.fasta	None	Pyralidae	BLAST	family	COI-5P	657	1542	Pyralidae	BGSNL1294-24_r_1_s_50	Zophodiodes leucocostella	0	BGSNL1294-24	1	50	False	False
0	0	data/BGE00306_MGE-BGE_r1_1.3_1.5_s50_100.fasta	None	Pyralidae	BLAST	family	COI-5P	657	1533	Pyralidae	BGSNL1294-24_r_1_s_100	Zophodiodes leucocostella	0	BGSNL1294-24	1	100	False	False
0	0	data/BGE00306_MGE-BGE_r1_1.3_1.5_s50_100.fasta	None	Pyralidae	BLAST	family	COI-5P	657	1542	Pyralidae	BGSNL1294-24_r_1.3_s_50	Zophodiodes leucocostella	0	BGSNL1294-24	1.3	50	False	False
0	0	data/BGE00306_MGE-BGE_r1_1.3_1.5_s50_100.fasta	None	Pyralidae	BLAST	family	COI-5P	657	1533	Pyralidae	BGSNL1294-24_r_1.3_s_100	Zophodiodes leucocostella	0	BGSNL1294-24	1.3	100	False	False
0	0	data/BGE00306_MGE-BGE_r1_1.3_1.5_s50_100.fasta	None	Pyralidae	BLAST	family	COI-5P	657	1542	Pyralidae	BGSNL1294-24_r_1.5_s_50	Zophodiodes leucocostella	0	BGSNL1294-24	1.5	50	False	False
0	0	data/BGE00306_MGE-BGE_r1_1.3_1.5_s50_100.fasta	None	Pyralidae	BLAST	family	COI-5P	657	1533	Pyralidae	BGSNL1294-24_r_1.5_s_100	Zophodiodes leucocostella	0	BGSNL1294-24	1.5	100	False	False
0	0	data/BGE00306_MGE-BGE_r1_1.3_1.5_s50_100.fasta	None	Pyralidae	BLAST	family	COI-5P	657	1542	Pyralidae	BGSNL1295-24_r_1_s_50	Zophodiodes leucocostella	0	BGSNL1295-24	1	50	False	False
0	0	data/BGE00306_MGE-BGE_r1_1.3_1.5_s50_100.fasta	None	Pyralidae	BLAST	family	COI-5P	657	1533	Pyralidae	BGSNL1295-24_r_1_s_100	Zophodiodes leucocostella	0	BGSNL1295-24	1	100	False	False
0	0	data/BGE00306_MGE-BGE_r1_1.3_1.5_s50_100.fasta	None	Pyralidae	BLAST	family	COI-5P	657	1542	Pyralidae	BGSNL1295-24_r_1.3_s_50	Zophodiodes leucocostella	0	BGSNL1295-24	1.3	50	False	False
0	0	data/BGE00306_MGE-BGE_r1_1.3_1.5_s50_100.fasta	None	Pyralidae	BLAST	family	COI-5P	657	1533	Pyralidae	BGSNL1295-24_r_1.3_s_100	Zophodiodes leucocostella	0	BGSNL1295-24	1.3	100	False	False
0	0	data/BGE00306_MGE-BGE_r1_1.3_1.5_s50_100.fasta	None	Pyralidae	BLAST	family	COI-5P	657	1533	Pyralidae	BGSNL1295-24_r_1.5_s_50	Zophodiodes leucocostella	0	BGSNL1295-24	1.5	50	False	False
0	0	data/BGE00306_MGE-BGE_r1_1.3_1.5_s50_100.fasta	None	Pyralidae	BLAST	family	COI-5P	657	1533	Pyralidae	BGSNL1295-24_r_1.5_s_100	Zophodiodes leucocostella	0	BGSNL1295-24	1.5	100	False	False
0	0	data/BGE00306_MGE-BGE_r1_1.3_1.5_s50_100.fasta	None	Pyralidae	BLAST	family	COI-5P	657	1542	Pyralidae	BGSNL1296-24_r_1_s_50	Zophodiodes leucocostella	0	BGSNL1296-24	1	50	False	False
0	1	data/BGE00306_MGE-BGE_r1_1.3_1.5_s50_100.fasta	None	Pyralidae	BLAST	family	COI-5P	657	1542	Pyralidae	BGSNL1296-24_r_1_s_100	Zophodiodes leucocostella	0	BGSNL1296-24	1	100	False	False
0	1	data/BGE00306_MGE-BGE_r1_1.3_1.5_s50_100.fasta	None	Pyralidae	BLAST	family	COI-5P	657	1542	Pyralidae	BGSNL1296-24_r_1.3_s_50	Zophodiodes leucocostella	0	BGSNL1296-24	1.3	50	False	False
0	1	data/BGE00306_MGE-BGE_r1_1.3_1.5_s50_100.fasta	None	Pyralidae	BLAST	family	COI-5P	657	1542	Pyralidae	BGSNL1296-24_r_1.3_s_100	Zophodiodes leucocostella	0	BGSNL1296-24	1.3	100	False	False
0	1	data/BGE00306_MGE-BGE_r1_1.3_1.5_s50_100.fasta	None	Pyralidae	BLAST	family	COI-5P	657	1542	Pyralidae	BGSNL1296-24_r_1.5_s_50	Zophodiodes leucocostella	0	BGSNL1296-24	1.5	50	False	False
0	1	data/BGE00306_MGE-BGE_r1_1.3_1.5_s50_100.fasta	None	Pyralidae	BLAST	family	COI-5P	657	1542	Pyralidae	BGSNL1296-24_r_1.5_s_100	Zophodiodes leucocostella	0	BGSNL1296-24	1.5	100	False	False
0	0	data/BGE00306_MGE-BGE_r1_1.3_1.5_s50_100.fasta	None	Pyralidae	BLAST	family	COI-5P	657	1542	Noctuidae,Euteliidae,Pyralidae,Crambidae	BGSNL1297-24_r_1_s_50	Hansreisseria gilvescens	0	BGSNL1297-24	1	50	False	False
0	0	data/BGE00306_MGE-BGE_r1_1.3_1.5_s50_100.fasta	None	Pyralidae	BLAST	family	COI-5P	657	1542	Noctuidae,Euteliidae,Pyralidae,Crambidae	BGSNL1297-24_r_1_s_100	Hansreisseria gilvescens	0	BGSNL1297-24	1	100	False	False
0	0	data/BGE00306_MGE-BGE_r1_1.3_1.5_s50_100.fasta	None	Pyralidae	BLAST	family	COI-5P	657	1542	Noctuidae,Euteliidae,Pyralidae,Crambidae	BGSNL1297-24_r_1.3_s_50	Hansreisseria gilvescens	0	BGSNL1297-24	1.3	50	False	False
0	0	data/BGE00306_MGE-BGE_r1_1.3_1.5_s50_100.fasta	None	Pyralidae	BLAST	family	COI-5P	657	1542	Noctuidae,Euteliidae,Pyralidae,Crambidae	BGSNL1297-24_r_1.3_s_100	Hansreisseria gilvescens	0	BGSNL1297-24	1.3	100	False	False
0	0	data/BGE00306_MGE-BGE_r1_1.3_1.5_s50_100.fasta	None	Pyralidae	BLAST	family	COI-5P	657	1542	Noctuidae,Euteliidae,Pyralidae,Crambidae	BGSNL1297-24_r_1.5_s_50	Hansreisseria gilvescens	0	BGSNL1297-24	1.5	50	False	False
0	0	data/BGE00306_MGE-BGE_r1_1.3_1.5_s50_100.fasta	None	Pyralidae	BLAST	family	COI-5P	657	1542	Noctuidae,Euteliidae,Pyralidae,Crambidae	BGSNL1297-24_r_1.5_s_100	Hansreisseria gilvescens	0	BGSNL1297-24	1.5	100	False	False
0	0	data/BGE00306_MGE-BGE_r1_1.3_1.5_s50_100.fasta	None	Pyralidae	BLAST	family	COI-5P	657	1539	Pyralidae	BGSNL1298-24_r_1_s_50	Hansreisseria gilvescens	0	BGSNL1298-24	1	50	False	False
0	0	data/BGE00306_MGE-BGE_r1_1.3_1.5_s50_100.fasta	None	Pyralidae	BLAST	family	COI-5P	657	1539	Pyralidae	BGSNL1298-24_r_1_s_100	Hansreisseria gilvescens	0	BGSNL1298-24	1	100	False	False
0	0	data/BGE00306_MGE-BGE_r1_1.3_1.5_s50_100.fasta	None	Pyralidae	BLAST	family	COI-5P	657	1539	Pyralidae	BGSNL1298-24_r_1.3_s_50	Hansreisseria gilvescens	0	BGSNL1298-24	1.3	50	False	False
0	0	data/BGE00306_MGE-BGE_r1_1.3_1.5_s50_100.fasta	None	Pyralidae	BLAST	family	COI-5P	657	1539	Pyralidae	BGSNL1298-24_r_1.3_s_100	Hansreisseria gilvescens	0	BGSNL1298-24	1.3	100	False	False
0	0	data/BGE00306_MGE-BGE_r1_1.3_1.5_s50_100.fasta	None	Pyralidae	BLAST	family	COI-5P	657	1539	Pyralidae	BGSNL1298-24_r_1.5_s_50	Hansreisseria gilvescens	0	BGSNL1298-24	1.5	50	False	False
0	0	data/BGE00306_MGE-BGE_r1_1.3_1.5_s50_100.fasta	None	Pyralidae	BLAST	family	COI-5P	657	1539	Pyralidae	BGSNL1298-24_r_1.5_s_100	Hansreisseria gilvescens	0	BGSNL1298-24	1.5	100	False	False
0	0	data/BGE00306_MGE-BGE_r1_1.3_1.5_s50_100.fasta	None	Pyralidae	BLAST	family	COI-5P	657	1539	Pyralidae,Crambidae	BGSNL1299-24_r_1_s_50	Hansreisseria gilvescens	0	BGSNL1299-24	1	50	False	False
0	0	data/BGE00306_MGE-BGE_r1_1.3_1.5_s50_100.fasta	None	Pyralidae	BLAST	family	COI-5P	657	1539	Pyralidae,Crambidae	BGSNL1299-24_r_1_s_100	Hansreisseria gilvescens	0	BGSNL1299-24	1	100	False	False
0	0	data/BGE00306_MGE-BGE_r1_1.3_1.5_s50_100.fasta	None	Pyralidae	BLAST	family	COI-5P	657	1539	Pyralidae,Crambidae	BGSNL1299-24_r_1.3_s_50	Hansreisseria gilvescens	0	BGSNL1299-24	1.3	50	False	False
0	0	data/BGE00306_MGE-BGE_r1_1.3_1.5_s50_100.fasta	None	Pyralidae	BLAST	family	COI-5P	657	1539	Pyralidae,Crambidae	BGSNL1299-24_r_1.3_s_100	Hansreisseria gilvescens	0	BGSNL1299-24	1.3	100	False	False
0	0	data/BGE00306_MGE-BGE_r1_1.3_1.5_s50_100.fasta	None	Pyralidae	BLAST	family	COI-5P	657	1539	Pyralidae,Crambidae	BGSNL1299-24_r_1.5_s_50	Hansreisseria gilvescens	0	BGSNL1299-24	1.5	50	False	False
0	0	data/BGE00306_MGE-BGE_r1_1.3_1.5_s50_100.fasta	None	Pyralidae	BLAST	family	COI-5P	657	1539	Pyralidae,Crambidae	BGSNL1299-24_r_1.5_s_100	Hansreisseria gilvescens	0	BGSNL1299-24	1.5	100	False	False
0	2	data/BGE00306_MGE-BGE_r1_1.3_1.5_s50_100.fasta	None	Pyralidae	BLAST	family	COI-5P	657	1536	Noctuidae,Pyralidae	BGSNL1300-24_r_1_s_50	Homoeosoma calcella	0	BGSNL1300-24	1	50	False	False
0	0	data/BGE00306_MGE-BGE_r1_1.3_1.5_s50_100.fasta	None	Pyralidae	BLAST	family	COI-5P	657	1530	Noctuidae,Pyralidae	BGSNL1300-24_r_1_s_100	Homoeosoma calcella	0	BGSNL1300-24	1	100	False	False
0	2	data/BGE00306_MGE-BGE_r1_1.3_1.5_s50_100.fasta	None	Pyralidae	BLAST	family	COI-5P	657	1536	Noctuidae,Pyralidae	BGSNL1300-24_r_1.3_s_50	Homoeosoma calcella	0	BGSNL1300-24	1.3	50	False	False
0	0	data/BGE00306_MGE-BGE_r1_1.3_1.5_s50_100.fasta	None	Pyralidae	BLAST	family	COI-5P	657	1530	Noctuidae,Pyralidae	BGSNL1300-24_r_1.3_s_100	Homoeosoma calcella	0	BGSNL1300-24	1.3	100	False	False
0	0	data/BGE00306_MGE-BGE_r1_1.3_1.5_s50_100.fasta	None	Pyralidae	BLAST	family	COI-5P	657	1530	Noctuidae,Pyralidae	BGSNL1300-24_r_1.5_s_50	Homoeosoma calcella	0	BGSNL1300-24	1.5	50	False	False
0	0	data/BGE00306_MGE-BGE_r1_1.3_1.5_s50_100.fasta	None	Pyralidae	BLAST	family	COI-5P	657	1530	Noctuidae,Pyralidae	BGSNL1300-24_r_1.5_s_100	Homoeosoma calcella	0	BGSNL1300-24	1.5	100	False	False
0	0	data/BGE00306_MGE-BGE_r1_1.3_1.5_s50_100.fasta	None	Pyralidae	BLAST	family	COI-5P	657	1527	Pyralidae	BGSNL1301-24_r_1_s_50	Homoeosoma calcella	0	BGSNL1301-24	1	50	False	False
0	0	data/BGE00306_MGE-BGE_r1_1.3_1.5_s50_100.fasta	None	Pyralidae	BLAST	family	COI-5P	657	1527	Pyralidae	BGSNL1301-24_r_1_s_100	Homoeosoma calcella	0	BGSNL1301-24	1	100	False	False
0	0	data/BGE00306_MGE-BGE_r1_1.3_1.5_s50_100.fasta	None	Pyralidae	BLAST	family	COI-5P	657	1527	Pyralidae	BGSNL1301-24_r_1.3_s_50	Homoeosoma calcella	0	BGSNL1301-24	1.3	50	False	False
0	0	data/BGE00306_MGE-BGE_r1_1.3_1.5_s50_100.fasta	None	Pyralidae	BLAST	family	COI-5P	657	1527	Pyralidae	BGSNL1301-24_r_1.3_s_100	Homoeosoma calcella	0	BGSNL1301-24	1.3	100	False	False
0	0	data/BGE00306_MGE-BGE_r1_1.3_1.5_s50_100.fasta	None	Pyralidae	BLAST	family	COI-5P	657	1527	Pyralidae	BGSNL1301-24_r_1.5_s_50	Homoeosoma calcella	0	BGSNL1301-24	1.5	50	False	False
0	0	data/BGE00306_MGE-BGE_r1_1.3_1.5_s50_100.fasta	None	Pyralidae	BLAST	family	COI-5P	657	1527	Pyralidae	BGSNL1301-24_r_1.5_s_100	Homoeosoma calcella	0	BGSNL1301-24	1.5	100	False	False
0	0	data/BGE00306_MGE-BGE_r1_1.3_1.5_s50_100.fasta	None	Pyralidae	BLAST	family	COI-5P	657	1530	Pyralidae	BGSNL1302-24_r_1_s_50	Homoeosoma gravosellum	0	BGSNL1302-24	1	50	False	False
0	0	data/BGE00306_MGE-BGE_r1_1.3_1.5_s50_100.fasta	None	Pyralidae	BLAST	family	COI-5P	657	1530	Pyralidae	BGSNL1302-24_r_1_s_100	Homoeosoma gravosellum	0	BGSNL1302-24	1	100	False	False
0	0	data/BGE00306_MGE-BGE_r1_1.3_1.5_s50_100.fasta	None	Pyralidae	BLAST	family	COI-5P	657	1530	Pyralidae	BGSNL1302-24_r_1.3_s_50	Homoeosoma gravosellum	0	BGSNL1302-24	1.3	50	False	False
0	0	data/BGE00306_MGE-BGE_r1_1.3_1.5_s50_100.fasta	None	Pyralidae	BLAST	family	COI-5P	657	1530	Pyralidae	BGSNL1302-24_r_1.3_s_100	Homoeosoma gravosellum	0	BGSNL1302-24	1.3	100	False	False
0	0	data/BGE00306_MGE-BGE_r1_1.3_1.5_s50_100.fasta	None	Pyralidae	BLAST	family	COI-5P	657	1530	Pyralidae	BGSNL1302-24_r_1.5_s_50	Homoeosoma gravosellum	0	BGSNL1302-24	1.5	50	False	False
0	0	data/BGE00306_MGE-BGE_r1_1.3_1.5_s50_100.fasta	None	Pyralidae	BLAST	family	COI-5P	657	1530	Pyralidae	BGSNL1302-24_r_1.5_s_100	Homoeosoma gravosellum	0	BGSNL1302-24	1.5	100	False	False
0	1	data/BGE00306_MGE-BGE_r1_1.3_1.5_s50_100.fasta	None	Pyralidae	BLAST	family	COI-5P	657	1536	Pyralidae	BGSNL1303-24_r_1_s_50	Homoeosoma gravosellum	0	BGSNL1303-24	1	50	False	False
0	2	data/BGE00306_MGE-BGE_r1_1.3_1.5_s50_100.fasta	None	Pyralidae	BLAST	family	COI-5P	657	1536	Pyralidae	BGSNL1303-24_r_1_s_100	Homoeosoma gravosellum	0	BGSNL1303-24	1	100	False	False
0	1	data/BGE00306_MGE-BGE_r1_1.3_1.5_s50_100.fasta	None	Pyralidae	BLAST	family	COI-5P	657	1536	Pyralidae	BGSNL1303-24_r_1.3_s_50	Homoeosoma gravosellum	0	BGSNL1303-24	1.3	50	False	False
0	2	data/BGE00306_MGE-BGE_r1_1.3_1.5_s50_100.fasta	None	Pyralidae	BLAST	family	COI-5P	657	1536	Pyralidae	BGSNL1303-24_r_1.3_s_100	Homoeosoma gravosellum	0	BGSNL1303-24	1.3	100	False	False
0	1	data/BGE00306_MGE-BGE_r1_1.3_1.5_s50_100.fasta	None	Pyralidae	BLAST	family	COI-5P	657	1536	Pyralidae	BGSNL1303-24_r_1.5_s_50	Homoeosoma gravosellum	0	BGSNL1303-24	1.5	50	False	False
0	0	data/BGE00306_MGE-BGE_r1_1.3_1.5_s50_100.fasta	None	Pyralidae	BLAST	family	COI-5P	657	1536	Pyralidae	BGSNL1303-24_r_1.5_s_100	Homoeosoma gravosellum	0	BGSNL1303-24	1.5	100	False	False
0	0	data/BGE00306_MGE-BGE_r1_1.3_1.5_s50_100.fasta	None	Pyralidae	BLAST	family	COI-5P	657	1530	Pyralidae	BGSNL1304-24_r_1_s_50	Homoeosoma gravosellum	0	BGSNL1304-24	1	50	False	False
0	0	data/BGE00306_MGE-BGE_r1_1.3_1.5_s50_100.fasta	None	Pyralidae	BLAST	family	COI-5P	657	1530	Pyralidae	BGSNL1304-24_r_1_s_100	Homoeosoma gravosellum	0	BGSNL1304-24	1	100	False	False
0	0	data/BGE00306_MGE-BGE_r1_1.3_1.5_s50_100.fasta	None	Pyralidae	BLAST	family	COI-5P	657	1530	Pyralidae	BGSNL1304-24_r_1.3_s_50	Homoeosoma gravosellum	0	BGSNL1304-24	1.3	50	False	False
0	0	data/BGE00306_MGE-BGE_r1_1.3_1.5_s50_100.fasta	None	Pyralidae	BLAST	family	COI-5P	657	1530	Pyralidae	BGSNL1304-24_r_1.3_s_100	Homoeosoma gravosellum	0	BGSNL1304-24	1.3	100	False	False
0	0	data/BGE00306_MGE-BGE_r1_1.3_1.5_s50_100.fasta	None	Pyralidae	BLAST	family	COI-5P	657	1530	Pyralidae	BGSNL1304-24_r_1.5_s_50	Homoeosoma gravosellum	0	BGSNL1304-24	1.5	50	False	False
0	0	data/BGE00306_MGE-BGE_r1_1.3_1.5_s50_100.fasta	None	Pyralidae	BLAST	family	COI-5P	657	1530	Pyralidae	BGSNL1304-24_r_1.5_s_100	Homoeosoma gravosellum	0	BGSNL1304-24	1.5	100	False	False
0	0	data/BGE00306_MGE-BGE_r1_1.3_1.5_s50_100.fasta	None	Pyralidae	BLAST	family	COI-5P	657	1530	Noctuidae,Pyralidae	BGSNL1305-24_r_1_s_50	Homoeosoma inustella	0	BGSNL1305-24	1	50	False	False
0	0	data/BGE00306_MGE-BGE_r1_1.3_1.5_s50_100.fasta	None	Pyralidae	BLAST	family	COI-5P	657	1530	Noctuidae,Pyralidae	BGSNL1305-24_r_1_s_100	Homoeosoma inustella	0	BGSNL1305-24	1	100	False	False
0	0	data/BGE00306_MGE-BGE_r1_1.3_1.5_s50_100.fasta	None	Pyralidae	BLAST	family	COI-5P	657	1530	Noctuidae,Pyralidae	BGSNL1305-24_r_1.3_s_50	Homoeosoma inustella	0	BGSNL1305-24	1.3	50	False	False
0	0	data/BGE00306_MGE-BGE_r1_1.3_1.5_s50_100.fasta	None	Pyralidae	BLAST	family	COI-5P	657	1530	Noctuidae,Pyralidae	BGSNL1305-24_r_1.3_s_100	Homoeosoma inustella	0	BGSNL1305-24	1.3	100	False	False
0	0	data/BGE00306_MGE-BGE_r1_1.3_1.5_s50_100.fasta	None	Pyralidae	BLAST	family	COI-5P	657	1530	Noctuidae,Pyralidae	BGSNL1305-24_r_1.5_s_50	Homoeosoma inustella	0	BGSNL1305-24	1.5	50	False	False
0	0	data/BGE00306_MGE-BGE_r1_1.3_1.5_s50_100.fasta	None	Pyralidae	BLAST	family	COI-5P	657	1530	Noctuidae,Pyralidae	BGSNL1305-24_r_1.5_s_100	Homoeosoma inustella	0	BGSNL1305-24	1.5	100	False	False
0	0	data/BGE00306_MGE-BGE_r1_1.3_1.5_s50_100.fasta	None	Pyralidae	BLAST	family	COI-5P	657	1536	Gelechiidae,Noctuidae,Pyralidae	BGSNL1306-24_r_1_s_50	Homoeosoma inustella	0	BGSNL1306-24	1	50	False	False
0	0	data/BGE00306_MGE-BGE_r1_1.3_1.5_s50_100.fasta	None	Pyralidae	BLAST	family	COI-5P	657	1536	Gelechiidae,Noctuidae,Pyralidae	BGSNL1306-24_r_1_s_100	Homoeosoma inustella	0	BGSNL1306-24	1	100	False	False
0	0	data/BGE00306_MGE-BGE_r1_1.3_1.5_s50_100.fasta	None	Pyralidae	BLAST	family	COI-5P	657	1536	Gelechiidae,Noctuidae,Pyralidae	BGSNL1306-24_r_1.3_s_50	Homoeosoma inustella	0	BGSNL1306-24	1.3	50	False	False
0	0	data/BGE00306_MGE-BGE_r1_1.3_1.5_s50_100.fasta	None	Pyralidae	BLAST	family	COI-5P	657	1536	Gelechiidae,Noctuidae,Pyralidae	BGSNL1306-24_r_1.3_s_100	Homoeosoma inustella	0	BGSNL1306-24	1.3	100	False	False
0	0	data/BGE00306_MGE-BGE_r1_1.3_1.5_s50_100.fasta	None	Pyralidae	BLAST	family	COI-5P	657	1536	Gelechiidae,Noctuidae,Pyralidae	BGSNL1306-24_r_1.5_s_50	Homoeosoma inustella	0	BGSNL1306-24	1.5	50	False	False
0	0	data/BGE00306_MGE-BGE_r1_1.3_1.5_s50_100.fasta	None	Pyralidae	BLAST	family	COI-5P	657	1536	Gelechiidae,Noctuidae,Pyralidae	BGSNL1306-24_r_1.5_s_100	Homoeosoma inustella	0	BGSNL1306-24	1.5	100	False	False
0	0	data/BGE00306_MGE-BGE_r1_1.3_1.5_s50_100.fasta	None	Pyralidae	BLAST	family	COI-5P	657	1527	Noctuidae,Pyralidae	BGSNL1307-24_r_1_s_50	Homoeosoma inustella	0	BGSNL1307-24	1	50	False	False
0	0	data/BGE00306_MGE-BGE_r1_1.3_1.5_s50_100.fasta	None	Pyralidae	BLAST	family	COI-5P	657	1527	Noctuidae,Pyralidae	BGSNL1307-24_r_1_s_100	Homoeosoma inustella	0	BGSNL1307-24	1	100	False	False
0	0	data/BGE00306_MGE-BGE_r1_1.3_1.5_s50_100.fasta	None	Pyralidae	BLAST	family	COI-5P	657	1527	Noctuidae,Pyralidae	BGSNL1307-24_r_1.3_s_50	Homoeosoma inustella	0	BGSNL1307-24	1.3	50	False	False
0	0	data/BGE00306_MGE-BGE_r1_1.3_1.5_s50_100.fasta	None	Pyralidae	BLAST	family	COI-5P	657	1527	Noctuidae,Pyralidae	BGSNL1307-24_r_1.3_s_100	Homoeosoma inustella	0	BGSNL1307-24	1.3	100	False	False
0	0	data/BGE00306_MGE-BGE_r1_1.3_1.5_s50_100.fasta	None	Pyralidae	BLAST	family	COI-5P	657	1527	Noctuidae,Pyralidae	BGSNL1307-24_r_1.5_s_50	Homoeosoma inustella	0	BGSNL1307-24	1.5	50	False	False
0	0	data/BGE00306_MGE-BGE_r1_1.3_1.5_s50_100.fasta	None	Pyralidae	BLAST	family	COI-5P	657	1527	Noctuidae,Pyralidae	BGSNL1307-24_r_1.5_s_100	Homoeosoma inustella	0	BGSNL1307-24	1.5	100	False	False
1	1	data/BGE00306_MGE-BGE_r1_1.3_1.5_s50_100.fasta	None	Pyralidae	BLAST	family	COI-5P	657	1536	Pyralidae,Crambidae	BGSNL1308-24_r_1_s_50	Homoeosoma nimbella	0	BGSNL1308-24	1	50	False	False
0	4	data/BGE00306_MGE-BGE_r1_1.3_1.5_s50_100.fasta	None	Pyralidae	BLAST	family	COI-5P	657	1536	Noctuidae,Pyralidae	BGSNL1308-24_r_1_s_100	Homoeosoma nimbella	0	BGSNL1308-24	1	100	False	False
0	1	data/BGE00306_MGE-BGE_r1_1.3_1.5_s50_100.fasta	None	Pyralidae	BLAST	family	COI-5P	657	1536	Pyralidae,Crambidae	BGSNL1308-24_r_1.3_s_50	Homoeosoma nimbella	0	BGSNL1308-24	1.3	50	False	False
0	1	data/BGE00306_MGE-BGE_r1_1.3_1.5_s50_100.fasta	None	Pyralidae	BLAST	family	COI-5P	657	1536	Noctuidae,Pyralidae	BGSNL1308-24_r_1.3_s_100	Homoeosoma nimbella	0	BGSNL1308-24	1.3	100	False	False
0	0	data/BGE00306_MGE-BGE_r1_1.3_1.5_s50_100.fasta	None	Pyralidae	BLAST	family	COI-5P	657	1536	Noctuidae,Pyralidae,Crambidae	BGSNL1308-24_r_1.5_s_50	Homoeosoma nimbella	0	BGSNL1308-24	1.5	50	False	False
0	0	data/BGE00306_MGE-BGE_r1_1.3_1.5_s50_100.fasta	None	Pyralidae	BLAST	family	COI-5P	657	1536	Noctuidae,Pyralidae	BGSNL1308-24_r_1.5_s_100	Homoeosoma nimbella	0	BGSNL1308-24	1.5	100	False	False
0	0	data/BGE00306_MGE-BGE_r1_1.3_1.5_s50_100.fasta	None	Pyralidae	BLAST	family	COI-5P	657	1536	Pyralidae	BGSNL1309-24_r_1_s_50	Homoeosoma nimbella	0	BGSNL1309-24	1	50	False	False
0	0	data/BGE00306_MGE-BGE_r1_1.3_1.5_s50_100.fasta	None	Pyralidae	BLAST	family	COI-5P	657	1536	Pyralidae	BGSNL1309-24_r_1_s_100	Homoeosoma nimbella	0	BGSNL1309-24	1	100	False	False
0	0	data/BGE00306_MGE-BGE_r1_1.3_1.5_s50_100.fasta	None	Pyralidae	BLAST	family	COI-5P	657	1536	Pyralidae	BGSNL1309-24_r_1.3_s_50	Homoeosoma nimbella	0	BGSNL1309-24	1.3	50	False	False
0	0	data/BGE00306_MGE-BGE_r1_1.3_1.5_s50_100.fasta	None	Pyralidae	BLAST	family	COI-5P	657	1536	Pyralidae	BGSNL1309-24_r_1.3_s_100	Homoeosoma nimbella	0	BGSNL1309-24	1.3	100	False	False
0	0	data/BGE00306_MGE-BGE_r1_1.3_1.5_s50_100.fasta	None	Pyralidae	BLAST	family	COI-5P	657	1536	Pyralidae	BGSNL1309-24_r_1.5_s_50	Homoeosoma nimbella	0	BGSNL1309-24	1.5	50	False	False
0	0	data/BGE00306_MGE-BGE_r1_1.3_1.5_s50_100.fasta	None	Pyralidae	BLAST	family	COI-5P	657	1536	Pyralidae	BGSNL1309-24_r_1.5_s_100	Homoeosoma nimbella	0	BGSNL1309-24	1.5	100	False	False
1	3	data/BGE00306_MGE-BGE_r1_1.3_1.5_s50_100.fasta	None	Pyralidae	BLAST	family	COI-5P	657	1536	Pyralidae,Crambidae	BGSNL1310-24_r_1_s_50	Homoeosoma nimbella	0	BGSNL1310-24	1	50	False	False
1	1	data/BGE00306_MGE-BGE_r1_1.3_1.5_s50_100.fasta	None	Pyralidae	BLAST	family	COI-5P	657	1533	Pyralidae,Crambidae	BGSNL1310-24_r_1_s_100	Homoeosoma nimbella	0	BGSNL1310-24	1	100	False	False
0	0	data/BGE00306_MGE-BGE_r1_1.3_1.5_s50_100.fasta	None	Pyralidae	BLAST	family	COI-5P	657	1533	Pyralidae,Crambidae	BGSNL1310-24_r_1.3_s_50	Homoeosoma nimbella	0	BGSNL1310-24	1.3	50	False	False
1	1	data/BGE00306_MGE-BGE_r1_1.3_1.5_s50_100.fasta	None	Pyralidae	BLAST	family	COI-5P	657	1533	Pyralidae,Crambidae	BGSNL1310-24_r_1.3_s_100	Homoeosoma nimbella	0	BGSNL1310-24	1.3	100	False	False
0	0	data/BGE00306_MGE-BGE_r1_1.3_1.5_s50_100.fasta	None	Pyralidae	BLAST	family	COI-5P	657	1533	Pyralidae,Crambidae	BGSNL1310-24_r_1.5_s_50	Homoeosoma nimbella	0	BGSNL1310-24	1.5	50	False	False
0	0	data/BGE00306_MGE-BGE_r1_1.3_1.5_s50_100.fasta	None	Pyralidae	BLAST	family	COI-5P	657	1533	Pyralidae,Crambidae	BGSNL1310-24_r_1.5_s_100	Homoeosoma nimbella	0	BGSNL1310-24	1.5	100	False	False
0	0	data/BGE00306_MGE-BGE_r1_1.3_1.5_s50_100.fasta	None	Pyralidae	BLAST	family	COI-5P	657	1536	Pyralidae	BGSNL1311-24_r_1_s_50	Hypochalcia ahenella	0	BGSNL1311-24	1	50	False	False
0	0	data/BGE00306_MGE-BGE_r1_1.3_1.5_s50_100.fasta	None	Pyralidae	BLAST	family	COI-5P	657	1536	Pyralidae	BGSNL1311-24_r_1_s_100	Hypochalcia ahenella	0	BGSNL1311-24	1	100	False	False
0	0	data/BGE00306_MGE-BGE_r1_1.3_1.5_s50_100.fasta	None	Pyralidae	BLAST	family	COI-5P	657	1536	Pyralidae	BGSNL1311-24_r_1.3_s_50	Hypochalcia ahenella	0	BGSNL1311-24	1.3	50	False	False
0	0	data/BGE00306_MGE-BGE_r1_1.3_1.5_s50_100.fasta	None	Pyralidae	BLAST	family	COI-5P	657	1536	Pyralidae	BGSNL1311-24_r_1.3_s_100	Hypochalcia ahenella	0	BGSNL1311-24	1.3	100	False	False
0	0	data/BGE00306_MGE-BGE_r1_1.3_1.5_s50_100.fasta	None	Pyralidae	BLAST	family	COI-5P	657	1536	Pyralidae	BGSNL1311-24_r_1.5_s_50	Hypochalcia ahenella	0	BGSNL1311-24	1.5	50	False	False
0	0	data/BGE00306_MGE-BGE_r1_1.3_1.5_s50_100.fasta	None	Pyralidae	BLAST	family	COI-5P	657	1536	Pyralidae	BGSNL1311-24_r_1.5_s_100	Hypochalcia ahenella	0	BGSNL1311-24	1.5	100	False	False
5	5	data/BGE00306_MGE-BGE_r1_1.3_1.5_s50_100.fasta	None	Pyralidae	BLAST	family	COI-5P	657	1536	Pyralidae	BGSNL1312-24_r_1_s_50	Hypochalcia ahenella	0	BGSNL1312-24	1	50	False	False
14	14	data/BGE00306_MGE-BGE_r1_1.3_1.5_s50_100.fasta	None	Pyralidae	BLAST	family	COI-5P	657	1527	Nymphalidae,Pyralidae,Crambidae,Hesperiidae	BGSNL1312-24_r_1_s_100	Hypochalcia ahenella	0	BGSNL1312-24	1	100	False	False
0	0	data/BGE00306_MGE-BGE_r1_1.3_1.5_s50_100.fasta	None	Pyralidae	BLAST	family	COI-5P	657	1527	Pyralidae	BGSNL1312-24_r_1.3_s_50	Hypochalcia ahenella	0	BGSNL1312-24	1.3	50	False	False
0	0	data/BGE00306_MGE-BGE_r1_1.3_1.5_s50_100.fasta	None	Pyralidae	BLAST	family	COI-5P	657	1527	Pyralidae	BGSNL1312-24_r_1.3_s_100	Hypochalcia ahenella	0	BGSNL1312-24	1.3	100	False	False
0	0	data/BGE00306_MGE-BGE_r1_1.3_1.5_s50_100.fasta	None	Pyralidae	BLAST	family	COI-5P	657	1527	Pyralidae	BGSNL1312-24_r_1.5_s_50	Hypochalcia ahenella	0	BGSNL1312-24	1.5	50	False	False
0	0	data/BGE00306_MGE-BGE_r1_1.3_1.5_s50_100.fasta	None	Pyralidae	BLAST	family	COI-5P	657	1527	Pyralidae	BGSNL1312-24_r_1.5_s_100	Hypochalcia ahenella	0	BGSNL1312-24	1.5	100	False	False
0	0	data/BGE00306_MGE-BGE_r1_1.3_1.5_s50_100.fasta	None	Pyralidae	BLAST	family	COI-5P	657	1527	Pyralidae	BGSNL1313-24_r_1_s_50	Hypochalcia ahenella	0	BGSNL1313-24	1	50	False	False
0	0	data/BGE00306_MGE-BGE_r1_1.3_1.5_s50_100.fasta	None	Pyralidae	BLAST	family	COI-5P	657	1527	Pyralidae	BGSNL1313-24_r_1_s_100	Hypochalcia ahenella	0	BGSNL1313-24	1	100	False	False
0	0	data/BGE00306_MGE-BGE_r1_1.3_1.5_s50_100.fasta	None	Pyralidae	BLAST	family	COI-5P	657	1527	Pyralidae	BGSNL1313-24_r_1.3_s_50	Hypochalcia ahenella	0	BGSNL1313-24	1.3	50	False	False
0	0	data/BGE00306_MGE-BGE_r1_1.3_1.5_s50_100.fasta	None	Pyralidae	BLAST	family	COI-5P	657	1527	Pyralidae	BGSNL1313-24_r_1.3_s_100	Hypochalcia ahenella	0	BGSNL1313-24	1.3	100	False	False
0	0	data/BGE00306_MGE-BGE_r1_1.3_1.5_s50_100.fasta	None	Pyralidae	BLAST	family	COI-5P	657	1527	Pyralidae	BGSNL1313-24_r_1.5_s_50	Hypochalcia ahenella	0	BGSNL1313-24	1.5	50	False	False
0	0	data/BGE00306_MGE-BGE_r1_1.3_1.5_s50_100.fasta	None	Pyralidae	BLAST	family	COI-5P	657	1527	Pyralidae	BGSNL1313-24_r_1.5_s_100	Hypochalcia ahenella	0	BGSNL1313-24	1.5	100	False	False
0	0	data/BGE00306_MGE-BGE_r1_1.3_1.5_s50_100.fasta	None	Pyralidae	BLAST	family	COI-5P	657	1533	Pyralidae	BGSNL1314-24_r_1_s_50	Hypochalcia subrubiginella	0	BGSNL1314-24	1	50	False	False
0	0	data/BGE00306_MGE-BGE_r1_1.3_1.5_s50_100.fasta	None	Pyralidae	BLAST	family	COI-5P	657	1530	Pyralidae	BGSNL1314-24_r_1_s_100	Hypochalcia subrubiginella	0	BGSNL1314-24	1	100	False	False
0	0	data/BGE00306_MGE-BGE_r1_1.3_1.5_s50_100.fasta	None	Pyralidae	BLAST	family	COI-5P	657	1530	Pyralidae	BGSNL1314-24_r_1.3_s_50	Hypochalcia subrubiginella	0	BGSNL1314-24	1.3	50	False	False
0	0	data/BGE00306_MGE-BGE_r1_1.3_1.5_s50_100.fasta	None	Pyralidae	BLAST	family	COI-5P	657	1530	Pyralidae	BGSNL1314-24_r_1.3_s_100	Hypochalcia subrubiginella	0	BGSNL1314-24	1.3	100	False	False
0	0	data/BGE00306_MGE-BGE_r1_1.3_1.5_s50_100.fasta	None	Pyralidae	BLAST	family	COI-5P	657	1530	Pyralidae	BGSNL1314-24_r_1.5_s_50	Hypochalcia subrubiginella	0	BGSNL1314-24	1.5	50	False	False
0	0	data/BGE00306_MGE-BGE_r1_1.3_1.5_s50_100.fasta	None	Pyralidae	BLAST	family	COI-5P	657	1530	Pyralidae	BGSNL1314-24_r_1.5_s_100	Hypochalcia subrubiginella	0	BGSNL1314-24	1.5	100	False	False
0	0	data/BGE00306_MGE-BGE_r1_1.3_1.5_s50_100.fasta	None	Pyralidae	BLAST	family	COI-5P	657	1527	Pyralidae	BGSNL1315-24_r_1_s_50	Hypochalcia subrubiginella	0	BGSNL1315-24	1	50	False	False
0	0	data/BGE00306_MGE-BGE_r1_1.3_1.5_s50_100.fasta	None	Pyralidae	BLAST	family	COI-5P	657	1527	Pyralidae	BGSNL1315-24_r_1_s_100	Hypochalcia subrubiginella	0	BGSNL1315-24	1	100	False	False
0	0	data/BGE00306_MGE-BGE_r1_1.3_1.5_s50_100.fasta	None	Pyralidae	BLAST	family	COI-5P	657	1527	Pyralidae	BGSNL1315-24_r_1.3_s_50	Hypochalcia subrubiginella	0	BGSNL1315-24	1.3	50	False	False
0	0	data/BGE00306_MGE-BGE_r1_1.3_1.5_s50_100.fasta	None	Pyralidae	BLAST	family	COI-5P	657	1527	Pyralidae	BGSNL1315-24_r_1.3_s_100	Hypochalcia subrubiginella	0	BGSNL1315-24	1.3	100	False	False
0	0	data/BGE00306_MGE-BGE_r1_1.3_1.5_s50_100.fasta	None	Pyralidae	BLAST	family	COI-5P	657	1527	Pyralidae	BGSNL1315-24_r_1.5_s_50	Hypochalcia subrubiginella	0	BGSNL1315-24	1.5	50	False	False
0	0	data/BGE00306_MGE-BGE_r1_1.3_1.5_s50_100.fasta	None	Pyralidae	BLAST	family	COI-5P	657	1527	Pyralidae	BGSNL1315-24_r_1.5_s_100	Hypochalcia subrubiginella	0	BGSNL1315-24	1.5	100	False	False
0	0	data/BGE00306_MGE-BGE_r1_1.3_1.5_s50_100.fasta	None	Pyralidae	BLAST	family	COI-5P	657	1530	Pyralidae	BGSNL1316-24_r_1_s_50	Hypochalcia subrubiginella	0	BGSNL1316-24	1	50	False	False
0	0	data/BGE00306_MGE-BGE_r1_1.3_1.5_s50_100.fasta	None	Pyralidae	BLAST	family	COI-5P	657	1530	Pyralidae	BGSNL1316-24_r_1_s_100	Hypochalcia subrubiginella	0	BGSNL1316-24	1	100	False	False
0	0	data/BGE00306_MGE-BGE_r1_1.3_1.5_s50_100.fasta	None	Pyralidae	BLAST	family	COI-5P	657	1530	Pyralidae	BGSNL1316-24_r_1.3_s_50	Hypochalcia subrubiginella	0	BGSNL1316-24	1.3	50	False	False
0	0	data/BGE00306_MGE-BGE_r1_1.3_1.5_s50_100.fasta	None	Pyralidae	BLAST	family	COI-5P	657	1530	Pyralidae	BGSNL1316-24_r_1.3_s_100	Hypochalcia subrubiginella	0	BGSNL1316-24	1.3	100	False	False
0	0	data/BGE00306_MGE-BGE_r1_1.3_1.5_s50_100.fasta	None	Pyralidae	BLAST	family	COI-5P	657	1530	Pyralidae	BGSNL1316-24_r_1.5_s_50	Hypochalcia subrubiginella	0	BGSNL1316-24	1.5	50	False	False
0	0	data/BGE00306_MGE-BGE_r1_1.3_1.5_s50_100.fasta	None	Pyralidae	BLAST	family	COI-5P	657	1530	Pyralidae	BGSNL1316-24_r_1.5_s_100	Hypochalcia subrubiginella	0	BGSNL1316-24	1.5	100	False	False
0	0	data/BGE00306_MGE-BGE_r1_1.3_1.5_s50_100.fasta	None	Pyralidae	BLAST	family	COI-5P	657	1533	Gelechiidae,Papilionidae,Pyralidae,Crambidae	BGSNL1317-24_r_1_s_50	Hypotia colchicalis	0	BGSNL1317-24	1	50	False	False
0	0	data/BGE00306_MGE-BGE_r1_1.3_1.5_s50_100.fasta	None	Pyralidae	BLAST	family	COI-5P	657	1533	Gelechiidae,Papilionidae,Pyralidae,Crambidae	BGSNL1317-24_r_1_s_100	Hypotia colchicalis	0	BGSNL1317-24	1	100	False	False
0	0	data/BGE00306_MGE-BGE_r1_1.3_1.5_s50_100.fasta	None	Pyralidae	BLAST	family	COI-5P	657	1533	Gelechiidae,Papilionidae,Pyralidae,Crambidae	BGSNL1317-24_r_1.3_s_50	Hypotia colchicalis	0	BGSNL1317-24	1.3	50	False	False
0	0	data/BGE00306_MGE-BGE_r1_1.3_1.5_s50_100.fasta	None	Pyralidae	BLAST	family	COI-5P	657	1533	Gelechiidae,Papilionidae,Pyralidae,Crambidae	BGSNL1317-24_r_1.3_s_100	Hypotia colchicalis	0	BGSNL1317-24	1.3	100	False	False
0	0	data/BGE00306_MGE-BGE_r1_1.3_1.5_s50_100.fasta	None	Pyralidae	BLAST	family	COI-5P	657	1533	Gelechiidae,Papilionidae,Pyralidae,Crambidae	BGSNL1317-24_r_1.5_s_50	Hypotia colchicalis	0	BGSNL1317-24	1.5	50	False	False
0	0	data/BGE00306_MGE-BGE_r1_1.3_1.5_s50_100.fasta	None	Pyralidae	BLAST	family	COI-5P	657	1533	Gelechiidae,Papilionidae,Pyralidae,Crambidae	BGSNL1317-24_r_1.5_s_100	Hypotia colchicalis	0	BGSNL1317-24	1.5	100	False	False
0	0	data/BGE00306_MGE-BGE_r1_1.3_1.5_s50_100.fasta	None	Pyralidae	BLAST	family	COI-5P	657	1533	Gelechiidae,Papilionidae,Pyralidae,Crambidae	BGSNL1318-24_r_1_s_50	Hypotia colchicalis	0	BGSNL1318-24	1	50	False	False
0	0	data/BGE00306_MGE-BGE_r1_1.3_1.5_s50_100.fasta	None	Pyralidae	BLAST	family	COI-5P	657	1533	Gelechiidae,Papilionidae,Pyralidae,Crambidae	BGSNL1318-24_r_1_s_100	Hypotia colchicalis	0	BGSNL1318-24	1	100	False	False
0	0	data/BGE00306_MGE-BGE_r1_1.3_1.5_s50_100.fasta	None	Pyralidae	BLAST	family	COI-5P	657	1533	Gelechiidae,Papilionidae,Pyralidae,Crambidae	BGSNL1318-24_r_1.3_s_50	Hypotia colchicalis	0	BGSNL1318-24	1.3	50	False	False
0	0	data/BGE00306_MGE-BGE_r1_1.3_1.5_s50_100.fasta	None	Pyralidae	BLAST	family	COI-5P	657	1533	Gelechiidae,Papilionidae,Pyralidae,Crambidae	BGSNL1318-24_r_1.3_s_100	Hypotia colchicalis	0	BGSNL1318-24	1.3	100	False	False
0	0	data/BGE00306_MGE-BGE_r1_1.3_1.5_s50_100.fasta	None	Pyralidae	BLAST	family	COI-5P	657	1533	Gelechiidae,Papilionidae,Pyralidae,Crambidae	BGSNL1318-24_r_1.5_s_50	Hypotia colchicalis	0	BGSNL1318-24	1.5	50	False	False
0	0	data/BGE00306_MGE-BGE_r1_1.3_1.5_s50_100.fasta	None	Pyralidae	BLAST	family	COI-5P	657	1533	Gelechiidae,Papilionidae,Pyralidae,Crambidae	BGSNL1318-24_r_1.5_s_100	Hypotia colchicalis	0	BGSNL1318-24	1.5	100	False	False
0	0	data/BGE00306_MGE-BGE_r1_1.3_1.5_s50_100.fasta	None	Pyralidae	BLAST	family	COI-5P	657	1533	Gelechiidae,Papilionidae,Pyralidae	BGSNL1319-24_r_1_s_50	Hypotia colchicalis	0	BGSNL1319-24	1	50	False	False
0	0	data/BGE00306_MGE-BGE_r1_1.3_1.5_s50_100.fasta	None	Pyralidae	BLAST	family	COI-5P	657	1533	Gelechiidae,Papilionidae,Pyralidae	BGSNL1319-24_r_1_s_100	Hypotia colchicalis	0	BGSNL1319-24	1	100	False	False
0	0	data/BGE00306_MGE-BGE_r1_1.3_1.5_s50_100.fasta	None	Pyralidae	BLAST	family	COI-5P	657	1533	Gelechiidae,Papilionidae,Pyralidae	BGSNL1319-24_r_1.3_s_50	Hypotia colchicalis	0	BGSNL1319-24	1.3	50	False	False
0	0	data/BGE00306_MGE-BGE_r1_1.3_1.5_s50_100.fasta	None	Pyralidae	BLAST	family	COI-5P	657	1533	Gelechiidae,Papilionidae,Pyralidae	BGSNL1319-24_r_1.3_s_100	Hypotia colchicalis	0	BGSNL1319-24	1.3	100	False	False
0	0	data/BGE00306_MGE-BGE_r1_1.3_1.5_s50_100.fasta	None	Pyralidae	BLAST	family	COI-5P	657	1533	Gelechiidae,Papilionidae,Pyralidae	BGSNL1319-24_r_1.5_s_50	Hypotia colchicalis	0	BGSNL1319-24	1.5	50	False	False
0	0	data/BGE00306_MGE-BGE_r1_1.3_1.5_s50_100.fasta	None	Pyralidae	BLAST	family	COI-5P	657	1533	Gelechiidae,Papilionidae,Pyralidae	BGSNL1319-24_r_1.5_s_100	Hypotia colchicalis	0	BGSNL1319-24	1.5	100	False	False
0	0	data/BGE00306_MGE-BGE_r1_1.3_1.5_s50_100.fasta	None	Pyralidae	BLAST	family	COI-5P	657	1530	Depressariidae,Noctuidae,Papilionidae,Pyralidae,Crambidae,Geometridae	BGSNL1320-24_r_1_s_50	Hypotia massilialis	0	BGSNL1320-24	1	50	False	False
0	0	data/BGE00306_MGE-BGE_r1_1.3_1.5_s50_100.fasta	None	Pyralidae	BLAST	family	COI-5P	657	1530	Depressariidae,Noctuidae,Papilionidae,Pyralidae,Crambidae,Geometridae	BGSNL1320-24_r_1_s_100	Hypotia massilialis	0	BGSNL1320-24	1	100	False	False
0	0	data/BGE00306_MGE-BGE_r1_1.3_1.5_s50_100.fasta	None	Pyralidae	BLAST	family	COI-5P	657	1530	Depressariidae,Noctuidae,Papilionidae,Pyralidae,Crambidae,Geometridae	BGSNL1320-24_r_1.3_s_50	Hypotia massilialis	0	BGSNL1320-24	1.3	50	False	False
0	0	data/BGE00306_MGE-BGE_r1_1.3_1.5_s50_100.fasta	None	Pyralidae	BLAST	family	COI-5P	657	1530	Depressariidae,Noctuidae,Papilionidae,Pyralidae,Crambidae,Geometridae	BGSNL1320-24_r_1.3_s_100	Hypotia massilialis	0	BGSNL1320-24	1.3	100	False	False
0	0	data/BGE00306_MGE-BGE_r1_1.3_1.5_s50_100.fasta	None	Pyralidae	BLAST	family	COI-5P	657	1530	Depressariidae,Noctuidae,Papilionidae,Pyralidae,Crambidae,Geometridae	BGSNL1320-24_r_1.5_s_50	Hypotia massilialis	0	BGSNL1320-24	1.5	50	False	False
0	0	data/BGE00306_MGE-BGE_r1_1.3_1.5_s50_100.fasta	None	Pyralidae	BLAST	family	COI-5P	657	1530	Depressariidae,Noctuidae,Papilionidae,Pyralidae,Crambidae,Geometridae	BGSNL1320-24_r_1.5_s_100	Hypotia massilialis	0	BGSNL1320-24	1.5	100	False	False
0	0	data/BGE00306_MGE-BGE_r1_1.3_1.5_s50_100.fasta	None	Pyralidae	BLAST	family	COI-5P	657	1533	Depressariidae,Noctuidae,Papilionidae,Pyralidae,Crambidae,Geometridae	BGSNL1321-24_r_1_s_50	Hypotia massilialis	0	BGSNL1321-24	1	50	False	False
0	0	data/BGE00306_MGE-BGE_r1_1.3_1.5_s50_100.fasta	None	Pyralidae	BLAST	family	COI-5P	657	1533	Depressariidae,Noctuidae,Papilionidae,Pyralidae,Crambidae,Geometridae	BGSNL1321-24_r_1_s_100	Hypotia massilialis	0	BGSNL1321-24	1	100	False	False
0	0	data/BGE00306_MGE-BGE_r1_1.3_1.5_s50_100.fasta	None	Pyralidae	BLAST	family	COI-5P	657	1533	Depressariidae,Noctuidae,Papilionidae,Pyralidae,Crambidae,Geometridae	BGSNL1321-24_r_1.3_s_50	Hypotia massilialis	0	BGSNL1321-24	1.3	50	False	False
0	0	data/BGE00306_MGE-BGE_r1_1.3_1.5_s50_100.fasta	None	Pyralidae	BLAST	family	COI-5P	657	1533	Depressariidae,Noctuidae,Papilionidae,Pyralidae,Crambidae,Geometridae	BGSNL1321-24_r_1.3_s_100	Hypotia massilialis	0	BGSNL1321-24	1.3	100	False	False
0	0	data/BGE00306_MGE-BGE_r1_1.3_1.5_s50_100.fasta	None	Pyralidae	BLAST	family	COI-5P	657	1533	Depressariidae,Noctuidae,Papilionidae,Pyralidae,Crambidae,Geometridae	BGSNL1321-24_r_1.5_s_50	Hypotia massilialis	0	BGSNL1321-24	1.5	50	False	False
0	0	data/BGE00306_MGE-BGE_r1_1.3_1.5_s50_100.fasta	None	Pyralidae	BLAST	family	COI-5P	657	1533	Depressariidae,Noctuidae,Papilionidae,Pyralidae,Crambidae,Geometridae	BGSNL1321-24_r_1.5_s_100	Hypotia massilialis	0	BGSNL1321-24	1.5	100	False	False
0	0	data/BGE00306_MGE-BGE_r1_1.3_1.5_s50_100.fasta	None	Pyralidae	BLAST	family	COI-5P	657	1533	Depressariidae,Noctuidae,Papilionidae,Pyralidae,Crambidae,Geometridae	BGSNL1322-24_r_1_s_50	Hypotia massilialis	0	BGSNL1322-24	1	50	False	False
0	0	data/BGE00306_MGE-BGE_r1_1.3_1.5_s50_100.fasta	None	Pyralidae	BLAST	family	COI-5P	657	1533	Depressariidae,Noctuidae,Papilionidae,Pyralidae,Crambidae	BGSNL1322-24_r_1_s_100	Hypotia massilialis	0	BGSNL1322-24	1	100	False	False
0	0	data/BGE00306_MGE-BGE_r1_1.3_1.5_s50_100.fasta	None	Pyralidae	BLAST	family	COI-5P	657	1533	Depressariidae,Noctuidae,Papilionidae,Pyralidae,Crambidae	BGSNL1322-24_r_1.3_s_50	Hypotia massilialis	0	BGSNL1322-24	1.3	50	False	False
0	0	data/BGE00306_MGE-BGE_r1_1.3_1.5_s50_100.fasta	None	Pyralidae	BLAST	family	COI-5P	657	1533	Depressariidae,Noctuidae,Papilionidae,Pyralidae,Crambidae	BGSNL1322-24_r_1.3_s_100	Hypotia massilialis	0	BGSNL1322-24	1.3	100	False	False
0	0	data/BGE00306_MGE-BGE_r1_1.3_1.5_s50_100.fasta	None	Pyralidae	BLAST	family	COI-5P	657	1533	Depressariidae,Noctuidae,Papilionidae,Pyralidae,Crambidae	BGSNL1322-24_r_1.5_s_50	Hypotia massilialis	0	BGSNL1322-24	1.5	50	False	False
0	0	data/BGE00306_MGE-BGE_r1_1.3_1.5_s50_100.fasta	None	Pyralidae	BLAST	family	COI-5P	657	1533	Depressariidae,Noctuidae,Papilionidae,Pyralidae,Crambidae	BGSNL1322-24_r_1.5_s_100	Hypotia massilialis	0	BGSNL1322-24	1.5	100	False	False
0	1	data/BGE00306_MGE-BGE_r1_1.3_1.5_s50_100.fasta	None	Pyralidae	BLAST	family	COI-5P	657	1530	Noctuidae,Pyralidae	BGSNL1323-24_r_1_s_50	Hypotia myalis	0	BGSNL1323-24	1	50	False	False
0	0	data/BGE00306_MGE-BGE_r1_1.3_1.5_s50_100.fasta	None	Pyralidae	BLAST	family	COI-5P	657	1530	Noctuidae,Pyralidae	BGSNL1323-24_r_1_s_100	Hypotia myalis	0	BGSNL1323-24	1	100	False	False
0	0	data/BGE00306_MGE-BGE_r1_1.3_1.5_s50_100.fasta	None	Pyralidae	BLAST	family	COI-5P	657	1530	Noctuidae,Pyralidae	BGSNL1323-24_r_1.3_s_50	Hypotia myalis	0	BGSNL1323-24	1.3	50	False	False
0	0	data/BGE00306_MGE-BGE_r1_1.3_1.5_s50_100.fasta	None	Pyralidae	BLAST	family	COI-5P	657	1530	Noctuidae,Pyralidae	BGSNL1323-24_r_1.3_s_100	Hypotia myalis	0	BGSNL1323-24	1.3	100	False	False
0	0	data/BGE00306_MGE-BGE_r1_1.3_1.5_s50_100.fasta	None	Pyralidae	BLAST	family	COI-5P	657	1530	Noctuidae,Pyralidae	BGSNL1323-24_r_1.5_s_50	Hypotia myalis	0	BGSNL1323-24	1.5	50	False	False
0	0	data/BGE00306_MGE-BGE_r1_1.3_1.5_s50_100.fasta	None	Pyralidae	BLAST	family	COI-5P	657	1530	Noctuidae,Pyralidae	BGSNL1323-24_r_1.5_s_100	Hypotia myalis	0	BGSNL1323-24	1.5	100	False	False
0	1	data/BGE00306_MGE-BGE_r1_1.3_1.5_s50_100.fasta	None	Pyralidae	BLAST	family	COI-5P	657	1530	Pyralidae,Crambidae	BGSNL1324-24_r_1_s_50	Hypotia myalis	0	BGSNL1324-24	1	50	False	False
0	0	data/BGE00306_MGE-BGE_r1_1.3_1.5_s50_100.fasta	None	Pyralidae	BLAST	family	COI-5P	657	1530	Pyralidae,Crambidae	BGSNL1324-24_r_1_s_100	Hypotia myalis	0	BGSNL1324-24	1	100	False	False
0	0	data/BGE00306_MGE-BGE_r1_1.3_1.5_s50_100.fasta	None	Pyralidae	BLAST	family	COI-5P	657	1530	Pyralidae,Crambidae	BGSNL1324-24_r_1.3_s_50	Hypotia myalis	0	BGSNL1324-24	1.3	50	False	False
0	0	data/BGE00306_MGE-BGE_r1_1.3_1.5_s50_100.fasta	None	Pyralidae	BLAST	family	COI-5P	657	1530	Pyralidae,Crambidae	BGSNL1324-24_r_1.3_s_100	Hypotia myalis	0	BGSNL1324-24	1.3	100	False	False
0	0	data/BGE00306_MGE-BGE_r1_1.3_1.5_s50_100.fasta	None	Pyralidae	BLAST	family	COI-5P	657	1530	Pyralidae,Crambidae	BGSNL1324-24_r_1.5_s_50	Hypotia myalis	0	BGSNL1324-24	1.5	50	False	False
0	0	data/BGE00306_MGE-BGE_r1_1.3_1.5_s50_100.fasta	None	Pyralidae	BLAST	family	COI-5P	657	1530	Pyralidae,Crambidae	BGSNL1324-24_r_1.5_s_100	Hypotia myalis	0	BGSNL1324-24	1.5	100	False	False
0	0	data/BGE00306_MGE-BGE_r1_1.3_1.5_s50_100.fasta	None	Pyralidae	BLAST	family	COI-5P	657	1533	Pyralidae,Crambidae	BGSNL1325-24_r_1_s_50	Hypotia myalis	0	BGSNL1325-24	1	50	False	False
0	0	data/BGE00306_MGE-BGE_r1_1.3_1.5_s50_100.fasta	None	Pyralidae	BLAST	family	COI-5P	657	1530	Pyralidae,Crambidae	BGSNL1325-24_r_1_s_100	Hypotia myalis	0	BGSNL1325-24	1	100	False	False
0	0	data/BGE00306_MGE-BGE_r1_1.3_1.5_s50_100.fasta	None	Pyralidae	BLAST	family	COI-5P	657	1533	Pyralidae,Crambidae	BGSNL1325-24_r_1.3_s_50	Hypotia myalis	0	BGSNL1325-24	1.3	50	False	False
0	0	data/BGE00306_MGE-BGE_r1_1.3_1.5_s50_100.fasta	None	Pyralidae	BLAST	family	COI-5P	657	1530	Pyralidae,Crambidae	BGSNL1325-24_r_1.3_s_100	Hypotia myalis	0	BGSNL1325-24	1.3	100	False	False
0	0	data/BGE00306_MGE-BGE_r1_1.3_1.5_s50_100.fasta	None	Pyralidae	BLAST	family	COI-5P	657	1530	Pyralidae,Crambidae	BGSNL1325-24_r_1.5_s_50	Hypotia myalis	0	BGSNL1325-24	1.5	50	False	False
0	0	data/BGE00306_MGE-BGE_r1_1.3_1.5_s50_100.fasta	None	Pyralidae	BLAST	family	COI-5P	657	1530	Pyralidae,Crambidae	BGSNL1325-24_r_1.5_s_100	Hypotia myalis	0	BGSNL1325-24	1.5	100	False	False
0	0	data/BGE00306_MGE-BGE_r1_1.3_1.5_s50_100.fasta	None	Pyralidae	BLAST	family	COI-5P	657	1533	Pyralidae,Crambidae	BGSNL1326-24_r_1_s_50	Hypotia pectinalis	0	BGSNL1326-24	1	50	False	False
0	0	data/BGE00306_MGE-BGE_r1_1.3_1.5_s50_100.fasta	None	Pyralidae	BLAST	family	COI-5P	657	1533	Pyralidae,Crambidae	BGSNL1326-24_r_1_s_100	Hypotia pectinalis	0	BGSNL1326-24	1	100	False	False
0	0	data/BGE00306_MGE-BGE_r1_1.3_1.5_s50_100.fasta	None	Pyralidae	BLAST	family	COI-5P	657	1533	Pyralidae,Crambidae	BGSNL1326-24_r_1.3_s_50	Hypotia pectinalis	0	BGSNL1326-24	1.3	50	False	False
0	0	data/BGE00306_MGE-BGE_r1_1.3_1.5_s50_100.fasta	None	Pyralidae	BLAST	family	COI-5P	657	1533	Pyralidae,Crambidae	BGSNL1326-24_r_1.3_s_100	Hypotia pectinalis	0	BGSNL1326-24	1.3	100	False	False
0	0	data/BGE00306_MGE-BGE_r1_1.3_1.5_s50_100.fasta	None	Pyralidae	BLAST	family	COI-5P	657	1533	Pyralidae,Crambidae	BGSNL1326-24_r_1.5_s_50	Hypotia pectinalis	0	BGSNL1326-24	1.5	50	False	False
0	0	data/BGE00306_MGE-BGE_r1_1.3_1.5_s50_100.fasta	None	Pyralidae	BLAST	family	COI-5P	657	1533	Pyralidae,Crambidae	BGSNL1326-24_r_1.5_s_100	Hypotia pectinalis	0	BGSNL1326-24	1.5	100	False	False
0	0	data/BGE00306_MGE-BGE_r1_1.3_1.5_s50_100.fasta	None	Pyralidae	BLAST	family	COI-5P	657	1530	Depressariidae,Noctuidae,Erebidae,Pyralidae	BGSNL1327-24_r_1_s_50	Hypotia pectinalis	0	BGSNL1327-24	1	50	False	False
0	0	data/BGE00306_MGE-BGE_r1_1.3_1.5_s50_100.fasta	None	Pyralidae	BLAST	family	COI-5P	657	1530	Depressariidae,Noctuidae,Erebidae,Pyralidae	BGSNL1327-24_r_1_s_100	Hypotia pectinalis	0	BGSNL1327-24	1	100	False	False
0	0	data/BGE00306_MGE-BGE_r1_1.3_1.5_s50_100.fasta	None	Pyralidae	BLAST	family	COI-5P	657	1530	Depressariidae,Noctuidae,Erebidae,Pyralidae	BGSNL1327-24_r_1.3_s_50	Hypotia pectinalis	0	BGSNL1327-24	1.3	50	False	False
0	0	data/BGE00306_MGE-BGE_r1_1.3_1.5_s50_100.fasta	None	Pyralidae	BLAST	family	COI-5P	657	1530	Depressariidae,Noctuidae,Erebidae,Pyralidae	BGSNL1327-24_r_1.3_s_100	Hypotia pectinalis	0	BGSNL1327-24	1.3	100	False	False
0	0	data/BGE00306_MGE-BGE_r1_1.3_1.5_s50_100.fasta	None	Pyralidae	BLAST	family	COI-5P	657	1530	Depressariidae,Noctuidae,Erebidae,Pyralidae	BGSNL1327-24_r_1.5_s_50	Hypotia pectinalis	0	BGSNL1327-24	1.5	50	False	False
0	0	data/BGE00306_MGE-BGE_r1_1.3_1.5_s50_100.fasta	None	Pyralidae	BLAST	family	COI-5P	657	1530	Depressariidae,Noctuidae,Erebidae,Pyralidae	BGSNL1327-24_r_1.5_s_100	Hypotia pectinalis	0	BGSNL1327-24	1.5	100	False	False
0	0	data/BGE00306_MGE-BGE_r1_1.3_1.5_s50_100.fasta	None	Pyralidae	BLAST	family	COI-5P	657	1530	Depressariidae,Erebidae,Pyralidae	BGSNL1328-24_r_1_s_50	Hypotia pectinalis	0	BGSNL1328-24	1	50	False	False
0	0	data/BGE00306_MGE-BGE_r1_1.3_1.5_s50_100.fasta	None	Pyralidae	BLAST	family	COI-5P	657	1530	Depressariidae,Erebidae,Pyralidae	BGSNL1328-24_r_1_s_100	Hypotia pectinalis	0	BGSNL1328-24	1	100	False	False
0	0	data/BGE00306_MGE-BGE_r1_1.3_1.5_s50_100.fasta	None	Pyralidae	BLAST	family	COI-5P	657	1530	Depressariidae,Erebidae,Pyralidae	BGSNL1328-24_r_1.3_s_50	Hypotia pectinalis	0	BGSNL1328-24	1.3	50	False	False
0	0	data/BGE00306_MGE-BGE_r1_1.3_1.5_s50_100.fasta	None	Pyralidae	BLAST	family	COI-5P	657	1530	Depressariidae,Erebidae,Pyralidae	BGSNL1328-24_r_1.3_s_100	Hypotia pectinalis	0	BGSNL1328-24	1.3	100	False	False
0	0	data/BGE00306_MGE-BGE_r1_1.3_1.5_s50_100.fasta	None	Pyralidae	BLAST	family	COI-5P	657	1530	Depressariidae,Erebidae,Pyralidae	BGSNL1328-24_r_1.5_s_50	Hypotia pectinalis	0	BGSNL1328-24	1.5	50	False	False
0	0	data/BGE00306_MGE-BGE_r1_1.3_1.5_s50_100.fasta	None	Pyralidae	BLAST	family	COI-5P	657	1530	Depressariidae,Erebidae,Pyralidae	BGSNL1328-24_r_1.5_s_100	Hypotia pectinalis	0	BGSNL1328-24	1.5	100	False	False
0	0	data/BGE00306_MGE-BGE_r1_1.3_1.5_s50_100.fasta	None	Pyralidae	BLAST	family	COI-5P	657	1530	Pyralidae	BGSNL1329-24_r_1_s_50	Hypsopygia incarnatalis	0	BGSNL1329-24	1	50	False	False
0	0	data/BGE00306_MGE-BGE_r1_1.3_1.5_s50_100.fasta	None	Pyralidae	BLAST	family	COI-5P	657	1530	Pyralidae	BGSNL1329-24_r_1_s_100	Hypsopygia incarnatalis	0	BGSNL1329-24	1	100	False	False
0	0	data/BGE00306_MGE-BGE_r1_1.3_1.5_s50_100.fasta	None	Pyralidae	BLAST	family	COI-5P	657	1530	Pyralidae	BGSNL1329-24_r_1.3_s_50	Hypsopygia incarnatalis	0	BGSNL1329-24	1.3	50	False	False
0	0	data/BGE00306_MGE-BGE_r1_1.3_1.5_s50_100.fasta	None	Pyralidae	BLAST	family	COI-5P	657	1530	Pyralidae	BGSNL1329-24_r_1.3_s_100	Hypsopygia incarnatalis	0	BGSNL1329-24	1.3	100	False	False
0	0	data/BGE00306_MGE-BGE_r1_1.3_1.5_s50_100.fasta	None	Pyralidae	BLAST	family	COI-5P	657	1530	Pyralidae	BGSNL1329-24_r_1.5_s_50	Hypsopygia incarnatalis	0	BGSNL1329-24	1.5	50	False	False
0	0	data/BGE00306_MGE-BGE_r1_1.3_1.5_s50_100.fasta	None	Pyralidae	BLAST	family	COI-5P	657	1530	Pyralidae	BGSNL1329-24_r_1.5_s_100	Hypsopygia incarnatalis	0	BGSNL1329-24	1.5	100	False	False
0	0	data/BGE00306_MGE-BGE_r1_1.3_1.5_s50_100.fasta	None	Pyralidae	BLAST	family	COI-5P	657	1530	Pyralidae	BGSNL1330-24_r_1_s_50	Hypsopygia incarnatalis	0	BGSNL1330-24	1	50	False	False
0	0	data/BGE00306_MGE-BGE_r1_1.3_1.5_s50_100.fasta	None	Pyralidae	BLAST	family	COI-5P	657	1530	Pyralidae	BGSNL1330-24_r_1_s_100	Hypsopygia incarnatalis	0	BGSNL1330-24	1	100	False	False
0	0	data/BGE00306_MGE-BGE_r1_1.3_1.5_s50_100.fasta	None	Pyralidae	BLAST	family	COI-5P	657	1530	Pyralidae	BGSNL1330-24_r_1.3_s_50	Hypsopygia incarnatalis	0	BGSNL1330-24	1.3	50	False	False
0	0	data/BGE00306_MGE-BGE_r1_1.3_1.5_s50_100.fasta	None	Pyralidae	BLAST	family	COI-5P	657	1530	Pyralidae	BGSNL1330-24_r_1.3_s_100	Hypsopygia incarnatalis	0	BGSNL1330-24	1.3	100	False	False
0	0	data/BGE00306_MGE-BGE_r1_1.3_1.5_s50_100.fasta	None	Pyralidae	BLAST	family	COI-5P	657	1530	Pyralidae	BGSNL1330-24_r_1.5_s_50	Hypsopygia incarnatalis	0	BGSNL1330-24	1.5	50	False	False
0	0	data/BGE00306_MGE-BGE_r1_1.3_1.5_s50_100.fasta	None	Pyralidae	BLAST	family	COI-5P	657	1530	Pyralidae	BGSNL1330-24_r_1.5_s_100	Hypsopygia incarnatalis	0	BGSNL1330-24	1.5	100	False	False
