ambig_basecount	ambig_full_basecount	dataset	error	identification	identification_method	identification_rank	marker_code	nuc_basecount	nuc_full_basecount	obs_taxon	sequence_id	species	stop_codons	group_id	r	s	fcleaner	merge
0	0	data/BGE00195_MGE-BGE_r1_1.3_1.5_s50_100.fasta	None	Megachilidae	BLAST	family	COI-5P	655	1533	Megachilidae	BGENL2756-24_r_1_s_50	Osmia dimidiata	0	BGENL2756-24	1	50	False	False
0	0	data/BGE00195_MGE-BGE_r1_1.3_1.5_s50_100.fasta	None	Megachilidae	BLAST	family	COI-5P	655	1533	Megachilidae	BGENL2756-24_r_1_s_100	Osmia dimidiata	0	BGENL2756-24	1	100	False	False
0	0	data/BGE00195_MGE-BGE_r1_1.3_1.5_s50_100.fasta	None	Megachilidae	BLAST	family	COI-5P	655	1533	Megachilidae	BGENL2756-24_r_1.3_s_50	Osmia dimidiata	0	BGENL2756-24	1.3	50	False	False
0	0	data/BGE00195_MGE-BGE_r1_1.3_1.5_s50_100.fasta	None	Megachilidae	BLAST	family	COI-5P	655	1527	Megachilidae	BGENL2756-24_r_1.3_s_100	Osmia dimidiata	0	BGENL2756-24	1.3	100	False	False
0	0	data/BGE00195_MGE-BGE_r1_1.3_1.5_s50_100.fasta	None	Megachilidae	BLAST	family	COI-5P	655	1479	Megachilidae	BGENL2756-24_r_1.5_s_50	Osmia dimidiata	0	BGENL2756-24	1.5	50	False	False
0	0	data/BGE00195_MGE-BGE_r1_1.3_1.5_s50_100.fasta	None	Megachilidae	BLAST	family	COI-5P	655	1479	Megachilidae	BGENL2756-24_r_1.5_s_100	Osmia dimidiata	0	BGENL2756-24	1.5	100	False	False
0	1	data/BGE00195_MGE-BGE_r1_1.3_1.5_s50_100.fasta	None	Megachilidae	BLAST	family	COI-5P	655	1536	Megachilidae	BGENL2757-24_r_1_s_50	Osmia dimidiata	0	BGENL2757-24	1	50	False	False
0	0	data/BGE00195_MGE-BGE_r1_1.3_1.5_s50_100.fasta	None	Megachilidae	BLAST	family	COI-5P	655	1533	Megachilidae	BGENL2757-24_r_1_s_100	Osmia dimidiata	0	BGENL2757-24	1	100	False	False
0	3	data/BGE00195_MGE-BGE_r1_1.3_1.5_s50_100.fasta	None	Megachilidae	BLAST	family	COI-5P	655	1533	Megachilidae	BGENL2757-24_r_1.3_s_50	Osmia dimidiata	0	BGENL2757-24	1.3	50	False	False
0	0	data/BGE00195_MGE-BGE_r1_1.3_1.5_s50_100.fasta	None	Megachilidae	BLAST	family	COI-5P	655	1533	Megachilidae	BGENL2757-24_r_1.3_s_100	Osmia dimidiata	0	BGENL2757-24	1.3	100	False	False
0	0	data/BGE00195_MGE-BGE_r1_1.3_1.5_s50_100.fasta	None	Megachilidae	BLAST	family	COI-5P	655	1437	Megachilidae	BGENL2757-24_r_1.5_s_50	Osmia dimidiata	0	BGENL2757-24	1.5	50	False	False
0	0	data/BGE00195_MGE-BGE_r1_1.3_1.5_s50_100.fasta	None	Megachilidae	BLAST	family	COI-5P	655	1437	Megachilidae	BGENL2757-24_r_1.5_s_100	Osmia dimidiata	0	BGENL2757-24	1.5	100	False	False
6	33	data/BGE00195_MGE-BGE_r1_1.3_1.5_s50_100.fasta	None	Megachilidae	BLAST	family	COI-5P	656	1533	Apidae,Megachilidae	BGENL2758-24_r_1_s_50	Osmia dives	0	BGENL2758-24	1	50	False	False
4	20	data/BGE00195_MGE-BGE_r1_1.3_1.5_s50_100.fasta	None	Megachilidae	BLAST	family	COI-5P	656	1479	Apidae,Megachilidae	BGENL2758-24_r_1_s_100	Osmia dives	0	BGENL2758-24	1	100	False	False
0	5	data/BGE00195_MGE-BGE_r1_1.3_1.5_s50_100.fasta	None	Megachilidae	BLAST	family	COI-5P	656	1497	Megachilidae	BGENL2758-24_r_1.3_s_50	Osmia dives	0	BGENL2758-24	1.3	50	False	False
1	5	data/BGE00195_MGE-BGE_r1_1.3_1.5_s50_100.fasta	None	Megachilidae	BLAST	family	COI-5P	655	1389	Megachilidae	BGENL2758-24_r_1.3_s_100	Osmia dives	0	BGENL2758-24	1.3	100	False	False
0	1	data/BGE00195_MGE-BGE_r1_1.3_1.5_s50_100.fasta	None	Megachilidae	BLAST	family	COI-5P	653	1449	Megachilidae	BGENL2758-24_r_1.5_s_50	Osmia dives	0	BGENL2758-24	1.5	50	False	False
1	1	data/BGE00195_MGE-BGE_r1_1.3_1.5_s50_100.fasta	None	Megachilidae	BLAST	family	COI-5P	652	1359	Megachilidae	BGENL2758-24_r_1.5_s_100	Osmia dives	0	BGENL2758-24	1.5	100	False	False
23	33	data/BGE00195_MGE-BGE_r1_1.3_1.5_s50_100.fasta	None	Megachilidae	BLAST	family	COI-5P	656	1536	Megachilidae	BGENL2759-24_r_1_s_50	Osmia dives	0	BGENL2759-24	1	50	False	False
18	40	data/BGE00195_MGE-BGE_r1_1.3_1.5_s50_100.fasta	None	Megachilidae	BLAST	family	COI-5P	655	1533	Megachilidae	BGENL2759-24_r_1_s_100	Osmia dives	0	BGENL2759-24	1	100	False	False
1	1	data/BGE00195_MGE-BGE_r1_1.3_1.5_s50_100.fasta	None	Megachilidae	BLAST	family	COI-5P	655	1512	Megachilidae	BGENL2759-24_r_1.3_s_50	Osmia dives	0	BGENL2759-24	1.3	50	False	False
17	17	data/BGE00195_MGE-BGE_r1_1.3_1.5_s50_100.fasta	None	Megachilidae	BLAST	family	COI-5P	655	1494	Megachilidae	BGENL2759-24_r_1.3_s_100	Osmia dives	0	BGENL2759-24	1.3	100	False	False
0	0	data/BGE00195_MGE-BGE_r1_1.3_1.5_s50_100.fasta	None	Megachilidae	BLAST	family	COI-5P	655	1476	Megachilidae	BGENL2759-24_r_1.5_s_50	Osmia dives	0	BGENL2759-24	1.5	50	False	False
17	17	data/BGE00195_MGE-BGE_r1_1.3_1.5_s50_100.fasta	None	Megachilidae	BLAST	family	COI-5P	655	1410	Megachilidae	BGENL2759-24_r_1.5_s_100	Osmia dives	0	BGENL2759-24	1.5	100	False	False
14	55	data/BGE00195_MGE-BGE_r1_1.3_1.5_s50_100.fasta	None	Megachilidae	BLAST	family	COI-5P	654	1533	Megachilidae	BGENL2760-24_r_1_s_50	Osmia dives	0	BGENL2760-24	1	50	False	False
10	42	data/BGE00195_MGE-BGE_r1_1.3_1.5_s50_100.fasta	None	Megachilidae	BLAST	family	COI-5P	634	1464	Megachilidae	BGENL2760-24_r_1_s_100	Osmia dives	0	BGENL2760-24	1	100	False	False
2	6	data/BGE00195_MGE-BGE_r1_1.3_1.5_s50_100.fasta	None	Megachilidae	BLAST	family	COI-5P	654	1506	Megachilidae	BGENL2760-24_r_1.3_s_50	Osmia dives	0	BGENL2760-24	1.3	50	False	False
4	17	data/BGE00195_MGE-BGE_r1_1.3_1.5_s50_100.fasta	None	Megachilidae	BLAST	family	COI-5P	634	1431	Megachilidae	BGENL2760-24_r_1.3_s_100	Osmia dives	0	BGENL2760-24	1.3	100	False	False
1	1	data/BGE00195_MGE-BGE_r1_1.3_1.5_s50_100.fasta	None	Megachilidae	BLAST	family	COI-5P	638	1428	Megachilidae	BGENL2760-24_r_1.5_s_50	Osmia dives	0	BGENL2760-24	1.5	50	False	False
0	10	data/BGE00195_MGE-BGE_r1_1.3_1.5_s50_100.fasta	None	Megachilidae	BLAST	family	COI-5P	578	1287	Megachilidae	BGENL2760-24_r_1.5_s_100	Osmia dives	0	BGENL2760-24	1.5	100	False	False
0	0	data/BGE00195_MGE-BGE_r1_1.3_1.5_s50_100.fasta	None	Megachilidae	BLAST	family	COI-5P	655	1536	Megachilidae	BGENL2761-24_r_1_s_50	Osmia forticornis	0	BGENL2761-24	1	50	False	False
0	0	data/BGE00195_MGE-BGE_r1_1.3_1.5_s50_100.fasta	None	Megachilidae	BLAST	family	COI-5P	655	1536	Megachilidae	BGENL2761-24_r_1_s_100	Osmia forticornis	0	BGENL2761-24	1	100	False	False
0	0	data/BGE00195_MGE-BGE_r1_1.3_1.5_s50_100.fasta	None	Megachilidae	BLAST	family	COI-5P	655	1536	Megachilidae	BGENL2761-24_r_1.3_s_50	Osmia forticornis	0	BGENL2761-24	1.3	50	False	False
0	0	data/BGE00195_MGE-BGE_r1_1.3_1.5_s50_100.fasta	None	Megachilidae	BLAST	family	COI-5P	655	1536	Megachilidae	BGENL2761-24_r_1.3_s_100	Osmia forticornis	0	BGENL2761-24	1.3	100	False	False
0	0	data/BGE00195_MGE-BGE_r1_1.3_1.5_s50_100.fasta	None	Megachilidae	BLAST	family	COI-5P	655	1536	Megachilidae	BGENL2761-24_r_1.5_s_50	Osmia forticornis	0	BGENL2761-24	1.5	50	False	False
0	0	data/BGE00195_MGE-BGE_r1_1.3_1.5_s50_100.fasta	None	Megachilidae	BLAST	family	COI-5P	655	1536	Megachilidae	BGENL2761-24_r_1.5_s_100	Osmia forticornis	0	BGENL2761-24	1.5	100	False	False
0	0	data/BGE00195_MGE-BGE_r1_1.3_1.5_s50_100.fasta	None	Megachilidae	BLAST	family	COI-5P	655	1536	Megachilidae	BGENL2762-24_r_1_s_50	Osmia forticornis	0	BGENL2762-24	1	50	False	False
0	0	data/BGE00195_MGE-BGE_r1_1.3_1.5_s50_100.fasta	None	Megachilidae	BLAST	family	COI-5P	655	1536	Megachilidae	BGENL2762-24_r_1_s_100	Osmia forticornis	0	BGENL2762-24	1	100	False	False
0	0	data/BGE00195_MGE-BGE_r1_1.3_1.5_s50_100.fasta	None	Megachilidae	BLAST	family	COI-5P	655	1536	Megachilidae	BGENL2762-24_r_1.3_s_50	Osmia forticornis	0	BGENL2762-24	1.3	50	False	False
0	0	data/BGE00195_MGE-BGE_r1_1.3_1.5_s50_100.fasta	None	Megachilidae	BLAST	family	COI-5P	655	1536	Megachilidae	BGENL2762-24_r_1.3_s_100	Osmia forticornis	0	BGENL2762-24	1.3	100	False	False
0	0	data/BGE00195_MGE-BGE_r1_1.3_1.5_s50_100.fasta	None	Megachilidae	BLAST	family	COI-5P	655	1536	Megachilidae	BGENL2762-24_r_1.5_s_50	Osmia forticornis	0	BGENL2762-24	1.5	50	False	False
0	0	data/BGE00195_MGE-BGE_r1_1.3_1.5_s50_100.fasta	None	Megachilidae	BLAST	family	COI-5P	655	1536	Megachilidae	BGENL2762-24_r_1.5_s_100	Osmia forticornis	0	BGENL2762-24	1.5	100	False	False
0	0	data/BGE00195_MGE-BGE_r1_1.3_1.5_s50_100.fasta	None	Megachilidae	BLAST	family	COI-5P	655	1536	Megachilidae	BGENL2763-24_r_1_s_50	Osmia forticornis	0	BGENL2763-24	1	50	False	False
0	0	data/BGE00195_MGE-BGE_r1_1.3_1.5_s50_100.fasta	None	Megachilidae	BLAST	family	COI-5P	655	1536	Megachilidae	BGENL2763-24_r_1_s_100	Osmia forticornis	0	BGENL2763-24	1	100	False	False
0	0	data/BGE00195_MGE-BGE_r1_1.3_1.5_s50_100.fasta	None	Megachilidae	BLAST	family	COI-5P	655	1536	Megachilidae	BGENL2763-24_r_1.3_s_50	Osmia forticornis	0	BGENL2763-24	1.3	50	False	False
0	0	data/BGE00195_MGE-BGE_r1_1.3_1.5_s50_100.fasta	None	Megachilidae	BLAST	family	COI-5P	655	1536	Megachilidae	BGENL2763-24_r_1.3_s_100	Osmia forticornis	0	BGENL2763-24	1.3	100	False	False
0	0	data/BGE00195_MGE-BGE_r1_1.3_1.5_s50_100.fasta	None	Megachilidae	BLAST	family	COI-5P	655	1536	Megachilidae	BGENL2763-24_r_1.5_s_50	Osmia forticornis	0	BGENL2763-24	1.5	50	False	False
0	0	data/BGE00195_MGE-BGE_r1_1.3_1.5_s50_100.fasta	None	Megachilidae	BLAST	family	COI-5P	655	1536	Megachilidae	BGENL2763-24_r_1.5_s_100	Osmia forticornis	0	BGENL2763-24	1.5	100	False	False
6	9	data/BGE00195_MGE-BGE_r1_1.3_1.5_s50_100.fasta	None	Megachilidae	BLAST	family	COI-5P	656	1533	Megachilidae	BGENL2764-24_r_1_s_50	Osmia hellados	0	BGENL2764-24	1	50	False	False
4	5	data/BGE00195_MGE-BGE_r1_1.3_1.5_s50_100.fasta	None	Megachilidae	BLAST	family	COI-5P	656	1533	Megachilidae	BGENL2764-24_r_1_s_100	Osmia hellados	0	BGENL2764-24	1	100	False	False
5	7	data/BGE00195_MGE-BGE_r1_1.3_1.5_s50_100.fasta	None	Megachilidae	BLAST	family	COI-5P	656	1533	Megachilidae	BGENL2764-24_r_1.3_s_50	Osmia hellados	0	BGENL2764-24	1.3	50	False	False
5	6	data/BGE00195_MGE-BGE_r1_1.3_1.5_s50_100.fasta	None	Megachilidae	BLAST	family	COI-5P	656	1533	Megachilidae	BGENL2764-24_r_1.3_s_100	Osmia hellados	0	BGENL2764-24	1.3	100	False	False
3	6	data/BGE00195_MGE-BGE_r1_1.3_1.5_s50_100.fasta	None	Megachilidae	BLAST	family	COI-5P	656	1533	Megachilidae	BGENL2764-24_r_1.5_s_50	Osmia hellados	0	BGENL2764-24	1.5	50	False	False
2	6	data/BGE00195_MGE-BGE_r1_1.3_1.5_s50_100.fasta	None	Megachilidae	BLAST	family	COI-5P	656	1533	Megachilidae	BGENL2764-24_r_1.5_s_100	Osmia hellados	0	BGENL2764-24	1.5	100	False	False
0	0	data/BGE00195_MGE-BGE_r1_1.3_1.5_s50_100.fasta	None	Megachilidae	BLAST	family	COI-5P	656	1536	Megachilidae	BGENL2765-24_r_1_s_50	Osmia hellados	0	BGENL2765-24	1	50	False	False
0	0	data/BGE00195_MGE-BGE_r1_1.3_1.5_s50_100.fasta	None	Megachilidae	BLAST	family	COI-5P	656	1533	Megachilidae	BGENL2765-24_r_1_s_100	Osmia hellados	0	BGENL2765-24	1	100	False	False
0	0	data/BGE00195_MGE-BGE_r1_1.3_1.5_s50_100.fasta	None	Megachilidae	BLAST	family	COI-5P	656	1533	Megachilidae	BGENL2765-24_r_1.3_s_50	Osmia hellados	0	BGENL2765-24	1.3	50	False	False
0	0	data/BGE00195_MGE-BGE_r1_1.3_1.5_s50_100.fasta	None	Megachilidae	BLAST	family	COI-5P	656	1533	Megachilidae	BGENL2765-24_r_1.3_s_100	Osmia hellados	0	BGENL2765-24	1.3	100	False	False
0	0	data/BGE00195_MGE-BGE_r1_1.3_1.5_s50_100.fasta	None	Megachilidae	BLAST	family	COI-5P	656	1533	Megachilidae	BGENL2765-24_r_1.5_s_50	Osmia hellados	0	BGENL2765-24	1.5	50	False	False
0	0	data/BGE00195_MGE-BGE_r1_1.3_1.5_s50_100.fasta	None	Megachilidae	BLAST	family	COI-5P	656	1533	Megachilidae	BGENL2765-24_r_1.5_s_100	Osmia hellados	0	BGENL2765-24	1.5	100	False	False
0	0	data/BGE00195_MGE-BGE_r1_1.3_1.5_s50_100.fasta	None	Megachilidae	BLAST	family	COI-5P	656	1533	Megachilidae	BGENL2766-24_r_1_s_50	Osmia hellados	0	BGENL2766-24	1	50	False	False
0	0	data/BGE00195_MGE-BGE_r1_1.3_1.5_s50_100.fasta	None	Megachilidae	BLAST	family	COI-5P	656	1533	Megachilidae	BGENL2766-24_r_1_s_100	Osmia hellados	0	BGENL2766-24	1	100	False	False
0	0	data/BGE00195_MGE-BGE_r1_1.3_1.5_s50_100.fasta	None	Megachilidae	BLAST	family	COI-5P	656	1533	Megachilidae	BGENL2766-24_r_1.3_s_50	Osmia hellados	0	BGENL2766-24	1.3	50	False	False
0	0	data/BGE00195_MGE-BGE_r1_1.3_1.5_s50_100.fasta	None	Megachilidae	BLAST	family	COI-5P	656	1533	Megachilidae	BGENL2766-24_r_1.3_s_100	Osmia hellados	0	BGENL2766-24	1.3	100	False	False
0	0	data/BGE00195_MGE-BGE_r1_1.3_1.5_s50_100.fasta	None	Megachilidae	BLAST	family	COI-5P	656	1533	Megachilidae	BGENL2766-24_r_1.5_s_50	Osmia hellados	0	BGENL2766-24	1.5	50	False	False
0	0	data/BGE00195_MGE-BGE_r1_1.3_1.5_s50_100.fasta	None	Megachilidae	BLAST	family	COI-5P	656	1530	Megachilidae	BGENL2766-24_r_1.5_s_100	Osmia hellados	0	BGENL2766-24	1.5	100	False	False
3	4	data/BGE00195_MGE-BGE_r1_1.3_1.5_s50_100.fasta	None	Megachilidae	BLAST	family	COI-5P	656	1536	Megachilidae	BGENL2767-24_r_1_s_50	Osmia heteracantha	0	BGENL2767-24	1	50	False	False
1	2	data/BGE00195_MGE-BGE_r1_1.3_1.5_s50_100.fasta	None	Megachilidae	BLAST	family	COI-5P	656	1536	Megachilidae	BGENL2767-24_r_1_s_100	Osmia heteracantha	0	BGENL2767-24	1	100	False	False
1	1	data/BGE00195_MGE-BGE_r1_1.3_1.5_s50_100.fasta	None	Megachilidae	BLAST	family	COI-5P	656	1536	Megachilidae	BGENL2767-24_r_1.3_s_50	Osmia heteracantha	0	BGENL2767-24	1.3	50	False	False
1	2	data/BGE00195_MGE-BGE_r1_1.3_1.5_s50_100.fasta	None	Megachilidae	BLAST	family	COI-5P	656	1536	Megachilidae	BGENL2767-24_r_1.3_s_100	Osmia heteracantha	0	BGENL2767-24	1.3	100	False	False
1	5	data/BGE00195_MGE-BGE_r1_1.3_1.5_s50_100.fasta	None	Megachilidae	BLAST	family	COI-5P	656	1476	Megachilidae	BGENL2767-24_r_1.5_s_50	Osmia heteracantha	0	BGENL2767-24	1.5	50	False	False
1	5	data/BGE00195_MGE-BGE_r1_1.3_1.5_s50_100.fasta	None	Megachilidae	BLAST	family	COI-5P	656	1395	Megachilidae	BGENL2767-24_r_1.5_s_100	Osmia heteracantha	0	BGENL2767-24	1.5	100	False	False
0	0	data/BGE00195_MGE-BGE_r1_1.3_1.5_s50_100.fasta	None	Megachilidae	BLAST	family	COI-5P	656	1533	Megachilidae	BGENL2768-24_r_1_s_50	Osmia heteracantha	0	BGENL2768-24	1	50	False	False
0	0	data/BGE00195_MGE-BGE_r1_1.3_1.5_s50_100.fasta	None	Megachilidae	BLAST	family	COI-5P	656	1533	Megachilidae	BGENL2768-24_r_1_s_100	Osmia heteracantha	0	BGENL2768-24	1	100	False	False
0	0	data/BGE00195_MGE-BGE_r1_1.3_1.5_s50_100.fasta	None	Megachilidae	BLAST	family	COI-5P	656	1533	Megachilidae	BGENL2768-24_r_1.3_s_50	Osmia heteracantha	0	BGENL2768-24	1.3	50	False	False
0	0	data/BGE00195_MGE-BGE_r1_1.3_1.5_s50_100.fasta	None	Megachilidae	BLAST	family	COI-5P	656	1533	Megachilidae	BGENL2768-24_r_1.3_s_100	Osmia heteracantha	0	BGENL2768-24	1.3	100	False	False
0	0	data/BGE00195_MGE-BGE_r1_1.3_1.5_s50_100.fasta	None	Megachilidae	BLAST	family	COI-5P	656	1527	Megachilidae	BGENL2768-24_r_1.5_s_50	Osmia heteracantha	0	BGENL2768-24	1.5	50	False	False
0	0	data/BGE00195_MGE-BGE_r1_1.3_1.5_s50_100.fasta	None	Megachilidae	BLAST	family	COI-5P	656	1527	Megachilidae	BGENL2768-24_r_1.5_s_100	Osmia heteracantha	0	BGENL2768-24	1.5	100	False	False
0	0	data/BGE00195_MGE-BGE_r1_1.3_1.5_s50_100.fasta	None	Megachilidae	BLAST	family	COI-5P	656	1536	Megachilidae	BGENL2769-24_r_1_s_50	Osmia heteracantha	0	BGENL2769-24	1	50	False	False
0	0	data/BGE00195_MGE-BGE_r1_1.3_1.5_s50_100.fasta	None	Megachilidae	BLAST	family	COI-5P	656	1536	Megachilidae	BGENL2769-24_r_1_s_100	Osmia heteracantha	0	BGENL2769-24	1	100	False	False
0	0	data/BGE00195_MGE-BGE_r1_1.3_1.5_s50_100.fasta	None	Megachilidae	BLAST	family	COI-5P	656	1536	Megachilidae	BGENL2769-24_r_1.3_s_50	Osmia heteracantha	0	BGENL2769-24	1.3	50	False	False
0	0	data/BGE00195_MGE-BGE_r1_1.3_1.5_s50_100.fasta	None	Megachilidae	BLAST	family	COI-5P	656	1536	Megachilidae	BGENL2769-24_r_1.3_s_100	Osmia heteracantha	0	BGENL2769-24	1.3	100	False	False
0	1	data/BGE00195_MGE-BGE_r1_1.3_1.5_s50_100.fasta	None	Megachilidae	BLAST	family	COI-5P	656	1509	Megachilidae	BGENL2769-24_r_1.5_s_50	Osmia heteracantha	0	BGENL2769-24	1.5	50	False	False
0	0	data/BGE00195_MGE-BGE_r1_1.3_1.5_s50_100.fasta	None	Megachilidae	BLAST	family	COI-5P	656	1500	Megachilidae	BGENL2769-24_r_1.5_s_100	Osmia heteracantha	0	BGENL2769-24	1.5	100	False	False
0	0	data/BGE00195_MGE-BGE_r1_1.3_1.5_s50_100.fasta	None	Megachilidae	BLAST	family	COI-5P	656	1533	Megachilidae	BGENL2770-24_r_1_s_50	Osmia iberica	0	BGENL2770-24	1	50	False	False
0	0	data/BGE00195_MGE-BGE_r1_1.3_1.5_s50_100.fasta	None	Megachilidae	BLAST	family	COI-5P	656	1533	Megachilidae	BGENL2770-24_r_1_s_100	Osmia iberica	0	BGENL2770-24	1	100	False	False
0	0	data/BGE00195_MGE-BGE_r1_1.3_1.5_s50_100.fasta	None	Megachilidae	BLAST	family	COI-5P	656	1533	Megachilidae	BGENL2770-24_r_1.3_s_50	Osmia iberica	0	BGENL2770-24	1.3	50	False	False
0	0	data/BGE00195_MGE-BGE_r1_1.3_1.5_s50_100.fasta	None	Megachilidae	BLAST	family	COI-5P	656	1533	Megachilidae	BGENL2770-24_r_1.3_s_100	Osmia iberica	0	BGENL2770-24	1.3	100	False	False
0	0	data/BGE00195_MGE-BGE_r1_1.3_1.5_s50_100.fasta	None	Megachilidae	BLAST	family	COI-5P	656	1533	Megachilidae	BGENL2770-24_r_1.5_s_50	Osmia iberica	0	BGENL2770-24	1.5	50	False	False
0	0	data/BGE00195_MGE-BGE_r1_1.3_1.5_s50_100.fasta	None	Megachilidae	BLAST	family	COI-5P	656	1524	Megachilidae	BGENL2770-24_r_1.5_s_100	Osmia iberica	0	BGENL2770-24	1.5	100	False	False
0	0	data/BGE00195_MGE-BGE_r1_1.3_1.5_s50_100.fasta	None	Megachilidae	BLAST	family	COI-5P	656	1536	Megachilidae	BGENL2771-24_r_1_s_50	Osmia iberica	0	BGENL2771-24	1	50	False	False
0	0	data/BGE00195_MGE-BGE_r1_1.3_1.5_s50_100.fasta	None	Megachilidae	BLAST	family	COI-5P	656	1533	Megachilidae	BGENL2771-24_r_1_s_100	Osmia iberica	0	BGENL2771-24	1	100	False	False
0	0	data/BGE00195_MGE-BGE_r1_1.3_1.5_s50_100.fasta	None	Megachilidae	BLAST	family	COI-5P	656	1533	Megachilidae	BGENL2771-24_r_1.3_s_50	Osmia iberica	0	BGENL2771-24	1.3	50	False	False
0	0	data/BGE00195_MGE-BGE_r1_1.3_1.5_s50_100.fasta	None	Megachilidae	BLAST	family	COI-5P	656	1533	Megachilidae	BGENL2771-24_r_1.3_s_100	Osmia iberica	0	BGENL2771-24	1.3	100	False	False
0	0	data/BGE00195_MGE-BGE_r1_1.3_1.5_s50_100.fasta	None	Megachilidae	BLAST	family	COI-5P	656	1533	Megachilidae	BGENL2771-24_r_1.5_s_50	Osmia iberica	0	BGENL2771-24	1.5	50	False	False
0	0	data/BGE00195_MGE-BGE_r1_1.3_1.5_s50_100.fasta	None	Megachilidae	BLAST	family	COI-5P	656	1524	Megachilidae	BGENL2771-24_r_1.5_s_100	Osmia iberica	0	BGENL2771-24	1.5	100	False	False
0	0	data/BGE00195_MGE-BGE_r1_1.3_1.5_s50_100.fasta	None	Megachilidae	BLAST	family	COI-5P	656	1533	Megachilidae	BGENL2772-24_r_1_s_50	Osmia iberica	0	BGENL2772-24	1	50	False	False
0	0	data/BGE00195_MGE-BGE_r1_1.3_1.5_s50_100.fasta	None	Megachilidae	BLAST	family	COI-5P	656	1533	Megachilidae	BGENL2772-24_r_1_s_100	Osmia iberica	0	BGENL2772-24	1	100	False	False
0	0	data/BGE00195_MGE-BGE_r1_1.3_1.5_s50_100.fasta	None	Megachilidae	BLAST	family	COI-5P	656	1533	Megachilidae	BGENL2772-24_r_1.3_s_50	Osmia iberica	0	BGENL2772-24	1.3	50	False	False
0	0	data/BGE00195_MGE-BGE_r1_1.3_1.5_s50_100.fasta	None	Megachilidae	BLAST	family	COI-5P	656	1533	Megachilidae	BGENL2772-24_r_1.3_s_100	Osmia iberica	0	BGENL2772-24	1.3	100	False	False
0	0	data/BGE00195_MGE-BGE_r1_1.3_1.5_s50_100.fasta	None	Megachilidae	BLAST	family	COI-5P	656	1521	Megachilidae	BGENL2772-24_r_1.5_s_50	Osmia iberica	0	BGENL2772-24	1.5	50	False	False
0	0	data/BGE00195_MGE-BGE_r1_1.3_1.5_s50_100.fasta	None	Megachilidae	BLAST	family	COI-5P	656	1476	Megachilidae	BGENL2772-24_r_1.5_s_100	Osmia iberica	0	BGENL2772-24	1.5	100	False	False
0	0	data/BGE00195_MGE-BGE_r1_1.3_1.5_s50_100.fasta	None	Megachilidae	BLAST	family	COI-5P	655	1536	Apidae,Megachilidae	BGENL2773-24_r_1_s_50	Osmia jason	0	BGENL2773-24	1	50	False	False
0	0	data/BGE00195_MGE-BGE_r1_1.3_1.5_s50_100.fasta	None	Megachilidae	BLAST	family	COI-5P	655	1533	Apidae,Megachilidae	BGENL2773-24_r_1_s_100	Osmia jason	0	BGENL2773-24	1	100	False	False
0	0	data/BGE00195_MGE-BGE_r1_1.3_1.5_s50_100.fasta	None	Megachilidae	BLAST	family	COI-5P	655	1479	Apidae,Megachilidae	BGENL2773-24_r_1.3_s_50	Osmia jason	0	BGENL2773-24	1.3	50	False	False
0	0	data/BGE00195_MGE-BGE_r1_1.3_1.5_s50_100.fasta	None	Megachilidae	BLAST	family	COI-5P	655	1479	Apidae,Megachilidae	BGENL2773-24_r_1.3_s_100	Osmia jason	0	BGENL2773-24	1.3	100	False	False
0	0	data/BGE00195_MGE-BGE_r1_1.3_1.5_s50_100.fasta	None	Megachilidae	BLAST	family	COI-5P	655	1422	Apidae,Megachilidae	BGENL2773-24_r_1.5_s_50	Osmia jason	0	BGENL2773-24	1.5	50	False	False
0	0	data/BGE00195_MGE-BGE_r1_1.3_1.5_s50_100.fasta	None	Megachilidae	BLAST	family	COI-5P	655	1422	Apidae,Megachilidae	BGENL2773-24_r_1.5_s_100	Osmia jason	0	BGENL2773-24	1.5	100	False	False
0	0	data/BGE00195_MGE-BGE_r1_1.3_1.5_s50_100.fasta	None	Megachilidae	BLAST	family	COI-5P	655	1533	Apidae,Megachilidae	BGENL2774-24_r_1_s_50	Osmia jason	0	BGENL2774-24	1	50	False	False
0	0	data/BGE00195_MGE-BGE_r1_1.3_1.5_s50_100.fasta	None	Megachilidae	BLAST	family	COI-5P	655	1533	Apidae,Megachilidae	BGENL2774-24_r_1_s_100	Osmia jason	0	BGENL2774-24	1	100	False	False
0	0	data/BGE00195_MGE-BGE_r1_1.3_1.5_s50_100.fasta	None	Megachilidae	BLAST	family	COI-5P	655	1476	Apidae,Megachilidae	BGENL2774-24_r_1.3_s_50	Osmia jason	0	BGENL2774-24	1.3	50	False	False
0	0	data/BGE00195_MGE-BGE_r1_1.3_1.5_s50_100.fasta	None	Megachilidae	BLAST	family	COI-5P	655	1476	Apidae,Megachilidae	BGENL2774-24_r_1.3_s_100	Osmia jason	0	BGENL2774-24	1.3	100	False	False
0	0	data/BGE00195_MGE-BGE_r1_1.3_1.5_s50_100.fasta	None	Megachilidae	BLAST	family	COI-5P	655	1437	Apidae,Megachilidae	BGENL2774-24_r_1.5_s_50	Osmia jason	0	BGENL2774-24	1.5	50	False	False
0	0	data/BGE00195_MGE-BGE_r1_1.3_1.5_s50_100.fasta	None	Megachilidae	BLAST	family	COI-5P	655	1437	Apidae,Megachilidae	BGENL2774-24_r_1.5_s_100	Osmia jason	0	BGENL2774-24	1.5	100	False	False
31	75	data/BGE00195_MGE-BGE_r1_1.3_1.5_s50_100.fasta	None	Megachilidae	BLAST	family	COI-5P	656	1533	Apidae,Halictidae,Megachilidae	BGENL2775-24_r_1_s_50	Osmia jason	0	BGENL2775-24	1	50	False	False
20	50	data/BGE00195_MGE-BGE_r1_1.3_1.5_s50_100.fasta	None	Megachilidae	BLAST	family	COI-5P	656	1533	Megachilidae	BGENL2775-24_r_1_s_100	Osmia jason	0	BGENL2775-24	1	100	False	False
8	21	data/BGE00195_MGE-BGE_r1_1.3_1.5_s50_100.fasta	None	Megachilidae	BLAST	family	COI-5P	655	1440	Apidae,Megachilidae	BGENL2775-24_r_1.3_s_50	Osmia jason	0	BGENL2775-24	1.3	50	False	False
4	10	data/BGE00195_MGE-BGE_r1_1.3_1.5_s50_100.fasta	None	Megachilidae	BLAST	family	COI-5P	656	1440	Apidae,Megachilidae	BGENL2775-24_r_1.3_s_100	Osmia jason	0	BGENL2775-24	1.3	100	False	False
2	5	data/BGE00195_MGE-BGE_r1_1.3_1.5_s50_100.fasta	None	Megachilidae	BLAST	family	COI-5P	655	1413	Apidae,Megachilidae	BGENL2775-24_r_1.5_s_50	Osmia jason	0	BGENL2775-24	1.5	50	False	False
0	1	data/BGE00195_MGE-BGE_r1_1.3_1.5_s50_100.fasta	None	Megachilidae	BLAST	family	COI-5P	655	1413	Apidae,Megachilidae	BGENL2775-24_r_1.5_s_100	Osmia jason	0	BGENL2775-24	1.5	100	False	False
20	41	data/BGE00195_MGE-BGE_r1_1.3_1.5_s50_100.fasta	None	Megachilidae	BLAST	family	COI-5P	656	1503	Megachilidae	BGENL2776-24_r_1_s_50	Osmia laticauda	0	BGENL2776-24	1	50	False	False
11	37	data/BGE00195_MGE-BGE_r1_1.3_1.5_s50_100.fasta	None	Megachilidae	BLAST	family	COI-5P	656	1461	Megachilidae	BGENL2776-24_r_1_s_100	Osmia laticauda	0	BGENL2776-24	1	100	False	False
15	21	data/BGE00195_MGE-BGE_r1_1.3_1.5_s50_100.fasta	None	Megachilidae	BLAST	family	COI-5P	656	1437	Apidae,Megachilidae	BGENL2776-24_r_1.3_s_50	Osmia laticauda	0	BGENL2776-24	1.3	50	False	False
1	1	data/BGE00195_MGE-BGE_r1_1.3_1.5_s50_100.fasta	None	Megachilidae	BLAST	family	COI-5P	654	1386	Apidae,Megachilidae	BGENL2776-24_r_1.3_s_100	Osmia laticauda	0	BGENL2776-24	1.3	100	False	False
6	13	data/BGE00195_MGE-BGE_r1_1.3_1.5_s50_100.fasta	None	Megachilidae	BLAST	family	COI-5P	648	1416	Apidae,Megachilidae	BGENL2776-24_r_1.5_s_50	Osmia laticauda	0	BGENL2776-24	1.5	50	False	False
0	0	data/BGE00195_MGE-BGE_r1_1.3_1.5_s50_100.fasta	None	Megachilidae	BLAST	family	COI-5P	618	1323	Apidae,Megachilidae	BGENL2776-24_r_1.5_s_100	Osmia laticauda	0	BGENL2776-24	1.5	100	False	False
0	4	data/BGE00195_MGE-BGE_r1_1.3_1.5_s50_100.fasta	None	Megachilidae	BLAST	family	COI-5P	657	1533	Megachilidae	BGENL2777-24_r_1_s_50	Osmia laticauda	0	BGENL2777-24	1	50	False	False
0	1	data/BGE00195_MGE-BGE_r1_1.3_1.5_s50_100.fasta	None	Megachilidae	BLAST	family	COI-5P	657	1533	Megachilidae	BGENL2777-24_r_1_s_100	Osmia laticauda	0	BGENL2777-24	1	100	False	False
0	1	data/BGE00195_MGE-BGE_r1_1.3_1.5_s50_100.fasta	None	Megachilidae	BLAST	family	COI-5P	657	1533	Megachilidae	BGENL2777-24_r_1.3_s_50	Osmia laticauda	0	BGENL2777-24	1.3	50	False	False
0	1	data/BGE00195_MGE-BGE_r1_1.3_1.5_s50_100.fasta	None	Megachilidae	BLAST	family	COI-5P	657	1533	Megachilidae	BGENL2777-24_r_1.3_s_100	Osmia laticauda	0	BGENL2777-24	1.3	100	False	False
1	5	data/BGE00195_MGE-BGE_r1_1.3_1.5_s50_100.fasta	None	Megachilidae	BLAST	family	COI-5P	657	1527	Megachilidae	BGENL2777-24_r_1.5_s_50	Osmia laticauda	0	BGENL2777-24	1.5	50	False	False
0	6	data/BGE00195_MGE-BGE_r1_1.3_1.5_s50_100.fasta	None	Megachilidae	BLAST	family	COI-5P	657	1512	Megachilidae	BGENL2777-24_r_1.5_s_100	Osmia laticauda	0	BGENL2777-24	1.5	100	False	False
0	1	data/BGE00195_MGE-BGE_r1_1.3_1.5_s50_100.fasta	None	Megachilidae	BLAST	family	COI-5P	657	1536	Megachilidae	BGENL2778-24_r_1_s_50	Osmia laticauda	0	BGENL2778-24	1	50	False	False
0	2	data/BGE00195_MGE-BGE_r1_1.3_1.5_s50_100.fasta	None	Megachilidae	BLAST	family	COI-5P	657	1533	Megachilidae	BGENL2778-24_r_1_s_100	Osmia laticauda	0	BGENL2778-24	1	100	False	False
0	1	data/BGE00195_MGE-BGE_r1_1.3_1.5_s50_100.fasta	None	Megachilidae	BLAST	family	COI-5P	657	1533	Megachilidae	BGENL2778-24_r_1.3_s_50	Osmia laticauda	0	BGENL2778-24	1.3	50	False	False
0	2	data/BGE00195_MGE-BGE_r1_1.3_1.5_s50_100.fasta	None	Megachilidae	BLAST	family	COI-5P	657	1533	Megachilidae	BGENL2778-24_r_1.3_s_100	Osmia laticauda	0	BGENL2778-24	1.3	100	False	False
0	2	data/BGE00195_MGE-BGE_r1_1.3_1.5_s50_100.fasta	None	Megachilidae	BLAST	family	COI-5P	657	1533	Megachilidae	BGENL2778-24_r_1.5_s_50	Osmia laticauda	0	BGENL2778-24	1.5	50	False	False
0	2	data/BGE00195_MGE-BGE_r1_1.3_1.5_s50_100.fasta	None	Megachilidae	BLAST	family	COI-5P	657	1524	Megachilidae	BGENL2778-24_r_1.5_s_100	Osmia laticauda	0	BGENL2778-24	1.5	100	False	False
0	2	data/BGE00195_MGE-BGE_r1_1.3_1.5_s50_100.fasta	None	Megachilidae	BLAST	family	COI-5P	649	1533	Apidae,Megachilidae	BGENL2779-24_r_1_s_50	Osmia madeirensis	0	BGENL2779-24	1	50	False	False
0	1	data/BGE00195_MGE-BGE_r1_1.3_1.5_s50_100.fasta	None	Megachilidae	BLAST	family	COI-5P	657	1533	Apidae,Megachilidae	BGENL2779-24_r_1_s_100	Osmia madeirensis	0	BGENL2779-24	1	100	False	False
0	0	data/BGE00195_MGE-BGE_r1_1.3_1.5_s50_100.fasta	None	Megachilidae	BLAST	family	COI-5P	657	1434	Apidae,Megachilidae	BGENL2779-24_r_1.3_s_50	Osmia madeirensis	0	BGENL2779-24	1.3	50	False	False
0	0	data/BGE00195_MGE-BGE_r1_1.3_1.5_s50_100.fasta	None	Megachilidae	BLAST	family	COI-5P	657	1434	Apidae,Megachilidae	BGENL2779-24_r_1.3_s_100	Osmia madeirensis	0	BGENL2779-24	1.3	100	False	False
0	0	data/BGE00195_MGE-BGE_r1_1.3_1.5_s50_100.fasta	None	Megachilidae	BLAST	family	COI-5P	657	1413	Megachilidae	BGENL2779-24_r_1.5_s_50	Osmia madeirensis	0	BGENL2779-24	1.5	50	False	False
0	0	data/BGE00195_MGE-BGE_r1_1.3_1.5_s50_100.fasta	None	Megachilidae	BLAST	family	COI-5P	657	1413	Apidae,Megachilidae	BGENL2779-24_r_1.5_s_100	Osmia madeirensis	0	BGENL2779-24	1.5	100	False	False
5	21	data/BGE00195_MGE-BGE_r1_1.3_1.5_s50_100.fasta	None	Megachilidae	BLAST	family	COI-5P	657	1536	Apidae,Megachilidae	BGENL2780-24_r_1_s_50	Osmia madeirensis	0	BGENL2780-24	1	50	False	False
1	14	data/BGE00195_MGE-BGE_r1_1.3_1.5_s50_100.fasta	None	Megachilidae	BLAST	family	COI-5P	657	1527		BGENL2780-24_r_1_s_100	Osmia madeirensis	0	BGENL2780-24	1	100	False	False
2	3	data/BGE00195_MGE-BGE_r1_1.3_1.5_s50_100.fasta	None	Megachilidae	BLAST	family	COI-5P	657	1467	Megachilidae	BGENL2780-24_r_1.3_s_50	Osmia madeirensis	0	BGENL2780-24	1.3	50	False	False
0	1	data/BGE00195_MGE-BGE_r1_1.3_1.5_s50_100.fasta	None	Megachilidae	BLAST	family	COI-5P	657	1422	Megachilidae	BGENL2780-24_r_1.3_s_100	Osmia madeirensis	0	BGENL2780-24	1.3	100	False	False
0	3	data/BGE00195_MGE-BGE_r1_1.3_1.5_s50_100.fasta	None	Megachilidae	BLAST	family	COI-5P	657	1422	Apidae,Megachilidae	BGENL2780-24_r_1.5_s_50	Osmia madeirensis	0	BGENL2780-24	1.5	50	False	False
0	0	data/BGE00195_MGE-BGE_r1_1.3_1.5_s50_100.fasta	None	Megachilidae	BLAST	family	COI-5P	657	1422	Apidae,Megachilidae	BGENL2780-24_r_1.5_s_100	Osmia madeirensis	0	BGENL2780-24	1.5	100	False	False
2	8	data/BGE00195_MGE-BGE_r1_1.3_1.5_s50_100.fasta	None	Megachilidae	BLAST	family	COI-5P	656	1536	Pyrochroidae,Culicidae,Syrphidae	BGENL2781-24_r_1_s_50	Osmia madeirensis	0	BGENL2781-24	1	50	False	False
1	3	data/BGE00195_MGE-BGE_r1_1.3_1.5_s50_100.fasta	None	Megachilidae	BLAST	family	COI-5P	656	1527	Pyrochroidae,Culicidae,Syrphidae	BGENL2781-24_r_1_s_100	Osmia madeirensis	0	BGENL2781-24	1	100	False	False
5	6	data/BGE00195_MGE-BGE_r1_1.3_1.5_s50_100.fasta	None	Megachilidae	BLAST	family	COI-5P	656	1428	Apidae,Megachilidae	BGENL2781-24_r_1.3_s_50	Osmia madeirensis	0	BGENL2781-24	1.3	50	False	False
0	1	data/BGE00195_MGE-BGE_r1_1.3_1.5_s50_100.fasta	None	Megachilidae	BLAST	family	COI-5P	656	1383	Apidae,Megachilidae	BGENL2781-24_r_1.3_s_100	Osmia madeirensis	0	BGENL2781-24	1.3	100	False	False
2	8	data/BGE00195_MGE-BGE_r1_1.3_1.5_s50_100.fasta	None	Megachilidae	BLAST	family	COI-5P	656	1374	Apidae,Megachilidae	BGENL2781-24_r_1.5_s_50	Osmia madeirensis	0	BGENL2781-24	1.5	50	False	False
2	5	data/BGE00195_MGE-BGE_r1_1.3_1.5_s50_100.fasta	None	Megachilidae	BLAST	family	COI-5P	650	1368	Apidae,Megachilidae	BGENL2781-24_r_1.5_s_100	Osmia madeirensis	0	BGENL2781-24	1.5	100	False	False
0	0	data/BGE00195_MGE-BGE_r1_1.3_1.5_s50_100.fasta	None	Megachilidae	BLAST	family	COI-5P	656	1530	Megachilidae	BGENL2782-24_r_1_s_50	Osmia melanura	0	BGENL2782-24	1	50	False	False
0	0	data/BGE00195_MGE-BGE_r1_1.3_1.5_s50_100.fasta	None	Megachilidae	BLAST	family	COI-5P	656	1527	Megachilidae	BGENL2782-24_r_1_s_100	Osmia melanura	0	BGENL2782-24	1	100	False	False
0	5	data/BGE00195_MGE-BGE_r1_1.3_1.5_s50_100.fasta	None	Megachilidae	BLAST	family	COI-5P	656	1521	Apidae,Megachilidae	BGENL2782-24_r_1.3_s_50	Osmia melanura	0	BGENL2782-24	1.3	50	False	False
0	0	data/BGE00195_MGE-BGE_r1_1.3_1.5_s50_100.fasta	None	Megachilidae	BLAST	family	COI-5P	656	1476	Apidae,Megachilidae	BGENL2782-24_r_1.3_s_100	Osmia melanura	0	BGENL2782-24	1.3	100	False	False
0	5	data/BGE00195_MGE-BGE_r1_1.3_1.5_s50_100.fasta	None	Megachilidae	BLAST	family	COI-5P	656	1455	Apidae,Megachilidae	BGENL2782-24_r_1.5_s_50	Osmia melanura	0	BGENL2782-24	1.5	50	False	False
0	0	data/BGE00195_MGE-BGE_r1_1.3_1.5_s50_100.fasta	None	Megachilidae	BLAST	family	COI-5P	656	1413	Apidae,Megachilidae	BGENL2782-24_r_1.5_s_100	Osmia melanura	0	BGENL2782-24	1.5	100	False	False
0	0	data/BGE00195_MGE-BGE_r1_1.3_1.5_s50_100.fasta	None	Megachilidae	BLAST	family	COI-5P	656	1533	Apidae,Megachilidae	BGENL2783-24_r_1_s_50	Osmia melanura	0	BGENL2783-24	1	50	False	False
0	0	data/BGE00195_MGE-BGE_r1_1.3_1.5_s50_100.fasta	None	Megachilidae	BLAST	family	COI-5P	656	1527	Apidae,Megachilidae	BGENL2783-24_r_1_s_100	Osmia melanura	0	BGENL2783-24	1	100	False	False
0	3	data/BGE00195_MGE-BGE_r1_1.3_1.5_s50_100.fasta	None	Megachilidae	BLAST	family	COI-5P	656	1527	Apidae,Megachilidae	BGENL2783-24_r_1.3_s_50	Osmia melanura	0	BGENL2783-24	1.3	50	False	False
0	0	data/BGE00195_MGE-BGE_r1_1.3_1.5_s50_100.fasta	None	Megachilidae	BLAST	family	COI-5P	656	1503	Apidae,Megachilidae	BGENL2783-24_r_1.3_s_100	Osmia melanura	0	BGENL2783-24	1.3	100	False	False
0	0	data/BGE00195_MGE-BGE_r1_1.3_1.5_s50_100.fasta	None	Megachilidae	BLAST	family	COI-5P	656	1458	Apidae,Megachilidae	BGENL2783-24_r_1.5_s_50	Osmia melanura	0	BGENL2783-24	1.5	50	False	False
0	0	data/BGE00195_MGE-BGE_r1_1.3_1.5_s50_100.fasta	None	Megachilidae	BLAST	family	COI-5P	656	1425	Apidae,Megachilidae	BGENL2783-24_r_1.5_s_100	Osmia melanura	0	BGENL2783-24	1.5	100	False	False
0	0	data/BGE00195_MGE-BGE_r1_1.3_1.5_s50_100.fasta	None	Megachilidae	BLAST	family	COI-5P	656	1533	Apidae,Megachilidae	BGENL2784-24_r_1_s_50	Osmia melanura	0	BGENL2784-24	1	50	False	False
0	0	data/BGE00195_MGE-BGE_r1_1.3_1.5_s50_100.fasta	None	Megachilidae	BLAST	family	COI-5P	656	1527	Apidae,Megachilidae	BGENL2784-24_r_1_s_100	Osmia melanura	0	BGENL2784-24	1	100	False	False
0	0	data/BGE00195_MGE-BGE_r1_1.3_1.5_s50_100.fasta	None	Megachilidae	BLAST	family	COI-5P	656	1476	Apidae,Megachilidae	BGENL2784-24_r_1.3_s_50	Osmia melanura	0	BGENL2784-24	1.3	50	False	False
0	0	data/BGE00195_MGE-BGE_r1_1.3_1.5_s50_100.fasta	None	Megachilidae	BLAST	family	COI-5P	656	1476	Apidae,Megachilidae	BGENL2784-24_r_1.3_s_100	Osmia melanura	0	BGENL2784-24	1.3	100	False	False
0	0	data/BGE00195_MGE-BGE_r1_1.3_1.5_s50_100.fasta	None	Megachilidae	BLAST	family	COI-5P	656	1425	Apidae,Megachilidae	BGENL2784-24_r_1.5_s_50	Osmia melanura	0	BGENL2784-24	1.5	50	False	False
0	0	data/BGE00195_MGE-BGE_r1_1.3_1.5_s50_100.fasta	None	Megachilidae	BLAST	family	COI-5P	656	1425	Apidae,Megachilidae	BGENL2784-24_r_1.5_s_100	Osmia melanura	0	BGENL2784-24	1.5	100	False	False
0	0	data/BGE00195_MGE-BGE_r1_1.3_1.5_s50_100.fasta	None	Megachilidae	BLAST	family	COI-5P	655	1533	Megachilidae	BGENL2785-24_r_1_s_50	Osmia moreensis	0	BGENL2785-24	1	50	False	False
0	0	data/BGE00195_MGE-BGE_r1_1.3_1.5_s50_100.fasta	None	Megachilidae	BLAST	family	COI-5P	655	1533	Megachilidae	BGENL2785-24_r_1_s_100	Osmia moreensis	0	BGENL2785-24	1	100	False	False
0	0	data/BGE00195_MGE-BGE_r1_1.3_1.5_s50_100.fasta	None	Megachilidae	BLAST	family	COI-5P	655	1533	Megachilidae	BGENL2785-24_r_1.3_s_50	Osmia moreensis	0	BGENL2785-24	1.3	50	False	False
0	0	data/BGE00195_MGE-BGE_r1_1.3_1.5_s50_100.fasta	None	Megachilidae	BLAST	family	COI-5P	655	1533	Megachilidae	BGENL2785-24_r_1.3_s_100	Osmia moreensis	0	BGENL2785-24	1.3	100	False	False
0	0	data/BGE00195_MGE-BGE_r1_1.3_1.5_s50_100.fasta	None	Megachilidae	BLAST	family	COI-5P	655	1533	Megachilidae	BGENL2785-24_r_1.5_s_50	Osmia moreensis	0	BGENL2785-24	1.5	50	False	False
0	0	data/BGE00195_MGE-BGE_r1_1.3_1.5_s50_100.fasta	None	Megachilidae	BLAST	family	COI-5P	655	1533	Megachilidae	BGENL2785-24_r_1.5_s_100	Osmia moreensis	0	BGENL2785-24	1.5	100	False	False
3	3	data/BGE00195_MGE-BGE_r1_1.3_1.5_s50_100.fasta	None	Megachilidae	BLAST	family	COI-5P	655	1536	Megachilidae	BGENL2786-24_r_1_s_50	Osmia moreensis	0	BGENL2786-24	1	50	False	False
0	0	data/BGE00195_MGE-BGE_r1_1.3_1.5_s50_100.fasta	None	Megachilidae	BLAST	family	COI-5P	655	1533	Megachilidae	BGENL2786-24_r_1_s_100	Osmia moreensis	0	BGENL2786-24	1	100	False	False
0	0	data/BGE00195_MGE-BGE_r1_1.3_1.5_s50_100.fasta	None	Megachilidae	BLAST	family	COI-5P	655	1533	Megachilidae	BGENL2786-24_r_1.3_s_50	Osmia moreensis	0	BGENL2786-24	1.3	50	False	False
0	0	data/BGE00195_MGE-BGE_r1_1.3_1.5_s50_100.fasta	None	Megachilidae	BLAST	family	COI-5P	655	1533	Megachilidae	BGENL2786-24_r_1.3_s_100	Osmia moreensis	0	BGENL2786-24	1.3	100	False	False
0	0	data/BGE00195_MGE-BGE_r1_1.3_1.5_s50_100.fasta	None	Megachilidae	BLAST	family	COI-5P	655	1533	Megachilidae	BGENL2786-24_r_1.5_s_50	Osmia moreensis	0	BGENL2786-24	1.5	50	False	False
0	0	data/BGE00195_MGE-BGE_r1_1.3_1.5_s50_100.fasta	None	Megachilidae	BLAST	family	COI-5P	655	1533	Megachilidae	BGENL2786-24_r_1.5_s_100	Osmia moreensis	0	BGENL2786-24	1.5	100	False	False
0	0	data/BGE00195_MGE-BGE_r1_1.3_1.5_s50_100.fasta	None	Megachilidae	BLAST	family	COI-5P	655	1536	Megachilidae	BGENL2787-24_r_1_s_50	Osmia moreensis	0	BGENL2787-24	1	50	False	False
0	0	data/BGE00195_MGE-BGE_r1_1.3_1.5_s50_100.fasta	None	Megachilidae	BLAST	family	COI-5P	655	1533	Megachilidae	BGENL2787-24_r_1_s_100	Osmia moreensis	0	BGENL2787-24	1	100	False	False
0	0	data/BGE00195_MGE-BGE_r1_1.3_1.5_s50_100.fasta	None	Megachilidae	BLAST	family	COI-5P	655	1533	Megachilidae	BGENL2787-24_r_1.3_s_50	Osmia moreensis	0	BGENL2787-24	1.3	50	False	False
0	0	data/BGE00195_MGE-BGE_r1_1.3_1.5_s50_100.fasta	None	Megachilidae	BLAST	family	COI-5P	655	1533	Megachilidae	BGENL2787-24_r_1.3_s_100	Osmia moreensis	0	BGENL2787-24	1.3	100	False	False
0	0	data/BGE00195_MGE-BGE_r1_1.3_1.5_s50_100.fasta	None	Megachilidae	BLAST	family	COI-5P	655	1533	Megachilidae	BGENL2787-24_r_1.5_s_50	Osmia moreensis	0	BGENL2787-24	1.5	50	False	False
0	0	data/BGE00195_MGE-BGE_r1_1.3_1.5_s50_100.fasta	None	Megachilidae	BLAST	family	COI-5P	655	1533	Megachilidae	BGENL2787-24_r_1.5_s_100	Osmia moreensis	0	BGENL2787-24	1.5	100	False	False
0	0	data/BGE00195_MGE-BGE_r1_1.3_1.5_s50_100.fasta	None	Megachilidae	BLAST	family	COI-5P	656	1536	Megachilidae	BGENL2788-24_r_1_s_50	Osmia nana	0	BGENL2788-24	1	50	False	False
0	0	data/BGE00195_MGE-BGE_r1_1.3_1.5_s50_100.fasta	None	Megachilidae	BLAST	family	COI-5P	656	1533	Megachilidae	BGENL2788-24_r_1_s_100	Osmia nana	0	BGENL2788-24	1	100	False	False
0	0	data/BGE00195_MGE-BGE_r1_1.3_1.5_s50_100.fasta	None	Megachilidae	BLAST	family	COI-5P	656	1533	Megachilidae	BGENL2788-24_r_1.3_s_50	Osmia nana	0	BGENL2788-24	1.3	50	False	False
0	0	data/BGE00195_MGE-BGE_r1_1.3_1.5_s50_100.fasta	None	Megachilidae	BLAST	family	COI-5P	656	1533	Megachilidae	BGENL2788-24_r_1.3_s_100	Osmia nana	0	BGENL2788-24	1.3	100	False	False
0	0	data/BGE00195_MGE-BGE_r1_1.3_1.5_s50_100.fasta	None	Megachilidae	BLAST	family	COI-5P	656	1533	Megachilidae	BGENL2788-24_r_1.5_s_50	Osmia nana	0	BGENL2788-24	1.5	50	False	False
0	0	data/BGE00195_MGE-BGE_r1_1.3_1.5_s50_100.fasta	None	Megachilidae	BLAST	family	COI-5P	656	1533	Megachilidae	BGENL2788-24_r_1.5_s_100	Osmia nana	0	BGENL2788-24	1.5	100	False	False
0	0	data/BGE00195_MGE-BGE_r1_1.3_1.5_s50_100.fasta	None	Megachilidae	BLAST	family	COI-5P	656	1533	Megachilidae	BGENL2789-24_r_1_s_50	Osmia nana	0	BGENL2789-24	1	50	False	False
0	0	data/BGE00195_MGE-BGE_r1_1.3_1.5_s50_100.fasta	None	Megachilidae	BLAST	family	COI-5P	656	1533	Megachilidae	BGENL2789-24_r_1_s_100	Osmia nana	0	BGENL2789-24	1	100	False	False
0	0	data/BGE00195_MGE-BGE_r1_1.3_1.5_s50_100.fasta	None	Megachilidae	BLAST	family	COI-5P	656	1533	Megachilidae	BGENL2789-24_r_1.3_s_50	Osmia nana	0	BGENL2789-24	1.3	50	False	False
0	0	data/BGE00195_MGE-BGE_r1_1.3_1.5_s50_100.fasta	None	Megachilidae	BLAST	family	COI-5P	656	1533	Megachilidae	BGENL2789-24_r_1.3_s_100	Osmia nana	0	BGENL2789-24	1.3	100	False	False
0	0	data/BGE00195_MGE-BGE_r1_1.3_1.5_s50_100.fasta	None	Megachilidae	BLAST	family	COI-5P	656	1527	Megachilidae	BGENL2789-24_r_1.5_s_50	Osmia nana	0	BGENL2789-24	1.5	50	False	False
0	0	data/BGE00195_MGE-BGE_r1_1.3_1.5_s50_100.fasta	None	Megachilidae	BLAST	family	COI-5P	656	1521	Megachilidae	BGENL2789-24_r_1.5_s_100	Osmia nana	0	BGENL2789-24	1.5	100	False	False
2	2	data/BGE00195_MGE-BGE_r1_1.3_1.5_s50_100.fasta	None	Megachilidae	BLAST	family	COI-5P	656	1536	Megachilidae	BGENL2790-24_r_1_s_50	Osmia nana	0	BGENL2790-24	1	50	False	False
2	2	data/BGE00195_MGE-BGE_r1_1.3_1.5_s50_100.fasta	None	Megachilidae	BLAST	family	COI-5P	656	1533	Megachilidae	BGENL2790-24_r_1_s_100	Osmia nana	0	BGENL2790-24	1	100	False	False
0	0	data/BGE00195_MGE-BGE_r1_1.3_1.5_s50_100.fasta	None	Megachilidae	BLAST	family	COI-5P	656	1533	Megachilidae	BGENL2790-24_r_1.3_s_50	Osmia nana	0	BGENL2790-24	1.3	50	False	False
0	0	data/BGE00195_MGE-BGE_r1_1.3_1.5_s50_100.fasta	None	Megachilidae	BLAST	family	COI-5P	656	1533	Megachilidae	BGENL2790-24_r_1.3_s_100	Osmia nana	0	BGENL2790-24	1.3	100	False	False
0	0	data/BGE00195_MGE-BGE_r1_1.3_1.5_s50_100.fasta	None	Megachilidae	BLAST	family	COI-5P	656	1494	Megachilidae	BGENL2790-24_r_1.5_s_50	Osmia nana	0	BGENL2790-24	1.5	50	False	False
0	0	data/BGE00195_MGE-BGE_r1_1.3_1.5_s50_100.fasta	None	Megachilidae	BLAST	family	COI-5P	656	1494	Megachilidae	BGENL2790-24_r_1.5_s_100	Osmia nana	0	BGENL2790-24	1.5	100	False	False
0	0	data/BGE00195_MGE-BGE_r1_1.3_1.5_s50_100.fasta	None	Megachilidae	BLAST	family	COI-5P	656	1533	Apidae,Megachilidae	BGENL2791-24_r_1_s_50	Osmia nuda	0	BGENL2791-24	1	50	False	False
0	0	data/BGE00195_MGE-BGE_r1_1.3_1.5_s50_100.fasta	None	Megachilidae	BLAST	family	COI-5P	656	1533	Apidae,Megachilidae	BGENL2791-24_r_1_s_100	Osmia nuda	0	BGENL2791-24	1	100	False	False
0	0	data/BGE00195_MGE-BGE_r1_1.3_1.5_s50_100.fasta	None	Megachilidae	BLAST	family	COI-5P	656	1533	Apidae,Megachilidae	BGENL2791-24_r_1.3_s_50	Osmia nuda	0	BGENL2791-24	1.3	50	False	False
0	0	data/BGE00195_MGE-BGE_r1_1.3_1.5_s50_100.fasta	None	Megachilidae	BLAST	family	COI-5P	656	1533	Apidae,Megachilidae	BGENL2791-24_r_1.3_s_100	Osmia nuda	0	BGENL2791-24	1.3	100	False	False
0	0	data/BGE00195_MGE-BGE_r1_1.3_1.5_s50_100.fasta	None	Megachilidae	BLAST	family	COI-5P	656	1437	Apidae,Megachilidae	BGENL2791-24_r_1.5_s_50	Osmia nuda	0	BGENL2791-24	1.5	50	False	False
0	0	data/BGE00195_MGE-BGE_r1_1.3_1.5_s50_100.fasta	None	Megachilidae	BLAST	family	COI-5P	656	1389	Apidae,Megachilidae	BGENL2791-24_r_1.5_s_100	Osmia nuda	0	BGENL2791-24	1.5	100	False	False
13	13	data/BGE00195_MGE-BGE_r1_1.3_1.5_s50_100.fasta	None	Megachilidae	BLAST	family	COI-5P	656	1533	Apidae,Megachilidae	BGENL2792-24_r_1_s_50	Osmia nuda	0	BGENL2792-24	1	50	False	False
2	2	data/BGE00195_MGE-BGE_r1_1.3_1.5_s50_100.fasta	None	Megachilidae	BLAST	family	COI-5P	656	1533	Apidae,Megachilidae	BGENL2792-24_r_1_s_100	Osmia nuda	0	BGENL2792-24	1	100	False	False
2	2	data/BGE00195_MGE-BGE_r1_1.3_1.5_s50_100.fasta	None	Megachilidae	BLAST	family	COI-5P	656	1518	Apidae,Megachilidae	BGENL2792-24_r_1.3_s_50	Osmia nuda	0	BGENL2792-24	1.3	50	False	False
0	0	data/BGE00195_MGE-BGE_r1_1.3_1.5_s50_100.fasta	None	Megachilidae	BLAST	family	COI-5P	656	1518	Apidae,Megachilidae	BGENL2792-24_r_1.3_s_100	Osmia nuda	0	BGENL2792-24	1.3	100	False	False
5	5	data/BGE00195_MGE-BGE_r1_1.3_1.5_s50_100.fasta	None	Megachilidae	BLAST	family	COI-5P	656	1404	Apidae,Megachilidae	BGENL2792-24_r_1.5_s_50	Osmia nuda	0	BGENL2792-24	1.5	50	False	False
0	0	data/BGE00195_MGE-BGE_r1_1.3_1.5_s50_100.fasta	None	Megachilidae	BLAST	family	COI-5P	656	1404	Apidae,Megachilidae	BGENL2792-24_r_1.5_s_100	Osmia nuda	0	BGENL2792-24	1.5	100	False	False
0	4	data/BGE00195_MGE-BGE_r1_1.3_1.5_s50_100.fasta	None	Megachilidae	BLAST	family	COI-5P	656	1533	Apidae,Megachilidae	BGENL2793-24_r_1_s_50	Osmia nuda	0	BGENL2793-24	1	50	False	False
0	0	data/BGE00195_MGE-BGE_r1_1.3_1.5_s50_100.fasta	None	Megachilidae	BLAST	family	COI-5P	656	1533	Apidae,Megachilidae	BGENL2793-24_r_1_s_100	Osmia nuda	0	BGENL2793-24	1	100	False	False
0	0	data/BGE00195_MGE-BGE_r1_1.3_1.5_s50_100.fasta	None	Megachilidae	BLAST	family	COI-5P	656	1533	Apidae,Megachilidae	BGENL2793-24_r_1.3_s_50	Osmia nuda	0	BGENL2793-24	1.3	50	False	False
0	0	data/BGE00195_MGE-BGE_r1_1.3_1.5_s50_100.fasta	None	Megachilidae	BLAST	family	COI-5P	656	1530	Apidae,Megachilidae	BGENL2793-24_r_1.3_s_100	Osmia nuda	0	BGENL2793-24	1.3	100	False	False
0	2	data/BGE00195_MGE-BGE_r1_1.3_1.5_s50_100.fasta	None	Megachilidae	BLAST	family	COI-5P	656	1455	Apidae,Megachilidae	BGENL2793-24_r_1.5_s_50	Osmia nuda	0	BGENL2793-24	1.5	50	False	False
0	0	data/BGE00195_MGE-BGE_r1_1.3_1.5_s50_100.fasta	None	Megachilidae	BLAST	family	COI-5P	656	1398	Apidae,Megachilidae	BGENL2793-24_r_1.5_s_100	Osmia nuda	0	BGENL2793-24	1.5	100	False	False
0	0	data/BGE00195_MGE-BGE_r1_1.3_1.5_s50_100.fasta	None	Megachilidae	BLAST	family	COI-5P	656	1536	Apidae,Megachilidae	BGENL2794-24_r_1_s_50	Osmia rhodoensis	0	BGENL2794-24	1	50	False	False
0	0	data/BGE00195_MGE-BGE_r1_1.3_1.5_s50_100.fasta	None	Megachilidae	BLAST	family	COI-5P	656	1533	Apidae,Megachilidae	BGENL2794-24_r_1_s_100	Osmia rhodoensis	0	BGENL2794-24	1	100	False	False
0	0	data/BGE00195_MGE-BGE_r1_1.3_1.5_s50_100.fasta	None	Megachilidae	BLAST	family	COI-5P	656	1533	Apidae,Megachilidae	BGENL2794-24_r_1.3_s_50	Osmia rhodoensis	0	BGENL2794-24	1.3	50	False	False
0	0	data/BGE00195_MGE-BGE_r1_1.3_1.5_s50_100.fasta	None	Megachilidae	BLAST	family	COI-5P	656	1533	Apidae,Megachilidae	BGENL2794-24_r_1.3_s_100	Osmia rhodoensis	0	BGENL2794-24	1.3	100	False	False
0	0	data/BGE00195_MGE-BGE_r1_1.3_1.5_s50_100.fasta	None	Megachilidae	BLAST	family	COI-5P	656	1524	Apidae,Megachilidae	BGENL2794-24_r_1.5_s_50	Osmia rhodoensis	0	BGENL2794-24	1.5	50	False	False
0	0	data/BGE00195_MGE-BGE_r1_1.3_1.5_s50_100.fasta	None	Megachilidae	BLAST	family	COI-5P	656	1479	Apidae,Megachilidae	BGENL2794-24_r_1.5_s_100	Osmia rhodoensis	0	BGENL2794-24	1.5	100	False	False
0	0	data/BGE00195_MGE-BGE_r1_1.3_1.5_s50_100.fasta	None	Megachilidae	BLAST	family	COI-5P	656	1536	Apidae,Megachilidae	BGENL2795-24_r_1_s_50	Osmia rhodoensis	0	BGENL2795-24	1	50	False	False
0	0	data/BGE00195_MGE-BGE_r1_1.3_1.5_s50_100.fasta	None	Megachilidae	BLAST	family	COI-5P	656	1533	Apidae,Megachilidae	BGENL2795-24_r_1_s_100	Osmia rhodoensis	0	BGENL2795-24	1	100	False	False
0	0	data/BGE00195_MGE-BGE_r1_1.3_1.5_s50_100.fasta	None	Megachilidae	BLAST	family	COI-5P	656	1533	Apidae,Megachilidae	BGENL2795-24_r_1.3_s_50	Osmia rhodoensis	0	BGENL2795-24	1.3	50	False	False
0	0	data/BGE00195_MGE-BGE_r1_1.3_1.5_s50_100.fasta	None	Megachilidae	BLAST	family	COI-5P	656	1533	Apidae,Megachilidae	BGENL2795-24_r_1.3_s_100	Osmia rhodoensis	0	BGENL2795-24	1.3	100	False	False
0	0	data/BGE00195_MGE-BGE_r1_1.3_1.5_s50_100.fasta	None	Megachilidae	BLAST	family	COI-5P	656	1509	Apidae,Megachilidae	BGENL2795-24_r_1.5_s_50	Osmia rhodoensis	0	BGENL2795-24	1.5	50	False	False
0	0	data/BGE00195_MGE-BGE_r1_1.3_1.5_s50_100.fasta	None	Megachilidae	BLAST	family	COI-5P	656	1413	Apidae,Megachilidae	BGENL2795-24_r_1.5_s_100	Osmia rhodoensis	0	BGENL2795-24	1.5	100	False	False
0	0	data/BGE00195_MGE-BGE_r1_1.3_1.5_s50_100.fasta	None	Megachilidae	BLAST	family	COI-5P	656	1536	Apidae,Megachilidae	BGENL2796-24_r_1_s_50	Osmia rhodoensis	0	BGENL2796-24	1	50	False	False
0	0	data/BGE00195_MGE-BGE_r1_1.3_1.5_s50_100.fasta	None	Megachilidae	BLAST	family	COI-5P	656	1533	Apidae,Megachilidae	BGENL2796-24_r_1_s_100	Osmia rhodoensis	0	BGENL2796-24	1	100	False	False
0	0	data/BGE00195_MGE-BGE_r1_1.3_1.5_s50_100.fasta	None	Megachilidae	BLAST	family	COI-5P	656	1533	Apidae,Megachilidae	BGENL2796-24_r_1.3_s_50	Osmia rhodoensis	0	BGENL2796-24	1.3	50	False	False
0	0	data/BGE00195_MGE-BGE_r1_1.3_1.5_s50_100.fasta	None	Megachilidae	BLAST	family	COI-5P	656	1533	Apidae,Megachilidae	BGENL2796-24_r_1.3_s_100	Osmia rhodoensis	0	BGENL2796-24	1.3	100	False	False
0	1	data/BGE00195_MGE-BGE_r1_1.3_1.5_s50_100.fasta	None	Megachilidae	BLAST	family	COI-5P	656	1533	Apidae,Megachilidae	BGENL2796-24_r_1.5_s_50	Osmia rhodoensis	0	BGENL2796-24	1.5	50	False	False
0	0	data/BGE00195_MGE-BGE_r1_1.3_1.5_s50_100.fasta	None	Megachilidae	BLAST	family	COI-5P	656	1518	Apidae,Megachilidae	BGENL2796-24_r_1.5_s_100	Osmia rhodoensis	0	BGENL2796-24	1.5	100	False	False
0	0	data/BGE00195_MGE-BGE_r1_1.3_1.5_s50_100.fasta	None	Megachilidae	BLAST	family	COI-5P	656	1533	Apidae,Megachilidae	BGENL2797-24_r_1_s_50	Osmia rutila	0	BGENL2797-24	1	50	False	False
0	0	data/BGE00195_MGE-BGE_r1_1.3_1.5_s50_100.fasta	None	Megachilidae	BLAST	family	COI-5P	656	1533	Apidae,Megachilidae	BGENL2797-24_r_1_s_100	Osmia rutila	0	BGENL2797-24	1	100	False	False
0	0	data/BGE00195_MGE-BGE_r1_1.3_1.5_s50_100.fasta	None	Megachilidae	BLAST	family	COI-5P	656	1521	Apidae,Megachilidae	BGENL2797-24_r_1.3_s_50	Osmia rutila	0	BGENL2797-24	1.3	50	False	False
0	0	data/BGE00195_MGE-BGE_r1_1.3_1.5_s50_100.fasta	None	Megachilidae	BLAST	family	COI-5P	656	1476	Apidae,Megachilidae	BGENL2797-24_r_1.3_s_100	Osmia rutila	0	BGENL2797-24	1.3	100	False	False
0	0	data/BGE00195_MGE-BGE_r1_1.3_1.5_s50_100.fasta	None	Megachilidae	BLAST	family	COI-5P	656	1419	Apidae,Megachilidae	BGENL2797-24_r_1.5_s_50	Osmia rutila	0	BGENL2797-24	1.5	50	False	False
0	0	data/BGE00195_MGE-BGE_r1_1.3_1.5_s50_100.fasta	None	Megachilidae	BLAST	family	COI-5P	656	1419	Apidae,Megachilidae	BGENL2797-24_r_1.5_s_100	Osmia rutila	0	BGENL2797-24	1.5	100	False	False
0	0	data/BGE00195_MGE-BGE_r1_1.3_1.5_s50_100.fasta	None	Megachilidae	BLAST	family	COI-5P	656	1536	Apidae,Megachilidae	BGENL2798-24_r_1_s_50	Osmia rutila	0	BGENL2798-24	1	50	False	False
0	0	data/BGE00195_MGE-BGE_r1_1.3_1.5_s50_100.fasta	None	Megachilidae	BLAST	family	COI-5P	656	1533	Apidae,Megachilidae	BGENL2798-24_r_1_s_100	Osmia rutila	0	BGENL2798-24	1	100	False	False
0	0	data/BGE00195_MGE-BGE_r1_1.3_1.5_s50_100.fasta	None	Megachilidae	BLAST	family	COI-5P	656	1533	Apidae,Megachilidae	BGENL2798-24_r_1.3_s_50	Osmia rutila	0	BGENL2798-24	1.3	50	False	False
0	0	data/BGE00195_MGE-BGE_r1_1.3_1.5_s50_100.fasta	None	Megachilidae	BLAST	family	COI-5P	656	1491	Apidae,Megachilidae	BGENL2798-24_r_1.3_s_100	Osmia rutila	0	BGENL2798-24	1.3	100	False	False
0	0	data/BGE00195_MGE-BGE_r1_1.3_1.5_s50_100.fasta	None	Megachilidae	BLAST	family	COI-5P	656	1425	Apidae,Megachilidae	BGENL2798-24_r_1.5_s_50	Osmia rutila	0	BGENL2798-24	1.5	50	False	False
0	0	data/BGE00195_MGE-BGE_r1_1.3_1.5_s50_100.fasta	None	Megachilidae	BLAST	family	COI-5P	656	1425	Apidae,Megachilidae	BGENL2798-24_r_1.5_s_100	Osmia rutila	0	BGENL2798-24	1.5	100	False	False
0	0	data/BGE00195_MGE-BGE_r1_1.3_1.5_s50_100.fasta	None	Megachilidae	BLAST	family	COI-5P	656	1533	Apidae,Megachilidae	BGENL2799-24_r_1_s_50	Osmia rutila	0	BGENL2799-24	1	50	False	False
0	0	data/BGE00195_MGE-BGE_r1_1.3_1.5_s50_100.fasta	None	Megachilidae	BLAST	family	COI-5P	656	1533	Apidae,Megachilidae	BGENL2799-24_r_1_s_100	Osmia rutila	0	BGENL2799-24	1	100	False	False
0	0	data/BGE00195_MGE-BGE_r1_1.3_1.5_s50_100.fasta	None	Megachilidae	BLAST	family	COI-5P	656	1521	Apidae,Megachilidae	BGENL2799-24_r_1.3_s_50	Osmia rutila	0	BGENL2799-24	1.3	50	False	False
0	0	data/BGE00195_MGE-BGE_r1_1.3_1.5_s50_100.fasta	None	Megachilidae	BLAST	family	COI-5P	656	1476	Apidae,Megachilidae	BGENL2799-24_r_1.3_s_100	Osmia rutila	0	BGENL2799-24	1.3	100	False	False
0	0	data/BGE00195_MGE-BGE_r1_1.3_1.5_s50_100.fasta	None	Megachilidae	BLAST	family	COI-5P	656	1440	Apidae,Megachilidae	BGENL2799-24_r_1.5_s_50	Osmia rutila	0	BGENL2799-24	1.5	50	False	False
0	0	data/BGE00195_MGE-BGE_r1_1.3_1.5_s50_100.fasta	None	Megachilidae	BLAST	family	COI-5P	656	1440	Apidae,Megachilidae	BGENL2799-24_r_1.5_s_100	Osmia rutila	0	BGENL2799-24	1.5	100	False	False
0	0	data/BGE00195_MGE-BGE_r1_1.3_1.5_s50_100.fasta	None	Megachilidae	BLAST	family	COI-5P	656	1533	Megachilidae	BGENL2800-24_r_1_s_50	Osmia subcornuta	0	BGENL2800-24	1	50	False	False
0	0	data/BGE00195_MGE-BGE_r1_1.3_1.5_s50_100.fasta	None	Megachilidae	BLAST	family	COI-5P	656	1533	Megachilidae	BGENL2800-24_r_1_s_100	Osmia subcornuta	0	BGENL2800-24	1	100	False	False
0	0	data/BGE00195_MGE-BGE_r1_1.3_1.5_s50_100.fasta	None	Megachilidae	BLAST	family	COI-5P	656	1533	Megachilidae	BGENL2800-24_r_1.3_s_50	Osmia subcornuta	0	BGENL2800-24	1.3	50	False	False
0	0	data/BGE00195_MGE-BGE_r1_1.3_1.5_s50_100.fasta	None	Megachilidae	BLAST	family	COI-5P	656	1533	Megachilidae	BGENL2800-24_r_1.3_s_100	Osmia subcornuta	0	BGENL2800-24	1.3	100	False	False
0	0	data/BGE00195_MGE-BGE_r1_1.3_1.5_s50_100.fasta	None	Megachilidae	BLAST	family	COI-5P	656	1533	Megachilidae	BGENL2800-24_r_1.5_s_50	Osmia subcornuta	0	BGENL2800-24	1.5	50	False	False
0	0	data/BGE00195_MGE-BGE_r1_1.3_1.5_s50_100.fasta	None	Megachilidae	BLAST	family	COI-5P	656	1533	Megachilidae	BGENL2800-24_r_1.5_s_100	Osmia subcornuta	0	BGENL2800-24	1.5	100	False	False
0	0	data/BGE00195_MGE-BGE_r1_1.3_1.5_s50_100.fasta	None	Megachilidae	BLAST	family	COI-5P	656	1536	Megachilidae	BGENL2801-24_r_1_s_50	Osmia subcornuta	0	BGENL2801-24	1	50	False	False
0	0	data/BGE00195_MGE-BGE_r1_1.3_1.5_s50_100.fasta	None	Megachilidae	BLAST	family	COI-5P	656	1533	Megachilidae	BGENL2801-24_r_1_s_100	Osmia subcornuta	0	BGENL2801-24	1	100	False	False
0	0	data/BGE00195_MGE-BGE_r1_1.3_1.5_s50_100.fasta	None	Megachilidae	BLAST	family	COI-5P	656	1533	Megachilidae	BGENL2801-24_r_1.3_s_50	Osmia subcornuta	0	BGENL2801-24	1.3	50	False	False
0	0	data/BGE00195_MGE-BGE_r1_1.3_1.5_s50_100.fasta	None	Megachilidae	BLAST	family	COI-5P	656	1533	Megachilidae	BGENL2801-24_r_1.3_s_100	Osmia subcornuta	0	BGENL2801-24	1.3	100	False	False
0	0	data/BGE00195_MGE-BGE_r1_1.3_1.5_s50_100.fasta	None	Megachilidae	BLAST	family	COI-5P	656	1524	Megachilidae	BGENL2801-24_r_1.5_s_50	Osmia subcornuta	0	BGENL2801-24	1.5	50	False	False
0	0	data/BGE00195_MGE-BGE_r1_1.3_1.5_s50_100.fasta	None	Megachilidae	BLAST	family	COI-5P	656	1524	Megachilidae	BGENL2801-24_r_1.5_s_100	Osmia subcornuta	0	BGENL2801-24	1.5	100	False	False
0	0	data/BGE00195_MGE-BGE_r1_1.3_1.5_s50_100.fasta	None	Megachilidae	BLAST	family	COI-5P	656	1533	Megachilidae	BGENL2802-24_r_1_s_50	Osmia subcornuta	0	BGENL2802-24	1	50	False	False
0	0	data/BGE00195_MGE-BGE_r1_1.3_1.5_s50_100.fasta	None	Megachilidae	BLAST	family	COI-5P	656	1533	Megachilidae	BGENL2802-24_r_1_s_100	Osmia subcornuta	0	BGENL2802-24	1	100	False	False
0	0	data/BGE00195_MGE-BGE_r1_1.3_1.5_s50_100.fasta	None	Megachilidae	BLAST	family	COI-5P	656	1533	Megachilidae	BGENL2802-24_r_1.3_s_50	Osmia subcornuta	0	BGENL2802-24	1.3	50	False	False
0	0	data/BGE00195_MGE-BGE_r1_1.3_1.5_s50_100.fasta	None	Megachilidae	BLAST	family	COI-5P	656	1533	Megachilidae	BGENL2802-24_r_1.3_s_100	Osmia subcornuta	0	BGENL2802-24	1.3	100	False	False
0	0	data/BGE00195_MGE-BGE_r1_1.3_1.5_s50_100.fasta	None	Megachilidae	BLAST	family	COI-5P	656	1533	Megachilidae	BGENL2802-24_r_1.5_s_50	Osmia subcornuta	0	BGENL2802-24	1.5	50	False	False
0	0	data/BGE00195_MGE-BGE_r1_1.3_1.5_s50_100.fasta	None	Megachilidae	BLAST	family	COI-5P	656	1533	Megachilidae	BGENL2802-24_r_1.5_s_100	Osmia subcornuta	0	BGENL2802-24	1.5	100	False	False
0	11	data/BGE00195_MGE-BGE_r1_1.3_1.5_s50_100.fasta	None	Megachilidae	BLAST	family	COI-5P	654	1533	Apidae,Megachilidae	BGENL2803-24_r_1_s_50	Osmia sybarita	0	BGENL2803-24	1	50	False	False
11	23	data/BGE00195_MGE-BGE_r1_1.3_1.5_s50_100.fasta	None	Megachilidae	BLAST	family	COI-5P	654	1524	Megachilidae	BGENL2803-24_r_1_s_100	Osmia sybarita	0	BGENL2803-24	1	100	False	False
0	0	data/BGE00195_MGE-BGE_r1_1.3_1.5_s50_100.fasta	None	Megachilidae	BLAST	family	COI-5P	654	1488	Apidae,Megachilidae	BGENL2803-24_r_1.3_s_50	Osmia sybarita	0	BGENL2803-24	1.3	50	False	False
1	1	data/BGE00195_MGE-BGE_r1_1.3_1.5_s50_100.fasta	None	Megachilidae	BLAST	family	COI-5P	654	1374	Megachilidae	BGENL2803-24_r_1.3_s_100	Osmia sybarita	0	BGENL2803-24	1.3	100	False	False
0	0	data/BGE00195_MGE-BGE_r1_1.3_1.5_s50_100.fasta	None	Megachilidae	BLAST	family	COI-5P	654	1389	Apidae,Megachilidae	BGENL2803-24_r_1.5_s_50	Osmia sybarita	0	BGENL2803-24	1.5	50	False	False
0	0	data/BGE00195_MGE-BGE_r1_1.3_1.5_s50_100.fasta	None	Megachilidae	BLAST	family	COI-5P	654	1374	Apidae,Megachilidae	BGENL2803-24_r_1.5_s_100	Osmia sybarita	0	BGENL2803-24	1.5	100	False	False
0	0	data/BGE00195_MGE-BGE_r1_1.3_1.5_s50_100.fasta	None	Megachilidae	BLAST	family	COI-5P	654	1533	Megachilidae	BGENL2804-24_r_1_s_50	Osmia sybarita	0	BGENL2804-24	1	50	False	False
0	0	data/BGE00195_MGE-BGE_r1_1.3_1.5_s50_100.fasta	None	Megachilidae	BLAST	family	COI-5P	654	1533	Apidae,Megachilidae	BGENL2804-24_r_1_s_100	Osmia sybarita	0	BGENL2804-24	1	100	False	False
0	0	data/BGE00195_MGE-BGE_r1_1.3_1.5_s50_100.fasta	None	Megachilidae	BLAST	family	COI-5P	654	1470	Apidae,Megachilidae	BGENL2804-24_r_1.3_s_50	Osmia sybarita	0	BGENL2804-24	1.3	50	False	False
0	0	data/BGE00195_MGE-BGE_r1_1.3_1.5_s50_100.fasta	None	Megachilidae	BLAST	family	COI-5P	654	1425	Apidae,Megachilidae	BGENL2804-24_r_1.3_s_100	Osmia sybarita	0	BGENL2804-24	1.3	100	False	False
0	2	data/BGE00195_MGE-BGE_r1_1.3_1.5_s50_100.fasta	None	Megachilidae	BLAST	family	COI-5P	654	1365	Apidae,Megachilidae	BGENL2804-24_r_1.5_s_50	Osmia sybarita	0	BGENL2804-24	1.5	50	False	False
0	0	data/BGE00195_MGE-BGE_r1_1.3_1.5_s50_100.fasta	None	Megachilidae	BLAST	family	COI-5P	654	1359	Apidae,Megachilidae	BGENL2804-24_r_1.5_s_100	Osmia sybarita	0	BGENL2804-24	1.5	100	False	False
11	18	data/BGE00195_MGE-BGE_r1_1.3_1.5_s50_100.fasta	None	Megachilidae	BLAST	family	COI-5P	655	1533	Apidae,Megachilidae	BGENL2805-24_r_1_s_50	Osmia tergestensis	0	BGENL2805-24	1	50	False	False
13	14	data/BGE00195_MGE-BGE_r1_1.3_1.5_s50_100.fasta	None	Megachilidae	BLAST	family	COI-5P	655	1533	Megachilidae	BGENL2805-24_r_1_s_100	Osmia tergestensis	0	BGENL2805-24	1	100	False	False
0	1	data/BGE00195_MGE-BGE_r1_1.3_1.5_s50_100.fasta	None	Megachilidae	BLAST	family	COI-5P	655	1533	Apidae,Megachilidae	BGENL2805-24_r_1.3_s_50	Osmia tergestensis	0	BGENL2805-24	1.3	50	False	False
1	6	data/BGE00195_MGE-BGE_r1_1.3_1.5_s50_100.fasta	None	Megachilidae	BLAST	family	COI-5P	655	1491	Apidae,Megachilidae	BGENL2805-24_r_1.3_s_100	Osmia tergestensis	0	BGENL2805-24	1.3	100	False	False
0	0	data/BGE00195_MGE-BGE_r1_1.3_1.5_s50_100.fasta	None	Megachilidae	BLAST	family	COI-5P	656	1491	Apidae,Megachilidae	BGENL2805-24_r_1.5_s_50	Osmia tergestensis	0	BGENL2805-24	1.5	50	False	False
0	0	data/BGE00195_MGE-BGE_r1_1.3_1.5_s50_100.fasta	None	Megachilidae	BLAST	family	COI-5P	656	1467	Apidae,Megachilidae	BGENL2805-24_r_1.5_s_100	Osmia tergestensis	0	BGENL2805-24	1.5	100	False	False
0	0	data/BGE00195_MGE-BGE_r1_1.3_1.5_s50_100.fasta	None	Megachilidae	BLAST	family	COI-5P	656	1536	Apidae,Megachilidae	BGENL2806-24_r_1_s_50	Osmia tergestensis	0	BGENL2806-24	1	50	False	False
0	0	data/BGE00195_MGE-BGE_r1_1.3_1.5_s50_100.fasta	None	Megachilidae	BLAST	family	COI-5P	656	1533	Apidae,Megachilidae	BGENL2806-24_r_1_s_100	Osmia tergestensis	0	BGENL2806-24	1	100	False	False
0	0	data/BGE00195_MGE-BGE_r1_1.3_1.5_s50_100.fasta	None	Megachilidae	BLAST	family	COI-5P	656	1533	Apidae,Megachilidae	BGENL2806-24_r_1.3_s_50	Osmia tergestensis	0	BGENL2806-24	1.3	50	False	False
0	0	data/BGE00195_MGE-BGE_r1_1.3_1.5_s50_100.fasta	None	Megachilidae	BLAST	family	COI-5P	656	1533	Apidae,Megachilidae	BGENL2806-24_r_1.3_s_100	Osmia tergestensis	0	BGENL2806-24	1.3	100	False	False
0	0	data/BGE00195_MGE-BGE_r1_1.3_1.5_s50_100.fasta	None	Megachilidae	BLAST	family	COI-5P	656	1524	Apidae,Megachilidae	BGENL2806-24_r_1.5_s_50	Osmia tergestensis	0	BGENL2806-24	1.5	50	False	False
0	0	data/BGE00195_MGE-BGE_r1_1.3_1.5_s50_100.fasta	None	Megachilidae	BLAST	family	COI-5P	656	1515	Apidae,Megachilidae	BGENL2806-24_r_1.5_s_100	Osmia tergestensis	0	BGENL2806-24	1.5	100	False	False
3	3	data/BGE00195_MGE-BGE_r1_1.3_1.5_s50_100.fasta	None	Megachilidae	BLAST	family	COI-5P	656	1536	Apidae,Megachilidae	BGENL2807-24_r_1_s_50	Osmia tergestensis	0	BGENL2807-24	1	50	False	False
0	0	data/BGE00195_MGE-BGE_r1_1.3_1.5_s50_100.fasta	None	Megachilidae	BLAST	family	COI-5P	656	1533	Apidae,Megachilidae	BGENL2807-24_r_1_s_100	Osmia tergestensis	0	BGENL2807-24	1	100	False	False
2	2	data/BGE00195_MGE-BGE_r1_1.3_1.5_s50_100.fasta	None	Megachilidae	BLAST	family	COI-5P	656	1533	Apidae,Megachilidae	BGENL2807-24_r_1.3_s_50	Osmia tergestensis	0	BGENL2807-24	1.3	50	False	False
0	0	data/BGE00195_MGE-BGE_r1_1.3_1.5_s50_100.fasta	None	Megachilidae	BLAST	family	COI-5P	656	1533	Apidae,Megachilidae	BGENL2807-24_r_1.3_s_100	Osmia tergestensis	0	BGENL2807-24	1.3	100	False	False
0	0	data/BGE00195_MGE-BGE_r1_1.3_1.5_s50_100.fasta	None	Megachilidae	BLAST	family	COI-5P	656	1512	Apidae,Megachilidae	BGENL2807-24_r_1.5_s_50	Osmia tergestensis	0	BGENL2807-24	1.5	50	False	False
0	0	data/BGE00195_MGE-BGE_r1_1.3_1.5_s50_100.fasta	None	Megachilidae	BLAST	family	COI-5P	656	1422	Apidae,Megachilidae	BGENL2807-24_r_1.5_s_100	Osmia tergestensis	0	BGENL2807-24	1.5	100	False	False
0	0	data/BGE00195_MGE-BGE_r1_1.3_1.5_s50_100.fasta	None	Megachilidae	BLAST	family	COI-5P	655	1533	Megachilidae	BGENL2808-24_r_1_s_50	Osmia teunisseni	0	BGENL2808-24	1	50	False	False
0	0	data/BGE00195_MGE-BGE_r1_1.3_1.5_s50_100.fasta	None	Megachilidae	BLAST	family	COI-5P	655	1533	Megachilidae	BGENL2808-24_r_1_s_100	Osmia teunisseni	0	BGENL2808-24	1	100	False	False
0	0	data/BGE00195_MGE-BGE_r1_1.3_1.5_s50_100.fasta	None	Megachilidae	BLAST	family	COI-5P	655	1533	Megachilidae	BGENL2808-24_r_1.3_s_50	Osmia teunisseni	0	BGENL2808-24	1.3	50	False	False
0	0	data/BGE00195_MGE-BGE_r1_1.3_1.5_s50_100.fasta	None	Megachilidae	BLAST	family	COI-5P	655	1533	Megachilidae	BGENL2808-24_r_1.3_s_100	Osmia teunisseni	0	BGENL2808-24	1.3	100	False	False
0	0	data/BGE00195_MGE-BGE_r1_1.3_1.5_s50_100.fasta	None	Megachilidae	BLAST	family	COI-5P	655	1476	Megachilidae	BGENL2808-24_r_1.5_s_50	Osmia teunisseni	0	BGENL2808-24	1.5	50	False	False
0	0	data/BGE00195_MGE-BGE_r1_1.3_1.5_s50_100.fasta	None	Megachilidae	BLAST	family	COI-5P	655	1422	Megachilidae	BGENL2808-24_r_1.5_s_100	Osmia teunisseni	0	BGENL2808-24	1.5	100	False	False
0	1	data/BGE00195_MGE-BGE_r1_1.3_1.5_s50_100.fasta	None	Megachilidae	BLAST	family	COI-5P	655	1533	Megachilidae	BGENL2809-24_r_1_s_50	Osmia teunisseni	0	BGENL2809-24	1	50	False	False
1	1	data/BGE00195_MGE-BGE_r1_1.3_1.5_s50_100.fasta	None	Megachilidae	BLAST	family	COI-5P	655	1533	Apidae,Megachilidae	BGENL2809-24_r_1_s_100	Osmia teunisseni	0	BGENL2809-24	1	100	False	False
0	0	data/BGE00195_MGE-BGE_r1_1.3_1.5_s50_100.fasta	None	Megachilidae	BLAST	family	COI-5P	655	1533	Megachilidae	BGENL2809-24_r_1.3_s_50	Osmia teunisseni	0	BGENL2809-24	1.3	50	False	False
0	0	data/BGE00195_MGE-BGE_r1_1.3_1.5_s50_100.fasta	None	Megachilidae	BLAST	family	COI-5P	655	1533	Megachilidae	BGENL2809-24_r_1.3_s_100	Osmia teunisseni	0	BGENL2809-24	1.3	100	False	False
0	0	data/BGE00195_MGE-BGE_r1_1.3_1.5_s50_100.fasta	None	Megachilidae	BLAST	family	COI-5P	655	1467	Megachilidae	BGENL2809-24_r_1.5_s_50	Osmia teunisseni	0	BGENL2809-24	1.5	50	False	False
0	0	data/BGE00195_MGE-BGE_r1_1.3_1.5_s50_100.fasta	None	Megachilidae	BLAST	family	COI-5P	655	1467	Megachilidae	BGENL2809-24_r_1.5_s_100	Osmia teunisseni	0	BGENL2809-24	1.5	100	False	False
10	15	data/BGE00195_MGE-BGE_r1_1.3_1.5_s50_100.fasta	None	Megachilidae	BLAST	family	COI-5P	655	1536	Megachilidae	BGENL2810-24_r_1_s_50	Osmia teunisseni	0	BGENL2810-24	1	50	False	False
5	11	data/BGE00195_MGE-BGE_r1_1.3_1.5_s50_100.fasta	None	Megachilidae	BLAST	family	COI-5P	655	1533	Megachilidae	BGENL2810-24_r_1_s_100	Osmia teunisseni	0	BGENL2810-24	1	100	False	False
4	4	data/BGE00195_MGE-BGE_r1_1.3_1.5_s50_100.fasta	None	Megachilidae	BLAST	family	COI-5P	656	1533	Megachilidae	BGENL2810-24_r_1.3_s_50	Osmia teunisseni	0	BGENL2810-24	1.3	50	False	False
3	3	data/BGE00195_MGE-BGE_r1_1.3_1.5_s50_100.fasta	None	Megachilidae	BLAST	family	COI-5P	655	1533	Megachilidae	BGENL2810-24_r_1.3_s_100	Osmia teunisseni	0	BGENL2810-24	1.3	100	False	False
3	3	data/BGE00195_MGE-BGE_r1_1.3_1.5_s50_100.fasta	None	Megachilidae	BLAST	family	COI-5P	656	1467	Apidae,Megachilidae	BGENL2810-24_r_1.5_s_50	Osmia teunisseni	0	BGENL2810-24	1.5	50	False	False
5	5	data/BGE00195_MGE-BGE_r1_1.3_1.5_s50_100.fasta	None	Megachilidae	BLAST	family	COI-5P	656	1404	Megachilidae	BGENL2810-24_r_1.5_s_100	Osmia teunisseni	0	BGENL2810-24	1.5	100	False	False
0	0	data/BGE00195_MGE-BGE_r1_1.3_1.5_s50_100.fasta	None	Megachilidae	BLAST	family	COI-5P	656	1533	Apidae,Megachilidae	BGENL2811-24_r_1_s_50	Hoplitis bicallosa	0	BGENL2811-24	1	50	False	False
0	0	data/BGE00195_MGE-BGE_r1_1.3_1.5_s50_100.fasta	None	Megachilidae	BLAST	family	COI-5P	656	1533	Apidae,Megachilidae	BGENL2811-24_r_1_s_100	Hoplitis bicallosa	0	BGENL2811-24	1	100	False	False
0	0	data/BGE00195_MGE-BGE_r1_1.3_1.5_s50_100.fasta	None	Megachilidae	BLAST	family	COI-5P	656	1533	Apidae,Megachilidae	BGENL2811-24_r_1.3_s_50	Hoplitis bicallosa	0	BGENL2811-24	1.3	50	False	False
0	0	data/BGE00195_MGE-BGE_r1_1.3_1.5_s50_100.fasta	None	Megachilidae	BLAST	family	COI-5P	656	1533	Apidae,Megachilidae	BGENL2811-24_r_1.3_s_100	Hoplitis bicallosa	0	BGENL2811-24	1.3	100	False	False
0	0	data/BGE00195_MGE-BGE_r1_1.3_1.5_s50_100.fasta	None	Megachilidae	BLAST	family	COI-5P	656	1533	Apidae,Megachilidae	BGENL2811-24_r_1.5_s_50	Hoplitis bicallosa	0	BGENL2811-24	1.5	50	False	False
0	0	data/BGE00195_MGE-BGE_r1_1.3_1.5_s50_100.fasta	None	Megachilidae	BLAST	family	COI-5P	656	1527	Apidae,Megachilidae	BGENL2811-24_r_1.5_s_100	Hoplitis bicallosa	0	BGENL2811-24	1.5	100	False	False
0	0	data/BGE00195_MGE-BGE_r1_1.3_1.5_s50_100.fasta	None	Megachilidae	BLAST	family	COI-5P	656	1533	Apidae,Megachilidae	BGENL2812-24_r_1_s_50	Hoplitis bicallosa	0	BGENL2812-24	1	50	False	False
0	0	data/BGE00195_MGE-BGE_r1_1.3_1.5_s50_100.fasta	None	Megachilidae	BLAST	family	COI-5P	656	1533	Apidae,Megachilidae	BGENL2812-24_r_1_s_100	Hoplitis bicallosa	0	BGENL2812-24	1	100	False	False
0	0	data/BGE00195_MGE-BGE_r1_1.3_1.5_s50_100.fasta	None	Megachilidae	BLAST	family	COI-5P	656	1533	Apidae,Megachilidae	BGENL2812-24_r_1.3_s_50	Hoplitis bicallosa	0	BGENL2812-24	1.3	50	False	False
0	0	data/BGE00195_MGE-BGE_r1_1.3_1.5_s50_100.fasta	None	Megachilidae	BLAST	family	COI-5P	656	1533	Apidae,Megachilidae	BGENL2812-24_r_1.3_s_100	Hoplitis bicallosa	0	BGENL2812-24	1.3	100	False	False
0	0	data/BGE00195_MGE-BGE_r1_1.3_1.5_s50_100.fasta	None	Megachilidae	BLAST	family	COI-5P	656	1518	Apidae,Megachilidae	BGENL2812-24_r_1.5_s_50	Hoplitis bicallosa	0	BGENL2812-24	1.5	50	False	False
0	0	data/BGE00195_MGE-BGE_r1_1.3_1.5_s50_100.fasta	None	Megachilidae	BLAST	family	COI-5P	656	1503	Apidae,Megachilidae	BGENL2812-24_r_1.5_s_100	Hoplitis bicallosa	0	BGENL2812-24	1.5	100	False	False
0	0	data/BGE00195_MGE-BGE_r1_1.3_1.5_s50_100.fasta	None	Megachilidae	BLAST	family	COI-5P	656	1536	Apidae,Megachilidae	BGENL2813-24_r_1_s_50	Hoplitis bicallosa	0	BGENL2813-24	1	50	False	False
0	0	data/BGE00195_MGE-BGE_r1_1.3_1.5_s50_100.fasta	None	Megachilidae	BLAST	family	COI-5P	656	1533	Apidae,Megachilidae	BGENL2813-24_r_1_s_100	Hoplitis bicallosa	0	BGENL2813-24	1	100	False	False
0	0	data/BGE00195_MGE-BGE_r1_1.3_1.5_s50_100.fasta	None	Megachilidae	BLAST	family	COI-5P	656	1533	Apidae,Megachilidae	BGENL2813-24_r_1.3_s_50	Hoplitis bicallosa	0	BGENL2813-24	1.3	50	False	False
0	0	data/BGE00195_MGE-BGE_r1_1.3_1.5_s50_100.fasta	None	Megachilidae	BLAST	family	COI-5P	656	1533	Apidae,Megachilidae	BGENL2813-24_r_1.3_s_100	Hoplitis bicallosa	0	BGENL2813-24	1.3	100	False	False
0	0	data/BGE00195_MGE-BGE_r1_1.3_1.5_s50_100.fasta	None	Megachilidae	BLAST	family	COI-5P	656	1527	Apidae,Megachilidae	BGENL2813-24_r_1.5_s_50	Hoplitis bicallosa	0	BGENL2813-24	1.5	50	False	False
0	0	data/BGE00195_MGE-BGE_r1_1.3_1.5_s50_100.fasta	None	Megachilidae	BLAST	family	COI-5P	656	1518	Apidae,Megachilidae	BGENL2813-24_r_1.5_s_100	Hoplitis bicallosa	0	BGENL2813-24	1.5	100	False	False
0	0	data/BGE00195_MGE-BGE_r1_1.3_1.5_s50_100.fasta	None	Megachilidae	BLAST	family	COI-5P	655	1533	Apidae,Megachilidae	BGENL2814-24_r_1_s_50	Hoplitis bihamata	0	BGENL2814-24	1	50	False	False
0	0	data/BGE00195_MGE-BGE_r1_1.3_1.5_s50_100.fasta	None	Megachilidae	BLAST	family	COI-5P	655	1533	Apidae,Megachilidae	BGENL2814-24_r_1_s_100	Hoplitis bihamata	0	BGENL2814-24	1	100	False	False
0	0	data/BGE00195_MGE-BGE_r1_1.3_1.5_s50_100.fasta	None	Megachilidae	BLAST	family	COI-5P	655	1533	Apidae,Megachilidae	BGENL2814-24_r_1.3_s_50	Hoplitis bihamata	0	BGENL2814-24	1.3	50	False	False
0	0	data/BGE00195_MGE-BGE_r1_1.3_1.5_s50_100.fasta	None	Megachilidae	BLAST	family	COI-5P	655	1533	Apidae,Megachilidae	BGENL2814-24_r_1.3_s_100	Hoplitis bihamata	0	BGENL2814-24	1.3	100	False	False
0	0	data/BGE00195_MGE-BGE_r1_1.3_1.5_s50_100.fasta	None	Megachilidae	BLAST	family	COI-5P	655	1422	Apidae,Megachilidae	BGENL2814-24_r_1.5_s_50	Hoplitis bihamata	0	BGENL2814-24	1.5	50	False	False
0	0	data/BGE00195_MGE-BGE_r1_1.3_1.5_s50_100.fasta	None	Megachilidae	BLAST	family	COI-5P	655	1422	Apidae,Megachilidae	BGENL2814-24_r_1.5_s_100	Hoplitis bihamata	0	BGENL2814-24	1.5	100	False	False
0	0	data/BGE00195_MGE-BGE_r1_1.3_1.5_s50_100.fasta	None	Megachilidae	BLAST	family	COI-5P	655	1536	Apidae,Megachilidae	BGENL2815-24_r_1_s_50	Hoplitis bihamata	0	BGENL2815-24	1	50	False	False
0	0	data/BGE00195_MGE-BGE_r1_1.3_1.5_s50_100.fasta	None	Megachilidae	BLAST	family	COI-5P	655	1536	Apidae,Megachilidae	BGENL2815-24_r_1_s_100	Hoplitis bihamata	0	BGENL2815-24	1	100	False	False
0	0	data/BGE00195_MGE-BGE_r1_1.3_1.5_s50_100.fasta	None	Megachilidae	BLAST	family	COI-5P	655	1536	Apidae,Megachilidae	BGENL2815-24_r_1.3_s_50	Hoplitis bihamata	0	BGENL2815-24	1.3	50	False	False
0	0	data/BGE00195_MGE-BGE_r1_1.3_1.5_s50_100.fasta	None	Megachilidae	BLAST	family	COI-5P	655	1533	Apidae,Megachilidae	BGENL2815-24_r_1.3_s_100	Hoplitis bihamata	0	BGENL2815-24	1.3	100	False	False
0	0	data/BGE00195_MGE-BGE_r1_1.3_1.5_s50_100.fasta	None	Megachilidae	BLAST	family	COI-5P	655	1482	Apidae,Megachilidae	BGENL2815-24_r_1.5_s_50	Hoplitis bihamata	0	BGENL2815-24	1.5	50	False	False
0	0	data/BGE00195_MGE-BGE_r1_1.3_1.5_s50_100.fasta	None	Megachilidae	BLAST	family	COI-5P	655	1482	Apidae,Megachilidae	BGENL2815-24_r_1.5_s_100	Hoplitis bihamata	0	BGENL2815-24	1.5	100	False	False
0	0	data/BGE00195_MGE-BGE_r1_1.3_1.5_s50_100.fasta	None	Megachilidae	BLAST	family	COI-5P	656	1536	Apidae,Megachilidae	BGENL2816-24_r_1_s_50	Hoplitis bispinosa	0	BGENL2816-24	1	50	False	False
0	0	data/BGE00195_MGE-BGE_r1_1.3_1.5_s50_100.fasta	None	Megachilidae	BLAST	family	COI-5P	656	1533	Apidae,Megachilidae	BGENL2816-24_r_1_s_100	Hoplitis bispinosa	0	BGENL2816-24	1	100	False	False
0	0	data/BGE00195_MGE-BGE_r1_1.3_1.5_s50_100.fasta	None	Megachilidae	BLAST	family	COI-5P	656	1533	Apidae,Megachilidae	BGENL2816-24_r_1.3_s_50	Hoplitis bispinosa	0	BGENL2816-24	1.3	50	False	False
0	0	data/BGE00195_MGE-BGE_r1_1.3_1.5_s50_100.fasta	None	Megachilidae	BLAST	family	COI-5P	656	1533	Apidae,Megachilidae	BGENL2816-24_r_1.3_s_100	Hoplitis bispinosa	0	BGENL2816-24	1.3	100	False	False
0	0	data/BGE00195_MGE-BGE_r1_1.3_1.5_s50_100.fasta	None	Megachilidae	BLAST	family	COI-5P	656	1464	Apidae,Megachilidae	BGENL2816-24_r_1.5_s_50	Hoplitis bispinosa	0	BGENL2816-24	1.5	50	False	False
0	0	data/BGE00195_MGE-BGE_r1_1.3_1.5_s50_100.fasta	None	Megachilidae	BLAST	family	COI-5P	656	1413	Apidae,Megachilidae	BGENL2816-24_r_1.5_s_100	Hoplitis bispinosa	0	BGENL2816-24	1.5	100	False	False
0	0	data/BGE00195_MGE-BGE_r1_1.3_1.5_s50_100.fasta	None	Megachilidae	BLAST	family	COI-5P	656	1536	Apidae,Megachilidae	BGENL2817-24_r_1_s_50	Hoplitis bispinosa	0	BGENL2817-24	1	50	False	False
0	0	data/BGE00195_MGE-BGE_r1_1.3_1.5_s50_100.fasta	None	Megachilidae	BLAST	family	COI-5P	656	1530	Apidae,Megachilidae	BGENL2817-24_r_1_s_100	Hoplitis bispinosa	0	BGENL2817-24	1	100	False	False
0	0	data/BGE00195_MGE-BGE_r1_1.3_1.5_s50_100.fasta	None	Megachilidae	BLAST	family	COI-5P	656	1536	Apidae,Megachilidae	BGENL2817-24_r_1.3_s_50	Hoplitis bispinosa	0	BGENL2817-24	1.3	50	False	False
0	0	data/BGE00195_MGE-BGE_r1_1.3_1.5_s50_100.fasta	None	Megachilidae	BLAST	family	COI-5P	656	1530	Apidae,Megachilidae	BGENL2817-24_r_1.3_s_100	Hoplitis bispinosa	0	BGENL2817-24	1.3	100	False	False
0	0	data/BGE00195_MGE-BGE_r1_1.3_1.5_s50_100.fasta	None	Megachilidae	BLAST	family	COI-5P	656	1461	Apidae,Megachilidae	BGENL2817-24_r_1.5_s_50	Hoplitis bispinosa	0	BGENL2817-24	1.5	50	False	False
0	0	data/BGE00195_MGE-BGE_r1_1.3_1.5_s50_100.fasta	None	Megachilidae	BLAST	family	COI-5P	656	1422	Apidae,Megachilidae	BGENL2817-24_r_1.5_s_100	Hoplitis bispinosa	0	BGENL2817-24	1.5	100	False	False
0	0	data/BGE00195_MGE-BGE_r1_1.3_1.5_s50_100.fasta	None	Megachilidae	BLAST	family	COI-5P	656	1536	Apidae,Megachilidae	BGENL2818-24_r_1_s_50	Hoplitis bispinosa	0	BGENL2818-24	1	50	False	False
0	0	data/BGE00195_MGE-BGE_r1_1.3_1.5_s50_100.fasta	None	Megachilidae	BLAST	family	COI-5P	656	1533	Apidae,Megachilidae	BGENL2818-24_r_1_s_100	Hoplitis bispinosa	0	BGENL2818-24	1	100	False	False
0	0	data/BGE00195_MGE-BGE_r1_1.3_1.5_s50_100.fasta	None	Megachilidae	BLAST	family	COI-5P	656	1533	Apidae,Megachilidae	BGENL2818-24_r_1.3_s_50	Hoplitis bispinosa	0	BGENL2818-24	1.3	50	False	False
0	0	data/BGE00195_MGE-BGE_r1_1.3_1.5_s50_100.fasta	None	Megachilidae	BLAST	family	COI-5P	656	1533	Apidae,Megachilidae	BGENL2818-24_r_1.3_s_100	Hoplitis bispinosa	0	BGENL2818-24	1.3	100	False	False
0	0	data/BGE00195_MGE-BGE_r1_1.3_1.5_s50_100.fasta	None	Megachilidae	BLAST	family	COI-5P	656	1434	Apidae,Megachilidae	BGENL2818-24_r_1.5_s_50	Hoplitis bispinosa	0	BGENL2818-24	1.5	50	False	False
0	0	data/BGE00195_MGE-BGE_r1_1.3_1.5_s50_100.fasta	None	Megachilidae	BLAST	family	COI-5P	656	1434	Apidae,Megachilidae	BGENL2818-24_r_1.5_s_100	Hoplitis bispinosa	0	BGENL2818-24	1.5	100	False	False
0	0	data/BGE00195_MGE-BGE_r1_1.3_1.5_s50_100.fasta	None	Megachilidae	BLAST	family	COI-5P	656	1533	Apidae,Megachilidae	BGENL2819-24_r_1_s_50	Hoplitis bisulca	0	BGENL2819-24	1	50	False	False
0	0	data/BGE00195_MGE-BGE_r1_1.3_1.5_s50_100.fasta	None	Megachilidae	BLAST	family	COI-5P	656	1530	Apidae,Megachilidae	BGENL2819-24_r_1_s_100	Hoplitis bisulca	0	BGENL2819-24	1	100	False	False
0	0	data/BGE00195_MGE-BGE_r1_1.3_1.5_s50_100.fasta	None	Megachilidae	BLAST	family	COI-5P	656	1530	Apidae,Megachilidae	BGENL2819-24_r_1.3_s_50	Hoplitis bisulca	0	BGENL2819-24	1.3	50	False	False
0	0	data/BGE00195_MGE-BGE_r1_1.3_1.5_s50_100.fasta	None	Megachilidae	BLAST	family	COI-5P	656	1518	Apidae,Megachilidae	BGENL2819-24_r_1.3_s_100	Hoplitis bisulca	0	BGENL2819-24	1.3	100	False	False
0	0	data/BGE00195_MGE-BGE_r1_1.3_1.5_s50_100.fasta	None	Megachilidae	BLAST	family	COI-5P	656	1437	Apidae,Megachilidae	BGENL2819-24_r_1.5_s_50	Hoplitis bisulca	0	BGENL2819-24	1.5	50	False	False
0	0	data/BGE00195_MGE-BGE_r1_1.3_1.5_s50_100.fasta	None	Megachilidae	BLAST	family	COI-5P	656	1401	Apidae,Megachilidae	BGENL2819-24_r_1.5_s_100	Hoplitis bisulca	0	BGENL2819-24	1.5	100	False	False
0	0	data/BGE00195_MGE-BGE_r1_1.3_1.5_s50_100.fasta	None	Megachilidae	BLAST	family	COI-5P	656	1533	Apidae,Megachilidae	BGENL2820-24_r_1_s_50	Hoplitis bisulca	0	BGENL2820-24	1	50	False	False
0	0	data/BGE00195_MGE-BGE_r1_1.3_1.5_s50_100.fasta	None	Megachilidae	BLAST	family	COI-5P	656	1530	Apidae,Megachilidae	BGENL2820-24_r_1_s_100	Hoplitis bisulca	0	BGENL2820-24	1	100	False	False
0	0	data/BGE00195_MGE-BGE_r1_1.3_1.5_s50_100.fasta	None	Megachilidae	BLAST	family	COI-5P	656	1533	Apidae,Megachilidae	BGENL2820-24_r_1.3_s_50	Hoplitis bisulca	0	BGENL2820-24	1.3	50	False	False
0	0	data/BGE00195_MGE-BGE_r1_1.3_1.5_s50_100.fasta	None	Megachilidae	BLAST	family	COI-5P	656	1521	Apidae,Megachilidae	BGENL2820-24_r_1.3_s_100	Hoplitis bisulca	0	BGENL2820-24	1.3	100	False	False
0	0	data/BGE00195_MGE-BGE_r1_1.3_1.5_s50_100.fasta	None	Megachilidae	BLAST	family	COI-5P	656	1392	Apidae,Megachilidae	BGENL2820-24_r_1.5_s_50	Hoplitis bisulca	0	BGENL2820-24	1.5	50	False	False
0	0	data/BGE00195_MGE-BGE_r1_1.3_1.5_s50_100.fasta	None	Megachilidae	BLAST	family	COI-5P	656	1392	Apidae,Megachilidae	BGENL2820-24_r_1.5_s_100	Hoplitis bisulca	0	BGENL2820-24	1.5	100	False	False
0	0	data/BGE00195_MGE-BGE_r1_1.3_1.5_s50_100.fasta	None	Megachilidae	BLAST	family	COI-5P	656	1530	Apidae,Megachilidae	BGENL2821-24_r_1_s_50	Hoplitis bisulca	0	BGENL2821-24	1	50	False	False
0	0	data/BGE00195_MGE-BGE_r1_1.3_1.5_s50_100.fasta	None	Megachilidae	BLAST	family	COI-5P	656	1530	Apidae,Megachilidae	BGENL2821-24_r_1_s_100	Hoplitis bisulca	0	BGENL2821-24	1	100	False	False
0	0	data/BGE00195_MGE-BGE_r1_1.3_1.5_s50_100.fasta	None	Megachilidae	BLAST	family	COI-5P	656	1530	Apidae,Megachilidae	BGENL2821-24_r_1.3_s_50	Hoplitis bisulca	0	BGENL2821-24	1.3	50	False	False
0	0	data/BGE00195_MGE-BGE_r1_1.3_1.5_s50_100.fasta	None	Megachilidae	BLAST	family	COI-5P	656	1524	Apidae,Megachilidae	BGENL2821-24_r_1.3_s_100	Hoplitis bisulca	0	BGENL2821-24	1.3	100	False	False
0	0	data/BGE00195_MGE-BGE_r1_1.3_1.5_s50_100.fasta	None	Megachilidae	BLAST	family	COI-5P	656	1440	Apidae,Megachilidae	BGENL2821-24_r_1.5_s_50	Hoplitis bisulca	0	BGENL2821-24	1.5	50	False	False
0	0	data/BGE00195_MGE-BGE_r1_1.3_1.5_s50_100.fasta	None	Megachilidae	BLAST	family	COI-5P	656	1401	Apidae,Megachilidae	BGENL2821-24_r_1.5_s_100	Hoplitis bisulca	0	BGENL2821-24	1.5	100	False	False
0	3	data/BGE00195_MGE-BGE_r1_1.3_1.5_s50_100.fasta	None	Megachilidae	BLAST	family	COI-5P	654	1536	Apidae,Megachilidae	BGENL2822-24_r_1_s_50	Hoplitis ciliaris	0	BGENL2822-24	1	50	False	False
0	0	data/BGE00195_MGE-BGE_r1_1.3_1.5_s50_100.fasta	None	Megachilidae	BLAST	family	COI-5P	654	1530	Apidae,Megachilidae	BGENL2822-24_r_1_s_100	Hoplitis ciliaris	0	BGENL2822-24	1	100	False	False
0	1	data/BGE00195_MGE-BGE_r1_1.3_1.5_s50_100.fasta	None	Megachilidae	BLAST	family	COI-5P	654	1536	Apidae,Megachilidae	BGENL2822-24_r_1.3_s_50	Hoplitis ciliaris	0	BGENL2822-24	1.3	50	False	False
0	0	data/BGE00195_MGE-BGE_r1_1.3_1.5_s50_100.fasta	None	Megachilidae	BLAST	family	COI-5P	654	1527	Apidae,Megachilidae	BGENL2822-24_r_1.3_s_100	Hoplitis ciliaris	0	BGENL2822-24	1.3	100	False	False
0	0	data/BGE00195_MGE-BGE_r1_1.3_1.5_s50_100.fasta	None	Megachilidae	BLAST	family	COI-5P	654	1440	Apidae,Megachilidae	BGENL2822-24_r_1.5_s_50	Hoplitis ciliaris	0	BGENL2822-24	1.5	50	False	False
0	0	data/BGE00195_MGE-BGE_r1_1.3_1.5_s50_100.fasta	None	Megachilidae	BLAST	family	COI-5P	654	1440	Apidae,Megachilidae	BGENL2822-24_r_1.5_s_100	Hoplitis ciliaris	0	BGENL2822-24	1.5	100	False	False
0	0	data/BGE00195_MGE-BGE_r1_1.3_1.5_s50_100.fasta	None	Megachilidae	BLAST	family	COI-5P	654	1536	Apidae,Megachilidae	BGENL2823-24_r_1_s_50	Hoplitis ciliaris	0	BGENL2823-24	1	50	False	False
0	0	data/BGE00195_MGE-BGE_r1_1.3_1.5_s50_100.fasta	None	Megachilidae	BLAST	family	COI-5P	654	1530	Apidae,Megachilidae	BGENL2823-24_r_1_s_100	Hoplitis ciliaris	0	BGENL2823-24	1	100	False	False
0	0	data/BGE00195_MGE-BGE_r1_1.3_1.5_s50_100.fasta	None	Megachilidae	BLAST	family	COI-5P	654	1503	Apidae,Megachilidae	BGENL2823-24_r_1.3_s_50	Hoplitis ciliaris	0	BGENL2823-24	1.3	50	False	False
0	0	data/BGE00195_MGE-BGE_r1_1.3_1.5_s50_100.fasta	None	Megachilidae	BLAST	family	COI-5P	654	1503	Apidae,Megachilidae	BGENL2823-24_r_1.3_s_100	Hoplitis ciliaris	0	BGENL2823-24	1.3	100	False	False
0	0	data/BGE00195_MGE-BGE_r1_1.3_1.5_s50_100.fasta	None	Megachilidae	BLAST	family	COI-5P	654	1440	Apidae,Megachilidae	BGENL2823-24_r_1.5_s_50	Hoplitis ciliaris	0	BGENL2823-24	1.5	50	False	False
0	0	data/BGE00195_MGE-BGE_r1_1.3_1.5_s50_100.fasta	None	Megachilidae	BLAST	family	COI-5P	654	1440	Apidae,Megachilidae	BGENL2823-24_r_1.5_s_100	Hoplitis ciliaris	0	BGENL2823-24	1.5	100	False	False
1	3	data/BGE00195_MGE-BGE_r1_1.3_1.5_s50_100.fasta	None	Megachilidae	BLAST	family	COI-5P	655	1536	Apidae,Megachilidae	BGENL2824-24_r_1_s_50	Hoplitis ciliaris	0	BGENL2824-24	1	50	False	False
1	1	data/BGE00195_MGE-BGE_r1_1.3_1.5_s50_100.fasta	None	Megachilidae	BLAST	family	COI-5P	655	1530	Apidae,Megachilidae	BGENL2824-24_r_1_s_100	Hoplitis ciliaris	0	BGENL2824-24	1	100	False	False
1	1	data/BGE00195_MGE-BGE_r1_1.3_1.5_s50_100.fasta	None	Megachilidae	BLAST	family	COI-5P	655	1476	Apidae,Megachilidae	BGENL2824-24_r_1.3_s_50	Hoplitis ciliaris	0	BGENL2824-24	1.3	50	False	False
1	1	data/BGE00195_MGE-BGE_r1_1.3_1.5_s50_100.fasta	None	Megachilidae	BLAST	family	COI-5P	655	1476	Apidae,Megachilidae	BGENL2824-24_r_1.3_s_100	Hoplitis ciliaris	0	BGENL2824-24	1.3	100	False	False
0	0	data/BGE00195_MGE-BGE_r1_1.3_1.5_s50_100.fasta	None	Megachilidae	BLAST	family	COI-5P	646	1398	Megachilidae	BGENL2824-24_r_1.5_s_50	Hoplitis ciliaris	0	BGENL2824-24	1.5	50	False	False
0	0	data/BGE00195_MGE-BGE_r1_1.3_1.5_s50_100.fasta	None	Megachilidae	BLAST	family	COI-5P	646	1398	Megachilidae	BGENL2824-24_r_1.5_s_100	Hoplitis ciliaris	0	BGENL2824-24	1.5	100	False	False
0	0	data/BGE00195_MGE-BGE_r1_1.3_1.5_s50_100.fasta	None	Megachilidae	BLAST	family	COI-5P	656	1536	Apidae,Megachilidae	BGENL2825-24_r_1_s_50	Hoplitis cristatula	0	BGENL2825-24	1	50	False	False
0	0	data/BGE00195_MGE-BGE_r1_1.3_1.5_s50_100.fasta	None	Megachilidae	BLAST	family	COI-5P	656	1536	Apidae,Megachilidae	BGENL2825-24_r_1_s_100	Hoplitis cristatula	0	BGENL2825-24	1	100	False	False
0	0	data/BGE00195_MGE-BGE_r1_1.3_1.5_s50_100.fasta	None	Megachilidae	BLAST	family	COI-5P	656	1536	Apidae,Megachilidae	BGENL2825-24_r_1.3_s_50	Hoplitis cristatula	0	BGENL2825-24	1.3	50	False	False
0	0	data/BGE00195_MGE-BGE_r1_1.3_1.5_s50_100.fasta	None	Megachilidae	BLAST	family	COI-5P	656	1503	Apidae,Megachilidae	BGENL2825-24_r_1.3_s_100	Hoplitis cristatula	0	BGENL2825-24	1.3	100	False	False
0	0	data/BGE00195_MGE-BGE_r1_1.3_1.5_s50_100.fasta	None	Megachilidae	BLAST	family	COI-5P	656	1425	Apidae,Megachilidae	BGENL2825-24_r_1.5_s_50	Hoplitis cristatula	0	BGENL2825-24	1.5	50	False	False
0	0	data/BGE00195_MGE-BGE_r1_1.3_1.5_s50_100.fasta	None	Megachilidae	BLAST	family	COI-5P	656	1425	Apidae,Megachilidae	BGENL2825-24_r_1.5_s_100	Hoplitis cristatula	0	BGENL2825-24	1.5	100	False	False
0	0	data/BGE00195_MGE-BGE_r1_1.3_1.5_s50_100.fasta	None	Megachilidae	BLAST	family	COI-5P	656	1536	Apidae,Megachilidae	BGENL2826-24_r_1_s_50	Hoplitis cristatula	0	BGENL2826-24	1	50	False	False
0	0	data/BGE00195_MGE-BGE_r1_1.3_1.5_s50_100.fasta	None	Megachilidae	BLAST	family	COI-5P	656	1536	Apidae,Megachilidae	BGENL2826-24_r_1_s_100	Hoplitis cristatula	0	BGENL2826-24	1	100	False	False
0	0	data/BGE00195_MGE-BGE_r1_1.3_1.5_s50_100.fasta	None	Megachilidae	BLAST	family	COI-5P	656	1521	Apidae,Megachilidae	BGENL2826-24_r_1.3_s_50	Hoplitis cristatula	0	BGENL2826-24	1.3	50	False	False
0	0	data/BGE00195_MGE-BGE_r1_1.3_1.5_s50_100.fasta	None	Megachilidae	BLAST	family	COI-5P	656	1482	Apidae,Megachilidae	BGENL2826-24_r_1.3_s_100	Hoplitis cristatula	0	BGENL2826-24	1.3	100	False	False
0	0	data/BGE00195_MGE-BGE_r1_1.3_1.5_s50_100.fasta	None	Megachilidae	BLAST	family	COI-5P	656	1425	Apidae,Megachilidae	BGENL2826-24_r_1.5_s_50	Hoplitis cristatula	0	BGENL2826-24	1.5	50	False	False
0	0	data/BGE00195_MGE-BGE_r1_1.3_1.5_s50_100.fasta	None	Megachilidae	BLAST	family	COI-5P	656	1425	Apidae,Megachilidae	BGENL2826-24_r_1.5_s_100	Hoplitis cristatula	0	BGENL2826-24	1.5	100	False	False
0	0	data/BGE00195_MGE-BGE_r1_1.3_1.5_s50_100.fasta	None	Megachilidae	BLAST	family	COI-5P	656	1536	Apidae,Megachilidae	BGENL2827-24_r_1_s_50	Hoplitis cristatula	0	BGENL2827-24	1	50	False	False
0	0	data/BGE00195_MGE-BGE_r1_1.3_1.5_s50_100.fasta	None	Megachilidae	BLAST	family	COI-5P	656	1536	Apidae,Megachilidae	BGENL2827-24_r_1_s_100	Hoplitis cristatula	0	BGENL2827-24	1	100	False	False
0	0	data/BGE00195_MGE-BGE_r1_1.3_1.5_s50_100.fasta	None	Megachilidae	BLAST	family	COI-5P	656	1536	Apidae,Megachilidae	BGENL2827-24_r_1.3_s_50	Hoplitis cristatula	0	BGENL2827-24	1.3	50	False	False
0	0	data/BGE00195_MGE-BGE_r1_1.3_1.5_s50_100.fasta	None	Megachilidae	BLAST	family	COI-5P	656	1536	Apidae,Megachilidae	BGENL2827-24_r_1.3_s_100	Hoplitis cristatula	0	BGENL2827-24	1.3	100	False	False
0	0	data/BGE00195_MGE-BGE_r1_1.3_1.5_s50_100.fasta	None	Megachilidae	BLAST	family	COI-5P	656	1437	Apidae,Megachilidae	BGENL2827-24_r_1.5_s_50	Hoplitis cristatula	0	BGENL2827-24	1.5	50	False	False
0	0	data/BGE00195_MGE-BGE_r1_1.3_1.5_s50_100.fasta	None	Megachilidae	BLAST	family	COI-5P	656	1437	Apidae,Megachilidae	BGENL2827-24_r_1.5_s_100	Hoplitis cristatula	0	BGENL2827-24	1.5	100	False	False
0	0	data/BGE00195_MGE-BGE_r1_1.3_1.5_s50_100.fasta	None	Megachilidae	BLAST	family	COI-5P	655	1536	Megachilidae	BGENL2828-24_r_1_s_50	Hoplitis curtula	0	BGENL2828-24	1	50	False	False
0	0	data/BGE00195_MGE-BGE_r1_1.3_1.5_s50_100.fasta	None	Megachilidae	BLAST	family	COI-5P	655	1536	Megachilidae	BGENL2828-24_r_1_s_100	Hoplitis curtula	0	BGENL2828-24	1	100	False	False
0	0	data/BGE00195_MGE-BGE_r1_1.3_1.5_s50_100.fasta	None	Megachilidae	BLAST	family	COI-5P	655	1536	Megachilidae	BGENL2828-24_r_1.3_s_50	Hoplitis curtula	0	BGENL2828-24	1.3	50	False	False
0	0	data/BGE00195_MGE-BGE_r1_1.3_1.5_s50_100.fasta	None	Megachilidae	BLAST	family	COI-5P	655	1536	Megachilidae	BGENL2828-24_r_1.3_s_100	Hoplitis curtula	0	BGENL2828-24	1.3	100	False	False
0	0	data/BGE00195_MGE-BGE_r1_1.3_1.5_s50_100.fasta	None	Megachilidae	BLAST	family	COI-5P	655	1467	Apidae,Megachilidae	BGENL2828-24_r_1.5_s_50	Hoplitis curtula	0	BGENL2828-24	1.5	50	False	False
0	0	data/BGE00195_MGE-BGE_r1_1.3_1.5_s50_100.fasta	None	Megachilidae	BLAST	family	COI-5P	655	1425	Apidae,Megachilidae	BGENL2828-24_r_1.5_s_100	Hoplitis curtula	0	BGENL2828-24	1.5	100	False	False
6	8	data/BGE00195_MGE-BGE_r1_1.3_1.5_s50_100.fasta	None	Megachilidae	BLAST	family	COI-5P	655	1536	Apidae,Megachilidae	BGENL2829-24_r_1_s_50	Hoplitis curtula	0	BGENL2829-24	1	50	False	False
1	3	data/BGE00195_MGE-BGE_r1_1.3_1.5_s50_100.fasta	None	Megachilidae	BLAST	family	COI-5P	655	1536	Apidae,Megachilidae	BGENL2829-24_r_1_s_100	Hoplitis curtula	0	BGENL2829-24	1	100	False	False
1	1	data/BGE00195_MGE-BGE_r1_1.3_1.5_s50_100.fasta	None	Megachilidae	BLAST	family	COI-5P	655	1536	Apidae,Megachilidae	BGENL2829-24_r_1.3_s_50	Hoplitis curtula	0	BGENL2829-24	1.3	50	False	False
1	3	data/BGE00195_MGE-BGE_r1_1.3_1.5_s50_100.fasta	None	Megachilidae	BLAST	family	COI-5P	655	1497	Apidae,Megachilidae	BGENL2829-24_r_1.3_s_100	Hoplitis curtula	0	BGENL2829-24	1.3	100	False	False
0	0	data/BGE00195_MGE-BGE_r1_1.3_1.5_s50_100.fasta	None	Megachilidae	BLAST	family	COI-5P	655	1422	Apidae,Megachilidae	BGENL2829-24_r_1.5_s_50	Hoplitis curtula	0	BGENL2829-24	1.5	50	False	False
0	0	data/BGE00195_MGE-BGE_r1_1.3_1.5_s50_100.fasta	None	Megachilidae	BLAST	family	COI-5P	655	1422	Apidae,Megachilidae	BGENL2829-24_r_1.5_s_100	Hoplitis curtula	0	BGENL2829-24	1.5	100	False	False
26	83	data/BGE00195_MGE-BGE_r1_1.3_1.5_s50_100.fasta	None	Megachilidae	BLAST	family	COI-5P	634	1413	Megachilidae	BGENL2830-24_r_1_s_50	Hoplitis curtula	0	BGENL2830-24	1	50	False	False
8	21	data/BGE00195_MGE-BGE_r1_1.3_1.5_s50_100.fasta	None	Megachilidae	BLAST	family	COI-5P	555	1170	Apidae,Megachilidae,Pteromalidae	BGENL2830-24_r_1_s_100	Hoplitis curtula	0	BGENL2830-24	1	100	False	False
10	15	data/BGE00195_MGE-BGE_r1_1.3_1.5_s50_100.fasta	None	Megachilidae	BLAST	family	COI-5P	617	1269	Apidae,Megachilidae	BGENL2830-24_r_1.3_s_50	Hoplitis curtula	0	BGENL2830-24	1.3	50	False	False
6	10	data/BGE00195_MGE-BGE_r1_1.3_1.5_s50_100.fasta	None	Megachilidae	BLAST	family	COI-5P	555	1107	Apidae,Megachilidae	BGENL2830-24_r_1.3_s_100	Hoplitis curtula	0	BGENL2830-24	1.3	100	False	False
3	8	data/BGE00195_MGE-BGE_r1_1.3_1.5_s50_100.fasta	None	Megachilidae	BLAST	family	COI-5P	573	1092	Vespidae,Megachilidae,Megastigmidae	BGENL2830-24_r_1.5_s_50	Hoplitis curtula	0	BGENL2830-24	1.5	50	False	False
1	8	data/BGE00195_MGE-BGE_r1_1.3_1.5_s50_100.fasta	None	Megachilidae	BLAST	family	COI-5P	525	1035	Apidae,Megachilidae	BGENL2830-24_r_1.5_s_100	Hoplitis curtula	0	BGENL2830-24	1.5	100	False	False
0	0	data/BGE00195_MGE-BGE_r1_1.3_1.5_s50_100.fasta	None	Megachilidae	BLAST	family	COI-5P	654	1533	Apidae,Megachilidae	BGENL2831-24_r_1_s_50	Hoplitis dalmatica	0	BGENL2831-24	1	50	False	False
0	0	data/BGE00195_MGE-BGE_r1_1.3_1.5_s50_100.fasta	None	Megachilidae	BLAST	family	COI-5P	654	1533	Apidae,Megachilidae	BGENL2831-24_r_1_s_100	Hoplitis dalmatica	0	BGENL2831-24	1	100	False	False
0	0	data/BGE00195_MGE-BGE_r1_1.3_1.5_s50_100.fasta	None	Megachilidae	BLAST	family	COI-5P	654	1533	Apidae,Megachilidae	BGENL2831-24_r_1.3_s_50	Hoplitis dalmatica	0	BGENL2831-24	1.3	50	False	False
0	0	data/BGE00195_MGE-BGE_r1_1.3_1.5_s50_100.fasta	None	Megachilidae	BLAST	family	COI-5P	654	1527	Apidae,Megachilidae	BGENL2831-24_r_1.3_s_100	Hoplitis dalmatica	0	BGENL2831-24	1.3	100	False	False
0	0	data/BGE00195_MGE-BGE_r1_1.3_1.5_s50_100.fasta	None	Megachilidae	BLAST	family	COI-5P	654	1425	Apidae,Megachilidae	BGENL2831-24_r_1.5_s_50	Hoplitis dalmatica	0	BGENL2831-24	1.5	50	False	False
0	0	data/BGE00195_MGE-BGE_r1_1.3_1.5_s50_100.fasta	None	Megachilidae	BLAST	family	COI-5P	654	1425	Apidae,Megachilidae	BGENL2831-24_r_1.5_s_100	Hoplitis dalmatica	0	BGENL2831-24	1.5	100	False	False
0	0	data/BGE00195_MGE-BGE_r1_1.3_1.5_s50_100.fasta	None	Megachilidae	BLAST	family	COI-5P	654	1536	Apidae,Megachilidae	BGENL2832-24_r_1_s_50	Hoplitis dalmatica	0	BGENL2832-24	1	50	False	False
0	0	data/BGE00195_MGE-BGE_r1_1.3_1.5_s50_100.fasta	None	Megachilidae	BLAST	family	COI-5P	654	1533	Apidae,Megachilidae	BGENL2832-24_r_1_s_100	Hoplitis dalmatica	0	BGENL2832-24	1	100	False	False
0	0	data/BGE00195_MGE-BGE_r1_1.3_1.5_s50_100.fasta	None	Megachilidae	BLAST	family	COI-5P	654	1533	Apidae,Megachilidae	BGENL2832-24_r_1.3_s_50	Hoplitis dalmatica	0	BGENL2832-24	1.3	50	False	False
0	0	data/BGE00195_MGE-BGE_r1_1.3_1.5_s50_100.fasta	None	Megachilidae	BLAST	family	COI-5P	654	1533	Apidae,Megachilidae	BGENL2832-24_r_1.3_s_100	Hoplitis dalmatica	0	BGENL2832-24	1.3	100	False	False
0	0	data/BGE00195_MGE-BGE_r1_1.3_1.5_s50_100.fasta	None	Megachilidae	BLAST	family	COI-5P	654	1470	Apidae,Megachilidae	BGENL2832-24_r_1.5_s_50	Hoplitis dalmatica	0	BGENL2832-24	1.5	50	False	False
0	0	data/BGE00195_MGE-BGE_r1_1.3_1.5_s50_100.fasta	None	Megachilidae	BLAST	family	COI-5P	654	1425	Apidae,Megachilidae	BGENL2832-24_r_1.5_s_100	Hoplitis dalmatica	0	BGENL2832-24	1.5	100	False	False
0	0	data/BGE00195_MGE-BGE_r1_1.3_1.5_s50_100.fasta	None	Megachilidae	BLAST	family	COI-5P	654	1536	Apidae,Megachilidae	BGENL2833-24_r_1_s_50	Hoplitis dalmatica	0	BGENL2833-24	1	50	False	False
0	0	data/BGE00195_MGE-BGE_r1_1.3_1.5_s50_100.fasta	None	Megachilidae	BLAST	family	COI-5P	654	1533	Apidae,Megachilidae	BGENL2833-24_r_1_s_100	Hoplitis dalmatica	0	BGENL2833-24	1	100	False	False
0	0	data/BGE00195_MGE-BGE_r1_1.3_1.5_s50_100.fasta	None	Megachilidae	BLAST	family	COI-5P	654	1533	Apidae,Megachilidae	BGENL2833-24_r_1.3_s_50	Hoplitis dalmatica	0	BGENL2833-24	1.3	50	False	False
0	0	data/BGE00195_MGE-BGE_r1_1.3_1.5_s50_100.fasta	None	Megachilidae	BLAST	family	COI-5P	654	1533	Apidae,Megachilidae	BGENL2833-24_r_1.3_s_100	Hoplitis dalmatica	0	BGENL2833-24	1.3	100	False	False
0	0	data/BGE00195_MGE-BGE_r1_1.3_1.5_s50_100.fasta	None	Megachilidae	BLAST	family	COI-5P	654	1470	Apidae,Megachilidae	BGENL2833-24_r_1.5_s_50	Hoplitis dalmatica	0	BGENL2833-24	1.5	50	False	False
0	0	data/BGE00195_MGE-BGE_r1_1.3_1.5_s50_100.fasta	None	Megachilidae	BLAST	family	COI-5P	654	1425	Apidae,Megachilidae	BGENL2833-24_r_1.5_s_100	Hoplitis dalmatica	0	BGENL2833-24	1.5	100	False	False
5	7	data/BGE00195_MGE-BGE_r1_1.3_1.5_s50_100.fasta	None	Megachilidae	BLAST	family	COI-5P	656	1536	Megachilidae	BGENL2834-24_r_1_s_50	Hoplitis fabrei	0	BGENL2834-24	1	50	False	False
0	3	data/BGE00195_MGE-BGE_r1_1.3_1.5_s50_100.fasta	None	Megachilidae	BLAST	family	COI-5P	656	1536	Apidae,Megachilidae	BGENL2834-24_r_1_s_100	Hoplitis fabrei	0	BGENL2834-24	1	100	False	False
1	1	data/BGE00195_MGE-BGE_r1_1.3_1.5_s50_100.fasta	None	Megachilidae	BLAST	family	COI-5P	656	1536	Apidae,Megachilidae	BGENL2834-24_r_1.3_s_50	Hoplitis fabrei	0	BGENL2834-24	1.3	50	False	False
0	1	data/BGE00195_MGE-BGE_r1_1.3_1.5_s50_100.fasta	None	Megachilidae	BLAST	family	COI-5P	656	1536	Apidae,Megachilidae	BGENL2834-24_r_1.3_s_100	Hoplitis fabrei	0	BGENL2834-24	1.3	100	False	False
0	0	data/BGE00195_MGE-BGE_r1_1.3_1.5_s50_100.fasta	None	Megachilidae	BLAST	family	COI-5P	656	1464	Apidae,Megachilidae	BGENL2834-24_r_1.5_s_50	Hoplitis fabrei	0	BGENL2834-24	1.5	50	False	False
0	0	data/BGE00195_MGE-BGE_r1_1.3_1.5_s50_100.fasta	None	Megachilidae	BLAST	family	COI-5P	656	1425	Apidae,Megachilidae	BGENL2834-24_r_1.5_s_100	Hoplitis fabrei	0	BGENL2834-24	1.5	100	False	False
7	9	data/BGE00195_MGE-BGE_r1_1.3_1.5_s50_100.fasta	None	Megachilidae	BLAST	family	COI-5P	656	1536	Megachilidae	BGENL2835-24_r_1_s_50	Hoplitis fabrei	0	BGENL2835-24	1	50	False	False
4	4	data/BGE00195_MGE-BGE_r1_1.3_1.5_s50_100.fasta	None	Megachilidae	BLAST	family	COI-5P	656	1536	Apidae,Megachilidae	BGENL2835-24_r_1_s_100	Hoplitis fabrei	0	BGENL2835-24	1	100	False	False
0	1	data/BGE00195_MGE-BGE_r1_1.3_1.5_s50_100.fasta	None	Megachilidae	BLAST	family	COI-5P	656	1536	Apidae,Megachilidae	BGENL2835-24_r_1.3_s_50	Hoplitis fabrei	0	BGENL2835-24	1.3	50	False	False
1	1	data/BGE00195_MGE-BGE_r1_1.3_1.5_s50_100.fasta	None	Megachilidae	BLAST	family	COI-5P	656	1536	Apidae,Megachilidae	BGENL2835-24_r_1.3_s_100	Hoplitis fabrei	0	BGENL2835-24	1.3	100	False	False
0	0	data/BGE00195_MGE-BGE_r1_1.3_1.5_s50_100.fasta	None	Megachilidae	BLAST	family	COI-5P	656	1473	Apidae,Megachilidae	BGENL2835-24_r_1.5_s_50	Hoplitis fabrei	0	BGENL2835-24	1.5	50	False	False
0	0	data/BGE00195_MGE-BGE_r1_1.3_1.5_s50_100.fasta	None	Megachilidae	BLAST	family	COI-5P	656	1419	Apidae,Megachilidae	BGENL2835-24_r_1.5_s_100	Hoplitis fabrei	0	BGENL2835-24	1.5	100	False	False
0	0	data/BGE00195_MGE-BGE_r1_1.3_1.5_s50_100.fasta	None	Megachilidae	BLAST	family	COI-5P	656	1536	Apidae,Megachilidae	BGENL2836-24_r_1_s_50	Hoplitis fabrei	0	BGENL2836-24	1	50	False	False
0	0	data/BGE00195_MGE-BGE_r1_1.3_1.5_s50_100.fasta	None	Megachilidae	BLAST	family	COI-5P	656	1536	Apidae,Megachilidae	BGENL2836-24_r_1_s_100	Hoplitis fabrei	0	BGENL2836-24	1	100	False	False
0	0	data/BGE00195_MGE-BGE_r1_1.3_1.5_s50_100.fasta	None	Megachilidae	BLAST	family	COI-5P	656	1536	Apidae,Megachilidae	BGENL2836-24_r_1.3_s_50	Hoplitis fabrei	0	BGENL2836-24	1.3	50	False	False
0	0	data/BGE00195_MGE-BGE_r1_1.3_1.5_s50_100.fasta	None	Megachilidae	BLAST	family	COI-5P	656	1536	Apidae,Megachilidae	BGENL2836-24_r_1.3_s_100	Hoplitis fabrei	0	BGENL2836-24	1.3	100	False	False
0	0	data/BGE00195_MGE-BGE_r1_1.3_1.5_s50_100.fasta	None	Megachilidae	BLAST	family	COI-5P	656	1509	Apidae,Megachilidae	BGENL2836-24_r_1.5_s_50	Hoplitis fabrei	0	BGENL2836-24	1.5	50	False	False
0	0	data/BGE00195_MGE-BGE_r1_1.3_1.5_s50_100.fasta	None	Megachilidae	BLAST	family	COI-5P	656	1473	Apidae,Megachilidae	BGENL2836-24_r_1.5_s_100	Hoplitis fabrei	0	BGENL2836-24	1.5	100	False	False
1	3	data/BGE00195_MGE-BGE_r1_1.3_1.5_s50_100.fasta	None	Megachilidae	BLAST	family	COI-5P	656	1536	Megachilidae	BGENL2837-24_r_1_s_50	Hoplitis fertoni	0	BGENL2837-24	1	50	False	False
0	0	data/BGE00195_MGE-BGE_r1_1.3_1.5_s50_100.fasta	None	Megachilidae	BLAST	family	COI-5P	656	1536	Megachilidae	BGENL2837-24_r_1_s_100	Hoplitis fertoni	0	BGENL2837-24	1	100	False	False
0	0	data/BGE00195_MGE-BGE_r1_1.3_1.5_s50_100.fasta	None	Megachilidae	BLAST	family	COI-5P	656	1536	Megachilidae	BGENL2837-24_r_1.3_s_50	Hoplitis fertoni	0	BGENL2837-24	1.3	50	False	False
0	0	data/BGE00195_MGE-BGE_r1_1.3_1.5_s50_100.fasta	None	Megachilidae	BLAST	family	COI-5P	656	1536	Megachilidae	BGENL2837-24_r_1.3_s_100	Hoplitis fertoni	0	BGENL2837-24	1.3	100	False	False
0	2	data/BGE00195_MGE-BGE_r1_1.3_1.5_s50_100.fasta	None	Megachilidae	BLAST	family	COI-5P	656	1482	Megachilidae	BGENL2837-24_r_1.5_s_50	Hoplitis fertoni	0	BGENL2837-24	1.5	50	False	False
0	0	data/BGE00195_MGE-BGE_r1_1.3_1.5_s50_100.fasta	None	Megachilidae	BLAST	family	COI-5P	656	1476	Megachilidae	BGENL2837-24_r_1.5_s_100	Hoplitis fertoni	0	BGENL2837-24	1.5	100	False	False
11	14	data/BGE00195_MGE-BGE_r1_1.3_1.5_s50_100.fasta	None	Megachilidae	BLAST	family	COI-5P	656	1536	Megachilidae	BGENL2838-24_r_1_s_50	Hoplitis fertoni	0	BGENL2838-24	1	50	False	False
5	7	data/BGE00195_MGE-BGE_r1_1.3_1.5_s50_100.fasta	None	Megachilidae	BLAST	family	COI-5P	656	1536	Megachilidae	BGENL2838-24_r_1_s_100	Hoplitis fertoni	0	BGENL2838-24	1	100	False	False
4	7	data/BGE00195_MGE-BGE_r1_1.3_1.5_s50_100.fasta	None	Megachilidae	BLAST	family	COI-5P	656	1536	Apidae,Megachilidae	BGENL2838-24_r_1.3_s_50	Hoplitis fertoni	0	BGENL2838-24	1.3	50	False	False
4	5	data/BGE00195_MGE-BGE_r1_1.3_1.5_s50_100.fasta	None	Megachilidae	BLAST	family	COI-5P	656	1527	Megachilidae	BGENL2838-24_r_1.3_s_100	Hoplitis fertoni	0	BGENL2838-24	1.3	100	False	False
1	5	data/BGE00195_MGE-BGE_r1_1.3_1.5_s50_100.fasta	None	Megachilidae	BLAST	family	COI-5P	656	1482	Apidae,Megachilidae	BGENL2838-24_r_1.5_s_50	Hoplitis fertoni	0	BGENL2838-24	1.5	50	False	False
1	1	data/BGE00195_MGE-BGE_r1_1.3_1.5_s50_100.fasta	None	Megachilidae	BLAST	family	COI-5P	656	1464	Megachilidae	BGENL2838-24_r_1.5_s_100	Hoplitis fertoni	0	BGENL2838-24	1.5	100	False	False
3	12	data/BGE00195_MGE-BGE_r1_1.3_1.5_s50_100.fasta	None	Megachilidae	BLAST	family	COI-5P	655	1536	Megachilidae	BGENL2839-24_r_1_s_50	Hoplitis fertoni	0	BGENL2839-24	1	50	False	False
1	5	data/BGE00195_MGE-BGE_r1_1.3_1.5_s50_100.fasta	None	Megachilidae	BLAST	family	COI-5P	655	1536	Megachilidae	BGENL2839-24_r_1_s_100	Hoplitis fertoni	0	BGENL2839-24	1	100	False	False
0	8	data/BGE00195_MGE-BGE_r1_1.3_1.5_s50_100.fasta	None	Megachilidae	BLAST	family	COI-5P	655	1521	Apidae,Megachilidae	BGENL2839-24_r_1.3_s_50	Hoplitis fertoni	0	BGENL2839-24	1.3	50	False	False
1	7	data/BGE00195_MGE-BGE_r1_1.3_1.5_s50_100.fasta	None	Megachilidae	BLAST	family	COI-5P	655	1482	Megachilidae	BGENL2839-24_r_1.3_s_100	Hoplitis fertoni	0	BGENL2839-24	1.3	100	False	False
1	4	data/BGE00195_MGE-BGE_r1_1.3_1.5_s50_100.fasta	None	Megachilidae	BLAST	family	COI-5P	647	1416	Apidae,Megachilidae	BGENL2839-24_r_1.5_s_50	Hoplitis fertoni	0	BGENL2839-24	1.5	50	False	False
1	2	data/BGE00195_MGE-BGE_r1_1.3_1.5_s50_100.fasta	None	Megachilidae	BLAST	family	COI-5P	647	1383	Apidae,Megachilidae	BGENL2839-24_r_1.5_s_100	Hoplitis fertoni	0	BGENL2839-24	1.5	100	False	False
1	2	data/BGE00195_MGE-BGE_r1_1.3_1.5_s50_100.fasta	None	Megachilidae	BLAST	family	COI-5P	656	1533	Apidae,Megachilidae	BGENL2840-24_r_1_s_50	Hoplitis fulva	0	BGENL2840-24	1	50	False	False
1	3	data/BGE00195_MGE-BGE_r1_1.3_1.5_s50_100.fasta	None	Megachilidae	BLAST	family	COI-5P	656	1533	Apidae,Megachilidae	BGENL2840-24_r_1_s_100	Hoplitis fulva	0	BGENL2840-24	1	100	False	False
1	1	data/BGE00195_MGE-BGE_r1_1.3_1.5_s50_100.fasta	None	Megachilidae	BLAST	family	COI-5P	656	1458	Apidae,Megachilidae	BGENL2840-24_r_1.3_s_50	Hoplitis fulva	0	BGENL2840-24	1.3	50	False	False
1	2	data/BGE00195_MGE-BGE_r1_1.3_1.5_s50_100.fasta	None	Megachilidae	BLAST	family	COI-5P	656	1458	Apidae,Megachilidae	BGENL2840-24_r_1.3_s_100	Hoplitis fulva	0	BGENL2840-24	1.3	100	False	False
1	2	data/BGE00195_MGE-BGE_r1_1.3_1.5_s50_100.fasta	None	Megachilidae	BLAST	family	COI-5P	656	1458	Apidae,Megachilidae	BGENL2840-24_r_1.5_s_50	Hoplitis fulva	0	BGENL2840-24	1.5	50	False	False
1	2	data/BGE00195_MGE-BGE_r1_1.3_1.5_s50_100.fasta	None	Megachilidae	BLAST	family	COI-5P	656	1458	Apidae,Megachilidae	BGENL2840-24_r_1.5_s_100	Hoplitis fulva	0	BGENL2840-24	1.5	100	False	False
0	0	data/BGE00195_MGE-BGE_r1_1.3_1.5_s50_100.fasta	None	Megachilidae	BLAST	family	COI-5P	655	1536	Apidae,Megachilidae	BGENL2841-24_r_1_s_50	Hoplitis fulva	0	BGENL2841-24	1	50	False	False
0	0	data/BGE00195_MGE-BGE_r1_1.3_1.5_s50_100.fasta	None	Megachilidae	BLAST	family	COI-5P	655	1536	Apidae,Megachilidae	BGENL2841-24_r_1_s_100	Hoplitis fulva	0	BGENL2841-24	1	100	False	False
0	1	data/BGE00195_MGE-BGE_r1_1.3_1.5_s50_100.fasta	None	Megachilidae	BLAST	family	COI-5P	655	1536	Apidae,Megachilidae	BGENL2841-24_r_1.3_s_50	Hoplitis fulva	0	BGENL2841-24	1.3	50	False	False
0	0	data/BGE00195_MGE-BGE_r1_1.3_1.5_s50_100.fasta	None	Megachilidae	BLAST	family	COI-5P	655	1536	Apidae,Megachilidae	BGENL2841-24_r_1.3_s_100	Hoplitis fulva	0	BGENL2841-24	1.3	100	False	False
0	0	data/BGE00195_MGE-BGE_r1_1.3_1.5_s50_100.fasta	None	Megachilidae	BLAST	family	COI-5P	655	1422	Apidae,Megachilidae	BGENL2841-24_r_1.5_s_50	Hoplitis fulva	0	BGENL2841-24	1.5	50	False	False
0	0	data/BGE00195_MGE-BGE_r1_1.3_1.5_s50_100.fasta	None	Megachilidae	BLAST	family	COI-5P	655	1422	Apidae,Megachilidae	BGENL2841-24_r_1.5_s_100	Hoplitis fulva	0	BGENL2841-24	1.5	100	False	False
0	0	data/BGE00195_MGE-BGE_r1_1.3_1.5_s50_100.fasta	None	Megachilidae	BLAST	family	COI-5P	655	1536	Apidae,Megachilidae	BGENL2842-24_r_1_s_50	Hoplitis fulva	0	BGENL2842-24	1	50	False	False
0	0	data/BGE00195_MGE-BGE_r1_1.3_1.5_s50_100.fasta	None	Megachilidae	BLAST	family	COI-5P	655	1536	Apidae,Megachilidae	BGENL2842-24_r_1_s_100	Hoplitis fulva	0	BGENL2842-24	1	100	False	False
0	1	data/BGE00195_MGE-BGE_r1_1.3_1.5_s50_100.fasta	None	Megachilidae	BLAST	family	COI-5P	655	1536	Apidae,Megachilidae	BGENL2842-24_r_1.3_s_50	Hoplitis fulva	0	BGENL2842-24	1.3	50	False	False
0	0	data/BGE00195_MGE-BGE_r1_1.3_1.5_s50_100.fasta	None	Megachilidae	BLAST	family	COI-5P	655	1536	Apidae,Megachilidae	BGENL2842-24_r_1.3_s_100	Hoplitis fulva	0	BGENL2842-24	1.3	100	False	False
0	0	data/BGE00195_MGE-BGE_r1_1.3_1.5_s50_100.fasta	None	Megachilidae	BLAST	family	COI-5P	655	1476	Apidae,Megachilidae	BGENL2842-24_r_1.5_s_50	Hoplitis fulva	0	BGENL2842-24	1.5	50	False	False
0	0	data/BGE00195_MGE-BGE_r1_1.3_1.5_s50_100.fasta	None	Megachilidae	BLAST	family	COI-5P	655	1476	Apidae,Megachilidae	BGENL2842-24_r_1.5_s_100	Hoplitis fulva	0	BGENL2842-24	1.5	100	False	False
2	2	data/BGE00195_MGE-BGE_r1_1.3_1.5_s50_100.fasta	None	Megachilidae	BLAST	family	COI-5P	656	1533	Apidae,Megachilidae	BGENL2843-24_r_1_s_50	Hoplitis haemi	0	BGENL2843-24	1	50	False	False
2	2	data/BGE00195_MGE-BGE_r1_1.3_1.5_s50_100.fasta	None	Megachilidae	BLAST	family	COI-5P	656	1533	Apidae,Megachilidae	BGENL2843-24_r_1_s_100	Hoplitis haemi	0	BGENL2843-24	1	100	False	False
1	1	data/BGE00195_MGE-BGE_r1_1.3_1.5_s50_100.fasta	None	Megachilidae	BLAST	family	COI-5P	656	1500	Apidae,Megachilidae	BGENL2843-24_r_1.3_s_50	Hoplitis haemi	0	BGENL2843-24	1.3	50	False	False
1	1	data/BGE00195_MGE-BGE_r1_1.3_1.5_s50_100.fasta	None	Megachilidae	BLAST	family	COI-5P	656	1500	Apidae,Megachilidae	BGENL2843-24_r_1.3_s_100	Hoplitis haemi	0	BGENL2843-24	1.3	100	False	False
0	0	data/BGE00195_MGE-BGE_r1_1.3_1.5_s50_100.fasta	None	Megachilidae	BLAST	family	COI-5P	656	1443	Apidae,Megachilidae	BGENL2843-24_r_1.5_s_50	Hoplitis haemi	0	BGENL2843-24	1.5	50	False	False
0	0	data/BGE00195_MGE-BGE_r1_1.3_1.5_s50_100.fasta	None	Megachilidae	BLAST	family	COI-5P	656	1443	Apidae,Megachilidae	BGENL2843-24_r_1.5_s_100	Hoplitis haemi	0	BGENL2843-24	1.5	100	False	False
0	0	data/BGE00195_MGE-BGE_r1_1.3_1.5_s50_100.fasta	None	Megachilidae	BLAST	family	COI-5P	656	1533	Apidae,Megachilidae	BGENL2844-24_r_1_s_50	Hoplitis haemi	0	BGENL2844-24	1	50	False	False
0	0	data/BGE00195_MGE-BGE_r1_1.3_1.5_s50_100.fasta	None	Megachilidae	BLAST	family	COI-5P	656	1533	Apidae,Megachilidae	BGENL2844-24_r_1_s_100	Hoplitis haemi	0	BGENL2844-24	1	100	False	False
0	0	data/BGE00195_MGE-BGE_r1_1.3_1.5_s50_100.fasta	None	Megachilidae	BLAST	family	COI-5P	656	1521	Apidae,Megachilidae	BGENL2844-24_r_1.3_s_50	Hoplitis haemi	0	BGENL2844-24	1.3	50	False	False
0	0	data/BGE00195_MGE-BGE_r1_1.3_1.5_s50_100.fasta	None	Megachilidae	BLAST	family	COI-5P	656	1521	Apidae,Megachilidae	BGENL2844-24_r_1.3_s_100	Hoplitis haemi	0	BGENL2844-24	1.3	100	False	False
0	0	data/BGE00195_MGE-BGE_r1_1.3_1.5_s50_100.fasta	None	Megachilidae	BLAST	family	COI-5P	656	1482	Apidae,Megachilidae	BGENL2844-24_r_1.5_s_50	Hoplitis haemi	0	BGENL2844-24	1.5	50	False	False
0	0	data/BGE00195_MGE-BGE_r1_1.3_1.5_s50_100.fasta	None	Megachilidae	BLAST	family	COI-5P	656	1482	Apidae,Megachilidae	BGENL2844-24_r_1.5_s_100	Hoplitis haemi	0	BGENL2844-24	1.5	100	False	False
19	32	data/BGE00195_MGE-BGE_r1_1.3_1.5_s50_100.fasta	None	Megachilidae	BLAST	family	COI-5P	575	1332	Megachilidae	BGENL2845-24_r_1_s_50	Hoplitis holmboei	0	BGENL2845-24	1	50	False	False
0	0	data/BGE00195_MGE-BGE_r1_1.3_1.5_s50_100.fasta	None	Megachilidae	BLAST	family	COI-5P	551	1230	Megachilidae	BGENL2845-24_r_1_s_100	Hoplitis holmboei	0	BGENL2845-24	1	100	False	False
0	0	data/BGE00195_MGE-BGE_r1_1.3_1.5_s50_100.fasta	None	Megachilidae	BLAST	family	COI-5P	575	1287	Megachilidae	BGENL2845-24_r_1.3_s_50	Hoplitis holmboei	0	BGENL2845-24	1.3	50	False	False
0	0	data/BGE00195_MGE-BGE_r1_1.3_1.5_s50_100.fasta	None	Megachilidae	BLAST	family	COI-5P	551	1107	Megachilidae	BGENL2845-24_r_1.3_s_100	Hoplitis holmboei	0	BGENL2845-24	1.3	100	False	False
0	0	data/BGE00195_MGE-BGE_r1_1.3_1.5_s50_100.fasta	None	Megachilidae	BLAST	family	COI-5P	443	1098	Megachilidae	BGENL2845-24_r_1.5_s_50	Hoplitis holmboei	0	BGENL2845-24	1.5	50	False	False
0	0	data/BGE00195_MGE-BGE_r1_1.3_1.5_s50_100.fasta	None	Megachilidae	BLAST	family	COI-5P	419	975	Megachilidae	BGENL2845-24_r_1.5_s_100	Hoplitis holmboei	0	BGENL2845-24	1.5	100	False	False
3	59	data/BGE00195_MGE-BGE_r1_1.3_1.5_s50_100.fasta	None	Megachilidae	BLAST	family	COI-5P	654	1527	Megachilidae	BGENL2846-24_r_1_s_50	Hoplitis holmboei	0	BGENL2846-24	1	50	False	False
5	69	data/BGE00195_MGE-BGE_r1_1.3_1.5_s50_100.fasta	None	Megachilidae	BLAST	family	COI-5P	654	1374	Megachilidae	BGENL2846-24_r_1_s_100	Hoplitis holmboei	0	BGENL2846-24	1	100	False	False
5	18	data/BGE00195_MGE-BGE_r1_1.3_1.5_s50_100.fasta	None	Megachilidae	BLAST	family	COI-5P	654	1488	Megachilidae	BGENL2846-24_r_1.3_s_50	Hoplitis holmboei	0	BGENL2846-24	1.3	50	False	False
2	2	data/BGE00195_MGE-BGE_r1_1.3_1.5_s50_100.fasta	None	Megachilidae	BLAST	family	COI-5P	654	1326	Megachilidae	BGENL2846-24_r_1.3_s_100	Hoplitis holmboei	0	BGENL2846-24	1.3	100	False	False
0	3	data/BGE00195_MGE-BGE_r1_1.3_1.5_s50_100.fasta	None	Megachilidae	BLAST	family	COI-5P	607	1269	Megachilidae	BGENL2846-24_r_1.5_s_50	Hoplitis holmboei	0	BGENL2846-24	1.5	50	False	False
0	5	data/BGE00195_MGE-BGE_r1_1.3_1.5_s50_100.fasta	None	Megachilidae	BLAST	family	COI-5P	538	1107	Staphylinidae,Apidae,Megachilidae,Agaonidae,Diapriidae	BGENL2846-24_r_1.5_s_100	Hoplitis holmboei	0	BGENL2846-24	1.5	100	False	False
31	52	data/BGE00195_MGE-BGE_r1_1.3_1.5_s50_100.fasta	None	Megachilidae	BLAST	family	COI-5P	650	1524	Megachilidae	BGENL2847-24_r_1_s_50	Hoplitis holmboei	0	BGENL2847-24	1	50	False	False
11	18	data/BGE00195_MGE-BGE_r1_1.3_1.5_s50_100.fasta	None	Megachilidae	BLAST	family	COI-5P	651	1521	Megachilidae	BGENL2847-24_r_1_s_100	Hoplitis holmboei	0	BGENL2847-24	1	100	False	False
5	10	data/BGE00195_MGE-BGE_r1_1.3_1.5_s50_100.fasta	None	Megachilidae	BLAST	family	COI-5P	654	1527	Apidae,Megachilidae	BGENL2847-24_r_1.3_s_50	Hoplitis holmboei	0	BGENL2847-24	1.3	50	False	False
2	7	data/BGE00195_MGE-BGE_r1_1.3_1.5_s50_100.fasta	None	Megachilidae	BLAST	family	COI-5P	651	1419	Megachilidae	BGENL2847-24_r_1.3_s_100	Hoplitis holmboei	0	BGENL2847-24	1.3	100	False	False
2	2	data/BGE00195_MGE-BGE_r1_1.3_1.5_s50_100.fasta	None	Megachilidae	BLAST	family	COI-5P	579	1386	Megachilidae	BGENL2847-24_r_1.5_s_50	Hoplitis holmboei	0	BGENL2847-24	1.5	50	False	False
1	2	data/BGE00195_MGE-BGE_r1_1.3_1.5_s50_100.fasta	None	Megachilidae	BLAST	family	COI-5P	579	1338	Megachilidae	BGENL2847-24_r_1.5_s_100	Hoplitis holmboei	0	BGENL2847-24	1.5	100	False	False
0	0	data/BGE00195_MGE-BGE_r1_1.3_1.5_s50_100.fasta	None	Megachilidae	BLAST	family	COI-5P	655	1533	Apidae,Megachilidae	BGENL2848-24_r_1_s_50	Hoplitis illyrica	0	BGENL2848-24	1	50	False	False
0	0	data/BGE00195_MGE-BGE_r1_1.3_1.5_s50_100.fasta	None	Megachilidae	BLAST	family	COI-5P	655	1533	Apidae,Megachilidae	BGENL2848-24_r_1_s_100	Hoplitis illyrica	0	BGENL2848-24	1	100	False	False
0	0	data/BGE00195_MGE-BGE_r1_1.3_1.5_s50_100.fasta	None	Megachilidae	BLAST	family	COI-5P	655	1509	Apidae,Megachilidae	BGENL2848-24_r_1.3_s_50	Hoplitis illyrica	0	BGENL2848-24	1.3	50	False	False
0	0	data/BGE00195_MGE-BGE_r1_1.3_1.5_s50_100.fasta	None	Megachilidae	BLAST	family	COI-5P	655	1509	Apidae,Megachilidae	BGENL2848-24_r_1.3_s_100	Hoplitis illyrica	0	BGENL2848-24	1.3	100	False	False
0	0	data/BGE00195_MGE-BGE_r1_1.3_1.5_s50_100.fasta	None	Megachilidae	BLAST	family	COI-5P	655	1476	Apidae,Megachilidae	BGENL2848-24_r_1.5_s_50	Hoplitis illyrica	0	BGENL2848-24	1.5	50	False	False
0	0	data/BGE00195_MGE-BGE_r1_1.3_1.5_s50_100.fasta	None	Megachilidae	BLAST	family	COI-5P	655	1476	Apidae,Megachilidae	BGENL2848-24_r_1.5_s_100	Hoplitis illyrica	0	BGENL2848-24	1.5	100	False	False
0	0	data/BGE00195_MGE-BGE_r1_1.3_1.5_s50_100.fasta	None	Megachilidae	BLAST	family	COI-5P	656	1533	Apidae,Megachilidae	BGENL2849-24_r_1_s_50	Hoplitis illyrica	0	BGENL2849-24	1	50	False	False
0	0	data/BGE00195_MGE-BGE_r1_1.3_1.5_s50_100.fasta	None	Megachilidae	BLAST	family	COI-5P	656	1533	Apidae,Megachilidae	BGENL2849-24_r_1_s_100	Hoplitis illyrica	0	BGENL2849-24	1	100	False	False
0	0	data/BGE00195_MGE-BGE_r1_1.3_1.5_s50_100.fasta	None	Megachilidae	BLAST	family	COI-5P	656	1503	Apidae,Megachilidae	BGENL2849-24_r_1.3_s_50	Hoplitis illyrica	0	BGENL2849-24	1.3	50	False	False
0	0	data/BGE00195_MGE-BGE_r1_1.3_1.5_s50_100.fasta	None	Megachilidae	BLAST	family	COI-5P	656	1503	Apidae,Megachilidae	BGENL2849-24_r_1.3_s_100	Hoplitis illyrica	0	BGENL2849-24	1.3	100	False	False
0	0	data/BGE00195_MGE-BGE_r1_1.3_1.5_s50_100.fasta	None	Megachilidae	BLAST	family	COI-5P	656	1443	Apidae,Megachilidae	BGENL2849-24_r_1.5_s_50	Hoplitis illyrica	0	BGENL2849-24	1.5	50	False	False
0	0	data/BGE00195_MGE-BGE_r1_1.3_1.5_s50_100.fasta	None	Megachilidae	BLAST	family	COI-5P	656	1443	Apidae,Megachilidae	BGENL2849-24_r_1.5_s_100	Hoplitis illyrica	0	BGENL2849-24	1.5	100	False	False
0	0	data/BGE00195_MGE-BGE_r1_1.3_1.5_s50_100.fasta	None	Megachilidae	BLAST	family	COI-5P	656	1536	Apidae,Megachilidae	BGENL2850-24_r_1_s_50	Hoplitis illyrica	0	BGENL2850-24	1	50	False	False
0	0	data/BGE00195_MGE-BGE_r1_1.3_1.5_s50_100.fasta	None	Megachilidae	BLAST	family	COI-5P	656	1536	Apidae,Megachilidae	BGENL2850-24_r_1_s_100	Hoplitis illyrica	0	BGENL2850-24	1	100	False	False
0	0	data/BGE00195_MGE-BGE_r1_1.3_1.5_s50_100.fasta	None	Megachilidae	BLAST	family	COI-5P	656	1533	Apidae,Megachilidae	BGENL2850-24_r_1.3_s_50	Hoplitis illyrica	0	BGENL2850-24	1.3	50	False	False
0	0	data/BGE00195_MGE-BGE_r1_1.3_1.5_s50_100.fasta	None	Megachilidae	BLAST	family	COI-5P	656	1533	Apidae,Megachilidae	BGENL2850-24_r_1.3_s_100	Hoplitis illyrica	0	BGENL2850-24	1.3	100	False	False
0	0	data/BGE00195_MGE-BGE_r1_1.3_1.5_s50_100.fasta	None	Megachilidae	BLAST	family	COI-5P	656	1464	Apidae,Megachilidae	BGENL2850-24_r_1.5_s_50	Hoplitis illyrica	0	BGENL2850-24	1.5	50	False	False
0	0	data/BGE00195_MGE-BGE_r1_1.3_1.5_s50_100.fasta	None	Megachilidae	BLAST	family	COI-5P	656	1464	Apidae,Megachilidae	BGENL2850-24_r_1.5_s_100	Hoplitis illyrica	0	BGENL2850-24	1.5	100	False	False
