ambig_basecount	ambig_full_basecount	dataset	error	identification	identification_method	identification_rank	marker_code	nuc_basecount	nuc_full_basecount	obs_taxon	sequence_id	species	stop_codons	group_id	r	s	fcleaner	merge	n_reads_in	n_reads_aligned	n_reads_skipped	ref_length	cov_min	cov_max	cov_avg	cov_med
0	4	data/BGE00410_MGE-BGE_r1_1.3_1.5_s50_100.fasta	None	Ichneumonidae	BLAST	family	COI-5P	657	1566	Ichneumonidae	BGLIB856-24_r_1_s_50	Syrphoctonus elegans	0	BGLIB856-24	1	50	False	False	13277462	10824	3938	1566	3.0	966.0	473.7835249042146	449.5
0	1	data/BGE00410_MGE-BGE_r1_1.3_1.5_s50_100.fasta	None	Ichneumonidae	BLAST	family	COI-5P	657	1542	Ichneumonidae	BGLIB856-24_r_1_s_100	Syrphoctonus elegans	0	BGLIB856-24	1	100	False	False	13277462	5985	3938	1566	0.0	812.0	316.27203065134097	285.0
0	0	data/BGE00410_MGE-BGE_r1_1.3_1.5_s50_100.fasta	None	Ichneumonidae	BLAST	family	COI-5P	657	1566	Ichneumonidae	BGLIB856-24_r_1.3_s_50	Syrphoctonus elegans	0	BGLIB856-24	1.3	50	False	False	13277462	9882	3938	1566	2.0	950.0	429.8390804597701	399.0
0	1	data/BGE00410_MGE-BGE_r1_1.3_1.5_s50_100.fasta	None	Ichneumonidae	BLAST	family	COI-5P	657	1539	Ichneumonidae	BGLIB856-24_r_1.3_s_100	Syrphoctonus elegans	0	BGLIB856-24	1.3	100	False	False	13277462	5729	3938	1566	0.0	802.0	298.5536398467433	266.0
0	2	data/BGE00410_MGE-BGE_r1_1.3_1.5_s50_100.fasta	None	Ichneumonidae	BLAST	family	COI-5P	657	1545	Ichneumonidae	BGLIB856-24_r_1.5_s_50	Syrphoctonus elegans	0	BGLIB856-24	1.5	50	False	False	13277462	8039	3938	1566	0.0	934.0	349.17432950191574	329.0
0	0	data/BGE00410_MGE-BGE_r1_1.3_1.5_s50_100.fasta	None	Ichneumonidae	BLAST	family	COI-5P	657	1512	Ichneumonidae	BGLIB856-24_r_1.5_s_100	Syrphoctonus elegans	0	BGLIB856-24	1.5	100	False	False	13277462	5026	3938	1566	0.0	789.0	258.13984674329504	226.0
1	4	data/BGE00410_MGE-BGE_r1_1.3_1.5_s50_100.fasta	None	Ichneumonidae	BLAST	family	COI-5P	655	1536	Ichneumonidae	BGLIB857-24_r_1_s_50	Stenodontus biguttatus	0	BGLIB857-24	1	50	False	False	3890812	6723	1288	1536	83.0	893.0	324.556640625	286.0
0	0	data/BGE00410_MGE-BGE_r1_1.3_1.5_s50_100.fasta	None	Ichneumonidae	BLAST	family	COI-5P	655	1536	Ichneumonidae	BGLIB857-24_r_1_s_100	Stenodontus biguttatus	0	BGLIB857-24	1	100	False	False	3890812	4312	1288	1536	48.0	804.0	245.318359375	207.5
0	0	data/BGE00410_MGE-BGE_r1_1.3_1.5_s50_100.fasta	None	Ichneumonidae	BLAST	family	COI-5P	655	1536	Ichneumonidae	BGLIB857-24_r_1.3_s_50	Stenodontus biguttatus	0	BGLIB857-24	1.3	50	False	False	3890812	5935	1288	1536	54.0	858.0	282.12109375	236.0
0	0	data/BGE00410_MGE-BGE_r1_1.3_1.5_s50_100.fasta	None	Ichneumonidae	BLAST	family	COI-5P	655	1536	Ichneumonidae	BGLIB857-24_r_1.3_s_100	Stenodontus biguttatus	0	BGLIB857-24	1.3	100	False	False	3890812	3993	1288	1536	42.0	782.0	221.474609375	180.5
0	0	data/BGE00410_MGE-BGE_r1_1.3_1.5_s50_100.fasta	None	Ichneumonidae	BLAST	family	COI-5P	625	1461	Ichneumonidae	BGLIB857-24_r_1.5_s_50	Stenodontus biguttatus	0	BGLIB857-24	1.5	50	False	False	3890812	4663	1288	1536	0.0	823.0	216.744140625	187.0
0	0	data/BGE00410_MGE-BGE_r1_1.3_1.5_s50_100.fasta	None	Ichneumonidae	BLAST	family	COI-5P	607	1392	Ichneumonidae	BGLIB857-24_r_1.5_s_100	Stenodontus biguttatus	0	BGLIB857-24	1.5	100	False	False	3890812	3209	1288	1536	0.0	747.0	173.517578125	139.0
0	0	data/BGE00410_MGE-BGE_r1_1.3_1.5_s50_100.fasta	None	Ichneumonidae	BLAST	family	COI-5P	657	1566	Ichneumonidae	BGLIB858-24_r_1_s_50	Smicroplectrus bohemani	0	BGLIB858-24	1	50	False	False	14593156	9451	361	1566	200.0	859.0	580.5766283524904	577.0
0	0	data/BGE00410_MGE-BGE_r1_1.3_1.5_s50_100.fasta	None	Ichneumonidae	BLAST	family	COI-5P	657	1545	Ichneumonidae	BGLIB858-24_r_1_s_100	Smicroplectrus bohemani	0	BGLIB858-24	1	100	False	False	14593156	7498	361	1566	0.0	819.0	516.1264367816092	519.0
0	1	data/BGE00410_MGE-BGE_r1_1.3_1.5_s50_100.fasta	None	Ichneumonidae	BLAST	family	COI-5P	657	1560	Ichneumonidae	BGLIB858-24_r_1.3_s_50	Smicroplectrus bohemani	0	BGLIB858-24	1.3	50	False	False	14593156	8091	361	1566	0.0	853.0	490.69348659003833	525.5
0	0	data/BGE00410_MGE-BGE_r1_1.3_1.5_s50_100.fasta	None	Ichneumonidae	BLAST	family	COI-5P	657	1539	Ichneumonidae	BGLIB858-24_r_1.3_s_100	Smicroplectrus bohemani	0	BGLIB858-24	1.3	100	False	False	14593156	6540	361	1566	0.0	814.0	443.3486590038314	495.5
0	0	data/BGE00410_MGE-BGE_r1_1.3_1.5_s50_100.fasta	None	Ichneumonidae	BLAST	family	COI-5P	654	1458	Ichneumonidae,Crabronidae,Formicidae,Pteromalidae	BGLIB858-24_r_1.5_s_50	Smicroplectrus bohemani	0	BGLIB858-24	1.5	50	False	False	14593156	6300	361	1566	0.0	824.0	390.4750957854406	443.0
0	0	data/BGE00410_MGE-BGE_r1_1.3_1.5_s50_100.fasta	None	Ichneumonidae	BLAST	family	COI-5P	636	1419	Ichneumonidae	BGLIB858-24_r_1.5_s_100	Smicroplectrus bohemani	0	BGLIB858-24	1.5	100	False	False	14593156	5341	361	1566	0.0	788.0	363.55555555555554	419.0
28	33	data/BGE00410_MGE-BGE_r1_1.3_1.5_s50_100.fasta	None	Ichneumonidae	BLAST	family	COI-5P	657	1566	Ichneumonidae,Geometridae	BGLIB859-24_r_1_s_50	Smicroplectrus excisus	0	BGLIB859-24	1	50	False	False	11241628	1603	151	1566	9.0	173.0	68.25670498084291	65.0
13	19	data/BGE00410_MGE-BGE_r1_1.3_1.5_s50_100.fasta	None	Ichneumonidae	BLAST	family	COI-5P	657	1536	Ichneumonidae	BGLIB859-24_r_1_s_100	Smicroplectrus excisus	0	BGLIB859-24	1	100	False	False	11241628	643	151	1566	0.0	126.0	37.60153256704981	33.0
6	7	data/BGE00410_MGE-BGE_r1_1.3_1.5_s50_100.fasta	None	Ichneumonidae	BLAST	family	COI-5P	618	1476	Ichneumonidae,Vespidae	BGLIB859-24_r_1.3_s_50	Smicroplectrus excisus	0	BGLIB859-24	1.3	50	False	False	11241628	1221	151	1566	0.0	150.0	49.339080459770116	46.0
16	17	data/BGE00410_MGE-BGE_r1_1.3_1.5_s50_100.fasta	None	Ichneumonidae	BLAST	family	COI-5P	618	1356	Ichneumonidae	BGLIB859-24_r_1.3_s_100	Smicroplectrus excisus	0	BGLIB859-24	1.3	100	False	False	11241628	517	151	1566	0.0	125.0	27.96551724137931	21.0
1	1	data/BGE00410_MGE-BGE_r1_1.3_1.5_s50_100.fasta	None	Ichneumonidae	BLAST	family	COI-5P	591	1365	Ichneumonidae	BGLIB859-24_r_1.5_s_50	Smicroplectrus excisus	0	BGLIB859-24	1.5	50	False	False	11241628	893	151	1566	0.0	134.0	35.47126436781609	32.0
1	2	data/BGE00410_MGE-BGE_r1_1.3_1.5_s50_100.fasta	None	Ichneumonidae	BLAST	family	COI-5P	579	1263	Ichneumonidae	BGLIB859-24_r_1.5_s_100	Smicroplectrus excisus	0	BGLIB859-24	1.5	100	False	False	11241628	419	151	1566	0.0	98.0	21.637931034482758	16.0
0	2	data/BGE00410_MGE-BGE_r1_1.3_1.5_s50_100.fasta	None	Ichneumonidae	BLAST	family	COI-5P	654	1557	Ichneumonidae	BGLIB860-24_r_1_s_50	Sphinctus serotinus	0	BGLIB860-24	1	50	False	False	12175572	20004	102	1566	0.0	1622.0	913.639846743295	918.0
0	0	data/BGE00410_MGE-BGE_r1_1.3_1.5_s50_100.fasta	None	Ichneumonidae	BLAST	family	COI-5P	654	1530	Ichneumonidae	BGLIB860-24_r_1_s_100	Sphinctus serotinus	0	BGLIB860-24	1	100	False	False	12175572	11065	102	1566	0.0	1392.0	609.595785440613	603.5
0	0	data/BGE00410_MGE-BGE_r1_1.3_1.5_s50_100.fasta	None	Ichneumonidae	BLAST	family	COI-5P	654	1557	Ichneumonidae	BGLIB860-24_r_1.3_s_50	Sphinctus serotinus	0	BGLIB860-24	1.3	50	False	False	12175572	17342	102	1566	0.0	1614.0	779.2528735632184	817.5
0	0	data/BGE00410_MGE-BGE_r1_1.3_1.5_s50_100.fasta	None	Ichneumonidae	BLAST	family	COI-5P	654	1530	Ichneumonidae	BGLIB860-24_r_1.3_s_100	Sphinctus serotinus	0	BGLIB860-24	1.3	100	False	False	12175572	10165	102	1566	0.0	1386.0	547.1379310344828	576.0
0	0	data/BGE00410_MGE-BGE_r1_1.3_1.5_s50_100.fasta	None	Ichneumonidae	BLAST	family	COI-5P	639	1473	Ichneumonidae	BGLIB860-24_r_1.5_s_50	Sphinctus serotinus	0	BGLIB860-24	1.5	50	False	False	12175572	13062	102	1566	0.0	1605.0	570.1130268199233	612.5
0	0	data/BGE00410_MGE-BGE_r1_1.3_1.5_s50_100.fasta	None	Ichneumonidae	BLAST	family	COI-5P	639	1371	Ichneumonidae	BGLIB860-24_r_1.5_s_100	Sphinctus serotinus	0	BGLIB860-24	1.5	100	False	False	12175572	7943	102	1566	0.0	1380.0	411.54214559386975	416.0
0	0	data/BGE00410_MGE-BGE_r1_1.3_1.5_s50_100.fasta	None	Ichneumonidae	BLAST	family	COI-5P	655	1566	Ichneumonidae	BGLIB861-24_r_1_s_50	Tryphon nigripes	0	BGLIB861-24	1	50	False	False	15022985	19273	33	1566	6.0	1569.0	922.7183908045977	903.5
0	0	data/BGE00410_MGE-BGE_r1_1.3_1.5_s50_100.fasta	None	Ichneumonidae	BLAST	family	COI-5P	655	1560	Ichneumonidae	BGLIB861-24_r_1_s_100	Tryphon nigripes	0	BGLIB861-24	1	100	False	False	15022985	12285	33	1566	0.0	1259.0	692.3965517241379	682.5
0	0	data/BGE00410_MGE-BGE_r1_1.3_1.5_s50_100.fasta	None	Ichneumonidae	BLAST	family	COI-5P	655	1545	Ichneumonidae	BGLIB861-24_r_1.3_s_50	Tryphon nigripes	0	BGLIB861-24	1.3	50	False	False	15022985	17775	33	1566	0.0	1562.0	844.971264367816	874.0
0	0	data/BGE00410_MGE-BGE_r1_1.3_1.5_s50_100.fasta	None	Ichneumonidae	BLAST	family	COI-5P	655	1545	Ichneumonidae	BGLIB861-24_r_1.3_s_100	Tryphon nigripes	0	BGLIB861-24	1.3	100	False	False	15022985	11728	33	1566	0.0	1253.0	653.1091954022988	657.5
0	0	data/BGE00410_MGE-BGE_r1_1.3_1.5_s50_100.fasta	None	Ichneumonidae	BLAST	family	COI-5P	643	1533	Ichneumonidae	BGLIB861-24_r_1.5_s_50	Tryphon nigripes	0	BGLIB861-24	1.5	50	False	False	15022985	13919	33	1566	0.0	1549.0	660.3850574712644	714.5
0	0	data/BGE00410_MGE-BGE_r1_1.3_1.5_s50_100.fasta	None	Ichneumonidae	BLAST	family	COI-5P	640	1530	Ichneumonidae	BGLIB861-24_r_1.5_s_100	Tryphon nigripes	0	BGLIB861-24	1.5	100	False	False	15022985	9755	33	1566	0.0	1246.0	534.1206896551724	582.5
0	0	data/BGE00410_MGE-BGE_r1_1.3_1.5_s50_100.fasta	None	Ichneumonidae	BLAST	family	COI-5P	656	1536	Ichneumonidae	BGLIB862-24_r_1_s_50	Syspasis rufinus	0	BGLIB862-24	1	50	False	False	10770081	2306	130	1536	4.0	235.0	105.56640625	96.0
0	0	data/BGE00410_MGE-BGE_r1_1.3_1.5_s50_100.fasta	None	Ichneumonidae	BLAST	family	COI-5P	656	1536	Ichneumonidae	BGLIB862-24_r_1_s_100	Syspasis rufinus	0	BGLIB862-24	1	100	False	False	10770081	1366	130	1536	4.0	188.0	75.37890625	61.0
0	0	data/BGE00410_MGE-BGE_r1_1.3_1.5_s50_100.fasta	None	Ichneumonidae	BLAST	family	COI-5P	656	1536	Ichneumonidae	BGLIB862-24_r_1.3_s_50	Syspasis rufinus	0	BGLIB862-24	1.3	50	False	False	10770081	2137	130	1536	4.0	233.0	97.837890625	86.0
0	0	data/BGE00410_MGE-BGE_r1_1.3_1.5_s50_100.fasta	None	Ichneumonidae	BLAST	family	COI-5P	656	1536	Ichneumonidae	BGLIB862-24_r_1.3_s_100	Syspasis rufinus	0	BGLIB862-24	1.3	100	False	False	10770081	1326	130	1536	4.0	187.0	72.32421875	58.0
0	0	data/BGE00410_MGE-BGE_r1_1.3_1.5_s50_100.fasta	None	Ichneumonidae	BLAST	family	COI-5P	629	1509	Ichneumonidae	BGLIB862-24_r_1.5_s_50	Syspasis rufinus	0	BGLIB862-24	1.5	50	False	False	10770081	1873	130	1536	0.0	228.0	85.650390625	74.0
0	0	data/BGE00410_MGE-BGE_r1_1.3_1.5_s50_100.fasta	None	Ichneumonidae	BLAST	family	COI-5P	623	1503	Ichneumonidae	BGLIB862-24_r_1.5_s_100	Syspasis rufinus	0	BGLIB862-24	1.5	100	False	False	10770081	1216	130	1536	0.0	177.0	65.341796875	54.0
24	27	data/BGE00410_MGE-BGE_r1_1.3_1.5_s50_100.fasta	None	Ichneumonidae	BLAST	family	COI-5P	656	1536	Ichneumonidae	BGLIB863-24_r_1_s_50	Trogus lapidator	0	BGLIB863-24	1	50	False	False	11545894	1484	765	1536	6.0	146.0	56.80859375	42.0
10	26	data/BGE00410_MGE-BGE_r1_1.3_1.5_s50_100.fasta	None	Ichneumonidae	BLAST	family	COI-5P	602	1467	Ichneumonidae,Geometridae	BGLIB863-24_r_1_s_100	Trogus lapidator	0	BGLIB863-24	1	100	False	False	11545894	351	765	1536	0.0	103.0	21.85546875	16.0
6	8	data/BGE00410_MGE-BGE_r1_1.3_1.5_s50_100.fasta	None	Ichneumonidae	BLAST	family	COI-5P	599	1479	Ichneumonidae	BGLIB863-24_r_1.3_s_50	Trogus lapidator	0	BGLIB863-24	1.3	50	False	False	11545894	1202	765	1536	0.0	146.0	42.734375	32.0
7	10	data/BGE00410_MGE-BGE_r1_1.3_1.5_s50_100.fasta	None	Ichneumonidae	BLAST	family	COI-5P	532	1386	Ichneumonidae	BGLIB863-24_r_1.3_s_100	Trogus lapidator	0	BGLIB863-24	1.3	100	False	False	11545894	289	765	1536	0.0	102.0	16.16796875	8.0
2	2	data/BGE00410_MGE-BGE_r1_1.3_1.5_s50_100.fasta	None	Ichneumonidae	BLAST	family	COI-5P	548	1410	Ichneumonidae	BGLIB863-24_r_1.5_s_50	Trogus lapidator	0	BGLIB863-24	1.5	50	False	False	11545894	905	765	1536	0.0	144.0	31.349609375	20.0
2	3	data/BGE00410_MGE-BGE_r1_1.3_1.5_s50_100.fasta	None	Ichneumonidae	BLAST	family	COI-5P	433	1140	Ichneumonidae	BGLIB863-24_r_1.5_s_100	Trogus lapidator	0	BGLIB863-24	1.5	100	False	False	11545894	238	765	1536	0.0	83.0	12.5625	6.0
0	1	data/BGE00410_MGE-BGE_r1_1.3_1.5_s50_100.fasta	None	Ichneumonidae	BLAST	family	COI-5P	655	1524	Ichneumonidae	BGLIB864-24_r_1_s_50	Tycherus gracilis	0	BGLIB864-24	1	50	False	False	12509364	1588	456	1536	0.0	159.0	76.3359375	74.5
2	3	data/BGE00410_MGE-BGE_r1_1.3_1.5_s50_100.fasta	None	Ichneumonidae	BLAST	family	COI-5P	655	1524	Ichneumonidae	BGLIB864-24_r_1_s_100	Tycherus gracilis	0	BGLIB864-24	1	100	False	False	12509364	997	456	1536	0.0	140.0	57.77734375	53.0
0	1	data/BGE00410_MGE-BGE_r1_1.3_1.5_s50_100.fasta	None	Ichneumonidae	BLAST	family	COI-5P	655	1524	Ichneumonidae	BGLIB864-24_r_1.3_s_50	Tycherus gracilis	0	BGLIB864-24	1.3	50	False	False	12509364	1352	456	1536	0.0	147.0	65.2265625	60.0
0	1	data/BGE00410_MGE-BGE_r1_1.3_1.5_s50_100.fasta	None	Ichneumonidae	BLAST	family	COI-5P	655	1524	Ichneumonidae	BGLIB864-24_r_1.3_s_100	Tycherus gracilis	0	BGLIB864-24	1.3	100	False	False	12509364	895	456	1536	0.0	134.0	51.080078125	46.0
0	0	data/BGE00410_MGE-BGE_r1_1.3_1.5_s50_100.fasta	None	Ichneumonidae	BLAST	family	COI-5P	628	1470	Ichneumonidae	BGLIB864-24_r_1.5_s_50	Tycherus gracilis	0	BGLIB864-24	1.5	50	False	False	12509364	1076	456	1536	0.0	137.0	51.32421875	47.0
0	0	data/BGE00410_MGE-BGE_r1_1.3_1.5_s50_100.fasta	None	Ichneumonidae	BLAST	family	COI-5P	628	1413	Ichneumonidae	BGLIB864-24_r_1.5_s_100	Tycherus gracilis	0	BGLIB864-24	1.5	100	False	False	12509364	756	456	1536	0.0	130.0	41.939453125	37.0
27	49	data/BGE00410_MGE-BGE_r1_1.3_1.5_s50_100.fasta	None	Ichneumonidae	BLAST	family	COI-5P	656	1536	Ichneumonidae	BGLIB865-24_r_1_s_50	Tycherus macilentus	0	BGLIB865-24	1	50	False	False	4165353	1560	588	1536	14.0	225.0	79.5	63.0
22	39	data/BGE00410_MGE-BGE_r1_1.3_1.5_s50_100.fasta	None	Ichneumonidae	BLAST	family	COI-5P	656	1536	Ichneumonidae	BGLIB865-24_r_1_s_100	Tycherus macilentus	0	BGLIB865-24	1	100	False	False	4165353	877	588	1536	2.0	181.0	57.03125	43.0
6	7	data/BGE00410_MGE-BGE_r1_1.3_1.5_s50_100.fasta	None	Ichneumonidae	BLAST	family	COI-5P	656	1536	Ichneumonidae	BGLIB865-24_r_1.3_s_50	Tycherus macilentus	0	BGLIB865-24	1.3	50	False	False	4165353	1130	588	1536	1.0	201.0	53.333984375	42.0
7	10	data/BGE00410_MGE-BGE_r1_1.3_1.5_s50_100.fasta	None	Ichneumonidae	BLAST	family	COI-5P	638	1518	Ichneumonidae	BGLIB865-24_r_1.3_s_100	Tycherus macilentus	0	BGLIB865-24	1.3	100	False	False	4165353	662	588	1536	0.0	163.0	38.90234375	28.0
1	1	data/BGE00410_MGE-BGE_r1_1.3_1.5_s50_100.fasta	None	Ichneumonidae	BLAST	family	COI-5P	629	1440	Ichneumonidae	BGLIB865-24_r_1.5_s_50	Tycherus macilentus	0	BGLIB865-24	1.5	50	False	False	4165353	877	588	1536	0.0	145.0	39.76171875	30.5
3	3	data/BGE00410_MGE-BGE_r1_1.3_1.5_s50_100.fasta	None	Ichneumonidae	BLAST	family	COI-5P	611	1341	Acrididae,Syrphidae,Braconidae,Ichneumonidae	BGLIB865-24_r_1.5_s_100	Tycherus macilentus	0	BGLIB865-24	1.5	100	False	False	4165353	530	588	1536	0.0	117.0	29.591796875	20.0
0	0	data/BGE00410_MGE-BGE_r1_1.3_1.5_s50_100.fasta	None	Ichneumonidae	BLAST	family	COI-5P	657	1536	Ichneumonidae	BGLIB866-24_r_1_s_50	Tycherus ophthalmicus	0	BGLIB866-24	1	50	False	False	15139619	4260	1458	1536	29.0	350.0	198.611328125	201.0
0	0	data/BGE00410_MGE-BGE_r1_1.3_1.5_s50_100.fasta	None	Ichneumonidae	BLAST	family	COI-5P	657	1536	Ichneumonidae	BGLIB866-24_r_1_s_100	Tycherus ophthalmicus	0	BGLIB866-24	1	100	False	False	15139619	2478	1458	1536	29.0	243.0	141.306640625	138.0
0	0	data/BGE00410_MGE-BGE_r1_1.3_1.5_s50_100.fasta	None	Ichneumonidae	BLAST	family	COI-5P	657	1536	Ichneumonidae	BGLIB866-24_r_1.3_s_50	Tycherus ophthalmicus	0	BGLIB866-24	1.3	50	False	False	15139619	3953	1458	1536	27.0	331.0	186.515625	187.0
0	0	data/BGE00410_MGE-BGE_r1_1.3_1.5_s50_100.fasta	None	Ichneumonidae	BLAST	family	COI-5P	657	1536	Ichneumonidae	BGLIB866-24_r_1.3_s_100	Tycherus ophthalmicus	0	BGLIB866-24	1.3	100	False	False	15139619	2446	1458	1536	27.0	239.0	139.060546875	136.5
0	0	data/BGE00410_MGE-BGE_r1_1.3_1.5_s50_100.fasta	None	Ichneumonidae	BLAST	family	COI-5P	645	1494	Ichneumonidae	BGLIB866-24_r_1.5_s_50	Tycherus ophthalmicus	0	BGLIB866-24	1.5	50	False	False	15139619	3105	1458	1536	0.0	287.0	144.447265625	146.0
0	0	data/BGE00410_MGE-BGE_r1_1.3_1.5_s50_100.fasta	None	Ichneumonidae	BLAST	family	COI-5P	645	1464	Ichneumonidae	BGLIB866-24_r_1.5_s_100	Tycherus ophthalmicus	0	BGLIB866-24	1.5	100	False	False	15139619	1975	1458	1536	0.0	237.0	110.412109375	112.0
33	44	data/BGE00410_MGE-BGE_r1_1.3_1.5_s50_100.fasta	None	Ichneumonidae	BLAST	family	COI-5P	648	1470	Ichneumonidae	BGLIB867-24_r_1_s_50	Tycherus vagus	0	BGLIB867-24	1	50	False	False	5266737	1068	178	1536	0.0	172.0	48.65625	43.5
24	64	data/BGE00410_MGE-BGE_r1_1.3_1.5_s50_100.fasta	None	Ichneumonidae	BLAST	family	COI-5P	549	1347	Chrysomelidae,Apionidae,Ichneumonidae	BGLIB867-24_r_1_s_100	Tycherus vagus	0	BGLIB867-24	1	100	False	False	5266737	433	178	1536	0.0	111.0	28.58984375	22.5
6	7	data/BGE00410_MGE-BGE_r1_1.3_1.5_s50_100.fasta	None	Ichneumonidae	BLAST	family	COI-5P	625	1446	Ichneumonidae	BGLIB867-24_r_1.3_s_50	Tycherus vagus	0	BGLIB867-24	1.3	50	False	False	5266737	756	178	1536	0.0	147.0	31.1640625	25.0
6	7	data/BGE00410_MGE-BGE_r1_1.3_1.5_s50_100.fasta	None	Ichneumonidae	BLAST	family	COI-5P	490	1272	Ichneumonidae	BGLIB867-24_r_1.3_s_100	Tycherus vagus	12	BGLIB867-24	1.3	100	False	False	5266737	299	178	1536	0.0	108.0	17.40625	10.5
1	4	data/BGE00410_MGE-BGE_r1_1.3_1.5_s50_100.fasta	None	Ichneumonidae	BLAST	family	COI-5P	609	1350	Ichneumonidae	BGLIB867-24_r_1.5_s_50	Tycherus vagus	0	BGLIB867-24	1.5	50	False	False	5266737	539	178	1536	0.0	102.0	20.73828125	15.0
1	5	data/BGE00410_MGE-BGE_r1_1.3_1.5_s50_100.fasta	None	Ichneumonidae	BLAST	family	COI-5P	400	1077	Ichneumonidae	BGLIB867-24_r_1.5_s_100	Tycherus vagus	14	BGLIB867-24	1.5	100	False	False	5266737	215	178	1536	0.0	78.0	11.451171875	6.0
0	0	data/BGE00410_MGE-BGE_r1_1.3_1.5_s50_100.fasta	None	Ichneumonidae	BLAST	family	COI-5P	655	1536	Ichneumonidae	BGLIB868-24_r_1_s_50	Virgichneumon callicerus	0	BGLIB868-24	1	50	False	False	7401004	34602	911	1536	544.0	2542.0	1570.216796875	1547.5
0	0	data/BGE00410_MGE-BGE_r1_1.3_1.5_s50_100.fasta	None	Ichneumonidae	BLAST	family	COI-5P	655	1536	Ichneumonidae	BGLIB868-24_r_1_s_100	Virgichneumon callicerus	0	BGLIB868-24	1	100	False	False	7401004	21380	911	1536	238.0	2069.0	1143.7265625	1132.0
0	0	data/BGE00410_MGE-BGE_r1_1.3_1.5_s50_100.fasta	None	Ichneumonidae	BLAST	family	COI-5P	655	1536	Ichneumonidae	BGLIB868-24_r_1.3_s_50	Virgichneumon callicerus	0	BGLIB868-24	1.3	50	False	False	7401004	32707	911	1536	163.0	2503.0	1478.787109375	1496.0
0	0	data/BGE00410_MGE-BGE_r1_1.3_1.5_s50_100.fasta	None	Ichneumonidae	BLAST	family	COI-5P	655	1536	Ichneumonidae	BGLIB868-24_r_1.3_s_100	Virgichneumon callicerus	0	BGLIB868-24	1.3	100	False	False	7401004	20728	911	1536	129.0	2066.0	1100.158203125	1108.5
0	0	data/BGE00410_MGE-BGE_r1_1.3_1.5_s50_100.fasta	None	Ichneumonidae	BLAST	family	COI-5P	643	1515	Ichneumonidae	BGLIB868-24_r_1.5_s_50	Virgichneumon callicerus	0	BGLIB868-24	1.5	50	False	False	7401004	28012	911	1536	0.0	2483.0	1264.013671875	1338.0
0	0	data/BGE00410_MGE-BGE_r1_1.3_1.5_s50_100.fasta	None	Ichneumonidae	BLAST	family	COI-5P	643	1509	Ichneumonidae	BGLIB868-24_r_1.5_s_100	Virgichneumon callicerus	0	BGLIB868-24	1.5	100	False	False	7401004	18637	911	1536	0.0	2055.0	976.873046875	1017.5
32	42	data/BGE00410_MGE-BGE_r1_1.3_1.5_s50_100.fasta	None	Ichneumonidae	BLAST	family	COI-5P	652	1515	Ichneumonidae	BGLIB869-24_r_1_s_50	Virgichneumon extremator	0	BGLIB869-24	1	50	False	False	8616451	1206	717	1536	0.0	167.0	48.93359375	44.0
25	48	data/BGE00410_MGE-BGE_r1_1.3_1.5_s50_100.fasta	None	Ichneumonidae	BLAST	family	COI-5P	580	1407	Ichneumonidae	BGLIB869-24_r_1_s_100	Virgichneumon extremator	0	BGLIB869-24	1	100	False	False	8616451	407	717	1536	0.0	113.0	25.337890625	24.0
1	2	data/BGE00410_MGE-BGE_r1_1.3_1.5_s50_100.fasta	None	Ichneumonidae	BLAST	family	COI-5P	610	1470	Ichneumonidae	BGLIB869-24_r_1.3_s_50	Virgichneumon extremator	0	BGLIB869-24	1.3	50	False	False	8616451	964	717	1536	0.0	123.0	33.12890625	31.5
2	3	data/BGE00410_MGE-BGE_r1_1.3_1.5_s50_100.fasta	None	Ichneumonidae	BLAST	family	COI-5P	445	1182	Ichneumonidae	BGLIB869-24_r_1.3_s_100	Virgichneumon extremator	0	BGLIB869-24	1.3	100	False	False	8616451	245	717	1536	0.0	70.0	12.31640625	8.0
0	1	data/BGE00410_MGE-BGE_r1_1.3_1.5_s50_100.fasta	None	Ichneumonidae	BLAST	family	COI-5P	547	1305	Ichneumonidae,Colletidae,Geometridae	BGLIB869-24_r_1.5_s_50	Virgichneumon extremator	0	BGLIB869-24	1.5	50	False	False	8616451	771	717	1536	0.0	113.0	25.912109375	24.0
3	3	data/BGE00410_MGE-BGE_r1_1.3_1.5_s50_100.fasta	None	Ichneumonidae	BLAST	family	COI-5P	445	1038	Ichneumonidae	BGLIB869-24_r_1.5_s_100	Virgichneumon extremator	0	BGLIB869-24	1.5	100	False	False	8616451	211	717	1536	0.0	63.0	10.146484375	6.5
6	50	data/BGE00410_MGE-BGE_r1_1.3_1.5_s50_100.fasta	None	Ichneumonidae	BLAST	family	COI-5P	656	1527	Ichneumonidae,Tortricidae	BGLIB870-24_r_1_s_50	Virgichneumon maculicauda	0	BGLIB870-24	1	50	False	False	11118267	752	50	1536	0.0	93.0	31.939453125	30.0
13	28	data/BGE00410_MGE-BGE_r1_1.3_1.5_s50_100.fasta	None	Ichneumonidae	BLAST	family	COI-5P	638	1359	Ichneumonidae	BGLIB870-24_r_1_s_100	Virgichneumon maculicauda	0	BGLIB870-24	1	100	False	False	11118267	210	50	1536	0.0	48.0	12.62109375	9.0
0	33	data/BGE00410_MGE-BGE_r1_1.3_1.5_s50_100.fasta	None	Ichneumonidae	BLAST	family	COI-5P	611	1398	Ichneumonidae	BGLIB870-24_r_1.3_s_50	Virgichneumon maculicauda	0	BGLIB870-24	1.3	50	False	False	11118267	456	50	1536	0.0	60.0	18.421875	16.0
8	35	data/BGE00410_MGE-BGE_r1_1.3_1.5_s50_100.fasta	None	Ichneumonidae	BLAST	family	COI-5P	539	1161	Ichneumonidae	BGLIB870-24_r_1.3_s_100	Virgichneumon maculicauda	0	BGLIB870-24	1.3	100	False	False	11118267	166	50	1536	0.0	38.0	9.412109375	6.0
0	18	data/BGE00410_MGE-BGE_r1_1.3_1.5_s50_100.fasta	None	Ichneumonidae	BLAST	family	COI-5P	539	1188	Ichneumonidae	BGLIB870-24_r_1.5_s_50	Virgichneumon maculicauda	0	BGLIB870-24	1.5	50	False	False	11118267	232	50	1536	0.0	38.0	8.5859375	6.0
0	27	data/BGE00410_MGE-BGE_r1_1.3_1.5_s50_100.fasta	None	Ichneumonidae	BLAST	family	COI-5P	485	894	Ichneumonidae	BGLIB870-24_r_1.5_s_100	Virgichneumon maculicauda	0	BGLIB870-24	1.5	100	False	False	11118267	92	50	1536	0.0	24.0	4.6171875	2.0
0	0	data/BGE00410_MGE-BGE_r1_1.3_1.5_s50_100.fasta	None	Ichneumonidae	BLAST	family	COI-5P	657	1530	Ichneumonidae	BGLIB871-24_r_1_s_50	Virgichneumon tenuipes	0	BGLIB871-24	1	50	False	False	11876019	11016	258	1536	0.0	918.0	556.951171875	521.0
0	0	data/BGE00410_MGE-BGE_r1_1.3_1.5_s50_100.fasta	None	Ichneumonidae	BLAST	family	COI-5P	657	1530	Ichneumonidae	BGLIB871-24_r_1_s_100	Virgichneumon tenuipes	0	BGLIB871-24	1	100	False	False	11876019	7552	258	1536	0.0	823.0	442.8671875	412.0
0	0	data/BGE00410_MGE-BGE_r1_1.3_1.5_s50_100.fasta	None	Ichneumonidae	BLAST	family	COI-5P	657	1530	Ichneumonidae	BGLIB871-24_r_1.3_s_50	Virgichneumon tenuipes	0	BGLIB871-24	1.3	50	False	False	11876019	10488	258	1536	0.0	914.0	532.052734375	498.0
0	0	data/BGE00410_MGE-BGE_r1_1.3_1.5_s50_100.fasta	None	Ichneumonidae	BLAST	family	COI-5P	657	1530	Ichneumonidae	BGLIB871-24_r_1.3_s_100	Virgichneumon tenuipes	0	BGLIB871-24	1.3	100	False	False	11876019	7374	258	1536	0.0	810.0	431.271484375	396.5
0	0	data/BGE00410_MGE-BGE_r1_1.3_1.5_s50_100.fasta	None	Ichneumonidae	BLAST	family	COI-5P	645	1518	Ichneumonidae	BGLIB871-24_r_1.5_s_50	Virgichneumon tenuipes	0	BGLIB871-24	1.5	50	False	False	11876019	8270	258	1536	0.0	910.0	419.083984375	434.0
0	0	data/BGE00410_MGE-BGE_r1_1.3_1.5_s50_100.fasta	None	Ichneumonidae	BLAST	family	COI-5P	645	1509	Ichneumonidae	BGLIB871-24_r_1.5_s_100	Virgichneumon tenuipes	0	BGLIB871-24	1.5	100	False	False	11876019	6105	258	1536	0.0	808.0	352.23046875	357.5
3	3	data/BGE00410_MGE-BGE_r1_1.3_1.5_s50_100.fasta	None	Ichneumonidae	BLAST	family	COI-5P	655	1524	Ichneumonidae	BGLIB872-24_r_1_s_50	Vulgichneumon trifarius	1	BGLIB872-24	1	50	False	False	4381669	804	155	1536	0.0	86.0	34.263671875	32.0
5	5	data/BGE00410_MGE-BGE_r1_1.3_1.5_s50_100.fasta	None	Ichneumonidae	BLAST	family	COI-5P	643	1512	Ichneumonidae,Argidae,Lycaenidae,Geometridae	BGLIB872-24_r_1_s_100	Vulgichneumon trifarius	0	BGLIB872-24	1	100	False	False	4381669	458	155	1536	0.0	80.0	23.06640625	19.5
1	1	data/BGE00410_MGE-BGE_r1_1.3_1.5_s50_100.fasta	None	Ichneumonidae	BLAST	family	COI-5P	655	1524	Ichneumonidae	BGLIB872-24_r_1.3_s_50	Vulgichneumon trifarius	0	BGLIB872-24	1.3	50	False	False	4381669	744	155	1536	0.0	85.0	31.08203125	28.0
0	0	data/BGE00410_MGE-BGE_r1_1.3_1.5_s50_100.fasta	None	Ichneumonidae	BLAST	family	COI-5P	643	1512	Ichneumonidae	BGLIB872-24_r_1.3_s_100	Vulgichneumon trifarius	0	BGLIB872-24	1.3	100	False	False	4381669	428	155	1536	0.0	79.0	20.78125	16.0
1	1	data/BGE00410_MGE-BGE_r1_1.3_1.5_s50_100.fasta	None	Ichneumonidae	BLAST	family	COI-5P	619	1461	Cecidomyiidae,Braconidae,Ichneumonidae	BGLIB872-24_r_1.5_s_50	Vulgichneumon trifarius	0	BGLIB872-24	1.5	50	False	False	4381669	637	155	1536	0.0	83.0	26.248046875	24.0
0	0	data/BGE00410_MGE-BGE_r1_1.3_1.5_s50_100.fasta	None	Ichneumonidae	BLAST	family	COI-5P	607	1449	Cecidomyiidae,Braconidae,Ichneumonidae	BGLIB872-24_r_1.5_s_100	Vulgichneumon trifarius	0	BGLIB872-24	1.5	100	False	False	4381669	379	155	1536	0.0	77.0	18.03515625	14.0
38	74	data/BGE00410_MGE-BGE_r1_1.3_1.5_s50_100.fasta	None	Ichneumonidae	BLAST	family	COI-5P	650	1536	Ichneumonidae	BGLIB873-24_r_1_s_50	Stenomacrus caudatus	0	BGLIB873-24	1	50	False	False	6679460	845	83	1566	0.0	295.0	31.00383141762452	23.0
30	43	data/BGE00410_MGE-BGE_r1_1.3_1.5_s50_100.fasta	None	Ichneumonidae	BLAST	family	COI-5P	573	1335	Culicidae,Braconidae,Ichneumonidae,Lycaenidae,Nymphalidae	BGLIB873-24_r_1_s_100	Stenomacrus caudatus	0	BGLIB873-24	1	100	False	False	6679460	194	83	1566	0.0	45.0	11.398467432950191	10.0
8	9	data/BGE00410_MGE-BGE_r1_1.3_1.5_s50_100.fasta	None	Ichneumonidae	BLAST	family	COI-5P	611	1434	Ichneumonidae	BGLIB873-24_r_1.3_s_50	Stenomacrus caudatus	0	BGLIB873-24	1.3	50	False	False	6679460	513	83	1566	0.0	112.0	17.739463601532567	14.0
1	1	data/BGE00410_MGE-BGE_r1_1.3_1.5_s50_100.fasta	None	Ichneumonidae	BLAST	family	COI-5P	653	924	Culicidae,Braconidae,Ichneumonidae,Lycaenidae	BGLIB873-24_r_1.3_s_100	Stenomacrus caudatus	10	BGLIB873-24	1.3	100	False	False	6679460	150	83	1566	0.0	38.0	7.668582375478927	2.0
1	2	data/BGE00410_MGE-BGE_r1_1.3_1.5_s50_100.fasta	None	Ichneumonidae	BLAST	family	COI-5P	433	1212	Braconidae,Ichneumonidae,Colletidae	BGLIB873-24_r_1.5_s_50	Stenomacrus caudatus	0	BGLIB873-24	1.5	50	False	False	6679460	355	83	1566	0.0	95.0	12.028735632183908	8.5
0	2	data/BGE00410_MGE-BGE_r1_1.3_1.5_s50_100.fasta	None	Ichneumonidae	BLAST	family	COI-5P	221	798	Culicidae,Braconidae,Ichneumonidae,Lycaenidae	BGLIB873-24_r_1.5_s_100	Stenomacrus caudatus	2	BGLIB873-24	1.5	100	False	False	6679460	108	83	1566	0.0	36.0	5.542145593869732	1.0
14	22	data/BGE00410_MGE-BGE_r1_1.3_1.5_s50_100.fasta	None	Ichneumonidae	BLAST	family	COI-5P	656	1566	Ichneumonidae	BGLIB874-24_r_1_s_50	Stenomacrus curvicaudatus	0	BGLIB874-24	1	50	False	False	11351823	1463	116	1566	11.0	159.0	61.58620689655172	55.0
5	8	data/BGE00410_MGE-BGE_r1_1.3_1.5_s50_100.fasta	None	Ichneumonidae	BLAST	family	COI-5P	656	1527	Ichneumonidae	BGLIB874-24_r_1_s_100	Stenomacrus curvicaudatus	0	BGLIB874-24	1	100	False	False	11351823	606	116	1566	0.0	103.0	34.559386973180075	30.0
3	3	data/BGE00410_MGE-BGE_r1_1.3_1.5_s50_100.fasta	None	Ichneumonidae	BLAST	family	COI-5P	656	1554	Ichneumonidae	BGLIB874-24_r_1.3_s_50	Stenomacrus curvicaudatus	0	BGLIB874-24	1.3	50	False	False	11351823	1196	116	1566	0.0	153.0	48.088122605363985	42.0
5	5	data/BGE00410_MGE-BGE_r1_1.3_1.5_s50_100.fasta	None	Ichneumonidae	BLAST	family	COI-5P	656	1527	Ichneumonidae	BGLIB874-24_r_1.3_s_100	Stenomacrus curvicaudatus	0	BGLIB874-24	1.3	100	False	False	11351823	482	116	1566	0.0	97.0	25.65134099616858	21.5
4	4	data/BGE00410_MGE-BGE_r1_1.3_1.5_s50_100.fasta	None	Ichneumonidae	BLAST	family	COI-5P	596	1482	Ichneumonidae	BGLIB874-24_r_1.5_s_50	Stenomacrus curvicaudatus	0	BGLIB874-24	1.5	50	False	False	11351823	913	116	1566	0.0	138.0	35.839080459770116	31.0
4	4	data/BGE00410_MGE-BGE_r1_1.3_1.5_s50_100.fasta	None	Ichneumonidae	BLAST	family	COI-5P	563	1356	Ichneumonidae	BGLIB874-24_r_1.5_s_100	Stenomacrus curvicaudatus	0	BGLIB874-24	1.5	100	False	False	11351823	413	116	1566	0.0	87.0	21.549808429118773	17.0
5	10	data/BGE00410_MGE-BGE_r1_1.3_1.5_s50_100.fasta	None	Ichneumonidae	BLAST	family	COI-5P	513	1209	Pamphiliidae,Limacodidae,Noctuidae,Riodinidae,Pyralidae,Geometridae	BGLIB875-24_r_1_s_50	Stenomacrus holmgreni	0	BGLIB875-24	1	50	False	False	466214	112	38	1566	0.0	31.0	7.153256704980843	4.0
5	8	data/BGE00410_MGE-BGE_r1_1.3_1.5_s50_100.fasta	None	Ichneumonidae	BLAST	family	COI-5P	380	981	Pamphiliidae,Noctuidae,Lycaenidae,Nymphalidae,Pyralidae,Geometridae	BGLIB875-24_r_1_s_100	Stenomacrus holmgreni	0	BGLIB875-24	1	100	False	False	466214	79	38	1566	0.0	31.0	5.952107279693487	2.0
7	22	data/BGE00410_MGE-BGE_r1_1.3_1.5_s50_100.fasta	None	Ichneumonidae	BLAST	family	COI-5P	513	993	Limacodidae,Noctuidae,Lycaenidae,Nymphalidae,Riodinidae,Pyralidae,Geometridae	BGLIB875-24_r_1.3_s_50	Stenomacrus holmgreni	0	BGLIB875-24	1.3	50	False	False	466214	78	38	1566	0.0	30.0	4.498084291187739	2.0
7	10	data/BGE00410_MGE-BGE_r1_1.3_1.5_s50_100.fasta	None	Ichneumonidae	BLAST	family	COI-5P	380	747	Noctuidae,Lycaenidae,Nymphalidae,Riodinidae,Pyralidae,Geometridae	BGLIB875-24_r_1.3_s_100	Stenomacrus holmgreni	0	BGLIB875-24	1.3	100	False	False	466214	57	38	1566	0.0	30.0	3.867816091954023	0.0
0	0	data/BGE00410_MGE-BGE_r1_1.3_1.5_s50_100.fasta	None	Ichneumonidae	BLAST	family	COI-5P	372	753	Pamphiliidae,Lycaenidae,Nymphalidae,Pyralidae,Geometridae	BGLIB875-24_r_1.5_s_50	Stenomacrus holmgreni	0	BGLIB875-24	1.5	50	False	False	466214	58	38	1566	0.0	29.0	3.1494252873563218	0.0
0	0	data/BGE00410_MGE-BGE_r1_1.3_1.5_s50_100.fasta	None	Ichneumonidae	BLAST	family	COI-5P	281	519	Pamphiliidae,Lycaenidae,Nymphalidae,Pyralidae	BGLIB875-24_r_1.5_s_100	Stenomacrus holmgreni	0	BGLIB875-24	1.5	100	False	False	466214	41	38	1566	0.0	29.0	2.6455938697318007	0.0
22	34	data/BGE00410_MGE-BGE_r1_1.3_1.5_s50_100.fasta	None	Ichneumonidae	BLAST	family	COI-5P	656	1566	Ichneumonidae	BGLIB876-24_r_1_s_50	Stenomacrus laricis	0	BGLIB876-24	1	50	False	False	12416587	702	191	1566	2.0	86.0	29.67241379310345	26.0
15	19	data/BGE00410_MGE-BGE_r1_1.3_1.5_s50_100.fasta	None	Ichneumonidae	BLAST	family	COI-5P	629	1494	Ichneumonidae	BGLIB876-24_r_1_s_100	Stenomacrus laricis	0	BGLIB876-24	1	100	False	False	12416587	324	191	1566	0.0	56.0	18.007662835249043	16.0
2	13	data/BGE00410_MGE-BGE_r1_1.3_1.5_s50_100.fasta	None	Ichneumonidae	BLAST	family	COI-5P	647	1557	Ichneumonidae,Geometridae	BGLIB876-24_r_1.3_s_50	Stenomacrus laricis	0	BGLIB876-24	1.3	50	False	False	12416587	560	191	1566	0.0	83.0	23.159003831417625	20.0
4	5	data/BGE00410_MGE-BGE_r1_1.3_1.5_s50_100.fasta	None	Ichneumonidae	BLAST	family	COI-5P	590	1455	Ichneumonidae	BGLIB876-24_r_1.3_s_100	Stenomacrus laricis	0	BGLIB876-24	1.3	100	False	False	12416587	293	191	1566	0.0	53.0	15.42911877394636	12.0
2	3	data/BGE00410_MGE-BGE_r1_1.3_1.5_s50_100.fasta	None	Ichneumonidae	BLAST	family	COI-5P	557	1404	Ichneumonidae	BGLIB876-24_r_1.5_s_50	Stenomacrus laricis	0	BGLIB876-24	1.5	50	False	False	12416587	423	191	1566	0.0	51.0	17.659003831417625	16.0
3	4	data/BGE00410_MGE-BGE_r1_1.3_1.5_s50_100.fasta	None	Ichneumonidae	BLAST	family	COI-5P	557	1263	Ichneumonidae	BGLIB876-24_r_1.5_s_100	Stenomacrus laricis	0	BGLIB876-24	1.5	100	False	False	12416587	249	191	1566	0.0	40.0	12.977011494252874	12.0
0	0	data/BGE00410_MGE-BGE_r1_1.3_1.5_s50_100.fasta	None	Ichneumonidae	BLAST	family	COI-5P	657	1566	Ichneumonidae	BGLIB877-24_r_1_s_50	Stenomacrus palustris	0	BGLIB877-24	1	50	False	False	9889924	2231	453	1566	16.0	223.0	105.77586206896552	99.0
0	0	data/BGE00410_MGE-BGE_r1_1.3_1.5_s50_100.fasta	None	Ichneumonidae	BLAST	family	COI-5P	657	1527	Ichneumonidae	BGLIB877-24_r_1_s_100	Stenomacrus palustris	0	BGLIB877-24	1	100	False	False	9889924	1459	453	1566	0.0	193.0	81.67624521072797	76.0
0	0	data/BGE00410_MGE-BGE_r1_1.3_1.5_s50_100.fasta	None	Ichneumonidae	BLAST	family	COI-5P	657	1566	Ichneumonidae	BGLIB877-24_r_1.3_s_50	Stenomacrus palustris	0	BGLIB877-24	1.3	50	False	False	9889924	2009	453	1566	2.0	207.0	94.69348659003832	90.0
0	0	data/BGE00410_MGE-BGE_r1_1.3_1.5_s50_100.fasta	None	Ichneumonidae	BLAST	family	COI-5P	657	1527	Ichneumonidae	BGLIB877-24_r_1.3_s_100	Stenomacrus palustris	0	BGLIB877-24	1.3	100	False	False	9889924	1382	453	1566	0.0	181.0	75.58620689655173	70.0
0	0	data/BGE00410_MGE-BGE_r1_1.3_1.5_s50_100.fasta	None	Ichneumonidae	BLAST	family	COI-5P	618	1515	Ichneumonidae	BGLIB877-24_r_1.5_s_50	Stenomacrus palustris	0	BGLIB877-24	1.5	50	False	False	9889924	1637	453	1566	0.0	198.0	76.33333333333333	77.0
0	0	data/BGE00410_MGE-BGE_r1_1.3_1.5_s50_100.fasta	None	Ichneumonidae	BLAST	family	COI-5P	618	1431	Ichneumonidae	BGLIB877-24_r_1.5_s_100	Stenomacrus palustris	0	BGLIB877-24	1.5	100	False	False	9889924	1155	453	1566	0.0	180.0	62.31992337164751	61.0
0	1	data/BGE00410_MGE-BGE_r1_1.3_1.5_s50_100.fasta	None	Ichneumonidae	BLAST	family	COI-5P	657	1566	Ichneumonidae	BGLIB878-24_r_1_s_50	Stenomacrus silvaticus	0	BGLIB878-24	1	50	False	False	13096362	6420	278	1566	9.0	561.0	311.17241379310343	314.5
0	0	data/BGE00410_MGE-BGE_r1_1.3_1.5_s50_100.fasta	None	Ichneumonidae	BLAST	family	COI-5P	657	1527	Ichneumonidae	BGLIB878-24_r_1_s_100	Stenomacrus silvaticus	0	BGLIB878-24	1	100	False	False	13096362	4266	278	1566	0.0	517.0	244.8007662835249	242.0
0	1	data/BGE00410_MGE-BGE_r1_1.3_1.5_s50_100.fasta	None	Ichneumonidae	BLAST	family	COI-5P	657	1566	Ichneumonidae	BGLIB878-24_r_1.3_s_50	Stenomacrus silvaticus	0	BGLIB878-24	1.3	50	False	False	13096362	6061	278	1566	2.0	558.0	294.10536398467434	292.5
0	0	data/BGE00410_MGE-BGE_r1_1.3_1.5_s50_100.fasta	None	Ichneumonidae	BLAST	family	COI-5P	657	1527	Ichneumonidae	BGLIB878-24_r_1.3_s_100	Stenomacrus silvaticus	0	BGLIB878-24	1.3	100	False	False	13096362	4151	278	1566	0.0	516.0	236.68007662835248	235.0
0	0	data/BGE00410_MGE-BGE_r1_1.3_1.5_s50_100.fasta	None	Ichneumonidae	BLAST	family	COI-5P	657	1557	Ichneumonidae	BGLIB878-24_r_1.5_s_50	Stenomacrus silvaticus	0	BGLIB878-24	1.5	50	False	False	13096362	4978	278	1566	0.0	546.0	236.87164750957854	243.0
0	0	data/BGE00410_MGE-BGE_r1_1.3_1.5_s50_100.fasta	None	Ichneumonidae	BLAST	family	COI-5P	657	1515	Ichneumonidae	BGLIB878-24_r_1.5_s_100	Stenomacrus silvaticus	0	BGLIB878-24	1.5	100	False	False	13096362	3466	278	1566	0.0	511.0	193.72988505747125	196.5
0	17	data/BGE00410_MGE-BGE_r1_1.3_1.5_s50_100.fasta	None	Ichneumonidae	BLAST	family	COI-5P	656	1536	Tettigoniidae,Acrididae,Ninidae,Curculionidae,Bostrichidae,Ptinidae,Vespidae,Tetracampidae	BGLIB879-24_r_1_s_50	Clistopyga rufator	0	BGLIB879-24	1	50	False	False	28858315	4548	4219	1539	0.0	452.0	285.0409356725146	295.0
0	0	data/BGE00410_MGE-BGE_r1_1.3_1.5_s50_100.fasta	None	Ichneumonidae	BLAST	family	COI-5P	656	1437	Tettigoniidae,Acrididae,Ninidae,Curculionidae,Bostrichidae,Ptinidae,Vespidae,Tetracampidae	BGLIB879-24_r_1_s_100	Clistopyga rufator	0	BGLIB879-24	1	100	False	False	28858315	2854	4219	1539	0.0	335.0	237.74463937621832	256.0
1	6	data/BGE00410_MGE-BGE_r1_1.3_1.5_s50_100.fasta	None	Ichneumonidae	BLAST	family	COI-5P	650	1518	Tettigoniidae,Acrididae,Reduviidae,Ulidiidae,Vespidae,Tetracampidae	BGLIB879-24_r_1.3_s_50	Clistopyga rufator	0	BGLIB879-24	1.3	50	False	False	28858315	2821	4219	1539	0.0	358.0	180.1812865497076	202.0
0	0	data/BGE00410_MGE-BGE_r1_1.3_1.5_s50_100.fasta	None	Ichneumonidae	BLAST	family	COI-5P	641	1419	Tettigoniidae,Acrididae,Reduviidae,Ulidiidae,Vespidae,Tetracampidae	BGLIB879-24_r_1.3_s_100	Clistopyga rufator	0	BGLIB879-24	1.3	100	False	False	28858315	1930	4219	1539	0.0	303.0	159.364522417154	179.0
8	11	data/BGE00410_MGE-BGE_r1_1.3_1.5_s50_100.fasta	None	Ichneumonidae	BLAST	family	COI-5P	500	1332	Tettigoniidae,Acrididae,Reduviidae,Tephritidae,Ulidiidae,Vespidae	BGLIB879-24_r_1.5_s_50	Clistopyga rufator	0	BGLIB879-24	1.5	50	False	False	28858315	1607	4219	1539	0.0	342.0	89.09746588693957	76.0
0	0	data/BGE00410_MGE-BGE_r1_1.3_1.5_s50_100.fasta	None	Ichneumonidae	BLAST	family	COI-5P	455	1161	Acrididae,Reduviidae	BGLIB879-24_r_1.5_s_100	Clistopyga rufator	0	BGLIB879-24	1.5	100	False	False	28858315	947	4219	1539	0.0	242.0	74.64912280701755	62.0
0	2	data/BGE00410_MGE-BGE_r1_1.3_1.5_s50_100.fasta	None	Ichneumonidae	BLAST	family	COI-5P	657	1542	Ichneumonidae	BGLIB880-24_r_1_s_50	Tersilochus quercetorum	0	BGLIB880-24	1	50	False	False	15796074	6381	50	1542	3.0	578.0	330.16731517509726	329.5
0	0	data/BGE00410_MGE-BGE_r1_1.3_1.5_s50_100.fasta	None	Ichneumonidae	BLAST	family	COI-5P	657	1536	Ichneumonidae	BGLIB880-24_r_1_s_100	Tersilochus quercetorum	0	BGLIB880-24	1	100	False	False	15796074	4803	50	1542	0.0	506.0	281.19260700389106	294.0
0	0	data/BGE00410_MGE-BGE_r1_1.3_1.5_s50_100.fasta	None	Ichneumonidae	BLAST	family	COI-5P	657	1536	Ichneumonidae	BGLIB880-24_r_1.3_s_50	Tersilochus quercetorum	0	BGLIB880-24	1.3	50	False	False	15796074	6136	50	1542	0.0	551.0	318.420233463035	322.5
0	0	data/BGE00410_MGE-BGE_r1_1.3_1.5_s50_100.fasta	None	Ichneumonidae	BLAST	family	COI-5P	657	1536	Ichneumonidae	BGLIB880-24_r_1.3_s_100	Tersilochus quercetorum	0	BGLIB880-24	1.3	100	False	False	15796074	4725	50	1542	0.0	497.0	274.95525291828795	287.0
0	0	data/BGE00410_MGE-BGE_r1_1.3_1.5_s50_100.fasta	None	Ichneumonidae	BLAST	family	COI-5P	654	1524	Ichneumonidae	BGLIB880-24_r_1.5_s_50	Tersilochus quercetorum	0	BGLIB880-24	1.5	50	False	False	15796074	5431	50	1542	0.0	550.0	281.9630350194553	310.5
0	0	data/BGE00410_MGE-BGE_r1_1.3_1.5_s50_100.fasta	None	Ichneumonidae	BLAST	family	COI-5P	654	1521	Ichneumonidae	BGLIB880-24_r_1.5_s_100	Tersilochus quercetorum	0	BGLIB880-24	1.5	100	False	False	15796074	4359	50	1542	0.0	492.0	250.5214007782101	270.0
0	0	data/BGE00410_MGE-BGE_r1_1.3_1.5_s50_100.fasta	None	Ichneumonidae	BLAST	family	COI-5P	657	1542	Ichneumonidae	BGLIB881-24_r_1_s_50	Tersilochus thuringiacus	0	BGLIB881-24	1	50	False	False	6468293	4747	95	1542	61.0	451.0	222.10505836575877	200.0
0	0	data/BGE00410_MGE-BGE_r1_1.3_1.5_s50_100.fasta	None	Ichneumonidae	BLAST	family	COI-5P	657	1542	Ichneumonidae	BGLIB881-24_r_1_s_100	Tersilochus thuringiacus	0	BGLIB881-24	1	100	False	False	6468293	3313	95	1542	44.0	375.0	178.9727626459144	163.0
0	0	data/BGE00410_MGE-BGE_r1_1.3_1.5_s50_100.fasta	None	Ichneumonidae	BLAST	family	COI-5P	657	1542	Ichneumonidae	BGLIB881-24_r_1.3_s_50	Tersilochus thuringiacus	0	BGLIB881-24	1.3	50	False	False	6468293	4556	95	1542	58.0	449.0	209.55642023346303	189.5
0	0	data/BGE00410_MGE-BGE_r1_1.3_1.5_s50_100.fasta	None	Ichneumonidae	BLAST	family	COI-5P	657	1542	Ichneumonidae	BGLIB881-24_r_1.3_s_100	Tersilochus thuringiacus	0	BGLIB881-24	1.3	100	False	False	6468293	3190	95	1542	41.0	361.0	168.55836575875486	153.5
0	0	data/BGE00410_MGE-BGE_r1_1.3_1.5_s50_100.fasta	None	Ichneumonidae	BLAST	family	COI-5P	657	1542	Ichneumonidae	BGLIB881-24_r_1.5_s_50	Tersilochus thuringiacus	0	BGLIB881-24	1.5	50	False	False	6468293	4111	95	1542	34.0	447.0	187.74124513618676	176.0
0	0	data/BGE00410_MGE-BGE_r1_1.3_1.5_s50_100.fasta	None	Ichneumonidae	BLAST	family	COI-5P	657	1542	Ichneumonidae	BGLIB881-24_r_1.5_s_100	Tersilochus thuringiacus	0	BGLIB881-24	1.5	100	False	False	6468293	2891	95	1542	23.0	354.0	151.58949416342412	145.5
6	12	data/BGE00410_MGE-BGE_r1_1.3_1.5_s50_100.fasta	None	Pamphiliidae	BLAST	family	COI-5P	657	1527	Pamphiliidae	BGLIB882-24_r_1_s_50	Pamphilius betulae	0	BGLIB882-24	1	50	False	False	11903448	1456	717	1533	0.0	110.0	56.00587084148728	54.0
7	11	data/BGE00410_MGE-BGE_r1_1.3_1.5_s50_100.fasta	None	Pamphiliidae	BLAST	family	COI-5P	657	1527	Pamphiliidae	BGLIB882-24_r_1_s_100	Pamphilius betulae	0	BGLIB882-24	1	100	False	False	11903448	409	717	1533	0.0	51.0	21.962818003913895	20.0
3	9	data/BGE00410_MGE-BGE_r1_1.3_1.5_s50_100.fasta	None	Pamphiliidae	BLAST	family	COI-5P	657	1527	Pamphiliidae	BGLIB882-24_r_1.3_s_50	Pamphilius betulae	0	BGLIB882-24	1.3	50	False	False	11903448	1184	717	1533	0.0	84.0	44.66731898238748	46.0
6	10	data/BGE00410_MGE-BGE_r1_1.3_1.5_s50_100.fasta	None	Pamphiliidae	BLAST	family	COI-5P	657	1527	Pamphiliidae	BGLIB882-24_r_1.3_s_100	Pamphilius betulae	0	BGLIB882-24	1.3	100	False	False	11903448	381	717	1533	0.0	51.0	20.027397260273972	18.0
1	5	data/BGE00410_MGE-BGE_r1_1.3_1.5_s50_100.fasta	None	Pamphiliidae	BLAST	family	COI-5P	570	1425	Pamphiliidae	BGLIB882-24_r_1.5_s_50	Pamphilius betulae	0	BGLIB882-24	1.5	50	False	False	11903448	852	717	1533	0.0	82.0	30.30528375733855	31.0
6	9	data/BGE00410_MGE-BGE_r1_1.3_1.5_s50_100.fasta	None	Pamphiliidae	BLAST	family	COI-5P	570	1266	Pamphiliidae	BGLIB882-24_r_1.5_s_100	Pamphilius betulae	0	BGLIB882-24	1.5	100	False	False	11903448	286	717	1533	0.0	46.0	13.845401174168298	14.0
0	0	data/BGE00410_MGE-BGE_r1_1.3_1.5_s50_100.fasta	None	Cimbicidae	BLAST	family	COI-5P	657	1530	Cimbicidae	BGLIB883-24_r_1_s_50	Cimbex fagi	0	BGLIB883-24	1	50	False	False	13721078	174823	640	1530	32.0	20476.0	9327.345098039215	9481.5
0	0	data/BGE00410_MGE-BGE_r1_1.3_1.5_s50_100.fasta	None	Cimbicidae	BLAST	family	COI-5P	657	1530	Cimbicidae	BGLIB883-24_r_1_s_100	Cimbex fagi	0	BGLIB883-24	1	100	False	False	13721078	133282	640	1530	9.0	15227.0	7994.974509803921	8271.0
0	0	data/BGE00410_MGE-BGE_r1_1.3_1.5_s50_100.fasta	None	Cimbicidae	BLAST	family	COI-5P	657	1530	Cimbicidae	BGLIB883-24_r_1.3_s_50	Cimbex fagi	0	BGLIB883-24	1.3	50	False	False	13721078	173203	640	1530	31.0	20433.0	9255.888235294118	9435.0
0	0	data/BGE00410_MGE-BGE_r1_1.3_1.5_s50_100.fasta	None	Cimbicidae	BLAST	family	COI-5P	657	1530	Cimbicidae	BGLIB883-24_r_1.3_s_100	Cimbex fagi	0	BGLIB883-24	1.3	100	False	False	13721078	132801	640	1530	9.0	15213.0	7964.239215686274	8265.0
0	0	data/BGE00410_MGE-BGE_r1_1.3_1.5_s50_100.fasta	None	Cimbicidae	BLAST	family	COI-5P	657	1530	Cimbicidae	BGLIB883-24_r_1.5_s_50	Cimbex fagi	0	BGLIB883-24	1.5	50	False	False	13721078	149551	640	1530	31.0	18187.0	8052.462745098039	7687.0
0	0	data/BGE00410_MGE-BGE_r1_1.3_1.5_s50_100.fasta	None	Cimbicidae	BLAST	family	COI-5P	657	1530	Cimbicidae	BGLIB883-24_r_1.5_s_100	Cimbex fagi	0	BGLIB883-24	1.5	100	False	False	13721078	119137	640	1530	9.0	15137.0	7127.398039215686	7093.5
13	21	data/BGE00410_MGE-BGE_r1_1.3_1.5_s50_100.fasta	None	Tenthredinidae	BLAST	family	COI-5P	570	1431	Tenthredinidae	BGLIB884-24_r_1_s_50	Caliroa varipes	0	BGLIB884-24	1	50	False	False	3620399	513	191	1545	0.0	66.0	20.475728155339805	16.0
0	3	data/BGE00410_MGE-BGE_r1_1.3_1.5_s50_100.fasta	None	Tenthredinidae	BLAST	family	COI-5P	436	1170	Calliphoridae,Tachinidae,Stratiomyidae,Tenthredinidae	BGLIB884-24_r_1_s_100	Caliroa varipes	1	BGLIB884-24	1	100	False	False	3620399	160	191	1545	0.0	41.0	8.54368932038835	6.0
0	0	data/BGE00410_MGE-BGE_r1_1.3_1.5_s50_100.fasta	None	Tenthredinidae	BLAST	family	COI-5P	533	1395	Tenthredinidae	BGLIB884-24_r_1.3_s_50	Caliroa varipes	0	BGLIB884-24	1.3	50	False	False	3620399	400	191	1545	0.0	55.0	15.310679611650485	12.0
0	1	data/BGE00410_MGE-BGE_r1_1.3_1.5_s50_100.fasta	None	Tenthredinidae	BLAST	family	COI-5P	379	1038	Tenthredinidae	BGLIB884-24_r_1.3_s_100	Caliroa varipes	1	BGLIB884-24	1.3	100	False	False	3620399	145	191	1545	0.0	41.0	7.341747572815534	4.0
0	0	data/BGE00410_MGE-BGE_r1_1.3_1.5_s50_100.fasta	None	Tenthredinidae	BLAST	family	COI-5P	337	1026	Tenthredinidae	BGLIB884-24_r_1.5_s_50	Caliroa varipes	0	BGLIB884-24	1.5	50	False	False	3620399	267	191	1545	0.0	50.0	9.968932038834952	4.0
0	0	data/BGE00410_MGE-BGE_r1_1.3_1.5_s50_100.fasta	None	Tenthredinidae	BLAST	family	COI-5P	256	666	Tenthredinidae	BGLIB884-24_r_1.5_s_100	Caliroa varipes	0	BGLIB884-24	1.5	100	False	False	3620399	117	191	1545	0.0	37.0	5.543689320388349	0.0
5	6	data/BGE00410_MGE-BGE_r1_1.3_1.5_s50_100.fasta	None	Tenthredinidae	BLAST	family	COI-5P	657	1533	Tenthredinidae	BGLIB885-24_r_1_s_50	Euura histrio	0	BGLIB885-24	1	50	False	False	5231865	898	228	1536	0.0	103.0	32.572265625	29.0
16	16	data/BGE00410_MGE-BGE_r1_1.3_1.5_s50_100.fasta	None	Tenthredinidae	BLAST	family	COI-5P	579	1410	Tenthredinidae	BGLIB885-24_r_1_s_100	Euura histrio	0	BGLIB885-24	1	100	False	False	5231865	261	228	1536	0.0	46.0	12.873046875	10.0
0	1	data/BGE00410_MGE-BGE_r1_1.3_1.5_s50_100.fasta	None	Tenthredinidae	BLAST	family	COI-5P	657	1533	Tenthredinidae	BGLIB885-24_r_1.3_s_50	Euura histrio	0	BGLIB885-24	1.3	50	False	False	5231865	819	228	1536	0.0	96.0	28.8046875	26.0
3	3	data/BGE00410_MGE-BGE_r1_1.3_1.5_s50_100.fasta	None	Tenthredinidae	BLAST	family	COI-5P	570	1308	Tenthredinidae	BGLIB885-24_r_1.3_s_100	Euura histrio	0	BGLIB885-24	1.3	100	False	False	5231865	239	228	1536	0.0	44.0	11.28515625	10.0
0	0	data/BGE00410_MGE-BGE_r1_1.3_1.5_s50_100.fasta	None	Tenthredinidae	BLAST	family	COI-5P	657	1533	Tenthredinidae	BGLIB885-24_r_1.5_s_50	Euura histrio	0	BGLIB885-24	1.5	50	False	False	5231865	775	228	1536	0.0	96.0	26.88671875	24.0
0	0	data/BGE00410_MGE-BGE_r1_1.3_1.5_s50_100.fasta	None	Tenthredinidae	BLAST	family	COI-5P	513	1251	Tenthredinidae	BGLIB885-24_r_1.5_s_100	Euura histrio	0	BGLIB885-24	1.5	100	False	False	5231865	231	228	1536	0.0	44.0	10.515625	8.0
34	84	data/BGE00410_MGE-BGE_r1_1.3_1.5_s50_100.fasta	None	Tenthredinidae	BLAST	family	COI-5P	623	1485	Tenthredinidae	BGLIB886-24_r_1_s_50	Euura longiserra	0	BGLIB886-24	1	50	False	False	9488233	426	191	1536	0.0	48.0	17.189453125	18.0
18	51	data/BGE00410_MGE-BGE_r1_1.3_1.5_s50_100.fasta	None	Tenthredinidae	BLAST	family	COI-5P	455	1011	Tettigoniidae,Ninidae,Cicadellidae,Drosophilidae,Tephritidae,Ulidiidae,Vespidae,Erebidae	BGLIB886-24_r_1_s_100	Euura longiserra	0	BGLIB886-24	1	100	False	False	9488233	68	191	1536	0.0	21.0	5.1015625	2.0
5	33	data/BGE00410_MGE-BGE_r1_1.3_1.5_s50_100.fasta	None	Tenthredinidae	BLAST	family	COI-5P	618	1437	Tenthredinidae	BGLIB886-24_r_1.3_s_50	Euura longiserra	0	BGLIB886-24	1.3	50	False	False	9488233	273	191	1536	0.0	34.0	9.46484375	8.0
1	33	data/BGE00410_MGE-BGE_r1_1.3_1.5_s50_100.fasta	None	Tenthredinidae	BLAST	family	COI-5P	455	663	Tettigoniidae,Syrphidae,Ulidiidae,Vespidae,Lycaenidae	BGLIB886-24_r_1.3_s_100	Euura longiserra	0	BGLIB886-24	1.3	100	False	False	9488233	29	191	1536	0.0	11.0	2.166015625	0.0
2	9	data/BGE00410_MGE-BGE_r1_1.3_1.5_s50_100.fasta	None	Tenthredinidae	BLAST	family	COI-5P	480	1107	Tenthredinidae	BGLIB886-24_r_1.5_s_50	Euura longiserra	0	BGLIB886-24	1.5	50	False	False	9488233	168	191	1536	0.0	26.0	5.408203125	4.0
1	1	data/BGE00410_MGE-BGE_r1_1.3_1.5_s50_100.fasta	None	Tenthredinidae	BLAST	family	COI-5P	354	396	Tettigoniidae,Cicadellidae,Syrphidae,Ulidiidae,Vespidae,Lycaenidae	BGLIB886-24_r_1.5_s_100	Euura longiserra	2	BGLIB886-24	1.5	100	False	False	9488233	17	191	1536	0.0	8.0	1.10546875	0.0
0	4	data/BGE00410_MGE-BGE_r1_1.3_1.5_s50_100.fasta	None	Tenthredinidae	BLAST	family	COI-5P	657	1554	Tenthredinidae	BGLIB887-24_r_1_s_50	Nematus alniastri	0	BGLIB887-24	1	50	False	False	14333140	3986	511	1554	4.0	394.0	224.6023166023166	226.0
0	0	data/BGE00410_MGE-BGE_r1_1.3_1.5_s50_100.fasta	None	Tenthredinidae	BLAST	family	COI-5P	657	1533	Tenthredinidae	BGLIB887-24_r_1_s_100	Nematus alniastri	0	BGLIB887-24	1	100	False	False	14333140	2939	511	1554	0.0	343.0	191.8880308880309	189.0
0	0	data/BGE00410_MGE-BGE_r1_1.3_1.5_s50_100.fasta	None	Tenthredinidae	BLAST	family	COI-5P	657	1554	Tenthredinidae	BGLIB887-24_r_1.3_s_50	Nematus alniastri	0	BGLIB887-24	1.3	50	False	False	14333140	3688	511	1554	4.0	384.0	213.62741312741312	214.0
0	0	data/BGE00410_MGE-BGE_r1_1.3_1.5_s50_100.fasta	None	Tenthredinidae	BLAST	family	COI-5P	657	1533	Tenthredinidae	BGLIB887-24_r_1.3_s_100	Nematus alniastri	0	BGLIB887-24	1.3	100	False	False	14333140	2903	511	1554	0.0	339.0	189.4247104247104	187.0
0	0	data/BGE00410_MGE-BGE_r1_1.3_1.5_s50_100.fasta	None	Tenthredinidae	BLAST	family	COI-5P	657	1554	Tenthredinidae	BGLIB887-24_r_1.5_s_50	Nematus alniastri	0	BGLIB887-24	1.5	50	False	False	14333140	3393	511	1554	4.0	361.0	199.23552123552125	194.5
0	0	data/BGE00410_MGE-BGE_r1_1.3_1.5_s50_100.fasta	None	Tenthredinidae	BLAST	family	COI-5P	657	1533	Tenthredinidae	BGLIB887-24_r_1.5_s_100	Nematus alniastri	0	BGLIB887-24	1.5	100	False	False	14333140	2761	511	1554	0.0	331.0	180.25289575289574	176.0
0	1	data/BGE00410_MGE-BGE_r1_1.3_1.5_s50_100.fasta	None	Tenthredinidae	BLAST	family	COI-5P	657	1551	Tenthredinidae	BGLIB888-24_r_1_s_50	Nematus septentrionalis	0	BGLIB888-24	1	50	False	False	13516568	5224	503	1554	0.0	641.0	306.05405405405406	298.0
0	0	data/BGE00410_MGE-BGE_r1_1.3_1.5_s50_100.fasta	None	Tenthredinidae	BLAST	family	COI-5P	657	1542	Tenthredinidae	BGLIB888-24_r_1_s_100	Nematus septentrionalis	0	BGLIB888-24	1	100	False	False	13516568	4312	503	1554	0.0	592.0	277.19305019305017	268.0
0	1	data/BGE00410_MGE-BGE_r1_1.3_1.5_s50_100.fasta	None	Tenthredinidae	BLAST	family	COI-5P	657	1551	Tenthredinidae	BGLIB888-24_r_1.3_s_50	Nematus septentrionalis	0	BGLIB888-24	1.3	50	False	False	13516568	5132	503	1554	0.0	631.0	301.7876447876448	295.0
0	0	data/BGE00410_MGE-BGE_r1_1.3_1.5_s50_100.fasta	None	Tenthredinidae	BLAST	family	COI-5P	657	1542	Tenthredinidae	BGLIB888-24_r_1.3_s_100	Nematus septentrionalis	0	BGLIB888-24	1.3	100	False	False	13516568	4289	503	1554	0.0	589.0	275.5250965250965	267.5
0	0	data/BGE00410_MGE-BGE_r1_1.3_1.5_s50_100.fasta	None	Tenthredinidae	BLAST	family	COI-5P	657	1533	Tenthredinidae	BGLIB888-24_r_1.5_s_50	Nematus septentrionalis	0	BGLIB888-24	1.5	50	False	False	13516568	4954	503	1554	0.0	625.0	292.74903474903476	289.5
0	0	data/BGE00410_MGE-BGE_r1_1.3_1.5_s50_100.fasta	None	Tenthredinidae	BLAST	family	COI-5P	657	1533	Tenthredinidae	BGLIB888-24_r_1.5_s_100	Nematus septentrionalis	0	BGLIB888-24	1.5	100	False	False	13516568	4189	503	1554	0.0	586.0	269.0057915057915	266.0
24	47	data/BGE00410_MGE-BGE_r1_1.3_1.5_s50_100.fasta	None	Tenthredinidae	BLAST	family	COI-5P	657	1554	Tenthredinidae	BGLIB889-24_r_1_s_50	Nematus septentrionalis	0	BGLIB889-24	1	50	False	False	11290700	1580	207	1554	8.0	152.0	71.37837837837837	68.0
20	25	data/BGE00410_MGE-BGE_r1_1.3_1.5_s50_100.fasta	None	Tenthredinidae	BLAST	family	COI-5P	657	1524	Tenthredinidae,Diprionidae	BGLIB889-24_r_1_s_100	Nematus septentrionalis	0	BGLIB889-24	1	100	False	False	11290700	764	207	1554	0.0	111.0	44.608108108108105	45.0
3	6	data/BGE00410_MGE-BGE_r1_1.3_1.5_s50_100.fasta	None	Tenthredinidae	BLAST	family	COI-5P	657	1554	Tenthredinidae	BGLIB889-24_r_1.3_s_50	Nematus septentrionalis	0	BGLIB889-24	1.3	50	False	False	11290700	1214	207	1554	8.0	133.0	54.43436293436294	49.0
2	2	data/BGE00410_MGE-BGE_r1_1.3_1.5_s50_100.fasta	None	Tenthredinidae	BLAST	family	COI-5P	657	1524	Tenthredinidae	BGLIB889-24_r_1.3_s_100	Nematus septentrionalis	0	BGLIB889-24	1.3	100	False	False	11290700	649	207	1554	0.0	101.0	36.706563706563706	34.0
0	1	data/BGE00410_MGE-BGE_r1_1.3_1.5_s50_100.fasta	None	Tenthredinidae	BLAST	family	COI-5P	657	1554	Tenthredinidae	BGLIB889-24_r_1.5_s_50	Nematus septentrionalis	0	BGLIB889-24	1.5	50	False	False	11290700	892	207	1554	8.0	109.0	40.7972972972973	34.5
1	2	data/BGE00410_MGE-BGE_r1_1.3_1.5_s50_100.fasta	None	Tenthredinidae	BLAST	family	COI-5P	657	1524	Tenthredinidae	BGLIB889-24_r_1.5_s_100	Nematus septentrionalis	0	BGLIB889-24	1.5	100	False	False	11290700	556	207	1554	0.0	77.0	30.928571428571427	28.0
0	0	data/BGE00410_MGE-BGE_r1_1.3_1.5_s50_100.fasta	None	Tenthredinidae	BLAST	family	COI-5P	656	1536	Tenthredinidae	BGLIB890-24_r_1_s_50	Euura bergmanni	0	BGLIB890-24	1	50	False	False	15845836	3022	61	1536	7.0	274.0	198.298828125	201.5
0	0	data/BGE00410_MGE-BGE_r1_1.3_1.5_s50_100.fasta	None	Tenthredinidae	BLAST	family	COI-5P	656	1533	Tenthredinidae	BGLIB890-24_r_1_s_100	Euura bergmanni	0	BGLIB890-24	1	100	False	False	15845836	2358	61	1536	0.0	252.0	178.0234375	183.0
0	0	data/BGE00410_MGE-BGE_r1_1.3_1.5_s50_100.fasta	None	Tenthredinidae	BLAST	family	COI-5P	656	1533	Tenthredinidae	BGLIB890-24_r_1.3_s_50	Euura bergmanni	0	BGLIB890-24	1.3	50	False	False	15845836	2748	61	1536	0.0	272.0	188.79296875	192.0
0	0	data/BGE00410_MGE-BGE_r1_1.3_1.5_s50_100.fasta	None	Tenthredinidae	BLAST	family	COI-5P	656	1533	Tenthredinidae	BGLIB890-24_r_1.3_s_100	Euura bergmanni	0	BGLIB890-24	1.3	100	False	False	15845836	2343	61	1536	0.0	249.0	177.03125	181.0
0	0	data/BGE00410_MGE-BGE_r1_1.3_1.5_s50_100.fasta	None	Tenthredinidae	BLAST	family	COI-5P	656	1533	Tenthredinidae	BGLIB890-24_r_1.5_s_50	Euura bergmanni	0	BGLIB890-24	1.5	50	False	False	15845836	2616	61	1536	0.0	261.0	183.83984375	185.0
0	0	data/BGE00410_MGE-BGE_r1_1.3_1.5_s50_100.fasta	None	Tenthredinidae	BLAST	family	COI-5P	656	1533	Tenthredinidae	BGLIB890-24_r_1.5_s_100	Euura bergmanni	0	BGLIB890-24	1.5	100	False	False	15845836	2310	61	1536	0.0	239.0	174.791015625	179.0
0	0	data/BGE00410_MGE-BGE_r1_1.3_1.5_s50_100.fasta	None	Tenthredinidae	BLAST	family	COI-5P	657	1536	Tenthredinidae	BGLIB891-24_r_1_s_50	Euura bipartita	0	BGLIB891-24	1	50	False	False	14454602	5877	826	1536	2.0	529.0	354.478515625	354.0
0	0	data/BGE00410_MGE-BGE_r1_1.3_1.5_s50_100.fasta	None	Tenthredinidae	BLAST	family	COI-5P	657	1533	Tenthredinidae	BGLIB891-24_r_1_s_100	Euura bipartita	0	BGLIB891-24	1	100	False	False	14454602	4625	826	1536	0.0	470.0	316.078125	320.0
0	0	data/BGE00410_MGE-BGE_r1_1.3_1.5_s50_100.fasta	None	Tenthredinidae	BLAST	family	COI-5P	657	1536	Tenthredinidae	BGLIB891-24_r_1.3_s_50	Euura bipartita	0	BGLIB891-24	1.3	50	False	False	14454602	5592	826	1536	2.0	517.0	342.63671875	341.0
0	0	data/BGE00410_MGE-BGE_r1_1.3_1.5_s50_100.fasta	None	Tenthredinidae	BLAST	family	COI-5P	657	1533	Tenthredinidae	BGLIB891-24_r_1.3_s_100	Euura bipartita	0	BGLIB891-24	1.3	100	False	False	14454602	4572	826	1536	0.0	458.0	311.90625	316.0
0	0	data/BGE00410_MGE-BGE_r1_1.3_1.5_s50_100.fasta	None	Tenthredinidae	BLAST	family	COI-5P	657	1533	Tenthredinidae	BGLIB891-24_r_1.5_s_50	Euura bipartita	0	BGLIB891-24	1.5	50	False	False	14454602	5356	826	1536	0.0	503.0	332.119140625	331.5
0	0	data/BGE00410_MGE-BGE_r1_1.3_1.5_s50_100.fasta	None	Tenthredinidae	BLAST	family	COI-5P	657	1533	Tenthredinidae	BGLIB891-24_r_1.5_s_100	Euura bipartita	0	BGLIB891-24	1.5	100	False	False	14454602	4480	826	1536	0.0	447.0	305.8203125	311.0
25	57	data/BGE00410_MGE-BGE_r1_1.3_1.5_s50_100.fasta	None	Tenthredinidae	BLAST	family	COI-5P	657	1524	Drosophilidae,Tenthredinidae	BGLIB892-24_r_1_s_50	Euura caeruleocarpus	0	BGLIB892-24	1	50	False	False	2326002	1861	226	1536	0.0	251.0	86.1875	68.0
21	58	data/BGE00410_MGE-BGE_r1_1.3_1.5_s50_100.fasta	None	Tenthredinidae	BLAST	family	COI-5P	657	1491	Tenthredinidae	BGLIB892-24_r_1_s_100	Euura caeruleocarpus	0	BGLIB892-24	1	100	False	False	2326002	797	226	1536	0.0	210.0	50.53515625	35.0
14	22	data/BGE00410_MGE-BGE_r1_1.3_1.5_s50_100.fasta	None	Tenthredinidae	BLAST	family	COI-5P	657	1488	Tenthredinidae	BGLIB892-24_r_1.3_s_50	Euura caeruleocarpus	0	BGLIB892-24	1.3	50	False	False	2326002	1407	226	1536	0.0	228.0	61.51171875	50.0
14	21	data/BGE00410_MGE-BGE_r1_1.3_1.5_s50_100.fasta	None	Tenthredinidae	BLAST	family	COI-5P	612	1419	Tenthredinidae	BGLIB892-24_r_1.3_s_100	Euura caeruleocarpus	0	BGLIB892-24	1.3	100	False	False	2326002	649	226	1536	0.0	201.0	38.21875	28.5
2	4	data/BGE00410_MGE-BGE_r1_1.3_1.5_s50_100.fasta	None	Tenthredinidae	BLAST	family	COI-5P	609	1440	Tenthredinidae	BGLIB892-24_r_1.5_s_50	Euura caeruleocarpus	0	BGLIB892-24	1.5	50	False	False	2326002	1083	226	1536	0.0	177.0	45.623046875	38.0
2	3	data/BGE00410_MGE-BGE_r1_1.3_1.5_s50_100.fasta	None	Tenthredinidae	BLAST	family	COI-5P	555	1362	Tenthredinidae	BGLIB892-24_r_1.5_s_100	Euura caeruleocarpus	0	BGLIB892-24	1.5	100	False	False	2326002	540	226	1536	0.0	142.0	29.38671875	18.0
0	0	data/BGE00410_MGE-BGE_r1_1.3_1.5_s50_100.fasta	None	Tenthredinidae	BLAST	family	COI-5P	657	1536	Tenthredinidae	BGLIB893-24_r_1_s_50	Euura hypoxantha	0	BGLIB893-24	1	50	False	False	15326952	4816	48	1536	85.0	516.0	334.900390625	335.0
0	0	data/BGE00410_MGE-BGE_r1_1.3_1.5_s50_100.fasta	None	Tenthredinidae	BLAST	family	COI-5P	657	1536	Tenthredinidae	BGLIB893-24_r_1_s_100	Euura hypoxantha	0	BGLIB893-24	1	100	False	False	15326952	4064	48	1536	38.0	497.0	311.755859375	317.0
0	0	data/BGE00410_MGE-BGE_r1_1.3_1.5_s50_100.fasta	None	Tenthredinidae	BLAST	family	COI-5P	657	1536	Tenthredinidae	BGLIB893-24_r_1.3_s_50	Euura hypoxantha	0	BGLIB893-24	1.3	50	False	False	15326952	4514	48	1536	84.0	506.0	323.2734375	325.0
0	0	data/BGE00410_MGE-BGE_r1_1.3_1.5_s50_100.fasta	None	Tenthredinidae	BLAST	family	COI-5P	657	1536	Tenthredinidae	BGLIB893-24_r_1.3_s_100	Euura hypoxantha	0	BGLIB893-24	1.3	100	False	False	15326952	4022	48	1536	37.0	497.0	308.65234375	313.0
0	0	data/BGE00410_MGE-BGE_r1_1.3_1.5_s50_100.fasta	None	Tenthredinidae	BLAST	family	COI-5P	657	1536	Tenthredinidae	BGLIB893-24_r_1.5_s_50	Euura hypoxantha	0	BGLIB893-24	1.5	50	False	False	15326952	4326	48	1536	84.0	496.0	314.0859375	319.0
0	0	data/BGE00410_MGE-BGE_r1_1.3_1.5_s50_100.fasta	None	Tenthredinidae	BLAST	family	COI-5P	657	1536	Tenthredinidae	BGLIB893-24_r_1.5_s_100	Euura hypoxantha	0	BGLIB893-24	1.5	100	False	False	15326952	3951	48	1536	37.0	490.0	303.05078125	308.0
0	0	data/BGE00410_MGE-BGE_r1_1.3_1.5_s50_100.fasta	None	Tenthredinidae	BLAST	family	COI-5P	657	1536	Tenthredinidae	BGLIB894-24_r_1_s_50	Euura incompleta	0	BGLIB894-24	1	50	False	False	19182677	3684	945	1536	22.0	372.0	251.15625	248.5
0	0	data/BGE00410_MGE-BGE_r1_1.3_1.5_s50_100.fasta	None	Tenthredinidae	BLAST	family	COI-5P	657	1536	Tenthredinidae	BGLIB894-24_r_1_s_100	Euura incompleta	0	BGLIB894-24	1	100	False	False	19182677	3034	945	1536	20.0	352.0	231.69140625	230.0
0	0	data/BGE00410_MGE-BGE_r1_1.3_1.5_s50_100.fasta	None	Tenthredinidae	BLAST	family	COI-5P	657	1536	Tenthredinidae	BGLIB894-24_r_1.3_s_50	Euura incompleta	0	BGLIB894-24	1.3	50	False	False	19182677	3383	945	1536	22.0	363.0	239.9296875	239.5
0	0	data/BGE00410_MGE-BGE_r1_1.3_1.5_s50_100.fasta	None	Tenthredinidae	BLAST	family	COI-5P	657	1536	Tenthredinidae	BGLIB894-24_r_1.3_s_100	Euura incompleta	0	BGLIB894-24	1.3	100	False	False	19182677	3000	945	1536	20.0	349.0	229.1015625	227.0
0	0	data/BGE00410_MGE-BGE_r1_1.3_1.5_s50_100.fasta	None	Tenthredinidae	BLAST	family	COI-5P	657	1536	Tenthredinidae	BGLIB894-24_r_1.5_s_50	Euura incompleta	0	BGLIB894-24	1.5	50	False	False	19182677	3232	945	1536	22.0	362.0	232.986328125	233.0
0	0	data/BGE00410_MGE-BGE_r1_1.3_1.5_s50_100.fasta	None	Tenthredinidae	BLAST	family	COI-5P	657	1536	Tenthredinidae	BGLIB894-24_r_1.5_s_100	Euura incompleta	0	BGLIB894-24	1.5	100	False	False	19182677	2942	945	1536	20.0	345.0	224.953125	225.0
0	0	data/BGE00410_MGE-BGE_r1_1.3_1.5_s50_100.fasta	None	Tenthredinidae	BLAST	family	COI-5P	657	1536	Tenthredinidae	BGLIB895-24_r_1_s_50	Euura myosotidis	0	BGLIB895-24	1	50	False	False	16260140	6037	70	1536	77.0	628.0	410.25	410.0
0	0	data/BGE00410_MGE-BGE_r1_1.3_1.5_s50_100.fasta	None	Tenthredinidae	BLAST	family	COI-5P	657	1536	Tenthredinidae	BGLIB895-24_r_1_s_100	Euura myosotidis	0	BGLIB895-24	1	100	False	False	16260140	5152	70	1536	60.0	598.0	382.890625	389.0
0	0	data/BGE00410_MGE-BGE_r1_1.3_1.5_s50_100.fasta	None	Tenthredinidae	BLAST	family	COI-5P	657	1536	Tenthredinidae	BGLIB895-24_r_1.3_s_50	Euura myosotidis	0	BGLIB895-24	1.3	50	False	False	16260140	5878	70	1536	77.0	628.0	404.333984375	406.0
0	0	data/BGE00410_MGE-BGE_r1_1.3_1.5_s50_100.fasta	None	Tenthredinidae	BLAST	family	COI-5P	657	1536	Tenthredinidae	BGLIB895-24_r_1.3_s_100	Euura myosotidis	0	BGLIB895-24	1.3	100	False	False	16260140	5136	70	1536	60.0	598.0	381.724609375	388.5
0	0	data/BGE00410_MGE-BGE_r1_1.3_1.5_s50_100.fasta	None	Tenthredinidae	BLAST	family	COI-5P	657	1536	Tenthredinidae	BGLIB895-24_r_1.5_s_50	Euura myosotidis	0	BGLIB895-24	1.5	50	False	False	16260140	5724	70	1536	76.0	622.0	397.9296875	402.0
0	0	data/BGE00410_MGE-BGE_r1_1.3_1.5_s50_100.fasta	None	Tenthredinidae	BLAST	family	COI-5P	657	1536	Tenthredinidae	BGLIB895-24_r_1.5_s_100	Euura myosotidis	0	BGLIB895-24	1.5	100	False	False	16260140	5086	70	1536	59.0	594.0	378.35546875	386.0
28	33	data/BGE00410_MGE-BGE_r1_1.3_1.5_s50_100.fasta	None	Tenthredinidae	BLAST	family	COI-5P	656	1512	Drosophilidae,Sarcophagidae,Tenthredinidae	BGLIB896-24_r_1_s_50	Euura ribesii	0	BGLIB896-24	1	50	False	False	3653813	1052	42	1536	0.0	143.0	53.390625	44.0
29	38	data/BGE00410_MGE-BGE_r1_1.3_1.5_s50_100.fasta	None	Tenthredinidae	BLAST	family	COI-5P	657	1512	Tenthredinidae	BGLIB896-24_r_1_s_100	Euura ribesii	0	BGLIB896-24	1	100	False	False	3653813	491	42	1536	0.0	107.0	33.248046875	22.5
12	14	data/BGE00410_MGE-BGE_r1_1.3_1.5_s50_100.fasta	None	Tenthredinidae	BLAST	family	COI-5P	657	1512	Tenthredinidae	BGLIB896-24_r_1.3_s_50	Euura ribesii	0	BGLIB896-24	1.3	50	False	False	3653813	671	42	1536	0.0	116.0	33.11328125	23.0
14	20	data/BGE00410_MGE-BGE_r1_1.3_1.5_s50_100.fasta	None	Tenthredinidae	BLAST	family	COI-5P	657	1506	Tenthredinidae	BGLIB896-24_r_1.3_s_100	Euura ribesii	0	BGLIB896-24	1.3	100	False	False	3653813	379	42	1536	0.0	98.0	24.24609375	16.0
7	8	data/BGE00410_MGE-BGE_r1_1.3_1.5_s50_100.fasta	None	Tenthredinidae	BLAST	family	COI-5P	596	1452	Tenthredinidae	BGLIB896-24_r_1.5_s_50	Euura ribesii	0	BGLIB896-24	1.5	50	False	False	3653813	414	42	1536	0.0	82.0	19.88671875	14.0
7	8	data/BGE00410_MGE-BGE_r1_1.3_1.5_s50_100.fasta	None	Tenthredinidae	BLAST	family	COI-5P	576	1425	Tenthredinidae	BGLIB896-24_r_1.5_s_100	Euura ribesii	0	BGLIB896-24	1.5	100	False	False	3653813	266	42	1536	0.0	82.0	15.869140625	12.0
0	0	data/BGE00410_MGE-BGE_r1_1.3_1.5_s50_100.fasta	None	Tenthredinidae	BLAST	family	COI-5P	657	1536	Tenthredinidae	BGLIB897-24_r_1_s_50	Euura clitellata	0	BGLIB897-24	1	50	False	False	28545151	7794	1907	1536	72.0	722.0	501.3046875	508.0
0	0	data/BGE00410_MGE-BGE_r1_1.3_1.5_s50_100.fasta	None	Tenthredinidae	BLAST	family	COI-5P	657	1536	Tenthredinidae	BGLIB897-24_r_1_s_100	Euura clitellata	0	BGLIB897-24	1	100	False	False	28545151	6426	1907	1536	70.0	637.0	459.255859375	480.0
0	0	data/BGE00410_MGE-BGE_r1_1.3_1.5_s50_100.fasta	None	Tenthredinidae	BLAST	family	COI-5P	657	1536	Tenthredinidae	BGLIB897-24_r_1.3_s_50	Euura clitellata	0	BGLIB897-24	1.3	50	False	False	28545151	7363	1907	1536	72.0	682.0	486.447265625	501.0
0	0	data/BGE00410_MGE-BGE_r1_1.3_1.5_s50_100.fasta	None	Tenthredinidae	BLAST	family	COI-5P	657	1536	Tenthredinidae	BGLIB897-24_r_1.3_s_100	Euura clitellata	0	BGLIB897-24	1.3	100	False	False	28545151	6395	1907	1536	70.0	637.0	456.951171875	478.5
0	0	data/BGE00410_MGE-BGE_r1_1.3_1.5_s50_100.fasta	None	Tenthredinidae	BLAST	family	COI-5P	657	1536	Tenthredinidae	BGLIB897-24_r_1.5_s_50	Euura clitellata	0	BGLIB897-24	1.5	50	False	False	28545151	6947	1907	1536	72.0	656.0	466.298828125	468.5
0	0	data/BGE00410_MGE-BGE_r1_1.3_1.5_s50_100.fasta	None	Tenthredinidae	BLAST	family	COI-5P	657	1536	Tenthredinidae	BGLIB897-24_r_1.5_s_100	Euura clitellata	0	BGLIB897-24	1.5	100	False	False	28545151	6191	1907	1536	70.0	634.0	443.126953125	445.0
17	37	data/BGE00410_MGE-BGE_r1_1.3_1.5_s50_100.fasta	None	Tenthredinidae	BLAST	family	COI-5P	657	1530	Tenthredinidae	BGLIB898-24_r_1_s_50	Euura montana	0	BGLIB898-24	1	50	False	False	7722710	1305	231	1536	0.0	168.0	56.5859375	48.0
26	39	data/BGE00410_MGE-BGE_r1_1.3_1.5_s50_100.fasta	None	Tenthredinidae	BLAST	family	COI-5P	656	1488	Tenthredinidae	BGLIB898-24_r_1_s_100	Euura montana	0	BGLIB898-24	1	100	False	False	7722710	593	231	1536	0.0	138.0	34.62109375	29.0
6	10	data/BGE00410_MGE-BGE_r1_1.3_1.5_s50_100.fasta	None	Tenthredinidae	BLAST	family	COI-5P	657	1530	Tenthredinidae	BGLIB898-24_r_1.3_s_50	Euura montana	0	BGLIB898-24	1.3	50	False	False	7722710	1109	231	1536	0.0	158.0	45.3984375	40.0
22	22	data/BGE00410_MGE-BGE_r1_1.3_1.5_s50_100.fasta	None	Tenthredinidae	BLAST	family	COI-5P	644	1452	Tenthredinidae	BGLIB898-24_r_1.3_s_100	Euura montana	0	BGLIB898-24	1.3	100	False	False	7722710	514	231	1536	0.0	124.0	27.677734375	26.0
2	4	data/BGE00410_MGE-BGE_r1_1.3_1.5_s50_100.fasta	None	Tenthredinidae	BLAST	family	COI-5P	657	1530	Tenthredinidae	BGLIB898-24_r_1.5_s_50	Euura montana	0	BGLIB898-24	1.5	50	False	False	7722710	957	231	1536	0.0	156.0	38.3828125	34.0
5	5	data/BGE00410_MGE-BGE_r1_1.3_1.5_s50_100.fasta	None	Tenthredinidae	BLAST	family	COI-5P	638	1425	Tenthredinidae	BGLIB898-24_r_1.5_s_100	Euura montana	0	BGLIB898-24	1.5	100	False	False	7722710	468	231	1536	0.0	109.0	23.876953125	20.0
1	2	data/BGE00410_MGE-BGE_r1_1.3_1.5_s50_100.fasta	None	Tenthredinidae	BLAST	family	COI-5P	657	1536	Tenthredinidae	BGLIB899-24_r_1_s_50	Euura obducta	0	BGLIB899-24	1	50	False	False	17102577	3704	903	1536	2.0	335.0	203.513671875	203.5
0	2	data/BGE00410_MGE-BGE_r1_1.3_1.5_s50_100.fasta	None	Tenthredinidae	BLAST	family	COI-5P	657	1533	Tenthredinidae	BGLIB899-24_r_1_s_100	Euura obducta	0	BGLIB899-24	1	100	False	False	17102577	2734	903	1536	0.0	312.0	174.123046875	174.0
1	2	data/BGE00410_MGE-BGE_r1_1.3_1.5_s50_100.fasta	None	Tenthredinidae	BLAST	family	COI-5P	657	1536	Tenthredinidae	BGLIB899-24_r_1.3_s_50	Euura obducta	0	BGLIB899-24	1.3	50	False	False	17102577	3499	903	1536	2.0	335.0	196.23046875	192.0
0	2	data/BGE00410_MGE-BGE_r1_1.3_1.5_s50_100.fasta	None	Tenthredinidae	BLAST	family	COI-5P	657	1533	Tenthredinidae	BGLIB899-24_r_1.3_s_100	Euura obducta	0	BGLIB899-24	1.3	100	False	False	17102577	2715	903	1536	0.0	312.0	172.640625	171.0
1	2	data/BGE00410_MGE-BGE_r1_1.3_1.5_s50_100.fasta	None	Tenthredinidae	BLAST	family	COI-5P	657	1533	Tenthredinidae	BGLIB899-24_r_1.5_s_50	Euura obducta	0	BGLIB899-24	1.5	50	False	False	17102577	3175	903	1536	0.0	321.0	180.970703125	176.5
0	2	data/BGE00410_MGE-BGE_r1_1.3_1.5_s50_100.fasta	None	Tenthredinidae	BLAST	family	COI-5P	657	1533	Tenthredinidae	BGLIB899-24_r_1.5_s_100	Euura obducta	0	BGLIB899-24	1.5	100	False	False	17102577	2551	903	1536	0.0	307.0	162.0859375	159.0
0	4	data/BGE00410_MGE-BGE_r1_1.3_1.5_s50_100.fasta	None	Tenthredinidae	BLAST	family	COI-5P	656	1536	Tenthredinidae	BGLIB900-24_r_1_s_50	Euura scutellata	0	BGLIB900-24	1	50	False	False	11883817	3527	378	1536	4.0	259.0	149.626953125	150.0
0	0	data/BGE00410_MGE-BGE_r1_1.3_1.5_s50_100.fasta	None	Tenthredinidae	BLAST	family	COI-5P	656	1536	Tenthredinidae	BGLIB900-24_r_1_s_100	Euura scutellata	0	BGLIB900-24	1	100	False	False	11883817	1982	378	1536	3.0	176.0	101.599609375	101.0
0	0	data/BGE00410_MGE-BGE_r1_1.3_1.5_s50_100.fasta	None	Tenthredinidae	BLAST	family	COI-5P	656	1536	Tenthredinidae	BGLIB900-24_r_1.3_s_50	Euura scutellata	0	BGLIB900-24	1.3	50	False	False	11883817	3359	378	1536	2.0	257.0	142.796875	141.5
0	0	data/BGE00410_MGE-BGE_r1_1.3_1.5_s50_100.fasta	None	Tenthredinidae	BLAST	family	COI-5P	656	1536	Tenthredinidae	BGLIB900-24_r_1.3_s_100	Euura scutellata	0	BGLIB900-24	1.3	100	False	False	11883817	1963	378	1536	3.0	175.0	100.16796875	100.0
0	0	data/BGE00410_MGE-BGE_r1_1.3_1.5_s50_100.fasta	None	Tenthredinidae	BLAST	family	COI-5P	656	1536	Tenthredinidae	BGLIB900-24_r_1.5_s_50	Euura scutellata	0	BGLIB900-24	1.5	50	False	False	11883817	3084	378	1536	1.0	230.0	132.720703125	130.0
0	0	data/BGE00410_MGE-BGE_r1_1.3_1.5_s50_100.fasta	None	Tenthredinidae	BLAST	family	COI-5P	656	1536	Tenthredinidae	BGLIB900-24_r_1.5_s_100	Euura scutellata	0	BGLIB900-24	1.5	100	False	False	11883817	1901	378	1536	2.0	172.0	96.7734375	95.5
1	1	data/BGE00410_MGE-BGE_r1_1.3_1.5_s50_100.fasta	None	Tenthredinidae	BLAST	family	COI-5P	657	1536	Tenthredinidae	BGLIB901-24_r_1_s_50	Euura vaga	0	BGLIB901-24	1	50	False	False	13079814	2532	105	1536	4.0	231.0	114.591796875	106.5
1	1	data/BGE00410_MGE-BGE_r1_1.3_1.5_s50_100.fasta	None	Tenthredinidae	BLAST	family	COI-5P	657	1536	Tenthredinidae	BGLIB901-24_r_1_s_100	Euura vaga	0	BGLIB901-24	1	100	False	False	13079814	1523	105	1536	2.0	175.0	83.638671875	75.0
0	0	data/BGE00410_MGE-BGE_r1_1.3_1.5_s50_100.fasta	None	Tenthredinidae	BLAST	family	COI-5P	657	1536	Tenthredinidae	BGLIB901-24_r_1.3_s_50	Euura vaga	0	BGLIB901-24	1.3	50	False	False	13079814	2352	105	1536	4.0	219.0	105.7109375	96.0
0	0	data/BGE00410_MGE-BGE_r1_1.3_1.5_s50_100.fasta	None	Tenthredinidae	BLAST	family	COI-5P	657	1536	Tenthredinidae	BGLIB901-24_r_1.3_s_100	Euura vaga	0	BGLIB901-24	1.3	100	False	False	13079814	1464	105	1536	2.0	170.0	78.90625	70.0
0	0	data/BGE00410_MGE-BGE_r1_1.3_1.5_s50_100.fasta	None	Tenthredinidae	BLAST	family	COI-5P	657	1536	Tenthredinidae	BGLIB901-24_r_1.5_s_50	Euura vaga	0	BGLIB901-24	1.5	50	False	False	13079814	2190	105	1536	4.0	211.0	98.041015625	89.0
0	0	data/BGE00410_MGE-BGE_r1_1.3_1.5_s50_100.fasta	None	Tenthredinidae	BLAST	family	COI-5P	657	1536	Tenthredinidae	BGLIB901-24_r_1.5_s_100	Euura vaga	0	BGLIB901-24	1.5	100	False	False	13079814	1405	105	1536	2.0	162.0	74.541015625	66.0
44	51	data/BGE00410_MGE-BGE_r1_1.3_1.5_s50_100.fasta	None	Tenthredinidae	BLAST	family	COI-5P	614	1383	Chironomidae,Tenthredinidae	BGLIB902-24_r_1_s_50	Euura collactanea	0	BGLIB902-24	1	50	False	False	2043147	406	121	1536	0.0	119.0	26.361328125	19.0
39	41	data/BGE00410_MGE-BGE_r1_1.3_1.5_s50_100.fasta	None	Tenthredinidae	BLAST	family	COI-5P	507	1200	Nemouridae,Cicadellidae,Tenthredinidae,Saturniidae,Raphidiidae	BGLIB902-24_r_1_s_100	Euura collactanea	0	BGLIB902-24	1	100	False	False	2043147	293	121	1536	0.0	94.0	22.642578125	15.0
30	32	data/BGE00410_MGE-BGE_r1_1.3_1.5_s50_100.fasta	None	Tenthredinidae	BLAST	family	COI-5P	545	1140	Tenthredinidae	BGLIB902-24_r_1.3_s_50	Euura collactanea	0	BGLIB902-24	1.3	50	False	False	2043147	260	121	1536	0.0	86.0	14.5390625	8.0
27	29	data/BGE00410_MGE-BGE_r1_1.3_1.5_s50_100.fasta	None	Tenthredinidae	BLAST	family	COI-5P	456	825	Cicadellidae,Staphylinidae,Syrphidae,Tenthredinidae,Raphidiidae	BGLIB902-24_r_1.3_s_100	Euura collactanea	0	BGLIB902-24	1.3	100	False	False	2043147	176	121	1536	0.0	80.0	11.876953125	2.0
3	5	data/BGE00410_MGE-BGE_r1_1.3_1.5_s50_100.fasta	None	Tenthredinidae	BLAST	family	COI-5P	512	1059	Scarabaeidae,Pipunculidae,Tenthredinidae,Diprionidae	BGLIB902-24_r_1.5_s_50	Euura collactanea	0	BGLIB902-24	1.5	50	False	False	2043147	205	121	1536	0.0	62.0	9.84765625	4.0
2	4	data/BGE00410_MGE-BGE_r1_1.3_1.5_s50_100.fasta	None	Tenthredinidae	BLAST	family	COI-5P	366	693	Bothrideridae,Lycaenidae	BGLIB902-24_r_1.5_s_100	Euura collactanea	0	BGLIB902-24	1.5	100	False	False	2043147	127	121	1536	0.0	56.0	7.37890625	0.0
0	0	data/BGE00410_MGE-BGE_r1_1.3_1.5_s50_100.fasta	None	Tenthredinidae	BLAST	family	COI-5P	657	1536	Tenthredinidae	BGLIB903-24_r_1_s_50	Euura joergenseni	0	BGLIB903-24	1	50	False	False	13405579	3187	320	1536	73.0	334.0	189.244140625	183.5
0	0	data/BGE00410_MGE-BGE_r1_1.3_1.5_s50_100.fasta	None	Tenthredinidae	BLAST	family	COI-5P	657	1536	Tenthredinidae	BGLIB903-24_r_1_s_100	Euura joergenseni	0	BGLIB903-24	1	100	False	False	13405579	2439	320	1536	48.0	315.0	166.08203125	163.0
0	0	data/BGE00410_MGE-BGE_r1_1.3_1.5_s50_100.fasta	None	Tenthredinidae	BLAST	family	COI-5P	657	1536	Tenthredinidae	BGLIB903-24_r_1.3_s_50	Euura joergenseni	0	BGLIB903-24	1.3	50	False	False	13405579	3039	320	1536	71.0	330.0	183.26171875	178.0
0	0	data/BGE00410_MGE-BGE_r1_1.3_1.5_s50_100.fasta	None	Tenthredinidae	BLAST	family	COI-5P	657	1536	Tenthredinidae	BGLIB903-24_r_1.3_s_100	Euura joergenseni	0	BGLIB903-24	1.3	100	False	False	13405579	2411	320	1536	48.0	314.0	163.94921875	160.0
0	0	data/BGE00410_MGE-BGE_r1_1.3_1.5_s50_100.fasta	None	Tenthredinidae	BLAST	family	COI-5P	657	1536	Tenthredinidae	BGLIB903-24_r_1.5_s_50	Euura joergenseni	0	BGLIB903-24	1.5	50	False	False	13405579	2824	320	1536	43.0	315.0	174.099609375	169.0
0	0	data/BGE00410_MGE-BGE_r1_1.3_1.5_s50_100.fasta	None	Tenthredinidae	BLAST	family	COI-5P	657	1536	Tenthredinidae	BGLIB903-24_r_1.5_s_100	Euura joergenseni	0	BGLIB903-24	1.5	100	False	False	13405579	2335	320	1536	31.0	309.0	159.017578125	156.0
0	0	data/BGE00410_MGE-BGE_r1_1.3_1.5_s50_100.fasta	None	Tenthredinidae	BLAST	family	COI-5P	657	1536	Tenthredinidae	BGLIB904-24_r_1_s_50	Euura vesicator	0	BGLIB904-24	1	50	False	False	14791935	6848	59	1536	45.0	670.0	362.478515625	368.0
0	0	data/BGE00410_MGE-BGE_r1_1.3_1.5_s50_100.fasta	None	Tenthredinidae	BLAST	family	COI-5P	657	1536	Tenthredinidae	BGLIB904-24_r_1_s_100	Euura vesicator	0	BGLIB904-24	1	100	False	False	14791935	5186	59	1536	33.0	573.0	311.830078125	322.0
0	0	data/BGE00410_MGE-BGE_r1_1.3_1.5_s50_100.fasta	None	Tenthredinidae	BLAST	family	COI-5P	657	1536	Tenthredinidae	BGLIB904-24_r_1.3_s_50	Euura vesicator	0	BGLIB904-24	1.3	50	False	False	14791935	6629	59	1536	45.0	653.0	354.015625	362.0
0	0	data/BGE00410_MGE-BGE_r1_1.3_1.5_s50_100.fasta	None	Tenthredinidae	BLAST	family	COI-5P	657	1536	Tenthredinidae	BGLIB904-24_r_1.3_s_100	Euura vesicator	0	BGLIB904-24	1.3	100	False	False	14791935	5156	59	1536	33.0	563.0	309.607421875	320.0
0	0	data/BGE00410_MGE-BGE_r1_1.3_1.5_s50_100.fasta	None	Tenthredinidae	BLAST	family	COI-5P	657	1536	Tenthredinidae	BGLIB904-24_r_1.5_s_50	Euura vesicator	0	BGLIB904-24	1.5	50	False	False	14791935	6413	59	1536	45.0	630.0	343.921875	349.5
0	0	data/BGE00410_MGE-BGE_r1_1.3_1.5_s50_100.fasta	None	Tenthredinidae	BLAST	family	COI-5P	657	1536	Tenthredinidae	BGLIB904-24_r_1.5_s_100	Euura vesicator	0	BGLIB904-24	1.5	100	False	False	14791935	5061	59	1536	33.0	548.0	303.28515625	310.5
20	52	data/BGE00410_MGE-BGE_r1_1.3_1.5_s50_100.fasta	None	Tenthredinidae	BLAST	family	COI-5P	413	909	Staphylinidae,Mycetophilidae	BGLIB905-24_r_1_s_50	Euura viminalis	0	BGLIB905-24	1	50	False	False	1666554	97	210	1536	0.0	38.0	7.26953125	2.0
19	24	data/BGE00410_MGE-BGE_r1_1.3_1.5_s50_100.fasta	None	Tenthredinidae	BLAST	family	COI-5P	413	786	Staphylinidae,Mordellidae,Chrysomelidae,Scatopsidae	BGLIB905-24_r_1_s_100	Euura viminalis	0	BGLIB905-24	1	100	False	False	1666554	75	210	1536	0.0	31.0	6.759765625	1.0
16	24	data/BGE00410_MGE-BGE_r1_1.3_1.5_s50_100.fasta	None	Tenthredinidae	BLAST	family	COI-5P	302	399	Curculionidae	BGLIB905-24_r_1.3_s_50	Euura viminalis	0	BGLIB905-24	1.3	50	False	False	1666554	56	210	1536	0.0	31.0	3.94921875	0.0
16	17	data/BGE00410_MGE-BGE_r1_1.3_1.5_s50_100.fasta	None	Tenthredinidae	BLAST	family	COI-5P	272	342	Curculionidae	BGLIB905-24_r_1.3_s_100	Euura viminalis	0	BGLIB905-24	1.3	100	False	False	1666554	40	210	1536	0.0	28.0	3.623046875	0.0
12	19	data/BGE00410_MGE-BGE_r1_1.3_1.5_s50_100.fasta	None	Tenthredinidae	BLAST	family	COI-5P	195	243	Delphacidae,Chrysomelidae,Curculionidae,Formicidae	BGLIB905-24_r_1.5_s_50	Euura viminalis	2	BGLIB905-24	1.5	50	False	False	1666554	29	210	1536	0.0	16.0	1.39453125	0.0
12	13	data/BGE00410_MGE-BGE_r1_1.3_1.5_s50_100.fasta	None	Tenthredinidae	BLAST	family	COI-5P	121	147	Delphacidae,Chrysomelidae,Curculionidae,Formicidae	BGLIB905-24_r_1.5_s_100	Euura viminalis	0	BGLIB905-24	1.5	100	False	False	1666554	13	210	1536	0.0	13.0	1.068359375	0.0
0	0	data/BGE00410_MGE-BGE_r1_1.3_1.5_s50_100.fasta	None	Tenthredinidae	BLAST	family	COI-5P	657	1536	Tenthredinidae	BGLIB906-24_r_1_s_50	Dolerus gibbosus	0	BGLIB906-24	1	50	False	False	3898846	4829	255	1578	0.0	447.0	181.2889733840304	169.0
1	2	data/BGE00410_MGE-BGE_r1_1.3_1.5_s50_100.fasta	None	Tenthredinidae	BLAST	family	COI-5P	657	1494	Tenthredinidae	BGLIB906-24_r_1_s_100	Dolerus gibbosus	0	BGLIB906-24	1	100	False	False	3898846	1397	255	1578	0.0	196.0	71.69391634980988	66.0
0	0	data/BGE00410_MGE-BGE_r1_1.3_1.5_s50_100.fasta	None	Tenthredinidae	BLAST	family	COI-5P	657	1533	Tenthredinidae	BGLIB906-24_r_1.3_s_50	Dolerus gibbosus	0	BGLIB906-24	1.3	50	False	False	3898846	3968	255	1578	0.0	371.0	145.67680608365018	137.5
0	0	data/BGE00410_MGE-BGE_r1_1.3_1.5_s50_100.fasta	None	Tenthredinidae	BLAST	family	COI-5P	657	1479	Tenthredinidae	BGLIB906-24_r_1.3_s_100	Dolerus gibbosus	0	BGLIB906-24	1.3	100	False	False	3898846	1283	255	1578	0.0	182.0	63.02281368821293	62.0
0	0	data/BGE00410_MGE-BGE_r1_1.3_1.5_s50_100.fasta	None	Tenthredinidae	BLAST	family	COI-5P	630	1326	Tenthredinidae	BGLIB906-24_r_1.5_s_50	Dolerus gibbosus	0	BGLIB906-24	1.5	50	False	False	3898846	2629	255	1578	0.0	317.0	93.69201520912547	85.5
0	0	data/BGE00410_MGE-BGE_r1_1.3_1.5_s50_100.fasta	None	Tenthredinidae	BLAST	family	COI-5P	588	1233	Tenthredinidae	BGLIB906-24_r_1.5_s_100	Dolerus gibbosus	0	BGLIB906-24	1.5	100	False	False	3898846	982	255	1578	0.0	170.0	45.39163498098859	41.0
0	0	data/BGE00410_MGE-BGE_r1_1.3_1.5_s50_100.fasta	None	Tenthredinidae	BLAST	family	COI-5P	657	1557	Tenthredinidae	BGLIB907-24_r_1_s_50	Dolerus gibbosus	0	BGLIB907-24	1	50	False	False	9648417	6789	424	1578	0.0	781.0	316.27756653992395	307.0
0	2	data/BGE00410_MGE-BGE_r1_1.3_1.5_s50_100.fasta	None	Tenthredinidae	BLAST	family	COI-5P	657	1557	Tenthredinidae	BGLIB907-24_r_1_s_100	Dolerus gibbosus	0	BGLIB907-24	1	100	False	False	9648417	3701	424	1578	0.0	368.0	207.9467680608365	210.0
0	0	data/BGE00410_MGE-BGE_r1_1.3_1.5_s50_100.fasta	None	Tenthredinidae	BLAST	family	COI-5P	657	1548	Tenthredinidae	BGLIB907-24_r_1.3_s_50	Dolerus gibbosus	0	BGLIB907-24	1.3	50	False	False	9648417	5413	424	1578	0.0	477.0	251.72433460076044	252.0
0	2	data/BGE00410_MGE-BGE_r1_1.3_1.5_s50_100.fasta	None	Tenthredinidae	BLAST	family	COI-5P	657	1548	Tenthredinidae	BGLIB907-24_r_1.3_s_100	Dolerus gibbosus	0	BGLIB907-24	1.3	100	False	False	9648417	3323	424	1578	0.0	363.0	183.01520912547528	183.0
0	0	data/BGE00410_MGE-BGE_r1_1.3_1.5_s50_100.fasta	None	Tenthredinidae	BLAST	family	COI-5P	648	1434	Tenthredinidae	BGLIB907-24_r_1.5_s_50	Dolerus gibbosus	0	BGLIB907-24	1.5	50	False	False	9648417	3767	424	1578	0.0	444.0	174.34980988593156	178.5
0	0	data/BGE00410_MGE-BGE_r1_1.3_1.5_s50_100.fasta	None	Tenthredinidae	BLAST	family	COI-5P	648	1371	Tenthredinidae	BGLIB907-24_r_1.5_s_100	Dolerus gibbosus	0	BGLIB907-24	1.5	100	False	False	9648417	2520	424	1578	0.0	357.0	135.4619771863118	126.5
3	22	data/BGE00410_MGE-BGE_r1_1.3_1.5_s50_100.fasta	None	Tenthredinidae	BLAST	family	COI-5P	656	1530	Tenthredinidae,Lycaenidae,Crambidae	BGLIB908-24_r_1_s_50	Euura proxima	0	BGLIB908-24	1	50	False	False	12655568	4044	962	1536	0.0	363.0	192.15234375	188.5
9	12	data/BGE00410_MGE-BGE_r1_1.3_1.5_s50_100.fasta	None	Tenthredinidae	BLAST	family	COI-5P	656	1530	Acrididae,Cleridae,Curculionidae,Tephritidae,Piophilidae,Tenthredinidae	BGLIB908-24_r_1_s_100	Euura proxima	0	BGLIB908-24	1	100	False	False	12655568	1758	962	1536	0.0	254.0	112.55859375	100.5
4	5	data/BGE00410_MGE-BGE_r1_1.3_1.5_s50_100.fasta	None	Tenthredinidae	BLAST	family	COI-5P	656	1530	Tenthredinidae	BGLIB908-24_r_1.3_s_50	Euura proxima	0	BGLIB908-24	1.3	50	False	False	12655568	2626	962	1536	0.0	274.0	115.46484375	106.0
4	4	data/BGE00410_MGE-BGE_r1_1.3_1.5_s50_100.fasta	None	Tenthredinidae	BLAST	family	COI-5P	656	1530	Tenthredinidae	BGLIB908-24_r_1.3_s_100	Euura proxima	0	BGLIB908-24	1.3	100	False	False	12655568	1166	962	1536	0.0	185.0	68.9609375	58.5
0	0	data/BGE00410_MGE-BGE_r1_1.3_1.5_s50_100.fasta	None	Tenthredinidae	BLAST	family	COI-5P	656	1530	Tenthredinidae	BGLIB908-24_r_1.5_s_50	Euura proxima	0	BGLIB908-24	1.5	50	False	False	12655568	1616	962	1536	0.0	209.0	75.57421875	66.0
0	0	data/BGE00410_MGE-BGE_r1_1.3_1.5_s50_100.fasta	None	Tenthredinidae	BLAST	family	COI-5P	656	1530	Tenthredinidae	BGLIB908-24_r_1.5_s_100	Euura proxima	0	BGLIB908-24	1.5	100	False	False	12655568	948	962	1536	0.0	133.0	55.412109375	50.0
0	0	data/BGE00410_MGE-BGE_r1_1.3_1.5_s50_100.fasta	None	Cimbicidae	BLAST	family	COI-5P	657	1536	Cimbicidae	BGLIB909-24_r_1_s_50	Abia lonicerae	0	BGLIB909-24	1	50	False	False	13552269	5306	463	1536	7.0	435.0	229.099609375	212.0
0	0	data/BGE00410_MGE-BGE_r1_1.3_1.5_s50_100.fasta	None	Cimbicidae	BLAST	family	COI-5P	654	1533	Cimbicidae	BGLIB909-24_r_1_s_100	Abia lonicerae	0	BGLIB909-24	1	100	False	False	13552269	2768	463	1536	7.0	330.0	147.8046875	144.0
0	0	data/BGE00410_MGE-BGE_r1_1.3_1.5_s50_100.fasta	None	Cimbicidae	BLAST	family	COI-5P	654	1530	Cimbicidae	BGLIB909-24_r_1.3_s_50	Abia lonicerae	0	BGLIB909-24	1.3	50	False	False	13552269	5151	463	1536	0.0	423.0	223.244140625	209.5
0	0	data/BGE00410_MGE-BGE_r1_1.3_1.5_s50_100.fasta	None	Cimbicidae	BLAST	family	COI-5P	654	1530	Cimbicidae	BGLIB909-24_r_1.3_s_100	Abia lonicerae	0	BGLIB909-24	1.3	100	False	False	13552269	2750	463	1536	0.0	330.0	146.642578125	142.5
0	0	data/BGE00410_MGE-BGE_r1_1.3_1.5_s50_100.fasta	None	Cimbicidae	BLAST	family	COI-5P	654	1530	Cimbicidae	BGLIB909-24_r_1.5_s_50	Abia lonicerae	0	BGLIB909-24	1.5	50	False	False	13552269	4206	463	1536	0.0	370.0	182.505859375	183.0
0	0	data/BGE00410_MGE-BGE_r1_1.3_1.5_s50_100.fasta	None	Cimbicidae	BLAST	family	COI-5P	654	1530	Cimbicidae	BGLIB909-24_r_1.5_s_100	Abia lonicerae	0	BGLIB909-24	1.5	100	False	False	13552269	2413	463	1536	0.0	327.0	127.701171875	129.0
37	38	data/BGE00410_MGE-BGE_r1_1.3_1.5_s50_100.fasta	None	Tenthredinidae	BLAST	family	COI-5P	472	1341	Tenthredinidae	BGLIB910-24_r_1_s_50	Euura flavescens	0	BGLIB910-24	1	50	False	False	1764621	234	254	1536	0.0	61.0	14.439453125	8.0
34	35	data/BGE00410_MGE-BGE_r1_1.3_1.5_s50_100.fasta	None	Tenthredinidae	BLAST	family	COI-5P	413	1245	Cecidomyiidae,Tenthredinidae	BGLIB910-24_r_1_s_100	Euura flavescens	0	BGLIB910-24	1	100	False	False	1764621	133	254	1536	0.0	51.0	11.0078125	5.0
19	20	data/BGE00410_MGE-BGE_r1_1.3_1.5_s50_100.fasta	None	Tenthredinidae	BLAST	family	COI-5P	323	672	Tenthredinidae	BGLIB910-24_r_1.3_s_50	Euura flavescens	0	BGLIB910-24	1.3	50	False	False	1764621	95	254	1536	0.0	41.0	5.05859375	0.0
17	18	data/BGE00410_MGE-BGE_r1_1.3_1.5_s50_100.fasta	None	Tenthredinidae	BLAST	family	COI-5P	321	558	Scarabaeidae,Passalidae,Coccinellidae,Chironomidae,Chrysopidae	BGLIB910-24_r_1.3_s_100	Euura flavescens	0	BGLIB910-24	1.3	100	False	False	1764621	51	254	1536	0.0	40.0	3.73828125	0.0
8	8	data/BGE00410_MGE-BGE_r1_1.3_1.5_s50_100.fasta	None	Tenthredinidae	BLAST	family	COI-5P	245	375	Cryptocercidae,Staphylinidae,Buprestidae,Mordellidae,Cerambycidae,Formicidae	BGLIB910-24_r_1.5_s_50	Euura flavescens	0	BGLIB910-24	1.5	50	False	False	1764621	56	254	1536	0.0	22.0	2.2890625	0.0
8	8	data/BGE00410_MGE-BGE_r1_1.3_1.5_s50_100.fasta	None	Tenthredinidae	BLAST	family	COI-5P	127	213	Staphylinidae,Buprestidae,Mordellidae,Cerambycidae,Syrphidae,Formicidae	BGLIB910-24_r_1.5_s_100	Euura flavescens	0	BGLIB910-24	1.5	100	False	False	1764621	25	254	1536	0.0	21.0	1.361328125	0.0
19	21	data/BGE00410_MGE-BGE_r1_1.3_1.5_s50_100.fasta	None	Tenthredinidae	BLAST	family	COI-5P	645	1494	Tenthredinidae	BGLIB911-24_r_1_s_50	Euura leucotrocha	0	BGLIB911-24	1	50	False	False	3738011	425	23	1536	0.0	52.0	16.68359375	14.0
19	20	data/BGE00410_MGE-BGE_r1_1.3_1.5_s50_100.fasta	None	Tenthredinidae	BLAST	family	COI-5P	376	1137	Tenthredinidae	BGLIB911-24_r_1_s_100	Euura leucotrocha	0	BGLIB911-24	1	100	False	False	3738011	148	23	1536	0.0	45.0	8.3125	6.0
8	8	data/BGE00410_MGE-BGE_r1_1.3_1.5_s50_100.fasta	None	Tenthredinidae	BLAST	family	COI-5P	609	1386	Tenthredinidae	BGLIB911-24_r_1.3_s_50	Euura leucotrocha	0	BGLIB911-24	1.3	50	False	False	3738011	384	23	1536	0.0	52.0	14.080078125	12.0
5	5	data/BGE00410_MGE-BGE_r1_1.3_1.5_s50_100.fasta	None	Tenthredinidae	BLAST	family	COI-5P	349	939	Tenthredinidae	BGLIB911-24_r_1.3_s_100	Euura leucotrocha	0	BGLIB911-24	1.3	100	False	False	3738011	124	23	1536	0.0	43.0	6.234375	3.5
7	7	data/BGE00410_MGE-BGE_r1_1.3_1.5_s50_100.fasta	None	Tenthredinidae	BLAST	family	COI-5P	588	1296	Tenthredinidae	BGLIB911-24_r_1.5_s_50	Euura leucotrocha	0	BGLIB911-24	1.5	50	False	False	3738011	316	23	1536	0.0	50.0	11.068359375	8.0
3	3	data/BGE00410_MGE-BGE_r1_1.3_1.5_s50_100.fasta	None	Tenthredinidae	BLAST	family	COI-5P	230	723	Tenthredinidae	BGLIB911-24_r_1.5_s_100	Euura leucotrocha	0	BGLIB911-24	1.5	100	False	False	3738011	104	23	1536	0.0	42.0	4.734375	0.0
0	3	data/BGE00410_MGE-BGE_r1_1.3_1.5_s50_100.fasta	None	Tenthredinidae	BLAST	family	COI-5P	657	1536	Tenthredinidae	BGLIB912-24_r_1_s_50	Euura melanocephalus	0	BGLIB912-24	1	50	False	False	12787595	1621	42	1536	1.0	152.0	73.392578125	70.0
0	2	data/BGE00410_MGE-BGE_r1_1.3_1.5_s50_100.fasta	None	Tenthredinidae	BLAST	family	COI-5P	657	1536	Tenthredinidae	BGLIB912-24_r_1_s_100	Euura melanocephalus	0	BGLIB912-24	1	100	False	False	12787595	912	42	1536	2.0	125.0	51.79296875	50.0
0	1	data/BGE00410_MGE-BGE_r1_1.3_1.5_s50_100.fasta	None	Tenthredinidae	BLAST	family	COI-5P	657	1536	Tenthredinidae	BGLIB912-24_r_1.3_s_50	Euura melanocephalus	0	BGLIB912-24	1.3	50	False	False	12787595	1461	42	1536	1.0	142.0	66.376953125	63.0
0	0	data/BGE00410_MGE-BGE_r1_1.3_1.5_s50_100.fasta	None	Tenthredinidae	BLAST	family	COI-5P	657	1536	Tenthredinidae	BGLIB912-24_r_1.3_s_100	Euura melanocephalus	0	BGLIB912-24	1.3	100	False	False	12787595	867	42	1536	2.0	119.0	48.73828125	46.0
0	0	data/BGE00410_MGE-BGE_r1_1.3_1.5_s50_100.fasta	None	Tenthredinidae	BLAST	family	COI-5P	657	1536	Tenthredinidae	BGLIB912-24_r_1.5_s_50	Euura melanocephalus	0	BGLIB912-24	1.5	50	False	False	12787595	1332	42	1536	1.0	131.0	60.591796875	57.0
0	0	data/BGE00410_MGE-BGE_r1_1.3_1.5_s50_100.fasta	None	Tenthredinidae	BLAST	family	COI-5P	657	1536	Tenthredinidae	BGLIB912-24_r_1.5_s_100	Euura melanocephalus	0	BGLIB912-24	1.5	100	False	False	12787595	820	42	1536	2.0	108.0	45.740234375	42.5
35	66	data/BGE00410_MGE-BGE_r1_1.3_1.5_s50_100.fasta	None	Tenthredinidae	BLAST	family	COI-5P	497	1278	Tenthredinidae	BGLIB913-24_r_1_s_50	Euura nigricornis	0	BGLIB913-24	1	50	False	False	3201282	271	307	1536	0.0	109.0	13.5390625	6.0
29	51	data/BGE00410_MGE-BGE_r1_1.3_1.5_s50_100.fasta	None	Tenthredinidae	BLAST	family	COI-5P	410	1044	Tenthredinidae	BGLIB913-24_r_1_s_100	Euura nigricornis	0	BGLIB913-24	1	100	False	False	3201282	129	307	1536	0.0	73.0	9.482421875	4.0
17	27	data/BGE00410_MGE-BGE_r1_1.3_1.5_s50_100.fasta	None	Tenthredinidae	BLAST	family	COI-5P	357	1068	Tenthredinidae,Notodontidae,Nymphalidae,Geometridae	BGLIB913-24_r_1.3_s_50	Euura nigricornis	0	BGLIB913-24	1.3	50	False	False	3201282	182	307	1536	0.0	73.0	8.837890625	2.0
14	14	data/BGE00410_MGE-BGE_r1_1.3_1.5_s50_100.fasta	None	Tenthredinidae	BLAST	family	COI-5P	335	924	Nymphalidae,Crambidae	BGLIB913-24_r_1.3_s_100	Euura nigricornis	0	BGLIB913-24	1.3	100	False	False	3201282	97	307	1536	0.0	72.0	6.556640625	1.0
16	23	data/BGE00410_MGE-BGE_r1_1.3_1.5_s50_100.fasta	None	Tenthredinidae	BLAST	family	COI-5P	234	828	Tenthredinidae	BGLIB913-24_r_1.5_s_50	Euura nigricornis	0	BGLIB913-24	1.5	50	False	False	3201282	113	307	1536	0.0	42.0	4.8203125	1.0
17	19	data/BGE00410_MGE-BGE_r1_1.3_1.5_s50_100.fasta	None	Tenthredinidae	BLAST	family	COI-5P	168	588	Tenthredinidae,Lycaenidae,Crambidae	BGLIB913-24_r_1.5_s_100	Euura nigricornis	0	BGLIB913-24	1.5	100	False	False	3201282	62	307	1536	0.0	41.0	3.40234375	0.0
22	34	data/BGE00410_MGE-BGE_r1_1.3_1.5_s50_100.fasta	None	Tenthredinidae	BLAST	family	COI-5P	657	1524	Tenthredinidae	BGLIB914-24_r_1_s_50	Euura oligospila	0	BGLIB914-24	1	50	False	False	10691739	820	177	1536	0.0	88.0	32.8671875	33.0
15	44	data/BGE00410_MGE-BGE_r1_1.3_1.5_s50_100.fasta	None	Tenthredinidae	BLAST	family	COI-5P	654	1476	Tenthredinidae	BGLIB914-24_r_1_s_100	Euura oligospila	0	BGLIB914-24	1	100	False	False	10691739	264	177	1536	0.0	53.0	15.791015625	12.5
14	19	data/BGE00410_MGE-BGE_r1_1.3_1.5_s50_100.fasta	None	Tenthredinidae	BLAST	family	COI-5P	657	1506	Tenthredinidae	BGLIB914-24_r_1.3_s_50	Euura oligospila	0	BGLIB914-24	1.3	50	False	False	10691739	683	177	1536	0.0	70.0	26.2578125	26.0
19	23	data/BGE00410_MGE-BGE_r1_1.3_1.5_s50_100.fasta	None	Tenthredinidae	BLAST	family	COI-5P	627	1449	Tenthredinidae	BGLIB914-24_r_1.3_s_100	Euura oligospila	0	BGLIB914-24	1.3	100	False	False	10691739	221	177	1536	0.0	38.0	12.3828125	10.0
1	3	data/BGE00410_MGE-BGE_r1_1.3_1.5_s50_100.fasta	None	Tenthredinidae	BLAST	family	COI-5P	645	1494	Tenthredinidae	BGLIB914-24_r_1.5_s_50	Euura oligospila	0	BGLIB914-24	1.5	50	False	False	10691739	572	177	1536	0.0	58.0	21.654296875	20.0
4	11	data/BGE00410_MGE-BGE_r1_1.3_1.5_s50_100.fasta	None	Tenthredinidae	BLAST	family	COI-5P	627	1449	Tenthredinidae	BGLIB914-24_r_1.5_s_100	Euura oligospila	0	BGLIB914-24	1.5	100	False	False	10691739	203	177	1536	0.0	38.0	10.837890625	8.0
7	11	data/BGE00410_MGE-BGE_r1_1.3_1.5_s50_100.fasta	None	Tenthredinidae	BLAST	family	COI-5P	657	1536	Tenthredinidae	BGLIB915-24_r_1_s_50	Euura poecilonota	0	BGLIB915-24	1	50	False	False	10868274	859	15	1536	4.0	95.0	34.87109375	31.5
11	12	data/BGE00410_MGE-BGE_r1_1.3_1.5_s50_100.fasta	None	Tenthredinidae	BLAST	family	COI-5P	657	1521	Tenthredinidae	BGLIB915-24_r_1_s_100	Euura poecilonota	1	BGLIB915-24	1	100	False	False	10868274	359	15	1536	0.0	66.0	19.44921875	16.0
7	9	data/BGE00410_MGE-BGE_r1_1.3_1.5_s50_100.fasta	None	Tenthredinidae	BLAST	family	COI-5P	657	1536	Tenthredinidae	BGLIB915-24_r_1.3_s_50	Euura poecilonota	0	BGLIB915-24	1.3	50	False	False	10868274	746	15	1536	2.0	92.0	30.1640625	28.0
4	5	data/BGE00410_MGE-BGE_r1_1.3_1.5_s50_100.fasta	None	Tenthredinidae	BLAST	family	COI-5P	657	1521	Tenthredinidae	BGLIB915-24_r_1.3_s_100	Euura poecilonota	1	BGLIB915-24	1.3	100	False	False	10868274	342	15	1536	0.0	63.0	18.037109375	14.0
2	2	data/BGE00410_MGE-BGE_r1_1.3_1.5_s50_100.fasta	None	Tenthredinidae	BLAST	family	COI-5P	657	1536	Tenthredinidae	BGLIB915-24_r_1.5_s_50	Euura poecilonota	0	BGLIB915-24	1.5	50	False	False	10868274	651	15	1536	2.0	72.0	26.466796875	25.0
3	4	data/BGE00410_MGE-BGE_r1_1.3_1.5_s50_100.fasta	None	Tenthredinidae	BLAST	family	COI-5P	657	1521	Tenthredinidae	BGLIB915-24_r_1.5_s_100	Euura poecilonota	1	BGLIB915-24	1.5	100	False	False	10868274	326	15	1536	0.0	57.0	16.85546875	14.0
0	0	data/BGE00410_MGE-BGE_r1_1.3_1.5_s50_100.fasta	None	Tenthredinidae	BLAST	family	COI-5P	657	1536	Tenthredinidae	BGLIB916-24_r_1_s_50	Euura salicis	0	BGLIB916-24	1	50	False	False	7502270	23384	355	1536	23.0	1806.0	1097.751953125	1111.5
0	2	data/BGE00410_MGE-BGE_r1_1.3_1.5_s50_100.fasta	None	Tenthredinidae	BLAST	family	COI-5P	657	1536	Tenthredinidae	BGLIB916-24_r_1_s_100	Euura salicis	0	BGLIB916-24	1	100	False	False	7502270	15644	355	1536	21.0	1454.0	852.185546875	858.0
0	0	data/BGE00410_MGE-BGE_r1_1.3_1.5_s50_100.fasta	None	Tenthredinidae	BLAST	family	COI-5P	657	1533	Tenthredinidae	BGLIB916-24_r_1.3_s_50	Euura salicis	0	BGLIB916-24	1.3	50	False	False	7502270	22906	355	1536	0.0	1768.0	1073.994140625	1097.5
0	0	data/BGE00410_MGE-BGE_r1_1.3_1.5_s50_100.fasta	None	Tenthredinidae	BLAST	family	COI-5P	657	1533	Tenthredinidae	BGLIB916-24_r_1.3_s_100	Euura salicis	0	BGLIB916-24	1.3	100	False	False	7502270	15506	355	1536	0.0	1451.0	842.359375	847.0
0	0	data/BGE00410_MGE-BGE_r1_1.3_1.5_s50_100.fasta	None	Tenthredinidae	BLAST	family	COI-5P	657	1524	Tenthredinidae	BGLIB916-24_r_1.5_s_50	Euura salicis	0	BGLIB916-24	1.5	50	False	False	7502270	20889	355	1536	0.0	1757.0	984.501953125	987.5
0	0	data/BGE00410_MGE-BGE_r1_1.3_1.5_s50_100.fasta	None	Tenthredinidae	BLAST	family	COI-5P	657	1524	Tenthredinidae	BGLIB916-24_r_1.5_s_100	Euura salicis	0	BGLIB916-24	1.5	100	False	False	7502270	14654	355	1536	0.0	1442.0	792.697265625	798.0
30	50	data/BGE00410_MGE-BGE_r1_1.3_1.5_s50_100.fasta	None	Tenthredinidae	BLAST	family	COI-5P	656	1536	Tenthredinidae	BGLIB917-24_r_1_s_50	Euura stichi	0	BGLIB917-24	1	50	False	False	5744621	503	339	1536	2.0	71.0	24.40234375	20.0
23	31	data/BGE00410_MGE-BGE_r1_1.3_1.5_s50_100.fasta	None	Tenthredinidae	BLAST	family	COI-5P	551	1401	Tenthredinidae	BGLIB917-24_r_1_s_100	Euura stichi	0	BGLIB917-24	1	100	False	False	5744621	259	339	1536	0.0	51.0	17.103515625	12.0
19	20	data/BGE00410_MGE-BGE_r1_1.3_1.5_s50_100.fasta	None	Tenthredinidae	BLAST	family	COI-5P	656	1536	Tenthredinidae	BGLIB917-24_r_1.3_s_50	Euura stichi	0	BGLIB917-24	1.3	50	False	False	5744621	397	339	1536	2.0	67.0	18.888671875	14.0
16	16	data/BGE00410_MGE-BGE_r1_1.3_1.5_s50_100.fasta	None	Tenthredinidae	BLAST	family	COI-5P	551	1401	Tenthredinidae	BGLIB917-24_r_1.3_s_100	Euura stichi	0	BGLIB917-24	1.3	100	False	False	5744621	223	339	1536	0.0	47.0	13.91796875	10.0
6	9	data/BGE00410_MGE-BGE_r1_1.3_1.5_s50_100.fasta	None	Tenthredinidae	BLAST	family	COI-5P	635	1503	Tenthredinidae	BGLIB917-24_r_1.5_s_50	Euura stichi	0	BGLIB917-24	1.5	50	False	False	5744621	294	339	1536	0.0	37.0	13.076171875	10.0
11	12	data/BGE00410_MGE-BGE_r1_1.3_1.5_s50_100.fasta	None	Tenthredinidae	BLAST	family	COI-5P	551	1341	Tenthredinidae	BGLIB917-24_r_1.5_s_100	Euura stichi	0	BGLIB917-24	1.5	100	False	False	5744621	168	339	1536	0.0	25.0	9.52734375	9.0
0	0	data/BGE00410_MGE-BGE_r1_1.3_1.5_s50_100.fasta	None	Tenthredinidae	BLAST	family	COI-5P	657	1533	Tenthredinidae	BGLIB918-24_r_1_s_50	Euura tibialis	0	BGLIB918-24	1	50	False	False	12699493	3645	411	1536	0.0	341.0	164.21875	159.0
0	0	data/BGE00410_MGE-BGE_r1_1.3_1.5_s50_100.fasta	None	Tenthredinidae	BLAST	family	COI-5P	657	1533	Tenthredinidae	BGLIB918-24_r_1_s_100	Euura tibialis	0	BGLIB918-24	1	100	False	False	12699493	2242	411	1536	0.0	264.0	121.046875	113.0
0	0	data/BGE00410_MGE-BGE_r1_1.3_1.5_s50_100.fasta	None	Tenthredinidae	BLAST	family	COI-5P	657	1533	Tenthredinidae	BGLIB918-24_r_1.3_s_50	Euura tibialis	0	BGLIB918-24	1.3	50	False	False	12699493	3496	411	1536	0.0	339.0	158.986328125	152.0
0	0	data/BGE00410_MGE-BGE_r1_1.3_1.5_s50_100.fasta	None	Tenthredinidae	BLAST	family	COI-5P	657	1533	Tenthredinidae	BGLIB918-24_r_1.3_s_100	Euura tibialis	0	BGLIB918-24	1.3	100	False	False	12699493	2236	411	1536	0.0	264.0	120.5390625	112.0
0	0	data/BGE00410_MGE-BGE_r1_1.3_1.5_s50_100.fasta	None	Tenthredinidae	BLAST	family	COI-5P	657	1533	Tenthredinidae	BGLIB918-24_r_1.5_s_50	Euura tibialis	0	BGLIB918-24	1.5	50	False	False	12699493	3323	411	1536	0.0	337.0	152.38671875	146.0
0	0	data/BGE00410_MGE-BGE_r1_1.3_1.5_s50_100.fasta	None	Tenthredinidae	BLAST	family	COI-5P	657	1533	Tenthredinidae	BGLIB918-24_r_1.5_s_100	Euura tibialis	0	BGLIB918-24	1.5	100	False	False	12699493	2193	411	1536	0.0	263.0	117.86328125	110.0
20	22	data/BGE00410_MGE-BGE_r1_1.3_1.5_s50_100.fasta	None	Cephidae	BLAST	family	COI-5P	631	1497	Scarabaeidae,Cephidae,Erebidae,Papilionidae	BGLIB919-24_r_1_s_50	Janus compressus	0	BGLIB919-24	1	50	False	False	2602855	482	159	1533	0.0	58.0	18.26614481409002	16.0
7	26	data/BGE00410_MGE-BGE_r1_1.3_1.5_s50_100.fasta	None	Cephidae	BLAST	family	COI-5P	260	1182	Culicidae,Cephidae,Noctuidae,Papilionidae	BGLIB919-24_r_1_s_100	Janus compressus	0	BGLIB919-24	1	100	False	False	2602855	162	159	1533	0.0	30.0	8.796477495107633	6.0
0	0	data/BGE00410_MGE-BGE_r1_1.3_1.5_s50_100.fasta	None	Cephidae	BLAST	family	COI-5P	613	1449	Staphylinidae,Cephidae,Tortricidae	BGLIB919-24_r_1.3_s_50	Janus compressus	0	BGLIB919-24	1.3	50	False	False	2602855	438	159	1533	0.0	54.0	15.718199608610567	14.0
1	3	data/BGE00410_MGE-BGE_r1_1.3_1.5_s50_100.fasta	None	Cephidae	BLAST	family	COI-5P	255	1092	Cephidae,Erebidae,Papilionidae,Nymphalidae,Crambidae,Geometridae	BGLIB919-24_r_1.3_s_100	Janus compressus	0	BGLIB919-24	1.3	100	False	False	2602855	140	159	1533	0.0	30.0	7.039138943248532	6.0
0	0	data/BGE00410_MGE-BGE_r1_1.3_1.5_s50_100.fasta	None	Cephidae	BLAST	family	COI-5P	583	1419	Staphylinidae,Mycetophilidae,Cephidae	BGLIB919-24_r_1.5_s_50	Janus compressus	0	BGLIB919-24	1.5	50	False	False	2602855	423	159	1533	0.0	52.0	14.874755381604697	12.0
0	2	data/BGE00410_MGE-BGE_r1_1.3_1.5_s50_100.fasta	None	Cephidae	BLAST	family	COI-5P	224	1047	Cephidae,Limacodidae,Noctuidae,Lycaenidae,Nymphalidae,Geometridae	BGLIB919-24_r_1.5_s_100	Janus compressus	0	BGLIB919-24	1.5	100	False	False	2602855	131	159	1533	0.0	30.0	6.410958904109589	4.0
28	29	data/BGE00410_MGE-BGE_r1_1.3_1.5_s50_100.fasta	None	Cephidae	BLAST	family	COI-5P	478	825	Tenthredinidae,Cephidae	BGLIB920-24_r_1_s_50	Janus femoratus	0	BGLIB920-24	1	50	False	False	1539245	59	16	1545	0.0	24.0	4.1883495145631064	1.0
28	29	data/BGE00410_MGE-BGE_r1_1.3_1.5_s50_100.fasta	None	Cephidae	BLAST	family	COI-5P	443	717		BGLIB920-24_r_1_s_100	Janus femoratus	0	BGLIB920-24	1	100	False	False	1539245	43	16	1545	0.0	24.0	3.7650485436893204	0.0
23	24	data/BGE00410_MGE-BGE_r1_1.3_1.5_s50_100.fasta	None	Cephidae	BLAST	family	COI-5P	398	507	Panorpidae,Lycaenidae,Pyralidae	BGLIB920-24_r_1.3_s_50	Janus femoratus	0	BGLIB920-24	1.3	50	False	False	1539245	33	16	1545	0.0	10.0	1.778640776699029	0.0
5	6	data/BGE00410_MGE-BGE_r1_1.3_1.5_s50_100.fasta	None	Cephidae	BLAST	family	COI-5P	363	399	Panorpidae,Lycaenidae,Pyralidae	BGLIB920-24_r_1.3_s_100	Janus femoratus	0	BGLIB920-24	1.3	100	False	False	1539245	17	16	1545	0.0	10.0	1.3553398058252428	0.0
0	2	data/BGE00410_MGE-BGE_r1_1.3_1.5_s50_100.fasta	None	Cephidae	BLAST	family	COI-5P	122	222	Chrysomelidae,Braconidae,Apidae,Lycaenidae,Pyralidae,Hesperiidae	BGLIB920-24_r_1.5_s_50	Janus femoratus	0	BGLIB920-24	1.5	50	False	False	1539245	17	16	1545	0.0	8.0	0.7631067961165049	0.0
0	2	data/BGE00410_MGE-BGE_r1_1.3_1.5_s50_100.fasta	None	Cephidae	BLAST	family	COI-5P	122	159	Braconidae,Apidae,Lycaenidae,Pyralidae,Hesperiidae	BGLIB920-24_r_1.5_s_100	Janus femoratus	0	BGLIB920-24	1.5	100	False	False	1539245	7	16	1545	0.0	7.0	0.5533980582524272	0.0
12	23	data/BGE00410_MGE-BGE_r1_1.3_1.5_s50_100.fasta	None	Gasteruptiidae	BLAST	family	COI-5P	656	1464	Gasteruptiidae	BGLIB921-24_r_1_s_50	Gasteruption pedemontanum	0	BGLIB921-24	1	50	False	False	4968982	524	253	1533	0.0	58.0	19.919765166340508	19.0
3	16	data/BGE00410_MGE-BGE_r1_1.3_1.5_s50_100.fasta	None	Gasteruptiidae	BLAST	family	COI-5P	632	1188	Braconidae,Gasteruptiidae,Agaonidae,Aphelinidae,Chrysopidae	BGLIB921-24_r_1_s_100	Gasteruption pedemontanum	0	BGLIB921-24	1	100	False	False	4968982	177	253	1533	0.0	33.0	9.23679060665362	7.0
2	2	data/BGE00410_MGE-BGE_r1_1.3_1.5_s50_100.fasta	None	Gasteruptiidae	BLAST	family	COI-5P	657	1449	Gasteruptiidae	BGLIB921-24_r_1.3_s_50	Gasteruption pedemontanum	0	BGLIB921-24	1.3	50	False	False	4968982	477	253	1533	0.0	56.0	17.125244618395303	16.0
4	9	data/BGE00410_MGE-BGE_r1_1.3_1.5_s50_100.fasta	None	Gasteruptiidae	BLAST	family	COI-5P	636	1107	Gasteruptiidae	BGLIB921-24_r_1.3_s_100	Gasteruption pedemontanum	0	BGLIB921-24	1.3	100	False	False	4968982	154	253	1533	0.0	29.0	7.340508806262231	4.0
2	2	data/BGE00410_MGE-BGE_r1_1.3_1.5_s50_100.fasta	None	Gasteruptiidae	BLAST	family	COI-5P	657	1422	Gasteruptiidae	BGLIB921-24_r_1.5_s_50	Gasteruption pedemontanum	0	BGLIB921-24	1.5	50	False	False	4968982	422	253	1533	0.0	54.0	15.164383561643836	12.0
4	9	data/BGE00410_MGE-BGE_r1_1.3_1.5_s50_100.fasta	None	Gasteruptiidae	BLAST	family	COI-5P	552	1023	Gasteruptiidae	BGLIB921-24_r_1.5_s_100	Gasteruption pedemontanum	0	BGLIB921-24	1.5	100	False	False	4968982	151	253	1533	0.0	28.0	7.052837573385519	4.0
10	19	data/BGE00410_MGE-BGE_r1_1.3_1.5_s50_100.fasta	None	Gasteruptiidae	BLAST	family	COI-5P	657	1533	Braconidae,Gasteruptiidae	BGLIB922-24_r_1_s_50	Gasteruption pedemontanum	0	BGLIB922-24	1	50	False	False	12800952	1758	92	1533	22.0	144.0	80.18003913894324	84.0
17	25	data/BGE00410_MGE-BGE_r1_1.3_1.5_s50_100.fasta	None	Gasteruptiidae	BLAST	family	COI-5P	657	1533	Braconidae,Gasteruptiidae	BGLIB922-24_r_1_s_100	Gasteruption pedemontanum	0	BGLIB922-24	1	100	False	False	12800952	986	92	1533	7.0	112.0	55.60469667318982	54.0
0	0	data/BGE00410_MGE-BGE_r1_1.3_1.5_s50_100.fasta	None	Gasteruptiidae	BLAST	family	COI-5P	657	1533	Braconidae,Gasteruptiidae	BGLIB922-24_r_1.3_s_50	Gasteruption pedemontanum	0	BGLIB922-24	1.3	50	False	False	12800952	1453	92	1533	18.0	120.0	64.03131115459882	65.0
0	0	data/BGE00410_MGE-BGE_r1_1.3_1.5_s50_100.fasta	None	Gasteruptiidae	BLAST	family	COI-5P	657	1533	Braconidae,Gasteruptiidae	BGLIB922-24_r_1.3_s_100	Gasteruption pedemontanum	0	BGLIB922-24	1.3	100	False	False	12800952	886	92	1533	5.0	105.0	47.33463796477495	47.0
0	0	data/BGE00410_MGE-BGE_r1_1.3_1.5_s50_100.fasta	None	Gasteruptiidae	BLAST	family	COI-5P	657	1533	Braconidae,Gasteruptiidae	BGLIB922-24_r_1.5_s_50	Gasteruption pedemontanum	0	BGLIB922-24	1.5	50	False	False	12800952	1321	92	1533	11.0	117.0	57.68688845401174	58.0
0	0	data/BGE00410_MGE-BGE_r1_1.3_1.5_s50_100.fasta	None	Gasteruptiidae	BLAST	family	COI-5P	657	1533	Braconidae,Gasteruptiidae	BGLIB922-24_r_1.5_s_100	Gasteruption pedemontanum	0	BGLIB922-24	1.5	100	False	False	12800952	840	92	1533	2.0	105.0	43.88062622309198	43.0
0	0	data/BGE00410_MGE-BGE_r1_1.3_1.5_s50_100.fasta	None	Gasteruptiidae	BLAST	family	COI-5P	657	1533	Braconidae,Gasteruptiidae	BGLIB923-24_r_1_s_50	Gasteruption pedemontanum	0	BGLIB923-24	1	50	False	False	10638655	9449	88	1533	134.0	739.0	395.146771037182	372.0
0	0	data/BGE00410_MGE-BGE_r1_1.3_1.5_s50_100.fasta	None	Gasteruptiidae	BLAST	family	COI-5P	657	1533	Braconidae,Gasteruptiidae	BGLIB923-24_r_1_s_100	Gasteruption pedemontanum	0	BGLIB923-24	1	100	False	False	10638655	5252	88	1533	67.0	649.0	263.9256360078278	227.0
0	0	data/BGE00410_MGE-BGE_r1_1.3_1.5_s50_100.fasta	None	Gasteruptiidae	BLAST	family	COI-5P	657	1533	Braconidae,Gasteruptiidae	BGLIB923-24_r_1.3_s_50	Gasteruption pedemontanum	0	BGLIB923-24	1.3	50	False	False	10638655	9114	88	1533	108.0	725.0	380.8747553816047	351.0
0	0	data/BGE00410_MGE-BGE_r1_1.3_1.5_s50_100.fasta	None	Gasteruptiidae	BLAST	family	COI-5P	657	1533	Braconidae,Gasteruptiidae	BGLIB923-24_r_1.3_s_100	Gasteruption pedemontanum	0	BGLIB923-24	1.3	100	False	False	10638655	5188	88	1533	66.0	636.0	259.3757338551859	219.0
0	0	data/BGE00410_MGE-BGE_r1_1.3_1.5_s50_100.fasta	None	Gasteruptiidae	BLAST	family	COI-5P	657	1533	Braconidae,Gasteruptiidae	BGLIB923-24_r_1.5_s_50	Gasteruption pedemontanum	0	BGLIB923-24	1.5	50	False	False	10638655	8371	88	1533	65.0	724.0	351.2426614481409	324.0
0	0	data/BGE00410_MGE-BGE_r1_1.3_1.5_s50_100.fasta	None	Gasteruptiidae	BLAST	family	COI-5P	657	1533	Braconidae,Gasteruptiidae	BGLIB923-24_r_1.5_s_100	Gasteruption pedemontanum	0	BGLIB923-24	1.5	100	False	False	10638655	4932	88	1533	39.0	635.0	245.49902152641877	206.0
1	19	data/BGE00410_MGE-BGE_r1_1.3_1.5_s50_100.fasta	None	Sphecidae	BLAST	family	COI-5P	656	1521	Ichneumonidae,Vespidae,Sphecidae,Formicidae	BGLIB924-24_r_1_s_50	Chalybion femoratum	0	BGLIB924-24	1	50	False	False	10595998	698	55	1542	0.0	66.0	27.06225680933852	26.0
2	2	data/BGE00410_MGE-BGE_r1_1.3_1.5_s50_100.fasta	None	Sphecidae	BLAST	family	COI-5P	656	1467	Ichneumonidae,Vespidae,Sphecidae,Formicidae	BGLIB924-24_r_1_s_100	Chalybion femoratum	0	BGLIB924-24	1	100	False	False	10595998	273	55	1542	0.0	37.0	13.61089494163424	13.0
0	4	data/BGE00410_MGE-BGE_r1_1.3_1.5_s50_100.fasta	None	Sphecidae	BLAST	family	COI-5P	611	1476	Discolomatidae,Vespidae,Sphecidae,Crabronidae,Andrenidae,Colletidae	BGLIB924-24_r_1.3_s_50	Chalybion femoratum	0	BGLIB924-24	1.3	50	False	False	10595998	593	55	1542	0.0	60.0	22.492217898832685	22.0
0	0	data/BGE00410_MGE-BGE_r1_1.3_1.5_s50_100.fasta	None	Sphecidae	BLAST	family	COI-5P	599	1410	Discolomatidae,Ichneumonidae,Vespidae,Sphecidae,Crabronidae,Andrenidae,Colletidae	BGLIB924-24_r_1.3_s_100	Chalybion femoratum	0	BGLIB924-24	1.3	100	False	False	10595998	241	55	1542	0.0	37.0	11.616731517509727	10.0
0	0	data/BGE00410_MGE-BGE_r1_1.3_1.5_s50_100.fasta	None	Sphecidae	BLAST	family	COI-5P	593	1218	Sphecidae	BGLIB924-24_r_1.5_s_50	Chalybion femoratum	0	BGLIB924-24	1.5	50	False	False	10595998	476	55	1542	0.0	58.0	18.087548638132297	18.0
0	0	data/BGE00410_MGE-BGE_r1_1.3_1.5_s50_100.fasta	None	Sphecidae	BLAST	family	COI-5P	509	1125	Vespidae,Sphecidae	BGLIB924-24_r_1.5_s_100	Chalybion femoratum	0	BGLIB924-24	1.5	100	False	False	10595998	220	55	1542	0.0	37.0	10.426070038910506	8.0
36	67	data/BGE00410_MGE-BGE_r1_1.3_1.5_s50_100.fasta	None	Philanthidae	BLAST	family	COI-5P	629	1410	Crabronidae	BGLIB925-24_r_1_s_50	Cerceris fimbriata	0	BGLIB925-24	1	50	False	False	10028152	581	123	1548	0.0	85.0	23.017441860465116	16.0
37	56	data/BGE00410_MGE-BGE_r1_1.3_1.5_s50_100.fasta	None	Philanthidae	BLAST	family	COI-5P	449	1077	Nitidulidae,Phalacridae,Oecophoridae,Lasiocampidae,Erebidae	BGLIB925-24_r_1_s_100	Cerceris fimbriata	0	BGLIB925-24	1	100	False	False	10028152	149	123	1548	0.0	47.0	9.067829457364342	7.0
17	25	data/BGE00410_MGE-BGE_r1_1.3_1.5_s50_100.fasta	None	Philanthidae	BLAST	family	COI-5P	548	1245	Lycidae,Latridiidae,Chironomidae,Phoridae,Drosophilidae,Rhinophoridae,Noctuidae,Geometridae,Chrysopidae	BGLIB925-24_r_1.3_s_50	Cerceris fimbriata	0	BGLIB925-24	1.3	50	False	False	10028152	320	123	1548	0.0	74.0	11.075581395348838	8.0
15	36	data/BGE00410_MGE-BGE_r1_1.3_1.5_s50_100.fasta	None	Philanthidae	BLAST	family	COI-5P	446	861	Mycetophagidae,Coccinellidae,Latridiidae,Cecidomyiidae,Lasiocampidae,Geometridae	BGLIB925-24_r_1.3_s_100	Cerceris fimbriata	0	BGLIB925-24	1.3	100	False	False	10028152	91	123	1548	0.0	45.0	4.848837209302325	2.0
6	15	data/BGE00410_MGE-BGE_r1_1.3_1.5_s50_100.fasta	None	Philanthidae	BLAST	family	COI-5P	499	987	Crabronidae	BGLIB925-24_r_1.5_s_50	Cerceris fimbriata	0	BGLIB925-24	1.5	50	False	False	10028152	211	123	1548	0.0	45.0	6.503875968992248	4.0
2	4	data/BGE00410_MGE-BGE_r1_1.3_1.5_s50_100.fasta	None	Philanthidae	BLAST	family	COI-5P	241	420	Crabronidae	BGLIB925-24_r_1.5_s_100	Cerceris fimbriata	0	BGLIB925-24	1.5	100	False	False	10028152	60	123	1548	0.0	28.0	2.6802325581395348	0.0
6	9	data/BGE00410_MGE-BGE_r1_1.3_1.5_s50_100.fasta	None	Philanthidae	BLAST	family	COI-5P	656	1509	Ichneumonidae,Crabronidae	BGLIB926-24_r_1_s_50	Cerceris tenuivittata	0	BGLIB926-24	1	50	False	False	10628859	800	301	1548	0.0	70.0	33.49612403100775	32.5
2	2	data/BGE00410_MGE-BGE_r1_1.3_1.5_s50_100.fasta	None	Philanthidae	BLAST	family	COI-5P	656	1506	Ichneumonidae,Crabronidae	BGLIB926-24_r_1_s_100	Cerceris tenuivittata	0	BGLIB926-24	1	100	False	False	10628859	367	301	1548	0.0	42.0	19.51937984496124	19.0
1	2	data/BGE00410_MGE-BGE_r1_1.3_1.5_s50_100.fasta	None	Philanthidae	BLAST	family	COI-5P	656	1509	Ichneumonidae,Crabronidae	BGLIB926-24_r_1.3_s_50	Cerceris tenuivittata	0	BGLIB926-24	1.3	50	False	False	10628859	700	301	1548	0.0	58.0	29.127906976744185	30.0
4	9	data/BGE00410_MGE-BGE_r1_1.3_1.5_s50_100.fasta	None	Philanthidae	BLAST	family	COI-5P	656	1506	Ichneumonidae,Crabronidae	BGLIB926-24_r_1.3_s_100	Cerceris tenuivittata	0	BGLIB926-24	1.3	100	False	False	10628859	347	301	1548	0.0	42.0	18.09108527131783	18.0
1	1	data/BGE00410_MGE-BGE_r1_1.3_1.5_s50_100.fasta	None	Philanthidae	BLAST	family	COI-5P	653	1464	Ichneumonidae,Crabronidae	BGLIB926-24_r_1.5_s_50	Cerceris tenuivittata	0	BGLIB926-24	1.5	50	False	False	10628859	550	301	1548	0.0	58.0	22.51937984496124	22.0
1	1	data/BGE00410_MGE-BGE_r1_1.3_1.5_s50_100.fasta	None	Philanthidae	BLAST	family	COI-5P	653	1461	Ichneumonidae,Crabronidae	BGLIB926-24_r_1.5_s_100	Cerceris tenuivittata	0	BGLIB926-24	1.5	100	False	False	10628859	291	301	1548	0.0	42.0	14.594961240310077	14.0
0	0	data/BGE00410_MGE-BGE_r1_1.3_1.5_s50_100.fasta	None	Braconidae	BLAST	family	COI-5P	655	1536	Braconidae	BGLIB927-24_r_1_s_50	Biosteres haemorrhoeus	0	BGLIB927-24	1	50	False	False	2752568	17070	382	1536	67.0	1385.0	840.30859375	871.5
0	0	data/BGE00410_MGE-BGE_r1_1.3_1.5_s50_100.fasta	None	Braconidae	BLAST	family	COI-5P	655	1536	Braconidae	BGLIB927-24_r_1_s_100	Biosteres haemorrhoeus	0	BGLIB927-24	1	100	False	False	2752568	11452	382	1536	46.0	1260.0	652.544921875	678.0
0	0	data/BGE00410_MGE-BGE_r1_1.3_1.5_s50_100.fasta	None	Braconidae	BLAST	family	COI-5P	655	1518	Braconidae	BGLIB927-24_r_1.3_s_50	Biosteres haemorrhoeus	0	BGLIB927-24	1.3	50	False	False	2752568	16063	382	1536	0.0	1359.0	791.640625	835.0
0	0	data/BGE00410_MGE-BGE_r1_1.3_1.5_s50_100.fasta	None	Braconidae	BLAST	family	COI-5P	655	1518	Braconidae	BGLIB927-24_r_1.3_s_100	Biosteres haemorrhoeus	0	BGLIB927-24	1.3	100	False	False	2752568	11129	382	1536	0.0	1255.0	631.13671875	668.0
0	0	data/BGE00410_MGE-BGE_r1_1.3_1.5_s50_100.fasta	None	Braconidae	BLAST	family	COI-5P	643	1455	Braconidae	BGLIB927-24_r_1.5_s_50	Biosteres haemorrhoeus	0	BGLIB927-24	1.5	50	False	False	2752568	13605	382	1536	0.0	1347.0	667.7734375	724.0
0	0	data/BGE00410_MGE-BGE_r1_1.3_1.5_s50_100.fasta	None	Braconidae	BLAST	family	COI-5P	643	1377	Braconidae	BGLIB927-24_r_1.5_s_100	Biosteres haemorrhoeus	0	BGLIB927-24	1.5	100	False	False	2752568	9851	382	1536	0.0	1245.0	550.55859375	602.0
0	0	data/BGE00410_MGE-BGE_r1_1.3_1.5_s50_100.fasta	None	Braconidae	BLAST	family	COI-5P	655	1533	Braconidae	BGLIB928-24_r_1_s_50	Biosteres punctiscuta	0	BGLIB928-24	1	50	False	False	5300318	4973	221	1536	0.0	545.0	263.427734375	263.0
0	0	data/BGE00410_MGE-BGE_r1_1.3_1.5_s50_100.fasta	None	Braconidae	BLAST	family	COI-5P	655	1533	Braconidae	BGLIB928-24_r_1_s_100	Biosteres punctiscuta	0	BGLIB928-24	1	100	False	False	5300318	3650	221	1536	0.0	510.0	217.662109375	212.0
0	0	data/BGE00410_MGE-BGE_r1_1.3_1.5_s50_100.fasta	None	Braconidae	BLAST	family	COI-5P	655	1527	Braconidae	BGLIB928-24_r_1.3_s_50	Biosteres punctiscuta	0	BGLIB928-24	1.3	50	False	False	5300318	4605	221	1536	0.0	529.0	243.712890625	254.0
0	0	data/BGE00410_MGE-BGE_r1_1.3_1.5_s50_100.fasta	None	Braconidae	BLAST	family	COI-5P	655	1527	Braconidae	BGLIB928-24_r_1.3_s_100	Biosteres punctiscuta	0	BGLIB928-24	1.3	100	False	False	5300318	3503	221	1536	0.0	503.0	207.248046875	199.0
0	0	data/BGE00410_MGE-BGE_r1_1.3_1.5_s50_100.fasta	None	Braconidae	BLAST	family	COI-5P	625	1461	Braconidae	BGLIB928-24_r_1.5_s_50	Biosteres punctiscuta	0	BGLIB928-24	1.5	50	False	False	5300318	3736	221	1536	0.0	522.0	196.240234375	181.0
0	0	data/BGE00410_MGE-BGE_r1_1.3_1.5_s50_100.fasta	None	Braconidae	BLAST	family	COI-5P	625	1458	Braconidae	BGLIB928-24_r_1.5_s_100	Biosteres punctiscuta	0	BGLIB928-24	1.5	100	False	False	5300318	2901	221	1536	0.0	496.0	169.580078125	145.5
35	44	data/BGE00410_MGE-BGE_r1_1.3_1.5_s50_100.fasta	None	Braconidae	BLAST	family	COI-5P	645	1524	Braconidae	BGLIB929-24_r_1_s_50	Biosteres spinaciae	0	BGLIB929-24	1	50	False	False	8641485	721	456	1536	0.0	112.0	36.06640625	32.0
24	27	data/BGE00410_MGE-BGE_r1_1.3_1.5_s50_100.fasta	None	Braconidae	BLAST	family	COI-5P	540	1359	Braconidae	BGLIB929-24_r_1_s_100	Biosteres spinaciae	0	BGLIB929-24	1	100	False	False	8641485	382	456	1536	0.0	94.0	24.5546875	16.0
16	17	data/BGE00410_MGE-BGE_r1_1.3_1.5_s50_100.fasta	None	Braconidae	BLAST	family	COI-5P	616	1392	Braconidae	BGLIB929-24_r_1.3_s_50	Biosteres spinaciae	0	BGLIB929-24	1.3	50	False	False	8641485	503	456	1536	0.0	84.0	24.923828125	17.0
26	34	data/BGE00410_MGE-BGE_r1_1.3_1.5_s50_100.fasta	None	Braconidae	BLAST	family	COI-5P	540	1275	Braconidae	BGLIB929-24_r_1.3_s_100	Biosteres spinaciae	0	BGLIB929-24	1.3	100	False	False	8641485	316	456	1536	0.0	70.0	19.033203125	8.0
7	8	data/BGE00410_MGE-BGE_r1_1.3_1.5_s50_100.fasta	None	Braconidae	BLAST	family	COI-5P	559	1152	Braconidae	BGLIB929-24_r_1.5_s_50	Biosteres spinaciae	0	BGLIB929-24	1.5	50	False	False	8641485	408	456	1536	0.0	83.0	19.48046875	11.0
6	6	data/BGE00410_MGE-BGE_r1_1.3_1.5_s50_100.fasta	None	Braconidae	BLAST	family	COI-5P	502	1068	Braconidae	BGLIB929-24_r_1.5_s_100	Biosteres spinaciae	0	BGLIB929-24	1.5	100	False	False	8641485	268	456	1536	0.0	53.0	15.33984375	8.0
0	0	data/BGE00410_MGE-BGE_r1_1.3_1.5_s50_100.fasta	None	Braconidae	BLAST	family	COI-5P	655	1533	Braconidae	BGLIB930-24_r_1_s_50	Opius cingulatus	0	BGLIB930-24	1	50	False	False	5684066	12215	264	1536	0.0	1437.0	516.693359375	453.0
0	0	data/BGE00410_MGE-BGE_r1_1.3_1.5_s50_100.fasta	None	Braconidae	BLAST	family	COI-5P	655	1530	Braconidae	BGLIB930-24_r_1_s_100	Opius cingulatus	0	BGLIB930-24	1	100	False	False	5684066	5883	264	1536	0.0	1029.0	306.583984375	252.5
0	0	data/BGE00410_MGE-BGE_r1_1.3_1.5_s50_100.fasta	None	Braconidae	BLAST	family	COI-5P	655	1533	Braconidae	BGLIB930-24_r_1.3_s_50	Opius cingulatus	0	BGLIB930-24	1.3	50	False	False	5684066	11034	264	1536	0.0	1432.0	461.685546875	413.0
0	0	data/BGE00410_MGE-BGE_r1_1.3_1.5_s50_100.fasta	None	Braconidae	BLAST	family	COI-5P	655	1530	Braconidae	BGLIB930-24_r_1.3_s_100	Opius cingulatus	0	BGLIB930-24	1.3	100	False	False	5684066	5640	264	1536	0.0	1025.0	290.833984375	250.0
0	0	data/BGE00410_MGE-BGE_r1_1.3_1.5_s50_100.fasta	None	Braconidae	BLAST	family	COI-5P	643	1476	Braconidae	BGLIB930-24_r_1.5_s_50	Opius cingulatus	0	BGLIB930-24	1.5	50	False	False	5684066	8419	264	1536	0.0	1428.0	348.62109375	330.0
0	0	data/BGE00410_MGE-BGE_r1_1.3_1.5_s50_100.fasta	None	Braconidae	BLAST	family	COI-5P	634	1404	Braconidae	BGLIB930-24_r_1.5_s_100	Opius cingulatus	0	BGLIB930-24	1.5	100	False	False	5684066	4726	264	1536	0.0	1022.0	237.947265625	217.0
0	0	data/BGE00410_MGE-BGE_r1_1.3_1.5_s50_100.fasta	None	Braconidae	BLAST	family	COI-5P	655	1536	Braconidae	BGLIB931-24_r_1_s_50	Opius pulicariae	0	BGLIB931-24	1	50	False	False	4246913	1243	255	1536	16.0	117.0	60.40625	58.5
0	0	data/BGE00410_MGE-BGE_r1_1.3_1.5_s50_100.fasta	None	Braconidae	BLAST	family	COI-5P	655	1536	Braconidae	BGLIB931-24_r_1_s_100	Opius pulicariae	0	BGLIB931-24	1	100	False	False	4246913	752	255	1536	5.0	111.0	43.908203125	40.0
0	0	data/BGE00410_MGE-BGE_r1_1.3_1.5_s50_100.fasta	None	Braconidae	BLAST	family	COI-5P	655	1512	Braconidae	BGLIB931-24_r_1.3_s_50	Opius pulicariae	0	BGLIB931-24	1.3	50	False	False	4246913	1074	255	1536	0.0	117.0	52.072265625	54.0
0	0	data/BGE00410_MGE-BGE_r1_1.3_1.5_s50_100.fasta	None	Braconidae	BLAST	family	COI-5P	655	1443	Braconidae	BGLIB931-24_r_1.3_s_100	Opius pulicariae	0	BGLIB931-24	1.3	100	False	False	4246913	692	255	1536	0.0	111.0	39.45703125	37.0
0	0	data/BGE00410_MGE-BGE_r1_1.3_1.5_s50_100.fasta	None	Braconidae	BLAST	family	COI-5P	580	1326	Braconidae	BGLIB931-24_r_1.5_s_50	Opius pulicariae	0	BGLIB931-24	1.5	50	False	False	4246913	765	255	1536	0.0	117.0	37.1875	37.0
1	1	data/BGE00410_MGE-BGE_r1_1.3_1.5_s50_100.fasta	None	Braconidae	BLAST	family	COI-5P	556	1302	Braconidae	BGLIB931-24_r_1.5_s_100	Opius pulicariae	0	BGLIB931-24	1.5	100	False	False	4246913	532	255	1536	0.0	111.0	29.837890625	28.0
0	0	data/BGE00410_MGE-BGE_r1_1.3_1.5_s50_100.fasta	None	Braconidae	BLAST	family	COI-5P	655	1518	Braconidae	BGLIB932-24_r_1_s_50	Opius propodealis	0	BGLIB932-24	1	50	False	False	12651344	1971	249	1536	0.0	188.0	87.58203125	88.0
0	0	data/BGE00410_MGE-BGE_r1_1.3_1.5_s50_100.fasta	None	Braconidae	BLAST	family	COI-5P	655	1518	Braconidae	BGLIB932-24_r_1_s_100	Opius propodealis	0	BGLIB932-24	1	100	False	False	12651344	1018	249	1536	0.0	130.0	55.865234375	51.0
0	7	data/BGE00410_MGE-BGE_r1_1.3_1.5_s50_100.fasta	None	Braconidae	BLAST	family	COI-5P	655	1482	Braconidae	BGLIB932-24_r_1.3_s_50	Opius propodealis	0	BGLIB932-24	1.3	50	False	False	12651344	1656	249	1536	0.0	146.0	74.443359375	79.0
0	0	data/BGE00410_MGE-BGE_r1_1.3_1.5_s50_100.fasta	None	Braconidae	BLAST	family	COI-5P	643	1413	Braconidae	BGLIB932-24_r_1.3_s_100	Opius propodealis	0	BGLIB932-24	1.3	100	False	False	12651344	966	249	1536	0.0	125.0	52.373046875	50.0
0	0	data/BGE00410_MGE-BGE_r1_1.3_1.5_s50_100.fasta	None	Braconidae	BLAST	family	COI-5P	595	1374	Braconidae	BGLIB932-24_r_1.5_s_50	Opius propodealis	0	BGLIB932-24	1.5	50	False	False	12651344	1286	249	1536	0.0	139.0	57.58203125	66.0
0	0	data/BGE00410_MGE-BGE_r1_1.3_1.5_s50_100.fasta	None	Braconidae	BLAST	family	COI-5P	568	1299	Braconidae	BGLIB932-24_r_1.5_s_100	Opius propodealis	0	BGLIB932-24	1.5	100	False	False	12651344	777	249	1536	0.0	122.0	41.84375	38.0
0	0	data/BGE00410_MGE-BGE_r1_1.3_1.5_s50_100.fasta	None	Braconidae	BLAST	family	COI-5P	655	1536	Braconidae	BGLIB933-24_r_1_s_50	Opius levis	0	BGLIB933-24	1	50	False	False	20361499	7846	303	1536	146.0	691.0	413.482421875	417.0
0	0	data/BGE00410_MGE-BGE_r1_1.3_1.5_s50_100.fasta	None	Braconidae	BLAST	family	COI-5P	655	1536	Braconidae	BGLIB933-24_r_1_s_100	Opius levis	0	BGLIB933-24	1	100	False	False	20361499	5376	303	1536	28.0	618.0	331.9921875	336.0
0	2	data/BGE00410_MGE-BGE_r1_1.3_1.5_s50_100.fasta	None	Braconidae	BLAST	family	COI-5P	655	1527	Braconidae	BGLIB933-24_r_1.3_s_50	Opius levis	0	BGLIB933-24	1.3	50	False	False	20361499	6973	303	1536	0.0	658.0	371.5	388.5
0	0	data/BGE00410_MGE-BGE_r1_1.3_1.5_s50_100.fasta	None	Braconidae	BLAST	family	COI-5P	655	1440	Braconidae	BGLIB933-24_r_1.3_s_100	Opius levis	0	BGLIB933-24	1.3	100	False	False	20361499	5104	303	1536	0.0	618.0	312.87109375	327.0
0	3	data/BGE00410_MGE-BGE_r1_1.3_1.5_s50_100.fasta	None	Braconidae	BLAST	family	COI-5P	643	1488	Braconidae	BGLIB933-24_r_1.5_s_50	Opius levis	0	BGLIB933-24	1.5	50	False	False	20361499	5356	303	1536	0.0	642.0	286.71875	324.0
0	0	data/BGE00410_MGE-BGE_r1_1.3_1.5_s50_100.fasta	None	Braconidae	BLAST	family	COI-5P	643	1404	Braconidae	BGLIB933-24_r_1.5_s_100	Opius levis	0	BGLIB933-24	1.5	100	False	False	20361499	4186	303	1536	0.0	617.0	251.26953125	283.5
0	1	data/BGE00410_MGE-BGE_r1_1.3_1.5_s50_100.fasta	None	Braconidae	BLAST	family	COI-5P	655	1536	Braconidae	BGLIB934-24_r_1_s_50	Opius truncatus	0	BGLIB934-24	1	50	False	False	8310367	1577	102	1536	1.0	177.0	71.8203125	62.0
3	3	data/BGE00410_MGE-BGE_r1_1.3_1.5_s50_100.fasta	None	Braconidae	BLAST	family	COI-5P	655	1515	Braconidae	BGLIB934-24_r_1_s_100	Opius truncatus	0	BGLIB934-24	1	100	False	False	8310367	825	102	1536	0.0	142.0	45.978515625	43.5
0	1	data/BGE00410_MGE-BGE_r1_1.3_1.5_s50_100.fasta	None	Braconidae	BLAST	family	COI-5P	655	1527	Braconidae	BGLIB934-24_r_1.3_s_50	Opius truncatus	0	BGLIB934-24	1.3	50	False	False	8310367	1263	102	1536	0.0	168.0	57.751953125	48.0
0	0	data/BGE00410_MGE-BGE_r1_1.3_1.5_s50_100.fasta	None	Braconidae	BLAST	family	COI-5P	655	1506	Braconidae	BGLIB934-24_r_1.3_s_100	Opius truncatus	0	BGLIB934-24	1.3	100	False	False	8310367	751	102	1536	0.0	140.0	41.189453125	37.5
0	0	data/BGE00410_MGE-BGE_r1_1.3_1.5_s50_100.fasta	None	Braconidae	BLAST	family	COI-5P	604	1374	Braconidae	BGLIB934-24_r_1.5_s_50	Opius truncatus	0	BGLIB934-24	1.5	50	False	False	8310367	1043	102	1536	0.0	158.0	47.4921875	41.0
0	2	data/BGE00410_MGE-BGE_r1_1.3_1.5_s50_100.fasta	None	Braconidae	BLAST	family	COI-5P	559	1275	Braconidae	BGLIB934-24_r_1.5_s_100	Opius truncatus	0	BGLIB934-24	1.5	100	False	False	8310367	650	102	1536	0.0	130.0	35.08203125	32.0
0	0	data/BGE00410_MGE-BGE_r1_1.3_1.5_s50_100.fasta	None	Braconidae	BLAST	family	COI-5P	657	1542	Braconidae	BGLIB935-24_r_1_s_50	Microplitis eremitus	0	BGLIB935-24	1	50	False	False	10372458	18186	793	1542	401.0	1540.0	922.2587548638132	918.0
0	0	data/BGE00410_MGE-BGE_r1_1.3_1.5_s50_100.fasta	None	Braconidae	BLAST	family	COI-5P	657	1542	Braconidae	BGLIB935-24_r_1_s_100	Microplitis eremitus	0	BGLIB935-24	1	100	False	False	10372458	13210	793	1542	129.0	1418.0	762.4494163424124	778.0
0	0	data/BGE00410_MGE-BGE_r1_1.3_1.5_s50_100.fasta	None	Braconidae	BLAST	family	COI-5P	657	1542	Braconidae	BGLIB935-24_r_1.3_s_50	Microplitis eremitus	0	BGLIB935-24	1.3	50	False	False	10372458	17864	793	1542	306.0	1525.0	910.0428015564203	915.0
0	0	data/BGE00410_MGE-BGE_r1_1.3_1.5_s50_100.fasta	None	Braconidae	BLAST	family	COI-5P	657	1542	Braconidae	BGLIB935-24_r_1.3_s_100	Microplitis eremitus	0	BGLIB935-24	1.3	100	False	False	10372458	13183	793	1542	128.0	1411.0	760.3035019455253	776.5
0	0	data/BGE00410_MGE-BGE_r1_1.3_1.5_s50_100.fasta	None	Braconidae	BLAST	family	COI-5P	657	1533	Braconidae	BGLIB935-24_r_1.5_s_50	Microplitis eremitus	0	BGLIB935-24	1.5	50	False	False	10372458	16328	793	1542	0.0	1525.0	839.0058365758755	885.0
0	0	data/BGE00410_MGE-BGE_r1_1.3_1.5_s50_100.fasta	None	Braconidae	BLAST	family	COI-5P	657	1533	Braconidae	BGLIB935-24_r_1.5_s_100	Microplitis eremitus	0	BGLIB935-24	1.5	100	False	False	10372458	12482	793	1542	0.0	1410.0	719.5097276264592	764.5
0	0	data/BGE00410_MGE-BGE_r1_1.3_1.5_s50_100.fasta	None	Braconidae	BLAST	family	COI-5P	657	1542	Braconidae	BGLIB936-24_r_1_s_50	Microplitis hispalensis	0	BGLIB936-24	1	50	False	False	3047595	18072	2083	1542	209.0	1495.0	1031.4902723735408	1061.0
0	0	data/BGE00410_MGE-BGE_r1_1.3_1.5_s50_100.fasta	None	Braconidae	BLAST	family	COI-5P	657	1542	Braconidae	BGLIB936-24_r_1_s_100	Microplitis hispalensis	0	BGLIB936-24	1	100	False	False	3047595	14832	2083	1542	197.0	1428.0	926.1556420233463	966.0
0	0	data/BGE00410_MGE-BGE_r1_1.3_1.5_s50_100.fasta	None	Braconidae	BLAST	family	COI-5P	657	1542	Braconidae	BGLIB936-24_r_1.3_s_50	Microplitis hispalensis	0	BGLIB936-24	1.3	50	False	False	3047595	17600	2083	1542	109.0	1466.0	1005.535019455253	1049.5
0	0	data/BGE00410_MGE-BGE_r1_1.3_1.5_s50_100.fasta	None	Braconidae	BLAST	family	COI-5P	657	1542	Braconidae	BGLIB936-24_r_1.3_s_100	Microplitis hispalensis	0	BGLIB936-24	1.3	100	False	False	3047595	14529	2083	1542	109.0	1411.0	905.6498054474708	958.0
0	0	data/BGE00410_MGE-BGE_r1_1.3_1.5_s50_100.fasta	None	Braconidae	BLAST	family	COI-5P	657	1518	Braconidae	BGLIB936-24_r_1.5_s_50	Microplitis hispalensis	0	BGLIB936-24	1.5	50	False	False	3047595	15303	2083	1542	0.0	1456.0	873.2548638132296	957.0
0	0	data/BGE00410_MGE-BGE_r1_1.3_1.5_s50_100.fasta	None	Braconidae	BLAST	family	COI-5P	657	1518	Braconidae	BGLIB936-24_r_1.5_s_100	Microplitis hispalensis	0	BGLIB936-24	1.5	100	False	False	3047595	12916	2083	1542	0.0	1404.0	798.2976653696498	888.0
0	0	data/BGE00410_MGE-BGE_r1_1.3_1.5_s50_100.fasta	None	Braconidae	BLAST	family	COI-5P	657	1542	Braconidae	BGLIB937-24_r_1_s_50	Microplitis tuberculifer	0	BGLIB937-24	1	50	False	False	12448509	15401	464	1542	1.0	1259.0	768.9455252918287	775.5
0	0	data/BGE00410_MGE-BGE_r1_1.3_1.5_s50_100.fasta	None	Braconidae	BLAST	family	COI-5P	657	1542	Braconidae	BGLIB937-24_r_1_s_100	Microplitis tuberculifer	0	BGLIB937-24	1	100	False	False	12448509	10727	464	1542	1.0	1062.0	617.5058365758755	628.5
0	0	data/BGE00410_MGE-BGE_r1_1.3_1.5_s50_100.fasta	None	Braconidae	BLAST	family	COI-5P	657	1542	Braconidae	BGLIB937-24_r_1.3_s_50	Microplitis tuberculifer	0	BGLIB937-24	1.3	50	False	False	12448509	14934	464	1542	1.0	1223.0	748.4182879377432	767.0
0	0	data/BGE00410_MGE-BGE_r1_1.3_1.5_s50_100.fasta	None	Braconidae	BLAST	family	COI-5P	657	1542	Braconidae	BGLIB937-24_r_1.3_s_100	Microplitis tuberculifer	0	BGLIB937-24	1.3	100	False	False	12448509	10592	464	1542	1.0	1057.0	608.2684824902724	623.5
0	0	data/BGE00410_MGE-BGE_r1_1.3_1.5_s50_100.fasta	None	Braconidae	BLAST	family	COI-5P	657	1518	Braconidae	BGLIB937-24_r_1.5_s_50	Microplitis tuberculifer	0	BGLIB937-24	1.5	50	False	False	12448509	13188	464	1542	0.0	1211.0	662.7178988326848	723.0
0	0	data/BGE00410_MGE-BGE_r1_1.3_1.5_s50_100.fasta	None	Braconidae	BLAST	family	COI-5P	657	1518	Braconidae	BGLIB937-24_r_1.5_s_100	Microplitis tuberculifer	0	BGLIB937-24	1.5	100	False	False	12448509	9708	464	1542	0.0	1056.0	553.5739299610894	604.5
0	0	data/BGE00410_MGE-BGE_r1_1.3_1.5_s50_100.fasta	None	Braconidae	BLAST	family	COI-5P	656	1542	Braconidae	BGLIB938-24_r_1_s_50	Microplitis varipes	0	BGLIB938-24	1	50	False	False	3001205	49146	7151	1542	472.0	4184.0	2568.0544747081713	2557.0
0	0	data/BGE00410_MGE-BGE_r1_1.3_1.5_s50_100.fasta	None	Braconidae	BLAST	family	COI-5P	656	1542	Braconidae	BGLIB938-24_r_1_s_100	Microplitis varipes	0	BGLIB938-24	1	100	False	False	3001205	37782	7151	1542	284.0	3872.0	2209.1867704280157	2255.5
0	0	data/BGE00410_MGE-BGE_r1_1.3_1.5_s50_100.fasta	None	Braconidae	BLAST	family	COI-5P	656	1542	Braconidae	BGLIB938-24_r_1.3_s_50	Microplitis varipes	0	BGLIB938-24	1.3	50	False	False	3001205	48368	7151	1542	344.0	4157.0	2533.474708171206	2544.0
0	0	data/BGE00410_MGE-BGE_r1_1.3_1.5_s50_100.fasta	None	Braconidae	BLAST	family	COI-5P	656	1542	Braconidae	BGLIB938-24_r_1.3_s_100	Microplitis varipes	0	BGLIB938-24	1.3	100	False	False	3001205	37604	7151	1542	269.0	3855.0	2197.0719844357977	2249.0
0	0	data/BGE00410_MGE-BGE_r1_1.3_1.5_s50_100.fasta	None	Braconidae	BLAST	family	COI-5P	656	1533	Braconidae	BGLIB938-24_r_1.5_s_50	Microplitis varipes	0	BGLIB938-24	1.5	50	False	False	3001205	43723	7151	1542	0.0	4015.0	2293.282101167315	2466.0
0	0	data/BGE00410_MGE-BGE_r1_1.3_1.5_s50_100.fasta	None	Braconidae	BLAST	family	COI-5P	656	1533	Braconidae	BGLIB938-24_r_1.5_s_100	Microplitis varipes	0	BGLIB938-24	1.5	100	False	False	3001205	34991	7151	1542	0.0	3783.0	2031.2470817120623	2194.0
0	0	data/BGE00410_MGE-BGE_r1_1.3_1.5_s50_100.fasta	None	Braconidae	BLAST	family	COI-5P	656	1542	Braconidae	BGLIB939-24_r_1_s_50	Microplitis viduus	0	BGLIB939-24	1	50	False	False	3635203	10722	663	1542	57.0	1015.0	532.171206225681	529.0
0	0	data/BGE00410_MGE-BGE_r1_1.3_1.5_s50_100.fasta	None	Braconidae	BLAST	family	COI-5P	656	1542	Braconidae	BGLIB939-24_r_1_s_100	Microplitis viduus	0	BGLIB939-24	1	100	False	False	3635203	7894	663	1542	28.0	949.0	443.0856031128405	468.5
0	0	data/BGE00410_MGE-BGE_r1_1.3_1.5_s50_100.fasta	None	Braconidae	BLAST	family	COI-5P	656	1542	Braconidae	BGLIB939-24_r_1.3_s_50	Microplitis viduus	0	BGLIB939-24	1.3	50	False	False	3635203	10486	663	1542	32.0	997.0	519.9163424124514	523.0
0	0	data/BGE00410_MGE-BGE_r1_1.3_1.5_s50_100.fasta	None	Braconidae	BLAST	family	COI-5P	656	1542	Braconidae	BGLIB939-24_r_1.3_s_100	Microplitis viduus	0	BGLIB939-24	1.3	100	False	False	3635203	7801	663	1542	28.0	930.0	436.0953307392996	466.5
0	0	data/BGE00410_MGE-BGE_r1_1.3_1.5_s50_100.fasta	None	Braconidae	BLAST	family	COI-5P	656	1530	Braconidae	BGLIB939-24_r_1.5_s_50	Microplitis viduus	0	BGLIB939-24	1.5	50	False	False	3635203	9510	663	1542	0.0	969.0	473.66731517509726	518.0
0	0	data/BGE00410_MGE-BGE_r1_1.3_1.5_s50_100.fasta	None	Braconidae	BLAST	family	COI-5P	656	1530	Braconidae	BGLIB939-24_r_1.5_s_100	Microplitis viduus	0	BGLIB939-24	1.5	100	False	False	3635203	7340	663	1542	0.0	912.0	408.2081712062257	462.0
7	16	data/BGE00410_MGE-BGE_r1_1.3_1.5_s50_100.fasta	None	Braconidae	BLAST	family	COI-5P	657	1530	Braconidae	BGLIB940-24_r_1_s_50	Eubazus exsertor	0	BGLIB940-24	1	50	False	False	13160624	1385	340	1566	0.0	149.0	62.63793103448276	61.0
2	3	data/BGE00410_MGE-BGE_r1_1.3_1.5_s50_100.fasta	None	Braconidae	BLAST	family	COI-5P	618	1326	Braconidae	BGLIB940-24_r_1_s_100	Eubazus exsertor	0	BGLIB940-24	1	100	False	False	13160624	697	340	1566	0.0	115.0	39.39272030651341	40.0
1	1	data/BGE00410_MGE-BGE_r1_1.3_1.5_s50_100.fasta	None	Braconidae	BLAST	family	COI-5P	597	1392	Braconidae	BGLIB940-24_r_1.3_s_50	Eubazus exsertor	0	BGLIB940-24	1.3	50	False	False	13160624	1015	340	1566	0.0	131.0	45.53831417624521	48.0
1	8	data/BGE00410_MGE-BGE_r1_1.3_1.5_s50_100.fasta	None	Braconidae	BLAST	family	COI-5P	570	1269	Braconidae	BGLIB940-24_r_1.3_s_100	Eubazus exsertor	0	BGLIB940-24	1.3	100	False	False	13160624	614	340	1566	0.0	113.0	33.31609195402299	35.0
0	1	data/BGE00410_MGE-BGE_r1_1.3_1.5_s50_100.fasta	None	Braconidae	BLAST	family	COI-5P	424	1086	Braconidae	BGLIB940-24_r_1.5_s_50	Eubazus exsertor	0	BGLIB940-24	1.5	50	False	False	13160624	611	340	1566	0.0	111.0	26.940613026819925	18.5
3	3	data/BGE00410_MGE-BGE_r1_1.3_1.5_s50_100.fasta	None	Braconidae	BLAST	family	COI-5P	312	981	Braconidae	BGLIB940-24_r_1.5_s_100	Eubazus exsertor	0	BGLIB940-24	1.5	100	False	False	13160624	402	340	1566	0.0	99.0	20.973180076628353	12.5
5	17	data/BGE00410_MGE-BGE_r1_1.3_1.5_s50_100.fasta	None	Braconidae	BLAST	family	COI-5P	593	1281	Culicidae,Syrphidae,Drosophilidae,Muscidae,Braconidae,Lycaenidae,Crambidae	BGLIB941-24_r_1_s_50	Diospilus oleraceus	0	BGLIB941-24	1	50	False	False	2976802	521	46	1515	0.0	91.0	22.184158415841583	16.0
11	20	data/BGE00410_MGE-BGE_r1_1.3_1.5_s50_100.fasta	None	Braconidae	BLAST	family	COI-5P	451	942	Braconidae	BGLIB941-24_r_1_s_100	Diospilus oleraceus	0	BGLIB941-24	1	100	False	False	2976802	193	46	1515	0.0	61.0	11.637623762376238	6.0
5	10	data/BGE00410_MGE-BGE_r1_1.3_1.5_s50_100.fasta	None	Braconidae	BLAST	family	COI-5P	382	1044	Culicidae,Braconidae,Lycaenidae,Riodinidae,Crambidae	BGLIB941-24_r_1.3_s_50	Diospilus oleraceus	0	BGLIB941-24	1.3	50	False	False	2976802	373	46	1515	0.0	70.0	15.093069306930692	10.0
9	10	data/BGE00410_MGE-BGE_r1_1.3_1.5_s50_100.fasta	None	Braconidae	BLAST	family	COI-5P	349	837	Braconidae,Ichneumonidae	BGLIB941-24_r_1.3_s_100	Diospilus oleraceus	0	BGLIB941-24	1.3	100	False	False	2976802	138	46	1515	0.0	48.0	7.79009900990099	4.0
8	16	data/BGE00410_MGE-BGE_r1_1.3_1.5_s50_100.fasta	None	Braconidae	BLAST	family	COI-5P	278	684	Culicidae	BGLIB941-24_r_1.5_s_50	Diospilus oleraceus	0	BGLIB941-24	1.5	50	False	False	2976802	201	46	1515	0.0	70.0	7.372277227722773	0.0
8	10	data/BGE00410_MGE-BGE_r1_1.3_1.5_s50_100.fasta	None	Braconidae	BLAST	family	COI-5P	204	411	Culicidae,Braconidae	BGLIB941-24_r_1.5_s_100	Diospilus oleraceus	1	BGLIB941-24	1.5	100	False	False	2976802	69	46	1515	0.0	46.0	3.710891089108911	0.0
0	0	data/BGE00410_MGE-BGE_r1_1.3_1.5_s50_100.fasta	None	Braconidae	BLAST	family	COI-5P	646	1491	Braconidae	BGLIB942-24_r_1_s_50	Xenarcha lustrator	0	BGLIB942-24	1	50	False	False	13564391	6076	60	1509	0.0	581.0	307.9085487077535	299.0
0	0	data/BGE00410_MGE-BGE_r1_1.3_1.5_s50_100.fasta	None	Braconidae	BLAST	family	COI-5P	646	1479	Braconidae	BGLIB942-24_r_1_s_100	Xenarcha lustrator	0	BGLIB942-24	1	100	False	False	13564391	3703	60	1509	0.0	507.0	222.57057654075547	216.0
2	5	data/BGE00410_MGE-BGE_r1_1.3_1.5_s50_100.fasta	None	Braconidae	BLAST	family	COI-5P	655	1467	Braconidae	BGLIB942-24_r_1.3_s_50	Xenarcha lustrator	0	BGLIB942-24	1.3	50	False	False	13564391	4963	60	1509	0.0	546.0	251.65606361829026	254.0
0	0	data/BGE00410_MGE-BGE_r1_1.3_1.5_s50_100.fasta	None	Braconidae	BLAST	family	COI-5P	655	1344	Braconidae	BGLIB942-24_r_1.3_s_100	Xenarcha lustrator	0	BGLIB942-24	1.3	100	False	False	13564391	3318	60	1509	0.0	504.0	195.7972166998012	200.0
0	1	data/BGE00410_MGE-BGE_r1_1.3_1.5_s50_100.fasta	None	Braconidae	BLAST	family	COI-5P	586	1308	Braconidae	BGLIB942-24_r_1.5_s_50	Xenarcha lustrator	0	BGLIB942-24	1.5	50	False	False	13564391	3392	60	1509	0.0	533.0	169.25049701789266	154.0
0	0	data/BGE00410_MGE-BGE_r1_1.3_1.5_s50_100.fasta	None	Braconidae	BLAST	family	COI-5P	517	1194	Braconidae	BGLIB942-24_r_1.5_s_100	Xenarcha lustrator	0	BGLIB942-24	1.5	100	False	False	13564391	2475	60	1509	0.0	493.0	140.67196819085487	125.0
0	0	data/BGE00410_MGE-BGE_r1_1.3_1.5_s50_100.fasta	None	Braconidae	BLAST	family	COI-5P	657	1518	Braconidae	BGLIB943-24_r_1_s_50	Ascogaster albitarsus	0	BGLIB943-24	1	50	False	False	15569331	8296	2700	1536	0.0	787.0	467.8984375	491.0
0	0	data/BGE00410_MGE-BGE_r1_1.3_1.5_s50_100.fasta	None	Braconidae	BLAST	family	COI-5P	657	1482	Braconidae	BGLIB943-24_r_1_s_100	Ascogaster albitarsus	0	BGLIB943-24	1	100	False	False	15569331	5907	2700	1536	0.0	749.0	383.7890625	395.5
0	3	data/BGE00410_MGE-BGE_r1_1.3_1.5_s50_100.fasta	None	Braconidae	BLAST	family	COI-5P	657	1518	Braconidae	BGLIB943-24_r_1.3_s_50	Ascogaster albitarsus	0	BGLIB943-24	1.3	50	False	False	15569331	7001	2700	1536	0.0	779.0	396.5625	428.5
0	0	data/BGE00410_MGE-BGE_r1_1.3_1.5_s50_100.fasta	None	Braconidae	BLAST	family	COI-5P	657	1425	Braconidae	BGLIB943-24_r_1.3_s_100	Ascogaster albitarsus	0	BGLIB943-24	1.3	100	False	False	15569331	5322	2700	1536	0.0	740.0	341.306640625	358.0
0	1	data/BGE00410_MGE-BGE_r1_1.3_1.5_s50_100.fasta	None	Braconidae	BLAST	family	COI-5P	609	1404	Braconidae	BGLIB943-24_r_1.5_s_50	Ascogaster albitarsus	0	BGLIB943-24	1.5	50	False	False	15569331	5096	2700	1536	0.0	764.0	281.17578125	268.0
0	0	data/BGE00410_MGE-BGE_r1_1.3_1.5_s50_100.fasta	None	Braconidae	BLAST	family	COI-5P	609	1335	Braconidae	BGLIB943-24_r_1.5_s_100	Ascogaster albitarsus	0	BGLIB943-24	1.5	100	False	False	15569331	3934	2700	1536	0.0	733.0	244.125	228.0
0	0	data/BGE00410_MGE-BGE_r1_1.3_1.5_s50_100.fasta	None	Braconidae	BLAST	family	COI-5P	657	1545	Braconidae	BGLIB944-24_r_1_s_50	Triaspis facialis	0	BGLIB944-24	1	50	False	False	12047087	10132	3060	1566	0.0	938.0	490.70306513409963	520.0
0	0	data/BGE00410_MGE-BGE_r1_1.3_1.5_s50_100.fasta	None	Braconidae	BLAST	family	COI-5P	657	1512	Braconidae	BGLIB944-24_r_1_s_100	Triaspis facialis	0	BGLIB944-24	1	100	False	False	12047087	6106	3060	1566	0.0	795.0	352.8103448275862	365.5
0	0	data/BGE00410_MGE-BGE_r1_1.3_1.5_s50_100.fasta	None	Braconidae	BLAST	family	COI-5P	639	1497	Braconidae	BGLIB944-24_r_1.3_s_50	Triaspis facialis	0	BGLIB944-24	1.3	50	False	False	12047087	8225	3060	1566	0.0	937.0	392.96934865900386	443.0
0	0	data/BGE00410_MGE-BGE_r1_1.3_1.5_s50_100.fasta	None	Braconidae	BLAST	family	COI-5P	618	1443	Braconidae	BGLIB944-24_r_1.3_s_100	Triaspis facialis	0	BGLIB944-24	1.3	100	False	False	12047087	5353	3060	1566	0.0	795.0	301.46934865900386	313.5
0	1	data/BGE00410_MGE-BGE_r1_1.3_1.5_s50_100.fasta	None	Braconidae	BLAST	family	COI-5P	552	1338	Braconidae,Megastigmidae	BGLIB944-24_r_1.5_s_50	Triaspis facialis	0	BGLIB944-24	1.5	50	False	False	12047087	5634	3060	1566	0.0	917.0	263.0383141762452	209.0
0	0	data/BGE00410_MGE-BGE_r1_1.3_1.5_s50_100.fasta	None	Braconidae	BLAST	family	COI-5P	498	1212	Braconidae,Megastigmidae	BGLIB944-24_r_1.5_s_100	Triaspis facialis	0	BGLIB944-24	1.5	100	False	False	12047087	3807	3060	1566	0.0	777.0	207.71072796934865	171.5
2	6	data/BGE00410_MGE-BGE_r1_1.3_1.5_s50_100.fasta	None	Braconidae	BLAST	family	COI-5P	650	1503	Braconidae	BGLIB945-24_r_1_s_50	Clinocentrus brevicalcar	0	BGLIB945-24	1	50	False	False	6459215	1383	744	1503	1.0	143.0	60.884231536926144	61.0
3	5	data/BGE00410_MGE-BGE_r1_1.3_1.5_s50_100.fasta	None	Braconidae	BLAST	family	COI-5P	626	1407	Braconidae	BGLIB945-24_r_1_s_100	Clinocentrus brevicalcar	0	BGLIB945-24	1	100	False	False	6459215	678	744	1503	0.0	106.0	36.9940119760479	34.0
2	2	data/BGE00410_MGE-BGE_r1_1.3_1.5_s50_100.fasta	None	Braconidae	BLAST	family	COI-5P	641	1482	Braconidae	BGLIB945-24_r_1.3_s_50	Clinocentrus brevicalcar	0	BGLIB945-24	1.3	50	False	False	6459215	1186	744	1503	0.0	142.0	50.63073852295409	50.0
3	3	data/BGE00410_MGE-BGE_r1_1.3_1.5_s50_100.fasta	None	Braconidae	BLAST	family	COI-5P	617	1398	Braconidae	BGLIB945-24_r_1.3_s_100	Clinocentrus brevicalcar	0	BGLIB945-24	1.3	100	False	False	6459215	627	744	1503	0.0	106.0	32.68862275449102	28.0
0	0	data/BGE00410_MGE-BGE_r1_1.3_1.5_s50_100.fasta	None	Braconidae	BLAST	family	COI-5P	476	1191	Braconidae,Pteromalidae,Eupelmidae,Mymaridae	BGLIB945-24_r_1.5_s_50	Clinocentrus brevicalcar	0	BGLIB945-24	1.5	50	False	False	6459215	853	744	1503	0.0	142.0	35.191616766467064	33.0
0	0	data/BGE00410_MGE-BGE_r1_1.3_1.5_s50_100.fasta	None	Braconidae	BLAST	family	COI-5P	446	1092	Braconidae,Eupelmidae,Mymaridae	BGLIB945-24_r_1.5_s_100	Clinocentrus brevicalcar	0	BGLIB945-24	1.5	100	False	False	6459215	498	744	1503	0.0	106.0	24.786427145708583	23.0
11	19	data/BGE00410_MGE-BGE_r1_1.3_1.5_s50_100.fasta	None	Braconidae	BLAST	family	COI-5P	652	1497	Braconidae	BGLIB946-24_r_1_s_50	Clinocentrus exsertor	0	BGLIB946-24	1	50	False	False	8515653	837	13	1503	0.0	116.0	32.64670658682635	26.0
5	5	data/BGE00410_MGE-BGE_r1_1.3_1.5_s50_100.fasta	None	Braconidae	BLAST	family	COI-5P	525	1269	Nymphalidae,Geometridae	BGLIB946-24_r_1_s_100	Clinocentrus exsertor	0	BGLIB946-24	1	100	False	False	8515653	271	13	1503	0.0	64.0	14.744510978043913	12.0
1	5	data/BGE00410_MGE-BGE_r1_1.3_1.5_s50_100.fasta	None	Braconidae	BLAST	family	COI-5P	619	1467	Braconidae	BGLIB946-24_r_1.3_s_50	Clinocentrus exsertor	0	BGLIB946-24	1.3	50	False	False	8515653	718	13	1503	0.0	114.0	27.45508982035928	22.0
3	3	data/BGE00410_MGE-BGE_r1_1.3_1.5_s50_100.fasta	None	Braconidae	BLAST	family	COI-5P	447	1191	Braconidae	BGLIB946-24_r_1.3_s_100	Clinocentrus exsertor	0	BGLIB946-24	1.3	100	False	False	8515653	245	13	1503	0.0	60.0	12.81437125748503	9.0
0	4	data/BGE00410_MGE-BGE_r1_1.3_1.5_s50_100.fasta	None	Braconidae	BLAST	family	COI-5P	426	1239	Braconidae	BGLIB946-24_r_1.5_s_50	Clinocentrus exsertor	0	BGLIB946-24	1.5	50	False	False	8515653	487	13	1503	0.0	97.0	18.313373253493015	12.0
0	0	data/BGE00410_MGE-BGE_r1_1.3_1.5_s50_100.fasta	None	Braconidae	BLAST	family	COI-5P	408	984	Braconidae	BGLIB946-24_r_1.5_s_100	Clinocentrus exsertor	0	BGLIB946-24	1.5	100	False	False	8515653	216	13	1503	0.0	53.0	10.912175648702595	8.0
2	2	data/BGE00410_MGE-BGE_r1_1.3_1.5_s50_100.fasta	None	Braconidae	BLAST	family	COI-5P	654	1503	Braconidae	BGLIB947-24_r_1_s_50	Clinocentrus vestigator	0	BGLIB947-24	1	50	False	False	15175913	6841	398	1503	14.0	674.0	365.7345309381237	380.0
0	0	data/BGE00410_MGE-BGE_r1_1.3_1.5_s50_100.fasta	None	Braconidae	BLAST	family	COI-5P	635	1470	Braconidae	BGLIB947-24_r_1_s_100	Clinocentrus vestigator	0	BGLIB947-24	1	100	False	False	15175913	4540	398	1503	0.0	636.0	287.19161676646706	292.0
2	2	data/BGE00410_MGE-BGE_r1_1.3_1.5_s50_100.fasta	None	Braconidae	BLAST	family	COI-5P	654	1503	Braconidae	BGLIB947-24_r_1.3_s_50	Clinocentrus vestigator	0	BGLIB947-24	1.3	50	False	False	15175913	5869	398	1503	6.0	669.0	316.35928143712573	302.0
0	0	data/BGE00410_MGE-BGE_r1_1.3_1.5_s50_100.fasta	None	Braconidae	BLAST	family	COI-5P	635	1470	Braconidae	BGLIB947-24_r_1.3_s_100	Clinocentrus vestigator	0	BGLIB947-24	1.3	100	False	False	15175913	4175	398	1503	0.0	633.0	261.14570858283435	260.0
1	1	data/BGE00410_MGE-BGE_r1_1.3_1.5_s50_100.fasta	None	Braconidae	BLAST	family	COI-5P	645	1482	Braconidae	BGLIB947-24_r_1.5_s_50	Clinocentrus vestigator	0	BGLIB947-24	1.5	50	False	False	15175913	4152	398	1503	0.0	668.0	218.20958083832335	191.0
0	0	data/BGE00410_MGE-BGE_r1_1.3_1.5_s50_100.fasta	None	Braconidae	BLAST	family	COI-5P	626	1377	Braconidae	BGLIB947-24_r_1.5_s_100	Clinocentrus vestigator	0	BGLIB947-24	1.5	100	False	False	15175913	3077	398	1503	0.0	632.0	186.04590818363275	161.0
0	4	data/BGE00410_MGE-BGE_r1_1.3_1.5_s50_100.fasta	None	Braconidae	BLAST	family	COI-5P	655	1527	Braconidae	BGLIB948-24_r_1_s_50	Proterops nigripennis	0	BGLIB948-24	1	50	False	False	10486178	28202	7101	1566	0.0	2659.0	1302.471264367816	1368.0
0	0	data/BGE00410_MGE-BGE_r1_1.3_1.5_s50_100.fasta	None	Braconidae	BLAST	family	COI-5P	655	1476	Braconidae	BGLIB948-24_r_1_s_100	Proterops nigripennis	0	BGLIB948-24	1	100	False	False	10486178	15644	7101	1566	0.0	1965.0	870.8697318007663	851.5
0	1	data/BGE00410_MGE-BGE_r1_1.3_1.5_s50_100.fasta	None	Braconidae	BLAST	family	COI-5P	655	1413	Braconidae	BGLIB948-24_r_1.3_s_50	Proterops nigripennis	0	BGLIB948-24	1.3	50	False	False	10486178	24023	7101	1566	0.0	2603.0	1090.6206896551723	1164.0
0	1	data/BGE00410_MGE-BGE_r1_1.3_1.5_s50_100.fasta	None	Braconidae	BLAST	family	COI-5P	655	1413	Braconidae	BGLIB948-24_r_1.3_s_100	Proterops nigripennis	0	BGLIB948-24	1.3	100	False	False	10486178	14133	7101	1566	0.0	1947.0	768.6551724137931	725.5
0	0	data/BGE00410_MGE-BGE_r1_1.3_1.5_s50_100.fasta	None	Braconidae	BLAST	family	COI-5P	577	1323	Braconidae	BGLIB948-24_r_1.5_s_50	Proterops nigripennis	0	BGLIB948-24	1.5	50	False	False	10486178	15569	7101	1566	0.0	2249.0	691.9961685823755	483.5
0	0	data/BGE00410_MGE-BGE_r1_1.3_1.5_s50_100.fasta	None	Braconidae	BLAST	family	COI-5P	502	1233	Braconidae	BGLIB948-24_r_1.5_s_100	Proterops nigripennis	0	BGLIB948-24	1.5	100	False	False	10486178	9862	7101	1566	0.0	1928.0	516.6743295019157	323.5
0	0	data/BGE00410_MGE-BGE_r1_1.3_1.5_s50_100.fasta	None	Braconidae	BLAST	family	COI-5P	655	1551	Braconidae	BGLIB949-24_r_1_s_50	Meteorus lionotus	0	BGLIB949-24	1	50	False	False	13867317	20751	438	1554	0.0	1631.0	946.5849420849421	969.5
0	0	data/BGE00410_MGE-BGE_r1_1.3_1.5_s50_100.fasta	None	Braconidae	BLAST	family	COI-5P	655	1551	Braconidae	BGLIB949-24_r_1_s_100	Meteorus lionotus	0	BGLIB949-24	1	100	False	False	13867317	12410	438	1554	0.0	1442.0	676.7374517374517	692.5
0	0	data/BGE00410_MGE-BGE_r1_1.3_1.5_s50_100.fasta	None	Braconidae	BLAST	family	COI-5P	655	1533	Braconidae	BGLIB949-24_r_1.3_s_50	Meteorus lionotus	0	BGLIB949-24	1.3	50	False	False	13867317	19468	438	1554	0.0	1614.0	888.8339768339769	915.0
0	0	data/BGE00410_MGE-BGE_r1_1.3_1.5_s50_100.fasta	None	Braconidae	BLAST	family	COI-5P	655	1527	Braconidae	BGLIB949-24_r_1.3_s_100	Meteorus lionotus	0	BGLIB949-24	1.3	100	False	False	13867317	12039	438	1554	0.0	1434.0	651.9227799227799	674.0
0	0	data/BGE00410_MGE-BGE_r1_1.3_1.5_s50_100.fasta	None	Braconidae	BLAST	family	COI-5P	655	1494	Braconidae	BGLIB949-24_r_1.5_s_50	Meteorus lionotus	0	BGLIB949-24	1.5	50	False	False	13867317	14975	438	1554	0.0	1610.0	679.2992277992278	712.0
0	0	data/BGE00410_MGE-BGE_r1_1.3_1.5_s50_100.fasta	None	Braconidae	BLAST	family	COI-5P	655	1422	Braconidae	BGLIB949-24_r_1.5_s_100	Meteorus lionotus	0	BGLIB949-24	1.5	100	False	False	13867317	9810	438	1554	0.0	1431.0	523.7509652509652	551.0
0	0	data/BGE00410_MGE-BGE_r1_1.3_1.5_s50_100.fasta	None	Braconidae	BLAST	family	COI-5P	654	1548	Braconidae	BGLIB950-24_r_1_s_50	Meteorus longicornis	0	BGLIB950-24	1	50	False	False	14738134	6821	440	1554	0.0	593.0	321.7799227799228	320.0
0	0	data/BGE00410_MGE-BGE_r1_1.3_1.5_s50_100.fasta	None	Braconidae	BLAST	family	COI-5P	654	1536	Braconidae	BGLIB950-24_r_1_s_100	Meteorus longicornis	0	BGLIB950-24	1	100	False	False	14738134	4136	440	1554	0.0	526.0	232.21235521235522	219.0
0	0	data/BGE00410_MGE-BGE_r1_1.3_1.5_s50_100.fasta	None	Braconidae	BLAST	family	COI-5P	654	1527	Braconidae	BGLIB950-24_r_1.3_s_50	Meteorus longicornis	0	BGLIB950-24	1.3	50	False	False	14738134	5942	440	1554	0.0	556.0	281.1795366795367	284.5
0	0	data/BGE00410_MGE-BGE_r1_1.3_1.5_s50_100.fasta	None	Braconidae	BLAST	family	COI-5P	654	1527	Braconidae	BGLIB950-24_r_1.3_s_100	Meteorus longicornis	0	BGLIB950-24	1.3	100	False	False	14738134	3855	440	1554	0.0	517.0	214.16216216216216	212.0
0	0	data/BGE00410_MGE-BGE_r1_1.3_1.5_s50_100.fasta	None	Braconidae	BLAST	family	COI-5P	639	1479	Braconidae	BGLIB950-24_r_1.5_s_50	Meteorus longicornis	0	BGLIB950-24	1.5	50	False	False	14738134	4414	440	1554	0.0	548.0	205.76833976833976	204.5
0	0	data/BGE00410_MGE-BGE_r1_1.3_1.5_s50_100.fasta	None	Braconidae	BLAST	family	COI-5P	630	1347	Braconidae	BGLIB950-24_r_1.5_s_100	Meteorus longicornis	0	BGLIB950-24	1.5	100	False	False	14738134	2982	440	1554	0.0	514.0	161.8822393822394	163.0
