ambig_basecount	ambig_full_basecount	dataset	error	identification	identification_method	identification_rank	marker_code	nuc_basecount	nuc_full_basecount	obs_taxon	sequence_id	species	stop_codons	group_id	r	s
2	10	data/BGE00100_MGE-BGE_r1_1.3_1.5_s50_100.fasta	None	Geotrupidae	BLAST	family	COI-5P	656	1539	Scarabaeidae,Calliphoridae	BBIOP1901-24_r_1_s_50	Bolbelasmus gallicus	0	BBIOP1901-24	1	50
2	7	data/BGE00100_MGE-BGE_r1_1.3_1.5_s50_100.fasta	None	Geotrupidae	BLAST	family	COI-5P	655	1539	Staphylinidae,Hydraenidae,Scarabaeidae,Hybosoridae,Melyridae,Calliphoridae	BBIOP1901-24_r_1_s_100	Bolbelasmus gallicus	0	BBIOP1901-24	1	100
0	0	data/BGE00100_MGE-BGE_r1_1.3_1.5_s50_100.fasta	None	Geotrupidae	BLAST	family	COI-5P	655	1539	Scarabaeidae,Calliphoridae	BBIOP1901-24_r_1.3_s_50	Bolbelasmus gallicus	0	BBIOP1901-24	1.3	50
1	1	data/BGE00100_MGE-BGE_r1_1.3_1.5_s50_100.fasta	None	Geotrupidae	BLAST	family	COI-5P	655	1539	Staphylinidae,Scarabaeidae,Geotrupidae,Hybosoridae,Calliphoridae	BBIOP1901-24_r_1.3_s_100	Bolbelasmus gallicus	0	BBIOP1901-24	1.3	100
0	0	data/BGE00100_MGE-BGE_r1_1.3_1.5_s50_100.fasta	None	Geotrupidae	BLAST	family	COI-5P	644	1527	Hydraenidae,Scarabaeidae,Lucanidae,Geotrupidae	BBIOP1901-24_r_1.5_s_50	Bolbelasmus gallicus	0	BBIOP1901-24	1.5	50
0	0	data/BGE00100_MGE-BGE_r1_1.3_1.5_s50_100.fasta	None	Geotrupidae	BLAST	family	COI-5P	644	1467	Staphylinidae,Hydraenidae,Scarabaeidae,Lucanidae	BBIOP1901-24_r_1.5_s_100	Bolbelasmus gallicus	0	BBIOP1901-24	1.5	100
0	0	data/BGE00100_MGE-BGE_r1_1.3_1.5_s50_100.fasta	None	Geotrupidae	BLAST	family	COI-5P	655	1539	Staphylinidae,Silphidae,Scarabaeidae,Lucanidae,Geotrupidae,Melyridae	BBIOP1902-24_r_1_s_50	Bolbelasmus gallicus	0	BBIOP1902-24	1	50
0	0	data/BGE00100_MGE-BGE_r1_1.3_1.5_s50_100.fasta	None	Geotrupidae	BLAST	family	COI-5P	644	1491	Staphylinidae,Scarabaeidae,Lucanidae,Hybosoridae,Dermestidae,Calliphoridae	BBIOP1902-24_r_1_s_100	Bolbelasmus gallicus	0	BBIOP1902-24	1	100
0	0	data/BGE00100_MGE-BGE_r1_1.3_1.5_s50_100.fasta	None	Geotrupidae	BLAST	family	COI-5P	644	1533	Hydraenidae,Scarabaeidae,Lucanidae,Geotrupidae,Hybosoridae	BBIOP1902-24_r_1.3_s_50	Bolbelasmus gallicus	0	BBIOP1902-24	1.3	50
0	0	data/BGE00100_MGE-BGE_r1_1.3_1.5_s50_100.fasta	None	Geotrupidae	BLAST	family	COI-5P	644	1491	Staphylinidae,Scarabaeidae,Lucanidae,Hybosoridae,Dermestidae,Calliphoridae	BBIOP1902-24_r_1.3_s_100	Bolbelasmus gallicus	0	BBIOP1902-24	1.3	100
0	0	data/BGE00100_MGE-BGE_r1_1.3_1.5_s50_100.fasta	None	Geotrupidae	BLAST	family	COI-5P	644	1506	Staphylinidae,Hydraenidae,Lucanidae,Trogidae	BBIOP1902-24_r_1.5_s_50	Bolbelasmus gallicus	0	BBIOP1902-24	1.5	50
0	0	data/BGE00100_MGE-BGE_r1_1.3_1.5_s50_100.fasta	None	Geotrupidae	BLAST	family	COI-5P	644	1434	Carabidae,Staphylinidae,Hydraenidae,Melyridae,Dermestidae	BBIOP1902-24_r_1.5_s_100	Bolbelasmus gallicus	0	BBIOP1902-24	1.5	100
0	0	data/BGE00100_MGE-BGE_r1_1.3_1.5_s50_100.fasta	None	Geotrupidae	BLAST	family	COI-5P	657	1542	Geotrupidae	BBIOP1903-24_r_1_s_50	Ceratophyus hoffmannseggi	0	BBIOP1903-24	1	50
0	0	data/BGE00100_MGE-BGE_r1_1.3_1.5_s50_100.fasta	None	Geotrupidae	BLAST	family	COI-5P	657	1542	Geotrupidae	BBIOP1903-24_r_1_s_100	Ceratophyus hoffmannseggi	0	BBIOP1903-24	1	100
0	0	data/BGE00100_MGE-BGE_r1_1.3_1.5_s50_100.fasta	None	Geotrupidae	BLAST	family	COI-5P	657	1542	Geotrupidae	BBIOP1903-24_r_1.3_s_50	Ceratophyus hoffmannseggi	0	BBIOP1903-24	1.3	50
0	0	data/BGE00100_MGE-BGE_r1_1.3_1.5_s50_100.fasta	None	Geotrupidae	BLAST	family	COI-5P	657	1542	Geotrupidae	BBIOP1903-24_r_1.3_s_100	Ceratophyus hoffmannseggi	0	BBIOP1903-24	1.3	100
0	0	data/BGE00100_MGE-BGE_r1_1.3_1.5_s50_100.fasta	None	Geotrupidae	BLAST	family	COI-5P	657	1542	Geotrupidae	BBIOP1903-24_r_1.5_s_50	Ceratophyus hoffmannseggi	0	BBIOP1903-24	1.5	50
0	0	data/BGE00100_MGE-BGE_r1_1.3_1.5_s50_100.fasta	None	Geotrupidae	BLAST	family	COI-5P	657	1542	Geotrupidae	BBIOP1903-24_r_1.5_s_100	Ceratophyus hoffmannseggi	0	BBIOP1903-24	1.5	100
0	20	data/BGE00100_MGE-BGE_r1_1.3_1.5_s50_100.fasta	None	Geotrupidae	BLAST	family	COI-5P	657	1542	Geotrupidae	BBIOP1904-24_r_1_s_50	Ceratophyus hoffmannseggi	0	BBIOP1904-24	1	50
0	16	data/BGE00100_MGE-BGE_r1_1.3_1.5_s50_100.fasta	None	Geotrupidae	BLAST	family	COI-5P	657	1542	Hydraenidae,Scarabaeidae,Geotrupidae,Psilidae	BBIOP1904-24_r_1_s_100	Ceratophyus hoffmannseggi	0	BBIOP1904-24	1	100
0	3	data/BGE00100_MGE-BGE_r1_1.3_1.5_s50_100.fasta	None	Geotrupidae	BLAST	family	COI-5P	657	1542	Geotrupidae	BBIOP1904-24_r_1.3_s_50	Ceratophyus hoffmannseggi	0	BBIOP1904-24	1.3	50
0	0	data/BGE00100_MGE-BGE_r1_1.3_1.5_s50_100.fasta	None	Geotrupidae	BLAST	family	COI-5P	657	1542	Geotrupidae	BBIOP1904-24_r_1.3_s_100	Ceratophyus hoffmannseggi	0	BBIOP1904-24	1.3	100
0	0	data/BGE00100_MGE-BGE_r1_1.3_1.5_s50_100.fasta	None	Geotrupidae	BLAST	family	COI-5P	657	1533	Geotrupidae	BBIOP1904-24_r_1.5_s_50	Ceratophyus hoffmannseggi	0	BBIOP1904-24	1.5	50
0	0	data/BGE00100_MGE-BGE_r1_1.3_1.5_s50_100.fasta	None	Geotrupidae	BLAST	family	COI-5P	657	1479	Geotrupidae	BBIOP1904-24_r_1.5_s_100	Ceratophyus hoffmannseggi	0	BBIOP1904-24	1.5	100
0	0	data/BGE00100_MGE-BGE_r1_1.3_1.5_s50_100.fasta	None	Geotrupidae	BLAST	family	COI-5P	657	1533	Geotrupidae	BBIOP1905-24_r_1_s_50	Ceratophyus hoffmannseggi	0	BBIOP1905-24	1	50
0	0	data/BGE00100_MGE-BGE_r1_1.3_1.5_s50_100.fasta	None	Geotrupidae	BLAST	family	COI-5P	657	1533	Geotrupidae	BBIOP1905-24_r_1_s_100	Ceratophyus hoffmannseggi	0	BBIOP1905-24	1	100
0	0	data/BGE00100_MGE-BGE_r1_1.3_1.5_s50_100.fasta	None	Geotrupidae	BLAST	family	COI-5P	657	1533	Geotrupidae	BBIOP1905-24_r_1.3_s_50	Ceratophyus hoffmannseggi	0	BBIOP1905-24	1.3	50
0	0	data/BGE00100_MGE-BGE_r1_1.3_1.5_s50_100.fasta	None	Geotrupidae	BLAST	family	COI-5P	657	1533	Geotrupidae	BBIOP1905-24_r_1.3_s_100	Ceratophyus hoffmannseggi	0	BBIOP1905-24	1.3	100
0	0	data/BGE00100_MGE-BGE_r1_1.3_1.5_s50_100.fasta	None	Geotrupidae	BLAST	family	COI-5P	657	1515	Geotrupidae	BBIOP1905-24_r_1.5_s_50	Ceratophyus hoffmannseggi	0	BBIOP1905-24	1.5	50
0	0	data/BGE00100_MGE-BGE_r1_1.3_1.5_s50_100.fasta	None	Geotrupidae	BLAST	family	COI-5P	657	1434	Geotrupidae	BBIOP1905-24_r_1.5_s_100	Ceratophyus hoffmannseggi	0	BBIOP1905-24	1.5	100
0	0	data/BGE00100_MGE-BGE_r1_1.3_1.5_s50_100.fasta	None	Geotrupidae	BLAST	family	COI-5P	657	1542	Geotrupidae	BBIOP1906-24_r_1_s_50	Ceratophyus martinezi	0	BBIOP1906-24	1	50
0	0	data/BGE00100_MGE-BGE_r1_1.3_1.5_s50_100.fasta	None	Geotrupidae	BLAST	family	COI-5P	657	1533	Geotrupidae	BBIOP1906-24_r_1_s_100	Ceratophyus martinezi	0	BBIOP1906-24	1	100
0	0	data/BGE00100_MGE-BGE_r1_1.3_1.5_s50_100.fasta	None	Geotrupidae	BLAST	family	COI-5P	657	1539	Geotrupidae	BBIOP1906-24_r_1.3_s_50	Ceratophyus martinezi	0	BBIOP1906-24	1.3	50
0	0	data/BGE00100_MGE-BGE_r1_1.3_1.5_s50_100.fasta	None	Geotrupidae	BLAST	family	COI-5P	657	1533	Geotrupidae	BBIOP1906-24_r_1.3_s_100	Ceratophyus martinezi	0	BBIOP1906-24	1.3	100
0	0	data/BGE00100_MGE-BGE_r1_1.3_1.5_s50_100.fasta	None	Geotrupidae	BLAST	family	COI-5P	657	1533	Geotrupidae	BBIOP1906-24_r_1.5_s_50	Ceratophyus martinezi	0	BBIOP1906-24	1.5	50
0	0	data/BGE00100_MGE-BGE_r1_1.3_1.5_s50_100.fasta	None	Geotrupidae	BLAST	family	COI-5P	657	1470	Geotrupidae	BBIOP1906-24_r_1.5_s_100	Ceratophyus martinezi	0	BBIOP1906-24	1.5	100
0	0	data/BGE00100_MGE-BGE_r1_1.3_1.5_s50_100.fasta	None	Geotrupidae	BLAST	family	COI-5P	657	1533	Geotrupidae	BBIOP1907-24_r_1_s_50	Ceratophyus martinezi	0	BBIOP1907-24	1	50
0	0	data/BGE00100_MGE-BGE_r1_1.3_1.5_s50_100.fasta	None	Geotrupidae	BLAST	family	COI-5P	657	1533	Geotrupidae	BBIOP1907-24_r_1_s_100	Ceratophyus martinezi	0	BBIOP1907-24	1	100
0	0	data/BGE00100_MGE-BGE_r1_1.3_1.5_s50_100.fasta	None	Geotrupidae	BLAST	family	COI-5P	657	1533	Geotrupidae	BBIOP1907-24_r_1.3_s_50	Ceratophyus martinezi	0	BBIOP1907-24	1.3	50
0	0	data/BGE00100_MGE-BGE_r1_1.3_1.5_s50_100.fasta	None	Geotrupidae	BLAST	family	COI-5P	657	1533	Geotrupidae	BBIOP1907-24_r_1.3_s_100	Ceratophyus martinezi	0	BBIOP1907-24	1.3	100
0	0	data/BGE00100_MGE-BGE_r1_1.3_1.5_s50_100.fasta	None	Geotrupidae	BLAST	family	COI-5P	646	1494	Hydraenidae	BBIOP1907-24_r_1.5_s_50	Ceratophyus martinezi	0	BBIOP1907-24	1.5	50
0	0	data/BGE00100_MGE-BGE_r1_1.3_1.5_s50_100.fasta	None	Geotrupidae	BLAST	family	COI-5P	646	1422	Hydraenidae	BBIOP1907-24_r_1.5_s_100	Ceratophyus martinezi	0	BBIOP1907-24	1.5	100
6	13	data/BGE00100_MGE-BGE_r1_1.3_1.5_s50_100.fasta	None	Geotrupidae	BLAST	family	COI-5P	536	1287	Geotrupidae	BBIOP1908-24_r_1_s_50	Ceratophyus polyceros	0	BBIOP1908-24	1	50
0	0	data/BGE00100_MGE-BGE_r1_1.3_1.5_s50_100.fasta	None	Geotrupidae	BLAST	family	COI-5P	339	987	Geotrupidae	BBIOP1908-24_r_1_s_100	Ceratophyus polyceros	0	BBIOP1908-24	1	100
2	2	data/BGE00100_MGE-BGE_r1_1.3_1.5_s50_100.fasta	None	Geotrupidae	BLAST	family	COI-5P	534	1167	Geotrupidae	BBIOP1908-24_r_1.3_s_50	Ceratophyus polyceros	0	BBIOP1908-24	1.3	50
0	0	data/BGE00100_MGE-BGE_r1_1.3_1.5_s50_100.fasta	None	Geotrupidae	BLAST	family	COI-5P	339	894	Geotrupidae	BBIOP1908-24_r_1.3_s_100	Ceratophyus polyceros	0	BBIOP1908-24	1.3	100
1	1	data/BGE00100_MGE-BGE_r1_1.3_1.5_s50_100.fasta	None	Geotrupidae	BLAST	family	COI-5P	471	1068	Hydraenidae,Scarabaeidae,Geotrupidae	BBIOP1908-24_r_1.5_s_50	Ceratophyus polyceros	0	BBIOP1908-24	1.5	50
0	0	data/BGE00100_MGE-BGE_r1_1.3_1.5_s50_100.fasta	None	Geotrupidae	BLAST	family	COI-5P	296	813	Scarabaeidae,Geotrupidae	BBIOP1908-24_r_1.5_s_100	Ceratophyus polyceros	0	BBIOP1908-24	1.5	100
0	7	data/BGE00100_MGE-BGE_r1_1.3_1.5_s50_100.fasta	None	Geotrupidae	BLAST	family	COI-5P	657	1533	Geotrupidae	BBIOP1909-24_r_1_s_50	Ceratophyus polyceros	0	BBIOP1909-24	1	50
0	5	data/BGE00100_MGE-BGE_r1_1.3_1.5_s50_100.fasta	None	Geotrupidae	BLAST	family	COI-5P	576	1383	Staphylinidae,Leiodidae,Hydraenidae,Scarabaeidae,Geotrupidae,Tephritidae,Muscidae	BBIOP1909-24_r_1_s_100	Ceratophyus polyceros	0	BBIOP1909-24	1	100
0	2	data/BGE00100_MGE-BGE_r1_1.3_1.5_s50_100.fasta	None	Geotrupidae	BLAST	family	COI-5P	657	1533	Geotrupidae	BBIOP1909-24_r_1.3_s_50	Ceratophyus polyceros	0	BBIOP1909-24	1.3	50
0	4	data/BGE00100_MGE-BGE_r1_1.3_1.5_s50_100.fasta	None	Geotrupidae	BLAST	family	COI-5P	576	1293	Hydraenidae,Scarabaeidae,Geotrupidae,Culicidae,Tephritidae,Muscidae	BBIOP1909-24_r_1.3_s_100	Ceratophyus polyceros	0	BBIOP1909-24	1.3	100
0	2	data/BGE00100_MGE-BGE_r1_1.3_1.5_s50_100.fasta	None	Geotrupidae	BLAST	family	COI-5P	645	1359	Hydraenidae	BBIOP1909-24_r_1.5_s_50	Ceratophyus polyceros	0	BBIOP1909-24	1.5	50
0	4	data/BGE00100_MGE-BGE_r1_1.3_1.5_s50_100.fasta	None	Geotrupidae	BLAST	family	COI-5P	564	1164	Hydraenidae,Scarabaeidae,Trogidae,Geotrupidae	BBIOP1909-24_r_1.5_s_100	Ceratophyus polyceros	0	BBIOP1909-24	1.5	100
0	1	data/BGE00100_MGE-BGE_r1_1.3_1.5_s50_100.fasta	None	Geotrupidae	BLAST	family	COI-5P	657	1542	Geotrupidae	BBIOP1910-24_r_1_s_50	Ceratophyus rossii	0	BBIOP1910-24	1	50
0	0	data/BGE00100_MGE-BGE_r1_1.3_1.5_s50_100.fasta	None	Geotrupidae	BLAST	family	COI-5P	657	1533	Geotrupidae	BBIOP1910-24_r_1_s_100	Ceratophyus rossii	0	BBIOP1910-24	1	100
0	0	data/BGE00100_MGE-BGE_r1_1.3_1.5_s50_100.fasta	None	Geotrupidae	BLAST	family	COI-5P	657	1536	Geotrupidae	BBIOP1910-24_r_1.3_s_50	Ceratophyus rossii	0	BBIOP1910-24	1.3	50
0	0	data/BGE00100_MGE-BGE_r1_1.3_1.5_s50_100.fasta	None	Geotrupidae	BLAST	family	COI-5P	657	1533	Geotrupidae	BBIOP1910-24_r_1.3_s_100	Ceratophyus rossii	0	BBIOP1910-24	1.3	100
0	0	data/BGE00100_MGE-BGE_r1_1.3_1.5_s50_100.fasta	None	Geotrupidae	BLAST	family	COI-5P	657	1533	Geotrupidae	BBIOP1910-24_r_1.5_s_50	Ceratophyus rossii	0	BBIOP1910-24	1.5	50
0	0	data/BGE00100_MGE-BGE_r1_1.3_1.5_s50_100.fasta	None	Geotrupidae	BLAST	family	COI-5P	657	1440	Geotrupidae	BBIOP1910-24_r_1.5_s_100	Ceratophyus rossii	0	BBIOP1910-24	1.5	100
0	0	data/BGE00100_MGE-BGE_r1_1.3_1.5_s50_100.fasta	None	Geotrupidae	BLAST	family	COI-5P	657	1539	Geotrupidae	BBIOP1911-24_r_1_s_50	Ceratophyus rossii	0	BBIOP1911-24	1	50
0	0	data/BGE00100_MGE-BGE_r1_1.3_1.5_s50_100.fasta	None	Geotrupidae	BLAST	family	COI-5P	657	1533	Geotrupidae	BBIOP1911-24_r_1_s_100	Ceratophyus rossii	0	BBIOP1911-24	1	100
0	0	data/BGE00100_MGE-BGE_r1_1.3_1.5_s50_100.fasta	None	Geotrupidae	BLAST	family	COI-5P	657	1533	Geotrupidae	BBIOP1911-24_r_1.3_s_50	Ceratophyus rossii	0	BBIOP1911-24	1.3	50
0	0	data/BGE00100_MGE-BGE_r1_1.3_1.5_s50_100.fasta	None	Geotrupidae	BLAST	family	COI-5P	657	1533	Geotrupidae	BBIOP1911-24_r_1.3_s_100	Ceratophyus rossii	0	BBIOP1911-24	1.3	100
0	0	data/BGE00100_MGE-BGE_r1_1.3_1.5_s50_100.fasta	None	Geotrupidae	BLAST	family	COI-5P	657	1533	Geotrupidae	BBIOP1911-24_r_1.5_s_50	Ceratophyus rossii	0	BBIOP1911-24	1.5	50
0	0	data/BGE00100_MGE-BGE_r1_1.3_1.5_s50_100.fasta	None	Geotrupidae	BLAST	family	COI-5P	657	1479	Geotrupidae	BBIOP1911-24_r_1.5_s_100	Ceratophyus rossii	0	BBIOP1911-24	1.5	100
0	0	data/BGE00100_MGE-BGE_r1_1.3_1.5_s50_100.fasta	None	Geotrupidae	BLAST	family	COI-5P	615	1485	Scarabaeidae,Geotrupidae	BBIOP1912-24_r_1_s_50	Bolbelasmus bocchus	0	BBIOP1912-24	1	50
0	0	data/BGE00100_MGE-BGE_r1_1.3_1.5_s50_100.fasta	None	Geotrupidae	BLAST	family	COI-5P	434	993	Hydrophilidae,Scarabaeidae,Sarcophagidae	BBIOP1912-24_r_1_s_100	Bolbelasmus bocchus	0	BBIOP1912-24	1	100
0	0	data/BGE00100_MGE-BGE_r1_1.3_1.5_s50_100.fasta	None	Geotrupidae	BLAST	family	COI-5P	615	1485	Scarabaeidae,Geotrupidae	BBIOP1912-24_r_1.3_s_50	Bolbelasmus bocchus	0	BBIOP1912-24	1.3	50
0	0	data/BGE00100_MGE-BGE_r1_1.3_1.5_s50_100.fasta	None	Geotrupidae	BLAST	family	COI-5P	434	993	Hydrophilidae,Scarabaeidae,Sarcophagidae	BBIOP1912-24_r_1.3_s_100	Bolbelasmus bocchus	0	BBIOP1912-24	1.3	100
0	0	data/BGE00100_MGE-BGE_r1_1.3_1.5_s50_100.fasta	None	Geotrupidae	BLAST	family	COI-5P	555	1392	Staphylinidae,Scarabaeidae,Syrphidae,Ephydridae,Scathophagidae,Oestridae	BBIOP1912-24_r_1.5_s_50	Bolbelasmus bocchus	0	BBIOP1912-24	1.5	50
0	0	data/BGE00100_MGE-BGE_r1_1.3_1.5_s50_100.fasta	None	Geotrupidae	BLAST	family	COI-5P	466	921	Hydrophilidae,Scarabaeidae,Sarcophagidae	BBIOP1912-24_r_1.5_s_100	Bolbelasmus bocchus	0	BBIOP1912-24	1.5	100
14	46	data/BGE00100_MGE-BGE_r1_1.3_1.5_s50_100.fasta	None	Geotrupidae	BLAST	family	COI-5P	653	1518	Staphylinidae,Hydraenidae,Scarabaeidae,Lampyridae	BBIOP1913-24_r_1_s_50	Bolbelasmus bocchus	0	BBIOP1913-24	1	50
9	25	data/BGE00100_MGE-BGE_r1_1.3_1.5_s50_100.fasta	None	Geotrupidae	BLAST	family	COI-5P	437	1029	Scarabaeidae,Trogidae	BBIOP1913-24_r_1_s_100	Bolbelasmus bocchus	4	BBIOP1913-24	1	100
18	32	data/BGE00100_MGE-BGE_r1_1.3_1.5_s50_100.fasta	None	Geotrupidae	BLAST	family	COI-5P	637	1506	Scarabaeidae	BBIOP1913-24_r_1.3_s_50	Bolbelasmus bocchus	0	BBIOP1913-24	1.3	50
17	23	data/BGE00100_MGE-BGE_r1_1.3_1.5_s50_100.fasta	None	Geotrupidae	BLAST	family	COI-5P	322	759	Scarabaeidae	BBIOP1913-24_r_1.3_s_100	Bolbelasmus bocchus	3	BBIOP1913-24	1.3	100
8	13	data/BGE00100_MGE-BGE_r1_1.3_1.5_s50_100.fasta	None	Geotrupidae	BLAST	family	COI-5P	602	1419	Scarabaeidae,Trogidae	BBIOP1913-24_r_1.5_s_50	Bolbelasmus bocchus	0	BBIOP1913-24	1.5	50
1	1	data/BGE00100_MGE-BGE_r1_1.3_1.5_s50_100.fasta	None	Geotrupidae	BLAST	family	COI-5P	460	534	Scarabaeidae	BBIOP1913-24_r_1.5_s_100	Bolbelasmus bocchus	7	BBIOP1913-24	1.5	100
12	19	data/BGE00100_MGE-BGE_r1_1.3_1.5_s50_100.fasta	None	Glaphyridae	BLAST	family	COI-5P	470	1155	Culicidae,Chironomidae,Tephritidae,Tachinidae,Eriocraniidae,Geometridae	BBIOP1914-24_r_1_s_50	Eulasia arctos	0	BBIOP1914-24	1	50
2	2	data/BGE00100_MGE-BGE_r1_1.3_1.5_s50_100.fasta	None	Glaphyridae	BLAST	family	COI-5P	395	963	Carabidae,Culicidae,Syrphidae,Muscidae,Tachinidae,Eriocraniidae,Nymphalidae,Geometridae	BBIOP1914-24_r_1_s_100	Eulasia arctos	1	BBIOP1914-24	1	100
1	1	data/BGE00100_MGE-BGE_r1_1.3_1.5_s50_100.fasta	None	Glaphyridae	BLAST	family	COI-5P	319	705	Cleridae,Culicidae,Eriocraniidae,Geometridae	BBIOP1914-24_r_1.3_s_50	Eulasia arctos	2	BBIOP1914-24	1.3	50
1	2	data/BGE00100_MGE-BGE_r1_1.3_1.5_s50_100.fasta	None	Glaphyridae	BLAST	family	COI-5P	111	396	Culicidae,Muscidae,Nymphalidae,Geometridae	BBIOP1914-24_r_1.3_s_100	Eulasia arctos	0	BBIOP1914-24	1.3	100
1	1	data/BGE00100_MGE-BGE_r1_1.3_1.5_s50_100.fasta	None	Glaphyridae	BLAST	family	COI-5P	108	417	Culicidae,Muscidae,Tachinidae,Nymphalidae,Geometridae	BBIOP1914-24_r_1.5_s_50	Eulasia arctos	0	BBIOP1914-24	1.5	50
1	2	data/BGE00100_MGE-BGE_r1_1.3_1.5_s50_100.fasta	None	Glaphyridae	BLAST	family	COI-5P	108	312	Culicidae,Muscidae,Tachinidae,Nymphalidae,Geometridae	BBIOP1914-24_r_1.5_s_100	Eulasia arctos	0	BBIOP1914-24	1.5	100
38	45	data/BGE00100_MGE-BGE_r1_1.3_1.5_s50_100.fasta	None	Glaphyridae	BLAST	family	COI-5P	597	1116	Staphylinidae,Scarabaeidae,Silvanidae,Chrysomelidae	BBIOP1915-24_r_1_s_50	Eulasia arctos armeniaca	0	BBIOP1915-24	1	50
29	52	data/BGE00100_MGE-BGE_r1_1.3_1.5_s50_100.fasta	None	Glaphyridae	BLAST	family	COI-5P	586	951	Scarabaeidae,Melyridae,Prionoceridae,Derodontidae,Sciaridae,Drosophilidae,Vespidae	BBIOP1915-24_r_1_s_100	Eulasia arctos armeniaca	0	BBIOP1915-24	1	100
15	20	data/BGE00100_MGE-BGE_r1_1.3_1.5_s50_100.fasta	None	Glaphyridae	BLAST	family	COI-5P	558	828	Staphylinidae,Scarabaeidae,Pyrochroidae	BBIOP1915-24_r_1.3_s_50	Eulasia arctos armeniaca	0	BBIOP1915-24	1.3	50
16	39	data/BGE00100_MGE-BGE_r1_1.3_1.5_s50_100.fasta	None	Glaphyridae	BLAST	family	COI-5P	547	711	Tettigoniidae,Dytiscidae,Staphylinidae,Scarabaeidae,Derodontidae,Sciaridae,Vespidae	BBIOP1915-24_r_1.3_s_100	Eulasia arctos armeniaca	0	BBIOP1915-24	1.3	100
8	13	data/BGE00100_MGE-BGE_r1_1.3_1.5_s50_100.fasta	None	Glaphyridae	BLAST	family	COI-5P	498	663	Tettigoniidae,Ptiliidae,Scarabaeidae,Pyrochroidae,Chrysomelidae,Coccinellidae,Ulidiidae,Vespidae	BBIOP1915-24_r_1.5_s_50	Eulasia arctos armeniaca	0	BBIOP1915-24	1.5	50
5	28	data/BGE00100_MGE-BGE_r1_1.3_1.5_s50_100.fasta	None	Glaphyridae	BLAST	family	COI-5P	487	582	Tettigoniidae,Scarabaeidae,Ulidiidae,Vespidae	BBIOP1915-24_r_1.5_s_100	Eulasia arctos armeniaca	0	BBIOP1915-24	1.5	100
15	29	data/BGE00100_MGE-BGE_r1_1.3_1.5_s50_100.fasta	None	Glaphyridae	BLAST	family	COI-5P	586	1374	Scarabaeidae,Glaphyridae	BBIOP1916-24_r_1_s_50	Eulasia bicolor	0	BBIOP1916-24	1	50
17	23	data/BGE00100_MGE-BGE_r1_1.3_1.5_s50_100.fasta	None	Glaphyridae	BLAST	family	COI-5P	516	1239	Ephemerellidae,Urostylididae,Glaphyridae,Trictenotomidae,Cerambycidae,Culicidae,Tephritidae,Corydalidae	BBIOP1916-24_r_1_s_100	Eulasia bicolor	0	BBIOP1916-24	1	100
7	7	data/BGE00100_MGE-BGE_r1_1.3_1.5_s50_100.fasta	None	Glaphyridae	BLAST	family	COI-5P	506	1248	Hydrophilidae,Scarabaeidae,Glaphyridae,Muscidae	BBIOP1916-24_r_1.3_s_50	Eulasia bicolor	0	BBIOP1916-24	1.3	50
3	3	data/BGE00100_MGE-BGE_r1_1.3_1.5_s50_100.fasta	None	Glaphyridae	BLAST	family	COI-5P	371	960	Siphlonuridae,Hydraenidae,Scarabaeidae,Syrphidae,Muscidae,Calliphoridae,Chrysopidae	BBIOP1916-24_r_1.3_s_100	Eulasia bicolor	0	BBIOP1916-24	1.3	100
3	3	data/BGE00100_MGE-BGE_r1_1.3_1.5_s50_100.fasta	None	Glaphyridae	BLAST	family	COI-5P	447	978	Hydrophilidae,Scarabaeidae,Glaphyridae	BBIOP1916-24_r_1.5_s_50	Eulasia bicolor	0	BBIOP1916-24	1.5	50
3	3	data/BGE00100_MGE-BGE_r1_1.3_1.5_s50_100.fasta	None	Glaphyridae	BLAST	family	COI-5P	549	771	Carabidae,Pyrochroidae,Syrphidae,Xylomyidae,Tabanidae,Tortricidae,Geometridae	BBIOP1916-24_r_1.5_s_100	Eulasia bicolor	0	BBIOP1916-24	1.5	100
15	41	data/BGE00100_MGE-BGE_r1_1.3_1.5_s50_100.fasta	None	Glaphyridae	BLAST	family	COI-5P	656	1521	Scarabaeidae,Glaphyridae	BBIOP1917-24_r_1_s_50	Eulasia bicolor	0	BBIOP1917-24	1	50
1	2	data/BGE00100_MGE-BGE_r1_1.3_1.5_s50_100.fasta	None	Glaphyridae	BLAST	family	COI-5P	580	1215	Scarabaeidae,Geotrupidae	BBIOP1917-24_r_1_s_100	Eulasia bicolor	0	BBIOP1917-24	1	100
0	10	data/BGE00100_MGE-BGE_r1_1.3_1.5_s50_100.fasta	None	Glaphyridae	BLAST	family	COI-5P	639	1446	Carabidae,Cleridae,Endomychidae,Tephritidae,Limacodidae,Crambidae	BBIOP1917-24_r_1.3_s_50	Eulasia bicolor	0	BBIOP1917-24	1.3	50
2	15	data/BGE00100_MGE-BGE_r1_1.3_1.5_s50_100.fasta	None	Glaphyridae	BLAST	family	COI-5P	413	795	Ceratopogonidae	BBIOP1917-24_r_1.3_s_100	Eulasia bicolor	0	BBIOP1917-24	1.3	100
0	1	data/BGE00100_MGE-BGE_r1_1.3_1.5_s50_100.fasta	None	Glaphyridae	BLAST	family	COI-5P	639	1374	Carabidae,Staphylinidae	BBIOP1917-24_r_1.5_s_50	Eulasia bicolor	0	BBIOP1917-24	1.5	50
1	1	data/BGE00100_MGE-BGE_r1_1.3_1.5_s50_100.fasta	None	Glaphyridae	BLAST	family	COI-5P	413	693	Ceratopogonidae	BBIOP1917-24_r_1.5_s_100	Eulasia bicolor	0	BBIOP1917-24	1.5	100
0	0	data/BGE00100_MGE-BGE_r1_1.3_1.5_s50_100.fasta	None	Glaphyridae	BLAST	family	COI-5P	656	1533	Scarabaeidae	BBIOP1918-24_r_1_s_50	Eulasia bombylius	0	BBIOP1918-24	1	50
0	0	data/BGE00100_MGE-BGE_r1_1.3_1.5_s50_100.fasta	None	Glaphyridae	BLAST	family	COI-5P	656	1527	Scarabaeidae	BBIOP1918-24_r_1_s_100	Eulasia bombylius	0	BBIOP1918-24	1	100
0	0	data/BGE00100_MGE-BGE_r1_1.3_1.5_s50_100.fasta	None	Glaphyridae	BLAST	family	COI-5P	656	1533	Scarabaeidae	BBIOP1918-24_r_1.3_s_50	Eulasia bombylius	0	BBIOP1918-24	1.3	50
0	0	data/BGE00100_MGE-BGE_r1_1.3_1.5_s50_100.fasta	None	Glaphyridae	BLAST	family	COI-5P	656	1527	Scarabaeidae	BBIOP1918-24_r_1.3_s_100	Eulasia bombylius	0	BBIOP1918-24	1.3	100
0	0	data/BGE00100_MGE-BGE_r1_1.3_1.5_s50_100.fasta	None	Glaphyridae	BLAST	family	COI-5P	656	1494	Hydraenidae,Scarabaeidae	BBIOP1918-24_r_1.5_s_50	Eulasia bombylius	0	BBIOP1918-24	1.5	50
0	0	data/BGE00100_MGE-BGE_r1_1.3_1.5_s50_100.fasta	None	Glaphyridae	BLAST	family	COI-5P	656	1494	Hydraenidae,Scarabaeidae	BBIOP1918-24_r_1.5_s_100	Eulasia bombylius	0	BBIOP1918-24	1.5	100
0	8	data/BGE00100_MGE-BGE_r1_1.3_1.5_s50_100.fasta	None	Glaphyridae	BLAST	family	COI-5P	656	1527	Scarabaeidae	BBIOP1919-24_r_1_s_50	Eulasia bombylius	0	BBIOP1919-24	1	50
0	15	data/BGE00100_MGE-BGE_r1_1.3_1.5_s50_100.fasta	None	Glaphyridae	BLAST	family	COI-5P	656	1527	Hydraenidae,Scarabaeidae,Drosophilidae	BBIOP1919-24_r_1_s_100	Eulasia bombylius	0	BBIOP1919-24	1	100
0	0	data/BGE00100_MGE-BGE_r1_1.3_1.5_s50_100.fasta	None	Glaphyridae	BLAST	family	COI-5P	656	1527	Scarabaeidae	BBIOP1919-24_r_1.3_s_50	Eulasia bombylius	0	BBIOP1919-24	1.3	50
0	0	data/BGE00100_MGE-BGE_r1_1.3_1.5_s50_100.fasta	None	Glaphyridae	BLAST	family	COI-5P	656	1524	Scarabaeidae	BBIOP1919-24_r_1.3_s_100	Eulasia bombylius	0	BBIOP1919-24	1.3	100
0	0	data/BGE00100_MGE-BGE_r1_1.3_1.5_s50_100.fasta	None	Glaphyridae	BLAST	family	COI-5P	641	1464	Scarabaeidae,Geotrupidae	BBIOP1919-24_r_1.5_s_50	Eulasia bombylius	0	BBIOP1919-24	1.5	50
0	0	data/BGE00100_MGE-BGE_r1_1.3_1.5_s50_100.fasta	None	Glaphyridae	BLAST	family	COI-5P	641	1404	Scarabaeidae,Geotrupidae	BBIOP1919-24_r_1.5_s_100	Eulasia bombylius	0	BBIOP1919-24	1.5	100
11	13	data/BGE00100_MGE-BGE_r1_1.3_1.5_s50_100.fasta	None	Glaphyridae	BLAST	family	COI-5P	657	1527	Hydrophilidae,Staphylinidae,Scarabaeidae,Syrphidae,Scathophagidae	BBIOP1920-24_r_1_s_50	Eulasia goudotii	0	BBIOP1920-24	1	50
2	5	data/BGE00100_MGE-BGE_r1_1.3_1.5_s50_100.fasta	None	Glaphyridae	BLAST	family	COI-5P	576	1431	Glaphyridae	BBIOP1920-24_r_1_s_100	Eulasia goudotii	0	BBIOP1920-24	1	100
1	1	data/BGE00100_MGE-BGE_r1_1.3_1.5_s50_100.fasta	None	Glaphyridae	BLAST	family	COI-5P	657	1527	Hydraenidae,Scarabaeidae	BBIOP1920-24_r_1.3_s_50	Eulasia goudotii	0	BBIOP1920-24	1.3	50
1	2	data/BGE00100_MGE-BGE_r1_1.3_1.5_s50_100.fasta	None	Glaphyridae	BLAST	family	COI-5P	564	1410	Glaphyridae	BBIOP1920-24_r_1.3_s_100	Eulasia goudotii	0	BBIOP1920-24	1.3	100
3	4	data/BGE00100_MGE-BGE_r1_1.3_1.5_s50_100.fasta	None	Glaphyridae	BLAST	family	COI-5P	657	1440	Hydraenidae,Scarabaeidae	BBIOP1920-24_r_1.5_s_50	Eulasia goudotii	0	BBIOP1920-24	1.5	50
0	0	data/BGE00100_MGE-BGE_r1_1.3_1.5_s50_100.fasta	None	Glaphyridae	BLAST	family	COI-5P	510	1209	Alydidae,Staphylinidae,Scarabaeidae,Glaphyridae,Syrphidae,Sarcophagidae	BBIOP1920-24_r_1.5_s_100	Eulasia goudotii	0	BBIOP1920-24	1.5	100
2	2	data/BGE00100_MGE-BGE_r1_1.3_1.5_s50_100.fasta	None	Glaphyridae	BLAST	family	COI-5P	657	1524	Staphylinidae,Hydraenidae,Scarabaeidae	BBIOP1921-24_r_1_s_50	Eulasia goudotii	0	BBIOP1921-24	1	50
11	12	data/BGE00100_MGE-BGE_r1_1.3_1.5_s50_100.fasta	None	Glaphyridae	BLAST	family	COI-5P	657	1524	Scarabaeidae,Glaphyridae,Elmidae,Sarcophagidae,Tachinidae	BBIOP1921-24_r_1_s_100	Eulasia goudotii	0	BBIOP1921-24	1	100
0	0	data/BGE00100_MGE-BGE_r1_1.3_1.5_s50_100.fasta	None	Glaphyridae	BLAST	family	COI-5P	657	1524	Scarabaeidae	BBIOP1921-24_r_1.3_s_50	Eulasia goudotii	0	BBIOP1921-24	1.3	50
1	2	data/BGE00100_MGE-BGE_r1_1.3_1.5_s50_100.fasta	None	Glaphyridae	BLAST	family	COI-5P	657	1524	Scarabaeidae	BBIOP1921-24_r_1.3_s_100	Eulasia goudotii	0	BBIOP1921-24	1.3	100
0	1	data/BGE00100_MGE-BGE_r1_1.3_1.5_s50_100.fasta	None	Glaphyridae	BLAST	family	COI-5P	642	1467	Scarabaeidae	BBIOP1921-24_r_1.5_s_50	Eulasia goudotii	0	BBIOP1921-24	1.5	50
0	1	data/BGE00100_MGE-BGE_r1_1.3_1.5_s50_100.fasta	None	Glaphyridae	BLAST	family	COI-5P	639	1401	Scarabaeidae	BBIOP1921-24_r_1.5_s_100	Eulasia goudotii	0	BBIOP1921-24	1.5	100
8	20	data/BGE00100_MGE-BGE_r1_1.3_1.5_s50_100.fasta	None	Glaphyridae	BLAST	family	COI-5P	600	1185	Staphylinidae,Scarabaeidae,Glaphyridae,Hybosoridae	BBIOP1922-24_r_1_s_50	Eulasia papaveris	0	BBIOP1922-24	1	50
5	6	data/BGE00100_MGE-BGE_r1_1.3_1.5_s50_100.fasta	None	Glaphyridae	BLAST	family	COI-5P	489	1020	Dytiscidae,Hydrophilidae,Staphylinidae,Scarabaeidae,Glaphyridae,Eucnemidae,Nitidulidae	BBIOP1922-24_r_1_s_100	Eulasia papaveris	0	BBIOP1922-24	1	100
6	6	data/BGE00100_MGE-BGE_r1_1.3_1.5_s50_100.fasta	None	Glaphyridae	BLAST	family	COI-5P	489	909	Staphylinidae,Ptiliidae,Scarabaeidae,Glaphyridae	BBIOP1922-24_r_1.3_s_50	Eulasia papaveris	0	BBIOP1922-24	1.3	50
7	7	data/BGE00100_MGE-BGE_r1_1.3_1.5_s50_100.fasta	None	Glaphyridae	BLAST	family	COI-5P	477	849	Staphylinidae,Scarabaeidae,Lucanidae,Glaphyridae	BBIOP1922-24_r_1.3_s_100	Eulasia papaveris	0	BBIOP1922-24	1.3	100
0	0	data/BGE00100_MGE-BGE_r1_1.3_1.5_s50_100.fasta	None	Glaphyridae	BLAST	family	COI-5P	412	780	Staphylinidae,Ptiliidae,Scarabaeidae,Glaphyridae	BBIOP1922-24_r_1.5_s_50	Eulasia papaveris	0	BBIOP1922-24	1.5	50
1	1	data/BGE00100_MGE-BGE_r1_1.3_1.5_s50_100.fasta	None	Glaphyridae	BLAST	family	COI-5P	400	765	Scarabaeidae,Glaphyridae	BBIOP1922-24_r_1.5_s_100	Eulasia papaveris	0	BBIOP1922-24	1.5	100
0	0	data/BGE00100_MGE-BGE_r1_1.3_1.5_s50_100.fasta	None	Glaphyridae	BLAST	family	COI-5P	657	1524	Hydraenidae,Scarabaeidae	BBIOP1923-24_r_1_s_50	Eulasia papaveris	0	BBIOP1923-24	1	50
5	5	data/BGE00100_MGE-BGE_r1_1.3_1.5_s50_100.fasta	None	Glaphyridae	BLAST	family	COI-5P	657	1524	Hydraenidae,Scarabaeidae	BBIOP1923-24_r_1_s_100	Eulasia papaveris	0	BBIOP1923-24	1	100
0	0	data/BGE00100_MGE-BGE_r1_1.3_1.5_s50_100.fasta	None	Glaphyridae	BLAST	family	COI-5P	657	1500	Hydraenidae,Scarabaeidae,Geotrupidae	BBIOP1923-24_r_1.3_s_50	Eulasia papaveris	0	BBIOP1923-24	1.3	50
0	0	data/BGE00100_MGE-BGE_r1_1.3_1.5_s50_100.fasta	None	Glaphyridae	BLAST	family	COI-5P	657	1425	Scarabaeidae	BBIOP1923-24_r_1.3_s_100	Eulasia papaveris	0	BBIOP1923-24	1.3	100
0	0	data/BGE00100_MGE-BGE_r1_1.3_1.5_s50_100.fasta	None	Glaphyridae	BLAST	family	COI-5P	657	1425	Scarabaeidae,Geotrupidae	BBIOP1923-24_r_1.5_s_50	Eulasia papaveris	0	BBIOP1923-24	1.5	50
0	0	data/BGE00100_MGE-BGE_r1_1.3_1.5_s50_100.fasta	None	Glaphyridae	BLAST	family	COI-5P	657	1386	Scarabaeidae,Geotrupidae	BBIOP1923-24_r_1.5_s_100	Eulasia papaveris	0	BBIOP1923-24	1.5	100
0	0	data/BGE00100_MGE-BGE_r1_1.3_1.5_s50_100.fasta	None	Glaphyridae	BLAST	family	COI-5P	656	1533	Scarabaeidae	BBIOP1924-24_r_1_s_50	Eulasia pareyssei	0	BBIOP1924-24	1	50
0	0	data/BGE00100_MGE-BGE_r1_1.3_1.5_s50_100.fasta	None	Glaphyridae	BLAST	family	COI-5P	656	1527	Scarabaeidae	BBIOP1924-24_r_1_s_100	Eulasia pareyssei	0	BBIOP1924-24	1	100
0	0	data/BGE00100_MGE-BGE_r1_1.3_1.5_s50_100.fasta	None	Glaphyridae	BLAST	family	COI-5P	656	1527	Scarabaeidae	BBIOP1924-24_r_1.3_s_50	Eulasia pareyssei	0	BBIOP1924-24	1.3	50
0	0	data/BGE00100_MGE-BGE_r1_1.3_1.5_s50_100.fasta	None	Glaphyridae	BLAST	family	COI-5P	656	1527	Scarabaeidae	BBIOP1924-24_r_1.3_s_100	Eulasia pareyssei	0	BBIOP1924-24	1.3	100
0	0	data/BGE00100_MGE-BGE_r1_1.3_1.5_s50_100.fasta	None	Glaphyridae	BLAST	family	COI-5P	656	1509	Hydraenidae,Scarabaeidae	BBIOP1924-24_r_1.5_s_50	Eulasia pareyssei	0	BBIOP1924-24	1.5	50
0	0	data/BGE00100_MGE-BGE_r1_1.3_1.5_s50_100.fasta	None	Glaphyridae	BLAST	family	COI-5P	656	1509	Hydraenidae,Scarabaeidae	BBIOP1924-24_r_1.5_s_100	Eulasia pareyssei	0	BBIOP1924-24	1.5	100
0	0	data/BGE00100_MGE-BGE_r1_1.3_1.5_s50_100.fasta	None	Glaphyridae	BLAST	family	COI-5P	656	1524	Scarabaeidae	BBIOP1925-24_r_1_s_50	Eulasia pareyssei	0	BBIOP1925-24	1	50
0	0	data/BGE00100_MGE-BGE_r1_1.3_1.5_s50_100.fasta	None	Glaphyridae	BLAST	family	COI-5P	656	1524	Scarabaeidae	BBIOP1925-24_r_1_s_100	Eulasia pareyssei	0	BBIOP1925-24	1	100
0	0	data/BGE00100_MGE-BGE_r1_1.3_1.5_s50_100.fasta	None	Glaphyridae	BLAST	family	COI-5P	656	1524	Scarabaeidae	BBIOP1925-24_r_1.3_s_50	Eulasia pareyssei	0	BBIOP1925-24	1.3	50
0	0	data/BGE00100_MGE-BGE_r1_1.3_1.5_s50_100.fasta	None	Glaphyridae	BLAST	family	COI-5P	656	1524	Scarabaeidae	BBIOP1925-24_r_1.3_s_100	Eulasia pareyssei	0	BBIOP1925-24	1.3	100
0	0	data/BGE00100_MGE-BGE_r1_1.3_1.5_s50_100.fasta	None	Glaphyridae	BLAST	family	COI-5P	656	1476	Scarabaeidae,Geotrupidae	BBIOP1925-24_r_1.5_s_50	Eulasia pareyssei	0	BBIOP1925-24	1.5	50
0	0	data/BGE00100_MGE-BGE_r1_1.3_1.5_s50_100.fasta	None	Glaphyridae	BLAST	family	COI-5P	656	1413	Scarabaeidae,Geotrupidae	BBIOP1925-24_r_1.5_s_100	Eulasia pareyssei	0	BBIOP1925-24	1.5	100
0	0	data/BGE00100_MGE-BGE_r1_1.3_1.5_s50_100.fasta	None	Glaphyridae	BLAST	family	COI-5P	657	1524	Staphylinidae,Scarabaeidae	BBIOP1926-24_r_1_s_50	Eulasia vittata	0	BBIOP1926-24	1	50
0	0	data/BGE00100_MGE-BGE_r1_1.3_1.5_s50_100.fasta	None	Glaphyridae	BLAST	family	COI-5P	657	1524	Staphylinidae,Scarabaeidae	BBIOP1926-24_r_1_s_100	Eulasia vittata	0	BBIOP1926-24	1	100
0	0	data/BGE00100_MGE-BGE_r1_1.3_1.5_s50_100.fasta	None	Glaphyridae	BLAST	family	COI-5P	657	1524	Staphylinidae,Scarabaeidae	BBIOP1926-24_r_1.3_s_50	Eulasia vittata	0	BBIOP1926-24	1.3	50
0	0	data/BGE00100_MGE-BGE_r1_1.3_1.5_s50_100.fasta	None	Glaphyridae	BLAST	family	COI-5P	657	1524	Staphylinidae,Scarabaeidae	BBIOP1926-24_r_1.3_s_100	Eulasia vittata	0	BBIOP1926-24	1.3	100
0	0	data/BGE00100_MGE-BGE_r1_1.3_1.5_s50_100.fasta	None	Glaphyridae	BLAST	family	COI-5P	657	1509	Staphylinidae,Scarabaeidae	BBIOP1926-24_r_1.5_s_50	Eulasia vittata	0	BBIOP1926-24	1.5	50
0	0	data/BGE00100_MGE-BGE_r1_1.3_1.5_s50_100.fasta	None	Glaphyridae	BLAST	family	COI-5P	657	1446	Staphylinidae,Scarabaeidae	BBIOP1926-24_r_1.5_s_100	Eulasia vittata	0	BBIOP1926-24	1.5	100
34	67	data/BGE00100_MGE-BGE_r1_1.3_1.5_s50_100.fasta	None	Glaphyridae	BLAST	family	COI-5P	623	1488	Scarabaeidae,Chironomidae	BBIOP1927-24_r_1_s_50	Eulasia vittata	0	BBIOP1927-24	1	50
4	25	data/BGE00100_MGE-BGE_r1_1.3_1.5_s50_100.fasta	None	Glaphyridae	BLAST	family	COI-5P	468	1377	Scarabaeidae	BBIOP1927-24_r_1_s_100	Eulasia vittata	0	BBIOP1927-24	1	100
3	6	data/BGE00100_MGE-BGE_r1_1.3_1.5_s50_100.fasta	None	Glaphyridae	BLAST	family	COI-5P	560	1299	Scarabaeidae	BBIOP1927-24_r_1.3_s_50	Eulasia vittata	0	BBIOP1927-24	1.3	50
0	0	data/BGE00100_MGE-BGE_r1_1.3_1.5_s50_100.fasta	None	Glaphyridae	BLAST	family	COI-5P	191	927	Scarabaeidae	BBIOP1927-24_r_1.3_s_100	Eulasia vittata	0	BBIOP1927-24	1.3	100
2	3	data/BGE00100_MGE-BGE_r1_1.3_1.5_s50_100.fasta	None	Glaphyridae	BLAST	family	COI-5P	503	1083	Scarabaeidae	BBIOP1927-24_r_1.5_s_50	Eulasia vittata	0	BBIOP1927-24	1.5	50
0	0	data/BGE00100_MGE-BGE_r1_1.3_1.5_s50_100.fasta	None	Glaphyridae	BLAST	family	COI-5P	527	792	Scarabaeidae	BBIOP1927-24_r_1.5_s_100	Eulasia vittata	5	BBIOP1927-24	1.5	100
7	8	data/BGE00100_MGE-BGE_r1_1.3_1.5_s50_100.fasta	None	Scarabaeidae	BLAST	family	COI-5P	656	1539	Scarabaeidae	BBIOP1928-24_r_1_s_50	Anisoplia baetica	0	BBIOP1928-24	1	50
5	6	data/BGE00100_MGE-BGE_r1_1.3_1.5_s50_100.fasta	None	Scarabaeidae	BLAST	family	COI-5P	656	1539	Scarabaeidae	BBIOP1928-24_r_1_s_100	Anisoplia baetica	0	BBIOP1928-24	1	100
0	0	data/BGE00100_MGE-BGE_r1_1.3_1.5_s50_100.fasta	None	Scarabaeidae	BLAST	family	COI-5P	656	1539	Scarabaeidae	BBIOP1928-24_r_1.3_s_50	Anisoplia baetica	0	BBIOP1928-24	1.3	50
0	0	data/BGE00100_MGE-BGE_r1_1.3_1.5_s50_100.fasta	None	Scarabaeidae	BLAST	family	COI-5P	656	1539	Scarabaeidae	BBIOP1928-24_r_1.3_s_100	Anisoplia baetica	0	BBIOP1928-24	1.3	100
0	0	data/BGE00100_MGE-BGE_r1_1.3_1.5_s50_100.fasta	None	Scarabaeidae	BLAST	family	COI-5P	656	1539	Scarabaeidae	BBIOP1928-24_r_1.5_s_50	Anisoplia baetica	0	BBIOP1928-24	1.5	50
0	0	data/BGE00100_MGE-BGE_r1_1.3_1.5_s50_100.fasta	None	Scarabaeidae	BLAST	family	COI-5P	656	1539	Scarabaeidae	BBIOP1928-24_r_1.5_s_100	Anisoplia baetica	0	BBIOP1928-24	1.5	100
11	16	data/BGE00100_MGE-BGE_r1_1.3_1.5_s50_100.fasta	None	Scarabaeidae	BLAST	family	COI-5P	656	1539	Staphylinidae,Scarabaeidae	BBIOP1929-24_r_1_s_50	Anisoplia baetica	0	BBIOP1929-24	1	50
2	23	data/BGE00100_MGE-BGE_r1_1.3_1.5_s50_100.fasta	None	Scarabaeidae	BLAST	family	COI-5P	551	1416	Scarabaeidae	BBIOP1929-24_r_1_s_100	Anisoplia baetica	0	BBIOP1929-24	1	100
2	3	data/BGE00100_MGE-BGE_r1_1.3_1.5_s50_100.fasta	None	Scarabaeidae	BLAST	family	COI-5P	656	1497	Scarabaeidae	BBIOP1929-24_r_1.3_s_50	Anisoplia baetica	0	BBIOP1929-24	1.3	50
3	4	data/BGE00100_MGE-BGE_r1_1.3_1.5_s50_100.fasta	None	Scarabaeidae	BLAST	family	COI-5P	551	1311	Scarabaeidae	BBIOP1929-24_r_1.3_s_100	Anisoplia baetica	0	BBIOP1929-24	1.3	100
0	1	data/BGE00100_MGE-BGE_r1_1.3_1.5_s50_100.fasta	None	Scarabaeidae	BLAST	family	COI-5P	608	1449	Hydraenidae,Scarabaeidae	BBIOP1929-24_r_1.5_s_50	Anisoplia baetica	0	BBIOP1929-24	1.5	50
0	1	data/BGE00100_MGE-BGE_r1_1.3_1.5_s50_100.fasta	None	Scarabaeidae	BLAST	family	COI-5P	553	1242	Scarabaeidae	BBIOP1929-24_r_1.5_s_100	Anisoplia baetica	2	BBIOP1929-24	1.5	100
25	82	data/BGE00100_MGE-BGE_r1_1.3_1.5_s50_100.fasta	None	Scarabaeidae	BLAST	family	COI-5P	552	1368	Scarabaeidae,Lucanidae,Trogidae	BBIOP1930-24_r_1_s_50	Anisoplia depressa	0	BBIOP1930-24	1	50
14	61	data/BGE00100_MGE-BGE_r1_1.3_1.5_s50_100.fasta	None	Scarabaeidae	BLAST	family	COI-5P	217	972	Sciaridae	BBIOP1930-24_r_1_s_100	Anisoplia depressa	0	BBIOP1930-24	1	100
11	33	data/BGE00100_MGE-BGE_r1_1.3_1.5_s50_100.fasta	None	Scarabaeidae	BLAST	family	COI-5P	444	1053	Staphylinidae,Scarabaeidae,Trogidae	BBIOP1930-24_r_1.3_s_50	Anisoplia depressa	0	BBIOP1930-24	1.3	50
13	19	data/BGE00100_MGE-BGE_r1_1.3_1.5_s50_100.fasta	None	Scarabaeidae	BLAST	family	COI-5P	161	564	Blaberidae,Blissidae,Cercopidae,Staphylinidae,Scarabaeidae,Nymphalidae	BBIOP1930-24_r_1.3_s_100	Anisoplia depressa	0	BBIOP1930-24	1.3	100
2	15	data/BGE00100_MGE-BGE_r1_1.3_1.5_s50_100.fasta	None	Scarabaeidae	BLAST	family	COI-5P	373	786	Rhaphidophoridae,Staphylinidae,Scarabaeidae	BBIOP1930-24_r_1.5_s_50	Anisoplia depressa	0	BBIOP1930-24	1.5	50
0	1	data/BGE00100_MGE-BGE_r1_1.3_1.5_s50_100.fasta	None	Scarabaeidae	BLAST	family	COI-5P	137	423	Blaberidae,Acrididae,Blissidae,Cercopidae,Staphylinidae,Scarabaeidae,Nymphalidae	BBIOP1930-24_r_1.5_s_100	Anisoplia depressa	1	BBIOP1930-24	1.5	100
44	56	data/BGE00100_MGE-BGE_r1_1.3_1.5_s50_100.fasta	None	Scarabaeidae	BLAST	family	COI-5P	656	1539	Staphylinidae,Hydraenidae,Scarabaeidae	BBIOP1931-24_r_1_s_50	Anisoplia depressa	0	BBIOP1931-24	1	50
33	51	data/BGE00100_MGE-BGE_r1_1.3_1.5_s50_100.fasta	None	Scarabaeidae	BLAST	family	COI-5P	656	1539	Staphylinidae,Scarabaeidae	BBIOP1931-24_r_1_s_100	Anisoplia depressa	0	BBIOP1931-24	1	100
3	3	data/BGE00100_MGE-BGE_r1_1.3_1.5_s50_100.fasta	None	Scarabaeidae	BLAST	family	COI-5P	656	1539	Scarabaeidae	BBIOP1931-24_r_1.3_s_50	Anisoplia depressa	0	BBIOP1931-24	1.3	50
11	11	data/BGE00100_MGE-BGE_r1_1.3_1.5_s50_100.fasta	None	Scarabaeidae	BLAST	family	COI-5P	656	1539	Scarabaeidae	BBIOP1931-24_r_1.3_s_100	Anisoplia depressa	0	BBIOP1931-24	1.3	100
0	0	data/BGE00100_MGE-BGE_r1_1.3_1.5_s50_100.fasta	None	Scarabaeidae	BLAST	family	COI-5P	650	1533	Hydraenidae,Scarabaeidae	BBIOP1931-24_r_1.5_s_50	Anisoplia depressa	0	BBIOP1931-24	1.5	50
0	0	data/BGE00100_MGE-BGE_r1_1.3_1.5_s50_100.fasta	None	Scarabaeidae	BLAST	family	COI-5P	611	1494	Staphylinidae,Scarabaeidae	BBIOP1931-24_r_1.5_s_100	Anisoplia depressa	0	BBIOP1931-24	1.5	100
0	7	data/BGE00100_MGE-BGE_r1_1.3_1.5_s50_100.fasta	None	Scarabaeidae	BLAST	family	COI-5P	651	1533	Staphylinidae,Scarabaeidae,Sarcophagidae	BBIOP1932-24_r_1_s_50	Anomala quadripunctata	0	BBIOP1932-24	1	50
0	0	data/BGE00100_MGE-BGE_r1_1.3_1.5_s50_100.fasta	None	Scarabaeidae	BLAST	family	COI-5P	645	1494	Silphidae,Scarabaeidae,Meloidae,Tephritidae	BBIOP1932-24_r_1_s_100	Anomala quadripunctata	0	BBIOP1932-24	1	100
0	0	data/BGE00100_MGE-BGE_r1_1.3_1.5_s50_100.fasta	None	Scarabaeidae	BLAST	family	COI-5P	651	1527	Staphylinidae,Scarabaeidae,Geotrupidae	BBIOP1932-24_r_1.3_s_50	Anomala quadripunctata	0	BBIOP1932-24	1.3	50
0	0	data/BGE00100_MGE-BGE_r1_1.3_1.5_s50_100.fasta	None	Scarabaeidae	BLAST	family	COI-5P	645	1440	Scarabaeidae	BBIOP1932-24_r_1.3_s_100	Anomala quadripunctata	0	BBIOP1932-24	1.3	100
0	3	data/BGE00100_MGE-BGE_r1_1.3_1.5_s50_100.fasta	None	Scarabaeidae	BLAST	family	COI-5P	651	1527	Staphylinidae,Scarabaeidae,Geotrupidae	BBIOP1932-24_r_1.5_s_50	Anomala quadripunctata	0	BBIOP1932-24	1.5	50
1	6	data/BGE00100_MGE-BGE_r1_1.3_1.5_s50_100.fasta	None	Scarabaeidae	BLAST	family	COI-5P	645	1440	Scarabaeidae	BBIOP1932-24_r_1.5_s_100	Anomala quadripunctata	0	BBIOP1932-24	1.5	100
0	0	data/BGE00100_MGE-BGE_r1_1.3_1.5_s50_100.fasta	None	Scarabaeidae	BLAST	family	COI-5P	657	1539	Scarabaeidae	BBIOP1933-24_r_1_s_50	Anomala quadripunctata	0	BBIOP1933-24	1	50
0	0	data/BGE00100_MGE-BGE_r1_1.3_1.5_s50_100.fasta	None	Scarabaeidae	BLAST	family	COI-5P	657	1539	Scarabaeidae	BBIOP1933-24_r_1_s_100	Anomala quadripunctata	0	BBIOP1933-24	1	100
0	0	data/BGE00100_MGE-BGE_r1_1.3_1.5_s50_100.fasta	None	Scarabaeidae	BLAST	family	COI-5P	657	1539	Scarabaeidae	BBIOP1933-24_r_1.3_s_50	Anomala quadripunctata	0	BBIOP1933-24	1.3	50
0	0	data/BGE00100_MGE-BGE_r1_1.3_1.5_s50_100.fasta	None	Scarabaeidae	BLAST	family	COI-5P	657	1539	Scarabaeidae	BBIOP1933-24_r_1.3_s_100	Anomala quadripunctata	0	BBIOP1933-24	1.3	100
0	0	data/BGE00100_MGE-BGE_r1_1.3_1.5_s50_100.fasta	None	Scarabaeidae	BLAST	family	COI-5P	657	1539	Scarabaeidae	BBIOP1933-24_r_1.5_s_50	Anomala quadripunctata	0	BBIOP1933-24	1.5	50
0	0	data/BGE00100_MGE-BGE_r1_1.3_1.5_s50_100.fasta	None	Scarabaeidae	BLAST	family	COI-5P	657	1539	Scarabaeidae	BBIOP1933-24_r_1.5_s_100	Anomala quadripunctata	0	BBIOP1933-24	1.5	100
0	0	data/BGE00100_MGE-BGE_r1_1.3_1.5_s50_100.fasta	None	Scarabaeidae	BLAST	family	COI-5P	657	1539	Scarabaeidae	BBIOP1934-24_r_1_s_50	Anthoplia floricola	0	BBIOP1934-24	1	50
0	0	data/BGE00100_MGE-BGE_r1_1.3_1.5_s50_100.fasta	None	Scarabaeidae	BLAST	family	COI-5P	657	1539	Scarabaeidae	BBIOP1934-24_r_1_s_100	Anthoplia floricola	0	BBIOP1934-24	1	100
0	0	data/BGE00100_MGE-BGE_r1_1.3_1.5_s50_100.fasta	None	Scarabaeidae	BLAST	family	COI-5P	657	1539	Scarabaeidae	BBIOP1934-24_r_1.3_s_50	Anthoplia floricola	0	BBIOP1934-24	1.3	50
0	0	data/BGE00100_MGE-BGE_r1_1.3_1.5_s50_100.fasta	None	Scarabaeidae	BLAST	family	COI-5P	657	1539	Scarabaeidae	BBIOP1934-24_r_1.3_s_100	Anthoplia floricola	0	BBIOP1934-24	1.3	100
0	0	data/BGE00100_MGE-BGE_r1_1.3_1.5_s50_100.fasta	None	Scarabaeidae	BLAST	family	COI-5P	657	1539	Scarabaeidae	BBIOP1934-24_r_1.5_s_50	Anthoplia floricola	0	BBIOP1934-24	1.5	50
0	0	data/BGE00100_MGE-BGE_r1_1.3_1.5_s50_100.fasta	None	Scarabaeidae	BLAST	family	COI-5P	657	1539	Scarabaeidae	BBIOP1934-24_r_1.5_s_100	Anthoplia floricola	0	BBIOP1934-24	1.5	100
0	0	data/BGE00100_MGE-BGE_r1_1.3_1.5_s50_100.fasta	None	Scarabaeidae	BLAST	family	COI-5P	657	1539	Scarabaeidae	BBIOP1935-24_r_1_s_50	Anthoplia floricola	0	BBIOP1935-24	1	50
0	0	data/BGE00100_MGE-BGE_r1_1.3_1.5_s50_100.fasta	None	Scarabaeidae	BLAST	family	COI-5P	657	1539	Scarabaeidae	BBIOP1935-24_r_1_s_100	Anthoplia floricola	0	BBIOP1935-24	1	100
0	0	data/BGE00100_MGE-BGE_r1_1.3_1.5_s50_100.fasta	None	Scarabaeidae	BLAST	family	COI-5P	657	1539	Scarabaeidae	BBIOP1935-24_r_1.3_s_50	Anthoplia floricola	0	BBIOP1935-24	1.3	50
0	0	data/BGE00100_MGE-BGE_r1_1.3_1.5_s50_100.fasta	None	Scarabaeidae	BLAST	family	COI-5P	657	1539	Scarabaeidae	BBIOP1935-24_r_1.3_s_100	Anthoplia floricola	0	BBIOP1935-24	1.3	100
0	0	data/BGE00100_MGE-BGE_r1_1.3_1.5_s50_100.fasta	None	Scarabaeidae	BLAST	family	COI-5P	657	1539	Scarabaeidae	BBIOP1935-24_r_1.5_s_50	Anthoplia floricola	0	BBIOP1935-24	1.5	50
0	0	data/BGE00100_MGE-BGE_r1_1.3_1.5_s50_100.fasta	None	Scarabaeidae	BLAST	family	COI-5P	657	1539	Scarabaeidae	BBIOP1935-24_r_1.5_s_100	Anthoplia floricola	0	BBIOP1935-24	1.5	100
9	30	data/BGE00100_MGE-BGE_r1_1.3_1.5_s50_100.fasta	None	Scarabaeidae	BLAST	family	COI-5P	648	1521	Gryllacrididae,Staphylinidae,Silphidae,Leiodidae,Buprestidae,Sciaridae,Culicidae,Drosophilidae	BBIOP1936-24_r_1_s_50	Anisoplia aprica	0	BBIOP1936-24	1	50
22	33	data/BGE00100_MGE-BGE_r1_1.3_1.5_s50_100.fasta	None	Scarabaeidae	BLAST	family	COI-5P	588	1395	Scarabaeidae,Lucanidae,Diopsidae	BBIOP1936-24_r_1_s_100	Anisoplia aprica	0	BBIOP1936-24	1	100
0	6	data/BGE00100_MGE-BGE_r1_1.3_1.5_s50_100.fasta	None	Scarabaeidae	BLAST	family	COI-5P	615	1443	Carabidae,Staphylinidae,Hydraenidae,Scarabaeidae	BBIOP1936-24_r_1.3_s_50	Anisoplia aprica	0	BBIOP1936-24	1.3	50
0	5	data/BGE00100_MGE-BGE_r1_1.3_1.5_s50_100.fasta	None	Scarabaeidae	BLAST	family	COI-5P	462	1242	Staphylinidae,Hydraenidae,Scarabaeidae,Hybosoridae	BBIOP1936-24_r_1.3_s_100	Anisoplia aprica	0	BBIOP1936-24	1.3	100
0	6	data/BGE00100_MGE-BGE_r1_1.3_1.5_s50_100.fasta	None	Scarabaeidae	BLAST	family	COI-5P	558	1326	Staphylinidae,Hydraenidae,Scarabaeidae,Drosophilidae,Agromyzidae	BBIOP1936-24_r_1.5_s_50	Anisoplia aprica	0	BBIOP1936-24	1.5	50
0	5	data/BGE00100_MGE-BGE_r1_1.3_1.5_s50_100.fasta	None	Scarabaeidae	BLAST	family	COI-5P	378	1041	Staphylinidae,Hydraenidae,Scarabaeidae,Hybosoridae	BBIOP1936-24_r_1.5_s_100	Anisoplia aprica	0	BBIOP1936-24	1.5	100
0	0	data/BGE00100_MGE-BGE_r1_1.3_1.5_s50_100.fasta	None	Scarabaeidae	BLAST	family	COI-5P	657	1539	Scarabaeidae	BBIOP1937-24_r_1_s_50	Anisoplia armeniaca	0	BBIOP1937-24	1	50
0	0	data/BGE00100_MGE-BGE_r1_1.3_1.5_s50_100.fasta	None	Scarabaeidae	BLAST	family	COI-5P	657	1539	Scarabaeidae	BBIOP1937-24_r_1_s_100	Anisoplia armeniaca	0	BBIOP1937-24	1	100
0	0	data/BGE00100_MGE-BGE_r1_1.3_1.5_s50_100.fasta	None	Scarabaeidae	BLAST	family	COI-5P	657	1539	Scarabaeidae	BBIOP1937-24_r_1.3_s_50	Anisoplia armeniaca	0	BBIOP1937-24	1.3	50
0	0	data/BGE00100_MGE-BGE_r1_1.3_1.5_s50_100.fasta	None	Scarabaeidae	BLAST	family	COI-5P	657	1539	Scarabaeidae	BBIOP1937-24_r_1.3_s_100	Anisoplia armeniaca	0	BBIOP1937-24	1.3	100
0	0	data/BGE00100_MGE-BGE_r1_1.3_1.5_s50_100.fasta	None	Scarabaeidae	BLAST	family	COI-5P	657	1539	Scarabaeidae	BBIOP1937-24_r_1.5_s_50	Anisoplia armeniaca	0	BBIOP1937-24	1.5	50
0	0	data/BGE00100_MGE-BGE_r1_1.3_1.5_s50_100.fasta	None	Scarabaeidae	BLAST	family	COI-5P	657	1539	Scarabaeidae	BBIOP1937-24_r_1.5_s_100	Anisoplia armeniaca	0	BBIOP1937-24	1.5	100
0	0	data/BGE00100_MGE-BGE_r1_1.3_1.5_s50_100.fasta	None	Scarabaeidae	BLAST	family	COI-5P	657	1539	Scarabaeidae	BBIOP1938-24_r_1_s_50	Anisoplia armeniaca	0	BBIOP1938-24	1	50
0	0	data/BGE00100_MGE-BGE_r1_1.3_1.5_s50_100.fasta	None	Scarabaeidae	BLAST	family	COI-5P	657	1539	Scarabaeidae	BBIOP1938-24_r_1_s_100	Anisoplia armeniaca	0	BBIOP1938-24	1	100
0	0	data/BGE00100_MGE-BGE_r1_1.3_1.5_s50_100.fasta	None	Scarabaeidae	BLAST	family	COI-5P	657	1539	Scarabaeidae	BBIOP1938-24_r_1.3_s_50	Anisoplia armeniaca	0	BBIOP1938-24	1.3	50
0	0	data/BGE00100_MGE-BGE_r1_1.3_1.5_s50_100.fasta	None	Scarabaeidae	BLAST	family	COI-5P	657	1539	Scarabaeidae	BBIOP1938-24_r_1.3_s_100	Anisoplia armeniaca	0	BBIOP1938-24	1.3	100
0	0	data/BGE00100_MGE-BGE_r1_1.3_1.5_s50_100.fasta	None	Scarabaeidae	BLAST	family	COI-5P	657	1539	Scarabaeidae	BBIOP1938-24_r_1.5_s_50	Anisoplia armeniaca	0	BBIOP1938-24	1.5	50
0	0	data/BGE00100_MGE-BGE_r1_1.3_1.5_s50_100.fasta	None	Scarabaeidae	BLAST	family	COI-5P	657	1539	Scarabaeidae	BBIOP1938-24_r_1.5_s_100	Anisoplia armeniaca	0	BBIOP1938-24	1.5	100
7	26	data/BGE00100_MGE-BGE_r1_1.3_1.5_s50_100.fasta	None	Scarabaeidae	BLAST	family	COI-5P	278	1185	Staphylinidae,Scarabaeidae,Trogidae,Chrysomelidae,Curculionidae	BBIOP1939-24_r_1_s_50	Anisoplia bromicola	0	BBIOP1939-24	1	50
0	23	data/BGE00100_MGE-BGE_r1_1.3_1.5_s50_100.fasta	None	Scarabaeidae	BLAST	family	COI-5P	164	792	Staphylinidae,Scarabaeidae,Chrysomelidae,Curculionidae	BBIOP1939-24_r_1_s_100	Anisoplia bromicola	0	BBIOP1939-24	1	100
6	18	data/BGE00100_MGE-BGE_r1_1.3_1.5_s50_100.fasta	None	Scarabaeidae	BLAST	family	COI-5P	280	951	Scarabaeidae	BBIOP1939-24_r_1.3_s_50	Anisoplia bromicola	0	BBIOP1939-24	1.3	50
0	0	data/BGE00100_MGE-BGE_r1_1.3_1.5_s50_100.fasta	None	Scarabaeidae	BLAST	family	COI-5P	164	612	Staphylinidae,Scarabaeidae,Trogidae	BBIOP1939-24_r_1.3_s_100	Anisoplia bromicola	0	BBIOP1939-24	1.3	100
0	9	data/BGE00100_MGE-BGE_r1_1.3_1.5_s50_100.fasta	None	Scarabaeidae	BLAST	family	COI-5P	90	759	Scarabaeidae	BBIOP1939-24_r_1.5_s_50	Anisoplia bromicola	0	BBIOP1939-24	1.5	50
0	0	data/BGE00100_MGE-BGE_r1_1.3_1.5_s50_100.fasta	None	Scarabaeidae	BLAST	family	COI-5P	71	495	Carabidae,Scarabaeidae	BBIOP1939-24_r_1.5_s_100	Anisoplia bromicola	0	BBIOP1939-24	1.5	100
11	34	data/BGE00100_MGE-BGE_r1_1.3_1.5_s50_100.fasta	None	Scarabaeidae	BLAST	family	COI-5P	440	1377	Scarabaeidae	BBIOP1940-24_r_1_s_50	Anisoplia bromicola	0	BBIOP1940-24	1	50
0	34	data/BGE00100_MGE-BGE_r1_1.3_1.5_s50_100.fasta	None	Scarabaeidae	BLAST	family	COI-5P	374	1179	Carabidae,Staphylinidae,Scarabaeidae	BBIOP1940-24_r_1_s_100	Anisoplia bromicola	0	BBIOP1940-24	1	100
0	2	data/BGE00100_MGE-BGE_r1_1.3_1.5_s50_100.fasta	None	Scarabaeidae	BLAST	family	COI-5P	348	1185	Rhaphidophoridae,Carabidae,Scarabaeidae,Chrysomelidae	BBIOP1940-24_r_1.3_s_50	Anisoplia bromicola	0	BBIOP1940-24	1.3	50
0	0	data/BGE00100_MGE-BGE_r1_1.3_1.5_s50_100.fasta	None	Scarabaeidae	BLAST	family	COI-5P	213	813	Rhaphidophoridae,Scarabaeidae,Chrysomelidae,Endomychidae	BBIOP1940-24_r_1.3_s_100	Anisoplia bromicola	0	BBIOP1940-24	1.3	100
0	2	data/BGE00100_MGE-BGE_r1_1.3_1.5_s50_100.fasta	None	Scarabaeidae	BLAST	family	COI-5P	321	1104	Rhaphidophoridae,Scarabaeidae,Nymphalidae	BBIOP1940-24_r_1.5_s_50	Anisoplia bromicola	0	BBIOP1940-24	1.5	50
0	0	data/BGE00100_MGE-BGE_r1_1.3_1.5_s50_100.fasta	None	Scarabaeidae	BLAST	family	COI-5P	351	744	Rhaphidophoridae,Staphylinidae,Scarabaeidae,Coccinellidae,Endomychidae,Nymphalidae,Nepticulidae	BBIOP1940-24_r_1.5_s_100	Anisoplia bromicola	8	BBIOP1940-24	1.5	100
15	19	data/BGE00100_MGE-BGE_r1_1.3_1.5_s50_100.fasta	None	Scarabaeidae	BLAST	family	COI-5P	557	1203	Scarabaeidae	BBIOP1941-24_r_1_s_50	Anisoplia baetica	0	BBIOP1941-24	1	50
1	1	data/BGE00100_MGE-BGE_r1_1.3_1.5_s50_100.fasta	None	Scarabaeidae	BLAST	family	COI-5P	452	816	Scarabaeidae	BBIOP1941-24_r_1_s_100	Anisoplia baetica	0	BBIOP1941-24	1	100
3	4	data/BGE00100_MGE-BGE_r1_1.3_1.5_s50_100.fasta	None	Scarabaeidae	BLAST	family	COI-5P	240	744	Cercopidae,Staphylinidae,Scarabaeidae,Chironomidae,Notodontidae,Pieridae	BBIOP1941-24_r_1.3_s_50	Anisoplia baetica	0	BBIOP1941-24	1.3	50
0	0	data/BGE00100_MGE-BGE_r1_1.3_1.5_s50_100.fasta	None	Scarabaeidae	BLAST	family	COI-5P	201	270	Scarabaeidae	BBIOP1941-24_r_1.3_s_100	Anisoplia baetica	0	BBIOP1941-24	1.3	100
0	0	data/BGE00100_MGE-BGE_r1_1.3_1.5_s50_100.fasta	None	Scarabaeidae	BLAST	family	COI-5P	112	540	Staphylinidae,Scarabaeidae,Cerambycidae,Curculionidae,Notodontidae	BBIOP1941-24_r_1.5_s_50	Anisoplia baetica	0	BBIOP1941-24	1.5	50
0	0	data/BGE00100_MGE-BGE_r1_1.3_1.5_s50_100.fasta	None	Scarabaeidae	BLAST	family	COI-5P	156	174	Scarabaeidae	BBIOP1941-24_r_1.5_s_100	Anisoplia baetica	0	BBIOP1941-24	1.5	100
0	0	data/BGE00100_MGE-BGE_r1_1.3_1.5_s50_100.fasta	None	Scarabaeidae	BLAST	family	COI-5P	656	1539	Scarabaeidae	BBIOP1942-24_r_1_s_50	Anisoplia erichsoni	0	BBIOP1942-24	1	50
0	0	data/BGE00100_MGE-BGE_r1_1.3_1.5_s50_100.fasta	None	Scarabaeidae	BLAST	family	COI-5P	656	1539	Scarabaeidae	BBIOP1942-24_r_1_s_100	Anisoplia erichsoni	0	BBIOP1942-24	1	100
0	0	data/BGE00100_MGE-BGE_r1_1.3_1.5_s50_100.fasta	None	Scarabaeidae	BLAST	family	COI-5P	656	1539	Scarabaeidae	BBIOP1942-24_r_1.3_s_50	Anisoplia erichsoni	0	BBIOP1942-24	1.3	50
0	0	data/BGE00100_MGE-BGE_r1_1.3_1.5_s50_100.fasta	None	Scarabaeidae	BLAST	family	COI-5P	656	1539	Scarabaeidae	BBIOP1942-24_r_1.3_s_100	Anisoplia erichsoni	0	BBIOP1942-24	1.3	100
0	0	data/BGE00100_MGE-BGE_r1_1.3_1.5_s50_100.fasta	None	Scarabaeidae	BLAST	family	COI-5P	656	1539	Scarabaeidae	BBIOP1942-24_r_1.5_s_50	Anisoplia erichsoni	0	BBIOP1942-24	1.5	50
0	0	data/BGE00100_MGE-BGE_r1_1.3_1.5_s50_100.fasta	None	Scarabaeidae	BLAST	family	COI-5P	656	1539	Scarabaeidae	BBIOP1942-24_r_1.5_s_100	Anisoplia erichsoni	0	BBIOP1942-24	1.5	100
25	36	data/BGE00100_MGE-BGE_r1_1.3_1.5_s50_100.fasta	None	Scarabaeidae	BLAST	family	COI-5P	575	1353	Carabidae,Staphylinidae,Scarabaeidae,Coccinellidae	BBIOP1943-24_r_1_s_50	Anisoplia erichsoni	0	BBIOP1943-24	1	50
12	12	data/BGE00100_MGE-BGE_r1_1.3_1.5_s50_100.fasta	None	Scarabaeidae	BLAST	family	COI-5P	442	1197	Staphylinidae,Scarabaeidae,Phloeostichidae,Curculionidae,Cylindrotomidae	BBIOP1943-24_r_1_s_100	Anisoplia erichsoni	0	BBIOP1943-24	1	100
0	2	data/BGE00100_MGE-BGE_r1_1.3_1.5_s50_100.fasta	None	Scarabaeidae	BLAST	family	COI-5P	381	1209	Carabidae,Staphylinidae,Scarabaeidae,Coccinellidae	BBIOP1943-24_r_1.3_s_50	Anisoplia erichsoni	0	BBIOP1943-24	1.3	50
0	0	data/BGE00100_MGE-BGE_r1_1.3_1.5_s50_100.fasta	None	Scarabaeidae	BLAST	family	COI-5P	330	1158	Staphylinidae,Scarabaeidae,Phloeostichidae,Curculionidae,Cylindrotomidae	BBIOP1943-24_r_1.3_s_100	Anisoplia erichsoni	0	BBIOP1943-24	1.3	100
0	2	data/BGE00100_MGE-BGE_r1_1.3_1.5_s50_100.fasta	None	Scarabaeidae	BLAST	family	COI-5P	318	1122	Staphylinidae,Scarabaeidae,Phloeostichidae,Curculionidae,Cylindrotomidae	BBIOP1943-24_r_1.5_s_50	Anisoplia erichsoni	0	BBIOP1943-24	1.5	50
0	0	data/BGE00100_MGE-BGE_r1_1.3_1.5_s50_100.fasta	None	Scarabaeidae	BLAST	family	COI-5P	309	1113	Staphylinidae,Scarabaeidae,Phloeostichidae,Curculionidae,Cylindrotomidae	BBIOP1943-24_r_1.5_s_100	Anisoplia erichsoni	0	BBIOP1943-24	1.5	100
0	0	data/BGE00100_MGE-BGE_r1_1.3_1.5_s50_100.fasta	None	Scarabaeidae	BLAST	family	COI-5P	657	1539	Scarabaeidae	BBIOP1944-24_r_1_s_50	Anisoplia lata	0	BBIOP1944-24	1	50
0	0	data/BGE00100_MGE-BGE_r1_1.3_1.5_s50_100.fasta	None	Scarabaeidae	BLAST	family	COI-5P	657	1539	Scarabaeidae	BBIOP1944-24_r_1_s_100	Anisoplia lata	0	BBIOP1944-24	1	100
0	0	data/BGE00100_MGE-BGE_r1_1.3_1.5_s50_100.fasta	None	Scarabaeidae	BLAST	family	COI-5P	657	1539	Scarabaeidae	BBIOP1944-24_r_1.3_s_50	Anisoplia lata	0	BBIOP1944-24	1.3	50
0	0	data/BGE00100_MGE-BGE_r1_1.3_1.5_s50_100.fasta	None	Scarabaeidae	BLAST	family	COI-5P	657	1539	Scarabaeidae	BBIOP1944-24_r_1.3_s_100	Anisoplia lata	0	BBIOP1944-24	1.3	100
0	0	data/BGE00100_MGE-BGE_r1_1.3_1.5_s50_100.fasta	None	Scarabaeidae	BLAST	family	COI-5P	657	1539	Scarabaeidae	BBIOP1944-24_r_1.5_s_50	Anisoplia lata	0	BBIOP1944-24	1.5	50
0	0	data/BGE00100_MGE-BGE_r1_1.3_1.5_s50_100.fasta	None	Scarabaeidae	BLAST	family	COI-5P	657	1539	Scarabaeidae	BBIOP1944-24_r_1.5_s_100	Anisoplia lata	0	BBIOP1944-24	1.5	100
0	0	data/BGE00100_MGE-BGE_r1_1.3_1.5_s50_100.fasta	None	Scarabaeidae	BLAST	family	COI-5P	657	1539	Scarabaeidae	BBIOP1945-24_r_1_s_50	Anisoplia lata	0	BBIOP1945-24	1	50
0	0	data/BGE00100_MGE-BGE_r1_1.3_1.5_s50_100.fasta	None	Scarabaeidae	BLAST	family	COI-5P	657	1539	Scarabaeidae	BBIOP1945-24_r_1_s_100	Anisoplia lata	0	BBIOP1945-24	1	100
0	0	data/BGE00100_MGE-BGE_r1_1.3_1.5_s50_100.fasta	None	Scarabaeidae	BLAST	family	COI-5P	657	1539	Scarabaeidae	BBIOP1945-24_r_1.3_s_50	Anisoplia lata	0	BBIOP1945-24	1.3	50
0	0	data/BGE00100_MGE-BGE_r1_1.3_1.5_s50_100.fasta	None	Scarabaeidae	BLAST	family	COI-5P	657	1539	Scarabaeidae	BBIOP1945-24_r_1.3_s_100	Anisoplia lata	0	BBIOP1945-24	1.3	100
0	0	data/BGE00100_MGE-BGE_r1_1.3_1.5_s50_100.fasta	None	Scarabaeidae	BLAST	family	COI-5P	657	1539	Scarabaeidae	BBIOP1945-24_r_1.5_s_50	Anisoplia lata	0	BBIOP1945-24	1.5	50
0	0	data/BGE00100_MGE-BGE_r1_1.3_1.5_s50_100.fasta	None	Scarabaeidae	BLAST	family	COI-5P	657	1539	Scarabaeidae	BBIOP1945-24_r_1.5_s_100	Anisoplia lata	0	BBIOP1945-24	1.5	100
0	12	data/BGE00100_MGE-BGE_r1_1.3_1.5_s50_100.fasta	None	Scarabaeidae	BLAST	family	COI-5P	608	1341	Scarabaeidae	BBIOP1946-24_r_1_s_50	Anisoplia monticola	0	BBIOP1946-24	1	50
0	6	data/BGE00100_MGE-BGE_r1_1.3_1.5_s50_100.fasta	None	Scarabaeidae	BLAST	family	COI-5P	542	1230	Scarabaeidae,Pieridae	BBIOP1946-24_r_1_s_100	Anisoplia monticola	0	BBIOP1946-24	1	100
0	2	data/BGE00100_MGE-BGE_r1_1.3_1.5_s50_100.fasta	None	Scarabaeidae	BLAST	family	COI-5P	608	1341	Staphylinidae,Hydraenidae,Scarabaeidae	BBIOP1946-24_r_1.3_s_50	Anisoplia monticola	0	BBIOP1946-24	1.3	50
0	0	data/BGE00100_MGE-BGE_r1_1.3_1.5_s50_100.fasta	None	Scarabaeidae	BLAST	family	COI-5P	542	1233	Staphylinidae,Hydraenidae,Scarabaeidae	BBIOP1946-24_r_1.3_s_100	Anisoplia monticola	0	BBIOP1946-24	1.3	100
1	3	data/BGE00100_MGE-BGE_r1_1.3_1.5_s50_100.fasta	None	Scarabaeidae	BLAST	family	COI-5P	584	1317	Staphylinidae,Hydraenidae,Scarabaeidae	BBIOP1946-24_r_1.5_s_50	Anisoplia monticola	0	BBIOP1946-24	1.5	50
0	0	data/BGE00100_MGE-BGE_r1_1.3_1.5_s50_100.fasta	None	Scarabaeidae	BLAST	family	COI-5P	383	1116	Staphylinidae,Hydraenidae,Scarabaeidae	BBIOP1946-24_r_1.5_s_100	Anisoplia monticola	0	BBIOP1946-24	1.5	100
4	14	data/BGE00100_MGE-BGE_r1_1.3_1.5_s50_100.fasta	None	Scarabaeidae	BLAST	family	COI-5P	534	1395	Scarabaeidae	BBIOP1947-24_r_1_s_50	Anisoplia monticola	0	BBIOP1947-24	1	50
31	31	data/BGE00100_MGE-BGE_r1_1.3_1.5_s50_100.fasta	None	Scarabaeidae	BLAST	family	COI-5P	269	915	Scarabaeidae,Curculionidae,Chironomidae,Tabanidae,Nymphalidae,Geometridae	BBIOP1947-24_r_1_s_100	Anisoplia monticola	0	BBIOP1947-24	1	100
0	0	data/BGE00100_MGE-BGE_r1_1.3_1.5_s50_100.fasta	None	Scarabaeidae	BLAST	family	COI-5P	522	1383	Hydraenidae,Scarabaeidae,Geotrupidae	BBIOP1947-24_r_1.3_s_50	Anisoplia monticola	0	BBIOP1947-24	1.3	50
31	31	data/BGE00100_MGE-BGE_r1_1.3_1.5_s50_100.fasta	None	Scarabaeidae	BLAST	family	COI-5P	269	843	Scarabaeidae	BBIOP1947-24_r_1.3_s_100	Anisoplia monticola	0	BBIOP1947-24	1.3	100
0	0	data/BGE00100_MGE-BGE_r1_1.3_1.5_s50_100.fasta	None	Scarabaeidae	BLAST	family	COI-5P	486	1266	Scarabaeidae,Culicidae	BBIOP1947-24_r_1.5_s_50	Anisoplia monticola	0	BBIOP1947-24	1.5	50
5	5	data/BGE00100_MGE-BGE_r1_1.3_1.5_s50_100.fasta	None	Scarabaeidae	BLAST	family	COI-5P	269	747	Carabidae,Staphylinidae,Chrysomelidae,Agromyzidae,Tabanidae,Gracillariidae,Calamoceratidae,Uenoidae	BBIOP1947-24_r_1.5_s_100	Anisoplia monticola	0	BBIOP1947-24	1.5	100
0	0	data/BGE00100_MGE-BGE_r1_1.3_1.5_s50_100.fasta	None	Scarabaeidae	BLAST	family	COI-5P	656	1539	Scarabaeidae	BBIOP1948-24_r_1_s_50	Anisoplia pubipennis	0	BBIOP1948-24	1	50
0	0	data/BGE00100_MGE-BGE_r1_1.3_1.5_s50_100.fasta	None	Scarabaeidae	BLAST	family	COI-5P	656	1539	Scarabaeidae	BBIOP1948-24_r_1_s_100	Anisoplia pubipennis	0	BBIOP1948-24	1	100
0	0	data/BGE00100_MGE-BGE_r1_1.3_1.5_s50_100.fasta	None	Scarabaeidae	BLAST	family	COI-5P	656	1539	Scarabaeidae	BBIOP1948-24_r_1.3_s_50	Anisoplia pubipennis	0	BBIOP1948-24	1.3	50
0	0	data/BGE00100_MGE-BGE_r1_1.3_1.5_s50_100.fasta	None	Scarabaeidae	BLAST	family	COI-5P	656	1539	Scarabaeidae	BBIOP1948-24_r_1.3_s_100	Anisoplia pubipennis	0	BBIOP1948-24	1.3	100
0	0	data/BGE00100_MGE-BGE_r1_1.3_1.5_s50_100.fasta	None	Scarabaeidae	BLAST	family	COI-5P	656	1539	Scarabaeidae	BBIOP1948-24_r_1.5_s_50	Anisoplia pubipennis	0	BBIOP1948-24	1.5	50
0	0	data/BGE00100_MGE-BGE_r1_1.3_1.5_s50_100.fasta	None	Scarabaeidae	BLAST	family	COI-5P	656	1539	Scarabaeidae	BBIOP1948-24_r_1.5_s_100	Anisoplia pubipennis	0	BBIOP1948-24	1.5	100
0	0	data/BGE00100_MGE-BGE_r1_1.3_1.5_s50_100.fasta	None	Scarabaeidae	BLAST	family	COI-5P	656	1539	Scarabaeidae	BBIOP1949-24_r_1_s_50	Anisoplia pubipennis	0	BBIOP1949-24	1	50
0	0	data/BGE00100_MGE-BGE_r1_1.3_1.5_s50_100.fasta	None	Scarabaeidae	BLAST	family	COI-5P	656	1539	Scarabaeidae	BBIOP1949-24_r_1_s_100	Anisoplia pubipennis	0	BBIOP1949-24	1	100
0	0	data/BGE00100_MGE-BGE_r1_1.3_1.5_s50_100.fasta	None	Scarabaeidae	BLAST	family	COI-5P	656	1539	Scarabaeidae	BBIOP1949-24_r_1.3_s_50	Anisoplia pubipennis	0	BBIOP1949-24	1.3	50
0	0	data/BGE00100_MGE-BGE_r1_1.3_1.5_s50_100.fasta	None	Scarabaeidae	BLAST	family	COI-5P	656	1539	Scarabaeidae	BBIOP1949-24_r_1.3_s_100	Anisoplia pubipennis	0	BBIOP1949-24	1.3	100
0	0	data/BGE00100_MGE-BGE_r1_1.3_1.5_s50_100.fasta	None	Scarabaeidae	BLAST	family	COI-5P	656	1539	Scarabaeidae	BBIOP1949-24_r_1.5_s_50	Anisoplia pubipennis	0	BBIOP1949-24	1.5	50
0	0	data/BGE00100_MGE-BGE_r1_1.3_1.5_s50_100.fasta	None	Scarabaeidae	BLAST	family	COI-5P	656	1539	Scarabaeidae	BBIOP1949-24_r_1.5_s_100	Anisoplia pubipennis	0	BBIOP1949-24	1.5	100
2	2	data/BGE00100_MGE-BGE_r1_1.3_1.5_s50_100.fasta	None	Scarabaeidae	BLAST	family	COI-5P	657	1539	Leiodidae,Scarabaeidae,Drosophilidae	BBIOP1950-24_r_1_s_50	Anisoplia tenebralis	0	BBIOP1950-24	1	50
0	2	data/BGE00100_MGE-BGE_r1_1.3_1.5_s50_100.fasta	None	Scarabaeidae	BLAST	family	COI-5P	654	1536	Staphylinidae,Silphidae,Scarabaeidae,Culicidae,Psychodidae,Drosophilidae	BBIOP1950-24_r_1_s_100	Anisoplia tenebralis	0	BBIOP1950-24	1	100
0	0	data/BGE00100_MGE-BGE_r1_1.3_1.5_s50_100.fasta	None	Scarabaeidae	BLAST	family	COI-5P	657	1539	Scarabaeidae	BBIOP1950-24_r_1.3_s_50	Anisoplia tenebralis	0	BBIOP1950-24	1.3	50
0	1	data/BGE00100_MGE-BGE_r1_1.3_1.5_s50_100.fasta	None	Scarabaeidae	BLAST	family	COI-5P	648	1530	Scarabaeidae	BBIOP1950-24_r_1.3_s_100	Anisoplia tenebralis	0	BBIOP1950-24	1.3	100
0	0	data/BGE00100_MGE-BGE_r1_1.3_1.5_s50_100.fasta	None	Scarabaeidae	BLAST	family	COI-5P	657	1539	Scarabaeidae	BBIOP1950-24_r_1.5_s_50	Anisoplia tenebralis	0	BBIOP1950-24	1.5	50
0	1	data/BGE00100_MGE-BGE_r1_1.3_1.5_s50_100.fasta	None	Scarabaeidae	BLAST	family	COI-5P	648	1530	Scarabaeidae	BBIOP1950-24_r_1.5_s_100	Anisoplia tenebralis	0	BBIOP1950-24	1.5	100
3	12	data/BGE00100_MGE-BGE_r1_1.3_1.5_s50_100.fasta	None	Scarabaeidae	BLAST	family	COI-5P	657	1533	Scarabaeidae	BBIOP1951-24_r_1_s_50	Anisoplia tenebralis	0	BBIOP1951-24	1	50
22	33	data/BGE00100_MGE-BGE_r1_1.3_1.5_s50_100.fasta	None	Scarabaeidae	BLAST	family	COI-5P	654	1506	Histeridae,Scarabaeidae	BBIOP1951-24_r_1_s_100	Anisoplia tenebralis	0	BBIOP1951-24	1	100
0	0	data/BGE00100_MGE-BGE_r1_1.3_1.5_s50_100.fasta	None	Scarabaeidae	BLAST	family	COI-5P	657	1533	Scarabaeidae	BBIOP1951-24_r_1.3_s_50	Anisoplia tenebralis	0	BBIOP1951-24	1.3	50
2	2	data/BGE00100_MGE-BGE_r1_1.3_1.5_s50_100.fasta	None	Scarabaeidae	BLAST	family	COI-5P	654	1506	Scarabaeidae	BBIOP1951-24_r_1.3_s_100	Anisoplia tenebralis	0	BBIOP1951-24	1.3	100
1	1	data/BGE00100_MGE-BGE_r1_1.3_1.5_s50_100.fasta	None	Scarabaeidae	BLAST	family	COI-5P	657	1527	Scarabaeidae	BBIOP1951-24_r_1.5_s_50	Anisoplia tenebralis	0	BBIOP1951-24	1.5	50
2	2	data/BGE00100_MGE-BGE_r1_1.3_1.5_s50_100.fasta	None	Scarabaeidae	BLAST	family	COI-5P	654	1488	Scarabaeidae	BBIOP1951-24_r_1.5_s_100	Anisoplia tenebralis	0	BBIOP1951-24	1.5	100
0	0	data/BGE00100_MGE-BGE_r1_1.3_1.5_s50_100.fasta	None	Scarabaeidae	BLAST	family	COI-5P	657	1539	Scarabaeidae	BBIOP1952-24_r_1_s_50	Anisoplia thessalica	0	BBIOP1952-24	1	50
0	0	data/BGE00100_MGE-BGE_r1_1.3_1.5_s50_100.fasta	None	Scarabaeidae	BLAST	family	COI-5P	657	1539	Scarabaeidae	BBIOP1952-24_r_1_s_100	Anisoplia thessalica	0	BBIOP1952-24	1	100
0	0	data/BGE00100_MGE-BGE_r1_1.3_1.5_s50_100.fasta	None	Scarabaeidae	BLAST	family	COI-5P	657	1539	Scarabaeidae	BBIOP1952-24_r_1.3_s_50	Anisoplia thessalica	0	BBIOP1952-24	1.3	50
0	0	data/BGE00100_MGE-BGE_r1_1.3_1.5_s50_100.fasta	None	Scarabaeidae	BLAST	family	COI-5P	657	1539	Scarabaeidae	BBIOP1952-24_r_1.3_s_100	Anisoplia thessalica	0	BBIOP1952-24	1.3	100
0	0	data/BGE00100_MGE-BGE_r1_1.3_1.5_s50_100.fasta	None	Scarabaeidae	BLAST	family	COI-5P	657	1539	Scarabaeidae	BBIOP1952-24_r_1.5_s_50	Anisoplia thessalica	0	BBIOP1952-24	1.5	50
0	0	data/BGE00100_MGE-BGE_r1_1.3_1.5_s50_100.fasta	None	Scarabaeidae	BLAST	family	COI-5P	657	1539	Scarabaeidae	BBIOP1952-24_r_1.5_s_100	Anisoplia thessalica	0	BBIOP1952-24	1.5	100
1	1	data/BGE00100_MGE-BGE_r1_1.3_1.5_s50_100.fasta	None	Scarabaeidae	BLAST	family	COI-5P	656	1539	Scarabaeidae	BBIOP1953-24_r_1_s_50	Anomala ausonia	0	BBIOP1953-24	1	50
0	0	data/BGE00100_MGE-BGE_r1_1.3_1.5_s50_100.fasta	None	Scarabaeidae	BLAST	family	COI-5P	653	1503	Scarabaeidae	BBIOP1953-24_r_1_s_100	Anomala ausonia	0	BBIOP1953-24	1	100
0	0	data/BGE00100_MGE-BGE_r1_1.3_1.5_s50_100.fasta	None	Scarabaeidae	BLAST	family	COI-5P	656	1539	Scarabaeidae	BBIOP1953-24_r_1.3_s_50	Anomala ausonia	0	BBIOP1953-24	1.3	50
0	0	data/BGE00100_MGE-BGE_r1_1.3_1.5_s50_100.fasta	None	Scarabaeidae	BLAST	family	COI-5P	653	1503	Scarabaeidae	BBIOP1953-24_r_1.3_s_100	Anomala ausonia	0	BBIOP1953-24	1.3	100
0	0	data/BGE00100_MGE-BGE_r1_1.3_1.5_s50_100.fasta	None	Scarabaeidae	BLAST	family	COI-5P	656	1539	Scarabaeidae	BBIOP1953-24_r_1.5_s_50	Anomala ausonia	0	BBIOP1953-24	1.5	50
0	0	data/BGE00100_MGE-BGE_r1_1.3_1.5_s50_100.fasta	None	Scarabaeidae	BLAST	family	COI-5P	653	1503	Scarabaeidae	BBIOP1953-24_r_1.5_s_100	Anomala ausonia	0	BBIOP1953-24	1.5	100
0	0	data/BGE00100_MGE-BGE_r1_1.3_1.5_s50_100.fasta	None	Scarabaeidae	BLAST	family	COI-5P	656	1539	Scarabaeidae	BBIOP1954-24_r_1_s_50	Anomala ausonia	0	BBIOP1954-24	1	50
0	0	data/BGE00100_MGE-BGE_r1_1.3_1.5_s50_100.fasta	None	Scarabaeidae	BLAST	family	COI-5P	656	1533	Scarabaeidae	BBIOP1954-24_r_1_s_100	Anomala ausonia	0	BBIOP1954-24	1	100
0	0	data/BGE00100_MGE-BGE_r1_1.3_1.5_s50_100.fasta	None	Scarabaeidae	BLAST	family	COI-5P	656	1539	Scarabaeidae	BBIOP1954-24_r_1.3_s_50	Anomala ausonia	0	BBIOP1954-24	1.3	50
0	0	data/BGE00100_MGE-BGE_r1_1.3_1.5_s50_100.fasta	None	Scarabaeidae	BLAST	family	COI-5P	656	1533	Scarabaeidae	BBIOP1954-24_r_1.3_s_100	Anomala ausonia	0	BBIOP1954-24	1.3	100
0	0	data/BGE00100_MGE-BGE_r1_1.3_1.5_s50_100.fasta	None	Scarabaeidae	BLAST	family	COI-5P	656	1539	Scarabaeidae	BBIOP1954-24_r_1.5_s_50	Anomala ausonia	0	BBIOP1954-24	1.5	50
0	0	data/BGE00100_MGE-BGE_r1_1.3_1.5_s50_100.fasta	None	Scarabaeidae	BLAST	family	COI-5P	656	1533	Scarabaeidae	BBIOP1954-24_r_1.5_s_100	Anomala ausonia	0	BBIOP1954-24	1.5	100
32	85	data/BGE00100_MGE-BGE_r1_1.3_1.5_s50_100.fasta	None	Scarabaeidae	BLAST	family	COI-5P	656	1539	Tettigoniidae,Reduviidae,Ninidae,Tephritidae,Vespidae	BBIOP1955-24_r_1_s_50	Anomala ausonia	0	BBIOP1955-24	1	50
12	23	data/BGE00100_MGE-BGE_r1_1.3_1.5_s50_100.fasta	None	Scarabaeidae	BLAST	family	COI-5P	656	1467	Tettigoniidae,Acrididae,Reduviidae,Ninidae,Curculionidae,Ulidiidae,Vespidae,Tetracampidae	BBIOP1955-24_r_1_s_100	Anomala ausonia	0	BBIOP1955-24	1	100
10	37	data/BGE00100_MGE-BGE_r1_1.3_1.5_s50_100.fasta	None	Scarabaeidae	BLAST	family	COI-5P	656	1518	Scarabaeidae,Sarcophagidae	BBIOP1955-24_r_1.3_s_50	Anomala ausonia	0	BBIOP1955-24	1.3	50
3	9	data/BGE00100_MGE-BGE_r1_1.3_1.5_s50_100.fasta	None	Scarabaeidae	BLAST	family	COI-5P	545	1356	Tettigoniidae,Reduviidae,Ulidiidae,Vespidae	BBIOP1955-24_r_1.3_s_100	Anomala ausonia	0	BBIOP1955-24	1.3	100
3	17	data/BGE00100_MGE-BGE_r1_1.3_1.5_s50_100.fasta	None	Scarabaeidae	BLAST	family	COI-5P	629	1467	Staphylinidae,Scarabaeidae,Hybosoridae,Drosophilidae	BBIOP1955-24_r_1.5_s_50	Anomala ausonia	0	BBIOP1955-24	1.5	50
1	3	data/BGE00100_MGE-BGE_r1_1.3_1.5_s50_100.fasta	None	Scarabaeidae	BLAST	family	COI-5P	545	1308	Tettigoniidae,Reduviidae,Ulidiidae,Vespidae	BBIOP1955-24_r_1.5_s_100	Anomala ausonia	0	BBIOP1955-24	1.5	100
19	40	data/BGE00100_MGE-BGE_r1_1.3_1.5_s50_100.fasta	None	Scarabaeidae	BLAST	family	COI-5P	602	1431	Reduviidae	BBIOP1956-24_r_1_s_50	Anomala devota	0	BBIOP1956-24	1	50
0	29	data/BGE00100_MGE-BGE_r1_1.3_1.5_s50_100.fasta	None	Scarabaeidae	BLAST	family	COI-5P	454	1119	Reduviidae	BBIOP1956-24_r_1_s_100	Anomala devota	0	BBIOP1956-24	1	100
2	22	data/BGE00100_MGE-BGE_r1_1.3_1.5_s50_100.fasta	None	Scarabaeidae	BLAST	family	COI-5P	563	1365	Reduviidae	BBIOP1956-24_r_1.3_s_50	Anomala devota	0	BBIOP1956-24	1.3	50
0	12	data/BGE00100_MGE-BGE_r1_1.3_1.5_s50_100.fasta	None	Scarabaeidae	BLAST	family	COI-5P	278	927	Reduviidae	BBIOP1956-24_r_1.3_s_100	Anomala devota	0	BBIOP1956-24	1.3	100
1	10	data/BGE00100_MGE-BGE_r1_1.3_1.5_s50_100.fasta	None	Scarabaeidae	BLAST	family	COI-5P	557	1350	Scarabaeidae	BBIOP1956-24_r_1.5_s_50	Anomala devota	0	BBIOP1956-24	1.5	50
0	0	data/BGE00100_MGE-BGE_r1_1.3_1.5_s50_100.fasta	None	Scarabaeidae	BLAST	family	COI-5P	211	765	Reduviidae	BBIOP1956-24_r_1.5_s_100	Anomala devota	0	BBIOP1956-24	1.5	100
0	11	data/BGE00100_MGE-BGE_r1_1.3_1.5_s50_100.fasta	None	Scarabaeidae	BLAST	family	COI-5P	596	1341	Tenebrionidae,Zopheridae	BBIOP1957-24_r_1_s_50	Anomala devota	0	BBIOP1957-24	1	50
0	14	data/BGE00100_MGE-BGE_r1_1.3_1.5_s50_100.fasta	None	Scarabaeidae	BLAST	family	COI-5P	291	1086	Miridae	BBIOP1957-24_r_1_s_100	Anomala devota	0	BBIOP1957-24	1	100
1	6	data/BGE00100_MGE-BGE_r1_1.3_1.5_s50_100.fasta	None	Scarabaeidae	BLAST	family	COI-5P	515	1011	Tenebrionidae,Zopheridae	BBIOP1957-24_r_1.3_s_50	Anomala devota	0	BBIOP1957-24	1.3	50
0	0	data/BGE00100_MGE-BGE_r1_1.3_1.5_s50_100.fasta	None	Scarabaeidae	BLAST	family	COI-5P	285	684	Miridae	BBIOP1957-24_r_1.3_s_100	Anomala devota	0	BBIOP1957-24	1.3	100
0	5	data/BGE00100_MGE-BGE_r1_1.3_1.5_s50_100.fasta	None	Scarabaeidae	BLAST	family	COI-5P	569	807	Tenebrionidae,Zopheridae	BBIOP1957-24_r_1.5_s_50	Anomala devota	0	BBIOP1957-24	1.5	50
0	0	data/BGE00100_MGE-BGE_r1_1.3_1.5_s50_100.fasta	None	Scarabaeidae	BLAST	family	COI-5P	330	480	Miridae	BBIOP1957-24_r_1.5_s_100	Anomala devota	1	BBIOP1957-24	1.5	100
0	0	data/BGE00100_MGE-BGE_r1_1.3_1.5_s50_100.fasta	None	Scarabaeidae	BLAST	family	COI-5P	657	1539	Scarabaeidae	BBIOP1958-24_r_1_s_50	Anomala errans	0	BBIOP1958-24	1	50
0	0	data/BGE00100_MGE-BGE_r1_1.3_1.5_s50_100.fasta	None	Scarabaeidae	BLAST	family	COI-5P	657	1539	Scarabaeidae	BBIOP1958-24_r_1_s_100	Anomala errans	0	BBIOP1958-24	1	100
0	0	data/BGE00100_MGE-BGE_r1_1.3_1.5_s50_100.fasta	None	Scarabaeidae	BLAST	family	COI-5P	657	1539	Scarabaeidae	BBIOP1958-24_r_1.3_s_50	Anomala errans	0	BBIOP1958-24	1.3	50
0	0	data/BGE00100_MGE-BGE_r1_1.3_1.5_s50_100.fasta	None	Scarabaeidae	BLAST	family	COI-5P	657	1539	Scarabaeidae	BBIOP1958-24_r_1.3_s_100	Anomala errans	0	BBIOP1958-24	1.3	100
0	0	data/BGE00100_MGE-BGE_r1_1.3_1.5_s50_100.fasta	None	Scarabaeidae	BLAST	family	COI-5P	657	1539	Scarabaeidae	BBIOP1958-24_r_1.5_s_50	Anomala errans	0	BBIOP1958-24	1.5	50
0	0	data/BGE00100_MGE-BGE_r1_1.3_1.5_s50_100.fasta	None	Scarabaeidae	BLAST	family	COI-5P	657	1539	Scarabaeidae	BBIOP1958-24_r_1.5_s_100	Anomala errans	0	BBIOP1958-24	1.5	100
0	0	data/BGE00100_MGE-BGE_r1_1.3_1.5_s50_100.fasta	None	Scarabaeidae	BLAST	family	COI-5P	657	1539	Scarabaeidae	BBIOP1959-24_r_1_s_50	Anomala errans	0	BBIOP1959-24	1	50
0	0	data/BGE00100_MGE-BGE_r1_1.3_1.5_s50_100.fasta	None	Scarabaeidae	BLAST	family	COI-5P	657	1539	Scarabaeidae	BBIOP1959-24_r_1_s_100	Anomala errans	0	BBIOP1959-24	1	100
0	0	data/BGE00100_MGE-BGE_r1_1.3_1.5_s50_100.fasta	None	Scarabaeidae	BLAST	family	COI-5P	657	1539	Scarabaeidae	BBIOP1959-24_r_1.3_s_50	Anomala errans	0	BBIOP1959-24	1.3	50
0	0	data/BGE00100_MGE-BGE_r1_1.3_1.5_s50_100.fasta	None	Scarabaeidae	BLAST	family	COI-5P	657	1539	Scarabaeidae	BBIOP1959-24_r_1.3_s_100	Anomala errans	0	BBIOP1959-24	1.3	100
0	0	data/BGE00100_MGE-BGE_r1_1.3_1.5_s50_100.fasta	None	Scarabaeidae	BLAST	family	COI-5P	657	1539	Scarabaeidae	BBIOP1959-24_r_1.5_s_50	Anomala errans	0	BBIOP1959-24	1.5	50
0	0	data/BGE00100_MGE-BGE_r1_1.3_1.5_s50_100.fasta	None	Scarabaeidae	BLAST	family	COI-5P	657	1539	Scarabaeidae	BBIOP1959-24_r_1.5_s_100	Anomala errans	0	BBIOP1959-24	1.5	100
0	0	data/BGE00100_MGE-BGE_r1_1.3_1.5_s50_100.fasta	None	Scarabaeidae	BLAST	family	COI-5P	657	1539	Scarabaeidae	BBIOP1960-24_r_1_s_50	Anomala osmanlis	0	BBIOP1960-24	1	50
0	0	data/BGE00100_MGE-BGE_r1_1.3_1.5_s50_100.fasta	None	Scarabaeidae	BLAST	family	COI-5P	657	1539	Scarabaeidae	BBIOP1960-24_r_1_s_100	Anomala osmanlis	0	BBIOP1960-24	1	100
0	0	data/BGE00100_MGE-BGE_r1_1.3_1.5_s50_100.fasta	None	Scarabaeidae	BLAST	family	COI-5P	657	1539	Scarabaeidae	BBIOP1960-24_r_1.3_s_50	Anomala osmanlis	0	BBIOP1960-24	1.3	50
0	0	data/BGE00100_MGE-BGE_r1_1.3_1.5_s50_100.fasta	None	Scarabaeidae	BLAST	family	COI-5P	657	1539	Scarabaeidae	BBIOP1960-24_r_1.3_s_100	Anomala osmanlis	0	BBIOP1960-24	1.3	100
0	0	data/BGE00100_MGE-BGE_r1_1.3_1.5_s50_100.fasta	None	Scarabaeidae	BLAST	family	COI-5P	657	1539	Scarabaeidae	BBIOP1960-24_r_1.5_s_50	Anomala osmanlis	0	BBIOP1960-24	1.5	50
0	0	data/BGE00100_MGE-BGE_r1_1.3_1.5_s50_100.fasta	None	Scarabaeidae	BLAST	family	COI-5P	657	1539	Scarabaeidae	BBIOP1960-24_r_1.5_s_100	Anomala osmanlis	0	BBIOP1960-24	1.5	100
6	6	data/BGE00100_MGE-BGE_r1_1.3_1.5_s50_100.fasta	None	Scarabaeidae	BLAST	family	COI-5P	656	1539	Scarabaeidae	BBIOP1961-24_r_1_s_50	Anomala osmanlis	0	BBIOP1961-24	1	50
23	23	data/BGE00100_MGE-BGE_r1_1.3_1.5_s50_100.fasta	None	Scarabaeidae	BLAST	family	COI-5P	657	1539	Staphylinidae,Scarabaeidae,Calliphoridae	BBIOP1961-24_r_1_s_100	Anomala osmanlis	0	BBIOP1961-24	1	100
0	0	data/BGE00100_MGE-BGE_r1_1.3_1.5_s50_100.fasta	None	Scarabaeidae	BLAST	family	COI-5P	656	1539	Scarabaeidae	BBIOP1961-24_r_1.3_s_50	Anomala osmanlis	0	BBIOP1961-24	1.3	50
0	0	data/BGE00100_MGE-BGE_r1_1.3_1.5_s50_100.fasta	None	Scarabaeidae	BLAST	family	COI-5P	657	1539	Scarabaeidae	BBIOP1961-24_r_1.3_s_100	Anomala osmanlis	0	BBIOP1961-24	1.3	100
0	0	data/BGE00100_MGE-BGE_r1_1.3_1.5_s50_100.fasta	None	Scarabaeidae	BLAST	family	COI-5P	656	1539	Scarabaeidae	BBIOP1961-24_r_1.5_s_50	Anomala osmanlis	0	BBIOP1961-24	1.5	50
0	0	data/BGE00100_MGE-BGE_r1_1.3_1.5_s50_100.fasta	None	Scarabaeidae	BLAST	family	COI-5P	657	1539	Scarabaeidae	BBIOP1961-24_r_1.5_s_100	Anomala osmanlis	0	BBIOP1961-24	1.5	100
0	0	data/BGE00100_MGE-BGE_r1_1.3_1.5_s50_100.fasta	None	Scarabaeidae	BLAST	family	COI-5P	657	1539	Scarabaeidae	BBIOP1962-24_r_1_s_50	Anomala solida	0	BBIOP1962-24	1	50
0	0	data/BGE00100_MGE-BGE_r1_1.3_1.5_s50_100.fasta	None	Scarabaeidae	BLAST	family	COI-5P	657	1539	Scarabaeidae	BBIOP1962-24_r_1_s_100	Anomala solida	0	BBIOP1962-24	1	100
0	0	data/BGE00100_MGE-BGE_r1_1.3_1.5_s50_100.fasta	None	Scarabaeidae	BLAST	family	COI-5P	657	1539	Scarabaeidae	BBIOP1962-24_r_1.3_s_50	Anomala solida	0	BBIOP1962-24	1.3	50
0	0	data/BGE00100_MGE-BGE_r1_1.3_1.5_s50_100.fasta	None	Scarabaeidae	BLAST	family	COI-5P	657	1539	Scarabaeidae	BBIOP1962-24_r_1.3_s_100	Anomala solida	0	BBIOP1962-24	1.3	100
0	0	data/BGE00100_MGE-BGE_r1_1.3_1.5_s50_100.fasta	None	Scarabaeidae	BLAST	family	COI-5P	657	1539	Scarabaeidae	BBIOP1962-24_r_1.5_s_50	Anomala solida	0	BBIOP1962-24	1.5	50
0	0	data/BGE00100_MGE-BGE_r1_1.3_1.5_s50_100.fasta	None	Scarabaeidae	BLAST	family	COI-5P	657	1539	Scarabaeidae	BBIOP1962-24_r_1.5_s_100	Anomala solida	0	BBIOP1962-24	1.5	100
0	0	data/BGE00100_MGE-BGE_r1_1.3_1.5_s50_100.fasta	None	Scarabaeidae	BLAST	family	COI-5P	657	1539	Scarabaeidae	BBIOP1963-24_r_1_s_50	Anomala solida	0	BBIOP1963-24	1	50
0	0	data/BGE00100_MGE-BGE_r1_1.3_1.5_s50_100.fasta	None	Scarabaeidae	BLAST	family	COI-5P	657	1539	Scarabaeidae	BBIOP1963-24_r_1_s_100	Anomala solida	0	BBIOP1963-24	1	100
0	0	data/BGE00100_MGE-BGE_r1_1.3_1.5_s50_100.fasta	None	Scarabaeidae	BLAST	family	COI-5P	657	1539	Scarabaeidae	BBIOP1963-24_r_1.3_s_50	Anomala solida	0	BBIOP1963-24	1.3	50
0	0	data/BGE00100_MGE-BGE_r1_1.3_1.5_s50_100.fasta	None	Scarabaeidae	BLAST	family	COI-5P	657	1539	Scarabaeidae	BBIOP1963-24_r_1.3_s_100	Anomala solida	0	BBIOP1963-24	1.3	100
0	0	data/BGE00100_MGE-BGE_r1_1.3_1.5_s50_100.fasta	None	Scarabaeidae	BLAST	family	COI-5P	657	1539	Scarabaeidae	BBIOP1963-24_r_1.5_s_50	Anomala solida	0	BBIOP1963-24	1.5	50
0	0	data/BGE00100_MGE-BGE_r1_1.3_1.5_s50_100.fasta	None	Scarabaeidae	BLAST	family	COI-5P	657	1539	Scarabaeidae	BBIOP1963-24_r_1.5_s_100	Anomala solida	0	BBIOP1963-24	1.5	100
0	0	data/BGE00100_MGE-BGE_r1_1.3_1.5_s50_100.fasta	None	Scarabaeidae	BLAST	family	COI-5P	657	1539	Scarabaeidae	BBIOP1964-24_r_1_s_50	Anomala solida	0	BBIOP1964-24	1	50
0	0	data/BGE00100_MGE-BGE_r1_1.3_1.5_s50_100.fasta	None	Scarabaeidae	BLAST	family	COI-5P	657	1539	Scarabaeidae	BBIOP1964-24_r_1_s_100	Anomala solida	0	BBIOP1964-24	1	100
0	0	data/BGE00100_MGE-BGE_r1_1.3_1.5_s50_100.fasta	None	Scarabaeidae	BLAST	family	COI-5P	657	1539	Scarabaeidae	BBIOP1964-24_r_1.3_s_50	Anomala solida	0	BBIOP1964-24	1.3	50
0	0	data/BGE00100_MGE-BGE_r1_1.3_1.5_s50_100.fasta	None	Scarabaeidae	BLAST	family	COI-5P	657	1539	Scarabaeidae	BBIOP1964-24_r_1.3_s_100	Anomala solida	0	BBIOP1964-24	1.3	100
0	0	data/BGE00100_MGE-BGE_r1_1.3_1.5_s50_100.fasta	None	Scarabaeidae	BLAST	family	COI-5P	657	1539	Scarabaeidae	BBIOP1964-24_r_1.5_s_50	Anomala solida	0	BBIOP1964-24	1.5	50
0	0	data/BGE00100_MGE-BGE_r1_1.3_1.5_s50_100.fasta	None	Scarabaeidae	BLAST	family	COI-5P	657	1539	Scarabaeidae	BBIOP1964-24_r_1.5_s_100	Anomala solida	0	BBIOP1964-24	1.5	100
4	6	data/BGE00100_MGE-BGE_r1_1.3_1.5_s50_100.fasta	None	Scarabaeidae	BLAST	family	COI-5P	656	1539	Scarabaeidae	BBIOP1965-24_r_1_s_50	Anomala vitis	0	BBIOP1965-24	1	50
0	2	data/BGE00100_MGE-BGE_r1_1.3_1.5_s50_100.fasta	None	Scarabaeidae	BLAST	family	COI-5P	656	1500	Scarabaeidae	BBIOP1965-24_r_1_s_100	Anomala vitis	0	BBIOP1965-24	1	100
1	3	data/BGE00100_MGE-BGE_r1_1.3_1.5_s50_100.fasta	None	Scarabaeidae	BLAST	family	COI-5P	656	1539	Scarabaeidae	BBIOP1965-24_r_1.3_s_50	Anomala vitis	0	BBIOP1965-24	1.3	50
0	3	data/BGE00100_MGE-BGE_r1_1.3_1.5_s50_100.fasta	None	Scarabaeidae	BLAST	family	COI-5P	656	1500	Scarabaeidae	BBIOP1965-24_r_1.3_s_100	Anomala vitis	0	BBIOP1965-24	1.3	100
1	1	data/BGE00100_MGE-BGE_r1_1.3_1.5_s50_100.fasta	None	Scarabaeidae	BLAST	family	COI-5P	656	1539	Scarabaeidae	BBIOP1965-24_r_1.5_s_50	Anomala vitis	0	BBIOP1965-24	1.5	50
0	3	data/BGE00100_MGE-BGE_r1_1.3_1.5_s50_100.fasta	None	Scarabaeidae	BLAST	family	COI-5P	656	1500	Scarabaeidae	BBIOP1965-24_r_1.5_s_100	Anomala vitis	0	BBIOP1965-24	1.5	100
0	0	data/BGE00100_MGE-BGE_r1_1.3_1.5_s50_100.fasta	None	Scarabaeidae	BLAST	family	COI-5P	379	1095	Scarabaeidae,Geotrupidae	BBIOP1966-24_r_1_s_50	Anomala vitis	0	BBIOP1966-24	1	50
0	0	data/BGE00100_MGE-BGE_r1_1.3_1.5_s50_100.fasta	None	Scarabaeidae	BLAST	family	COI-5P	131	288	Scarabaeidae	BBIOP1966-24_r_1_s_100	Anomala vitis	1	BBIOP1966-24	1	100
0	0	data/BGE00100_MGE-BGE_r1_1.3_1.5_s50_100.fasta	None	Scarabaeidae	BLAST	family	COI-5P	363	1056	Scarabaeidae,Geotrupidae	BBIOP1966-24_r_1.3_s_50	Anomala vitis	0	BBIOP1966-24	1.3	50
0	0	data/BGE00100_MGE-BGE_r1_1.3_1.5_s50_100.fasta	None	Scarabaeidae	BLAST	family	COI-5P	131	288	Scarabaeidae	BBIOP1966-24_r_1.3_s_100	Anomala vitis	1	BBIOP1966-24	1.3	100
0	0	data/BGE00100_MGE-BGE_r1_1.3_1.5_s50_100.fasta	None	Scarabaeidae	BLAST	family	COI-5P	353	1047	Scarabaeidae,Geotrupidae	BBIOP1966-24_r_1.5_s_50	Anomala vitis	0	BBIOP1966-24	1.5	50
0	0	data/BGE00100_MGE-BGE_r1_1.3_1.5_s50_100.fasta	None	Scarabaeidae	BLAST	family	COI-5P	131	288	Scarabaeidae	BBIOP1966-24_r_1.5_s_100	Anomala vitis	1	BBIOP1966-24	1.5	100
2	6	data/BGE00100_MGE-BGE_r1_1.3_1.5_s50_100.fasta	None	Scarabaeidae	BLAST	family	COI-5P	656	1539	Scarabaeidae	BBIOP1967-24_r_1_s_50	Anomala vitis	0	BBIOP1967-24	1	50
6	6	data/BGE00100_MGE-BGE_r1_1.3_1.5_s50_100.fasta	None	Scarabaeidae	BLAST	family	COI-5P	656	1539	Scarabaeidae	BBIOP1967-24_r_1_s_100	Anomala vitis	0	BBIOP1967-24	1	100
2	2	data/BGE00100_MGE-BGE_r1_1.3_1.5_s50_100.fasta	None	Scarabaeidae	BLAST	family	COI-5P	657	1539	Scarabaeidae	BBIOP1967-24_r_1.3_s_50	Anomala vitis	0	BBIOP1967-24	1.3	50
1	1	data/BGE00100_MGE-BGE_r1_1.3_1.5_s50_100.fasta	None	Scarabaeidae	BLAST	family	COI-5P	656	1539	Scarabaeidae	BBIOP1967-24_r_1.3_s_100	Anomala vitis	0	BBIOP1967-24	1.3	100
2	2	data/BGE00100_MGE-BGE_r1_1.3_1.5_s50_100.fasta	None	Scarabaeidae	BLAST	family	COI-5P	657	1539	Scarabaeidae	BBIOP1967-24_r_1.5_s_50	Anomala vitis	0	BBIOP1967-24	1.5	50
1	1	data/BGE00100_MGE-BGE_r1_1.3_1.5_s50_100.fasta	None	Scarabaeidae	BLAST	family	COI-5P	656	1539	Scarabaeidae	BBIOP1967-24_r_1.5_s_100	Anomala vitis	0	BBIOP1967-24	1.5	100
0	5	data/BGE00100_MGE-BGE_r1_1.3_1.5_s50_100.fasta	None	Scarabaeidae	BLAST	family	COI-5P	657	1539	Scarabaeidae	BBIOP1968-24_r_1_s_50	Anthoplia floricola	0	BBIOP1968-24	1	50
0	5	data/BGE00100_MGE-BGE_r1_1.3_1.5_s50_100.fasta	None	Scarabaeidae	BLAST	family	COI-5P	657	1539	Scarabaeidae,Dolichopodidae,Syrphidae,Drosophilidae	BBIOP1968-24_r_1_s_100	Anthoplia floricola	0	BBIOP1968-24	1	100
0	0	data/BGE00100_MGE-BGE_r1_1.3_1.5_s50_100.fasta	None	Scarabaeidae	BLAST	family	COI-5P	657	1539	Scarabaeidae	BBIOP1968-24_r_1.3_s_50	Anthoplia floricola	0	BBIOP1968-24	1.3	50
0	0	data/BGE00100_MGE-BGE_r1_1.3_1.5_s50_100.fasta	None	Scarabaeidae	BLAST	family	COI-5P	657	1539	Scarabaeidae	BBIOP1968-24_r_1.3_s_100	Anthoplia floricola	0	BBIOP1968-24	1.3	100
0	0	data/BGE00100_MGE-BGE_r1_1.3_1.5_s50_100.fasta	None	Scarabaeidae	BLAST	family	COI-5P	657	1539	Scarabaeidae	BBIOP1968-24_r_1.5_s_50	Anthoplia floricola	0	BBIOP1968-24	1.5	50
0	0	data/BGE00100_MGE-BGE_r1_1.3_1.5_s50_100.fasta	None	Scarabaeidae	BLAST	family	COI-5P	657	1539	Scarabaeidae	BBIOP1968-24_r_1.5_s_100	Anthoplia floricola	0	BBIOP1968-24	1.5	100
7	15	data/BGE00100_MGE-BGE_r1_1.3_1.5_s50_100.fasta	None	Scarabaeidae	BLAST	family	COI-5P	557	1239	Acrididae,Curculionidae,Dermestidae,Bostrichidae,Ptinidae,Psychodidae,Vespidae,Tetracampidae	BBIOP1969-24_r_1_s_50	Blitopertha lineolata	0	BBIOP1969-24	1	50
0	15	data/BGE00100_MGE-BGE_r1_1.3_1.5_s50_100.fasta	None	Scarabaeidae	BLAST	family	COI-5P	207	927	Acrididae,Curculionidae,Dermestidae,Bostrichidae,Ptinidae,Psychodidae,Vespidae,Tetracampidae	BBIOP1969-24_r_1_s_100	Blitopertha lineolata	0	BBIOP1969-24	1	100
0	9	data/BGE00100_MGE-BGE_r1_1.3_1.5_s50_100.fasta	None	Scarabaeidae	BLAST	family	COI-5P	145	744	Staphylinidae,Hydraenidae,Scarabaeidae,Curculionidae,Drosophilidae,Crambidae	BBIOP1969-24_r_1.3_s_50	Blitopertha lineolata	0	BBIOP1969-24	1.3	50
0	15	data/BGE00100_MGE-BGE_r1_1.3_1.5_s50_100.fasta	None	Scarabaeidae	BLAST	family	COI-5P	109	450	Staphylinidae,Hydraenidae,Scarabaeidae,Drosophilidae,Crambidae	BBIOP1969-24_r_1.3_s_100	Blitopertha lineolata	0	BBIOP1969-24	1.3	100
0	3	data/BGE00100_MGE-BGE_r1_1.3_1.5_s50_100.fasta	None	Scarabaeidae	BLAST	family	COI-5P	103	546	Staphylinidae,Hydraenidae,Scarabaeidae,Curculionidae,Drosophilidae,Crambidae	BBIOP1969-24_r_1.5_s_50	Blitopertha lineolata	0	BBIOP1969-24	1.5	50
1	1	data/BGE00100_MGE-BGE_r1_1.3_1.5_s50_100.fasta	None	Scarabaeidae	BLAST	family	COI-5P	84	252	Staphylinidae,Hydraenidae,Scarabaeidae,Drosophilidae,Crambidae	BBIOP1969-24_r_1.5_s_100	Blitopertha lineolata	0	BBIOP1969-24	1.5	100
11	40	data/BGE00100_MGE-BGE_r1_1.3_1.5_s50_100.fasta	None	Scarabaeidae	BLAST	family	COI-5P	618	1494	Scarabaeidae	BBIOP1970-24_r_1_s_50	Blitopertha lineolata	0	BBIOP1970-24	1	50
50	85	data/BGE00100_MGE-BGE_r1_1.3_1.5_s50_100.fasta	None	Scarabaeidae	BLAST	family	COI-5P	602	1476	Scarabaeidae	BBIOP1970-24_r_1_s_100	Blitopertha lineolata	0	BBIOP1970-24	1	100
5	8	data/BGE00100_MGE-BGE_r1_1.3_1.5_s50_100.fasta	None	Scarabaeidae	BLAST	family	COI-5P	618	1494	Scarabaeidae	BBIOP1970-24_r_1.3_s_50	Blitopertha lineolata	0	BBIOP1970-24	1.3	50
16	23	data/BGE00100_MGE-BGE_r1_1.3_1.5_s50_100.fasta	None	Scarabaeidae	BLAST	family	COI-5P	603	1446	Scarabaeidae,Lucanidae	BBIOP1970-24_r_1.3_s_100	Blitopertha lineolata	0	BBIOP1970-24	1.3	100
5	8	data/BGE00100_MGE-BGE_r1_1.3_1.5_s50_100.fasta	None	Scarabaeidae	BLAST	family	COI-5P	618	1494	Scarabaeidae	BBIOP1970-24_r_1.5_s_50	Blitopertha lineolata	0	BBIOP1970-24	1.5	50
9	16	data/BGE00100_MGE-BGE_r1_1.3_1.5_s50_100.fasta	None	Scarabaeidae	BLAST	family	COI-5P	579	1422	Scarabaeidae	BBIOP1970-24_r_1.5_s_100	Blitopertha lineolata	0	BBIOP1970-24	1.5	100
0	0	data/BGE00100_MGE-BGE_r1_1.3_1.5_s50_100.fasta	None	Scarabaeidae	BLAST	family	COI-5P	657	1539	Scarabaeidae	BBIOP1971-24_r_1_s_50	Blitopertha lineolata	0	BBIOP1971-24	1	50
0	0	data/BGE00100_MGE-BGE_r1_1.3_1.5_s50_100.fasta	None	Scarabaeidae	BLAST	family	COI-5P	657	1539	Scarabaeidae	BBIOP1971-24_r_1_s_100	Blitopertha lineolata	0	BBIOP1971-24	1	100
0	0	data/BGE00100_MGE-BGE_r1_1.3_1.5_s50_100.fasta	None	Scarabaeidae	BLAST	family	COI-5P	657	1539	Scarabaeidae	BBIOP1971-24_r_1.3_s_50	Blitopertha lineolata	0	BBIOP1971-24	1.3	50
0	0	data/BGE00100_MGE-BGE_r1_1.3_1.5_s50_100.fasta	None	Scarabaeidae	BLAST	family	COI-5P	657	1539	Scarabaeidae	BBIOP1971-24_r_1.3_s_100	Blitopertha lineolata	0	BBIOP1971-24	1.3	100
0	0	data/BGE00100_MGE-BGE_r1_1.3_1.5_s50_100.fasta	None	Scarabaeidae	BLAST	family	COI-5P	657	1539	Scarabaeidae	BBIOP1971-24_r_1.5_s_50	Blitopertha lineolata	0	BBIOP1971-24	1.5	50
0	0	data/BGE00100_MGE-BGE_r1_1.3_1.5_s50_100.fasta	None	Scarabaeidae	BLAST	family	COI-5P	657	1539	Scarabaeidae	BBIOP1971-24_r_1.5_s_100	Blitopertha lineolata	0	BBIOP1971-24	1.5	100
0	0	data/BGE00100_MGE-BGE_r1_1.3_1.5_s50_100.fasta	None	Scarabaeidae	BLAST	family	COI-5P	657	1539	Scarabaeidae	BBIOP1972-24_r_1_s_50	Blitopertha nigripennis	0	BBIOP1972-24	1	50
0	0	data/BGE00100_MGE-BGE_r1_1.3_1.5_s50_100.fasta	None	Scarabaeidae	BLAST	family	COI-5P	657	1539	Scarabaeidae	BBIOP1972-24_r_1_s_100	Blitopertha nigripennis	0	BBIOP1972-24	1	100
0	0	data/BGE00100_MGE-BGE_r1_1.3_1.5_s50_100.fasta	None	Scarabaeidae	BLAST	family	COI-5P	657	1539	Scarabaeidae	BBIOP1972-24_r_1.3_s_50	Blitopertha nigripennis	0	BBIOP1972-24	1.3	50
0	0	data/BGE00100_MGE-BGE_r1_1.3_1.5_s50_100.fasta	None	Scarabaeidae	BLAST	family	COI-5P	657	1539	Scarabaeidae	BBIOP1972-24_r_1.3_s_100	Blitopertha nigripennis	0	BBIOP1972-24	1.3	100
0	0	data/BGE00100_MGE-BGE_r1_1.3_1.5_s50_100.fasta	None	Scarabaeidae	BLAST	family	COI-5P	657	1539	Scarabaeidae	BBIOP1972-24_r_1.5_s_50	Blitopertha nigripennis	0	BBIOP1972-24	1.5	50
0	0	data/BGE00100_MGE-BGE_r1_1.3_1.5_s50_100.fasta	None	Scarabaeidae	BLAST	family	COI-5P	657	1539	Scarabaeidae	BBIOP1972-24_r_1.5_s_100	Blitopertha nigripennis	0	BBIOP1972-24	1.5	100
6	14	data/BGE00100_MGE-BGE_r1_1.3_1.5_s50_100.fasta	None	Scarabaeidae	BLAST	family	COI-5P	657	1539	Syrphidae,Muscidae	BBIOP1973-24_r_1_s_50	Blitopertha nigripennis	0	BBIOP1973-24	1	50
2	7	data/BGE00100_MGE-BGE_r1_1.3_1.5_s50_100.fasta	None	Scarabaeidae	BLAST	family	COI-5P	645	1503	Scarabaeidae,Syrphidae	BBIOP1973-24_r_1_s_100	Blitopertha nigripennis	0	BBIOP1973-24	1	100
2	4	data/BGE00100_MGE-BGE_r1_1.3_1.5_s50_100.fasta	None	Scarabaeidae	BLAST	family	COI-5P	645	1527	Scarabaeidae,Geotrupidae	BBIOP1973-24_r_1.3_s_50	Blitopertha nigripennis	0	BBIOP1973-24	1.3	50
4	7	data/BGE00100_MGE-BGE_r1_1.3_1.5_s50_100.fasta	None	Scarabaeidae	BLAST	family	COI-5P	552	1410	Staphylinidae,Scarabaeidae	BBIOP1973-24_r_1.3_s_100	Blitopertha nigripennis	0	BBIOP1973-24	1.3	100
0	0	data/BGE00100_MGE-BGE_r1_1.3_1.5_s50_100.fasta	None	Scarabaeidae	BLAST	family	COI-5P	627	1497	Scarabaeidae	BBIOP1973-24_r_1.5_s_50	Blitopertha nigripennis	0	BBIOP1973-24	1.5	50
0	3	data/BGE00100_MGE-BGE_r1_1.3_1.5_s50_100.fasta	None	Scarabaeidae	BLAST	family	COI-5P	402	1167	Staphylinidae,Chrysomelidae,Drosophilidae,Hepialidae	BBIOP1973-24_r_1.5_s_100	Blitopertha nigripennis	0	BBIOP1973-24	1.5	100
3	5	data/BGE00100_MGE-BGE_r1_1.3_1.5_s50_100.fasta	None	Scarabaeidae	BLAST	family	COI-5P	651	1533	Scarabaeidae	BBIOP1974-24_r_1_s_50	Blitopertha nigripennis	0	BBIOP1974-24	1	50
8	16	data/BGE00100_MGE-BGE_r1_1.3_1.5_s50_100.fasta	None	Scarabaeidae	BLAST	family	COI-5P	644	1521	Staphylinidae,Scarabaeidae	BBIOP1974-24_r_1_s_100	Blitopertha nigripennis	0	BBIOP1974-24	1	100
0	0	data/BGE00100_MGE-BGE_r1_1.3_1.5_s50_100.fasta	None	Scarabaeidae	BLAST	family	COI-5P	651	1524	Scarabaeidae	BBIOP1974-24_r_1.3_s_50	Blitopertha nigripennis	0	BBIOP1974-24	1.3	50
2	2	data/BGE00100_MGE-BGE_r1_1.3_1.5_s50_100.fasta	None	Scarabaeidae	BLAST	family	COI-5P	645	1497	Scarabaeidae	BBIOP1974-24_r_1.3_s_100	Blitopertha nigripennis	0	BBIOP1974-24	1.3	100
0	0	data/BGE00100_MGE-BGE_r1_1.3_1.5_s50_100.fasta	None	Scarabaeidae	BLAST	family	COI-5P	651	1524	Scarabaeidae	BBIOP1974-24_r_1.5_s_50	Blitopertha nigripennis	0	BBIOP1974-24	1.5	50
2	2	data/BGE00100_MGE-BGE_r1_1.3_1.5_s50_100.fasta	None	Scarabaeidae	BLAST	family	COI-5P	645	1497	Scarabaeidae	BBIOP1974-24_r_1.5_s_100	Blitopertha nigripennis	0	BBIOP1974-24	1.5	100
0	0	data/BGE00100_MGE-BGE_r1_1.3_1.5_s50_100.fasta	None	Scarabaeidae	BLAST	family	COI-5P	657	1539	Scarabaeidae	BBIOP1975-24_r_1_s_50	Exomala adriatica	0	BBIOP1975-24	1	50
0	0	data/BGE00100_MGE-BGE_r1_1.3_1.5_s50_100.fasta	None	Scarabaeidae	BLAST	family	COI-5P	657	1539	Scarabaeidae	BBIOP1975-24_r_1_s_100	Exomala adriatica	0	BBIOP1975-24	1	100
0	0	data/BGE00100_MGE-BGE_r1_1.3_1.5_s50_100.fasta	None	Scarabaeidae	BLAST	family	COI-5P	657	1539	Scarabaeidae	BBIOP1975-24_r_1.3_s_50	Exomala adriatica	0	BBIOP1975-24	1.3	50
0	0	data/BGE00100_MGE-BGE_r1_1.3_1.5_s50_100.fasta	None	Scarabaeidae	BLAST	family	COI-5P	657	1539	Scarabaeidae	BBIOP1975-24_r_1.3_s_100	Exomala adriatica	0	BBIOP1975-24	1.3	100
0	0	data/BGE00100_MGE-BGE_r1_1.3_1.5_s50_100.fasta	None	Scarabaeidae	BLAST	family	COI-5P	657	1539	Scarabaeidae	BBIOP1975-24_r_1.5_s_50	Exomala adriatica	0	BBIOP1975-24	1.5	50
0	0	data/BGE00100_MGE-BGE_r1_1.3_1.5_s50_100.fasta	None	Scarabaeidae	BLAST	family	COI-5P	657	1539	Scarabaeidae	BBIOP1975-24_r_1.5_s_100	Exomala adriatica	0	BBIOP1975-24	1.5	100
13	20	data/BGE00100_MGE-BGE_r1_1.3_1.5_s50_100.fasta	None	Scarabaeidae	BLAST	family	COI-5P	656	1539	Scarabaeidae,Geotrupidae,Tephritidae	BBIOP1976-24_r_1_s_50	Exomala adriatica	0	BBIOP1976-24	1	50
13	18	data/BGE00100_MGE-BGE_r1_1.3_1.5_s50_100.fasta	None	Scarabaeidae	BLAST	family	COI-5P	657	1539	Hydraenidae,Scarabaeidae,Geotrupidae	BBIOP1976-24_r_1_s_100	Exomala adriatica	0	BBIOP1976-24	1	100
5	8	data/BGE00100_MGE-BGE_r1_1.3_1.5_s50_100.fasta	None	Scarabaeidae	BLAST	family	COI-5P	648	1530	Hydraenidae,Scarabaeidae,Geotrupidae	BBIOP1976-24_r_1.3_s_50	Exomala adriatica	0	BBIOP1976-24	1.3	50
6	11	data/BGE00100_MGE-BGE_r1_1.3_1.5_s50_100.fasta	None	Scarabaeidae	BLAST	family	COI-5P	624	1506	Hydraenidae,Scarabaeidae,Geotrupidae	BBIOP1976-24_r_1.3_s_100	Exomala adriatica	0	BBIOP1976-24	1.3	100
5	10	data/BGE00100_MGE-BGE_r1_1.3_1.5_s50_100.fasta	None	Scarabaeidae	BLAST	family	COI-5P	612	1455	Hydraenidae,Scarabaeidae,Geotrupidae	BBIOP1976-24_r_1.5_s_50	Exomala adriatica	0	BBIOP1976-24	1.5	50
6	10	data/BGE00100_MGE-BGE_r1_1.3_1.5_s50_100.fasta	None	Scarabaeidae	BLAST	family	COI-5P	612	1344	Hydraenidae,Scarabaeidae,Geotrupidae	BBIOP1976-24_r_1.5_s_100	Exomala adriatica	0	BBIOP1976-24	1.5	100
0	0	data/BGE00100_MGE-BGE_r1_1.3_1.5_s50_100.fasta	None	Scarabaeidae	BLAST	family	COI-5P	657	1539	Scarabaeidae	BBIOP1977-24_r_1_s_50	Exomala campestris	0	BBIOP1977-24	1	50
0	0	data/BGE00100_MGE-BGE_r1_1.3_1.5_s50_100.fasta	None	Scarabaeidae	BLAST	family	COI-5P	657	1539	Scarabaeidae	BBIOP1977-24_r_1_s_100	Exomala campestris	0	BBIOP1977-24	1	100
0	0	data/BGE00100_MGE-BGE_r1_1.3_1.5_s50_100.fasta	None	Scarabaeidae	BLAST	family	COI-5P	657	1539	Scarabaeidae	BBIOP1977-24_r_1.3_s_50	Exomala campestris	0	BBIOP1977-24	1.3	50
0	0	data/BGE00100_MGE-BGE_r1_1.3_1.5_s50_100.fasta	None	Scarabaeidae	BLAST	family	COI-5P	657	1539	Scarabaeidae	BBIOP1977-24_r_1.3_s_100	Exomala campestris	0	BBIOP1977-24	1.3	100
0	0	data/BGE00100_MGE-BGE_r1_1.3_1.5_s50_100.fasta	None	Scarabaeidae	BLAST	family	COI-5P	657	1533	Scarabaeidae	BBIOP1977-24_r_1.5_s_50	Exomala campestris	0	BBIOP1977-24	1.5	50
0	0	data/BGE00100_MGE-BGE_r1_1.3_1.5_s50_100.fasta	None	Scarabaeidae	BLAST	family	COI-5P	657	1530	Scarabaeidae	BBIOP1977-24_r_1.5_s_100	Exomala campestris	0	BBIOP1977-24	1.5	100
30	33	data/BGE00100_MGE-BGE_r1_1.3_1.5_s50_100.fasta	None	Scarabaeidae	BLAST	family	COI-5P	594	1140	Scarabaeidae,Scirtidae,Cleridae,Pulicidae	BBIOP1978-24_r_1_s_50	Exomala campestris	0	BBIOP1978-24	1	50
32	41	data/BGE00100_MGE-BGE_r1_1.3_1.5_s50_100.fasta	None	Scarabaeidae	BLAST	family	COI-5P	590	1053	Curculionidae,Ceratopogonidae,Drosophilidae,Corydalidae	BBIOP1978-24_r_1_s_100	Exomala campestris	0	BBIOP1978-24	1	100
1	1	data/BGE00100_MGE-BGE_r1_1.3_1.5_s50_100.fasta	None	Scarabaeidae	BLAST	family	COI-5P	494	690	Tettigoniidae,Chrysomelidae,Ulidiidae,Vespidae,Geometridae	BBIOP1978-24_r_1.3_s_50	Exomala campestris	0	BBIOP1978-24	1.3	50
1	1	data/BGE00100_MGE-BGE_r1_1.3_1.5_s50_100.fasta	None	Scarabaeidae	BLAST	family	COI-5P	473	612	Tettigoniidae,Chrysomelidae,Ulidiidae,Vespidae,Geometridae	BBIOP1978-24_r_1.3_s_100	Exomala campestris	0	BBIOP1978-24	1.3	100
1	1	data/BGE00100_MGE-BGE_r1_1.3_1.5_s50_100.fasta	None	Scarabaeidae	BLAST	family	COI-5P	351	600	Tettigoniidae,Chrysomelidae,Ulidiidae,Vespidae,Geometridae	BBIOP1978-24_r_1.5_s_50	Exomala campestris	0	BBIOP1978-24	1.5	50
1	1	data/BGE00100_MGE-BGE_r1_1.3_1.5_s50_100.fasta	None	Scarabaeidae	BLAST	family	COI-5P	344	510	Tettigoniidae,Chrysomelidae,Ulidiidae,Vespidae,Geometridae	BBIOP1978-24_r_1.5_s_100	Exomala campestris	0	BBIOP1978-24	1.5	100
18	22	data/BGE00100_MGE-BGE_r1_1.3_1.5_s50_100.fasta	None	Scarabaeidae	BLAST	family	COI-5P	289	1167	Chrysomelidae,Curculionidae,Mycetophilidae,Hybotidae,Fanniidae,Tabanidae	BBIOP1979-24_r_1_s_50	Exomala hirtella	0	BBIOP1979-24	1	50
0	7	data/BGE00100_MGE-BGE_r1_1.3_1.5_s50_100.fasta	None	Scarabaeidae	BLAST	family	COI-5P	278	909	Culicidae,Agromyzidae,Muscidae,Fanniidae	BBIOP1979-24_r_1_s_100	Exomala hirtella	0	BBIOP1979-24	1	100
2	6	data/BGE00100_MGE-BGE_r1_1.3_1.5_s50_100.fasta	None	Scarabaeidae	BLAST	family	COI-5P	192	813	Scarabaeidae,Lycidae,Tenebrionidae,Chrysomelidae,Curculionidae,Rhinophoridae,Polleniidae	BBIOP1979-24_r_1.3_s_50	Exomala hirtella	0	BBIOP1979-24	1.3	50
0	1	data/BGE00100_MGE-BGE_r1_1.3_1.5_s50_100.fasta	None	Scarabaeidae	BLAST	family	COI-5P	87	498	Tenebrionidae,Curculionidae,Apionidae,Coccinellidae,Ceratopogonidae	BBIOP1979-24_r_1.3_s_100	Exomala hirtella	0	BBIOP1979-24	1.3	100
0	0	data/BGE00100_MGE-BGE_r1_1.3_1.5_s50_100.fasta	None	Scarabaeidae	BLAST	family	COI-5P	191	567	Tenebrionidae,Curculionidae,Coccinellidae,Nymphalidae,Geometridae	BBIOP1979-24_r_1.5_s_50	Exomala hirtella	5	BBIOP1979-24	1.5	50
0	0	data/BGE00100_MGE-BGE_r1_1.3_1.5_s50_100.fasta	None	Scarabaeidae	BLAST	family	COI-5P	75	312	Tenebrionidae,Nymphalidae	BBIOP1979-24_r_1.5_s_100	Exomala hirtella	0	BBIOP1979-24	1.5	100
0	31	data/BGE00100_MGE-BGE_r1_1.3_1.5_s50_100.fasta	None	Scarabaeidae	BLAST	family	COI-5P	387	1050	Scarabaeidae,Geotrupidae	BBIOP1980-24_r_1_s_50	Exomala hirtella	0	BBIOP1980-24	1	50
0	43	data/BGE00100_MGE-BGE_r1_1.3_1.5_s50_100.fasta	None	Scarabaeidae	BLAST	family	COI-5P	368	933	Scarabaeidae,Geotrupidae	BBIOP1980-24_r_1_s_100	Exomala hirtella	0	BBIOP1980-24	1	100
0	7	data/BGE00100_MGE-BGE_r1_1.3_1.5_s50_100.fasta	None	Scarabaeidae	BLAST	family	COI-5P	105	414	Staphylinidae,Scarabaeidae	BBIOP1980-24_r_1.3_s_50	Exomala hirtella	0	BBIOP1980-24	1.3	50
0	0	data/BGE00100_MGE-BGE_r1_1.3_1.5_s50_100.fasta	None	Scarabaeidae	BLAST	family	COI-5P	84	228	Scarabaeidae	BBIOP1980-24_r_1.3_s_100	Exomala hirtella	0	BBIOP1980-24	1.3	100
0	7	data/BGE00100_MGE-BGE_r1_1.3_1.5_s50_100.fasta	None	Scarabaeidae	BLAST	family	COI-5P	173	267	Scarabaeidae	BBIOP1980-24_r_1.5_s_50	Exomala hirtella	0	BBIOP1980-24	1.5	50
0	0	data/BGE00100_MGE-BGE_r1_1.3_1.5_s50_100.fasta	None	Scarabaeidae	BLAST	family	COI-5P	80	81	Scarabaeidae	BBIOP1980-24_r_1.5_s_100	Exomala hirtella	0	BBIOP1980-24	1.5	100
19	28	data/BGE00100_MGE-BGE_r1_1.3_1.5_s50_100.fasta	None	Scarabaeidae	BLAST	family	COI-5P	657	1536	Staphylinidae,Hydraenidae,Scarabaeidae,Geotrupidae	BBIOP1981-24_r_1_s_50	Chasmatopterus esuris	0	BBIOP1981-24	1	50
6	19	data/BGE00100_MGE-BGE_r1_1.3_1.5_s50_100.fasta	None	Scarabaeidae	BLAST	family	COI-5P	657	1521	Hydraenidae,Scarabaeidae,Geotrupidae	BBIOP1981-24_r_1_s_100	Chasmatopterus esuris	0	BBIOP1981-24	1	100
7	10	data/BGE00100_MGE-BGE_r1_1.3_1.5_s50_100.fasta	None	Scarabaeidae	BLAST	family	COI-5P	657	1536	Scarabaeidae,Geotrupidae	BBIOP1981-24_r_1.3_s_50	Chasmatopterus esuris	0	BBIOP1981-24	1.3	50
2	3	data/BGE00100_MGE-BGE_r1_1.3_1.5_s50_100.fasta	None	Scarabaeidae	BLAST	family	COI-5P	657	1521	Pentatomidae,Scarabaeidae,Lucanidae,Geotrupidae	BBIOP1981-24_r_1.3_s_100	Chasmatopterus esuris	0	BBIOP1981-24	1.3	100
2	3	data/BGE00100_MGE-BGE_r1_1.3_1.5_s50_100.fasta	None	Scarabaeidae	BLAST	family	COI-5P	657	1536	Scarabaeidae,Geotrupidae	BBIOP1981-24_r_1.5_s_50	Chasmatopterus esuris	0	BBIOP1981-24	1.5	50
0	2	data/BGE00100_MGE-BGE_r1_1.3_1.5_s50_100.fasta	None	Scarabaeidae	BLAST	family	COI-5P	657	1521	Scarabaeidae,Geotrupidae	BBIOP1981-24_r_1.5_s_100	Chasmatopterus esuris	0	BBIOP1981-24	1.5	100
0	0	data/BGE00100_MGE-BGE_r1_1.3_1.5_s50_100.fasta	None	Scarabaeidae	BLAST	family	COI-5P	657	1536	Scarabaeidae,Geotrupidae	BBIOP1982-24_r_1_s_50	Chasmatopterus esuris	0	BBIOP1982-24	1	50
0	0	data/BGE00100_MGE-BGE_r1_1.3_1.5_s50_100.fasta	None	Scarabaeidae	BLAST	family	COI-5P	657	1536	Scarabaeidae,Geotrupidae	BBIOP1982-24_r_1_s_100	Chasmatopterus esuris	0	BBIOP1982-24	1	100
0	0	data/BGE00100_MGE-BGE_r1_1.3_1.5_s50_100.fasta	None	Scarabaeidae	BLAST	family	COI-5P	657	1536	Scarabaeidae,Geotrupidae	BBIOP1982-24_r_1.3_s_50	Chasmatopterus esuris	0	BBIOP1982-24	1.3	50
0	0	data/BGE00100_MGE-BGE_r1_1.3_1.5_s50_100.fasta	None	Scarabaeidae	BLAST	family	COI-5P	657	1536	Scarabaeidae,Geotrupidae	BBIOP1982-24_r_1.3_s_100	Chasmatopterus esuris	0	BBIOP1982-24	1.3	100
0	0	data/BGE00100_MGE-BGE_r1_1.3_1.5_s50_100.fasta	None	Scarabaeidae	BLAST	family	COI-5P	657	1536	Scarabaeidae,Geotrupidae	BBIOP1982-24_r_1.5_s_50	Chasmatopterus esuris	0	BBIOP1982-24	1.5	50
0	0	data/BGE00100_MGE-BGE_r1_1.3_1.5_s50_100.fasta	None	Scarabaeidae	BLAST	family	COI-5P	657	1536	Scarabaeidae,Geotrupidae	BBIOP1982-24_r_1.5_s_100	Chasmatopterus esuris	0	BBIOP1982-24	1.5	100
0	0	data/BGE00100_MGE-BGE_r1_1.3_1.5_s50_100.fasta	None	Scarabaeidae	BLAST	family	COI-5P	657	1539	Scarabaeidae	BBIOP1983-24_r_1_s_50	Chasmatopterus annamariae	0	BBIOP1983-24	1	50
0	0	data/BGE00100_MGE-BGE_r1_1.3_1.5_s50_100.fasta	None	Scarabaeidae	BLAST	family	COI-5P	657	1536	Scarabaeidae	BBIOP1983-24_r_1_s_100	Chasmatopterus annamariae	0	BBIOP1983-24	1	100
0	0	data/BGE00100_MGE-BGE_r1_1.3_1.5_s50_100.fasta	None	Scarabaeidae	BLAST	family	COI-5P	657	1536	Scarabaeidae	BBIOP1983-24_r_1.3_s_50	Chasmatopterus annamariae	0	BBIOP1983-24	1.3	50
0	0	data/BGE00100_MGE-BGE_r1_1.3_1.5_s50_100.fasta	None	Scarabaeidae	BLAST	family	COI-5P	657	1536	Scarabaeidae	BBIOP1983-24_r_1.3_s_100	Chasmatopterus annamariae	0	BBIOP1983-24	1.3	100
0	0	data/BGE00100_MGE-BGE_r1_1.3_1.5_s50_100.fasta	None	Scarabaeidae	BLAST	family	COI-5P	657	1536	Scarabaeidae	BBIOP1983-24_r_1.5_s_50	Chasmatopterus annamariae	0	BBIOP1983-24	1.5	50
0	0	data/BGE00100_MGE-BGE_r1_1.3_1.5_s50_100.fasta	None	Scarabaeidae	BLAST	family	COI-5P	657	1536	Scarabaeidae	BBIOP1983-24_r_1.5_s_100	Chasmatopterus annamariae	0	BBIOP1983-24	1.5	100
0	0	data/BGE00100_MGE-BGE_r1_1.3_1.5_s50_100.fasta	None	Scarabaeidae	BLAST	family	COI-5P	657	1536	Scarabaeidae,Geotrupidae	BBIOP1984-24_r_1_s_50	Chasmatopterus annamariae	0	BBIOP1984-24	1	50
0	0	data/BGE00100_MGE-BGE_r1_1.3_1.5_s50_100.fasta	None	Scarabaeidae	BLAST	family	COI-5P	657	1536	Scarabaeidae,Geotrupidae	BBIOP1984-24_r_1_s_100	Chasmatopterus annamariae	0	BBIOP1984-24	1	100
0	0	data/BGE00100_MGE-BGE_r1_1.3_1.5_s50_100.fasta	None	Scarabaeidae	BLAST	family	COI-5P	657	1536	Scarabaeidae,Geotrupidae	BBIOP1984-24_r_1.3_s_50	Chasmatopterus annamariae	0	BBIOP1984-24	1.3	50
0	0	data/BGE00100_MGE-BGE_r1_1.3_1.5_s50_100.fasta	None	Scarabaeidae	BLAST	family	COI-5P	657	1536	Scarabaeidae,Geotrupidae	BBIOP1984-24_r_1.3_s_100	Chasmatopterus annamariae	0	BBIOP1984-24	1.3	100
0	0	data/BGE00100_MGE-BGE_r1_1.3_1.5_s50_100.fasta	None	Scarabaeidae	BLAST	family	COI-5P	657	1536	Scarabaeidae,Geotrupidae	BBIOP1984-24_r_1.5_s_50	Chasmatopterus annamariae	0	BBIOP1984-24	1.5	50
0	0	data/BGE00100_MGE-BGE_r1_1.3_1.5_s50_100.fasta	None	Scarabaeidae	BLAST	family	COI-5P	657	1536	Scarabaeidae,Geotrupidae	BBIOP1984-24_r_1.5_s_100	Chasmatopterus annamariae	0	BBIOP1984-24	1.5	100
1	2	data/BGE00100_MGE-BGE_r1_1.3_1.5_s50_100.fasta	None	Scarabaeidae	BLAST	family	COI-5P	657	1539	Scarabaeidae,Geotrupidae	BBIOP1985-24_r_1_s_50	Chasmatopterus hirtulus	0	BBIOP1985-24	1	50
1	1	data/BGE00100_MGE-BGE_r1_1.3_1.5_s50_100.fasta	None	Scarabaeidae	BLAST	family	COI-5P	657	1536	Scarabaeidae,Geotrupidae	BBIOP1985-24_r_1_s_100	Chasmatopterus hirtulus	0	BBIOP1985-24	1	100
0	0	data/BGE00100_MGE-BGE_r1_1.3_1.5_s50_100.fasta	None	Scarabaeidae	BLAST	family	COI-5P	657	1539	Scarabaeidae,Geotrupidae	BBIOP1985-24_r_1.3_s_50	Chasmatopterus hirtulus	0	BBIOP1985-24	1.3	50
0	0	data/BGE00100_MGE-BGE_r1_1.3_1.5_s50_100.fasta	None	Scarabaeidae	BLAST	family	COI-5P	657	1536	Scarabaeidae,Geotrupidae	BBIOP1985-24_r_1.3_s_100	Chasmatopterus hirtulus	0	BBIOP1985-24	1.3	100
0	0	data/BGE00100_MGE-BGE_r1_1.3_1.5_s50_100.fasta	None	Scarabaeidae	BLAST	family	COI-5P	657	1539	Scarabaeidae,Geotrupidae	BBIOP1985-24_r_1.5_s_50	Chasmatopterus hirtulus	0	BBIOP1985-24	1.5	50
0	0	data/BGE00100_MGE-BGE_r1_1.3_1.5_s50_100.fasta	None	Scarabaeidae	BLAST	family	COI-5P	657	1536	Scarabaeidae,Geotrupidae	BBIOP1985-24_r_1.5_s_100	Chasmatopterus hirtulus	0	BBIOP1985-24	1.5	100
6	27	data/BGE00100_MGE-BGE_r1_1.3_1.5_s50_100.fasta	None	Scarabaeidae	BLAST	family	COI-5P	459	1305	Staphylinidae,Scarabaeidae	BBIOP1986-24_r_1_s_50	Chasmatopterus hirtulus	0	BBIOP1986-24	1	50
5	28	data/BGE00100_MGE-BGE_r1_1.3_1.5_s50_100.fasta	None	Scarabaeidae	BLAST	family	COI-5P	256	1062	Lestidae,Acrididae,Hydraenidae,Scarabaeidae	BBIOP1986-24_r_1_s_100	Chasmatopterus hirtulus	0	BBIOP1986-24	1	100
0	9	data/BGE00100_MGE-BGE_r1_1.3_1.5_s50_100.fasta	None	Scarabaeidae	BLAST	family	COI-5P	190	996	Carabidae,Scarabaeidae,Culicidae,Pelecinidae,Nymphalidae	BBIOP1986-24_r_1.3_s_50	Chasmatopterus hirtulus	0	BBIOP1986-24	1.3	50
1	2	data/BGE00100_MGE-BGE_r1_1.3_1.5_s50_100.fasta	None	Scarabaeidae	BLAST	family	COI-5P	196	723	Dytiscidae,Scarabaeidae,Culicidae,Pelecinidae,Nymphalidae,Corydalidae	BBIOP1986-24_r_1.3_s_100	Chasmatopterus hirtulus	0	BBIOP1986-24	1.3	100
0	0	data/BGE00100_MGE-BGE_r1_1.3_1.5_s50_100.fasta	None	Scarabaeidae	BLAST	family	COI-5P	113	774	Aphrophoridae,Carabidae,Culicidae,Drosophilidae,Tephritidae,Pelecinidae,Autostichidae,Corydalidae	BBIOP1986-24_r_1.5_s_50	Chasmatopterus hirtulus	0	BBIOP1986-24	1.5	50
0	0	data/BGE00100_MGE-BGE_r1_1.3_1.5_s50_100.fasta	None	Scarabaeidae	BLAST	family	COI-5P	144	570	Anostostomatidae,Aphrophoridae,Carabidae,Drosophilidae,Pelecinidae,Autostichidae,Cossidae,Nymphalidae,Corydalidae	BBIOP1986-24_r_1.5_s_100	Chasmatopterus hirtulus	0	BBIOP1986-24	1.5	100
0	0	data/BGE00100_MGE-BGE_r1_1.3_1.5_s50_100.fasta	None	Scarabaeidae	BLAST	family	COI-5P	657	1539	Scarabaeidae,Geotrupidae	BBIOP1987-24_r_1_s_50	Chasmatopterus hirtus	0	BBIOP1987-24	1	50
3	5	data/BGE00100_MGE-BGE_r1_1.3_1.5_s50_100.fasta	None	Scarabaeidae	BLAST	family	COI-5P	657	1536	Scarabaeidae,Geotrupidae	BBIOP1987-24_r_1_s_100	Chasmatopterus hirtus	0	BBIOP1987-24	1	100
0	0	data/BGE00100_MGE-BGE_r1_1.3_1.5_s50_100.fasta	None	Scarabaeidae	BLAST	family	COI-5P	657	1539	Scarabaeidae,Geotrupidae	BBIOP1987-24_r_1.3_s_50	Chasmatopterus hirtus	0	BBIOP1987-24	1.3	50
0	0	data/BGE00100_MGE-BGE_r1_1.3_1.5_s50_100.fasta	None	Scarabaeidae	BLAST	family	COI-5P	657	1536	Scarabaeidae,Geotrupidae	BBIOP1987-24_r_1.3_s_100	Chasmatopterus hirtus	0	BBIOP1987-24	1.3	100
0	8	data/BGE00100_MGE-BGE_r1_1.3_1.5_s50_100.fasta	None	Scarabaeidae	BLAST	family	COI-5P	657	1536	Staphylinidae,Scarabaeidae,Geotrupidae	BBIOP1987-24_r_1.5_s_50	Chasmatopterus hirtus	0	BBIOP1987-24	1.5	50
0	0	data/BGE00100_MGE-BGE_r1_1.3_1.5_s50_100.fasta	None	Scarabaeidae	BLAST	family	COI-5P	657	1527	Scarabaeidae,Geotrupidae	BBIOP1987-24_r_1.5_s_100	Chasmatopterus hirtus	0	BBIOP1987-24	1.5	100
1	1	data/BGE00100_MGE-BGE_r1_1.3_1.5_s50_100.fasta	None	Scarabaeidae	BLAST	family	COI-5P	657	1539	Scarabaeidae,Geotrupidae	BBIOP1988-24_r_1_s_50	Chasmatopterus hirtus	0	BBIOP1988-24	1	50
0	0	data/BGE00100_MGE-BGE_r1_1.3_1.5_s50_100.fasta	None	Scarabaeidae	BLAST	family	COI-5P	657	1524	Scarabaeidae,Geotrupidae	BBIOP1988-24_r_1_s_100	Chasmatopterus hirtus	0	BBIOP1988-24	1	100
1	1	data/BGE00100_MGE-BGE_r1_1.3_1.5_s50_100.fasta	None	Scarabaeidae	BLAST	family	COI-5P	657	1536	Scarabaeidae,Geotrupidae	BBIOP1988-24_r_1.3_s_50	Chasmatopterus hirtus	0	BBIOP1988-24	1.3	50
0	0	data/BGE00100_MGE-BGE_r1_1.3_1.5_s50_100.fasta	None	Scarabaeidae	BLAST	family	COI-5P	657	1524	Scarabaeidae,Geotrupidae	BBIOP1988-24_r_1.3_s_100	Chasmatopterus hirtus	0	BBIOP1988-24	1.3	100
0	0	data/BGE00100_MGE-BGE_r1_1.3_1.5_s50_100.fasta	None	Scarabaeidae	BLAST	family	COI-5P	657	1515	Scarabaeidae	BBIOP1988-24_r_1.5_s_50	Chasmatopterus hirtus	0	BBIOP1988-24	1.5	50
0	0	data/BGE00100_MGE-BGE_r1_1.3_1.5_s50_100.fasta	None	Scarabaeidae	BLAST	family	COI-5P	657	1503	Scarabaeidae,Geotrupidae	BBIOP1988-24_r_1.5_s_100	Chasmatopterus hirtus	0	BBIOP1988-24	1.5	100
10	17	data/BGE00100_MGE-BGE_r1_1.3_1.5_s50_100.fasta	None	Scarabaeidae	BLAST	family	COI-5P	656	1539	Scarabaeidae,Geotrupidae	BBIOP1989-24_r_1_s_50	Chasmatopterus illigeri	0	BBIOP1989-24	1	50
0	3	data/BGE00100_MGE-BGE_r1_1.3_1.5_s50_100.fasta	None	Scarabaeidae	BLAST	family	COI-5P	656	1536	Scarabaeidae,Geotrupidae	BBIOP1989-24_r_1_s_100	Chasmatopterus illigeri	0	BBIOP1989-24	1	100
4	8	data/BGE00100_MGE-BGE_r1_1.3_1.5_s50_100.fasta	None	Scarabaeidae	BLAST	family	COI-5P	656	1536	Scarabaeidae,Geotrupidae	BBIOP1989-24_r_1.3_s_50	Chasmatopterus illigeri	0	BBIOP1989-24	1.3	50
0	4	data/BGE00100_MGE-BGE_r1_1.3_1.5_s50_100.fasta	None	Scarabaeidae	BLAST	family	COI-5P	656	1536	Scarabaeidae,Geotrupidae	BBIOP1989-24_r_1.3_s_100	Chasmatopterus illigeri	0	BBIOP1989-24	1.3	100
0	2	data/BGE00100_MGE-BGE_r1_1.3_1.5_s50_100.fasta	None	Scarabaeidae	BLAST	family	COI-5P	656	1536	Scarabaeidae,Geotrupidae	BBIOP1989-24_r_1.5_s_50	Chasmatopterus illigeri	0	BBIOP1989-24	1.5	50
0	1	data/BGE00100_MGE-BGE_r1_1.3_1.5_s50_100.fasta	None	Scarabaeidae	BLAST	family	COI-5P	656	1536	Hydraenidae,Scarabaeidae,Geotrupidae	BBIOP1989-24_r_1.5_s_100	Chasmatopterus illigeri	0	BBIOP1989-24	1.5	100
0	0	data/BGE00100_MGE-BGE_r1_1.3_1.5_s50_100.fasta	None	Scarabaeidae	BLAST	family	COI-5P	656	1539	Hydraenidae,Scarabaeidae	BBIOP1990-24_r_1_s_50	Chasmatopterus illigeri	0	BBIOP1990-24	1	50
0	0	data/BGE00100_MGE-BGE_r1_1.3_1.5_s50_100.fasta	None	Scarabaeidae	BLAST	family	COI-5P	656	1536	Hydraenidae,Scarabaeidae	BBIOP1990-24_r_1_s_100	Chasmatopterus illigeri	0	BBIOP1990-24	1	100
0	0	data/BGE00100_MGE-BGE_r1_1.3_1.5_s50_100.fasta	None	Scarabaeidae	BLAST	family	COI-5P	656	1539	Hydraenidae,Scarabaeidae	BBIOP1990-24_r_1.3_s_50	Chasmatopterus illigeri	0	BBIOP1990-24	1.3	50
0	0	data/BGE00100_MGE-BGE_r1_1.3_1.5_s50_100.fasta	None	Scarabaeidae	BLAST	family	COI-5P	656	1536	Hydraenidae,Scarabaeidae	BBIOP1990-24_r_1.3_s_100	Chasmatopterus illigeri	0	BBIOP1990-24	1.3	100
0	0	data/BGE00100_MGE-BGE_r1_1.3_1.5_s50_100.fasta	None	Scarabaeidae	BLAST	family	COI-5P	656	1539	Hydraenidae,Scarabaeidae	BBIOP1990-24_r_1.5_s_50	Chasmatopterus illigeri	0	BBIOP1990-24	1.5	50
0	0	data/BGE00100_MGE-BGE_r1_1.3_1.5_s50_100.fasta	None	Scarabaeidae	BLAST	family	COI-5P	656	1536	Hydraenidae,Scarabaeidae	BBIOP1990-24_r_1.5_s_100	Chasmatopterus illigeri	0	BBIOP1990-24	1.5	100
0	0	data/BGE00100_MGE-BGE_r1_1.3_1.5_s50_100.fasta	None	Scarabaeidae	BLAST	family	COI-5P	656	1536	Scarabaeidae,Geotrupidae	BBIOP1991-24_r_1_s_50	Chasmatopterus pilosulus	0	BBIOP1991-24	1	50
0	0	data/BGE00100_MGE-BGE_r1_1.3_1.5_s50_100.fasta	None	Scarabaeidae	BLAST	family	COI-5P	656	1536	Scarabaeidae,Geotrupidae	BBIOP1991-24_r_1_s_100	Chasmatopterus pilosulus	0	BBIOP1991-24	1	100
0	0	data/BGE00100_MGE-BGE_r1_1.3_1.5_s50_100.fasta	None	Scarabaeidae	BLAST	family	COI-5P	656	1536	Scarabaeidae,Geotrupidae	BBIOP1991-24_r_1.3_s_50	Chasmatopterus pilosulus	0	BBIOP1991-24	1.3	50
0	0	data/BGE00100_MGE-BGE_r1_1.3_1.5_s50_100.fasta	None	Scarabaeidae	BLAST	family	COI-5P	656	1536	Scarabaeidae,Geotrupidae	BBIOP1991-24_r_1.3_s_100	Chasmatopterus pilosulus	0	BBIOP1991-24	1.3	100
0	0	data/BGE00100_MGE-BGE_r1_1.3_1.5_s50_100.fasta	None	Scarabaeidae	BLAST	family	COI-5P	656	1536	Scarabaeidae,Geotrupidae	BBIOP1991-24_r_1.5_s_50	Chasmatopterus pilosulus	0	BBIOP1991-24	1.5	50
0	0	data/BGE00100_MGE-BGE_r1_1.3_1.5_s50_100.fasta	None	Scarabaeidae	BLAST	family	COI-5P	656	1536	Scarabaeidae,Geotrupidae	BBIOP1991-24_r_1.5_s_100	Chasmatopterus pilosulus	0	BBIOP1991-24	1.5	100
0	0	data/BGE00100_MGE-BGE_r1_1.3_1.5_s50_100.fasta	None	Scarabaeidae	BLAST	family	COI-5P	656	1536	Scarabaeidae,Geotrupidae	BBIOP1992-24_r_1_s_50	Chasmatopterus pilosulus	0	BBIOP1992-24	1	50
0	0	data/BGE00100_MGE-BGE_r1_1.3_1.5_s50_100.fasta	None	Scarabaeidae	BLAST	family	COI-5P	656	1536	Scarabaeidae,Geotrupidae	BBIOP1992-24_r_1_s_100	Chasmatopterus pilosulus	0	BBIOP1992-24	1	100
0	0	data/BGE00100_MGE-BGE_r1_1.3_1.5_s50_100.fasta	None	Scarabaeidae	BLAST	family	COI-5P	656	1536	Scarabaeidae,Geotrupidae	BBIOP1992-24_r_1.3_s_50	Chasmatopterus pilosulus	0	BBIOP1992-24	1.3	50
0	0	data/BGE00100_MGE-BGE_r1_1.3_1.5_s50_100.fasta	None	Scarabaeidae	BLAST	family	COI-5P	656	1536	Scarabaeidae,Geotrupidae	BBIOP1992-24_r_1.3_s_100	Chasmatopterus pilosulus	0	BBIOP1992-24	1.3	100
0	0	data/BGE00100_MGE-BGE_r1_1.3_1.5_s50_100.fasta	None	Scarabaeidae	BLAST	family	COI-5P	656	1536	Scarabaeidae,Geotrupidae	BBIOP1992-24_r_1.5_s_50	Chasmatopterus pilosulus	0	BBIOP1992-24	1.5	50
0	0	data/BGE00100_MGE-BGE_r1_1.3_1.5_s50_100.fasta	None	Scarabaeidae	BLAST	family	COI-5P	656	1536	Scarabaeidae,Geotrupidae	BBIOP1992-24_r_1.5_s_100	Chasmatopterus pilosulus	0	BBIOP1992-24	1.5	100
0	0	data/BGE00100_MGE-BGE_r1_1.3_1.5_s50_100.fasta	None	Scarabaeidae	BLAST	family	COI-5P	657	1536	Hydraenidae,Scarabaeidae	BBIOP1993-24_r_1_s_50	Chasmatopterus villosulus	0	BBIOP1993-24	1	50
0	0	data/BGE00100_MGE-BGE_r1_1.3_1.5_s50_100.fasta	None	Scarabaeidae	BLAST	family	COI-5P	657	1536	Hydraenidae,Scarabaeidae	BBIOP1993-24_r_1_s_100	Chasmatopterus villosulus	0	BBIOP1993-24	1	100
0	0	data/BGE00100_MGE-BGE_r1_1.3_1.5_s50_100.fasta	None	Scarabaeidae	BLAST	family	COI-5P	657	1536	Hydraenidae,Scarabaeidae	BBIOP1993-24_r_1.3_s_50	Chasmatopterus villosulus	0	BBIOP1993-24	1.3	50
0	0	data/BGE00100_MGE-BGE_r1_1.3_1.5_s50_100.fasta	None	Scarabaeidae	BLAST	family	COI-5P	657	1536	Hydraenidae,Scarabaeidae	BBIOP1993-24_r_1.3_s_100	Chasmatopterus villosulus	0	BBIOP1993-24	1.3	100
0	0	data/BGE00100_MGE-BGE_r1_1.3_1.5_s50_100.fasta	None	Scarabaeidae	BLAST	family	COI-5P	657	1536	Hydraenidae,Scarabaeidae	BBIOP1993-24_r_1.5_s_50	Chasmatopterus villosulus	0	BBIOP1993-24	1.5	50
0	0	data/BGE00100_MGE-BGE_r1_1.3_1.5_s50_100.fasta	None	Scarabaeidae	BLAST	family	COI-5P	657	1536	Hydraenidae,Scarabaeidae	BBIOP1993-24_r_1.5_s_100	Chasmatopterus villosulus	0	BBIOP1993-24	1.5	100
0	0	data/BGE00100_MGE-BGE_r1_1.3_1.5_s50_100.fasta	None	Scarabaeidae	BLAST	family	COI-5P	657	1536	Scarabaeidae,Geotrupidae	BBIOP1994-24_r_1_s_50	Chasmatopterus villosulus	0	BBIOP1994-24	1	50
0	0	data/BGE00100_MGE-BGE_r1_1.3_1.5_s50_100.fasta	None	Scarabaeidae	BLAST	family	COI-5P	657	1536	Scarabaeidae,Geotrupidae	BBIOP1994-24_r_1_s_100	Chasmatopterus villosulus	0	BBIOP1994-24	1	100
0	0	data/BGE00100_MGE-BGE_r1_1.3_1.5_s50_100.fasta	None	Scarabaeidae	BLAST	family	COI-5P	657	1536	Scarabaeidae,Geotrupidae	BBIOP1994-24_r_1.3_s_50	Chasmatopterus villosulus	0	BBIOP1994-24	1.3	50
0	0	data/BGE00100_MGE-BGE_r1_1.3_1.5_s50_100.fasta	None	Scarabaeidae	BLAST	family	COI-5P	657	1536	Scarabaeidae,Geotrupidae	BBIOP1994-24_r_1.3_s_100	Chasmatopterus villosulus	0	BBIOP1994-24	1.3	100
0	0	data/BGE00100_MGE-BGE_r1_1.3_1.5_s50_100.fasta	None	Scarabaeidae	BLAST	family	COI-5P	657	1536	Scarabaeidae,Geotrupidae	BBIOP1994-24_r_1.5_s_50	Chasmatopterus villosulus	0	BBIOP1994-24	1.5	50
0	0	data/BGE00100_MGE-BGE_r1_1.3_1.5_s50_100.fasta	None	Scarabaeidae	BLAST	family	COI-5P	657	1536	Scarabaeidae,Geotrupidae	BBIOP1994-24_r_1.5_s_100	Chasmatopterus villosulus	0	BBIOP1994-24	1.5	100
0	0	data/BGE00100_MGE-BGE_r1_1.3_1.5_s50_100.fasta	None	Ochodaeidae	BLAST	family	COI-5P	657	1539	Scarabaeidae,Geotrupidae	BBIOP1995-24_r_1_s_50	Ochodaeus montanus	0	BBIOP1995-24	1	50
0	0	data/BGE00100_MGE-BGE_r1_1.3_1.5_s50_100.fasta	None	Ochodaeidae	BLAST	family	COI-5P	657	1539	Scarabaeidae,Geotrupidae	BBIOP1995-24_r_1_s_100	Ochodaeus montanus	0	BBIOP1995-24	1	100
0	0	data/BGE00100_MGE-BGE_r1_1.3_1.5_s50_100.fasta	None	Ochodaeidae	BLAST	family	COI-5P	657	1539	Scarabaeidae,Geotrupidae	BBIOP1995-24_r_1.3_s_50	Ochodaeus montanus	0	BBIOP1995-24	1.3	50
0	0	data/BGE00100_MGE-BGE_r1_1.3_1.5_s50_100.fasta	None	Ochodaeidae	BLAST	family	COI-5P	657	1539	Scarabaeidae,Geotrupidae	BBIOP1995-24_r_1.3_s_100	Ochodaeus montanus	0	BBIOP1995-24	1.3	100
0	1	data/BGE00100_MGE-BGE_r1_1.3_1.5_s50_100.fasta	None	Ochodaeidae	BLAST	family	COI-5P	657	1527	Staphylinidae,Scarabaeidae,Geotrupidae	BBIOP1995-24_r_1.5_s_50	Ochodaeus montanus	0	BBIOP1995-24	1.5	50
0	0	data/BGE00100_MGE-BGE_r1_1.3_1.5_s50_100.fasta	None	Ochodaeidae	BLAST	family	COI-5P	657	1521	Staphylinidae,Scarabaeidae,Geotrupidae	BBIOP1995-24_r_1.5_s_100	Ochodaeus montanus	0	BBIOP1995-24	1.5	100
