ambig_basecount	ambig_full_basecount	dataset	error	identification	identification_method	identification_rank	marker_code	nuc_basecount	nuc_full_basecount	obs_taxon	sequence_id	species	stop_codons	group_id	r	s
2	2	data/BGE00401_MGE-BGE_r1_1.3_1.5_s50_100.fasta	None	Euphaeidae	BLAST	family	COI-5P	657	1539	Euphaeidae,Coenagrionidae	BGLIB001-23_r_1_s_50	Epallage fatime	0	BGLIB001-23	1	50
0	0	data/BGE00401_MGE-BGE_r1_1.3_1.5_s50_100.fasta	None	Euphaeidae	BLAST	family	COI-5P	657	1539	Euphaeidae,Coenagrionidae	BGLIB001-23_r_1_s_100	Epallage fatime	0	BGLIB001-23	1	100
0	0	data/BGE00401_MGE-BGE_r1_1.3_1.5_s50_100.fasta	None	Euphaeidae	BLAST	family	COI-5P	657	1539	Euphaeidae,Coenagrionidae	BGLIB001-23_r_1.3_s_50	Epallage fatime	0	BGLIB001-23	1.3	50
0	0	data/BGE00401_MGE-BGE_r1_1.3_1.5_s50_100.fasta	None	Euphaeidae	BLAST	family	COI-5P	657	1539	Euphaeidae,Coenagrionidae	BGLIB001-23_r_1.3_s_100	Epallage fatime	0	BGLIB001-23	1.3	100
0	0	data/BGE00401_MGE-BGE_r1_1.3_1.5_s50_100.fasta	None	Euphaeidae	BLAST	family	COI-5P	657	1539	Euphaeidae,Coenagrionidae	BGLIB001-23_r_1.5_s_50	Epallage fatime	0	BGLIB001-23	1.5	50
0	0	data/BGE00401_MGE-BGE_r1_1.3_1.5_s50_100.fasta	None	Euphaeidae	BLAST	family	COI-5P	657	1539	Euphaeidae,Coenagrionidae	BGLIB001-23_r_1.5_s_100	Epallage fatime	0	BGLIB001-23	1.5	100
2	2	data/BGE00401_MGE-BGE_r1_1.3_1.5_s50_100.fasta	None	Euphaeidae	BLAST	family	COI-5P	657	1545	Calopterygidae,Pseudolestidae,Euphaeidae,Aeshnidae,Libellulidae,Dolichopodidae	BGLIB002-23_r_1_s_50	Epallage fatime	0	BGLIB002-23	1	50
0	0	data/BGE00401_MGE-BGE_r1_1.3_1.5_s50_100.fasta	None	Euphaeidae	BLAST	family	COI-5P	657	1539	Euphaeidae,Coenagrionidae,Platycnemididae,Libellulidae	BGLIB002-23_r_1_s_100	Epallage fatime	0	BGLIB002-23	1	100
0	0	data/BGE00401_MGE-BGE_r1_1.3_1.5_s50_100.fasta	None	Euphaeidae	BLAST	family	COI-5P	657	1545	Euphaeidae,Coenagrionidae,Platycnemididae,Libellulidae	BGLIB002-23_r_1.3_s_50	Epallage fatime	0	BGLIB002-23	1.3	50
0	0	data/BGE00401_MGE-BGE_r1_1.3_1.5_s50_100.fasta	None	Euphaeidae	BLAST	family	COI-5P	657	1539	Euphaeidae,Coenagrionidae,Platycnemididae,Libellulidae	BGLIB002-23_r_1.3_s_100	Epallage fatime	0	BGLIB002-23	1.3	100
0	0	data/BGE00401_MGE-BGE_r1_1.3_1.5_s50_100.fasta	None	Euphaeidae	BLAST	family	COI-5P	657	1545	Euphaeidae,Coenagrionidae,Platycnemididae,Libellulidae	BGLIB002-23_r_1.5_s_50	Epallage fatime	0	BGLIB002-23	1.5	50
0	0	data/BGE00401_MGE-BGE_r1_1.3_1.5_s50_100.fasta	None	Euphaeidae	BLAST	family	COI-5P	657	1536	Euphaeidae,Coenagrionidae,Platycnemididae,Libellulidae	BGLIB002-23_r_1.5_s_100	Epallage fatime	0	BGLIB002-23	1.5	100
2	2	data/BGE00401_MGE-BGE_r1_1.3_1.5_s50_100.fasta	None	Gomphidae	BLAST	family	COI-5P	657	1569	Aeshnidae,Gomphidae	BGLIB003-23_r_1_s_50	Stylurus flavipes	0	BGLIB003-23	1	50
1	5	data/BGE00401_MGE-BGE_r1_1.3_1.5_s50_100.fasta	None	Gomphidae	BLAST	family	COI-5P	657	1569	Aeshnidae,Gomphidae	BGLIB003-23_r_1_s_100	Stylurus flavipes	0	BGLIB003-23	1	100
0	0	data/BGE00401_MGE-BGE_r1_1.3_1.5_s50_100.fasta	None	Gomphidae	BLAST	family	COI-5P	657	1557	Aeshnidae,Gomphidae	BGLIB003-23_r_1.3_s_50	Stylurus flavipes	0	BGLIB003-23	1.3	50
1	4	data/BGE00401_MGE-BGE_r1_1.3_1.5_s50_100.fasta	None	Gomphidae	BLAST	family	COI-5P	657	1557	Aeshnidae,Gomphidae	BGLIB003-23_r_1.3_s_100	Stylurus flavipes	0	BGLIB003-23	1.3	100
0	0	data/BGE00401_MGE-BGE_r1_1.3_1.5_s50_100.fasta	None	Gomphidae	BLAST	family	COI-5P	657	1539	Aeshnidae,Gomphidae	BGLIB003-23_r_1.5_s_50	Stylurus flavipes	0	BGLIB003-23	1.5	50
1	4	data/BGE00401_MGE-BGE_r1_1.3_1.5_s50_100.fasta	None	Gomphidae	BLAST	family	COI-5P	657	1539	Aeshnidae,Gomphidae	BGLIB003-23_r_1.5_s_100	Stylurus flavipes	0	BGLIB003-23	1.5	100
5	23	data/BGE00401_MGE-BGE_r1_1.3_1.5_s50_100.fasta	None	Gomphidae	BLAST	family	COI-5P	354	882	Aeshnidae,Libellulidae,Gomphidae,Nymphalidae	BGLIB004-23_r_1_s_50	Stylurus flavipes	0	BGLIB004-23	1	50
4	22	data/BGE00401_MGE-BGE_r1_1.3_1.5_s50_100.fasta	None	Gomphidae	BLAST	family	COI-5P	140	441	Noctuidae,Erebidae	BGLIB004-23_r_1_s_100	Stylurus flavipes	0	BGLIB004-23	1	100
5	23	data/BGE00401_MGE-BGE_r1_1.3_1.5_s50_100.fasta	None	Gomphidae	BLAST	family	COI-5P	354	882	Aeshnidae,Libellulidae,Gomphidae,Nymphalidae	BGLIB004-23_r_1.3_s_50	Stylurus flavipes	0	BGLIB004-23	1.3	50
4	22	data/BGE00401_MGE-BGE_r1_1.3_1.5_s50_100.fasta	None	Gomphidae	BLAST	family	COI-5P	140	441	Noctuidae,Erebidae	BGLIB004-23_r_1.3_s_100	Stylurus flavipes	0	BGLIB004-23	1.3	100
7	33	data/BGE00401_MGE-BGE_r1_1.3_1.5_s50_100.fasta	None	Gomphidae	BLAST	family	COI-5P	309	684	Aeshnidae,Libellulidae,Gomphidae,Nymphalidae	BGLIB004-23_r_1.5_s_50	Stylurus flavipes	0	BGLIB004-23	1.5	50
22	22	data/BGE00401_MGE-BGE_r1_1.3_1.5_s50_100.fasta	None	Gomphidae	BLAST	family	COI-5P	344	363	Noctuidae,Erebidae	BGLIB004-23_r_1.5_s_100	Stylurus flavipes	7	BGLIB004-23	1.5	100
0	7	data/BGE00401_MGE-BGE_r1_1.3_1.5_s50_100.fasta	None	Lestidae	BLAST	family	COI-5P	657	1563	Lestidae	BGLIB005-23_r_1_s_50	Chalcolestes viridis	0	BGLIB005-23	1	50
0	0	data/BGE00401_MGE-BGE_r1_1.3_1.5_s50_100.fasta	None	Lestidae	BLAST	family	COI-5P	657	1539	Lestidae	BGLIB005-23_r_1_s_100	Chalcolestes viridis	0	BGLIB005-23	1	100
0	4	data/BGE00401_MGE-BGE_r1_1.3_1.5_s50_100.fasta	None	Lestidae	BLAST	family	COI-5P	657	1539	Lestidae	BGLIB005-23_r_1.3_s_50	Chalcolestes viridis	0	BGLIB005-23	1.3	50
0	0	data/BGE00401_MGE-BGE_r1_1.3_1.5_s50_100.fasta	None	Lestidae	BLAST	family	COI-5P	657	1527	Lestidae	BGLIB005-23_r_1.3_s_100	Chalcolestes viridis	0	BGLIB005-23	1.3	100
0	0	data/BGE00401_MGE-BGE_r1_1.3_1.5_s50_100.fasta	None	Lestidae	BLAST	family	COI-5P	657	1509	Lestidae	BGLIB005-23_r_1.5_s_50	Chalcolestes viridis	0	BGLIB005-23	1.5	50
0	0	data/BGE00401_MGE-BGE_r1_1.3_1.5_s50_100.fasta	None	Lestidae	BLAST	family	COI-5P	657	1476	Lestidae	BGLIB005-23_r_1.5_s_100	Chalcolestes viridis	0	BGLIB005-23	1.5	100
0	2	data/BGE00401_MGE-BGE_r1_1.3_1.5_s50_100.fasta	None	Lestidae	BLAST	family	COI-5P	657	1566	Lestidae	BGLIB006-23_r_1_s_50	Chalcolestes viridis	0	BGLIB006-23	1	50
0	1	data/BGE00401_MGE-BGE_r1_1.3_1.5_s50_100.fasta	None	Lestidae	BLAST	family	COI-5P	657	1539	Lestidae	BGLIB006-23_r_1_s_100	Chalcolestes viridis	0	BGLIB006-23	1	100
0	1	data/BGE00401_MGE-BGE_r1_1.3_1.5_s50_100.fasta	None	Lestidae	BLAST	family	COI-5P	657	1518	Lestidae	BGLIB006-23_r_1.3_s_50	Chalcolestes viridis	0	BGLIB006-23	1.3	50
0	0	data/BGE00401_MGE-BGE_r1_1.3_1.5_s50_100.fasta	None	Lestidae	BLAST	family	COI-5P	657	1491	Lestidae	BGLIB006-23_r_1.3_s_100	Chalcolestes viridis	0	BGLIB006-23	1.3	100
0	0	data/BGE00401_MGE-BGE_r1_1.3_1.5_s50_100.fasta	None	Lestidae	BLAST	family	COI-5P	657	1473	Lestidae	BGLIB006-23_r_1.5_s_50	Chalcolestes viridis	0	BGLIB006-23	1.5	50
0	0	data/BGE00401_MGE-BGE_r1_1.3_1.5_s50_100.fasta	None	Lestidae	BLAST	family	COI-5P	657	1467	Lestidae	BGLIB006-23_r_1.5_s_100	Chalcolestes viridis	0	BGLIB006-23	1.5	100
7	18	data/BGE00401_MGE-BGE_r1_1.3_1.5_s50_100.fasta	None	Nemouridae	BLAST	family	COI-5P	482	1092	Chloropidae	BGLIB007-23_r_1_s_50	Protonemura mattheyi	0	BGLIB007-23	1	50
6	24	data/BGE00401_MGE-BGE_r1_1.3_1.5_s50_100.fasta	None	Nemouridae	BLAST	family	COI-5P	189	807	Culicidae,Tabanidae	BGLIB007-23_r_1_s_100	Protonemura mattheyi	0	BGLIB007-23	1	100
7	18	data/BGE00401_MGE-BGE_r1_1.3_1.5_s50_100.fasta	None	Nemouridae	BLAST	family	COI-5P	482	1092	Chloropidae	BGLIB007-23_r_1.3_s_50	Protonemura mattheyi	0	BGLIB007-23	1.3	50
6	24	data/BGE00401_MGE-BGE_r1_1.3_1.5_s50_100.fasta	None	Nemouridae	BLAST	family	COI-5P	189	807	Culicidae,Tabanidae	BGLIB007-23_r_1.3_s_100	Protonemura mattheyi	0	BGLIB007-23	1.3	100
6	12	data/BGE00401_MGE-BGE_r1_1.3_1.5_s50_100.fasta	None	Nemouridae	BLAST	family	COI-5P	477	1086	Gryllidae,Drosophilidae,Tabanidae,Pieridae,Nymphalidae	BGLIB007-23_r_1.5_s_50	Protonemura mattheyi	0	BGLIB007-23	1.5	50
5	18	data/BGE00401_MGE-BGE_r1_1.3_1.5_s50_100.fasta	None	Nemouridae	BLAST	family	COI-5P	190	807	Culicidae,Tabanidae	BGLIB007-23_r_1.5_s_100	Protonemura mattheyi	0	BGLIB007-23	1.5	100
0	0	data/BGE00401_MGE-BGE_r1_1.3_1.5_s50_100.fasta	None	Perlidae	BLAST	family	COI-5P	625	1584	Perlidae	BGLIB008-23_r_1_s_50	Perla burmeisteriana	0	BGLIB008-23	1	50
0	0	data/BGE00401_MGE-BGE_r1_1.3_1.5_s50_100.fasta	None	Perlidae	BLAST	family	COI-5P	625	1542	Perlidae	BGLIB008-23_r_1_s_100	Perla burmeisteriana	0	BGLIB008-23	1	100
0	0	data/BGE00401_MGE-BGE_r1_1.3_1.5_s50_100.fasta	None	Perlidae	BLAST	family	COI-5P	625	1584	Perlidae	BGLIB008-23_r_1.3_s_50	Perla burmeisteriana	0	BGLIB008-23	1.3	50
0	0	data/BGE00401_MGE-BGE_r1_1.3_1.5_s50_100.fasta	None	Perlidae	BLAST	family	COI-5P	625	1542	Perlidae	BGLIB008-23_r_1.3_s_100	Perla burmeisteriana	0	BGLIB008-23	1.3	100
0	0	data/BGE00401_MGE-BGE_r1_1.3_1.5_s50_100.fasta	None	Perlidae	BLAST	family	COI-5P	625	1584	Perlidae	BGLIB008-23_r_1.5_s_50	Perla burmeisteriana	0	BGLIB008-23	1.5	50
0	0	data/BGE00401_MGE-BGE_r1_1.3_1.5_s50_100.fasta	None	Perlidae	BLAST	family	COI-5P	625	1542	Perlidae	BGLIB008-23_r_1.5_s_100	Perla burmeisteriana	0	BGLIB008-23	1.5	100
3	9	data/BGE00401_MGE-BGE_r1_1.3_1.5_s50_100.fasta	None	Taeniopterygidae	BLAST	family	COI-5P	121	714	Lestidae,Chloroperlidae	BGLIB009-23_r_1_s_50	Brachyptera helenica	1	BGLIB009-23	1	50
0	0	data/BGE00401_MGE-BGE_r1_1.3_1.5_s50_100.fasta	None	Taeniopterygidae	BLAST	family	COI-5P	142	210	Lestidae	BGLIB009-23_r_1_s_100	Brachyptera helenica	0	BGLIB009-23	1	100
3	9	data/BGE00401_MGE-BGE_r1_1.3_1.5_s50_100.fasta	None	Taeniopterygidae	BLAST	family	COI-5P	147	552	Lestidae,Carabidae,Saturniidae	BGLIB009-23_r_1.3_s_50	Brachyptera helenica	2	BGLIB009-23	1.3	50
0	0	data/BGE00401_MGE-BGE_r1_1.3_1.5_s50_100.fasta	None	Taeniopterygidae	BLAST	family	COI-5P	142	210	Lestidae	BGLIB009-23_r_1.3_s_100	Brachyptera helenica	0	BGLIB009-23	1.3	100
3	9	data/BGE00401_MGE-BGE_r1_1.3_1.5_s50_100.fasta	None	Taeniopterygidae	BLAST	family	COI-5P	148	429	Blaberidae,Capniidae,Leuctridae,Gripopterygidae,Dermestidae,Bombyliidae	BGLIB009-23_r_1.5_s_50	Brachyptera helenica	2	BGLIB009-23	1.5	50
0	0	data/BGE00401_MGE-BGE_r1_1.3_1.5_s50_100.fasta	None	Taeniopterygidae	BLAST	family	COI-5P	101	129	Lestidae	BGLIB009-23_r_1.5_s_100	Brachyptera helenica	0	BGLIB009-23	1.5	100
49	87	data/BGE00401_MGE-BGE_r1_1.3_1.5_s50_100.fasta	None	Perlidae	BLAST	family	COI-5P	594	1464	Culicidae,Cossidae,Saturniidae,Noctuidae,Erebidae,Crambidae	BGLIB010-23_r_1_s_50	Marthamea selysii	0	BGLIB010-23	1	50
27	55	data/BGE00401_MGE-BGE_r1_1.3_1.5_s50_100.fasta	None	Perlidae	BLAST	family	COI-5P	492	1188	Cossidae,Crambidae	BGLIB010-23_r_1_s_100	Marthamea selysii	0	BGLIB010-23	1	100
17	39	data/BGE00401_MGE-BGE_r1_1.3_1.5_s50_100.fasta	None	Perlidae	BLAST	family	COI-5P	594	1266	Culicidae,Noctuidae	BGLIB010-23_r_1.3_s_50	Marthamea selysii	0	BGLIB010-23	1.3	50
23	50	data/BGE00401_MGE-BGE_r1_1.3_1.5_s50_100.fasta	None	Perlidae	BLAST	family	COI-5P	468	1011	Nolidae,Crambidae	BGLIB010-23_r_1.3_s_100	Marthamea selysii	0	BGLIB010-23	1.3	100
15	38	data/BGE00401_MGE-BGE_r1_1.3_1.5_s50_100.fasta	None	Perlidae	BLAST	family	COI-5P	510	1107	Culicidae,Cossidae,Pieridae,Geometridae	BGLIB010-23_r_1.5_s_50	Marthamea selysii	0	BGLIB010-23	1.5	50
23	30	data/BGE00401_MGE-BGE_r1_1.3_1.5_s50_100.fasta	None	Perlidae	BLAST	family	COI-5P	469	921	Nolidae,Crambidae	BGLIB010-23_r_1.5_s_100	Marthamea selysii	0	BGLIB010-23	1.5	100
2	18	data/BGE00401_MGE-BGE_r1_1.3_1.5_s50_100.fasta	None	Perlodidae	BLAST	family	COI-5P	656	1554	Perlodidae	BGLIB011-23_r_1_s_50	Dictyogenus alpinum	0	BGLIB011-23	1	50
5	8	data/BGE00401_MGE-BGE_r1_1.3_1.5_s50_100.fasta	None	Perlodidae	BLAST	family	COI-5P	648	1521	Perlodidae	BGLIB011-23_r_1_s_100	Dictyogenus alpinum	0	BGLIB011-23	1	100
0	3	data/BGE00401_MGE-BGE_r1_1.3_1.5_s50_100.fasta	None	Perlodidae	BLAST	family	COI-5P	656	1539	Perlodidae	BGLIB011-23_r_1.3_s_50	Dictyogenus alpinum	0	BGLIB011-23	1.3	50
5	8	data/BGE00401_MGE-BGE_r1_1.3_1.5_s50_100.fasta	None	Perlodidae	BLAST	family	COI-5P	648	1521	Perlodidae	BGLIB011-23_r_1.3_s_100	Dictyogenus alpinum	0	BGLIB011-23	1.3	100
3	6	data/BGE00401_MGE-BGE_r1_1.3_1.5_s50_100.fasta	None	Perlodidae	BLAST	family	COI-5P	656	1539	Perlodidae	BGLIB011-23_r_1.5_s_50	Dictyogenus alpinum	0	BGLIB011-23	1.5	50
4	10	data/BGE00401_MGE-BGE_r1_1.3_1.5_s50_100.fasta	None	Perlodidae	BLAST	family	COI-5P	648	1521	Perlodidae	BGLIB011-23_r_1.5_s_100	Dictyogenus alpinum	0	BGLIB011-23	1.5	100
0	0	data/BGE00401_MGE-BGE_r1_1.3_1.5_s50_100.fasta	None	Cossidae	BLAST	family	COI-5P	657	1530	Erebidae,Papilionidae,Pyralidae,Crambidae,Geometridae	BGLIB012-23_r_1_s_50	Dyspessa emilia	0	BGLIB012-23	1	50
0	0	data/BGE00401_MGE-BGE_r1_1.3_1.5_s50_100.fasta	None	Cossidae	BLAST	family	COI-5P	657	1530	Erebidae,Papilionidae,Pyralidae,Crambidae,Geometridae	BGLIB012-23_r_1_s_100	Dyspessa emilia	0	BGLIB012-23	1	100
0	0	data/BGE00401_MGE-BGE_r1_1.3_1.5_s50_100.fasta	None	Cossidae	BLAST	family	COI-5P	657	1530	Erebidae,Papilionidae,Pyralidae,Crambidae,Geometridae	BGLIB012-23_r_1.3_s_50	Dyspessa emilia	0	BGLIB012-23	1.3	50
0	0	data/BGE00401_MGE-BGE_r1_1.3_1.5_s50_100.fasta	None	Cossidae	BLAST	family	COI-5P	657	1530	Erebidae,Papilionidae,Pyralidae,Crambidae,Geometridae	BGLIB012-23_r_1.3_s_100	Dyspessa emilia	0	BGLIB012-23	1.3	100
0	0	data/BGE00401_MGE-BGE_r1_1.3_1.5_s50_100.fasta	None	Cossidae	BLAST	family	COI-5P	657	1530	Erebidae,Papilionidae,Pyralidae,Crambidae,Geometridae	BGLIB012-23_r_1.5_s_50	Dyspessa emilia	0	BGLIB012-23	1.5	50
0	0	data/BGE00401_MGE-BGE_r1_1.3_1.5_s50_100.fasta	None	Cossidae	BLAST	family	COI-5P	657	1530	Erebidae,Papilionidae,Pyralidae,Crambidae,Geometridae	BGLIB012-23_r_1.5_s_100	Dyspessa emilia	0	BGLIB012-23	1.5	100
0	0	data/BGE00401_MGE-BGE_r1_1.3_1.5_s50_100.fasta	None	Erebidae	BLAST	family	COI-5P	657	1533	Erebidae	BGLIB013-23_r_1_s_50	Arctia dejeani	0	BGLIB013-23	1	50
0	0	data/BGE00401_MGE-BGE_r1_1.3_1.5_s50_100.fasta	None	Erebidae	BLAST	family	COI-5P	657	1533	Erebidae	BGLIB013-23_r_1_s_100	Arctia dejeani	0	BGLIB013-23	1	100
0	0	data/BGE00401_MGE-BGE_r1_1.3_1.5_s50_100.fasta	None	Erebidae	BLAST	family	COI-5P	657	1533	Erebidae	BGLIB013-23_r_1.3_s_50	Arctia dejeani	0	BGLIB013-23	1.3	50
0	0	data/BGE00401_MGE-BGE_r1_1.3_1.5_s50_100.fasta	None	Erebidae	BLAST	family	COI-5P	657	1533	Erebidae	BGLIB013-23_r_1.3_s_100	Arctia dejeani	0	BGLIB013-23	1.3	100
0	0	data/BGE00401_MGE-BGE_r1_1.3_1.5_s50_100.fasta	None	Erebidae	BLAST	family	COI-5P	657	1533	Erebidae	BGLIB013-23_r_1.5_s_50	Arctia dejeani	0	BGLIB013-23	1.5	50
0	0	data/BGE00401_MGE-BGE_r1_1.3_1.5_s50_100.fasta	None	Erebidae	BLAST	family	COI-5P	657	1533	Erebidae	BGLIB013-23_r_1.5_s_100	Arctia dejeani	0	BGLIB013-23	1.5	100
0	0	data/BGE00401_MGE-BGE_r1_1.3_1.5_s50_100.fasta	None	Erebidae	BLAST	family	COI-5P	657	1533	Erebidae	BGLIB014-23_r_1_s_50	Diaphora luctuosa	0	BGLIB014-23	1	50
0	0	data/BGE00401_MGE-BGE_r1_1.3_1.5_s50_100.fasta	None	Erebidae	BLAST	family	COI-5P	657	1533	Erebidae	BGLIB014-23_r_1_s_100	Diaphora luctuosa	0	BGLIB014-23	1	100
0	0	data/BGE00401_MGE-BGE_r1_1.3_1.5_s50_100.fasta	None	Erebidae	BLAST	family	COI-5P	657	1533	Erebidae	BGLIB014-23_r_1.3_s_50	Diaphora luctuosa	0	BGLIB014-23	1.3	50
0	0	data/BGE00401_MGE-BGE_r1_1.3_1.5_s50_100.fasta	None	Erebidae	BLAST	family	COI-5P	657	1533	Erebidae	BGLIB014-23_r_1.3_s_100	Diaphora luctuosa	0	BGLIB014-23	1.3	100
0	0	data/BGE00401_MGE-BGE_r1_1.3_1.5_s50_100.fasta	None	Erebidae	BLAST	family	COI-5P	657	1533	Erebidae	BGLIB014-23_r_1.5_s_50	Diaphora luctuosa	0	BGLIB014-23	1.5	50
0	0	data/BGE00401_MGE-BGE_r1_1.3_1.5_s50_100.fasta	None	Erebidae	BLAST	family	COI-5P	657	1533	Erebidae	BGLIB014-23_r_1.5_s_100	Diaphora luctuosa	0	BGLIB014-23	1.5	100
3	13	data/BGE00401_MGE-BGE_r1_1.3_1.5_s50_100.fasta	None	Erebidae	BLAST	family	COI-5P	522	1167	Noctuidae,Erebidae	BGLIB015-23_r_1_s_50	Ocneria lapidicola	0	BGLIB015-23	1	50
3	4	data/BGE00401_MGE-BGE_r1_1.3_1.5_s50_100.fasta	None	Erebidae	BLAST	family	COI-5P	413	873	Noctuidae	BGLIB015-23_r_1_s_100	Ocneria lapidicola	0	BGLIB015-23	1	100
3	13	data/BGE00401_MGE-BGE_r1_1.3_1.5_s50_100.fasta	None	Erebidae	BLAST	family	COI-5P	522	1167	Noctuidae,Erebidae	BGLIB015-23_r_1.3_s_50	Ocneria lapidicola	0	BGLIB015-23	1.3	50
3	4	data/BGE00401_MGE-BGE_r1_1.3_1.5_s50_100.fasta	None	Erebidae	BLAST	family	COI-5P	413	873	Noctuidae	BGLIB015-23_r_1.3_s_100	Ocneria lapidicola	0	BGLIB015-23	1.3	100
5	8	data/BGE00401_MGE-BGE_r1_1.3_1.5_s50_100.fasta	None	Erebidae	BLAST	family	COI-5P	434	1065	Noctuidae,Erebidae	BGLIB015-23_r_1.5_s_50	Ocneria lapidicola	0	BGLIB015-23	1.5	50
3	4	data/BGE00401_MGE-BGE_r1_1.3_1.5_s50_100.fasta	None	Erebidae	BLAST	family	COI-5P	413	873	Noctuidae	BGLIB015-23_r_1.5_s_100	Ocneria lapidicola	0	BGLIB015-23	1.5	100
1	1	data/BGE00401_MGE-BGE_r1_1.3_1.5_s50_100.fasta	None	Erebidae	BLAST	family	COI-5P	657	1563	Noctuidae,Erebidae,Euteliidae	BGLIB016-23_r_1_s_50	Ocneria terebinthi	0	BGLIB016-23	1	50
0	0	data/BGE00401_MGE-BGE_r1_1.3_1.5_s50_100.fasta	None	Erebidae	BLAST	family	COI-5P	657	1515	Noctuidae,Nolidae,Erebidae,Euteliidae	BGLIB016-23_r_1_s_100	Ocneria terebinthi	0	BGLIB016-23	1	100
5	5	data/BGE00401_MGE-BGE_r1_1.3_1.5_s50_100.fasta	None	Erebidae	BLAST	family	COI-5P	657	1554	Noctuidae,Erebidae,Euteliidae	BGLIB016-23_r_1.3_s_50	Ocneria terebinthi	0	BGLIB016-23	1.3	50
0	0	data/BGE00401_MGE-BGE_r1_1.3_1.5_s50_100.fasta	None	Erebidae	BLAST	family	COI-5P	657	1515	Noctuidae,Nolidae,Erebidae,Euteliidae	BGLIB016-23_r_1.3_s_100	Ocneria terebinthi	0	BGLIB016-23	1.3	100
0	0	data/BGE00401_MGE-BGE_r1_1.3_1.5_s50_100.fasta	None	Erebidae	BLAST	family	COI-5P	657	1554	Noctuidae,Nolidae,Erebidae,Euteliidae	BGLIB016-23_r_1.5_s_50	Ocneria terebinthi	0	BGLIB016-23	1.5	50
0	0	data/BGE00401_MGE-BGE_r1_1.3_1.5_s50_100.fasta	None	Erebidae	BLAST	family	COI-5P	657	1515	Noctuidae,Nolidae,Erebidae,Euteliidae	BGLIB016-23_r_1.5_s_100	Ocneria terebinthi	0	BGLIB016-23	1.5	100
0	0	data/BGE00401_MGE-BGE_r1_1.3_1.5_s50_100.fasta	None	Erebidae	BLAST	family	COI-5P	657	1533	Erebidae	BGLIB017-23_r_1_s_50	Ocnogyna boeticum	0	BGLIB017-23	1	50
0	0	data/BGE00401_MGE-BGE_r1_1.3_1.5_s50_100.fasta	None	Erebidae	BLAST	family	COI-5P	657	1533	Erebidae	BGLIB017-23_r_1_s_100	Ocnogyna boeticum	0	BGLIB017-23	1	100
0	0	data/BGE00401_MGE-BGE_r1_1.3_1.5_s50_100.fasta	None	Erebidae	BLAST	family	COI-5P	657	1533	Erebidae	BGLIB017-23_r_1.3_s_50	Ocnogyna boeticum	0	BGLIB017-23	1.3	50
0	0	data/BGE00401_MGE-BGE_r1_1.3_1.5_s50_100.fasta	None	Erebidae	BLAST	family	COI-5P	657	1533	Erebidae	BGLIB017-23_r_1.3_s_100	Ocnogyna boeticum	0	BGLIB017-23	1.3	100
0	0	data/BGE00401_MGE-BGE_r1_1.3_1.5_s50_100.fasta	None	Erebidae	BLAST	family	COI-5P	657	1533	Erebidae	BGLIB017-23_r_1.5_s_50	Ocnogyna boeticum	0	BGLIB017-23	1.5	50
0	0	data/BGE00401_MGE-BGE_r1_1.3_1.5_s50_100.fasta	None	Erebidae	BLAST	family	COI-5P	657	1533	Erebidae	BGLIB017-23_r_1.5_s_100	Ocnogyna boeticum	0	BGLIB017-23	1.5	100
0	0	data/BGE00401_MGE-BGE_r1_1.3_1.5_s50_100.fasta	None	Erebidae	BLAST	family	COI-5P	657	1530	Noctuidae	BGLIB018-23_r_1_s_50	Orgyia corsica	0	BGLIB018-23	1	50
0	0	data/BGE00401_MGE-BGE_r1_1.3_1.5_s50_100.fasta	None	Erebidae	BLAST	family	COI-5P	657	1530	Noctuidae	BGLIB018-23_r_1_s_100	Orgyia corsica	0	BGLIB018-23	1	100
0	0	data/BGE00401_MGE-BGE_r1_1.3_1.5_s50_100.fasta	None	Erebidae	BLAST	family	COI-5P	657	1530	Noctuidae	BGLIB018-23_r_1.3_s_50	Orgyia corsica	0	BGLIB018-23	1.3	50
0	0	data/BGE00401_MGE-BGE_r1_1.3_1.5_s50_100.fasta	None	Erebidae	BLAST	family	COI-5P	657	1530	Noctuidae	BGLIB018-23_r_1.3_s_100	Orgyia corsica	0	BGLIB018-23	1.3	100
0	0	data/BGE00401_MGE-BGE_r1_1.3_1.5_s50_100.fasta	None	Erebidae	BLAST	family	COI-5P	657	1530	Noctuidae	BGLIB018-23_r_1.5_s_50	Orgyia corsica	0	BGLIB018-23	1.5	50
0	0	data/BGE00401_MGE-BGE_r1_1.3_1.5_s50_100.fasta	None	Erebidae	BLAST	family	COI-5P	657	1530	Noctuidae	BGLIB018-23_r_1.5_s_100	Orgyia corsica	0	BGLIB018-23	1.5	100
0	0	data/BGE00401_MGE-BGE_r1_1.3_1.5_s50_100.fasta	None	Geometridae	BLAST	family	COI-5P	657	1542	Geometridae	BGLIB019-23_r_1_s_50	Dyscia sicanaria	0	BGLIB019-23	1	50
0	0	data/BGE00401_MGE-BGE_r1_1.3_1.5_s50_100.fasta	None	Geometridae	BLAST	family	COI-5P	657	1530	Geometridae	BGLIB019-23_r_1_s_100	Dyscia sicanaria	0	BGLIB019-23	1	100
0	0	data/BGE00401_MGE-BGE_r1_1.3_1.5_s50_100.fasta	None	Geometridae	BLAST	family	COI-5P	657	1530	Geometridae	BGLIB019-23_r_1.3_s_50	Dyscia sicanaria	0	BGLIB019-23	1.3	50
0	0	data/BGE00401_MGE-BGE_r1_1.3_1.5_s50_100.fasta	None	Geometridae	BLAST	family	COI-5P	657	1530	Geometridae	BGLIB019-23_r_1.3_s_100	Dyscia sicanaria	0	BGLIB019-23	1.3	100
0	0	data/BGE00401_MGE-BGE_r1_1.3_1.5_s50_100.fasta	None	Geometridae	BLAST	family	COI-5P	657	1530	Geometridae	BGLIB019-23_r_1.5_s_50	Dyscia sicanaria	0	BGLIB019-23	1.5	50
0	0	data/BGE00401_MGE-BGE_r1_1.3_1.5_s50_100.fasta	None	Geometridae	BLAST	family	COI-5P	657	1530	Geometridae	BGLIB019-23_r_1.5_s_100	Dyscia sicanaria	0	BGLIB019-23	1.5	100
0	0	data/BGE00401_MGE-BGE_r1_1.3_1.5_s50_100.fasta	None	Geometridae	BLAST	family	COI-5P	657	1542	Geometridae	BGLIB020-23_r_1_s_50	Dyscia sicanaria	0	BGLIB020-23	1	50
0	0	data/BGE00401_MGE-BGE_r1_1.3_1.5_s50_100.fasta	None	Geometridae	BLAST	family	COI-5P	657	1530	Geometridae	BGLIB020-23_r_1_s_100	Dyscia sicanaria	0	BGLIB020-23	1	100
0	0	data/BGE00401_MGE-BGE_r1_1.3_1.5_s50_100.fasta	None	Geometridae	BLAST	family	COI-5P	657	1542	Geometridae	BGLIB020-23_r_1.3_s_50	Dyscia sicanaria	0	BGLIB020-23	1.3	50
0	0	data/BGE00401_MGE-BGE_r1_1.3_1.5_s50_100.fasta	None	Geometridae	BLAST	family	COI-5P	657	1530	Geometridae	BGLIB020-23_r_1.3_s_100	Dyscia sicanaria	0	BGLIB020-23	1.3	100
0	0	data/BGE00401_MGE-BGE_r1_1.3_1.5_s50_100.fasta	None	Geometridae	BLAST	family	COI-5P	657	1530	Geometridae	BGLIB020-23_r_1.5_s_50	Dyscia sicanaria	0	BGLIB020-23	1.5	50
0	0	data/BGE00401_MGE-BGE_r1_1.3_1.5_s50_100.fasta	None	Geometridae	BLAST	family	COI-5P	657	1530	Geometridae	BGLIB020-23_r_1.5_s_100	Dyscia sicanaria	0	BGLIB020-23	1.5	100
0	0	data/BGE00401_MGE-BGE_r1_1.3_1.5_s50_100.fasta	None	Tortricidae	BLAST	family	COI-5P	657	1533	Hepialidae	BGLIB021-23_r_1_s_50	Pharmacis pyrenaicus	0	BGLIB021-23	1	50
0	0	data/BGE00401_MGE-BGE_r1_1.3_1.5_s50_100.fasta	None	Tortricidae	BLAST	family	COI-5P	657	1533	Hepialidae	BGLIB021-23_r_1_s_100	Pharmacis pyrenaicus	0	BGLIB021-23	1	100
0	0	data/BGE00401_MGE-BGE_r1_1.3_1.5_s50_100.fasta	None	Tortricidae	BLAST	family	COI-5P	657	1533	Hepialidae	BGLIB021-23_r_1.3_s_50	Pharmacis pyrenaicus	0	BGLIB021-23	1.3	50
0	0	data/BGE00401_MGE-BGE_r1_1.3_1.5_s50_100.fasta	None	Tortricidae	BLAST	family	COI-5P	657	1533	Hepialidae	BGLIB021-23_r_1.3_s_100	Pharmacis pyrenaicus	0	BGLIB021-23	1.3	100
0	0	data/BGE00401_MGE-BGE_r1_1.3_1.5_s50_100.fasta	None	Tortricidae	BLAST	family	COI-5P	657	1533	Hepialidae	BGLIB021-23_r_1.5_s_50	Pharmacis pyrenaicus	0	BGLIB021-23	1.5	50
0	0	data/BGE00401_MGE-BGE_r1_1.3_1.5_s50_100.fasta	None	Tortricidae	BLAST	family	COI-5P	657	1533	Hepialidae	BGLIB021-23_r_1.5_s_100	Pharmacis pyrenaicus	0	BGLIB021-23	1.5	100
1	1	data/BGE00401_MGE-BGE_r1_1.3_1.5_s50_100.fasta	None	Hepialidae	BLAST	family	COI-5P	657	1530	Hepialidae	BGLIB022-23_r_1_s_50	Triodia amasinus	0	BGLIB022-23	1	50
0	0	data/BGE00401_MGE-BGE_r1_1.3_1.5_s50_100.fasta	None	Hepialidae	BLAST	family	COI-5P	657	1530	Hepialidae	BGLIB022-23_r_1_s_100	Triodia amasinus	0	BGLIB022-23	1	100
0	0	data/BGE00401_MGE-BGE_r1_1.3_1.5_s50_100.fasta	None	Hepialidae	BLAST	family	COI-5P	657	1530	Hepialidae	BGLIB022-23_r_1.3_s_50	Triodia amasinus	0	BGLIB022-23	1.3	50
0	0	data/BGE00401_MGE-BGE_r1_1.3_1.5_s50_100.fasta	None	Hepialidae	BLAST	family	COI-5P	657	1530	Hepialidae	BGLIB022-23_r_1.3_s_100	Triodia amasinus	0	BGLIB022-23	1.3	100
0	0	data/BGE00401_MGE-BGE_r1_1.3_1.5_s50_100.fasta	None	Hepialidae	BLAST	family	COI-5P	657	1530	Hepialidae	BGLIB022-23_r_1.5_s_50	Triodia amasinus	0	BGLIB022-23	1.5	50
0	0	data/BGE00401_MGE-BGE_r1_1.3_1.5_s50_100.fasta	None	Hepialidae	BLAST	family	COI-5P	657	1530	Hepialidae	BGLIB022-23_r_1.5_s_100	Triodia amasinus	0	BGLIB022-23	1.5	100
0	4	data/BGE00401_MGE-BGE_r1_1.3_1.5_s50_100.fasta	None	Lasiocampidae	BLAST	family	COI-5P	657	1530	Lasiocampidae	BGLIB023-23_r_1_s_50	Pachypasa limosa	0	BGLIB023-23	1	50
4	7	data/BGE00401_MGE-BGE_r1_1.3_1.5_s50_100.fasta	None	Lasiocampidae	BLAST	family	COI-5P	657	1518	Lasiocampidae	BGLIB023-23_r_1_s_100	Pachypasa limosa	0	BGLIB023-23	1	100
0	0	data/BGE00401_MGE-BGE_r1_1.3_1.5_s50_100.fasta	None	Lasiocampidae	BLAST	family	COI-5P	657	1530	Lasiocampidae	BGLIB023-23_r_1.3_s_50	Pachypasa limosa	0	BGLIB023-23	1.3	50
4	6	data/BGE00401_MGE-BGE_r1_1.3_1.5_s50_100.fasta	None	Lasiocampidae	BLAST	family	COI-5P	657	1518	Lasiocampidae	BGLIB023-23_r_1.3_s_100	Pachypasa limosa	0	BGLIB023-23	1.3	100
2	3	data/BGE00401_MGE-BGE_r1_1.3_1.5_s50_100.fasta	None	Lasiocampidae	BLAST	family	COI-5P	657	1527	Lasiocampidae	BGLIB023-23_r_1.5_s_50	Pachypasa limosa	0	BGLIB023-23	1.5	50
3	5	data/BGE00401_MGE-BGE_r1_1.3_1.5_s50_100.fasta	None	Lasiocampidae	BLAST	family	COI-5P	657	1518	Lasiocampidae	BGLIB023-23_r_1.5_s_100	Pachypasa limosa	0	BGLIB023-23	1.5	100
0	0	data/BGE00401_MGE-BGE_r1_1.3_1.5_s50_100.fasta	None	Noctuidae	BLAST	family	COI-5P	657	1533	Noctuidae	BGLIB024-23_r_1_s_50	Apamea ferrago	0	BGLIB024-23	1	50
0	0	data/BGE00401_MGE-BGE_r1_1.3_1.5_s50_100.fasta	None	Noctuidae	BLAST	family	COI-5P	657	1533	Noctuidae	BGLIB024-23_r_1_s_100	Apamea ferrago	0	BGLIB024-23	1	100
0	0	data/BGE00401_MGE-BGE_r1_1.3_1.5_s50_100.fasta	None	Noctuidae	BLAST	family	COI-5P	657	1533	Noctuidae	BGLIB024-23_r_1.3_s_50	Apamea ferrago	0	BGLIB024-23	1.3	50
0	0	data/BGE00401_MGE-BGE_r1_1.3_1.5_s50_100.fasta	None	Noctuidae	BLAST	family	COI-5P	657	1533	Noctuidae	BGLIB024-23_r_1.3_s_100	Apamea ferrago	0	BGLIB024-23	1.3	100
0	0	data/BGE00401_MGE-BGE_r1_1.3_1.5_s50_100.fasta	None	Noctuidae	BLAST	family	COI-5P	657	1533	Noctuidae	BGLIB024-23_r_1.5_s_50	Apamea ferrago	0	BGLIB024-23	1.5	50
0	0	data/BGE00401_MGE-BGE_r1_1.3_1.5_s50_100.fasta	None	Noctuidae	BLAST	family	COI-5P	657	1533	Noctuidae	BGLIB024-23_r_1.5_s_100	Apamea ferrago	0	BGLIB024-23	1.5	100
0	2	data/BGE00401_MGE-BGE_r1_1.3_1.5_s50_100.fasta	None	Noctuidae	BLAST	family	COI-5P	657	1545	Noctuidae	BGLIB025-23_r_1_s_50	Behounekia freyeri	0	BGLIB025-23	1	50
0	0	data/BGE00401_MGE-BGE_r1_1.3_1.5_s50_100.fasta	None	Noctuidae	BLAST	family	COI-5P	657	1530	Noctuidae	BGLIB025-23_r_1_s_100	Behounekia freyeri	0	BGLIB025-23	1	100
0	2	data/BGE00401_MGE-BGE_r1_1.3_1.5_s50_100.fasta	None	Noctuidae	BLAST	family	COI-5P	657	1545	Noctuidae	BGLIB025-23_r_1.3_s_50	Behounekia freyeri	0	BGLIB025-23	1.3	50
0	0	data/BGE00401_MGE-BGE_r1_1.3_1.5_s50_100.fasta	None	Noctuidae	BLAST	family	COI-5P	657	1530	Noctuidae	BGLIB025-23_r_1.3_s_100	Behounekia freyeri	0	BGLIB025-23	1.3	100
0	2	data/BGE00401_MGE-BGE_r1_1.3_1.5_s50_100.fasta	None	Noctuidae	BLAST	family	COI-5P	657	1545	Noctuidae	BGLIB025-23_r_1.5_s_50	Behounekia freyeri	0	BGLIB025-23	1.5	50
0	0	data/BGE00401_MGE-BGE_r1_1.3_1.5_s50_100.fasta	None	Noctuidae	BLAST	family	COI-5P	657	1530	Noctuidae	BGLIB025-23_r_1.5_s_100	Behounekia freyeri	0	BGLIB025-23	1.5	100
0	0	data/BGE00401_MGE-BGE_r1_1.3_1.5_s50_100.fasta	None	Noctuidae	BLAST	family	COI-5P	657	1542	Noctuidae	BGLIB026-23_r_1_s_50	Bryophila seladona	0	BGLIB026-23	1	50
0	0	data/BGE00401_MGE-BGE_r1_1.3_1.5_s50_100.fasta	None	Noctuidae	BLAST	family	COI-5P	657	1542	Noctuidae	BGLIB026-23_r_1_s_100	Bryophila seladona	0	BGLIB026-23	1	100
0	0	data/BGE00401_MGE-BGE_r1_1.3_1.5_s50_100.fasta	None	Noctuidae	BLAST	family	COI-5P	657	1542	Noctuidae	BGLIB026-23_r_1.3_s_50	Bryophila seladona	0	BGLIB026-23	1.3	50
0	0	data/BGE00401_MGE-BGE_r1_1.3_1.5_s50_100.fasta	None	Noctuidae	BLAST	family	COI-5P	657	1542	Noctuidae	BGLIB026-23_r_1.3_s_100	Bryophila seladona	0	BGLIB026-23	1.3	100
0	0	data/BGE00401_MGE-BGE_r1_1.3_1.5_s50_100.fasta	None	Noctuidae	BLAST	family	COI-5P	657	1542	Noctuidae	BGLIB026-23_r_1.5_s_50	Bryophila seladona	0	BGLIB026-23	1.5	50
0	0	data/BGE00401_MGE-BGE_r1_1.3_1.5_s50_100.fasta	None	Noctuidae	BLAST	family	COI-5P	657	1542	Noctuidae	BGLIB026-23_r_1.5_s_100	Bryophila seladona	0	BGLIB026-23	1.5	100
0	0	data/BGE00401_MGE-BGE_r1_1.3_1.5_s50_100.fasta	None	Noctuidae	BLAST	family	COI-5P	657	1545	Noctuidae	BGLIB027-23_r_1_s_50	Cleonymia opposita	0	BGLIB027-23	1	50
0	0	data/BGE00401_MGE-BGE_r1_1.3_1.5_s50_100.fasta	None	Noctuidae	BLAST	family	COI-5P	657	1542	Noctuidae	BGLIB027-23_r_1_s_100	Cleonymia opposita	0	BGLIB027-23	1	100
0	0	data/BGE00401_MGE-BGE_r1_1.3_1.5_s50_100.fasta	None	Noctuidae	BLAST	family	COI-5P	657	1542	Noctuidae	BGLIB027-23_r_1.3_s_50	Cleonymia opposita	0	BGLIB027-23	1.3	50
0	0	data/BGE00401_MGE-BGE_r1_1.3_1.5_s50_100.fasta	None	Noctuidae	BLAST	family	COI-5P	657	1542	Noctuidae	BGLIB027-23_r_1.3_s_100	Cleonymia opposita	0	BGLIB027-23	1.3	100
0	0	data/BGE00401_MGE-BGE_r1_1.3_1.5_s50_100.fasta	None	Noctuidae	BLAST	family	COI-5P	657	1542	Noctuidae	BGLIB027-23_r_1.5_s_50	Cleonymia opposita	0	BGLIB027-23	1.5	50
0	0	data/BGE00401_MGE-BGE_r1_1.3_1.5_s50_100.fasta	None	Noctuidae	BLAST	family	COI-5P	657	1542	Noctuidae	BGLIB027-23_r_1.5_s_100	Cleonymia opposita	0	BGLIB027-23	1.5	100
0	0	data/BGE00401_MGE-BGE_r1_1.3_1.5_s50_100.fasta	None	Noctuidae	BLAST	family	COI-5P	657	1533	Noctuidae	BGLIB028-23_r_1_s_50	Cucullia scrophulariphaga	0	BGLIB028-23	1	50
0	0	data/BGE00401_MGE-BGE_r1_1.3_1.5_s50_100.fasta	None	Noctuidae	BLAST	family	COI-5P	657	1533	Noctuidae	BGLIB028-23_r_1_s_100	Cucullia scrophulariphaga	0	BGLIB028-23	1	100
0	0	data/BGE00401_MGE-BGE_r1_1.3_1.5_s50_100.fasta	None	Noctuidae	BLAST	family	COI-5P	657	1533	Noctuidae	BGLIB028-23_r_1.3_s_50	Cucullia scrophulariphaga	0	BGLIB028-23	1.3	50
0	0	data/BGE00401_MGE-BGE_r1_1.3_1.5_s50_100.fasta	None	Noctuidae	BLAST	family	COI-5P	657	1533	Noctuidae	BGLIB028-23_r_1.3_s_100	Cucullia scrophulariphaga	0	BGLIB028-23	1.3	100
0	0	data/BGE00401_MGE-BGE_r1_1.3_1.5_s50_100.fasta	None	Noctuidae	BLAST	family	COI-5P	657	1533	Noctuidae	BGLIB028-23_r_1.5_s_50	Cucullia scrophulariphaga	0	BGLIB028-23	1.5	50
0	0	data/BGE00401_MGE-BGE_r1_1.3_1.5_s50_100.fasta	None	Noctuidae	BLAST	family	COI-5P	657	1533	Noctuidae	BGLIB028-23_r_1.5_s_100	Cucullia scrophulariphaga	0	BGLIB028-23	1.5	100
0	0	data/BGE00401_MGE-BGE_r1_1.3_1.5_s50_100.fasta	None	Noctuidae	BLAST	family	COI-5P	657	1533	Noctuidae	BGLIB029-23_r_1_s_50	Cucullia scrophulariphaga	0	BGLIB029-23	1	50
0	0	data/BGE00401_MGE-BGE_r1_1.3_1.5_s50_100.fasta	None	Noctuidae	BLAST	family	COI-5P	657	1533	Noctuidae	BGLIB029-23_r_1_s_100	Cucullia scrophulariphaga	0	BGLIB029-23	1	100
0	0	data/BGE00401_MGE-BGE_r1_1.3_1.5_s50_100.fasta	None	Noctuidae	BLAST	family	COI-5P	657	1533	Noctuidae	BGLIB029-23_r_1.3_s_50	Cucullia scrophulariphaga	0	BGLIB029-23	1.3	50
0	0	data/BGE00401_MGE-BGE_r1_1.3_1.5_s50_100.fasta	None	Noctuidae	BLAST	family	COI-5P	657	1533	Noctuidae	BGLIB029-23_r_1.3_s_100	Cucullia scrophulariphaga	0	BGLIB029-23	1.3	100
0	0	data/BGE00401_MGE-BGE_r1_1.3_1.5_s50_100.fasta	None	Noctuidae	BLAST	family	COI-5P	657	1533	Noctuidae	BGLIB029-23_r_1.5_s_50	Cucullia scrophulariphaga	0	BGLIB029-23	1.5	50
0	0	data/BGE00401_MGE-BGE_r1_1.3_1.5_s50_100.fasta	None	Noctuidae	BLAST	family	COI-5P	657	1533	Noctuidae	BGLIB029-23_r_1.5_s_100	Cucullia scrophulariphaga	0	BGLIB029-23	1.5	100
0	0	data/BGE00401_MGE-BGE_r1_1.3_1.5_s50_100.fasta	None	Noctuidae	BLAST	family	COI-5P	657	1533	Noctuidae	BGLIB030-23_r_1_s_50	Dichagyris erubescens	0	BGLIB030-23	1	50
0	0	data/BGE00401_MGE-BGE_r1_1.3_1.5_s50_100.fasta	None	Noctuidae	BLAST	family	COI-5P	657	1533	Noctuidae	BGLIB030-23_r_1_s_100	Dichagyris erubescens	0	BGLIB030-23	1	100
0	0	data/BGE00401_MGE-BGE_r1_1.3_1.5_s50_100.fasta	None	Noctuidae	BLAST	family	COI-5P	657	1533	Noctuidae	BGLIB030-23_r_1.3_s_50	Dichagyris erubescens	0	BGLIB030-23	1.3	50
0	0	data/BGE00401_MGE-BGE_r1_1.3_1.5_s50_100.fasta	None	Noctuidae	BLAST	family	COI-5P	657	1533	Noctuidae	BGLIB030-23_r_1.3_s_100	Dichagyris erubescens	0	BGLIB030-23	1.3	100
0	0	data/BGE00401_MGE-BGE_r1_1.3_1.5_s50_100.fasta	None	Noctuidae	BLAST	family	COI-5P	657	1530	Noctuidae	BGLIB030-23_r_1.5_s_50	Dichagyris erubescens	0	BGLIB030-23	1.5	50
0	0	data/BGE00401_MGE-BGE_r1_1.3_1.5_s50_100.fasta	None	Noctuidae	BLAST	family	COI-5P	657	1530	Noctuidae	BGLIB030-23_r_1.5_s_100	Dichagyris erubescens	0	BGLIB030-23	1.5	100
0	0	data/BGE00401_MGE-BGE_r1_1.3_1.5_s50_100.fasta	None	Noctuidae	BLAST	family	COI-5P	657	1530	Noctuidae	BGLIB031-23_r_1_s_50	Episema lederi	0	BGLIB031-23	1	50
0	0	data/BGE00401_MGE-BGE_r1_1.3_1.5_s50_100.fasta	None	Noctuidae	BLAST	family	COI-5P	657	1530	Noctuidae	BGLIB031-23_r_1_s_100	Episema lederi	0	BGLIB031-23	1	100
0	0	data/BGE00401_MGE-BGE_r1_1.3_1.5_s50_100.fasta	None	Noctuidae	BLAST	family	COI-5P	657	1530	Noctuidae	BGLIB031-23_r_1.3_s_50	Episema lederi	0	BGLIB031-23	1.3	50
0	0	data/BGE00401_MGE-BGE_r1_1.3_1.5_s50_100.fasta	None	Noctuidae	BLAST	family	COI-5P	657	1530	Noctuidae	BGLIB031-23_r_1.3_s_100	Episema lederi	0	BGLIB031-23	1.3	100
0	0	data/BGE00401_MGE-BGE_r1_1.3_1.5_s50_100.fasta	None	Noctuidae	BLAST	family	COI-5P	657	1530	Noctuidae	BGLIB031-23_r_1.5_s_50	Episema lederi	0	BGLIB031-23	1.5	50
0	0	data/BGE00401_MGE-BGE_r1_1.3_1.5_s50_100.fasta	None	Noctuidae	BLAST	family	COI-5P	657	1530	Noctuidae	BGLIB031-23_r_1.5_s_100	Episema lederi	0	BGLIB031-23	1.5	100
0	0	data/BGE00401_MGE-BGE_r1_1.3_1.5_s50_100.fasta	None	Noctuidae	BLAST	family	COI-5P	657	1530	Noctuidae	BGLIB032-23_r_1_s_50	Episema lederi	0	BGLIB032-23	1	50
0	0	data/BGE00401_MGE-BGE_r1_1.3_1.5_s50_100.fasta	None	Noctuidae	BLAST	family	COI-5P	657	1530	Noctuidae	BGLIB032-23_r_1_s_100	Episema lederi	0	BGLIB032-23	1	100
0	0	data/BGE00401_MGE-BGE_r1_1.3_1.5_s50_100.fasta	None	Noctuidae	BLAST	family	COI-5P	657	1530	Noctuidae	BGLIB032-23_r_1.3_s_50	Episema lederi	0	BGLIB032-23	1.3	50
0	0	data/BGE00401_MGE-BGE_r1_1.3_1.5_s50_100.fasta	None	Noctuidae	BLAST	family	COI-5P	657	1530	Noctuidae	BGLIB032-23_r_1.3_s_100	Episema lederi	0	BGLIB032-23	1.3	100
0	0	data/BGE00401_MGE-BGE_r1_1.3_1.5_s50_100.fasta	None	Noctuidae	BLAST	family	COI-5P	657	1530	Noctuidae	BGLIB032-23_r_1.5_s_50	Episema lederi	0	BGLIB032-23	1.5	50
0	0	data/BGE00401_MGE-BGE_r1_1.3_1.5_s50_100.fasta	None	Noctuidae	BLAST	family	COI-5P	657	1530	Noctuidae	BGLIB032-23_r_1.5_s_100	Episema lederi	0	BGLIB032-23	1.5	100
0	0	data/BGE00401_MGE-BGE_r1_1.3_1.5_s50_100.fasta	None	Noctuidae	BLAST	family	COI-5P	657	1533	Noctuidae	BGLIB033-23_r_1_s_50	Euxoa hilaris	0	BGLIB033-23	1	50
0	0	data/BGE00401_MGE-BGE_r1_1.3_1.5_s50_100.fasta	None	Noctuidae	BLAST	family	COI-5P	657	1533	Noctuidae	BGLIB033-23_r_1_s_100	Euxoa hilaris	0	BGLIB033-23	1	100
0	0	data/BGE00401_MGE-BGE_r1_1.3_1.5_s50_100.fasta	None	Noctuidae	BLAST	family	COI-5P	657	1533	Noctuidae	BGLIB033-23_r_1.3_s_50	Euxoa hilaris	0	BGLIB033-23	1.3	50
0	0	data/BGE00401_MGE-BGE_r1_1.3_1.5_s50_100.fasta	None	Noctuidae	BLAST	family	COI-5P	657	1533	Noctuidae	BGLIB033-23_r_1.3_s_100	Euxoa hilaris	0	BGLIB033-23	1.3	100
0	0	data/BGE00401_MGE-BGE_r1_1.3_1.5_s50_100.fasta	None	Noctuidae	BLAST	family	COI-5P	657	1533	Noctuidae	BGLIB033-23_r_1.5_s_50	Euxoa hilaris	0	BGLIB033-23	1.5	50
0	0	data/BGE00401_MGE-BGE_r1_1.3_1.5_s50_100.fasta	None	Noctuidae	BLAST	family	COI-5P	657	1533	Noctuidae	BGLIB033-23_r_1.5_s_100	Euxoa hilaris	0	BGLIB033-23	1.5	100
0	0	data/BGE00401_MGE-BGE_r1_1.3_1.5_s50_100.fasta	None	Noctuidae	BLAST	family	COI-5P	657	1533	Noctuidae	BGLIB034-23_r_1_s_50	Gortyna moesiaca	0	BGLIB034-23	1	50
0	0	data/BGE00401_MGE-BGE_r1_1.3_1.5_s50_100.fasta	None	Noctuidae	BLAST	family	COI-5P	657	1533	Noctuidae	BGLIB034-23_r_1_s_100	Gortyna moesiaca	0	BGLIB034-23	1	100
0	0	data/BGE00401_MGE-BGE_r1_1.3_1.5_s50_100.fasta	None	Noctuidae	BLAST	family	COI-5P	657	1533	Noctuidae	BGLIB034-23_r_1.3_s_50	Gortyna moesiaca	0	BGLIB034-23	1.3	50
0	0	data/BGE00401_MGE-BGE_r1_1.3_1.5_s50_100.fasta	None	Noctuidae	BLAST	family	COI-5P	657	1533	Noctuidae	BGLIB034-23_r_1.3_s_100	Gortyna moesiaca	0	BGLIB034-23	1.3	100
0	0	data/BGE00401_MGE-BGE_r1_1.3_1.5_s50_100.fasta	None	Noctuidae	BLAST	family	COI-5P	657	1533	Noctuidae	BGLIB034-23_r_1.5_s_50	Gortyna moesiaca	0	BGLIB034-23	1.5	50
0	0	data/BGE00401_MGE-BGE_r1_1.3_1.5_s50_100.fasta	None	Noctuidae	BLAST	family	COI-5P	657	1533	Noctuidae	BGLIB034-23_r_1.5_s_100	Gortyna moesiaca	0	BGLIB034-23	1.5	100
0	0	data/BGE00401_MGE-BGE_r1_1.3_1.5_s50_100.fasta	None	Noctuidae	BLAST	family	COI-5P	657	1533	Noctuidae	BGLIB035-23_r_1_s_50	Hadena pumila	0	BGLIB035-23	1	50
0	0	data/BGE00401_MGE-BGE_r1_1.3_1.5_s50_100.fasta	None	Noctuidae	BLAST	family	COI-5P	657	1533	Noctuidae	BGLIB035-23_r_1_s_100	Hadena pumila	0	BGLIB035-23	1	100
0	0	data/BGE00401_MGE-BGE_r1_1.3_1.5_s50_100.fasta	None	Noctuidae	BLAST	family	COI-5P	657	1533	Noctuidae	BGLIB035-23_r_1.3_s_50	Hadena pumila	0	BGLIB035-23	1.3	50
0	0	data/BGE00401_MGE-BGE_r1_1.3_1.5_s50_100.fasta	None	Noctuidae	BLAST	family	COI-5P	657	1533	Noctuidae	BGLIB035-23_r_1.3_s_100	Hadena pumila	0	BGLIB035-23	1.3	100
0	0	data/BGE00401_MGE-BGE_r1_1.3_1.5_s50_100.fasta	None	Noctuidae	BLAST	family	COI-5P	657	1533	Noctuidae	BGLIB035-23_r_1.5_s_50	Hadena pumila	0	BGLIB035-23	1.5	50
0	0	data/BGE00401_MGE-BGE_r1_1.3_1.5_s50_100.fasta	None	Noctuidae	BLAST	family	COI-5P	657	1533	Noctuidae	BGLIB035-23_r_1.5_s_100	Hadena pumila	0	BGLIB035-23	1.5	100
0	0	data/BGE00401_MGE-BGE_r1_1.3_1.5_s50_100.fasta	None	Noctuidae	BLAST	family	COI-5P	657	1542	Noctuidae	BGLIB036-23_r_1_s_50	Mesotrosta signalis	0	BGLIB036-23	1	50
0	0	data/BGE00401_MGE-BGE_r1_1.3_1.5_s50_100.fasta	None	Noctuidae	BLAST	family	COI-5P	657	1542	Noctuidae	BGLIB036-23_r_1_s_100	Mesotrosta signalis	0	BGLIB036-23	1	100
0	0	data/BGE00401_MGE-BGE_r1_1.3_1.5_s50_100.fasta	None	Noctuidae	BLAST	family	COI-5P	657	1542	Noctuidae	BGLIB036-23_r_1.3_s_50	Mesotrosta signalis	0	BGLIB036-23	1.3	50
0	0	data/BGE00401_MGE-BGE_r1_1.3_1.5_s50_100.fasta	None	Noctuidae	BLAST	family	COI-5P	657	1542	Noctuidae	BGLIB036-23_r_1.3_s_100	Mesotrosta signalis	0	BGLIB036-23	1.3	100
0	0	data/BGE00401_MGE-BGE_r1_1.3_1.5_s50_100.fasta	None	Noctuidae	BLAST	family	COI-5P	657	1542	Noctuidae	BGLIB036-23_r_1.5_s_50	Mesotrosta signalis	0	BGLIB036-23	1.5	50
0	0	data/BGE00401_MGE-BGE_r1_1.3_1.5_s50_100.fasta	None	Noctuidae	BLAST	family	COI-5P	657	1542	Noctuidae	BGLIB036-23_r_1.5_s_100	Mesotrosta signalis	0	BGLIB036-23	1.5	100
0	0	data/BGE00401_MGE-BGE_r1_1.3_1.5_s50_100.fasta	None	Noctuidae	BLAST	family	COI-5P	657	1533	Noctuidae	BGLIB037-23_r_1_s_50	Mythimna sicula	0	BGLIB037-23	1	50
0	0	data/BGE00401_MGE-BGE_r1_1.3_1.5_s50_100.fasta	None	Noctuidae	BLAST	family	COI-5P	657	1533	Noctuidae	BGLIB037-23_r_1_s_100	Mythimna sicula	0	BGLIB037-23	1	100
0	0	data/BGE00401_MGE-BGE_r1_1.3_1.5_s50_100.fasta	None	Noctuidae	BLAST	family	COI-5P	657	1533	Noctuidae	BGLIB037-23_r_1.3_s_50	Mythimna sicula	0	BGLIB037-23	1.3	50
0	0	data/BGE00401_MGE-BGE_r1_1.3_1.5_s50_100.fasta	None	Noctuidae	BLAST	family	COI-5P	657	1533	Noctuidae	BGLIB037-23_r_1.3_s_100	Mythimna sicula	0	BGLIB037-23	1.3	100
0	0	data/BGE00401_MGE-BGE_r1_1.3_1.5_s50_100.fasta	None	Noctuidae	BLAST	family	COI-5P	657	1533	Noctuidae	BGLIB037-23_r_1.5_s_50	Mythimna sicula	0	BGLIB037-23	1.5	50
0	0	data/BGE00401_MGE-BGE_r1_1.3_1.5_s50_100.fasta	None	Noctuidae	BLAST	family	COI-5P	657	1533	Noctuidae	BGLIB037-23_r_1.5_s_100	Mythimna sicula	0	BGLIB037-23	1.5	100
0	1	data/BGE00401_MGE-BGE_r1_1.3_1.5_s50_100.fasta	None	Noctuidae	BLAST	family	COI-5P	657	1533	Noctuidae	BGLIB038-23_r_1_s_50	Mythimna sicula	0	BGLIB038-23	1	50
0	0	data/BGE00401_MGE-BGE_r1_1.3_1.5_s50_100.fasta	None	Noctuidae	BLAST	family	COI-5P	657	1533	Noctuidae	BGLIB038-23_r_1_s_100	Mythimna sicula	0	BGLIB038-23	1	100
0	0	data/BGE00401_MGE-BGE_r1_1.3_1.5_s50_100.fasta	None	Noctuidae	BLAST	family	COI-5P	657	1533	Noctuidae	BGLIB038-23_r_1.3_s_50	Mythimna sicula	0	BGLIB038-23	1.3	50
0	0	data/BGE00401_MGE-BGE_r1_1.3_1.5_s50_100.fasta	None	Noctuidae	BLAST	family	COI-5P	657	1533	Noctuidae	BGLIB038-23_r_1.3_s_100	Mythimna sicula	0	BGLIB038-23	1.3	100
0	0	data/BGE00401_MGE-BGE_r1_1.3_1.5_s50_100.fasta	None	Noctuidae	BLAST	family	COI-5P	657	1533	Noctuidae	BGLIB038-23_r_1.5_s_50	Mythimna sicula	0	BGLIB038-23	1.5	50
0	0	data/BGE00401_MGE-BGE_r1_1.3_1.5_s50_100.fasta	None	Noctuidae	BLAST	family	COI-5P	657	1533	Noctuidae	BGLIB038-23_r_1.5_s_100	Mythimna sicula	0	BGLIB038-23	1.5	100
0	0	data/BGE00401_MGE-BGE_r1_1.3_1.5_s50_100.fasta	None	Noctuidae	BLAST	family	COI-5P	657	1533	Noctuidae	BGLIB039-23_r_1_s_50	Mythimna sicula	0	BGLIB039-23	1	50
0	0	data/BGE00401_MGE-BGE_r1_1.3_1.5_s50_100.fasta	None	Noctuidae	BLAST	family	COI-5P	657	1533	Noctuidae	BGLIB039-23_r_1_s_100	Mythimna sicula	0	BGLIB039-23	1	100
0	0	data/BGE00401_MGE-BGE_r1_1.3_1.5_s50_100.fasta	None	Noctuidae	BLAST	family	COI-5P	657	1533	Noctuidae	BGLIB039-23_r_1.3_s_50	Mythimna sicula	0	BGLIB039-23	1.3	50
0	0	data/BGE00401_MGE-BGE_r1_1.3_1.5_s50_100.fasta	None	Noctuidae	BLAST	family	COI-5P	657	1533	Noctuidae	BGLIB039-23_r_1.3_s_100	Mythimna sicula	0	BGLIB039-23	1.3	100
0	0	data/BGE00401_MGE-BGE_r1_1.3_1.5_s50_100.fasta	None	Noctuidae	BLAST	family	COI-5P	657	1533	Noctuidae	BGLIB039-23_r_1.5_s_50	Mythimna sicula	0	BGLIB039-23	1.5	50
0	0	data/BGE00401_MGE-BGE_r1_1.3_1.5_s50_100.fasta	None	Noctuidae	BLAST	family	COI-5P	657	1533	Noctuidae	BGLIB039-23_r_1.5_s_100	Mythimna sicula	0	BGLIB039-23	1.5	100
0	0	data/BGE00401_MGE-BGE_r1_1.3_1.5_s50_100.fasta	None	Noctuidae	BLAST	family	COI-5P	657	1530	Noctuidae	BGLIB040-23_r_1_s_50	Pyrrhia purpura	0	BGLIB040-23	1	50
0	0	data/BGE00401_MGE-BGE_r1_1.3_1.5_s50_100.fasta	None	Noctuidae	BLAST	family	COI-5P	657	1530	Noctuidae	BGLIB040-23_r_1_s_100	Pyrrhia purpura	0	BGLIB040-23	1	100
0	0	data/BGE00401_MGE-BGE_r1_1.3_1.5_s50_100.fasta	None	Noctuidae	BLAST	family	COI-5P	657	1530	Noctuidae	BGLIB040-23_r_1.3_s_50	Pyrrhia purpura	0	BGLIB040-23	1.3	50
0	0	data/BGE00401_MGE-BGE_r1_1.3_1.5_s50_100.fasta	None	Noctuidae	BLAST	family	COI-5P	657	1530	Noctuidae	BGLIB040-23_r_1.3_s_100	Pyrrhia purpura	0	BGLIB040-23	1.3	100
0	0	data/BGE00401_MGE-BGE_r1_1.3_1.5_s50_100.fasta	None	Noctuidae	BLAST	family	COI-5P	657	1530	Noctuidae	BGLIB040-23_r_1.5_s_50	Pyrrhia purpura	0	BGLIB040-23	1.5	50
0	0	data/BGE00401_MGE-BGE_r1_1.3_1.5_s50_100.fasta	None	Noctuidae	BLAST	family	COI-5P	657	1530	Noctuidae	BGLIB040-23_r_1.5_s_100	Pyrrhia purpura	0	BGLIB040-23	1.5	100
0	0	data/BGE00401_MGE-BGE_r1_1.3_1.5_s50_100.fasta	None	Notodontidae	BLAST	family	COI-5P	657	1530	Noctuidae,Notodontidae	BGLIB041-23_r_1_s_50	Paradrymonia vittata	0	BGLIB041-23	1	50
0	0	data/BGE00401_MGE-BGE_r1_1.3_1.5_s50_100.fasta	None	Notodontidae	BLAST	family	COI-5P	657	1530	Noctuidae,Notodontidae	BGLIB041-23_r_1_s_100	Paradrymonia vittata	0	BGLIB041-23	1	100
0	0	data/BGE00401_MGE-BGE_r1_1.3_1.5_s50_100.fasta	None	Notodontidae	BLAST	family	COI-5P	657	1530	Noctuidae,Notodontidae	BGLIB041-23_r_1.3_s_50	Paradrymonia vittata	0	BGLIB041-23	1.3	50
0	0	data/BGE00401_MGE-BGE_r1_1.3_1.5_s50_100.fasta	None	Notodontidae	BLAST	family	COI-5P	657	1530	Noctuidae,Notodontidae	BGLIB041-23_r_1.3_s_100	Paradrymonia vittata	0	BGLIB041-23	1.3	100
0	0	data/BGE00401_MGE-BGE_r1_1.3_1.5_s50_100.fasta	None	Notodontidae	BLAST	family	COI-5P	657	1530	Noctuidae,Notodontidae	BGLIB041-23_r_1.5_s_50	Paradrymonia vittata	0	BGLIB041-23	1.5	50
0	0	data/BGE00401_MGE-BGE_r1_1.3_1.5_s50_100.fasta	None	Notodontidae	BLAST	family	COI-5P	657	1530	Noctuidae,Notodontidae	BGLIB041-23_r_1.5_s_100	Paradrymonia vittata	0	BGLIB041-23	1.5	100
0	3	data/BGE00401_MGE-BGE_r1_1.3_1.5_s50_100.fasta	None	Psychidae	BLAST	family	COI-5P	657	1551	Psychidae,Tortricidae,Crambidae	BGLIB042-23_r_1_s_50	Acentra subvestalis	0	BGLIB042-23	1	50
0	0	data/BGE00401_MGE-BGE_r1_1.3_1.5_s50_100.fasta	None	Psychidae	BLAST	family	COI-5P	657	1530	Psychidae,Tortricidae,Crambidae	BGLIB042-23_r_1_s_100	Acentra subvestalis	0	BGLIB042-23	1	100
0	0	data/BGE00401_MGE-BGE_r1_1.3_1.5_s50_100.fasta	None	Psychidae	BLAST	family	COI-5P	657	1548	Psychidae,Tortricidae,Crambidae	BGLIB042-23_r_1.3_s_50	Acentra subvestalis	0	BGLIB042-23	1.3	50
0	0	data/BGE00401_MGE-BGE_r1_1.3_1.5_s50_100.fasta	None	Psychidae	BLAST	family	COI-5P	657	1530	Psychidae,Tortricidae,Crambidae	BGLIB042-23_r_1.3_s_100	Acentra subvestalis	0	BGLIB042-23	1.3	100
0	0	data/BGE00401_MGE-BGE_r1_1.3_1.5_s50_100.fasta	None	Psychidae	BLAST	family	COI-5P	645	1476	Glyphipterigidae,Psychidae,Tortricidae,Crambidae	BGLIB042-23_r_1.5_s_50	Acentra subvestalis	0	BGLIB042-23	1.5	50
0	0	data/BGE00401_MGE-BGE_r1_1.3_1.5_s50_100.fasta	None	Psychidae	BLAST	family	COI-5P	645	1455	Psychidae,Tortricidae,Crambidae	BGLIB042-23_r_1.5_s_100	Acentra subvestalis	0	BGLIB042-23	1.5	100
0	0	data/BGE00401_MGE-BGE_r1_1.3_1.5_s50_100.fasta	None	Psychidae	BLAST	family	COI-5P	657	1530	Psychidae,Limacodidae,Noctuidae,Nymphalidae,Hedylidae	BGLIB043-23_r_1_s_50	Apterona helicinella	0	BGLIB043-23	1	50
0	0	data/BGE00401_MGE-BGE_r1_1.3_1.5_s50_100.fasta	None	Psychidae	BLAST	family	COI-5P	657	1530	Psychidae,Limacodidae,Noctuidae,Nymphalidae,Hedylidae	BGLIB043-23_r_1_s_100	Apterona helicinella	0	BGLIB043-23	1	100
0	0	data/BGE00401_MGE-BGE_r1_1.3_1.5_s50_100.fasta	None	Psychidae	BLAST	family	COI-5P	657	1530	Psychidae,Limacodidae,Noctuidae,Nymphalidae,Hedylidae	BGLIB043-23_r_1.3_s_50	Apterona helicinella	0	BGLIB043-23	1.3	50
0	0	data/BGE00401_MGE-BGE_r1_1.3_1.5_s50_100.fasta	None	Psychidae	BLAST	family	COI-5P	657	1530	Psychidae,Limacodidae,Noctuidae,Nymphalidae,Hedylidae	BGLIB043-23_r_1.3_s_100	Apterona helicinella	0	BGLIB043-23	1.3	100
0	0	data/BGE00401_MGE-BGE_r1_1.3_1.5_s50_100.fasta	None	Psychidae	BLAST	family	COI-5P	657	1488	Psychidae,Limacodidae,Zygaenidae,Noctuidae,Nymphalidae,Hedylidae	BGLIB043-23_r_1.5_s_50	Apterona helicinella	0	BGLIB043-23	1.5	50
0	0	data/BGE00401_MGE-BGE_r1_1.3_1.5_s50_100.fasta	None	Psychidae	BLAST	family	COI-5P	657	1488	Psychidae,Limacodidae,Zygaenidae,Noctuidae,Nymphalidae,Hedylidae	BGLIB043-23_r_1.5_s_100	Apterona helicinella	0	BGLIB043-23	1.5	100
0	15	data/BGE00401_MGE-BGE_r1_1.3_1.5_s50_100.fasta	None	Psychidae	BLAST	family	COI-5P	609	1473	Psychidae,Noctuidae,Nymphalidae,Hedylidae	BGLIB044-23_r_1_s_50	Apterona helicinella	0	BGLIB044-23	1	50
0	13	data/BGE00401_MGE-BGE_r1_1.3_1.5_s50_100.fasta	None	Psychidae	BLAST	family	COI-5P	609	1407	Psychidae,Nymphalidae,Hedylidae	BGLIB044-23_r_1_s_100	Apterona helicinella	0	BGLIB044-23	1	100
0	0	data/BGE00401_MGE-BGE_r1_1.3_1.5_s50_100.fasta	None	Psychidae	BLAST	family	COI-5P	609	1458	Psychidae,Noctuidae,Nymphalidae,Hedylidae	BGLIB044-23_r_1.3_s_50	Apterona helicinella	0	BGLIB044-23	1.3	50
0	1	data/BGE00401_MGE-BGE_r1_1.3_1.5_s50_100.fasta	None	Psychidae	BLAST	family	COI-5P	609	1407	Psychidae,Nymphalidae,Hedylidae	BGLIB044-23_r_1.3_s_100	Apterona helicinella	0	BGLIB044-23	1.3	100
1	5	data/BGE00401_MGE-BGE_r1_1.3_1.5_s50_100.fasta	None	Psychidae	BLAST	family	COI-5P	525	1320	Noctuidae,Nymphalidae,Crambidae,Hedylidae	BGLIB044-23_r_1.5_s_50	Apterona helicinella	0	BGLIB044-23	1.5	50
0	6	data/BGE00401_MGE-BGE_r1_1.3_1.5_s50_100.fasta	None	Psychidae	BLAST	family	COI-5P	507	1227	Cosmopterigidae,Noctuidae,Nymphalidae	BGLIB044-23_r_1.5_s_100	Apterona helicinella	0	BGLIB044-23	1.5	100
0	1	data/BGE00401_MGE-BGE_r1_1.3_1.5_s50_100.fasta	None	Psychidae	BLAST	family	COI-5P	657	1536	Noctuidae,Erebidae,Papilionidae	BGLIB045-23_r_1_s_50	Apterona nylanderi	0	BGLIB045-23	1	50
1	5	data/BGE00401_MGE-BGE_r1_1.3_1.5_s50_100.fasta	None	Psychidae	BLAST	family	COI-5P	567	1383	Scythrididae,Psychidae	BGLIB045-23_r_1_s_100	Apterona nylanderi	0	BGLIB045-23	1	100
0	3	data/BGE00401_MGE-BGE_r1_1.3_1.5_s50_100.fasta	None	Psychidae	BLAST	family	COI-5P	648	1476	Tortricidae,Limacodidae	BGLIB045-23_r_1.3_s_50	Apterona nylanderi	0	BGLIB045-23	1.3	50
1	3	data/BGE00401_MGE-BGE_r1_1.3_1.5_s50_100.fasta	None	Psychidae	BLAST	family	COI-5P	567	1383	Scythrididae,Psychidae	BGLIB045-23_r_1.3_s_100	Apterona nylanderi	0	BGLIB045-23	1.3	100
0	0	data/BGE00401_MGE-BGE_r1_1.3_1.5_s50_100.fasta	None	Psychidae	BLAST	family	COI-5P	615	1356	Psychidae,Tortricidae,Noctuidae,Nymphalidae,Crambidae	BGLIB045-23_r_1.5_s_50	Apterona nylanderi	0	BGLIB045-23	1.5	50
1	3	data/BGE00401_MGE-BGE_r1_1.3_1.5_s50_100.fasta	None	Psychidae	BLAST	family	COI-5P	522	1203	Gelechiidae,Psychidae,Noctuidae,Nymphalidae,Crambidae	BGLIB045-23_r_1.5_s_100	Apterona nylanderi	0	BGLIB045-23	1.5	100
0	0	data/BGE00401_MGE-BGE_r1_1.3_1.5_s50_100.fasta	None	Psychidae	BLAST	family	COI-5P	609	1398	Gelechiidae,Limacodidae,Papilionidae,Nymphalidae	BGLIB046-23_r_1_s_50	Apterona nylanderi	0	BGLIB046-23	1	50
7	7	data/BGE00401_MGE-BGE_r1_1.3_1.5_s50_100.fasta	None	Psychidae	BLAST	family	COI-5P	350	966	Limacodidae,Nymphalidae,Hesperiidae	BGLIB046-23_r_1_s_100	Apterona nylanderi	0	BGLIB046-23	1	100
0	0	data/BGE00401_MGE-BGE_r1_1.3_1.5_s50_100.fasta	None	Psychidae	BLAST	family	COI-5P	609	1353	Gelechiidae,Limacodidae,Papilionidae,Nymphalidae	BGLIB046-23_r_1.3_s_50	Apterona nylanderi	0	BGLIB046-23	1.3	50
7	7	data/BGE00401_MGE-BGE_r1_1.3_1.5_s50_100.fasta	None	Psychidae	BLAST	family	COI-5P	350	966	Limacodidae,Nymphalidae,Hesperiidae	BGLIB046-23_r_1.3_s_100	Apterona nylanderi	0	BGLIB046-23	1.3	100
4	4	data/BGE00401_MGE-BGE_r1_1.3_1.5_s50_100.fasta	None	Psychidae	BLAST	family	COI-5P	570	1272	Ypsolophidae,Psychidae,Tortricidae,Noctuidae,Pyralidae,Geometridae	BGLIB046-23_r_1.5_s_50	Apterona nylanderi	0	BGLIB046-23	1.5	50
7	7	data/BGE00401_MGE-BGE_r1_1.3_1.5_s50_100.fasta	None	Psychidae	BLAST	family	COI-5P	350	933	Limacodidae,Nymphalidae,Hesperiidae	BGLIB046-23_r_1.5_s_100	Apterona nylanderi	0	BGLIB046-23	1.5	100
3	18	data/BGE00401_MGE-BGE_r1_1.3_1.5_s50_100.fasta	None	Psychidae	BLAST	family	COI-5P	657	1473	Tortricidae,Limacodidae,Endromidae,Noctuidae,Papilionidae,Crambidae,Geometridae	BGLIB047-23_r_1_s_50	Pseudobankesia macedoniella	0	BGLIB047-23	1	50
6	29	data/BGE00401_MGE-BGE_r1_1.3_1.5_s50_100.fasta	None	Psychidae	BLAST	family	COI-5P	648	1416	Tortricidae,Limacodidae,Notodontidae,Nymphalidae,Geometridae	BGLIB047-23_r_1_s_100	Pseudobankesia macedoniella	0	BGLIB047-23	1	100
0	10	data/BGE00401_MGE-BGE_r1_1.3_1.5_s50_100.fasta	None	Psychidae	BLAST	family	COI-5P	630	1365	Tortricidae,Limacodidae,Crambidae	BGLIB047-23_r_1.3_s_50	Pseudobankesia macedoniella	0	BGLIB047-23	1.3	50
3	27	data/BGE00401_MGE-BGE_r1_1.3_1.5_s50_100.fasta	None	Psychidae	BLAST	family	COI-5P	621	1272	Tortricidae,Limacodidae,Notodontidae,Nymphalidae,Geometridae	BGLIB047-23_r_1.3_s_100	Pseudobankesia macedoniella	0	BGLIB047-23	1.3	100
1	1	data/BGE00401_MGE-BGE_r1_1.3_1.5_s50_100.fasta	None	Psychidae	BLAST	family	COI-5P	528	1122	Xylophagaidae,Psychidae,Noctuidae	BGLIB047-23_r_1.5_s_50	Pseudobankesia macedoniella	0	BGLIB047-23	1.5	50
4	5	data/BGE00401_MGE-BGE_r1_1.3_1.5_s50_100.fasta	None	Psychidae	BLAST	family	COI-5P	492	1038	Psychidae,Noctuidae	BGLIB047-23_r_1.5_s_100	Pseudobankesia macedoniella	0	BGLIB047-23	1.5	100
10	18	data/BGE00401_MGE-BGE_r1_1.3_1.5_s50_100.fasta	None	Psychidae	BLAST	family	COI-5P	585	921	Noctuidae	BGLIB048-23_r_1_s_50	Whittleia undulella	0	BGLIB048-23	1	50
5	11	data/BGE00401_MGE-BGE_r1_1.3_1.5_s50_100.fasta	None	Psychidae	BLAST	family	COI-5P	534	726	Noctuidae	BGLIB048-23_r_1_s_100	Whittleia undulella	0	BGLIB048-23	1	100
10	18	data/BGE00401_MGE-BGE_r1_1.3_1.5_s50_100.fasta	None	Psychidae	BLAST	family	COI-5P	585	795	Noctuidae	BGLIB048-23_r_1.3_s_50	Whittleia undulella	0	BGLIB048-23	1.3	50
5	11	data/BGE00401_MGE-BGE_r1_1.3_1.5_s50_100.fasta	None	Psychidae	BLAST	family	COI-5P	534	726	Noctuidae	BGLIB048-23_r_1.3_s_100	Whittleia undulella	0	BGLIB048-23	1.3	100
11	11	data/BGE00401_MGE-BGE_r1_1.3_1.5_s50_100.fasta	None	Psychidae	BLAST	family	COI-5P	498	594	Noctuidae	BGLIB048-23_r_1.5_s_50	Whittleia undulella	0	BGLIB048-23	1.5	50
8	10	data/BGE00401_MGE-BGE_r1_1.3_1.5_s50_100.fasta	None	Psychidae	BLAST	family	COI-5P	399	525	Noctuidae	BGLIB048-23_r_1.5_s_100	Whittleia undulella	0	BGLIB048-23	1.5	100
15	36	data/BGE00401_MGE-BGE_r1_1.3_1.5_s50_100.fasta	None	Psychidae	BLAST	family	COI-5P	569	1248	Gelechiidae,Cosmopterigidae,Limacodidae,Zygaenidae,Crambidae	BGLIB049-23_r_1_s_50	Whittleia undulella	0	BGLIB049-23	1	50
13	18	data/BGE00401_MGE-BGE_r1_1.3_1.5_s50_100.fasta	None	Psychidae	BLAST	family	COI-5P	542	1080	Zygaenidae,Nymphalidae,Crambidae,Geometridae	BGLIB049-23_r_1_s_100	Whittleia undulella	0	BGLIB049-23	1	100
18	43	data/BGE00401_MGE-BGE_r1_1.3_1.5_s50_100.fasta	None	Psychidae	BLAST	family	COI-5P	533	1146	Gelechiidae,Coleophoridae,Limacodidae,Zygaenidae,Notodontidae,Crambidae	BGLIB049-23_r_1.3_s_50	Whittleia undulella	0	BGLIB049-23	1.3	50
14	19	data/BGE00401_MGE-BGE_r1_1.3_1.5_s50_100.fasta	None	Psychidae	BLAST	family	COI-5P	506	1029	Cosmopterigidae,Limacodidae,Nymphalidae	BGLIB049-23_r_1.3_s_100	Whittleia undulella	0	BGLIB049-23	1.3	100
2	7	data/BGE00401_MGE-BGE_r1_1.3_1.5_s50_100.fasta	None	Psychidae	BLAST	family	COI-5P	397	909	Cosmopterigidae,Zygaenidae,Crambidae,Prodoxidae	BGLIB049-23_r_1.5_s_50	Whittleia undulella	0	BGLIB049-23	1.5	50
2	6	data/BGE00401_MGE-BGE_r1_1.3_1.5_s50_100.fasta	None	Psychidae	BLAST	family	COI-5P	395	816	Cosmopterigidae,Limacodidae,Noctuidae,Nymphalidae	BGLIB049-23_r_1.5_s_100	Whittleia undulella	0	BGLIB049-23	1.5	100
0	0	data/BGE00401_MGE-BGE_r1_1.3_1.5_s50_100.fasta	None	Saturniidae	BLAST	family	COI-5P	656	1530	Saturniidae	BGLIB050-23_r_1_s_50	Actias isabellae	0	BGLIB050-23	1	50
0	0	data/BGE00401_MGE-BGE_r1_1.3_1.5_s50_100.fasta	None	Saturniidae	BLAST	family	COI-5P	656	1530	Saturniidae	BGLIB050-23_r_1_s_100	Actias isabellae	0	BGLIB050-23	1	100
0	0	data/BGE00401_MGE-BGE_r1_1.3_1.5_s50_100.fasta	None	Saturniidae	BLAST	family	COI-5P	656	1530	Saturniidae	BGLIB050-23_r_1.3_s_50	Actias isabellae	0	BGLIB050-23	1.3	50
0	0	data/BGE00401_MGE-BGE_r1_1.3_1.5_s50_100.fasta	None	Saturniidae	BLAST	family	COI-5P	656	1530	Saturniidae	BGLIB050-23_r_1.3_s_100	Actias isabellae	0	BGLIB050-23	1.3	100
0	0	data/BGE00401_MGE-BGE_r1_1.3_1.5_s50_100.fasta	None	Saturniidae	BLAST	family	COI-5P	656	1530	Saturniidae	BGLIB050-23_r_1.5_s_50	Actias isabellae	0	BGLIB050-23	1.5	50
0	0	data/BGE00401_MGE-BGE_r1_1.3_1.5_s50_100.fasta	None	Saturniidae	BLAST	family	COI-5P	656	1530	Saturniidae	BGLIB050-23_r_1.5_s_100	Actias isabellae	0	BGLIB050-23	1.5	100
0	0	data/BGE00401_MGE-BGE_r1_1.3_1.5_s50_100.fasta	None	Saturniidae	BLAST	family	COI-5P	656	1530	Saturniidae	BGLIB051-23_r_1_s_50	Actias isabellae	0	BGLIB051-23	1	50
0	0	data/BGE00401_MGE-BGE_r1_1.3_1.5_s50_100.fasta	None	Saturniidae	BLAST	family	COI-5P	656	1530	Saturniidae	BGLIB051-23_r_1_s_100	Actias isabellae	0	BGLIB051-23	1	100
0	0	data/BGE00401_MGE-BGE_r1_1.3_1.5_s50_100.fasta	None	Saturniidae	BLAST	family	COI-5P	656	1530	Saturniidae	BGLIB051-23_r_1.3_s_50	Actias isabellae	0	BGLIB051-23	1.3	50
0	0	data/BGE00401_MGE-BGE_r1_1.3_1.5_s50_100.fasta	None	Saturniidae	BLAST	family	COI-5P	656	1530	Saturniidae	BGLIB051-23_r_1.3_s_100	Actias isabellae	0	BGLIB051-23	1.3	100
0	0	data/BGE00401_MGE-BGE_r1_1.3_1.5_s50_100.fasta	None	Saturniidae	BLAST	family	COI-5P	656	1530	Saturniidae	BGLIB051-23_r_1.5_s_50	Actias isabellae	0	BGLIB051-23	1.5	50
0	0	data/BGE00401_MGE-BGE_r1_1.3_1.5_s50_100.fasta	None	Saturniidae	BLAST	family	COI-5P	656	1530	Saturniidae	BGLIB051-23_r_1.5_s_100	Actias isabellae	0	BGLIB051-23	1.5	100
0	0	data/BGE00401_MGE-BGE_r1_1.3_1.5_s50_100.fasta	None	Zygaenidae	BLAST	family	COI-5P	657	1533	Zygaenidae,Euteliidae,Crambidae	BGLIB052-23_r_1_s_50	Zygaena anthyllidis	0	BGLIB052-23	1	50
0	0	data/BGE00401_MGE-BGE_r1_1.3_1.5_s50_100.fasta	None	Zygaenidae	BLAST	family	COI-5P	657	1533	Zygaenidae,Euteliidae,Crambidae	BGLIB052-23_r_1_s_100	Zygaena anthyllidis	0	BGLIB052-23	1	100
0	0	data/BGE00401_MGE-BGE_r1_1.3_1.5_s50_100.fasta	None	Zygaenidae	BLAST	family	COI-5P	657	1533	Zygaenidae,Euteliidae,Crambidae	BGLIB052-23_r_1.3_s_50	Zygaena anthyllidis	0	BGLIB052-23	1.3	50
0	0	data/BGE00401_MGE-BGE_r1_1.3_1.5_s50_100.fasta	None	Zygaenidae	BLAST	family	COI-5P	657	1533	Zygaenidae,Euteliidae,Crambidae	BGLIB052-23_r_1.3_s_100	Zygaena anthyllidis	0	BGLIB052-23	1.3	100
0	0	data/BGE00401_MGE-BGE_r1_1.3_1.5_s50_100.fasta	None	Zygaenidae	BLAST	family	COI-5P	657	1533	Zygaenidae,Euteliidae,Crambidae	BGLIB052-23_r_1.5_s_50	Zygaena anthyllidis	0	BGLIB052-23	1.5	50
0	0	data/BGE00401_MGE-BGE_r1_1.3_1.5_s50_100.fasta	None	Zygaenidae	BLAST	family	COI-5P	657	1533	Zygaenidae,Euteliidae,Crambidae	BGLIB052-23_r_1.5_s_100	Zygaena anthyllidis	0	BGLIB052-23	1.5	100
0	0	data/BGE00401_MGE-BGE_r1_1.3_1.5_s50_100.fasta	None	Zygaenidae	BLAST	family	COI-5P	656	1533	Depressariidae,Zygaenidae,Crambidae	BGLIB053-23_r_1_s_50	Zygaena centaureae	0	BGLIB053-23	1	50
0	0	data/BGE00401_MGE-BGE_r1_1.3_1.5_s50_100.fasta	None	Zygaenidae	BLAST	family	COI-5P	656	1533	Depressariidae,Zygaenidae,Crambidae	BGLIB053-23_r_1_s_100	Zygaena centaureae	0	BGLIB053-23	1	100
0	0	data/BGE00401_MGE-BGE_r1_1.3_1.5_s50_100.fasta	None	Zygaenidae	BLAST	family	COI-5P	656	1533	Depressariidae,Zygaenidae,Crambidae	BGLIB053-23_r_1.3_s_50	Zygaena centaureae	0	BGLIB053-23	1.3	50
0	0	data/BGE00401_MGE-BGE_r1_1.3_1.5_s50_100.fasta	None	Zygaenidae	BLAST	family	COI-5P	656	1533	Depressariidae,Zygaenidae,Crambidae	BGLIB053-23_r_1.3_s_100	Zygaena centaureae	0	BGLIB053-23	1.3	100
0	0	data/BGE00401_MGE-BGE_r1_1.3_1.5_s50_100.fasta	None	Zygaenidae	BLAST	family	COI-5P	656	1533	Depressariidae,Zygaenidae,Crambidae	BGLIB053-23_r_1.5_s_50	Zygaena centaureae	0	BGLIB053-23	1.5	50
0	0	data/BGE00401_MGE-BGE_r1_1.3_1.5_s50_100.fasta	None	Zygaenidae	BLAST	family	COI-5P	656	1533	Depressariidae,Zygaenidae,Crambidae	BGLIB053-23_r_1.5_s_100	Zygaena centaureae	0	BGLIB053-23	1.5	100
0	0	data/BGE00401_MGE-BGE_r1_1.3_1.5_s50_100.fasta	None	Zygaenidae	BLAST	family	COI-5P	656	1533	Zygaenidae,Crambidae	BGLIB054-23_r_1_s_50	Zygaena centaureae	0	BGLIB054-23	1	50
0	0	data/BGE00401_MGE-BGE_r1_1.3_1.5_s50_100.fasta	None	Zygaenidae	BLAST	family	COI-5P	656	1533	Zygaenidae,Crambidae	BGLIB054-23_r_1_s_100	Zygaena centaureae	0	BGLIB054-23	1	100
0	0	data/BGE00401_MGE-BGE_r1_1.3_1.5_s50_100.fasta	None	Zygaenidae	BLAST	family	COI-5P	656	1533	Zygaenidae,Crambidae	BGLIB054-23_r_1.3_s_50	Zygaena centaureae	0	BGLIB054-23	1.3	50
0	0	data/BGE00401_MGE-BGE_r1_1.3_1.5_s50_100.fasta	None	Zygaenidae	BLAST	family	COI-5P	656	1533	Zygaenidae,Crambidae	BGLIB054-23_r_1.3_s_100	Zygaena centaureae	0	BGLIB054-23	1.3	100
0	0	data/BGE00401_MGE-BGE_r1_1.3_1.5_s50_100.fasta	None	Zygaenidae	BLAST	family	COI-5P	656	1512	Tortricidae,Zygaenidae,Crambidae	BGLIB054-23_r_1.5_s_50	Zygaena centaureae	0	BGLIB054-23	1.5	50
0	0	data/BGE00401_MGE-BGE_r1_1.3_1.5_s50_100.fasta	None	Zygaenidae	BLAST	family	COI-5P	656	1512	Tortricidae,Zygaenidae,Crambidae	BGLIB054-23_r_1.5_s_100	Zygaena centaureae	0	BGLIB054-23	1.5	100
0	0	data/BGE00401_MGE-BGE_r1_1.3_1.5_s50_100.fasta	None	Zygaenidae	BLAST	family	COI-5P	657	1533	Depressariidae,Zygaenidae,Noctuidae,Crambidae,Hyblaeidae	BGLIB055-23_r_1_s_50	Zygaena contaminei	0	BGLIB055-23	1	50
0	0	data/BGE00401_MGE-BGE_r1_1.3_1.5_s50_100.fasta	None	Zygaenidae	BLAST	family	COI-5P	657	1533	Depressariidae,Zygaenidae,Noctuidae,Crambidae,Hyblaeidae	BGLIB055-23_r_1_s_100	Zygaena contaminei	0	BGLIB055-23	1	100
0	0	data/BGE00401_MGE-BGE_r1_1.3_1.5_s50_100.fasta	None	Zygaenidae	BLAST	family	COI-5P	657	1533	Depressariidae,Zygaenidae,Noctuidae,Crambidae,Hyblaeidae	BGLIB055-23_r_1.3_s_50	Zygaena contaminei	0	BGLIB055-23	1.3	50
0	0	data/BGE00401_MGE-BGE_r1_1.3_1.5_s50_100.fasta	None	Zygaenidae	BLAST	family	COI-5P	657	1533	Depressariidae,Zygaenidae,Noctuidae,Crambidae,Hyblaeidae	BGLIB055-23_r_1.3_s_100	Zygaena contaminei	0	BGLIB055-23	1.3	100
0	0	data/BGE00401_MGE-BGE_r1_1.3_1.5_s50_100.fasta	None	Zygaenidae	BLAST	family	COI-5P	657	1533	Depressariidae,Zygaenidae,Noctuidae,Crambidae,Hyblaeidae	BGLIB055-23_r_1.5_s_50	Zygaena contaminei	0	BGLIB055-23	1.5	50
0	0	data/BGE00401_MGE-BGE_r1_1.3_1.5_s50_100.fasta	None	Zygaenidae	BLAST	family	COI-5P	657	1533	Depressariidae,Zygaenidae,Noctuidae,Crambidae,Hyblaeidae	BGLIB055-23_r_1.5_s_100	Zygaena contaminei	0	BGLIB055-23	1.5	100
1	4	data/BGE00401_MGE-BGE_r1_1.3_1.5_s50_100.fasta	None	Zygaenidae	BLAST	family	COI-5P	657	1533	Depressariidae,Zygaenidae,Noctuidae,Crambidae	BGLIB056-23_r_1_s_50	Zygaena contaminei	0	BGLIB056-23	1	50
5	9	data/BGE00401_MGE-BGE_r1_1.3_1.5_s50_100.fasta	None	Zygaenidae	BLAST	family	COI-5P	654	1506	Zygaenidae,Euteliidae,Papilionidae,Crambidae,Geometridae	BGLIB056-23_r_1_s_100	Zygaena contaminei	0	BGLIB056-23	1	100
1	3	data/BGE00401_MGE-BGE_r1_1.3_1.5_s50_100.fasta	None	Zygaenidae	BLAST	family	COI-5P	657	1524	Depressariidae,Zygaenidae,Noctuidae,Crambidae	BGLIB056-23_r_1.3_s_50	Zygaena contaminei	0	BGLIB056-23	1.3	50
1	1	data/BGE00401_MGE-BGE_r1_1.3_1.5_s50_100.fasta	None	Zygaenidae	BLAST	family	COI-5P	654	1506	Tortricidae,Zygaenidae,Euteliidae,Crambidae,Geometridae,Hyblaeidae	BGLIB056-23_r_1.3_s_100	Zygaena contaminei	0	BGLIB056-23	1.3	100
2	3	data/BGE00401_MGE-BGE_r1_1.3_1.5_s50_100.fasta	None	Zygaenidae	BLAST	family	COI-5P	657	1404	Depressariidae,Zygaenidae,Crambidae,Hyblaeidae	BGLIB056-23_r_1.5_s_50	Zygaena contaminei	0	BGLIB056-23	1.5	50
0	0	data/BGE00401_MGE-BGE_r1_1.3_1.5_s50_100.fasta	None	Zygaenidae	BLAST	family	COI-5P	654	1398	Tortricidae,Zygaenidae,Papilionidae,Crambidae,Hyblaeidae	BGLIB056-23_r_1.5_s_100	Zygaena contaminei	0	BGLIB056-23	1.5	100
0	1	data/BGE00401_MGE-BGE_r1_1.3_1.5_s50_100.fasta	None	Zygaenidae	BLAST	family	COI-5P	657	1533	Tortricidae,Zygaenidae,Crambidae	BGLIB057-23_r_1_s_50	Zygaena fraxini	0	BGLIB057-23	1	50
0	0	data/BGE00401_MGE-BGE_r1_1.3_1.5_s50_100.fasta	None	Zygaenidae	BLAST	family	COI-5P	657	1533	Tortricidae,Zygaenidae,Noctuidae,Crambidae	BGLIB057-23_r_1_s_100	Zygaena fraxini	0	BGLIB057-23	1	100
0	0	data/BGE00401_MGE-BGE_r1_1.3_1.5_s50_100.fasta	None	Zygaenidae	BLAST	family	COI-5P	657	1533	Tortricidae,Zygaenidae,Noctuidae,Crambidae	BGLIB057-23_r_1.3_s_50	Zygaena fraxini	0	BGLIB057-23	1.3	50
0	0	data/BGE00401_MGE-BGE_r1_1.3_1.5_s50_100.fasta	None	Zygaenidae	BLAST	family	COI-5P	657	1533	Tortricidae,Zygaenidae,Noctuidae,Crambidae	BGLIB057-23_r_1.3_s_100	Zygaena fraxini	0	BGLIB057-23	1.3	100
0	0	data/BGE00401_MGE-BGE_r1_1.3_1.5_s50_100.fasta	None	Zygaenidae	BLAST	family	COI-5P	657	1533	Tortricidae,Zygaenidae,Noctuidae,Crambidae	BGLIB057-23_r_1.5_s_50	Zygaena fraxini	0	BGLIB057-23	1.5	50
0	0	data/BGE00401_MGE-BGE_r1_1.3_1.5_s50_100.fasta	None	Zygaenidae	BLAST	family	COI-5P	657	1533	Tortricidae,Zygaenidae,Noctuidae,Crambidae	BGLIB057-23_r_1.5_s_100	Zygaena fraxini	0	BGLIB057-23	1.5	100
0	0	data/BGE00401_MGE-BGE_r1_1.3_1.5_s50_100.fasta	None	Zygaenidae	BLAST	family	COI-5P	657	1533	Zygaenidae,Noctuidae,Crambidae	BGLIB058-23_r_1_s_50	Zygaena haberhaueri	0	BGLIB058-23	1	50
0	0	data/BGE00401_MGE-BGE_r1_1.3_1.5_s50_100.fasta	None	Zygaenidae	BLAST	family	COI-5P	657	1533	Zygaenidae,Noctuidae,Crambidae	BGLIB058-23_r_1_s_100	Zygaena haberhaueri	0	BGLIB058-23	1	100
0	0	data/BGE00401_MGE-BGE_r1_1.3_1.5_s50_100.fasta	None	Zygaenidae	BLAST	family	COI-5P	657	1533	Zygaenidae,Noctuidae,Crambidae	BGLIB058-23_r_1.3_s_50	Zygaena haberhaueri	0	BGLIB058-23	1.3	50
0	0	data/BGE00401_MGE-BGE_r1_1.3_1.5_s50_100.fasta	None	Zygaenidae	BLAST	family	COI-5P	657	1533	Zygaenidae,Noctuidae,Crambidae	BGLIB058-23_r_1.3_s_100	Zygaena haberhaueri	0	BGLIB058-23	1.3	100
0	0	data/BGE00401_MGE-BGE_r1_1.3_1.5_s50_100.fasta	None	Zygaenidae	BLAST	family	COI-5P	657	1533	Zygaenidae,Noctuidae,Crambidae	BGLIB058-23_r_1.5_s_50	Zygaena haberhaueri	0	BGLIB058-23	1.5	50
0	0	data/BGE00401_MGE-BGE_r1_1.3_1.5_s50_100.fasta	None	Zygaenidae	BLAST	family	COI-5P	657	1533	Zygaenidae,Noctuidae,Crambidae	BGLIB058-23_r_1.5_s_100	Zygaena haberhaueri	0	BGLIB058-23	1.5	100
0	0	data/BGE00401_MGE-BGE_r1_1.3_1.5_s50_100.fasta	None	Zygaenidae	BLAST	family	COI-5P	656	1533	Zygaenidae,Noctuidae	BGLIB059-23_r_1_s_50	Zygaena haberhaueri	0	BGLIB059-23	1	50
0	0	data/BGE00401_MGE-BGE_r1_1.3_1.5_s50_100.fasta	None	Zygaenidae	BLAST	family	COI-5P	656	1533	Zygaenidae,Noctuidae	BGLIB059-23_r_1_s_100	Zygaena haberhaueri	0	BGLIB059-23	1	100
0	0	data/BGE00401_MGE-BGE_r1_1.3_1.5_s50_100.fasta	None	Zygaenidae	BLAST	family	COI-5P	656	1533	Zygaenidae,Noctuidae	BGLIB059-23_r_1.3_s_50	Zygaena haberhaueri	0	BGLIB059-23	1.3	50
0	0	data/BGE00401_MGE-BGE_r1_1.3_1.5_s50_100.fasta	None	Zygaenidae	BLAST	family	COI-5P	656	1533	Zygaenidae,Noctuidae	BGLIB059-23_r_1.3_s_100	Zygaena haberhaueri	0	BGLIB059-23	1.3	100
0	0	data/BGE00401_MGE-BGE_r1_1.3_1.5_s50_100.fasta	None	Zygaenidae	BLAST	family	COI-5P	656	1533	Zygaenidae,Noctuidae	BGLIB059-23_r_1.5_s_50	Zygaena haberhaueri	0	BGLIB059-23	1.5	50
0	0	data/BGE00401_MGE-BGE_r1_1.3_1.5_s50_100.fasta	None	Zygaenidae	BLAST	family	COI-5P	656	1533	Zygaenidae,Noctuidae	BGLIB059-23_r_1.5_s_100	Zygaena haberhaueri	0	BGLIB059-23	1.5	100
0	0	data/BGE00401_MGE-BGE_r1_1.3_1.5_s50_100.fasta	None	Zygaenidae	BLAST	family	COI-5P	657	1533	Zygaenidae,Geometridae	BGLIB060-23_r_1_s_50	Zygaena hilaris	0	BGLIB060-23	1	50
0	0	data/BGE00401_MGE-BGE_r1_1.3_1.5_s50_100.fasta	None	Zygaenidae	BLAST	family	COI-5P	657	1533	Zygaenidae,Crambidae,Geometridae	BGLIB060-23_r_1_s_100	Zygaena hilaris	0	BGLIB060-23	1	100
0	0	data/BGE00401_MGE-BGE_r1_1.3_1.5_s50_100.fasta	None	Zygaenidae	BLAST	family	COI-5P	657	1533	Zygaenidae,Crambidae,Geometridae	BGLIB060-23_r_1.3_s_50	Zygaena hilaris	0	BGLIB060-23	1.3	50
0	0	data/BGE00401_MGE-BGE_r1_1.3_1.5_s50_100.fasta	None	Zygaenidae	BLAST	family	COI-5P	657	1533	Zygaenidae,Crambidae,Geometridae	BGLIB060-23_r_1.3_s_100	Zygaena hilaris	0	BGLIB060-23	1.3	100
0	0	data/BGE00401_MGE-BGE_r1_1.3_1.5_s50_100.fasta	None	Zygaenidae	BLAST	family	COI-5P	657	1533	Zygaenidae,Crambidae,Geometridae	BGLIB060-23_r_1.5_s_50	Zygaena hilaris	0	BGLIB060-23	1.5	50
0	0	data/BGE00401_MGE-BGE_r1_1.3_1.5_s50_100.fasta	None	Zygaenidae	BLAST	family	COI-5P	657	1533	Zygaenidae,Crambidae,Geometridae	BGLIB060-23_r_1.5_s_100	Zygaena hilaris	0	BGLIB060-23	1.5	100
0	0	data/BGE00401_MGE-BGE_r1_1.3_1.5_s50_100.fasta	None	Zygaenidae	BLAST	family	COI-5P	657	1533	Zygaenidae,Crambidae,Geometridae	BGLIB061-23_r_1_s_50	Zygaena hilaris	0	BGLIB061-23	1	50
0	0	data/BGE00401_MGE-BGE_r1_1.3_1.5_s50_100.fasta	None	Zygaenidae	BLAST	family	COI-5P	657	1533	Zygaenidae,Geometridae	BGLIB061-23_r_1_s_100	Zygaena hilaris	0	BGLIB061-23	1	100
0	0	data/BGE00401_MGE-BGE_r1_1.3_1.5_s50_100.fasta	None	Zygaenidae	BLAST	family	COI-5P	657	1533	Zygaenidae,Geometridae	BGLIB061-23_r_1.3_s_50	Zygaena hilaris	0	BGLIB061-23	1.3	50
0	0	data/BGE00401_MGE-BGE_r1_1.3_1.5_s50_100.fasta	None	Zygaenidae	BLAST	family	COI-5P	657	1533	Zygaenidae,Geometridae	BGLIB061-23_r_1.3_s_100	Zygaena hilaris	0	BGLIB061-23	1.3	100
0	0	data/BGE00401_MGE-BGE_r1_1.3_1.5_s50_100.fasta	None	Zygaenidae	BLAST	family	COI-5P	657	1533	Zygaenidae,Geometridae	BGLIB061-23_r_1.5_s_50	Zygaena hilaris	0	BGLIB061-23	1.5	50
0	0	data/BGE00401_MGE-BGE_r1_1.3_1.5_s50_100.fasta	None	Zygaenidae	BLAST	family	COI-5P	657	1533	Zygaenidae,Geometridae	BGLIB061-23_r_1.5_s_100	Zygaena hilaris	0	BGLIB061-23	1.5	100
0	0	data/BGE00401_MGE-BGE_r1_1.3_1.5_s50_100.fasta	None	Zygaenidae	BLAST	family	COI-5P	657	1533	Depressariidae,Tortricidae,Zygaenidae,Crambidae	BGLIB062-23_r_1_s_50	Zygaena ignifera	0	BGLIB062-23	1	50
0	0	data/BGE00401_MGE-BGE_r1_1.3_1.5_s50_100.fasta	None	Zygaenidae	BLAST	family	COI-5P	657	1533	Depressariidae,Tortricidae,Zygaenidae,Crambidae	BGLIB062-23_r_1_s_100	Zygaena ignifera	0	BGLIB062-23	1	100
0	0	data/BGE00401_MGE-BGE_r1_1.3_1.5_s50_100.fasta	None	Zygaenidae	BLAST	family	COI-5P	657	1533	Depressariidae,Tortricidae,Zygaenidae,Crambidae	BGLIB062-23_r_1.3_s_50	Zygaena ignifera	0	BGLIB062-23	1.3	50
0	0	data/BGE00401_MGE-BGE_r1_1.3_1.5_s50_100.fasta	None	Zygaenidae	BLAST	family	COI-5P	657	1533	Depressariidae,Tortricidae,Zygaenidae,Crambidae	BGLIB062-23_r_1.3_s_100	Zygaena ignifera	0	BGLIB062-23	1.3	100
0	0	data/BGE00401_MGE-BGE_r1_1.3_1.5_s50_100.fasta	None	Zygaenidae	BLAST	family	COI-5P	657	1533	Depressariidae,Tortricidae,Zygaenidae,Crambidae	BGLIB062-23_r_1.5_s_50	Zygaena ignifera	0	BGLIB062-23	1.5	50
0	0	data/BGE00401_MGE-BGE_r1_1.3_1.5_s50_100.fasta	None	Zygaenidae	BLAST	family	COI-5P	657	1533	Depressariidae,Tortricidae,Zygaenidae,Crambidae	BGLIB062-23_r_1.5_s_100	Zygaena ignifera	0	BGLIB062-23	1.5	100
0	0	data/BGE00401_MGE-BGE_r1_1.3_1.5_s50_100.fasta	None	Zygaenidae	BLAST	family	COI-5P	656	1533	Limacodidae,Zygaenidae	BGLIB063-23_r_1_s_50	Zygaena hilaris	0	BGLIB063-23	1	50
0	0	data/BGE00401_MGE-BGE_r1_1.3_1.5_s50_100.fasta	None	Zygaenidae	BLAST	family	COI-5P	656	1533	Limacodidae,Zygaenidae	BGLIB063-23_r_1_s_100	Zygaena hilaris	0	BGLIB063-23	1	100
0	0	data/BGE00401_MGE-BGE_r1_1.3_1.5_s50_100.fasta	None	Zygaenidae	BLAST	family	COI-5P	656	1533	Limacodidae,Zygaenidae	BGLIB063-23_r_1.3_s_50	Zygaena hilaris	0	BGLIB063-23	1.3	50
0	0	data/BGE00401_MGE-BGE_r1_1.3_1.5_s50_100.fasta	None	Zygaenidae	BLAST	family	COI-5P	656	1533	Limacodidae,Zygaenidae	BGLIB063-23_r_1.3_s_100	Zygaena hilaris	0	BGLIB063-23	1.3	100
0	0	data/BGE00401_MGE-BGE_r1_1.3_1.5_s50_100.fasta	None	Zygaenidae	BLAST	family	COI-5P	656	1485	Limacodidae,Zygaenidae,Crambidae	BGLIB063-23_r_1.5_s_50	Zygaena hilaris	0	BGLIB063-23	1.5	50
0	0	data/BGE00401_MGE-BGE_r1_1.3_1.5_s50_100.fasta	None	Zygaenidae	BLAST	family	COI-5P	656	1485	Limacodidae,Zygaenidae,Crambidae	BGLIB063-23_r_1.5_s_100	Zygaena hilaris	0	BGLIB063-23	1.5	100
0	0	data/BGE00401_MGE-BGE_r1_1.3_1.5_s50_100.fasta	None	Zygaenidae	BLAST	family	COI-5P	657	1533	Depressariidae,Zygaenidae,Crambidae,Hyblaeidae	BGLIB064-23_r_1_s_50	Zygaena occitanica	0	BGLIB064-23	1	50
0	0	data/BGE00401_MGE-BGE_r1_1.3_1.5_s50_100.fasta	None	Zygaenidae	BLAST	family	COI-5P	657	1533	Depressariidae,Zygaenidae,Crambidae,Hyblaeidae	BGLIB064-23_r_1_s_100	Zygaena occitanica	0	BGLIB064-23	1	100
0	0	data/BGE00401_MGE-BGE_r1_1.3_1.5_s50_100.fasta	None	Zygaenidae	BLAST	family	COI-5P	657	1533	Depressariidae,Zygaenidae,Crambidae,Hyblaeidae	BGLIB064-23_r_1.3_s_50	Zygaena occitanica	0	BGLIB064-23	1.3	50
0	0	data/BGE00401_MGE-BGE_r1_1.3_1.5_s50_100.fasta	None	Zygaenidae	BLAST	family	COI-5P	657	1533	Depressariidae,Zygaenidae,Crambidae,Hyblaeidae	BGLIB064-23_r_1.3_s_100	Zygaena occitanica	0	BGLIB064-23	1.3	100
0	0	data/BGE00401_MGE-BGE_r1_1.3_1.5_s50_100.fasta	None	Zygaenidae	BLAST	family	COI-5P	657	1533	Depressariidae,Zygaenidae,Crambidae,Hyblaeidae	BGLIB064-23_r_1.5_s_50	Zygaena occitanica	0	BGLIB064-23	1.5	50
0	0	data/BGE00401_MGE-BGE_r1_1.3_1.5_s50_100.fasta	None	Zygaenidae	BLAST	family	COI-5P	657	1533	Depressariidae,Zygaenidae,Crambidae,Hyblaeidae	BGLIB064-23_r_1.5_s_100	Zygaena occitanica	0	BGLIB064-23	1.5	100
0	0	data/BGE00401_MGE-BGE_r1_1.3_1.5_s50_100.fasta	None	Zygaenidae	BLAST	family	COI-5P	657	1533	Gelechiidae,Zygaenidae,Crambidae,Geometridae	BGLIB065-23_r_1_s_50	Zygaena orana	0	BGLIB065-23	1	50
0	0	data/BGE00401_MGE-BGE_r1_1.3_1.5_s50_100.fasta	None	Zygaenidae	BLAST	family	COI-5P	657	1533	Gelechiidae,Zygaenidae,Crambidae,Geometridae	BGLIB065-23_r_1_s_100	Zygaena orana	0	BGLIB065-23	1	100
0	0	data/BGE00401_MGE-BGE_r1_1.3_1.5_s50_100.fasta	None	Zygaenidae	BLAST	family	COI-5P	657	1533	Gelechiidae,Zygaenidae,Crambidae,Geometridae	BGLIB065-23_r_1.3_s_50	Zygaena orana	0	BGLIB065-23	1.3	50
0	0	data/BGE00401_MGE-BGE_r1_1.3_1.5_s50_100.fasta	None	Zygaenidae	BLAST	family	COI-5P	657	1533	Gelechiidae,Zygaenidae,Crambidae,Geometridae	BGLIB065-23_r_1.3_s_100	Zygaena orana	0	BGLIB065-23	1.3	100
0	0	data/BGE00401_MGE-BGE_r1_1.3_1.5_s50_100.fasta	None	Zygaenidae	BLAST	family	COI-5P	657	1533	Gelechiidae,Zygaenidae,Crambidae,Geometridae	BGLIB065-23_r_1.5_s_50	Zygaena orana	0	BGLIB065-23	1.5	50
0	0	data/BGE00401_MGE-BGE_r1_1.3_1.5_s50_100.fasta	None	Zygaenidae	BLAST	family	COI-5P	657	1533	Gelechiidae,Zygaenidae,Crambidae,Geometridae	BGLIB065-23_r_1.5_s_100	Zygaena orana	0	BGLIB065-23	1.5	100
0	0	data/BGE00401_MGE-BGE_r1_1.3_1.5_s50_100.fasta	None	Zygaenidae	BLAST	family	COI-5P	657	1533	Depressariidae,Zygaenidae,Crambidae	BGLIB066-23_r_1_s_50	Zygaena oxytropis	0	BGLIB066-23	1	50
0	0	data/BGE00401_MGE-BGE_r1_1.3_1.5_s50_100.fasta	None	Zygaenidae	BLAST	family	COI-5P	657	1533	Depressariidae,Zygaenidae,Crambidae	BGLIB066-23_r_1_s_100	Zygaena oxytropis	0	BGLIB066-23	1	100
0	0	data/BGE00401_MGE-BGE_r1_1.3_1.5_s50_100.fasta	None	Zygaenidae	BLAST	family	COI-5P	657	1533	Depressariidae,Zygaenidae,Crambidae	BGLIB066-23_r_1.3_s_50	Zygaena oxytropis	0	BGLIB066-23	1.3	50
0	0	data/BGE00401_MGE-BGE_r1_1.3_1.5_s50_100.fasta	None	Zygaenidae	BLAST	family	COI-5P	657	1533	Depressariidae,Zygaenidae,Crambidae	BGLIB066-23_r_1.3_s_100	Zygaena oxytropis	0	BGLIB066-23	1.3	100
0	0	data/BGE00401_MGE-BGE_r1_1.3_1.5_s50_100.fasta	None	Zygaenidae	BLAST	family	COI-5P	657	1533	Depressariidae,Zygaenidae,Crambidae	BGLIB066-23_r_1.5_s_50	Zygaena oxytropis	0	BGLIB066-23	1.5	50
0	0	data/BGE00401_MGE-BGE_r1_1.3_1.5_s50_100.fasta	None	Zygaenidae	BLAST	family	COI-5P	657	1533	Depressariidae,Zygaenidae,Crambidae	BGLIB066-23_r_1.5_s_100	Zygaena oxytropis	0	BGLIB066-23	1.5	100
0	0	data/BGE00401_MGE-BGE_r1_1.3_1.5_s50_100.fasta	None	Zygaenidae	BLAST	family	COI-5P	657	1533	Depressariidae,Tortricidae,Zygaenidae	BGLIB067-23_r_1_s_50	Zygaena oxytropis	0	BGLIB067-23	1	50
0	0	data/BGE00401_MGE-BGE_r1_1.3_1.5_s50_100.fasta	None	Zygaenidae	BLAST	family	COI-5P	657	1533	Depressariidae,Tortricidae,Zygaenidae	BGLIB067-23_r_1_s_100	Zygaena oxytropis	0	BGLIB067-23	1	100
0	0	data/BGE00401_MGE-BGE_r1_1.3_1.5_s50_100.fasta	None	Zygaenidae	BLAST	family	COI-5P	657	1533	Depressariidae,Tortricidae,Zygaenidae	BGLIB067-23_r_1.3_s_50	Zygaena oxytropis	0	BGLIB067-23	1.3	50
0	0	data/BGE00401_MGE-BGE_r1_1.3_1.5_s50_100.fasta	None	Zygaenidae	BLAST	family	COI-5P	657	1533	Depressariidae,Tortricidae,Zygaenidae	BGLIB067-23_r_1.3_s_100	Zygaena oxytropis	0	BGLIB067-23	1.3	100
0	0	data/BGE00401_MGE-BGE_r1_1.3_1.5_s50_100.fasta	None	Zygaenidae	BLAST	family	COI-5P	657	1533	Depressariidae,Tortricidae,Zygaenidae	BGLIB067-23_r_1.5_s_50	Zygaena oxytropis	0	BGLIB067-23	1.5	50
0	0	data/BGE00401_MGE-BGE_r1_1.3_1.5_s50_100.fasta	None	Zygaenidae	BLAST	family	COI-5P	657	1533	Depressariidae,Tortricidae,Zygaenidae	BGLIB067-23_r_1.5_s_100	Zygaena oxytropis	0	BGLIB067-23	1.5	100
0	0	data/BGE00401_MGE-BGE_r1_1.3_1.5_s50_100.fasta	None	Zygaenidae	BLAST	family	COI-5P	657	1533	Tortricidae,Zygaenidae,Crambidae	BGLIB068-23_r_1_s_50	Zygaena rhadamanthus	0	BGLIB068-23	1	50
0	0	data/BGE00401_MGE-BGE_r1_1.3_1.5_s50_100.fasta	None	Zygaenidae	BLAST	family	COI-5P	657	1533	Tortricidae,Zygaenidae,Crambidae	BGLIB068-23_r_1_s_100	Zygaena rhadamanthus	0	BGLIB068-23	1	100
0	0	data/BGE00401_MGE-BGE_r1_1.3_1.5_s50_100.fasta	None	Zygaenidae	BLAST	family	COI-5P	657	1533	Tortricidae,Zygaenidae,Crambidae	BGLIB068-23_r_1.3_s_50	Zygaena rhadamanthus	0	BGLIB068-23	1.3	50
0	0	data/BGE00401_MGE-BGE_r1_1.3_1.5_s50_100.fasta	None	Zygaenidae	BLAST	family	COI-5P	657	1533	Tortricidae,Zygaenidae,Crambidae	BGLIB068-23_r_1.3_s_100	Zygaena rhadamanthus	0	BGLIB068-23	1.3	100
0	0	data/BGE00401_MGE-BGE_r1_1.3_1.5_s50_100.fasta	None	Zygaenidae	BLAST	family	COI-5P	657	1533	Tortricidae,Zygaenidae,Crambidae	BGLIB068-23_r_1.5_s_50	Zygaena rhadamanthus	0	BGLIB068-23	1.5	50
0	0	data/BGE00401_MGE-BGE_r1_1.3_1.5_s50_100.fasta	None	Zygaenidae	BLAST	family	COI-5P	657	1533	Tortricidae,Zygaenidae,Crambidae	BGLIB068-23_r_1.5_s_100	Zygaena rhadamanthus	0	BGLIB068-23	1.5	100
1	11	data/BGE00401_MGE-BGE_r1_1.3_1.5_s50_100.fasta	None	Zygaenidae	BLAST	family	COI-5P	651	1527	Crambidae,Geometridae	BGLIB069-23_r_1_s_50	Zygaena orana	0	BGLIB069-23	1	50
1	1	data/BGE00401_MGE-BGE_r1_1.3_1.5_s50_100.fasta	None	Zygaenidae	BLAST	family	COI-5P	624	1440	Plutellidae,Zygaenidae,Pyralidae,Crambidae	BGLIB069-23_r_1_s_100	Zygaena orana	0	BGLIB069-23	1	100
1	2	data/BGE00401_MGE-BGE_r1_1.3_1.5_s50_100.fasta	None	Zygaenidae	BLAST	family	COI-5P	651	1527	Zygaenidae,Noctuidae,Crambidae,Geometridae	BGLIB069-23_r_1.3_s_50	Zygaena orana	0	BGLIB069-23	1.3	50
1	1	data/BGE00401_MGE-BGE_r1_1.3_1.5_s50_100.fasta	None	Zygaenidae	BLAST	family	COI-5P	624	1440	Plutellidae,Zygaenidae,Pyralidae,Crambidae	BGLIB069-23_r_1.3_s_100	Zygaena orana	0	BGLIB069-23	1.3	100
1	6	data/BGE00401_MGE-BGE_r1_1.3_1.5_s50_100.fasta	None	Zygaenidae	BLAST	family	COI-5P	651	1482	Pyralidae,Crambidae	BGLIB069-23_r_1.5_s_50	Zygaena orana	0	BGLIB069-23	1.5	50
1	2	data/BGE00401_MGE-BGE_r1_1.3_1.5_s50_100.fasta	None	Zygaenidae	BLAST	family	COI-5P	624	1425	Depressariidae,Zygaenidae,Crambidae,Geometridae	BGLIB069-23_r_1.5_s_100	Zygaena orana	0	BGLIB069-23	1.5	100
0	0	data/BGE00401_MGE-BGE_r1_1.3_1.5_s50_100.fasta	None	Zygaenidae	BLAST	family	COI-5P	657	1530	Zygaenidae	BGLIB070-23_r_1_s_50	Adscita capitalis	0	BGLIB070-23	1	50
0	0	data/BGE00401_MGE-BGE_r1_1.3_1.5_s50_100.fasta	None	Zygaenidae	BLAST	family	COI-5P	657	1530	Zygaenidae	BGLIB070-23_r_1_s_100	Adscita capitalis	0	BGLIB070-23	1	100
0	0	data/BGE00401_MGE-BGE_r1_1.3_1.5_s50_100.fasta	None	Zygaenidae	BLAST	family	COI-5P	657	1530	Zygaenidae	BGLIB070-23_r_1.3_s_50	Adscita capitalis	0	BGLIB070-23	1.3	50
0	0	data/BGE00401_MGE-BGE_r1_1.3_1.5_s50_100.fasta	None	Zygaenidae	BLAST	family	COI-5P	657	1530	Zygaenidae	BGLIB070-23_r_1.3_s_100	Adscita capitalis	0	BGLIB070-23	1.3	100
0	0	data/BGE00401_MGE-BGE_r1_1.3_1.5_s50_100.fasta	None	Zygaenidae	BLAST	family	COI-5P	657	1530	Zygaenidae	BGLIB070-23_r_1.5_s_50	Adscita capitalis	0	BGLIB070-23	1.5	50
0	0	data/BGE00401_MGE-BGE_r1_1.3_1.5_s50_100.fasta	None	Zygaenidae	BLAST	family	COI-5P	657	1530	Zygaenidae	BGLIB070-23_r_1.5_s_100	Adscita capitalis	0	BGLIB070-23	1.5	100
0	0	data/BGE00401_MGE-BGE_r1_1.3_1.5_s50_100.fasta	None	Notodontidae	BLAST	family	COI-5P	657	1530	Noctuidae,Notodontidae,Erebidae	BGLIB071-23_r_1_s_50	Phalera bucephala	0	BGLIB071-23	1	50
0	0	data/BGE00401_MGE-BGE_r1_1.3_1.5_s50_100.fasta	None	Notodontidae	BLAST	family	COI-5P	657	1530	Noctuidae,Notodontidae,Erebidae	BGLIB071-23_r_1_s_100	Phalera bucephala	0	BGLIB071-23	1	100
0	0	data/BGE00401_MGE-BGE_r1_1.3_1.5_s50_100.fasta	None	Notodontidae	BLAST	family	COI-5P	657	1530	Noctuidae,Notodontidae,Erebidae	BGLIB071-23_r_1.3_s_50	Phalera bucephala	0	BGLIB071-23	1.3	50
0	0	data/BGE00401_MGE-BGE_r1_1.3_1.5_s50_100.fasta	None	Notodontidae	BLAST	family	COI-5P	657	1530	Noctuidae,Notodontidae,Erebidae	BGLIB071-23_r_1.3_s_100	Phalera bucephala	0	BGLIB071-23	1.3	100
0	0	data/BGE00401_MGE-BGE_r1_1.3_1.5_s50_100.fasta	None	Notodontidae	BLAST	family	COI-5P	657	1530	Noctuidae,Notodontidae,Erebidae	BGLIB071-23_r_1.5_s_50	Phalera bucephala	0	BGLIB071-23	1.5	50
0	0	data/BGE00401_MGE-BGE_r1_1.3_1.5_s50_100.fasta	None	Notodontidae	BLAST	family	COI-5P	657	1530	Noctuidae,Notodontidae,Erebidae	BGLIB071-23_r_1.5_s_100	Phalera bucephala	0	BGLIB071-23	1.5	100
0	16	data/BGE00401_MGE-BGE_r1_1.3_1.5_s50_100.fasta	None	Notodontidae	BLAST	family	COI-5P	657	1530	Noctuidae,Notodontidae,Erebidae	BGLIB072-23_r_1_s_50	Phalera bucephala	0	BGLIB072-23	1	50
3	3	data/BGE00401_MGE-BGE_r1_1.3_1.5_s50_100.fasta	None	Notodontidae	BLAST	family	COI-5P	657	1452	Noctuidae,Notodontidae,Erebidae	BGLIB072-23_r_1_s_100	Phalera bucephala	0	BGLIB072-23	1	100
0	15	data/BGE00401_MGE-BGE_r1_1.3_1.5_s50_100.fasta	None	Notodontidae	BLAST	family	COI-5P	657	1530	Notodontidae,Erebidae,Nymphalidae,Hedylidae	BGLIB072-23_r_1.3_s_50	Phalera bucephala	0	BGLIB072-23	1.3	50
3	3	data/BGE00401_MGE-BGE_r1_1.3_1.5_s50_100.fasta	None	Notodontidae	BLAST	family	COI-5P	657	1452	Noctuidae,Notodontidae,Erebidae	BGLIB072-23_r_1.3_s_100	Phalera bucephala	0	BGLIB072-23	1.3	100
2	5	data/BGE00401_MGE-BGE_r1_1.3_1.5_s50_100.fasta	None	Notodontidae	BLAST	family	COI-5P	657	1527	Noctuidae,Notodontidae,Erebidae	BGLIB072-23_r_1.5_s_50	Phalera bucephala	0	BGLIB072-23	1.5	50
3	3	data/BGE00401_MGE-BGE_r1_1.3_1.5_s50_100.fasta	None	Notodontidae	BLAST	family	COI-5P	657	1452	Noctuidae,Notodontidae,Erebidae	BGLIB072-23_r_1.5_s_100	Phalera bucephala	0	BGLIB072-23	1.5	100
0	0	data/BGE00401_MGE-BGE_r1_1.3_1.5_s50_100.fasta	None	Nymphalidae	BLAST	family	COI-5P	657	1533	Nymphalidae	BGLIB073-23_r_1_s_50	Arethusana boabdil	0	BGLIB073-23	1	50
0	0	data/BGE00401_MGE-BGE_r1_1.3_1.5_s50_100.fasta	None	Nymphalidae	BLAST	family	COI-5P	657	1533	Nymphalidae	BGLIB073-23_r_1_s_100	Arethusana boabdil	0	BGLIB073-23	1	100
0	0	data/BGE00401_MGE-BGE_r1_1.3_1.5_s50_100.fasta	None	Nymphalidae	BLAST	family	COI-5P	657	1533	Nymphalidae	BGLIB073-23_r_1.3_s_50	Arethusana boabdil	0	BGLIB073-23	1.3	50
0	0	data/BGE00401_MGE-BGE_r1_1.3_1.5_s50_100.fasta	None	Nymphalidae	BLAST	family	COI-5P	657	1533	Nymphalidae	BGLIB073-23_r_1.3_s_100	Arethusana boabdil	0	BGLIB073-23	1.3	100
0	0	data/BGE00401_MGE-BGE_r1_1.3_1.5_s50_100.fasta	None	Nymphalidae	BLAST	family	COI-5P	657	1533	Nymphalidae	BGLIB073-23_r_1.5_s_50	Arethusana boabdil	0	BGLIB073-23	1.5	50
0	0	data/BGE00401_MGE-BGE_r1_1.3_1.5_s50_100.fasta	None	Nymphalidae	BLAST	family	COI-5P	657	1533	Nymphalidae	BGLIB073-23_r_1.5_s_100	Arethusana boabdil	0	BGLIB073-23	1.5	100
0	0	data/BGE00401_MGE-BGE_r1_1.3_1.5_s50_100.fasta	None	Nymphalidae	BLAST	family	COI-5P	657	1533	Nymphalidae	BGLIB074-23_r_1_s_50	Satyrus bryce	0	BGLIB074-23	1	50
0	0	data/BGE00401_MGE-BGE_r1_1.3_1.5_s50_100.fasta	None	Nymphalidae	BLAST	family	COI-5P	657	1533	Nymphalidae	BGLIB074-23_r_1_s_100	Satyrus bryce	0	BGLIB074-23	1	100
0	0	data/BGE00401_MGE-BGE_r1_1.3_1.5_s50_100.fasta	None	Nymphalidae	BLAST	family	COI-5P	657	1533	Nymphalidae	BGLIB074-23_r_1.3_s_50	Satyrus bryce	0	BGLIB074-23	1.3	50
0	0	data/BGE00401_MGE-BGE_r1_1.3_1.5_s50_100.fasta	None	Nymphalidae	BLAST	family	COI-5P	657	1533	Nymphalidae	BGLIB074-23_r_1.3_s_100	Satyrus bryce	0	BGLIB074-23	1.3	100
0	0	data/BGE00401_MGE-BGE_r1_1.3_1.5_s50_100.fasta	None	Nymphalidae	BLAST	family	COI-5P	657	1533	Nymphalidae	BGLIB074-23_r_1.5_s_50	Satyrus bryce	0	BGLIB074-23	1.5	50
0	0	data/BGE00401_MGE-BGE_r1_1.3_1.5_s50_100.fasta	None	Nymphalidae	BLAST	family	COI-5P	657	1533	Nymphalidae	BGLIB074-23_r_1.5_s_100	Satyrus bryce	0	BGLIB074-23	1.5	100
0	0	data/BGE00401_MGE-BGE_r1_1.3_1.5_s50_100.fasta	None	Nymphalidae	BLAST	family	COI-5P	657	1533	Nymphalidae	BGLIB075-23_r_1_s_50	Erebia polaris	0	BGLIB075-23	1	50
0	0	data/BGE00401_MGE-BGE_r1_1.3_1.5_s50_100.fasta	None	Nymphalidae	BLAST	family	COI-5P	657	1533	Nymphalidae	BGLIB075-23_r_1_s_100	Erebia polaris	0	BGLIB075-23	1	100
0	0	data/BGE00401_MGE-BGE_r1_1.3_1.5_s50_100.fasta	None	Nymphalidae	BLAST	family	COI-5P	657	1533	Nymphalidae	BGLIB075-23_r_1.3_s_50	Erebia polaris	0	BGLIB075-23	1.3	50
0	0	data/BGE00401_MGE-BGE_r1_1.3_1.5_s50_100.fasta	None	Nymphalidae	BLAST	family	COI-5P	657	1533	Nymphalidae	BGLIB075-23_r_1.3_s_100	Erebia polaris	0	BGLIB075-23	1.3	100
0	0	data/BGE00401_MGE-BGE_r1_1.3_1.5_s50_100.fasta	None	Nymphalidae	BLAST	family	COI-5P	657	1533	Nymphalidae	BGLIB075-23_r_1.5_s_50	Erebia polaris	0	BGLIB075-23	1.5	50
0	0	data/BGE00401_MGE-BGE_r1_1.3_1.5_s50_100.fasta	None	Nymphalidae	BLAST	family	COI-5P	657	1533	Nymphalidae	BGLIB075-23_r_1.5_s_100	Erebia polaris	0	BGLIB075-23	1.5	100
0	0	data/BGE00401_MGE-BGE_r1_1.3_1.5_s50_100.fasta	None	Psychidae	BLAST	family	COI-5P	657	1551	Psychidae,Noctuidae,Crambidae	BGLIB076-23_r_1_s_50	Phalacropterix praecellens	0	BGLIB076-23	1	50
0	0	data/BGE00401_MGE-BGE_r1_1.3_1.5_s50_100.fasta	None	Psychidae	BLAST	family	COI-5P	657	1551	Psychidae,Noctuidae,Crambidae	BGLIB076-23_r_1_s_100	Phalacropterix praecellens	0	BGLIB076-23	1	100
0	1	data/BGE00401_MGE-BGE_r1_1.3_1.5_s50_100.fasta	None	Psychidae	BLAST	family	COI-5P	657	1551	Psychidae,Noctuidae,Crambidae	BGLIB076-23_r_1.3_s_50	Phalacropterix praecellens	0	BGLIB076-23	1.3	50
0	0	data/BGE00401_MGE-BGE_r1_1.3_1.5_s50_100.fasta	None	Psychidae	BLAST	family	COI-5P	657	1551	Psychidae,Noctuidae,Crambidae	BGLIB076-23_r_1.3_s_100	Phalacropterix praecellens	0	BGLIB076-23	1.3	100
0	5	data/BGE00401_MGE-BGE_r1_1.3_1.5_s50_100.fasta	None	Psychidae	BLAST	family	COI-5P	657	1536	Psychidae,Noctuidae,Crambidae	BGLIB076-23_r_1.5_s_50	Phalacropterix praecellens	0	BGLIB076-23	1.5	50
0	0	data/BGE00401_MGE-BGE_r1_1.3_1.5_s50_100.fasta	None	Psychidae	BLAST	family	COI-5P	633	1476	Crambidae,Prodoxidae	BGLIB076-23_r_1.5_s_100	Phalacropterix praecellens	0	BGLIB076-23	1.5	100
0	0	data/BGE00401_MGE-BGE_r1_1.3_1.5_s50_100.fasta	None	Psychidae	BLAST	family	COI-5P	657	1551	Psychidae,Tortricidae,Crambidae	BGLIB077-23_r_1_s_50	Rebelia majorella	0	BGLIB077-23	1	50
0	0	data/BGE00401_MGE-BGE_r1_1.3_1.5_s50_100.fasta	None	Psychidae	BLAST	family	COI-5P	657	1527	Psychidae,Tortricidae,Crambidae	BGLIB077-23_r_1_s_100	Rebelia majorella	0	BGLIB077-23	1	100
0	0	data/BGE00401_MGE-BGE_r1_1.3_1.5_s50_100.fasta	None	Psychidae	BLAST	family	COI-5P	657	1551	Psychidae,Tortricidae,Crambidae	BGLIB077-23_r_1.3_s_50	Rebelia majorella	0	BGLIB077-23	1.3	50
0	0	data/BGE00401_MGE-BGE_r1_1.3_1.5_s50_100.fasta	None	Psychidae	BLAST	family	COI-5P	657	1527	Psychidae,Tortricidae,Crambidae	BGLIB077-23_r_1.3_s_100	Rebelia majorella	0	BGLIB077-23	1.3	100
0	0	data/BGE00401_MGE-BGE_r1_1.3_1.5_s50_100.fasta	None	Psychidae	BLAST	family	COI-5P	630	1470	Glyphipterigidae,Tortricidae,Crambidae	BGLIB077-23_r_1.5_s_50	Rebelia majorella	0	BGLIB077-23	1.5	50
0	0	data/BGE00401_MGE-BGE_r1_1.3_1.5_s50_100.fasta	None	Psychidae	BLAST	family	COI-5P	630	1467	Glyphipterigidae,Tortricidae,Crambidae	BGLIB077-23_r_1.5_s_100	Rebelia majorella	0	BGLIB077-23	1.5	100
3	5	data/BGE00401_MGE-BGE_r1_1.3_1.5_s50_100.fasta	None	Psychidae	BLAST	family	COI-5P	627	1497	Psychidae,Tortricidae,Crambidae	BGLIB078-23_r_1_s_50	Rebelia nocturnella	0	BGLIB078-23	1	50
6	7	data/BGE00401_MGE-BGE_r1_1.3_1.5_s50_100.fasta	None	Psychidae	BLAST	family	COI-5P	579	1422	Psychidae,Tortricidae,Limacodidae,Crambidae	BGLIB078-23_r_1_s_100	Rebelia nocturnella	0	BGLIB078-23	1	100
2	2	data/BGE00401_MGE-BGE_r1_1.3_1.5_s50_100.fasta	None	Psychidae	BLAST	family	COI-5P	600	1422	Psychidae,Tortricidae,Crambidae	BGLIB078-23_r_1.3_s_50	Rebelia nocturnella	0	BGLIB078-23	1.3	50
2	3	data/BGE00401_MGE-BGE_r1_1.3_1.5_s50_100.fasta	None	Psychidae	BLAST	family	COI-5P	552	1329	Cosmopterigidae,Glyphipterigidae,Tortricidae,Nymphalidae,Crambidae	BGLIB078-23_r_1.3_s_100	Rebelia nocturnella	0	BGLIB078-23	1.3	100
1	3	data/BGE00401_MGE-BGE_r1_1.3_1.5_s50_100.fasta	None	Psychidae	BLAST	family	COI-5P	543	1329	Psychidae,Crambidae	BGLIB078-23_r_1.5_s_50	Rebelia nocturnella	0	BGLIB078-23	1.5	50
1	2	data/BGE00401_MGE-BGE_r1_1.3_1.5_s50_100.fasta	None	Psychidae	BLAST	family	COI-5P	479	1239	Cosmopterigidae,Glyphipterigidae,Noctuidae,Nymphalidae,Crambidae	BGLIB078-23_r_1.5_s_100	Rebelia nocturnella	0	BGLIB078-23	1.5	100
0	4	data/BGE00401_MGE-BGE_r1_1.3_1.5_s50_100.fasta	None	Psychidae	BLAST	family	COI-5P	657	1488	Psychidae,Noctuidae,Papilionidae,Crambidae	BGLIB079-23_r_1_s_50	Apterona crenulella	0	BGLIB079-23	1	50
1	3	data/BGE00401_MGE-BGE_r1_1.3_1.5_s50_100.fasta	None	Psychidae	BLAST	family	COI-5P	630	1335	Psychidae	BGLIB079-23_r_1_s_100	Apterona crenulella	0	BGLIB079-23	1	100
0	6	data/BGE00401_MGE-BGE_r1_1.3_1.5_s50_100.fasta	None	Psychidae	BLAST	family	COI-5P	657	1455	Psychidae,Tortricidae,Noctuidae,Papilionidae,Crambidae	BGLIB079-23_r_1.3_s_50	Apterona crenulella	0	BGLIB079-23	1.3	50
1	3	data/BGE00401_MGE-BGE_r1_1.3_1.5_s50_100.fasta	None	Psychidae	BLAST	family	COI-5P	630	1248	Psychidae	BGLIB079-23_r_1.3_s_100	Apterona crenulella	0	BGLIB079-23	1.3	100
1	2	data/BGE00401_MGE-BGE_r1_1.3_1.5_s50_100.fasta	None	Psychidae	BLAST	family	COI-5P	612	1383	Cosmopterigidae,Tortricidae,Noctuidae,Nymphalidae,Crambidae	BGLIB079-23_r_1.5_s_50	Apterona crenulella	0	BGLIB079-23	1.5	50
1	3	data/BGE00401_MGE-BGE_r1_1.3_1.5_s50_100.fasta	None	Psychidae	BLAST	family	COI-5P	466	1074	Cosmopterigidae,Psychidae,Sphingidae,Noctuidae	BGLIB079-23_r_1.5_s_100	Apterona crenulella	0	BGLIB079-23	1.5	100
10	18	data/BGE00401_MGE-BGE_r1_1.3_1.5_s50_100.fasta	None	Psychidae	BLAST	family	COI-5P	564	1413	Curculionidae,Coleophoridae,Tortricidae,Nymphalidae	BGLIB080-23_r_1_s_50	Apterona crenulella	0	BGLIB080-23	1	50
0	2	data/BGE00401_MGE-BGE_r1_1.3_1.5_s50_100.fasta	None	Psychidae	BLAST	family	COI-5P	524	1104	Tortricidae,Nymphalidae	BGLIB080-23_r_1_s_100	Apterona crenulella	0	BGLIB080-23	1	100
8	13	data/BGE00401_MGE-BGE_r1_1.3_1.5_s50_100.fasta	None	Psychidae	BLAST	family	COI-5P	564	1353	Curculionidae,Coleophoridae,Nymphalidae	BGLIB080-23_r_1.3_s_50	Apterona crenulella	0	BGLIB080-23	1.3	50
0	0	data/BGE00401_MGE-BGE_r1_1.3_1.5_s50_100.fasta	None	Psychidae	BLAST	family	COI-5P	524	1101	Attevidae,Psychidae,Nymphalidae,Geometridae	BGLIB080-23_r_1.3_s_100	Apterona crenulella	0	BGLIB080-23	1.3	100
0	6	data/BGE00401_MGE-BGE_r1_1.3_1.5_s50_100.fasta	None	Psychidae	BLAST	family	COI-5P	504	1245	Coleophoridae,Tortricidae,Nymphalidae,Crambidae	BGLIB080-23_r_1.5_s_50	Apterona crenulella	0	BGLIB080-23	1.5	50
0	0	data/BGE00401_MGE-BGE_r1_1.3_1.5_s50_100.fasta	None	Psychidae	BLAST	family	COI-5P	380	924	Psychidae,Noctuidae,Nymphalidae,Geometridae,Prodoxidae	BGLIB080-23_r_1.5_s_100	Apterona crenulella	0	BGLIB080-23	1.5	100
10	11	data/BGE00401_MGE-BGE_r1_1.3_1.5_s50_100.fasta	None	Psychidae	BLAST	family	COI-5P	336	555	Nymphalidae	BGLIB081-23_r_1_s_50	Epichnopterix plumella	0	BGLIB081-23	1	50
0	0	data/BGE00401_MGE-BGE_r1_1.3_1.5_s50_100.fasta	None	Psychidae	BLAST	family	COI-5P	229	240	Nymphalidae	BGLIB081-23_r_1_s_100	Epichnopterix plumella	1	BGLIB081-23	1	100
8	10	data/BGE00401_MGE-BGE_r1_1.3_1.5_s50_100.fasta	None	Psychidae	BLAST	family	COI-5P	231	411	Nymphalidae	BGLIB081-23_r_1.3_s_50	Epichnopterix plumella	0	BGLIB081-23	1.3	50
0	0	data/BGE00401_MGE-BGE_r1_1.3_1.5_s50_100.fasta	None	Psychidae	BLAST	family	COI-5P	229	240	Nymphalidae	BGLIB081-23_r_1.3_s_100	Epichnopterix plumella	1	BGLIB081-23	1.3	100
0	0	data/BGE00401_MGE-BGE_r1_1.3_1.5_s50_100.fasta	None	Psychidae	BLAST	family	COI-5P	130	147	Coccinellidae,Drosophilidae,Anthomyzidae,Glossinidae,Zygaenidae	BGLIB081-23_r_1.5_s_50	Epichnopterix plumella	0	BGLIB081-23	1.5	50
0	0	data/BGE00401_MGE-BGE_r1_1.3_1.5_s50_100.fasta	None	Psychidae	BLAST	family	COI-5P	130	147	Coccinellidae,Drosophilidae,Anthomyzidae,Glossinidae,Zygaenidae	BGLIB081-23_r_1.5_s_100	Epichnopterix plumella	0	BGLIB081-23	1.5	100
1	2	data/BGE00401_MGE-BGE_r1_1.3_1.5_s50_100.fasta	None	Psychidae	BLAST	family	COI-5P	647	1521	Tortricidae	BGLIB082-23_r_1_s_50	Epichnopterix heringi	0	BGLIB082-23	1	50
0	2	data/BGE00401_MGE-BGE_r1_1.3_1.5_s50_100.fasta	None	Psychidae	BLAST	family	COI-5P	647	1383	Psychidae,Tortricidae,Erebidae	BGLIB082-23_r_1_s_100	Epichnopterix heringi	0	BGLIB082-23	1	100
1	3	data/BGE00401_MGE-BGE_r1_1.3_1.5_s50_100.fasta	None	Psychidae	BLAST	family	COI-5P	647	1470	Tortricidae	BGLIB082-23_r_1.3_s_50	Epichnopterix heringi	0	BGLIB082-23	1.3	50
0	2	data/BGE00401_MGE-BGE_r1_1.3_1.5_s50_100.fasta	None	Psychidae	BLAST	family	COI-5P	647	1383	Psychidae,Tortricidae,Erebidae	BGLIB082-23_r_1.3_s_100	Epichnopterix heringi	0	BGLIB082-23	1.3	100
1	6	data/BGE00401_MGE-BGE_r1_1.3_1.5_s50_100.fasta	None	Psychidae	BLAST	family	COI-5P	595	1374	Cosmopterigidae,Psychidae,Tortricidae	BGLIB082-23_r_1.5_s_50	Epichnopterix heringi	0	BGLIB082-23	1.5	50
1	5	data/BGE00401_MGE-BGE_r1_1.3_1.5_s50_100.fasta	None	Psychidae	BLAST	family	COI-5P	596	1248	Psychidae	BGLIB082-23_r_1.5_s_100	Epichnopterix heringi	0	BGLIB082-23	1.5	100
0	4	data/BGE00401_MGE-BGE_r1_1.3_1.5_s50_100.fasta	None	Psychidae	BLAST	family	COI-5P	657	1518	Attevidae,Psychidae,Tortricidae,Sphingidae,Hesperiidae	BGLIB083-23_r_1_s_50	Bacotia claustrella	0	BGLIB083-23	1	50
0	1	data/BGE00401_MGE-BGE_r1_1.3_1.5_s50_100.fasta	None	Psychidae	BLAST	family	COI-5P	639	1485	Attevidae,Psychidae,Papilionidae,Pyralidae,Geometridae	BGLIB083-23_r_1_s_100	Bacotia claustrella	0	BGLIB083-23	1	100
0	10	data/BGE00401_MGE-BGE_r1_1.3_1.5_s50_100.fasta	None	Psychidae	BLAST	family	COI-5P	657	1503	Attevidae,Psychidae,Tortricidae,Crambidae,Hesperiidae	BGLIB083-23_r_1.3_s_50	Bacotia claustrella	0	BGLIB083-23	1.3	50
0	10	data/BGE00401_MGE-BGE_r1_1.3_1.5_s50_100.fasta	None	Psychidae	BLAST	family	COI-5P	639	1482	Attevidae,Psychidae,Papilionidae,Pyralidae,Geometridae	BGLIB083-23_r_1.3_s_100	Bacotia claustrella	0	BGLIB083-23	1.3	100
0	9	data/BGE00401_MGE-BGE_r1_1.3_1.5_s50_100.fasta	None	Psychidae	BLAST	family	COI-5P	528	1326	Psychidae,Papilionidae,Prodoxidae	BGLIB083-23_r_1.5_s_50	Bacotia claustrella	0	BGLIB083-23	1.5	50
0	3	data/BGE00401_MGE-BGE_r1_1.3_1.5_s50_100.fasta	None	Psychidae	BLAST	family	COI-5P	459	1254	Plutellidae,Psychidae,Papilionidae,Nymphalidae	BGLIB083-23_r_1.5_s_100	Bacotia claustrella	0	BGLIB083-23	1.5	100
0	0	data/BGE00401_MGE-BGE_r1_1.3_1.5_s50_100.fasta	None	Psychidae	BLAST	family	COI-5P	657	1548	Psychidae,Crambidae,Hedylidae	BGLIB084-23_r_1_s_50	Megalophanes stetinensis	0	BGLIB084-23	1	50
0	0	data/BGE00401_MGE-BGE_r1_1.3_1.5_s50_100.fasta	None	Psychidae	BLAST	family	COI-5P	657	1530	Psychidae,Crambidae,Hedylidae	BGLIB084-23_r_1_s_100	Megalophanes stetinensis	0	BGLIB084-23	1	100
0	0	data/BGE00401_MGE-BGE_r1_1.3_1.5_s50_100.fasta	None	Psychidae	BLAST	family	COI-5P	657	1548	Psychidae,Crambidae,Hedylidae	BGLIB084-23_r_1.3_s_50	Megalophanes stetinensis	0	BGLIB084-23	1.3	50
0	0	data/BGE00401_MGE-BGE_r1_1.3_1.5_s50_100.fasta	None	Psychidae	BLAST	family	COI-5P	657	1530	Psychidae,Crambidae,Hedylidae	BGLIB084-23_r_1.3_s_100	Megalophanes stetinensis	0	BGLIB084-23	1.3	100
0	0	data/BGE00401_MGE-BGE_r1_1.3_1.5_s50_100.fasta	None	Psychidae	BLAST	family	COI-5P	657	1485	Psychidae,Crambidae	BGLIB084-23_r_1.5_s_50	Megalophanes stetinensis	0	BGLIB084-23	1.5	50
0	0	data/BGE00401_MGE-BGE_r1_1.3_1.5_s50_100.fasta	None	Psychidae	BLAST	family	COI-5P	657	1482	Psychidae,Crambidae	BGLIB084-23_r_1.5_s_100	Megalophanes stetinensis	0	BGLIB084-23	1.5	100
12	26	data/BGE00401_MGE-BGE_r1_1.3_1.5_s50_100.fasta	None	Psychidae	BLAST	family	COI-5P	77	588	Formicidae	BGLIB085-23_r_1_s_50	Dahlica siederi	0	BGLIB085-23	1	50
12	18	data/BGE00401_MGE-BGE_r1_1.3_1.5_s50_100.fasta	None	Psychidae	BLAST	family	COI-5P	70	285		BGLIB085-23_r_1_s_100	Dahlica siederi	0	BGLIB085-23	1	100
0	1	data/BGE00401_MGE-BGE_r1_1.3_1.5_s50_100.fasta	None	Psychidae	BLAST	family	COI-5P	76	297	Chlorogomphidae,Anostostomatidae,Staphylinidae,Curculionidae,Syrphidae,Lycaenidae,Crambidae	BGLIB085-23_r_1.3_s_50	Dahlica siederi	0	BGLIB085-23	1.3	50
0	0	data/BGE00401_MGE-BGE_r1_1.3_1.5_s50_100.fasta	None	Psychidae	BLAST	family	COI-5P	71	141	Chlorogomphidae,Anostostomatidae,Staphylinidae,Curculionidae,Syrphidae,Lycaenidae,Crambidae	BGLIB085-23_r_1.3_s_100	Dahlica siederi	0	BGLIB085-23	1.3	100
0	3	data/BGE00401_MGE-BGE_r1_1.3_1.5_s50_100.fasta	None	Psychidae	BLAST	family	COI-5P	88	120	Notonectidae,Ichneumonidae,Formicidae,Palaeosetidae,Geometridae,Leptoceridae	BGLIB085-23_r_1.5_s_50	Dahlica siederi	0	BGLIB085-23	1.5	50
0	0	data/BGE00401_MGE-BGE_r1_1.3_1.5_s50_100.fasta	None	Psychidae	BLAST	family	COI-5P	54	78		BGLIB085-23_r_1.5_s_100	Dahlica siederi	0	BGLIB085-23	1.5	100
0	1	data/BGE00401_MGE-BGE_r1_1.3_1.5_s50_100.fasta	None	Psychidae	BLAST	family	COI-5P	657	1551	Psychidae,Tortricidae,Noctuidae,Crambidae	BGLIB086-23_r_1_s_50	Megalophanes turatii	0	BGLIB086-23	1	50
0	0	data/BGE00401_MGE-BGE_r1_1.3_1.5_s50_100.fasta	None	Psychidae	BLAST	family	COI-5P	657	1530	Psychidae,Tortricidae,Noctuidae,Crambidae	BGLIB086-23_r_1_s_100	Megalophanes turatii	0	BGLIB086-23	1	100
0	0	data/BGE00401_MGE-BGE_r1_1.3_1.5_s50_100.fasta	None	Psychidae	BLAST	family	COI-5P	657	1542	Psychidae,Sphingidae,Noctuidae,Crambidae	BGLIB086-23_r_1.3_s_50	Megalophanes turatii	0	BGLIB086-23	1.3	50
0	0	data/BGE00401_MGE-BGE_r1_1.3_1.5_s50_100.fasta	None	Psychidae	BLAST	family	COI-5P	657	1500	Psychidae,Crambidae	BGLIB086-23_r_1.3_s_100	Megalophanes turatii	0	BGLIB086-23	1.3	100
0	0	data/BGE00401_MGE-BGE_r1_1.3_1.5_s50_100.fasta	None	Psychidae	BLAST	family	COI-5P	654	1455	Psychidae,Crambidae	BGLIB086-23_r_1.5_s_50	Megalophanes turatii	0	BGLIB086-23	1.5	50
0	0	data/BGE00401_MGE-BGE_r1_1.3_1.5_s50_100.fasta	None	Psychidae	BLAST	family	COI-5P	654	1434	Psychidae,Crambidae	BGLIB086-23_r_1.5_s_100	Megalophanes turatii	0	BGLIB086-23	1.5	100
0	1	data/BGE00401_MGE-BGE_r1_1.3_1.5_s50_100.fasta	None	Psychidae	BLAST	family	COI-5P	657	1530	Praydidae,Psychidae,Tortricidae,Hesperiidae	BGLIB087-23_r_1_s_50	Dahlica triquetrella	0	BGLIB087-23	1	50
0	0	data/BGE00401_MGE-BGE_r1_1.3_1.5_s50_100.fasta	None	Psychidae	BLAST	family	COI-5P	657	1530	Praydidae,Psychidae,Tortricidae,Papilionidae,Hesperiidae	BGLIB087-23_r_1_s_100	Dahlica triquetrella	0	BGLIB087-23	1	100
0	0	data/BGE00401_MGE-BGE_r1_1.3_1.5_s50_100.fasta	None	Psychidae	BLAST	family	COI-5P	657	1530	Praydidae,Psychidae,Tortricidae,Papilionidae,Hesperiidae	BGLIB087-23_r_1.3_s_50	Dahlica triquetrella	0	BGLIB087-23	1.3	50
0	0	data/BGE00401_MGE-BGE_r1_1.3_1.5_s50_100.fasta	None	Psychidae	BLAST	family	COI-5P	657	1530	Praydidae,Psychidae,Tortricidae,Papilionidae,Hesperiidae	BGLIB087-23_r_1.3_s_100	Dahlica triquetrella	0	BGLIB087-23	1.3	100
0	0	data/BGE00401_MGE-BGE_r1_1.3_1.5_s50_100.fasta	None	Psychidae	BLAST	family	COI-5P	657	1512	Praydidae,Psychidae,Tortricidae,Hesperiidae,Drepanidae	BGLIB087-23_r_1.5_s_50	Dahlica triquetrella	0	BGLIB087-23	1.5	50
0	0	data/BGE00401_MGE-BGE_r1_1.3_1.5_s50_100.fasta	None	Psychidae	BLAST	family	COI-5P	657	1509	Praydidae,Psychidae,Tortricidae,Limacodidae,Hesperiidae,Drepanidae	BGLIB087-23_r_1.5_s_100	Dahlica triquetrella	0	BGLIB087-23	1.5	100
6	19	data/BGE00401_MGE-BGE_r1_1.3_1.5_s50_100.fasta	None	Nepticulidae	BLAST	family	COI-5P	627	1338	Limacodidae,Crambidae,Nepticulidae	BGLIB088-23_r_1_s_50	Ectoedemia agrimoniae	0	BGLIB088-23	1	50
1	9	data/BGE00401_MGE-BGE_r1_1.3_1.5_s50_100.fasta	None	Nepticulidae	BLAST	family	COI-5P	519	1107	Limacodidae,Crambidae,Nepticulidae	BGLIB088-23_r_1_s_100	Ectoedemia agrimoniae	0	BGLIB088-23	1	100
16	21	data/BGE00401_MGE-BGE_r1_1.3_1.5_s50_100.fasta	None	Nepticulidae	BLAST	family	COI-5P	612	1152	Plutellidae,Erebidae,Nepticulidae	BGLIB088-23_r_1.3_s_50	Ectoedemia agrimoniae	0	BGLIB088-23	1.3	50
1	2	data/BGE00401_MGE-BGE_r1_1.3_1.5_s50_100.fasta	None	Nepticulidae	BLAST	family	COI-5P	519	900	Limacodidae,Crambidae,Nepticulidae	BGLIB088-23_r_1.3_s_100	Ectoedemia agrimoniae	0	BGLIB088-23	1.3	100
0	3	data/BGE00401_MGE-BGE_r1_1.3_1.5_s50_100.fasta	None	Nepticulidae	BLAST	family	COI-5P	612	1134	Plutellidae,Erebidae,Crambidae,Nepticulidae	BGLIB088-23_r_1.5_s_50	Ectoedemia agrimoniae	0	BGLIB088-23	1.5	50
1	2	data/BGE00401_MGE-BGE_r1_1.3_1.5_s50_100.fasta	None	Nepticulidae	BLAST	family	COI-5P	519	855	Limacodidae,Crambidae,Nepticulidae	BGLIB088-23_r_1.5_s_100	Ectoedemia agrimoniae	0	BGLIB088-23	1.5	100
0	0	data/BGE00401_MGE-BGE_r1_1.3_1.5_s50_100.fasta	None	Nepticulidae	BLAST	family	COI-5P	1	54	Lestidae	BGLIB089-23_r_1_s_50	Ectoedemia arcuatella	0	BGLIB089-23	1	50
None	0	data/BGE00401_MGE-BGE_r1_1.3_1.5_s50_100.fasta	Local BLAST failed for sequence ''	Nepticulidae	BLAST	family	COI-5P	None	0		BGLIB089-23_r_1_s_100	Ectoedemia arcuatella	0	BGLIB089-23	1	100
0	0	data/BGE00401_MGE-BGE_r1_1.3_1.5_s50_100.fasta	None	Nepticulidae	BLAST	family	COI-5P	1	54	Lestidae	BGLIB089-23_r_1.3_s_50	Ectoedemia arcuatella	0	BGLIB089-23	1.3	50
None	0	data/BGE00401_MGE-BGE_r1_1.3_1.5_s50_100.fasta	Local BLAST failed for sequence ''	Nepticulidae	BLAST	family	COI-5P	None	0		BGLIB089-23_r_1.3_s_100	Ectoedemia arcuatella	0	BGLIB089-23	1.3	100
0	0	data/BGE00401_MGE-BGE_r1_1.3_1.5_s50_100.fasta	None	Nepticulidae	BLAST	family	COI-5P	1	54	Lestidae	BGLIB089-23_r_1.5_s_50	Ectoedemia arcuatella	0	BGLIB089-23	1.5	50
None	0	data/BGE00401_MGE-BGE_r1_1.3_1.5_s50_100.fasta	Local BLAST failed for sequence ''	Nepticulidae	BLAST	family	COI-5P	None	0		BGLIB089-23_r_1.5_s_100	Ectoedemia arcuatella	0	BGLIB089-23	1.5	100
0	0	data/BGE00401_MGE-BGE_r1_1.3_1.5_s50_100.fasta	None	Nepticulidae	BLAST	family	COI-5P	209	267	Oecophoridae,Elachistidae,Erebidae	BGLIB090-23_r_1_s_50	Ectoedemia atricollis	0	BGLIB090-23	1	50
0	0	data/BGE00401_MGE-BGE_r1_1.3_1.5_s50_100.fasta	None	Nepticulidae	BLAST	family	COI-5P	104	105	Gelechiidae,Scythrididae,Erebidae	BGLIB090-23_r_1_s_100	Ectoedemia atricollis	0	BGLIB090-23	1	100
0	0	data/BGE00401_MGE-BGE_r1_1.3_1.5_s50_100.fasta	None	Nepticulidae	BLAST	family	COI-5P	209	267	Oecophoridae,Elachistidae,Erebidae	BGLIB090-23_r_1.3_s_50	Ectoedemia atricollis	0	BGLIB090-23	1.3	50
0	0	data/BGE00401_MGE-BGE_r1_1.3_1.5_s50_100.fasta	None	Nepticulidae	BLAST	family	COI-5P	104	105	Gelechiidae,Scythrididae,Erebidae	BGLIB090-23_r_1.3_s_100	Ectoedemia atricollis	0	BGLIB090-23	1.3	100
0	0	data/BGE00401_MGE-BGE_r1_1.3_1.5_s50_100.fasta	None	Nepticulidae	BLAST	family	COI-5P	183	189	Gelechiidae,Scythrididae,Noctuidae,Erebidae	BGLIB090-23_r_1.5_s_50	Ectoedemia atricollis	0	BGLIB090-23	1.5	50
0	0	data/BGE00401_MGE-BGE_r1_1.3_1.5_s50_100.fasta	None	Nepticulidae	BLAST	family	COI-5P	104	105	Gelechiidae,Scythrididae,Erebidae	BGLIB090-23_r_1.5_s_100	Ectoedemia atricollis	0	BGLIB090-23	1.5	100
2	5	data/BGE00401_MGE-BGE_r1_1.3_1.5_s50_100.fasta	None	Nepticulidae	BLAST	family	COI-5P	220	561	Acrididae,Nitidulidae,Curculionidae,Dermestidae,Bostrichidae,Ptinidae,Vespidae,Tetracampidae	BGLIB091-23_r_1_s_50	Ectoedemia angulifasciella	0	BGLIB091-23	1	50
2	5	data/BGE00401_MGE-BGE_r1_1.3_1.5_s50_100.fasta	None	Nepticulidae	BLAST	family	COI-5P	220	561	Acrididae,Nitidulidae,Curculionidae,Dermestidae,Bostrichidae,Ptinidae,Vespidae,Tetracampidae	BGLIB091-23_r_1_s_100	Ectoedemia angulifasciella	0	BGLIB091-23	1	100
2	5	data/BGE00401_MGE-BGE_r1_1.3_1.5_s50_100.fasta	None	Nepticulidae	BLAST	family	COI-5P	115	309	Acrididae,Buprestidae,Nitidulidae,Cerambycidae,Dermestidae,Bostrichidae,Ptinidae,Nemestrinidae	BGLIB091-23_r_1.3_s_50	Ectoedemia angulifasciella	0	BGLIB091-23	1.3	50
2	5	data/BGE00401_MGE-BGE_r1_1.3_1.5_s50_100.fasta	None	Nepticulidae	BLAST	family	COI-5P	115	309	Acrididae,Buprestidae,Nitidulidae,Cerambycidae,Dermestidae,Bostrichidae,Ptinidae,Nemestrinidae	BGLIB091-23_r_1.3_s_100	Ectoedemia angulifasciella	0	BGLIB091-23	1.3	100
2	5	data/BGE00401_MGE-BGE_r1_1.3_1.5_s50_100.fasta	None	Nepticulidae	BLAST	family	COI-5P	115	309	Acrididae,Buprestidae,Nitidulidae,Cerambycidae,Dermestidae,Bostrichidae,Ptinidae,Nemestrinidae	BGLIB091-23_r_1.5_s_50	Ectoedemia angulifasciella	0	BGLIB091-23	1.5	50
2	5	data/BGE00401_MGE-BGE_r1_1.3_1.5_s50_100.fasta	None	Nepticulidae	BLAST	family	COI-5P	115	309	Acrididae,Buprestidae,Nitidulidae,Cerambycidae,Dermestidae,Bostrichidae,Ptinidae,Nemestrinidae	BGLIB091-23_r_1.5_s_100	Ectoedemia angulifasciella	0	BGLIB091-23	1.5	100
0	21	data/BGE00401_MGE-BGE_r1_1.3_1.5_s50_100.fasta	None	Nepticulidae	BLAST	family	COI-5P	65	387	Cicadellidae,Carabidae,Cerambycidae,Psychodidae,Tephritidae,Psychidae	BGLIB092-23_r_1_s_50	Ectoedemia albifasciella	0	BGLIB092-23	1	50
0	0	data/BGE00401_MGE-BGE_r1_1.3_1.5_s50_100.fasta	None	Nepticulidae	BLAST	family	COI-5P	1	90		BGLIB092-23_r_1_s_100	Ectoedemia albifasciella	0	BGLIB092-23	1	100
1	1	data/BGE00401_MGE-BGE_r1_1.3_1.5_s50_100.fasta	None	Nepticulidae	BLAST	family	COI-5P	165	276	Carabidae,Cerambycidae,Psychodidae,Tephritidae,Psychidae	BGLIB092-23_r_1.3_s_50	Ectoedemia albifasciella	4	BGLIB092-23	1.3	50
None	0	data/BGE00401_MGE-BGE_r1_1.3_1.5_s50_100.fasta	Local BLAST failed for sequence ''	Nepticulidae	BLAST	family	COI-5P	None	0		BGLIB092-23_r_1.3_s_100	Ectoedemia albifasciella	0	BGLIB092-23	1.3	100
1	1	data/BGE00401_MGE-BGE_r1_1.3_1.5_s50_100.fasta	None	Nepticulidae	BLAST	family	COI-5P	103	162	Carabidae	BGLIB092-23_r_1.5_s_50	Ectoedemia albifasciella	1	BGLIB092-23	1.5	50
None	0	data/BGE00401_MGE-BGE_r1_1.3_1.5_s50_100.fasta	Local BLAST failed for sequence ''	Nepticulidae	BLAST	family	COI-5P	None	0		BGLIB092-23_r_1.5_s_100	Ectoedemia albifasciella	0	BGLIB092-23	1.5	100
0	0	data/BGE00401_MGE-BGE_r1_1.3_1.5_s50_100.fasta	None	Nepticulidae	BLAST	family	COI-5P	34	36	Erebidae,Crambidae,Nepticulidae	BGLIB093-23_r_1_s_50	Ectoedemia argyropeza	0	BGLIB093-23	1	50
None	0	data/BGE00401_MGE-BGE_r1_1.3_1.5_s50_100.fasta	Local BLAST failed for sequence ''	Nepticulidae	BLAST	family	COI-5P	None	0		BGLIB093-23_r_1_s_100	Ectoedemia argyropeza	0	BGLIB093-23	1	100
0	0	data/BGE00401_MGE-BGE_r1_1.3_1.5_s50_100.fasta	None	Nepticulidae	BLAST	family	COI-5P	34	36	Erebidae,Crambidae,Nepticulidae	BGLIB093-23_r_1.3_s_50	Ectoedemia argyropeza	0	BGLIB093-23	1.3	50
None	0	data/BGE00401_MGE-BGE_r1_1.3_1.5_s50_100.fasta	Local BLAST failed for sequence ''	Nepticulidae	BLAST	family	COI-5P	None	0		BGLIB093-23_r_1.3_s_100	Ectoedemia argyropeza	0	BGLIB093-23	1.3	100
0	0	data/BGE00401_MGE-BGE_r1_1.3_1.5_s50_100.fasta	None	Nepticulidae	BLAST	family	COI-5P	34	36	Erebidae,Crambidae,Nepticulidae	BGLIB093-23_r_1.5_s_50	Ectoedemia argyropeza	0	BGLIB093-23	1.5	50
None	0	data/BGE00401_MGE-BGE_r1_1.3_1.5_s50_100.fasta	Local BLAST failed for sequence ''	Nepticulidae	BLAST	family	COI-5P	None	0		BGLIB093-23_r_1.5_s_100	Ectoedemia argyropeza	0	BGLIB093-23	1.5	100
0	0	data/BGE00401_MGE-BGE_r1_1.3_1.5_s50_100.fasta	None	Nepticulidae	BLAST	family	COI-5P	657	1527	Tortricidae,Noctuidae,Nepticulidae	BGLIB094-23_r_1_s_50	Ectoedemia argyropeza	0	BGLIB094-23	1	50
0	0	data/BGE00401_MGE-BGE_r1_1.3_1.5_s50_100.fasta	None	Nepticulidae	BLAST	family	COI-5P	657	1527	Tortricidae,Noctuidae,Nepticulidae	BGLIB094-23_r_1_s_100	Ectoedemia argyropeza	0	BGLIB094-23	1	100
0	0	data/BGE00401_MGE-BGE_r1_1.3_1.5_s50_100.fasta	None	Nepticulidae	BLAST	family	COI-5P	657	1527	Tortricidae,Noctuidae,Nepticulidae	BGLIB094-23_r_1.3_s_50	Ectoedemia argyropeza	0	BGLIB094-23	1.3	50
0	0	data/BGE00401_MGE-BGE_r1_1.3_1.5_s50_100.fasta	None	Nepticulidae	BLAST	family	COI-5P	657	1527	Tortricidae,Noctuidae,Nepticulidae	BGLIB094-23_r_1.3_s_100	Ectoedemia argyropeza	0	BGLIB094-23	1.3	100
0	0	data/BGE00401_MGE-BGE_r1_1.3_1.5_s50_100.fasta	None	Nepticulidae	BLAST	family	COI-5P	657	1527	Tortricidae,Noctuidae,Nepticulidae	BGLIB094-23_r_1.5_s_50	Ectoedemia argyropeza	0	BGLIB094-23	1.5	50
0	0	data/BGE00401_MGE-BGE_r1_1.3_1.5_s50_100.fasta	None	Nepticulidae	BLAST	family	COI-5P	657	1527	Tortricidae,Noctuidae,Nepticulidae	BGLIB094-23_r_1.5_s_100	Ectoedemia argyropeza	0	BGLIB094-23	1.5	100
15	15	data/BGE00401_MGE-BGE_r1_1.3_1.5_s50_100.fasta	None	Nepticulidae	BLAST	family	COI-5P	143	144		BGLIB095-23_r_1_s_50	Ectoedemia atricollis	0	BGLIB095-23	1	50
15	15	data/BGE00401_MGE-BGE_r1_1.3_1.5_s50_100.fasta	None	Nepticulidae	BLAST	family	COI-5P	143	144		BGLIB095-23_r_1_s_100	Ectoedemia atricollis	0	BGLIB095-23	1	100
0	0	data/BGE00401_MGE-BGE_r1_1.3_1.5_s50_100.fasta	None	Nepticulidae	BLAST	family	COI-5P	66	66	Blaberidae,Tettigoniidae,Chrysomelidae,Clusiidae,Tephritidae,Heliozelidae	BGLIB095-23_r_1.3_s_50	Ectoedemia atricollis	0	BGLIB095-23	1.3	50
0	0	data/BGE00401_MGE-BGE_r1_1.3_1.5_s50_100.fasta	None	Nepticulidae	BLAST	family	COI-5P	66	66	Blaberidae,Tettigoniidae,Chrysomelidae,Clusiidae,Tephritidae,Heliozelidae	BGLIB095-23_r_1.3_s_100	Ectoedemia atricollis	0	BGLIB095-23	1.3	100
0	0	data/BGE00401_MGE-BGE_r1_1.3_1.5_s50_100.fasta	None	Nepticulidae	BLAST	family	COI-5P	66	66	Blaberidae,Tettigoniidae,Chrysomelidae,Clusiidae,Tephritidae,Heliozelidae	BGLIB095-23_r_1.5_s_50	Ectoedemia atricollis	0	BGLIB095-23	1.5	50
0	0	data/BGE00401_MGE-BGE_r1_1.3_1.5_s50_100.fasta	None	Nepticulidae	BLAST	family	COI-5P	66	66	Blaberidae,Tettigoniidae,Chrysomelidae,Clusiidae,Tephritidae,Heliozelidae	BGLIB095-23_r_1.5_s_100	Ectoedemia atricollis	0	BGLIB095-23	1.5	100
