ambig_basecount	ambig_full_basecount	dataset	error	identification	identification_method	identification_rank	marker_code	nuc_basecount	nuc_full_basecount	obs_taxon	sequence_id	species	stop_codons	group_id	r	s	fcleaner	merge	n_reads_in	n_reads_aligned	n_reads_skipped	ref_length	cov_min	cov_max	cov_avg	cov_med	inst	validation_steps	assembly_params
30	131	data/BGE00169_MGE-BGE_r1_1.3_1.5_s50_100.fasta	None	Tortricidae	BLAST	family	COI-5P	611	1473	Tortricidae,Noctuidae,Crambidae,Geometridae	BGENL191-23_r_1_s_50	Abrepagoge treitschkeana	0	BGENL191-23	1	50	False	False	1508434	284	149	1536	0.0	49.0	16.708984375	14.0	Naturalis Biodiversity Center	1	6
42	137	data/BGE00169_MGE-BGE_r1_1.3_1.5_s50_100.fasta	None	Tortricidae	BLAST	family	COI-5P	581	1440	Tortricidae,Noctuidae,Geometridae	BGENL191-23_r_1_s_100	Abrepagoge treitschkeana	0	BGENL191-23	1	100	False	False	1508434	184	149	1536	0.0	41.0	12.966796875	12.0	Naturalis Biodiversity Center	1	6
8	40	data/BGE00169_MGE-BGE_r1_1.3_1.5_s50_100.fasta	None	Tortricidae	BLAST	family	COI-5P	598	1461	Tortricidae	BGENL191-23_r_1.3_s_50	Abrepagoge treitschkeana	0	BGENL191-23	1.3	50	False	False	1508434	165	149	1536	0.0	30.0	9.037109375	7.0	Naturalis Biodiversity Center	1	6
2	31	data/BGE00169_MGE-BGE_r1_1.3_1.5_s50_100.fasta	None	Tortricidae	BLAST	family	COI-5P	568	1428	Tortricidae	BGENL191-23_r_1.3_s_100	Abrepagoge treitschkeana	0	BGENL191-23	1.3	100	False	False	1508434	123	149	1536	0.0	24.0	7.943359375	7.0	Naturalis Biodiversity Center	1	6
2	25	data/BGE00169_MGE-BGE_r1_1.3_1.5_s50_100.fasta	None	Tortricidae	BLAST	family	COI-5P	526	1386	Tortricidae	BGENL191-23_r_1.5_s_50	Abrepagoge treitschkeana	0	BGENL191-23	1.5	50	False	False	1508434	123	149	1536	0.0	26.0	6.30859375	5.0	Naturalis Biodiversity Center	1	6
1	16	data/BGE00169_MGE-BGE_r1_1.3_1.5_s50_100.fasta	None	Tortricidae	BLAST	family	COI-5P	484	1356	Tortricidae	BGENL191-23_r_1.5_s_100	Abrepagoge treitschkeana	0	BGENL191-23	1.5	100	False	False	1508434	85	149	1536	0.0	18.0	5.306640625	5.0	Naturalis Biodiversity Center	1	6
0	0	data/BGE00169_MGE-BGE_r1_1.3_1.5_s50_100.fasta	None	Tortricidae	BLAST	family	COI-5P	656	1536	Tortricidae	BGENL192-23_r_1_s_50	Clepsis canariensis	0	BGENL192-23	1	50	False	False	18655914	13444	197	1536	6.0	1235.0	899.783203125	870.0	Naturalis Biodiversity Center	1	6
0	0	data/BGE00169_MGE-BGE_r1_1.3_1.5_s50_100.fasta	None	Tortricidae	BLAST	family	COI-5P	656	1536	Tortricidae	BGENL192-23_r_1_s_100	Clepsis canariensis	0	BGENL192-23	1	100	False	False	18655914	11696	197	1536	2.0	1177.0	847.056640625	825.5	Naturalis Biodiversity Center	1	6
0	0	data/BGE00169_MGE-BGE_r1_1.3_1.5_s50_100.fasta	None	Tortricidae	BLAST	family	COI-5P	656	1536	Tortricidae	BGENL192-23_r_1.3_s_50	Clepsis canariensis	0	BGENL192-23	1.3	50	False	False	18655914	13338	197	1536	6.0	1234.0	895.609375	866.0	Naturalis Biodiversity Center	1	6
0	0	data/BGE00169_MGE-BGE_r1_1.3_1.5_s50_100.fasta	None	Tortricidae	BLAST	family	COI-5P	656	1536	Tortricidae	BGENL192-23_r_1.3_s_100	Clepsis canariensis	0	BGENL192-23	1.3	100	False	False	18655914	11678	197	1536	2.0	1176.0	845.70703125	824.0	Naturalis Biodiversity Center	1	6
0	0	data/BGE00169_MGE-BGE_r1_1.3_1.5_s50_100.fasta	None	Tortricidae	BLAST	family	COI-5P	656	1536	Tortricidae	BGENL192-23_r_1.5_s_50	Clepsis canariensis	0	BGENL192-23	1.5	50	False	False	18655914	13050	197	1536	6.0	1228.0	880.9375	848.0	Naturalis Biodiversity Center	1	6
0	0	data/BGE00169_MGE-BGE_r1_1.3_1.5_s50_100.fasta	None	Tortricidae	BLAST	family	COI-5P	656	1536	Tortricidae	BGENL192-23_r_1.5_s_100	Clepsis canariensis	0	BGENL192-23	1.5	100	False	False	18655914	11508	197	1536	2.0	1170.0	834.75390625	812.0	Naturalis Biodiversity Center	1	6
0	0	data/BGE00169_MGE-BGE_r1_1.3_1.5_s50_100.fasta	None	Tortricidae	BLAST	family	COI-5P	657	1533	Tortricidae	BGENL193-23_r_1_s_50	Cnephasia fulturata	0	BGENL193-23	1	50	False	False	10961641	1535	134	1536	0.0	123.0	67.65625	63.5	Naturalis Biodiversity Center	1	6
0	0	data/BGE00169_MGE-BGE_r1_1.3_1.5_s50_100.fasta	None	Tortricidae	BLAST	family	COI-5P	657	1533	Tortricidae	BGENL193-23_r_1_s_100	Cnephasia fulturata	0	BGENL193-23	1	100	False	False	10961641	845	134	1536	0.0	101.0	47.0625	46.0	Naturalis Biodiversity Center	1	6
0	0	data/BGE00169_MGE-BGE_r1_1.3_1.5_s50_100.fasta	None	Tortricidae	BLAST	family	COI-5P	657	1533	Tortricidae	BGENL193-23_r_1.3_s_50	Cnephasia fulturata	0	BGENL193-23	1.3	50	False	False	10961641	1488	134	1536	0.0	123.0	65.76171875	62.0	Naturalis Biodiversity Center	1	6
0	0	data/BGE00169_MGE-BGE_r1_1.3_1.5_s50_100.fasta	None	Tortricidae	BLAST	family	COI-5P	657	1533	Tortricidae	BGENL193-23_r_1.3_s_100	Cnephasia fulturata	0	BGENL193-23	1.3	100	False	False	10961641	836	134	1536	0.0	101.0	46.4140625	46.0	Naturalis Biodiversity Center	1	6
0	0	data/BGE00169_MGE-BGE_r1_1.3_1.5_s50_100.fasta	None	Tortricidae	BLAST	family	COI-5P	657	1533	Tortricidae	BGENL193-23_r_1.5_s_50	Cnephasia fulturata	0	BGENL193-23	1.5	50	False	False	10961641	1372	134	1536	0.0	123.0	60.744140625	57.0	Naturalis Biodiversity Center	1	6
0	0	data/BGE00169_MGE-BGE_r1_1.3_1.5_s50_100.fasta	None	Tortricidae	BLAST	family	COI-5P	657	1533	Tortricidae	BGENL193-23_r_1.5_s_100	Cnephasia fulturata	0	BGENL193-23	1.5	100	False	False	10961641	796	134	1536	0.0	99.0	43.84375	42.0	Naturalis Biodiversity Center	1	6
0	0	data/BGE00169_MGE-BGE_r1_1.3_1.5_s50_100.fasta	None	Tortricidae	BLAST	family	COI-5P	657	1530	Tortricidae	BGENL194-23_r_1_s_50	Acleris notana	0	BGENL194-23	1	50	False	False	27231106	5292	1018	1530	158.0	437.0	333.74117647058824	335.5	Naturalis Biodiversity Center	1	6
0	0	data/BGE00169_MGE-BGE_r1_1.3_1.5_s50_100.fasta	None	Tortricidae	BLAST	family	COI-5P	657	1530	Tortricidae	BGENL194-23_r_1_s_100	Acleris notana	0	BGENL194-23	1	100	False	False	27231106	4300	1018	1530	143.0	417.0	304.8764705882353	301.0	Naturalis Biodiversity Center	1	6
0	0	data/BGE00169_MGE-BGE_r1_1.3_1.5_s50_100.fasta	None	Tortricidae	BLAST	family	COI-5P	657	1530	Tortricidae	BGENL194-23_r_1.3_s_50	Acleris notana	0	BGENL194-23	1.3	50	False	False	27231106	5112	1018	1530	154.0	437.0	328.00392156862745	327.0	Naturalis Biodiversity Center	1	6
0	0	data/BGE00169_MGE-BGE_r1_1.3_1.5_s50_100.fasta	None	Tortricidae	BLAST	family	COI-5P	657	1530	Tortricidae	BGENL194-23_r_1.3_s_100	Acleris notana	0	BGENL194-23	1.3	100	False	False	27231106	4297	1018	1530	143.0	417.0	304.61176470588236	301.0	Naturalis Biodiversity Center	1	6
0	0	data/BGE00169_MGE-BGE_r1_1.3_1.5_s50_100.fasta	None	Tortricidae	BLAST	family	COI-5P	657	1530	Tortricidae	BGENL194-23_r_1.5_s_50	Acleris notana	0	BGENL194-23	1.5	50	False	False	27231106	4998	1018	1530	151.0	433.0	323.81176470588235	320.0	Naturalis Biodiversity Center	1	6
0	0	data/BGE00169_MGE-BGE_r1_1.3_1.5_s50_100.fasta	None	Tortricidae	BLAST	family	COI-5P	657	1530	Tortricidae	BGENL194-23_r_1.5_s_100	Acleris notana	0	BGENL194-23	1.5	100	False	False	27231106	4273	1018	1530	143.0	417.0	302.92549019607844	298.5	Naturalis Biodiversity Center	1	6
0	0	data/BGE00169_MGE-BGE_r1_1.3_1.5_s50_100.fasta	None	Tortricidae	BLAST	family	COI-5P	657	1530	Tortricidae	BGENL195-23_r_1_s_50	Aethes piercei	0	BGENL195-23	1	50	False	False	26009753	5342	430	1530	158.0	436.0	286.5627450980392	289.0	Naturalis Biodiversity Center	1	6
0	0	data/BGE00169_MGE-BGE_r1_1.3_1.5_s50_100.fasta	None	Tortricidae	BLAST	family	COI-5P	657	1530	Tortricidae	BGENL195-23_r_1_s_100	Aethes piercei	0	BGENL195-23	1	100	False	False	26009753	3756	430	1530	107.0	388.0	237.6235294117647	228.0	Naturalis Biodiversity Center	1	6
0	0	data/BGE00169_MGE-BGE_r1_1.3_1.5_s50_100.fasta	None	Tortricidae	BLAST	family	COI-5P	657	1530	Tortricidae	BGENL195-23_r_1.3_s_50	Aethes piercei	0	BGENL195-23	1.3	50	False	False	26009753	5204	430	1530	158.0	436.0	281.9764705882353	284.0	Naturalis Biodiversity Center	1	6
0	0	data/BGE00169_MGE-BGE_r1_1.3_1.5_s50_100.fasta	None	Tortricidae	BLAST	family	COI-5P	657	1530	Tortricidae	BGENL195-23_r_1.3_s_100	Aethes piercei	0	BGENL195-23	1.3	100	False	False	26009753	3750	430	1530	107.0	388.0	237.23333333333332	228.0	Naturalis Biodiversity Center	1	6
0	0	data/BGE00169_MGE-BGE_r1_1.3_1.5_s50_100.fasta	None	Tortricidae	BLAST	family	COI-5P	657	1530	Tortricidae	BGENL195-23_r_1.5_s_50	Aethes piercei	0	BGENL195-23	1.5	50	False	False	26009753	4916	430	1530	156.0	413.0	270.8333333333333	261.5	Naturalis Biodiversity Center	1	6
0	0	data/BGE00169_MGE-BGE_r1_1.3_1.5_s50_100.fasta	None	Tortricidae	BLAST	family	COI-5P	657	1530	Tortricidae	BGENL195-23_r_1.5_s_100	Aethes piercei	0	BGENL195-23	1.5	100	False	False	26009753	3669	430	1530	107.0	384.0	232.58235294117648	220.5	Naturalis Biodiversity Center	1	6
0	0	data/BGE00169_MGE-BGE_r1_1.3_1.5_s50_100.fasta	None	Tortricidae	BLAST	family	COI-5P	657	1533	Tortricidae	BGENL196-23_r_1_s_50	Phiaris bipunctana	0	BGENL196-23	1	50	False	False	16426769	5265	494	1536	0.0	459.0	285.05078125	274.0	Naturalis Biodiversity Center	1	6
0	0	data/BGE00169_MGE-BGE_r1_1.3_1.5_s50_100.fasta	None	Tortricidae	BLAST	family	COI-5P	657	1533	Tortricidae	BGENL196-23_r_1_s_100	Phiaris bipunctana	0	BGENL196-23	1	100	False	False	16426769	3956	494	1536	0.0	390.0	245.640625	236.5	Naturalis Biodiversity Center	1	6
0	0	data/BGE00169_MGE-BGE_r1_1.3_1.5_s50_100.fasta	None	Tortricidae	BLAST	family	COI-5P	657	1533	Tortricidae	BGENL196-23_r_1.3_s_50	Phiaris bipunctana	0	BGENL196-23	1.3	50	False	False	16426769	5105	494	1536	0.0	425.0	279.8125	269.5	Naturalis Biodiversity Center	1	6
0	0	data/BGE00169_MGE-BGE_r1_1.3_1.5_s50_100.fasta	None	Tortricidae	BLAST	family	COI-5P	657	1533	Tortricidae	BGENL196-23_r_1.3_s_100	Phiaris bipunctana	0	BGENL196-23	1.3	100	False	False	16426769	3946	494	1536	0.0	390.0	244.984375	234.5	Naturalis Biodiversity Center	1	6
0	0	data/BGE00169_MGE-BGE_r1_1.3_1.5_s50_100.fasta	None	Tortricidae	BLAST	family	COI-5P	657	1533	Tortricidae	BGENL196-23_r_1.5_s_50	Phiaris bipunctana	0	BGENL196-23	1.5	50	False	False	16426769	4847	494	1536	0.0	423.0	269.54296875	257.0	Naturalis Biodiversity Center	1	6
0	0	data/BGE00169_MGE-BGE_r1_1.3_1.5_s50_100.fasta	None	Tortricidae	BLAST	family	COI-5P	657	1533	Tortricidae	BGENL196-23_r_1.5_s_100	Phiaris bipunctana	0	BGENL196-23	1.5	100	False	False	16426769	3846	494	1536	0.0	388.0	239.482421875	225.5	Naturalis Biodiversity Center	1	6
7	25	data/BGE00169_MGE-BGE_r1_1.3_1.5_s50_100.fasta	None	Tortricidae	BLAST	family	COI-5P	566	1383	Stathmopodidae,Tortricidae,Noctuidae,Crambidae	BGENL197-23_r_1_s_50	Cochylimorpha jucundana	0	BGENL197-23	1	50	False	False	369399	86	43	1530	0.0	20.0	5.349019607843137	4.5	Naturalis Biodiversity Center	1	6
6	25	data/BGE00169_MGE-BGE_r1_1.3_1.5_s50_100.fasta	None	Tortricidae	BLAST	family	COI-5P	533	1320	Tortricidae,Noctuidae,Erebidae	BGENL197-23_r_1_s_100	Cochylimorpha jucundana	21	BGENL197-23	1	100	False	False	369399	65	43	1530	0.0	20.0	4.62156862745098	2.0	Naturalis Biodiversity Center	1	6
6	32	data/BGE00169_MGE-BGE_r1_1.3_1.5_s50_100.fasta	None	Tortricidae	BLAST	family	COI-5P	566	1332	Tortricidae,Pieridae	BGENL197-23_r_1.3_s_50	Cochylimorpha jucundana	0	BGENL197-23	1.3	50	False	False	369399	65	43	1530	0.0	13.0	3.611764705882353	2.0	Naturalis Biodiversity Center	1	6
6	33	data/BGE00169_MGE-BGE_r1_1.3_1.5_s50_100.fasta	None	Tortricidae	BLAST	family	COI-5P	533	1269	Tortricidae,Noctuidae,Erebidae,Pieridae	BGENL197-23_r_1.3_s_100	Cochylimorpha jucundana	21	BGENL197-23	1.3	100	False	False	369399	46	43	1530	0.0	13.0	2.9745098039215687	2.0	Naturalis Biodiversity Center	1	6
5	32	data/BGE00169_MGE-BGE_r1_1.3_1.5_s50_100.fasta	None	Tortricidae	BLAST	family	COI-5P	566	1311	Tortricidae,Erebidae,Pieridae	BGENL197-23_r_1.5_s_50	Cochylimorpha jucundana	0	BGENL197-23	1.5	50	False	False	369399	54	43	1530	0.0	11.0	3.135294117647059	2.0	Naturalis Biodiversity Center	1	6
5	32	data/BGE00169_MGE-BGE_r1_1.3_1.5_s50_100.fasta	None	Tortricidae	BLAST	family	COI-5P	533	1269	Tortricidae,Erebidae,Pieridae	BGENL197-23_r_1.5_s_100	Cochylimorpha jucundana	21	BGENL197-23	1.5	100	False	False	369399	44	43	1530	0.0	11.0	2.8372549019607844	2.0	Naturalis Biodiversity Center	1	6
0	15	data/BGE00169_MGE-BGE_r1_1.3_1.5_s50_100.fasta	None	Tortricidae	BLAST	family	COI-5P	648	1521	Tortricidae	BGENL198-23_r_1_s_50	Pelochrista fusculana	1	BGENL198-23	1	50	False	False	1429037	793	18	1530	0.0	96.0	29.264705882352942	27.0	Naturalis Biodiversity Center	1	6
10	31	data/BGE00169_MGE-BGE_r1_1.3_1.5_s50_100.fasta	None	Tortricidae	BLAST	family	COI-5P	648	1503	Tortricidae	BGENL198-23_r_1_s_100	Pelochrista fusculana	0	BGENL198-23	1	100	False	False	1429037	251	18	1530	0.0	37.0	13.503921568627451	12.0	Naturalis Biodiversity Center	1	6
0	1	data/BGE00169_MGE-BGE_r1_1.3_1.5_s50_100.fasta	None	Tortricidae	BLAST	family	COI-5P	648	1521	Tortricidae	BGENL198-23_r_1.3_s_50	Pelochrista fusculana	0	BGENL198-23	1.3	50	False	False	1429037	740	18	1530	0.0	87.0	26.027450980392157	24.0	Naturalis Biodiversity Center	1	6
4	10	data/BGE00169_MGE-BGE_r1_1.3_1.5_s50_100.fasta	None	Tortricidae	BLAST	family	COI-5P	648	1503	Tortricidae	BGENL198-23_r_1.3_s_100	Pelochrista fusculana	0	BGENL198-23	1.3	100	False	False	1429037	224	18	1530	0.0	28.0	11.245098039215685	11.0	Naturalis Biodiversity Center	1	6
0	0	data/BGE00169_MGE-BGE_r1_1.3_1.5_s50_100.fasta	None	Tortricidae	BLAST	family	COI-5P	648	1503	Tortricidae	BGENL198-23_r_1.5_s_50	Pelochrista fusculana	0	BGENL198-23	1.5	50	False	False	1429037	644	18	1530	0.0	77.0	22.45294117647059	21.0	Naturalis Biodiversity Center	1	6
4	10	data/BGE00169_MGE-BGE_r1_1.3_1.5_s50_100.fasta	None	Tortricidae	BLAST	family	COI-5P	648	1461	Tortricidae	BGENL198-23_r_1.5_s_100	Pelochrista fusculana	0	BGENL198-23	1.5	100	False	False	1429037	207	18	1530	0.0	27.0	10.233333333333333	9.0	Naturalis Biodiversity Center	1	6
0	0	data/BGE00169_MGE-BGE_r1_1.3_1.5_s50_100.fasta	None	Tortricidae	BLAST	family	COI-5P	657	1533	Tortricidae	BGENL199-23_r_1_s_50	Cydia vallesiaca	0	BGENL199-23	1	50	False	False	13573845	9572	155	1533	321.0	867.0	584.7416829745597	565.0	Naturalis Biodiversity Center	1	6
0	0	data/BGE00169_MGE-BGE_r1_1.3_1.5_s50_100.fasta	None	Tortricidae	BLAST	family	COI-5P	657	1533	Tortricidae	BGENL199-23_r_1_s_100	Cydia vallesiaca	0	BGENL199-23	1	100	False	False	13573845	7980	155	1533	240.0	822.0	535.9804305283757	500.0	Naturalis Biodiversity Center	1	6
0	0	data/BGE00169_MGE-BGE_r1_1.3_1.5_s50_100.fasta	None	Tortricidae	BLAST	family	COI-5P	657	1533	Tortricidae	BGENL199-23_r_1.3_s_50	Cydia vallesiaca	0	BGENL199-23	1.3	50	False	False	13573845	9498	155	1533	320.0	867.0	581.5714285714286	561.0	Naturalis Biodiversity Center	1	6
0	0	data/BGE00169_MGE-BGE_r1_1.3_1.5_s50_100.fasta	None	Tortricidae	BLAST	family	COI-5P	657	1533	Tortricidae	BGENL199-23_r_1.3_s_100	Cydia vallesiaca	0	BGENL199-23	1.3	100	False	False	13573845	7965	155	1533	238.0	821.0	534.802348336595	500.0	Naturalis Biodiversity Center	1	6
0	0	data/BGE00169_MGE-BGE_r1_1.3_1.5_s50_100.fasta	None	Tortricidae	BLAST	family	COI-5P	657	1533	Tortricidae	BGENL199-23_r_1.5_s_50	Cydia vallesiaca	0	BGENL199-23	1.5	50	False	False	13573845	9278	155	1533	320.0	866.0	571.348336594912	557.0	Naturalis Biodiversity Center	1	6
0	0	data/BGE00169_MGE-BGE_r1_1.3_1.5_s50_100.fasta	None	Tortricidae	BLAST	family	COI-5P	657	1533	Tortricidae	BGENL199-23_r_1.5_s_100	Cydia vallesiaca	0	BGENL199-23	1.5	100	False	False	13573845	7845	155	1533	238.0	820.0	527.8356164383562	496.0	Naturalis Biodiversity Center	1	6
0	0	data/BGE00169_MGE-BGE_r1_1.3_1.5_s50_100.fasta	None	Tortricidae	BLAST	family	COI-5P	657	1530	Tortricidae	BGENL200-23_r_1_s_50	Phtheochroa syrtana	0	BGENL200-23	1	50	False	False	21807042	9806	2	1530	592.0	915.0	748.6647058823529	744.0	Naturalis Biodiversity Center	1	6
0	0	data/BGE00169_MGE-BGE_r1_1.3_1.5_s50_100.fasta	None	Tortricidae	BLAST	family	COI-5P	657	1530	Tortricidae	BGENL200-23_r_1_s_100	Phtheochroa syrtana	0	BGENL200-23	1	100	False	False	21807042	8862	2	1530	458.0	870.0	721.6254901960784	721.0	Naturalis Biodiversity Center	1	6
0	0	data/BGE00169_MGE-BGE_r1_1.3_1.5_s50_100.fasta	None	Tortricidae	BLAST	family	COI-5P	657	1530	Tortricidae	BGENL200-23_r_1.3_s_50	Phtheochroa syrtana	0	BGENL200-23	1.3	50	False	False	21807042	9536	2	1530	590.0	909.0	739.5078431372549	732.0	Naturalis Biodiversity Center	1	6
0	0	data/BGE00169_MGE-BGE_r1_1.3_1.5_s50_100.fasta	None	Tortricidae	BLAST	family	COI-5P	657	1530	Tortricidae	BGENL200-23_r_1.3_s_100	Phtheochroa syrtana	0	BGENL200-23	1.3	100	False	False	21807042	8843	2	1530	458.0	870.0	720.1980392156863	718.0	Naturalis Biodiversity Center	1	6
0	0	data/BGE00169_MGE-BGE_r1_1.3_1.5_s50_100.fasta	None	Tortricidae	BLAST	family	COI-5P	657	1530	Tortricidae	BGENL200-23_r_1.5_s_50	Phtheochroa syrtana	0	BGENL200-23	1.5	50	False	False	21807042	9382	2	1530	582.0	908.0	732.4058823529411	724.0	Naturalis Biodiversity Center	1	6
0	0	data/BGE00169_MGE-BGE_r1_1.3_1.5_s50_100.fasta	None	Tortricidae	BLAST	family	COI-5P	657	1530	Tortricidae	BGENL200-23_r_1.5_s_100	Phtheochroa syrtana	0	BGENL200-23	1.5	100	False	False	21807042	8779	2	1530	455.0	868.0	715.6039215686275	710.0	Naturalis Biodiversity Center	1	6
11	36	data/BGE00169_MGE-BGE_r1_1.3_1.5_s50_100.fasta	None	Tortricidae	BLAST	family	COI-5P	648	1482	Tortricidae,Noctuidae,Nolidae,Prodoxidae	BGENL201-23_r_1_s_50	Eucosma mirificana	0	BGENL201-23	1	50	False	False	1352139	149	42	1530	0.0	16.0	6.496078431372549	6.0	Naturalis Biodiversity Center	1	6
14	38	data/BGE00169_MGE-BGE_r1_1.3_1.5_s50_100.fasta	None	Tortricidae	BLAST	family	COI-5P	584	1329	Tortricidae	BGENL201-23_r_1_s_100	Eucosma mirificana	0	BGENL201-23	1	100	False	False	1352139	53	42	1530	0.0	10.0	3.5803921568627453	4.0	Naturalis Biodiversity Center	1	6
13	22	data/BGE00169_MGE-BGE_r1_1.3_1.5_s50_100.fasta	None	Tortricidae	BLAST	family	COI-5P	648	1467	Tortricidae	BGENL201-23_r_1.3_s_50	Eucosma mirificana	0	BGENL201-23	1.3	50	False	False	1352139	127	42	1530	0.0	13.0	5.158823529411765	4.0	Naturalis Biodiversity Center	1	6
14	29	data/BGE00169_MGE-BGE_r1_1.3_1.5_s50_100.fasta	None	Tortricidae	BLAST	family	COI-5P	584	1248	Tortricidae	BGENL201-23_r_1.3_s_100	Eucosma mirificana	0	BGENL201-23	1.3	100	False	False	1352139	45	42	1530	0.0	10.0	2.8333333333333335	2.0	Naturalis Biodiversity Center	1	6
20	28	data/BGE00169_MGE-BGE_r1_1.3_1.5_s50_100.fasta	None	Tortricidae	BLAST	family	COI-5P	648	1467	Tortricidae	BGENL201-23_r_1.5_s_50	Eucosma mirificana	0	BGENL201-23	1.5	50	False	False	1352139	115	42	1530	0.0	13.0	4.637254901960785	4.0	Naturalis Biodiversity Center	1	6
22	38	data/BGE00169_MGE-BGE_r1_1.3_1.5_s50_100.fasta	None	Tortricidae	BLAST	family	COI-5P	584	1248	Tortricidae	BGENL201-23_r_1.5_s_100	Eucosma mirificana	0	BGENL201-23	1.5	100	False	False	1352139	41	42	1530	0.0	8.0	2.566666666666667	2.0	Naturalis Biodiversity Center	1	6
0	0	data/BGE00169_MGE-BGE_r1_1.3_1.5_s50_100.fasta	None	Tortricidae	BLAST	family	COI-5P	657	1533	Tortricidae	BGENL202-23_r_1_s_50	Lobesia porrectana	0	BGENL202-23	1	50	False	False	6441238	1349	185	1536	0.0	138.0	55.158203125	50.0	Naturalis Biodiversity Center	1	6
0	0	data/BGE00169_MGE-BGE_r1_1.3_1.5_s50_100.fasta	None	Tortricidae	BLAST	family	COI-5P	657	1533	Tortricidae	BGENL202-23_r_1_s_100	Lobesia porrectana	0	BGENL202-23	1	100	False	False	6441238	637	185	1536	0.0	111.0	34.607421875	29.5	Naturalis Biodiversity Center	1	6
0	0	data/BGE00169_MGE-BGE_r1_1.3_1.5_s50_100.fasta	None	Tortricidae	BLAST	family	COI-5P	657	1533	Tortricidae	BGENL202-23_r_1.3_s_50	Lobesia porrectana	0	BGENL202-23	1.3	50	False	False	6441238	1322	185	1536	0.0	138.0	53.67578125	50.0	Naturalis Biodiversity Center	1	6
0	0	data/BGE00169_MGE-BGE_r1_1.3_1.5_s50_100.fasta	None	Tortricidae	BLAST	family	COI-5P	657	1533	Tortricidae	BGENL202-23_r_1.3_s_100	Lobesia porrectana	0	BGENL202-23	1.3	100	False	False	6441238	627	185	1536	0.0	111.0	33.708984375	29.0	Naturalis Biodiversity Center	1	6
0	0	data/BGE00169_MGE-BGE_r1_1.3_1.5_s50_100.fasta	None	Tortricidae	BLAST	family	COI-5P	657	1533	Tortricidae	BGENL202-23_r_1.5_s_50	Lobesia porrectana	0	BGENL202-23	1.5	50	False	False	6441238	1247	185	1536	0.0	132.0	50.84375	46.0	Naturalis Biodiversity Center	1	6
0	0	data/BGE00169_MGE-BGE_r1_1.3_1.5_s50_100.fasta	None	Tortricidae	BLAST	family	COI-5P	657	1533	Tortricidae	BGENL202-23_r_1.5_s_100	Lobesia porrectana	0	BGENL202-23	1.5	100	False	False	6441238	608	185	1536	0.0	107.0	32.58984375	27.0	Naturalis Biodiversity Center	1	6
0	0	data/BGE00169_MGE-BGE_r1_1.3_1.5_s50_100.fasta	None	Tortricidae	BLAST	family	COI-5P	657	1536	Tortricidae	BGENL203-23_r_1_s_50	Amphicoecia adamana	0	BGENL203-23	1	50	False	False	18121124	2495	150	1536	3.0	230.0	139.02734375	135.0	Naturalis Biodiversity Center	1	6
0	0	data/BGE00169_MGE-BGE_r1_1.3_1.5_s50_100.fasta	None	Tortricidae	BLAST	family	COI-5P	657	1536	Tortricidae	BGENL203-23_r_1_s_100	Amphicoecia adamana	0	BGENL203-23	1	100	False	False	18121124	1788	150	1536	2.0	173.0	117.673828125	113.0	Naturalis Biodiversity Center	1	6
0	0	data/BGE00169_MGE-BGE_r1_1.3_1.5_s50_100.fasta	None	Tortricidae	BLAST	family	COI-5P	657	1536	Tortricidae	BGENL203-23_r_1.3_s_50	Amphicoecia adamana	0	BGENL203-23	1.3	50	False	False	18121124	2396	150	1536	3.0	219.0	135.716796875	131.0	Naturalis Biodiversity Center	1	6
0	0	data/BGE00169_MGE-BGE_r1_1.3_1.5_s50_100.fasta	None	Tortricidae	BLAST	family	COI-5P	657	1536	Tortricidae	BGENL203-23_r_1.3_s_100	Amphicoecia adamana	0	BGENL203-23	1.3	100	False	False	18121124	1785	150	1536	1.0	173.0	117.451171875	112.5	Naturalis Biodiversity Center	1	6
0	0	data/BGE00169_MGE-BGE_r1_1.3_1.5_s50_100.fasta	None	Tortricidae	BLAST	family	COI-5P	657	1536	Tortricidae	BGENL203-23_r_1.5_s_50	Amphicoecia adamana	0	BGENL203-23	1.5	50	False	False	18121124	2293	150	1536	3.0	198.0	131.140625	129.0	Naturalis Biodiversity Center	1	6
0	0	data/BGE00169_MGE-BGE_r1_1.3_1.5_s50_100.fasta	None	Tortricidae	BLAST	family	COI-5P	657	1536	Tortricidae	BGENL203-23_r_1.5_s_100	Amphicoecia adamana	0	BGENL203-23	1.5	100	False	False	18121124	1746	150	1536	1.0	173.0	114.923828125	111.0	Naturalis Biodiversity Center	1	6
0	10	data/BGE00169_MGE-BGE_r1_1.3_1.5_s50_100.fasta	None	Tortricidae	BLAST	family	COI-5P	657	1536	Tortricidae	BGENL204-23_r_1_s_50	Clepsis rolandriana	0	BGENL204-23	1	50	False	False	4765163	1539	310	1536	10.0	249.0	63.029296875	54.0	Naturalis Biodiversity Center	1	6
7	24	data/BGE00169_MGE-BGE_r1_1.3_1.5_s50_100.fasta	None	Tortricidae	BLAST	family	COI-5P	657	1536	Tortricidae	BGENL204-23_r_1_s_100	Clepsis rolandriana	0	BGENL204-23	1	100	False	False	4765163	620	310	1536	2.0	111.0	35.32421875	30.5	Naturalis Biodiversity Center	1	6
0	2	data/BGE00169_MGE-BGE_r1_1.3_1.5_s50_100.fasta	None	Tortricidae	BLAST	family	COI-5P	657	1536	Tortricidae	BGENL204-23_r_1.3_s_50	Clepsis rolandriana	0	BGENL204-23	1.3	50	False	False	4765163	1464	310	1536	9.0	247.0	58.11328125	47.5	Naturalis Biodiversity Center	1	6
0	7	data/BGE00169_MGE-BGE_r1_1.3_1.5_s50_100.fasta	None	Tortricidae	BLAST	family	COI-5P	657	1536	Tortricidae	BGENL204-23_r_1.3_s_100	Clepsis rolandriana	0	BGENL204-23	1.3	100	False	False	4765163	583	310	1536	2.0	109.0	32.166015625	26.0	Naturalis Biodiversity Center	1	6
0	0	data/BGE00169_MGE-BGE_r1_1.3_1.5_s50_100.fasta	None	Tortricidae	BLAST	family	COI-5P	657	1536	Tortricidae	BGENL204-23_r_1.5_s_50	Clepsis rolandriana	0	BGENL204-23	1.5	50	False	False	4765163	1340	310	1536	6.0	239.0	52.5859375	42.0	Naturalis Biodiversity Center	1	6
1	6	data/BGE00169_MGE-BGE_r1_1.3_1.5_s50_100.fasta	None	Tortricidae	BLAST	family	COI-5P	657	1536	Tortricidae	BGENL204-23_r_1.5_s_100	Clepsis rolandriana	0	BGENL204-23	1.5	100	False	False	4765163	540	310	1536	2.0	101.0	29.16015625	24.0	Naturalis Biodiversity Center	1	6
0	0	data/BGE00169_MGE-BGE_r1_1.3_1.5_s50_100.fasta	None	Tortricidae	BLAST	family	COI-5P	656	1536	Tortricidae	BGENL205-23_r_1_s_50	Cnephasia orientana	0	BGENL205-23	1	50	False	False	13495688	12409	238	1536	1.0	1167.0	672.111328125	652.5	Naturalis Biodiversity Center	1	6
0	0	data/BGE00169_MGE-BGE_r1_1.3_1.5_s50_100.fasta	None	Tortricidae	BLAST	family	COI-5P	656	1533	Tortricidae	BGENL205-23_r_1_s_100	Cnephasia orientana	0	BGENL205-23	1	100	False	False	13495688	9406	238	1536	0.0	1059.0	580.580078125	560.0	Naturalis Biodiversity Center	1	6
0	0	data/BGE00169_MGE-BGE_r1_1.3_1.5_s50_100.fasta	None	Tortricidae	BLAST	family	COI-5P	656	1536	Tortricidae	BGENL205-23_r_1.3_s_50	Cnephasia orientana	0	BGENL205-23	1.3	50	False	False	13495688	12315	238	1536	1.0	1165.0	668.80859375	652.0	Naturalis Biodiversity Center	1	6
0	0	data/BGE00169_MGE-BGE_r1_1.3_1.5_s50_100.fasta	None	Tortricidae	BLAST	family	COI-5P	656	1533	Tortricidae	BGENL205-23_r_1.3_s_100	Cnephasia orientana	0	BGENL205-23	1.3	100	False	False	13495688	9398	238	1536	0.0	1059.0	580.068359375	560.0	Naturalis Biodiversity Center	1	6
0	0	data/BGE00169_MGE-BGE_r1_1.3_1.5_s50_100.fasta	None	Tortricidae	BLAST	family	COI-5P	656	1536	Tortricidae	BGENL205-23_r_1.5_s_50	Cnephasia orientana	0	BGENL205-23	1.5	50	False	False	13495688	12000	238	1536	1.0	1161.0	654.998046875	637.5	Naturalis Biodiversity Center	1	6
0	0	data/BGE00169_MGE-BGE_r1_1.3_1.5_s50_100.fasta	None	Tortricidae	BLAST	family	COI-5P	656	1533	Tortricidae	BGENL205-23_r_1.5_s_100	Cnephasia orientana	0	BGENL205-23	1.5	100	False	False	13495688	9273	238	1536	0.0	1058.0	572.6875	555.0	Naturalis Biodiversity Center	1	6
0	0	data/BGE00169_MGE-BGE_r1_1.3_1.5_s50_100.fasta	None	Tortricidae	BLAST	family	COI-5P	657	1530	Tortricidae	BGENL206-23_r_1_s_50	Acleris undulana	0	BGENL206-23	1	50	False	False	21561276	3589	544	1530	117.0	325.0	211.89411764705883	213.0	Naturalis Biodiversity Center	1	6
0	0	data/BGE00169_MGE-BGE_r1_1.3_1.5_s50_100.fasta	None	Tortricidae	BLAST	family	COI-5P	657	1530	Tortricidae	BGENL206-23_r_1_s_100	Acleris undulana	0	BGENL206-23	1	100	False	False	21561276	2806	544	1530	86.0	250.0	188.74313725490197	191.0	Naturalis Biodiversity Center	1	6
0	0	data/BGE00169_MGE-BGE_r1_1.3_1.5_s50_100.fasta	None	Tortricidae	BLAST	family	COI-5P	657	1530	Tortricidae	BGENL206-23_r_1.3_s_50	Acleris undulana	0	BGENL206-23	1.3	50	False	False	21561276	3425	544	1530	117.0	283.0	206.52549019607844	209.0	Naturalis Biodiversity Center	1	6
0	0	data/BGE00169_MGE-BGE_r1_1.3_1.5_s50_100.fasta	None	Tortricidae	BLAST	family	COI-5P	657	1530	Tortricidae	BGENL206-23_r_1.3_s_100	Acleris undulana	0	BGENL206-23	1.3	100	False	False	21561276	2798	544	1530	86.0	250.0	188.1764705882353	191.0	Naturalis Biodiversity Center	1	6
0	0	data/BGE00169_MGE-BGE_r1_1.3_1.5_s50_100.fasta	None	Tortricidae	BLAST	family	COI-5P	657	1530	Tortricidae	BGENL206-23_r_1.5_s_50	Acleris undulana	0	BGENL206-23	1.5	50	False	False	21561276	3253	544	1530	115.0	268.0	201.21960784313725	204.0	Naturalis Biodiversity Center	1	6
0	0	data/BGE00169_MGE-BGE_r1_1.3_1.5_s50_100.fasta	None	Tortricidae	BLAST	family	COI-5P	657	1530	Tortricidae	BGENL206-23_r_1.5_s_100	Acleris undulana	0	BGENL206-23	1.5	100	False	False	21561276	2774	544	1530	84.0	250.0	186.68627450980392	189.0	Naturalis Biodiversity Center	1	6
0	0	data/BGE00169_MGE-BGE_r1_1.3_1.5_s50_100.fasta	None	Tortricidae	BLAST	family	COI-5P	657	1530	Tortricidae	BGENL207-23_r_1_s_50	Aethes scalana	0	BGENL207-23	1	50	False	False	37038019	17860	119	1530	881.0	1708.0	1237.8392156862744	1224.0	Naturalis Biodiversity Center	1	6
0	0	data/BGE00169_MGE-BGE_r1_1.3_1.5_s50_100.fasta	None	Tortricidae	BLAST	family	COI-5P	657	1530	Tortricidae	BGENL207-23_r_1_s_100	Aethes scalana	0	BGENL207-23	1	100	False	False	37038019	15124	119	1530	599.0	1598.0	1155.8450980392156	1130.5	Naturalis Biodiversity Center	1	6
0	0	data/BGE00169_MGE-BGE_r1_1.3_1.5_s50_100.fasta	None	Tortricidae	BLAST	family	COI-5P	657	1530	Tortricidae	BGENL207-23_r_1.3_s_50	Aethes scalana	0	BGENL207-23	1.3	50	False	False	37038019	17376	119	1530	873.0	1694.0	1221.2313725490196	1198.0	Naturalis Biodiversity Center	1	6
0	0	data/BGE00169_MGE-BGE_r1_1.3_1.5_s50_100.fasta	None	Tortricidae	BLAST	family	COI-5P	657	1530	Tortricidae	BGENL207-23_r_1.3_s_100	Aethes scalana	0	BGENL207-23	1.3	100	False	False	37038019	15088	119	1530	599.0	1598.0	1153.4274509803922	1124.5	Naturalis Biodiversity Center	1	6
0	0	data/BGE00169_MGE-BGE_r1_1.3_1.5_s50_100.fasta	None	Tortricidae	BLAST	family	COI-5P	657	1530	Tortricidae	BGENL207-23_r_1.5_s_50	Aethes scalana	0	BGENL207-23	1.5	50	False	False	37038019	17061	119	1530	865.0	1680.0	1209.3784313725491	1185.5	Naturalis Biodiversity Center	1	6
0	0	data/BGE00169_MGE-BGE_r1_1.3_1.5_s50_100.fasta	None	Tortricidae	BLAST	family	COI-5P	657	1530	Tortricidae	BGENL207-23_r_1.5_s_100	Aethes scalana	0	BGENL207-23	1.5	100	False	False	37038019	15014	119	1530	599.0	1591.0	1148.5196078431372	1118.5	Naturalis Biodiversity Center	1	6
0	0	data/BGE00169_MGE-BGE_r1_1.3_1.5_s50_100.fasta	None	Tortricidae	BLAST	family	COI-5P	657	1530	Tortricidae	BGENL208-23_r_1_s_50	Pelochrista mancipiana	0	BGENL208-23	1	50	False	False	2802764	4229	115	1530	36.0	344.0	150.89411764705883	126.5	Naturalis Biodiversity Center	1	6
2	2	data/BGE00169_MGE-BGE_r1_1.3_1.5_s50_100.fasta	None	Tortricidae	BLAST	family	COI-5P	657	1530	Tortricidae	BGENL208-23_r_1_s_100	Pelochrista mancipiana	0	BGENL208-23	1	100	False	False	2802764	1322	115	1530	4.0	154.0	64.69019607843137	57.0	Naturalis Biodiversity Center	1	6
0	0	data/BGE00169_MGE-BGE_r1_1.3_1.5_s50_100.fasta	None	Tortricidae	BLAST	family	COI-5P	657	1530	Tortricidae	BGENL208-23_r_1.3_s_50	Pelochrista mancipiana	0	BGENL208-23	1.3	50	False	False	2802764	4175	115	1530	36.0	342.0	148.22156862745098	122.5	Naturalis Biodiversity Center	1	6
1	1	data/BGE00169_MGE-BGE_r1_1.3_1.5_s50_100.fasta	None	Tortricidae	BLAST	family	COI-5P	657	1530	Tortricidae	BGENL208-23_r_1.3_s_100	Pelochrista mancipiana	0	BGENL208-23	1.3	100	False	False	2802764	1309	115	1530	4.0	154.0	63.47254901960784	55.0	Naturalis Biodiversity Center	1	6
0	0	data/BGE00169_MGE-BGE_r1_1.3_1.5_s50_100.fasta	None	Tortricidae	BLAST	family	COI-5P	657	1530	Tortricidae	BGENL208-23_r_1.5_s_50	Pelochrista mancipiana	0	BGENL208-23	1.5	50	False	False	2802764	3754	115	1530	29.0	331.0	131.97254901960784	112.5	Naturalis Biodiversity Center	1	6
1	1	data/BGE00169_MGE-BGE_r1_1.3_1.5_s50_100.fasta	None	Tortricidae	BLAST	family	COI-5P	657	1530	Tortricidae	BGENL208-23_r_1.5_s_100	Pelochrista mancipiana	0	BGENL208-23	1.5	100	False	False	2802764	1223	115	1530	4.0	151.0	58.36666666666667	50.0	Naturalis Biodiversity Center	1	6
9	30	data/BGE00169_MGE-BGE_r1_1.3_1.5_s50_100.fasta	None	Tortricidae	BLAST	family	COI-5P	645	1518	Tortricidae	BGENL209-23_r_1_s_50	Cochylimorpha obliquana	0	BGENL209-23	1	50	False	False	1283365	456	20	1530	0.0	52.0	17.735294117647058	16.0	Naturalis Biodiversity Center	1	6
25	51	data/BGE00169_MGE-BGE_r1_1.3_1.5_s50_100.fasta	None	Tortricidae	BLAST	family	COI-5P	618	1491	Tortricidae	BGENL209-23_r_1_s_100	Cochylimorpha obliquana	0	BGENL209-23	1	100	False	False	1283365	166	20	1530	0.0	34.0	9.284313725490197	8.0	Naturalis Biodiversity Center	1	6
6	16	data/BGE00169_MGE-BGE_r1_1.3_1.5_s50_100.fasta	None	Tortricidae	BLAST	family	COI-5P	645	1512	Tortricidae	BGENL209-23_r_1.3_s_50	Cochylimorpha obliquana	0	BGENL209-23	1.3	50	False	False	1283365	438	20	1530	0.0	48.0	16.750980392156862	15.5	Naturalis Biodiversity Center	1	6
26	54	data/BGE00169_MGE-BGE_r1_1.3_1.5_s50_100.fasta	None	Tortricidae	BLAST	family	COI-5P	618	1485	Tortricidae	BGENL209-23_r_1.3_s_100	Cochylimorpha obliquana	0	BGENL209-23	1.3	100	False	False	1283365	159	20	1530	0.0	30.0	8.680392156862744	7.0	Naturalis Biodiversity Center	1	6
4	14	data/BGE00169_MGE-BGE_r1_1.3_1.5_s50_100.fasta	None	Tortricidae	BLAST	family	COI-5P	642	1509	Tortricidae	BGENL209-23_r_1.5_s_50	Cochylimorpha obliquana	0	BGENL209-23	1.5	50	False	False	1283365	373	20	1530	0.0	47.0	14.1	12.0	Naturalis Biodiversity Center	1	6
15	43	data/BGE00169_MGE-BGE_r1_1.3_1.5_s50_100.fasta	None	Tortricidae	BLAST	family	COI-5P	618	1485	Tortricidae	BGENL209-23_r_1.5_s_100	Cochylimorpha obliquana	0	BGENL209-23	1.5	100	False	False	1283365	142	20	1530	0.0	29.0	7.484313725490196	6.0	Naturalis Biodiversity Center	1	6
0	0	data/BGE00169_MGE-BGE_r1_1.3_1.5_s50_100.fasta	None	Tortricidae	BLAST	family	COI-5P	657	1533	Tortricidae	BGENL210-23_r_1_s_50	Cydia elpore	0	BGENL210-23	1	50	False	False	26796208	3862	5	1533	199.0	361.0	268.4931506849315	266.0	Naturalis Biodiversity Center	1	6
0	0	data/BGE00169_MGE-BGE_r1_1.3_1.5_s50_100.fasta	None	Tortricidae	BLAST	family	COI-5P	657	1533	Tortricidae	BGENL210-23_r_1_s_100	Cydia elpore	0	BGENL210-23	1	100	False	False	26796208	3230	5	1533	158.0	344.0	250.69667318982388	247.0	Naturalis Biodiversity Center	1	6
0	0	data/BGE00169_MGE-BGE_r1_1.3_1.5_s50_100.fasta	None	Tortricidae	BLAST	family	COI-5P	657	1533	Tortricidae	BGENL210-23_r_1.3_s_50	Cydia elpore	0	BGENL210-23	1.3	50	False	False	26796208	3662	5	1533	195.0	344.0	262.13502935420746	259.0	Naturalis Biodiversity Center	1	6
0	0	data/BGE00169_MGE-BGE_r1_1.3_1.5_s50_100.fasta	None	Tortricidae	BLAST	family	COI-5P	657	1533	Tortricidae	BGENL210-23_r_1.3_s_100	Cydia elpore	0	BGENL210-23	1.3	100	False	False	26796208	3227	5	1533	158.0	344.0	250.45205479452054	246.0	Naturalis Biodiversity Center	1	6
0	0	data/BGE00169_MGE-BGE_r1_1.3_1.5_s50_100.fasta	None	Tortricidae	BLAST	family	COI-5P	657	1533	Tortricidae	BGENL210-23_r_1.5_s_50	Cydia elpore	0	BGENL210-23	1.5	50	False	False	26796208	3593	5	1533	194.0	340.0	259.30332681017615	255.0	Naturalis Biodiversity Center	1	6
0	0	data/BGE00169_MGE-BGE_r1_1.3_1.5_s50_100.fasta	None	Tortricidae	BLAST	family	COI-5P	657	1533	Tortricidae	BGENL210-23_r_1.5_s_100	Cydia elpore	0	BGENL210-23	1.5	100	False	False	26796208	3194	5	1533	158.0	340.0	248.5205479452055	244.0	Naturalis Biodiversity Center	1	6
0	0	data/BGE00169_MGE-BGE_r1_1.3_1.5_s50_100.fasta	None	Tortricidae	BLAST	family	COI-5P	657	1533	Tortricidae	BGENL211-23_r_1_s_50	Cydia zebeana	0	BGENL211-23	1	50	False	False	22135692	4976	633	1533	204.0	391.0	295.37964774951075	290.0	Naturalis Biodiversity Center	1	6
0	0	data/BGE00169_MGE-BGE_r1_1.3_1.5_s50_100.fasta	None	Tortricidae	BLAST	family	COI-5P	657	1533	Tortricidae	BGENL211-23_r_1_s_100	Cydia zebeana	0	BGENL211-23	1	100	False	False	22135692	3924	633	1533	138.0	363.0	264.39334637964777	260.0	Naturalis Biodiversity Center	1	6
0	0	data/BGE00169_MGE-BGE_r1_1.3_1.5_s50_100.fasta	None	Tortricidae	BLAST	family	COI-5P	657	1533	Tortricidae	BGENL211-23_r_1.3_s_50	Cydia zebeana	0	BGENL211-23	1.3	50	False	False	22135692	4825	633	1533	204.0	391.0	290.06066536203525	282.0	Naturalis Biodiversity Center	1	6
0	0	data/BGE00169_MGE-BGE_r1_1.3_1.5_s50_100.fasta	None	Tortricidae	BLAST	family	COI-5P	657	1533	Tortricidae	BGENL211-23_r_1.3_s_100	Cydia zebeana	0	BGENL211-23	1.3	100	False	False	22135692	3912	633	1533	138.0	363.0	263.52837573385517	258.0	Naturalis Biodiversity Center	1	6
0	0	data/BGE00169_MGE-BGE_r1_1.3_1.5_s50_100.fasta	None	Tortricidae	BLAST	family	COI-5P	657	1533	Tortricidae	BGENL211-23_r_1.5_s_50	Cydia zebeana	0	BGENL211-23	1.5	50	False	False	22135692	4674	633	1533	199.0	388.0	283.9178082191781	278.0	Naturalis Biodiversity Center	1	6
0	0	data/BGE00169_MGE-BGE_r1_1.3_1.5_s50_100.fasta	None	Tortricidae	BLAST	family	COI-5P	657	1533	Tortricidae	BGENL211-23_r_1.5_s_100	Cydia zebeana	0	BGENL211-23	1.5	100	False	False	22135692	3868	633	1533	138.0	363.0	260.4696673189824	255.0	Naturalis Biodiversity Center	1	6
24	36	data/BGE00169_MGE-BGE_r1_1.3_1.5_s50_100.fasta	None	Tortricidae	BLAST	family	COI-5P	655	1533	Tortricidae	BGENL212-23_r_1_s_50	Epiblema sarmatana	0	BGENL212-23	1	50	False	False	726489	265	49	1536	0.0	26.0	10.310546875	9.0	Naturalis Biodiversity Center	1	6
18	29	data/BGE00169_MGE-BGE_r1_1.3_1.5_s50_100.fasta	None	Tortricidae	BLAST	family	COI-5P	646	1515	Tortricidae	BGENL212-23_r_1_s_100	Epiblema sarmatana	0	BGENL212-23	1	100	False	False	726489	89	49	1536	0.0	17.0	5.5859375	5.0	Naturalis Biodiversity Center	1	6
15	27	data/BGE00169_MGE-BGE_r1_1.3_1.5_s50_100.fasta	None	Tortricidae	BLAST	family	COI-5P	655	1533	Tortricidae	BGENL212-23_r_1.3_s_50	Epiblema sarmatana	0	BGENL212-23	1.3	50	False	False	726489	248	49	1536	0.0	26.0	9.41796875	8.0	Naturalis Biodiversity Center	1	6
16	25	data/BGE00169_MGE-BGE_r1_1.3_1.5_s50_100.fasta	None	Tortricidae	BLAST	family	COI-5P	646	1515	Tortricidae	BGENL212-23_r_1.3_s_100	Epiblema sarmatana	0	BGENL212-23	1.3	100	False	False	726489	81	49	1536	0.0	17.0	5.01953125	4.5	Naturalis Biodiversity Center	1	6
13	15	data/BGE00169_MGE-BGE_r1_1.3_1.5_s50_100.fasta	None	Tortricidae	BLAST	family	COI-5P	655	1530	Tortricidae	BGENL212-23_r_1.5_s_50	Epiblema sarmatana	0	BGENL212-23	1.5	50	False	False	726489	218	49	1536	0.0	26.0	8.361328125	7.0	Naturalis Biodiversity Center	1	6
16	23	data/BGE00169_MGE-BGE_r1_1.3_1.5_s50_100.fasta	None	Tortricidae	BLAST	family	COI-5P	646	1491	Tortricidae,Geometridae	BGENL212-23_r_1.5_s_100	Epiblema sarmatana	0	BGENL212-23	1.5	100	False	False	726489	76	49	1536	0.0	17.0	4.677734375	4.0	Naturalis Biodiversity Center	1	6
0	0	data/BGE00169_MGE-BGE_r1_1.3_1.5_s50_100.fasta	None	Tortricidae	BLAST	family	COI-5P	657	1530	Tortricidae	BGENL213-23_r_1_s_50	Eugnosta hydrargyrana	0	BGENL213-23	1	50	False	False	8248127	3643	91	1530	64.0	315.0	161.34117647058824	154.0	Naturalis Biodiversity Center	1	6
0	0	data/BGE00169_MGE-BGE_r1_1.3_1.5_s50_100.fasta	None	Tortricidae	BLAST	family	COI-5P	657	1530	Tortricidae	BGENL213-23_r_1_s_100	Eugnosta hydrargyrana	0	BGENL213-23	1	100	False	False	8248127	2067	91	1530	47.0	258.0	114.09607843137255	103.0	Naturalis Biodiversity Center	1	6
0	0	data/BGE00169_MGE-BGE_r1_1.3_1.5_s50_100.fasta	None	Tortricidae	BLAST	family	COI-5P	657	1530	Tortricidae	BGENL213-23_r_1.3_s_50	Eugnosta hydrargyrana	0	BGENL213-23	1.3	50	False	False	8248127	3593	91	1530	63.0	312.0	158.9156862745098	150.5	Naturalis Biodiversity Center	1	6
0	0	data/BGE00169_MGE-BGE_r1_1.3_1.5_s50_100.fasta	None	Tortricidae	BLAST	family	COI-5P	657	1530	Tortricidae	BGENL213-23_r_1.3_s_100	Eugnosta hydrargyrana	0	BGENL213-23	1.3	100	False	False	8248127	2048	91	1530	46.0	255.0	112.68823529411765	102.0	Naturalis Biodiversity Center	1	6
0	0	data/BGE00169_MGE-BGE_r1_1.3_1.5_s50_100.fasta	None	Tortricidae	BLAST	family	COI-5P	657	1530	Tortricidae	BGENL213-23_r_1.5_s_50	Eugnosta hydrargyrana	0	BGENL213-23	1.5	50	False	False	8248127	3403	91	1530	57.0	306.0	151.62549019607843	146.0	Naturalis Biodiversity Center	1	6
0	0	data/BGE00169_MGE-BGE_r1_1.3_1.5_s50_100.fasta	None	Tortricidae	BLAST	family	COI-5P	657	1530	Tortricidae	BGENL213-23_r_1.5_s_100	Eugnosta hydrargyrana	0	BGENL213-23	1.5	100	False	False	8248127	1984	91	1530	44.0	251.0	109.33725490196079	99.0	Naturalis Biodiversity Center	1	6
42	62	data/BGE00169_MGE-BGE_r1_1.3_1.5_s50_100.fasta	None	Tortricidae	BLAST	family	COI-5P	643	1401	Tortricidae	BGENL214-23_r_1_s_50	Lobesia quaggana	0	BGENL214-23	1	50	False	False	1428284	109	33	1536	0.0	16.0	5.107421875	4.0	Naturalis Biodiversity Center	1	6
54	88	data/BGE00169_MGE-BGE_r1_1.3_1.5_s50_100.fasta	None	Tortricidae	BLAST	family	COI-5P	594	1155	Tortricidae	BGENL214-23_r_1_s_100	Lobesia quaggana	0	BGENL214-23	1	100	False	False	1428284	47	33	1536	0.0	12.0	3.185546875	3.0	Naturalis Biodiversity Center	1	6
10	24	data/BGE00169_MGE-BGE_r1_1.3_1.5_s50_100.fasta	None	Tortricidae	BLAST	family	COI-5P	643	1371	Tortricidae	BGENL214-23_r_1.3_s_50	Lobesia quaggana	0	BGENL214-23	1.3	50	False	False	1428284	95	33	1536	0.0	16.0	4.287109375	4.0	Naturalis Biodiversity Center	1	6
19	23	data/BGE00169_MGE-BGE_r1_1.3_1.5_s50_100.fasta	None	Tortricidae	BLAST	family	COI-5P	594	1104	Tortricidae,Noctuidae,Nolidae	BGENL214-23_r_1.3_s_100	Lobesia quaggana	0	BGENL214-23	1.3	100	False	False	1428284	42	33	1536	0.0	12.0	2.7265625	2.0	Naturalis Biodiversity Center	1	6
4	12	data/BGE00169_MGE-BGE_r1_1.3_1.5_s50_100.fasta	None	Tortricidae	BLAST	family	COI-5P	582	1290	Tortricidae	BGENL214-23_r_1.5_s_50	Lobesia quaggana	0	BGENL214-23	1.5	50	False	False	1428284	82	33	1536	0.0	16.0	3.5625	3.0	Naturalis Biodiversity Center	1	6
5	5	data/BGE00169_MGE-BGE_r1_1.3_1.5_s50_100.fasta	None	Tortricidae	BLAST	family	COI-5P	523	996	Tortricidae	BGENL214-23_r_1.5_s_100	Lobesia quaggana	5	BGENL214-23	1.5	100	False	False	1428284	37	33	1536	0.0	12.0	2.248046875	2.0	Naturalis Biodiversity Center	1	6
9	16	data/BGE00169_MGE-BGE_r1_1.3_1.5_s50_100.fasta	None	Tortricidae	BLAST	family	COI-5P	657	1536	Tortricidae	BGENL215-23_r_1_s_50	Aphelia albociliana	0	BGENL215-23	1	50	False	False	5153619	857	23	1536	8.0	89.0	33.03515625	29.0	Naturalis Biodiversity Center	1	6
8	44	data/BGE00169_MGE-BGE_r1_1.3_1.5_s50_100.fasta	None	Tortricidae	BLAST	family	COI-5P	657	1524	Tortricidae	BGENL215-23_r_1_s_100	Aphelia albociliana	0	BGENL215-23	1	100	False	False	5153619	293	23	1536	0.0	64.0	16.1328125	13.0	Naturalis Biodiversity Center	1	6
0	2	data/BGE00169_MGE-BGE_r1_1.3_1.5_s50_100.fasta	None	Tortricidae	BLAST	family	COI-5P	657	1536	Tortricidae	BGENL215-23_r_1.3_s_50	Aphelia albociliana	0	BGENL215-23	1.3	50	False	False	5153619	787	23	1536	6.0	79.0	29.25390625	26.0	Naturalis Biodiversity Center	1	6
1	13	data/BGE00169_MGE-BGE_r1_1.3_1.5_s50_100.fasta	None	Tortricidae	BLAST	family	COI-5P	657	1524	Tortricidae	BGENL215-23_r_1.3_s_100	Aphelia albociliana	0	BGENL215-23	1.3	100	False	False	5153619	265	23	1536	0.0	58.0	13.8203125	11.0	Naturalis Biodiversity Center	1	6
0	1	data/BGE00169_MGE-BGE_r1_1.3_1.5_s50_100.fasta	None	Tortricidae	BLAST	family	COI-5P	657	1536	Tortricidae	BGENL215-23_r_1.5_s_50	Aphelia albociliana	0	BGENL215-23	1.5	50	False	False	5153619	720	23	1536	4.0	79.0	25.91796875	22.0	Naturalis Biodiversity Center	1	6
0	0	data/BGE00169_MGE-BGE_r1_1.3_1.5_s50_100.fasta	None	Tortricidae	BLAST	family	COI-5P	657	1500	Tortricidae	BGENL215-23_r_1.5_s_100	Aphelia albociliana	0	BGENL215-23	1.5	100	False	False	5153619	239	23	1536	0.0	56.0	11.736328125	10.0	Naturalis Biodiversity Center	1	6
0	0	data/BGE00169_MGE-BGE_r1_1.3_1.5_s50_100.fasta	None	Tortricidae	BLAST	family	COI-5P	657	1536	Tortricidae	BGENL216-23_r_1_s_50	Clepsis unicolorana	0	BGENL216-23	1	50	False	False	9640615	2718	84	1536	9.0	224.0	97.59375	94.5	Naturalis Biodiversity Center	1	6
6	8	data/BGE00169_MGE-BGE_r1_1.3_1.5_s50_100.fasta	None	Tortricidae	BLAST	family	COI-5P	657	1533	Tortricidae	BGENL216-23_r_1_s_100	Clepsis unicolorana	0	BGENL216-23	1	100	False	False	9640615	846	84	1536	0.0	107.0	41.93359375	38.0	Naturalis Biodiversity Center	1	6
0	0	data/BGE00169_MGE-BGE_r1_1.3_1.5_s50_100.fasta	None	Tortricidae	BLAST	family	COI-5P	657	1536	Tortricidae	BGENL216-23_r_1.3_s_50	Clepsis unicolorana	0	BGENL216-23	1.3	50	False	False	9640615	2651	84	1536	9.0	223.0	94.27734375	91.0	Naturalis Biodiversity Center	1	6
3	3	data/BGE00169_MGE-BGE_r1_1.3_1.5_s50_100.fasta	None	Tortricidae	BLAST	family	COI-5P	657	1533	Tortricidae	BGENL216-23_r_1.3_s_100	Clepsis unicolorana	0	BGENL216-23	1.3	100	False	False	9640615	827	84	1536	0.0	107.0	40.3359375	38.0	Naturalis Biodiversity Center	1	6
0	0	data/BGE00169_MGE-BGE_r1_1.3_1.5_s50_100.fasta	None	Tortricidae	BLAST	family	COI-5P	657	1536	Tortricidae	BGENL216-23_r_1.5_s_50	Clepsis unicolorana	0	BGENL216-23	1.5	50	False	False	9640615	2326	84	1536	6.0	212.0	82.5859375	76.0	Naturalis Biodiversity Center	1	6
0	0	data/BGE00169_MGE-BGE_r1_1.3_1.5_s50_100.fasta	None	Tortricidae	BLAST	family	COI-5P	651	1527	Tortricidae	BGENL216-23_r_1.5_s_100	Clepsis unicolorana	0	BGENL216-23	1.5	100	False	False	9640615	777	84	1536	0.0	104.0	37.228515625	34.5	Naturalis Biodiversity Center	1	6
0	0	data/BGE00169_MGE-BGE_r1_1.3_1.5_s50_100.fasta	None	Tortricidae	BLAST	family	COI-5P	656	1536	Tortricidae	BGENL217-23_r_1_s_50	Eana cottiana	0	BGENL217-23	1	50	False	False	10298528	4725	595	1536	22.0	362.0	192.029296875	179.5	Naturalis Biodiversity Center	1	6
0	0	data/BGE00169_MGE-BGE_r1_1.3_1.5_s50_100.fasta	None	Tortricidae	BLAST	family	COI-5P	656	1533	Tortricidae	BGENL217-23_r_1_s_100	Eana cottiana	0	BGENL217-23	1	100	False	False	10298528	2262	595	1536	0.0	241.0	118.5234375	116.0	Naturalis Biodiversity Center	1	6
0	0	data/BGE00169_MGE-BGE_r1_1.3_1.5_s50_100.fasta	None	Tortricidae	BLAST	family	COI-5P	656	1536	Tortricidae	BGENL217-23_r_1.3_s_50	Eana cottiana	0	BGENL217-23	1.3	50	False	False	10298528	4658	595	1536	22.0	360.0	189.681640625	176.5	Naturalis Biodiversity Center	1	6
0	0	data/BGE00169_MGE-BGE_r1_1.3_1.5_s50_100.fasta	None	Tortricidae	BLAST	family	COI-5P	656	1533	Tortricidae	BGENL217-23_r_1.3_s_100	Eana cottiana	0	BGENL217-23	1.3	100	False	False	10298528	2252	595	1536	0.0	241.0	117.890625	115.0	Naturalis Biodiversity Center	1	6
0	0	data/BGE00169_MGE-BGE_r1_1.3_1.5_s50_100.fasta	None	Tortricidae	BLAST	family	COI-5P	656	1536	Tortricidae	BGENL217-23_r_1.5_s_50	Eana cottiana	0	BGENL217-23	1.5	50	False	False	10298528	4263	595	1536	9.0	357.0	173.87109375	164.0	Naturalis Biodiversity Center	1	6
0	0	data/BGE00169_MGE-BGE_r1_1.3_1.5_s50_100.fasta	None	Tortricidae	BLAST	family	COI-5P	656	1533	Tortricidae	BGENL217-23_r_1.5_s_100	Eana cottiana	0	BGENL217-23	1.5	100	False	False	10298528	2136	595	1536	0.0	239.0	111.134765625	109.0	Naturalis Biodiversity Center	1	6
2	2	data/BGE00169_MGE-BGE_r1_1.3_1.5_s50_100.fasta	None	Tortricidae	BLAST	family	COI-5P	657	1530	Tortricidae	BGENL218-23_r_1_s_50	Acroclita guanchana	0	BGENL218-23	1	50	False	False	14608047	1196	279	1530	22.0	99.0	61.398039215686275	60.0	Naturalis Biodiversity Center	1	6
1	2	data/BGE00169_MGE-BGE_r1_1.3_1.5_s50_100.fasta	None	Tortricidae	BLAST	family	COI-5P	657	1530	Tortricidae	BGENL218-23_r_1_s_100	Acroclita guanchana	0	BGENL218-23	1	100	False	False	14608047	794	279	1530	14.0	85.0	49.10392156862745	48.0	Naturalis Biodiversity Center	1	6
1	1	data/BGE00169_MGE-BGE_r1_1.3_1.5_s50_100.fasta	None	Tortricidae	BLAST	family	COI-5P	657	1530	Tortricidae	BGENL218-23_r_1.3_s_50	Acroclita guanchana	0	BGENL218-23	1.3	50	False	False	14608047	1115	279	1530	22.0	91.0	57.96666666666667	58.0	Naturalis Biodiversity Center	1	6
1	2	data/BGE00169_MGE-BGE_r1_1.3_1.5_s50_100.fasta	None	Tortricidae	BLAST	family	COI-5P	657	1530	Tortricidae	BGENL218-23_r_1.3_s_100	Acroclita guanchana	0	BGENL218-23	1.3	100	False	False	14608047	777	279	1530	14.0	83.0	47.86666666666667	47.0	Naturalis Biodiversity Center	1	6
1	1	data/BGE00169_MGE-BGE_r1_1.3_1.5_s50_100.fasta	None	Tortricidae	BLAST	family	COI-5P	657	1530	Tortricidae	BGENL218-23_r_1.5_s_50	Acroclita guanchana	0	BGENL218-23	1.5	50	False	False	14608047	1039	279	1530	18.0	89.0	54.917647058823526	54.0	Naturalis Biodiversity Center	1	6
1	1	data/BGE00169_MGE-BGE_r1_1.3_1.5_s50_100.fasta	None	Tortricidae	BLAST	family	COI-5P	657	1530	Tortricidae	BGENL218-23_r_1.5_s_100	Acroclita guanchana	0	BGENL218-23	1.5	100	False	False	14608047	754	279	1530	13.0	81.0	46.470588235294116	47.0	Naturalis Biodiversity Center	1	6
0	0	data/BGE00169_MGE-BGE_r1_1.3_1.5_s50_100.fasta	None	Tortricidae	BLAST	family	COI-5P	657	1530	Tortricidae	BGENL219-23_r_1_s_50	Aethes anthina	0	BGENL219-23	1	50	False	False	23413022	5505	12	1530	171.0	456.0	298.878431372549	293.0	Naturalis Biodiversity Center	1	6
0	0	data/BGE00169_MGE-BGE_r1_1.3_1.5_s50_100.fasta	None	Tortricidae	BLAST	family	COI-5P	657	1530	Tortricidae	BGENL219-23_r_1_s_100	Aethes anthina	0	BGENL219-23	1	100	False	False	23413022	4201	12	1530	113.0	398.0	259.1333333333333	257.0	Naturalis Biodiversity Center	1	6
0	0	data/BGE00169_MGE-BGE_r1_1.3_1.5_s50_100.fasta	None	Tortricidae	BLAST	family	COI-5P	657	1530	Tortricidae	BGENL219-23_r_1.3_s_50	Aethes anthina	0	BGENL219-23	1.3	50	False	False	23413022	5383	12	1530	171.0	452.0	294.83725490196076	289.5	Naturalis Biodiversity Center	1	6
0	0	data/BGE00169_MGE-BGE_r1_1.3_1.5_s50_100.fasta	None	Tortricidae	BLAST	family	COI-5P	657	1530	Tortricidae	BGENL219-23_r_1.3_s_100	Aethes anthina	0	BGENL219-23	1.3	100	False	False	23413022	4197	12	1530	113.0	398.0	258.88235294117646	256.0	Naturalis Biodiversity Center	1	6
0	0	data/BGE00169_MGE-BGE_r1_1.3_1.5_s50_100.fasta	None	Tortricidae	BLAST	family	COI-5P	657	1530	Tortricidae	BGENL219-23_r_1.5_s_50	Aethes anthina	0	BGENL219-23	1.5	50	False	False	23413022	5227	12	1530	168.0	450.0	289.078431372549	284.0	Naturalis Biodiversity Center	1	6
0	0	data/BGE00169_MGE-BGE_r1_1.3_1.5_s50_100.fasta	None	Tortricidae	BLAST	family	COI-5P	657	1530	Tortricidae	BGENL219-23_r_1.5_s_100	Aethes anthina	0	BGENL219-23	1.5	100	False	False	23413022	4162	12	1530	111.0	398.0	256.8705882352941	253.0	Naturalis Biodiversity Center	1	6
4	7	data/BGE00169_MGE-BGE_r1_1.3_1.5_s50_100.fasta	None	Tortricidae	BLAST	family	COI-5P	646	1521	Tortricidae	BGENL220-23_r_1_s_50	Bactra legitima	0	BGENL220-23	1	50	False	False	14591837	3742	1677	1530	6.0	909.0	267.06470588235294	262.0	Naturalis Biodiversity Center	1	6
0	6	data/BGE00169_MGE-BGE_r1_1.3_1.5_s50_100.fasta	None	Tortricidae	BLAST	family	COI-5P	646	1503	Endromidae,Noctuidae,Erebidae,Geometridae	BGENL220-23_r_1_s_100	Bactra legitima	0	BGENL220-23	1	100	False	False	14591837	2733	1677	1530	0.0	689.0	230.45490196078433	216.0	Naturalis Biodiversity Center	1	6
2	12	data/BGE00169_MGE-BGE_r1_1.3_1.5_s50_100.fasta	None	Tortricidae	BLAST	family	COI-5P	652	1530	Tortricidae	BGENL220-23_r_1.3_s_50	Bactra legitima	0	BGENL220-23	1.3	50	False	False	14591837	1267	1677	1530	2.0	471.0	76.41960784313726	45.5	Naturalis Biodiversity Center	1	6
1	9	data/BGE00169_MGE-BGE_r1_1.3_1.5_s50_100.fasta	None	Tortricidae	BLAST	family	COI-5P	652	1512	Tortricidae	BGENL220-23_r_1.3_s_100	Bactra legitima	0	BGENL220-23	1.3	100	False	False	14591837	829	1677	1530	0.0	450.0	62.984313725490196	22.5	Naturalis Biodiversity Center	1	6
6	10	data/BGE00169_MGE-BGE_r1_1.3_1.5_s50_100.fasta	None	Tortricidae	BLAST	family	COI-5P	652	1530	Tortricidae	BGENL220-23_r_1.5_s_50	Bactra legitima	0	BGENL220-23	1.5	50	False	False	14591837	637	1677	1530	2.0	288.0	34.60980392156863	12.0	Naturalis Biodiversity Center	1	6
0	10	data/BGE00169_MGE-BGE_r1_1.3_1.5_s50_100.fasta	None	Tortricidae	BLAST	family	COI-5P	652	1476	Tortricidae	BGENL220-23_r_1.5_s_100	Bactra legitima	0	BGENL220-23	1.5	100	False	False	14591837	360	1677	1530	0.0	268.0	26.59607843137255	4.0	Naturalis Biodiversity Center	1	6
12	99	data/BGE00169_MGE-BGE_r1_1.3_1.5_s50_100.fasta	None	Tortricidae	BLAST	family	COI-5P	614	1422	Tortricidae	BGENL221-23_r_1_s_50	Prochlidonia amiantana	0	BGENL221-23	1	50	False	False	404652	106	131	1530	0.0	17.0	5.596078431372549	5.0	Naturalis Biodiversity Center	1	6
10	91	data/BGE00169_MGE-BGE_r1_1.3_1.5_s50_100.fasta	None	Tortricidae	BLAST	family	COI-5P	559	1329	Tortricidae,Geometridae	BGENL221-23_r_1_s_100	Prochlidonia amiantana	0	BGENL221-23	1	100	False	False	404652	75	131	1530	0.0	17.0	4.568627450980392	4.0	Naturalis Biodiversity Center	1	6
12	43	data/BGE00169_MGE-BGE_r1_1.3_1.5_s50_100.fasta	None	Tortricidae	BLAST	family	COI-5P	422	1173	Tortricidae	BGENL221-23_r_1.3_s_50	Prochlidonia amiantana	0	BGENL221-23	1.3	50	False	False	404652	76	131	1530	0.0	12.0	3.4215686274509802	4.0	Naturalis Biodiversity Center	1	6
15	40	data/BGE00169_MGE-BGE_r1_1.3_1.5_s50_100.fasta	None	Tortricidae	BLAST	family	COI-5P	371	1071	Tortricidae	BGENL221-23_r_1.3_s_100	Prochlidonia amiantana	0	BGENL221-23	1.3	100	False	False	404652	50	131	1530	0.0	10.0	2.5588235294117645	2.0	Naturalis Biodiversity Center	1	6
12	39	data/BGE00169_MGE-BGE_r1_1.3_1.5_s50_100.fasta	None	Tortricidae	BLAST	family	COI-5P	422	1074	Tortricidae	BGENL221-23_r_1.5_s_50	Prochlidonia amiantana	0	BGENL221-23	1.5	50	False	False	404652	69	131	1530	0.0	10.0	3.074509803921569	2.0	Naturalis Biodiversity Center	1	6
15	36	data/BGE00169_MGE-BGE_r1_1.3_1.5_s50_100.fasta	None	Tortricidae	BLAST	family	COI-5P	371	972	Tortricidae	BGENL221-23_r_1.5_s_100	Prochlidonia amiantana	0	BGENL221-23	1.5	100	False	False	404652	45	131	1530	0.0	9.0	2.2588235294117647	2.0	Naturalis Biodiversity Center	1	6
2	19	data/BGE00169_MGE-BGE_r1_1.3_1.5_s50_100.fasta	None	Tortricidae	BLAST	family	COI-5P	657	1533	Tortricidae	BGENL222-23_r_1_s_50	Cydia funebrana	0	BGENL222-23	1	50	False	False	7525641	957	49	1533	2.0	72.0	36.6908023483366	36.0	Naturalis Biodiversity Center	1	6
19	35	data/BGE00169_MGE-BGE_r1_1.3_1.5_s50_100.fasta	None	Tortricidae	BLAST	family	COI-5P	648	1524	Depressariidae,Tortricidae,Limacodidae	BGENL222-23_r_1_s_100	Cydia funebrana	0	BGENL222-23	1	100	False	False	7525641	369	49	1533	0.0	46.0	18.98238747553816	18.0	Naturalis Biodiversity Center	1	6
5	5	data/BGE00169_MGE-BGE_r1_1.3_1.5_s50_100.fasta	None	Tortricidae	BLAST	family	COI-5P	657	1533	Tortricidae	BGENL222-23_r_1.3_s_50	Cydia funebrana	0	BGENL222-23	1.3	50	False	False	7525641	902	49	1533	2.0	70.0	33.397260273972606	33.0	Naturalis Biodiversity Center	1	6
9	9	data/BGE00169_MGE-BGE_r1_1.3_1.5_s50_100.fasta	None	Tortricidae	BLAST	family	COI-5P	648	1524	Tortricidae	BGENL222-23_r_1.3_s_100	Cydia funebrana	0	BGENL222-23	1.3	100	False	False	7525641	346	49	1533	0.0	46.0	17.058708414872797	16.0	Naturalis Biodiversity Center	1	6
0	0	data/BGE00169_MGE-BGE_r1_1.3_1.5_s50_100.fasta	None	Tortricidae	BLAST	family	COI-5P	654	1530	Tortricidae	BGENL222-23_r_1.5_s_50	Cydia funebrana	0	BGENL222-23	1.5	50	False	False	7525641	836	49	1533	0.0	68.0	30.841487279843445	31.0	Naturalis Biodiversity Center	1	6
1	1	data/BGE00169_MGE-BGE_r1_1.3_1.5_s50_100.fasta	None	Tortricidae	BLAST	family	COI-5P	633	1509	Tortricidae	BGENL222-23_r_1.5_s_100	Cydia funebrana	0	BGENL222-23	1.5	100	False	False	7525641	331	49	1533	0.0	43.0	16.119373776908024	15.0	Naturalis Biodiversity Center	1	6
2	2	data/BGE00169_MGE-BGE_r1_1.3_1.5_s50_100.fasta	None	Tortricidae	BLAST	family	COI-5P	657	1530	Tortricidae	BGENL223-23_r_1_s_50	Diceratura infantana	0	BGENL223-23	1	50	False	False	14206171	608	141	1530	8.0	49.0	26.1	26.0	Naturalis Biodiversity Center	1	6
10	10	data/BGE00169_MGE-BGE_r1_1.3_1.5_s50_100.fasta	None	Tortricidae	BLAST	family	COI-5P	657	1530	Tortricidae	BGENL223-23_r_1_s_100	Diceratura infantana	0	BGENL223-23	1	100	False	False	14206171	313	141	1530	2.0	41.0	17.3	16.0	Naturalis Biodiversity Center	1	6
1	1	data/BGE00169_MGE-BGE_r1_1.3_1.5_s50_100.fasta	None	Tortricidae	BLAST	family	COI-5P	657	1530	Tortricidae	BGENL223-23_r_1.3_s_50	Diceratura infantana	0	BGENL223-23	1.3	50	False	False	14206171	563	141	1530	6.0	45.0	24.53921568627451	25.0	Naturalis Biodiversity Center	1	6
6	6	data/BGE00169_MGE-BGE_r1_1.3_1.5_s50_100.fasta	None	Tortricidae	BLAST	family	COI-5P	657	1530	Tortricidae	BGENL223-23_r_1.3_s_100	Diceratura infantana	0	BGENL223-23	1.3	100	False	False	14206171	309	141	1530	2.0	41.0	17.01764705882353	16.0	Naturalis Biodiversity Center	1	6
0	0	data/BGE00169_MGE-BGE_r1_1.3_1.5_s50_100.fasta	None	Tortricidae	BLAST	family	COI-5P	657	1530	Tortricidae	BGENL223-23_r_1.5_s_50	Diceratura infantana	0	BGENL223-23	1.5	50	False	False	14206171	544	141	1530	6.0	45.0	23.749019607843138	24.0	Naturalis Biodiversity Center	1	6
4	4	data/BGE00169_MGE-BGE_r1_1.3_1.5_s50_100.fasta	None	Tortricidae	BLAST	family	COI-5P	657	1530	Tortricidae	BGENL223-23_r_1.5_s_100	Diceratura infantana	0	BGENL223-23	1.5	100	False	False	14206171	305	141	1530	2.0	41.0	16.67450980392157	15.0	Naturalis Biodiversity Center	1	6
0	0	data/BGE00169_MGE-BGE_r1_1.3_1.5_s50_100.fasta	None	Tortricidae	BLAST	family	COI-5P	656	1530	Tortricidae	BGENL224-23_r_1_s_50	Epinotia cedricida	0	BGENL224-23	1	50	False	False	25801385	5301	86	1530	251.0	489.0	376.83725490196076	380.0	Naturalis Biodiversity Center	1	6
0	0	data/BGE00169_MGE-BGE_r1_1.3_1.5_s50_100.fasta	None	Tortricidae	BLAST	family	COI-5P	656	1530	Tortricidae	BGENL224-23_r_1_s_100	Epinotia cedricida	0	BGENL224-23	1	100	False	False	25801385	4521	86	1530	183.0	461.0	353.61960784313726	356.0	Naturalis Biodiversity Center	1	6
0	0	data/BGE00169_MGE-BGE_r1_1.3_1.5_s50_100.fasta	None	Tortricidae	BLAST	family	COI-5P	656	1530	Tortricidae	BGENL224-23_r_1.3_s_50	Epinotia cedricida	0	BGENL224-23	1.3	50	False	False	25801385	5028	86	1530	251.0	480.0	367.7725490196078	367.0	Naturalis Biodiversity Center	1	6
0	0	data/BGE00169_MGE-BGE_r1_1.3_1.5_s50_100.fasta	None	Tortricidae	BLAST	family	COI-5P	656	1530	Tortricidae	BGENL224-23_r_1.3_s_100	Epinotia cedricida	0	BGENL224-23	1.3	100	False	False	25801385	4504	86	1530	183.0	461.0	352.3666666666667	354.5	Naturalis Biodiversity Center	1	6
0	0	data/BGE00169_MGE-BGE_r1_1.3_1.5_s50_100.fasta	None	Tortricidae	BLAST	family	COI-5P	656	1530	Tortricidae	BGENL224-23_r_1.5_s_50	Epinotia cedricida	0	BGENL224-23	1.5	50	False	False	25801385	4836	86	1530	251.0	480.0	359.8333333333333	362.0	Naturalis Biodiversity Center	1	6
0	0	data/BGE00169_MGE-BGE_r1_1.3_1.5_s50_100.fasta	None	Tortricidae	BLAST	family	COI-5P	656	1530	Tortricidae	BGENL224-23_r_1.5_s_100	Epinotia cedricida	0	BGENL224-23	1.5	100	False	False	25801385	4447	86	1530	183.0	460.0	348.6	351.0	Naturalis Biodiversity Center	1	6
13	43	data/BGE00169_MGE-BGE_r1_1.3_1.5_s50_100.fasta	None	Tortricidae	BLAST	family	COI-5P	446	1281	Tortricidae,Crambidae,Geometridae	BGENL225-23_r_1_s_50	Eupoecilia cebrana	0	BGENL225-23	1	50	False	False	641105	107	50	1530	0.0	16.0	4.819607843137255	4.0	Naturalis Biodiversity Center	1	6
3	9	data/BGE00169_MGE-BGE_r1_1.3_1.5_s50_100.fasta	None	Tortricidae	BLAST	family	COI-5P	279	1080	Noctuidae,Nolidae,Erebidae,Euteliidae,Pyralidae	BGENL225-23_r_1_s_100	Eupoecilia cebrana	0	BGENL225-23	1	100	False	False	641105	44	50	1530	0.0	12.0	3.0137254901960784	2.0	Naturalis Biodiversity Center	1	6
4	22	data/BGE00169_MGE-BGE_r1_1.3_1.5_s50_100.fasta	None	Tortricidae	BLAST	family	COI-5P	395	1074	Tortricidae,Lycaenidae,Geometridae	BGENL225-23_r_1.3_s_50	Eupoecilia cebrana	0	BGENL225-23	1.3	50	False	False	641105	84	50	1530	0.0	16.0	3.323529411764706	2.0	Naturalis Biodiversity Center	1	6
1	39	data/BGE00169_MGE-BGE_r1_1.3_1.5_s50_100.fasta	None	Tortricidae	BLAST	family	COI-5P	146	768	Coleophoridae,Noctuidae,Nolidae,Erebidae,Euteliidae,Crambidae,Geometridae	BGENL225-23_r_1.3_s_100	Eupoecilia cebrana	0	BGENL225-23	1.3	100	False	False	641105	31	50	1530	0.0	12.0	1.9549019607843137	1.5	Naturalis Biodiversity Center	1	6
2	5	data/BGE00169_MGE-BGE_r1_1.3_1.5_s50_100.fasta	None	Tortricidae	BLAST	family	COI-5P	458	888	Tortricidae,Lycaenidae,Geometridae	BGENL225-23_r_1.5_s_50	Eupoecilia cebrana	0	BGENL225-23	1.5	50	False	False	641105	57	50	1530	0.0	10.0	2.0176470588235293	2.0	Naturalis Biodiversity Center	1	6
2	2	data/BGE00169_MGE-BGE_r1_1.3_1.5_s50_100.fasta	None	Tortricidae	BLAST	family	COI-5P	463	558	Sphingidae,Erebidae,Geometridae	BGENL225-23_r_1.5_s_100	Eupoecilia cebrana	1	BGENL225-23	1.5	100	False	False	641105	17	50	1530	0.0	4.0	1.0019607843137255	0.0	Naturalis Biodiversity Center	1	6
0	5	data/BGE00169_MGE-BGE_r1_1.3_1.5_s50_100.fasta	None	Tortricidae	BLAST	family	COI-5P	657	1536	Tortricidae	BGENL226-23_r_1_s_50	Pammene juniperana	0	BGENL226-23	1	50	False	False	8488192	664	50	1536	4.0	61.0	29.78515625	30.0	Naturalis Biodiversity Center	1	6
0	0	data/BGE00169_MGE-BGE_r1_1.3_1.5_s50_100.fasta	None	Tortricidae	BLAST	family	COI-5P	657	1530	Tortricidae	BGENL226-23_r_1_s_100	Pammene juniperana	0	BGENL226-23	1	100	False	False	8488192	371	50	1536	0.0	49.0	21.2578125	21.0	Naturalis Biodiversity Center	1	6
0	4	data/BGE00169_MGE-BGE_r1_1.3_1.5_s50_100.fasta	None	Tortricidae	BLAST	family	COI-5P	657	1536	Tortricidae	BGENL226-23_r_1.3_s_50	Pammene juniperana	0	BGENL226-23	1.3	50	False	False	8488192	628	50	1536	4.0	56.0	27.919921875	26.0	Naturalis Biodiversity Center	1	6
0	0	data/BGE00169_MGE-BGE_r1_1.3_1.5_s50_100.fasta	None	Tortricidae	BLAST	family	COI-5P	657	1530	Tortricidae	BGENL226-23_r_1.3_s_100	Pammene juniperana	0	BGENL226-23	1.3	100	False	False	8488192	356	50	1536	0.0	48.0	20.10546875	19.0	Naturalis Biodiversity Center	1	6
0	0	data/BGE00169_MGE-BGE_r1_1.3_1.5_s50_100.fasta	None	Tortricidae	BLAST	family	COI-5P	657	1536	Tortricidae	BGENL226-23_r_1.5_s_50	Pammene juniperana	0	BGENL226-23	1.5	50	False	False	8488192	581	50	1536	2.0	52.0	26.21484375	26.0	Naturalis Biodiversity Center	1	6
0	0	data/BGE00169_MGE-BGE_r1_1.3_1.5_s50_100.fasta	None	Tortricidae	BLAST	family	COI-5P	657	1530	Tortricidae	BGENL226-23_r_1.5_s_100	Pammene juniperana	0	BGENL226-23	1.5	100	False	False	8488192	344	50	1536	0.0	48.0	19.384765625	18.0	Naturalis Biodiversity Center	1	6
0	0	data/BGE00169_MGE-BGE_r1_1.3_1.5_s50_100.fasta	None	Tortricidae	BLAST	family	COI-5P	657	1536	Tortricidae	BGENL227-23_r_1_s_50	Aphelia peramplana	0	BGENL227-23	1	50	False	False	15239895	1106	206	1536	15.0	91.0	50.279296875	47.0	Naturalis Biodiversity Center	1	6
0	0	data/BGE00169_MGE-BGE_r1_1.3_1.5_s50_100.fasta	None	Tortricidae	BLAST	family	COI-5P	657	1536	Tortricidae	BGENL227-23_r_1_s_100	Aphelia peramplana	0	BGENL227-23	1	100	False	False	15239895	656	206	1536	10.0	71.0	36.52734375	36.0	Naturalis Biodiversity Center	1	6
0	0	data/BGE00169_MGE-BGE_r1_1.3_1.5_s50_100.fasta	None	Tortricidae	BLAST	family	COI-5P	657	1536	Tortricidae	BGENL227-23_r_1.3_s_50	Aphelia peramplana	0	BGENL227-23	1.3	50	False	False	15239895	1053	206	1536	12.0	89.0	48.546875	46.0	Naturalis Biodiversity Center	1	6
0	0	data/BGE00169_MGE-BGE_r1_1.3_1.5_s50_100.fasta	None	Tortricidae	BLAST	family	COI-5P	657	1536	Tortricidae	BGENL227-23_r_1.3_s_100	Aphelia peramplana	0	BGENL227-23	1.3	100	False	False	15239895	655	206	1536	10.0	71.0	36.455078125	35.0	Naturalis Biodiversity Center	1	6
0	0	data/BGE00169_MGE-BGE_r1_1.3_1.5_s50_100.fasta	None	Tortricidae	BLAST	family	COI-5P	657	1536	Tortricidae	BGENL227-23_r_1.5_s_50	Aphelia peramplana	0	BGENL227-23	1.5	50	False	False	15239895	1003	206	1536	12.0	89.0	46.615234375	44.0	Naturalis Biodiversity Center	1	6
0	0	data/BGE00169_MGE-BGE_r1_1.3_1.5_s50_100.fasta	None	Tortricidae	BLAST	family	COI-5P	657	1536	Tortricidae	BGENL227-23_r_1.5_s_100	Aphelia peramplana	0	BGENL227-23	1.5	100	False	False	15239895	639	206	1536	8.0	71.0	35.591796875	34.0	Naturalis Biodiversity Center	1	6
13	18	data/BGE00169_MGE-BGE_r1_1.3_1.5_s50_100.fasta	None	Tortricidae	BLAST	family	COI-5P	656	1536	Tortricidae	BGENL228-23_r_1_s_50	Clepsis coriacanus	0	BGENL228-23	1	50	False	False	8241974	464	137	1536	3.0	48.0	22.087890625	21.0	Naturalis Biodiversity Center	1	6
14	19	data/BGE00169_MGE-BGE_r1_1.3_1.5_s50_100.fasta	None	Tortricidae	BLAST	family	COI-5P	656	1533	Tortricidae	BGENL228-23_r_1_s_100	Clepsis coriacanus	0	BGENL228-23	1	100	False	False	8241974	277	137	1536	0.0	36.0	16.529296875	15.0	Naturalis Biodiversity Center	1	6
6	8	data/BGE00169_MGE-BGE_r1_1.3_1.5_s50_100.fasta	None	Tortricidae	BLAST	family	COI-5P	656	1536	Tortricidae	BGENL228-23_r_1.3_s_50	Clepsis coriacanus	0	BGENL228-23	1.3	50	False	False	8241974	418	137	1536	2.0	46.0	20.037109375	19.0	Naturalis Biodiversity Center	1	6
9	13	data/BGE00169_MGE-BGE_r1_1.3_1.5_s50_100.fasta	None	Tortricidae	BLAST	family	COI-5P	656	1533	Tortricidae	BGENL228-23_r_1.3_s_100	Clepsis coriacanus	0	BGENL228-23	1.3	100	False	False	8241974	264	137	1536	0.0	33.0	15.4609375	14.0	Naturalis Biodiversity Center	1	6
3	5	data/BGE00169_MGE-BGE_r1_1.3_1.5_s50_100.fasta	None	Tortricidae	BLAST	family	COI-5P	656	1536	Tortricidae	BGENL228-23_r_1.5_s_50	Clepsis coriacanus	0	BGENL228-23	1.5	50	False	False	8241974	383	137	1536	2.0	46.0	18.267578125	17.0	Naturalis Biodiversity Center	1	6
3	4	data/BGE00169_MGE-BGE_r1_1.3_1.5_s50_100.fasta	None	Tortricidae	BLAST	family	COI-5P	656	1533	Tortricidae	BGENL228-23_r_1.5_s_100	Clepsis coriacanus	0	BGENL228-23	1.5	100	False	False	8241974	246	137	1536	0.0	31.0	14.2421875	13.0	Naturalis Biodiversity Center	1	6
0	8	data/BGE00169_MGE-BGE_r1_1.3_1.5_s50_100.fasta	None	Tortricidae	BLAST	family	COI-5P	236	1056	Notodontidae,Erebidae,Geometridae	BGENL229-23_r_1_s_50	Eana joannisi	0	BGENL229-23	1	50	False	False	310929	39	15	1536	0.0	10.0	2.08984375	2.0	Naturalis Biodiversity Center	1	6
0	0	data/BGE00169_MGE-BGE_r1_1.3_1.5_s50_100.fasta	None	Tortricidae	BLAST	family	COI-5P	172	744	Notodontidae,Erebidae,Geometridae	BGENL229-23_r_1_s_100	Eana joannisi	0	BGENL229-23	1	100	False	False	310929	20	15	1536	0.0	10.0	1.478515625	0.0	Naturalis Biodiversity Center	1	6
0	8	data/BGE00169_MGE-BGE_r1_1.3_1.5_s50_100.fasta	None	Tortricidae	BLAST	family	COI-5P	250	813	Notodontidae,Erebidae,Geometridae	BGENL229-23_r_1.3_s_50	Eana joannisi	0	BGENL229-23	1.3	50	False	False	310929	30	15	1536	0.0	10.0	1.720703125	1.0	Naturalis Biodiversity Center	1	6
0	0	data/BGE00169_MGE-BGE_r1_1.3_1.5_s50_100.fasta	None	Tortricidae	BLAST	family	COI-5P	172	615	Geometridae	BGENL229-23_r_1.3_s_100	Eana joannisi	0	BGENL229-23	1.3	100	False	False	310929	19	15	1536	0.0	10.0	1.3828125	0.0	Naturalis Biodiversity Center	1	6
0	8	data/BGE00169_MGE-BGE_r1_1.3_1.5_s50_100.fasta	None	Tortricidae	BLAST	family	COI-5P	250	813	Tortricidae,Geometridae	BGENL229-23_r_1.5_s_50	Eana joannisi	0	BGENL229-23	1.5	50	False	False	310929	26	15	1536	0.0	6.0	1.337890625	1.0	Naturalis Biodiversity Center	1	6
0	0	data/BGE00169_MGE-BGE_r1_1.3_1.5_s50_100.fasta	None	Tortricidae	BLAST	family	COI-5P	172	615	Tortricidae,Geometridae	BGENL229-23_r_1.5_s_100	Eana joannisi	0	BGENL229-23	1.5	100	False	False	310929	15	15	1536	0.0	6.0	1.0	0.0	Naturalis Biodiversity Center	1	6
0	0	data/BGE00169_MGE-BGE_r1_1.3_1.5_s50_100.fasta	None	Tortricidae	BLAST	family	COI-5P	657	1530	Tortricidae	BGENL230-23_r_1_s_50	Adoxophyes orana	0	BGENL230-23	1	50	False	False	16339028	2061	381	1530	58.0	166.0	111.55294117647058	113.0	Naturalis Biodiversity Center	1	6
0	0	data/BGE00169_MGE-BGE_r1_1.3_1.5_s50_100.fasta	None	Tortricidae	BLAST	family	COI-5P	657	1530	Tortricidae	BGENL230-23_r_1_s_100	Adoxophyes orana	0	BGENL230-23	1	100	False	False	16339028	1519	381	1530	46.0	150.0	95.48823529411764	96.0	Naturalis Biodiversity Center	1	6
0	0	data/BGE00169_MGE-BGE_r1_1.3_1.5_s50_100.fasta	None	Tortricidae	BLAST	family	COI-5P	657	1530	Tortricidae	BGENL230-23_r_1.3_s_50	Adoxophyes orana	0	BGENL230-23	1.3	50	False	False	16339028	1913	381	1530	56.0	155.0	106.26470588235294	107.0	Naturalis Biodiversity Center	1	6
0	0	data/BGE00169_MGE-BGE_r1_1.3_1.5_s50_100.fasta	None	Tortricidae	BLAST	family	COI-5P	657	1530	Tortricidae	BGENL230-23_r_1.3_s_100	Adoxophyes orana	0	BGENL230-23	1.3	100	False	False	16339028	1507	381	1530	46.0	148.0	94.55294117647058	95.0	Naturalis Biodiversity Center	1	6
0	0	data/BGE00169_MGE-BGE_r1_1.3_1.5_s50_100.fasta	None	Tortricidae	BLAST	family	COI-5P	657	1530	Tortricidae	BGENL230-23_r_1.5_s_50	Adoxophyes orana	0	BGENL230-23	1.5	50	False	False	16339028	1832	381	1530	49.0	152.0	103.1686274509804	105.0	Naturalis Biodiversity Center	1	6
0	0	data/BGE00169_MGE-BGE_r1_1.3_1.5_s50_100.fasta	None	Tortricidae	BLAST	family	COI-5P	657	1530	Tortricidae	BGENL230-23_r_1.5_s_100	Adoxophyes orana	0	BGENL230-23	1.5	100	False	False	16339028	1480	381	1530	43.0	147.0	92.8843137254902	94.0	Naturalis Biodiversity Center	1	6
0	0	data/BGE00169_MGE-BGE_r1_1.3_1.5_s50_100.fasta	None	Tortricidae	BLAST	family	COI-5P	657	1530	Tortricidae	BGENL231-23_r_1_s_50	Agapeta angelana	0	BGENL231-23	1	50	False	False	12791554	2607	30	1530	70.0	212.0	122.12549019607843	123.0	Naturalis Biodiversity Center	1	6
0	0	data/BGE00169_MGE-BGE_r1_1.3_1.5_s50_100.fasta	None	Tortricidae	BLAST	family	COI-5P	657	1530	Tortricidae	BGENL231-23_r_1_s_100	Agapeta angelana	0	BGENL231-23	1	100	False	False	12791554	1530	30	1530	31.0	146.0	89.19607843137256	90.5	Naturalis Biodiversity Center	1	6
0	0	data/BGE00169_MGE-BGE_r1_1.3_1.5_s50_100.fasta	None	Tortricidae	BLAST	family	COI-5P	657	1530	Tortricidae	BGENL231-23_r_1.3_s_50	Agapeta angelana	0	BGENL231-23	1.3	50	False	False	12791554	2448	30	1530	57.0	194.0	113.5	115.0	Naturalis Biodiversity Center	1	6
0	0	data/BGE00169_MGE-BGE_r1_1.3_1.5_s50_100.fasta	None	Tortricidae	BLAST	family	COI-5P	657	1530	Tortricidae	BGENL231-23_r_1.3_s_100	Agapeta angelana	0	BGENL231-23	1.3	100	False	False	12791554	1472	30	1530	31.0	140.0	84.40196078431373	85.0	Naturalis Biodiversity Center	1	6
0	0	data/BGE00169_MGE-BGE_r1_1.3_1.5_s50_100.fasta	None	Tortricidae	BLAST	family	COI-5P	657	1530	Tortricidae	BGENL231-23_r_1.5_s_50	Agapeta angelana	0	BGENL231-23	1.5	50	False	False	12791554	2245	30	1530	37.0	169.0	104.46078431372548	107.5	Naturalis Biodiversity Center	1	6
0	0	data/BGE00169_MGE-BGE_r1_1.3_1.5_s50_100.fasta	None	Tortricidae	BLAST	family	COI-5P	657	1530	Tortricidae	BGENL231-23_r_1.5_s_100	Agapeta angelana	0	BGENL231-23	1.5	100	False	False	12791554	1395	30	1530	31.0	136.0	79.15882352941176	81.0	Naturalis Biodiversity Center	1	6
2	2	data/BGE00169_MGE-BGE_r1_1.3_1.5_s50_100.fasta	None	Tortricidae	BLAST	family	COI-5P	657	1530	Tortricidae	BGENL232-23_r_1_s_50	Bactra simpliciana	0	BGENL232-23	1	50	False	False	16402121	1449	295	1530	10.0	186.0	65.86078431372549	55.0	Naturalis Biodiversity Center	1	6
0	0	data/BGE00169_MGE-BGE_r1_1.3_1.5_s50_100.fasta	None	Tortricidae	BLAST	family	COI-5P	657	1530	Tortricidae	BGENL232-23_r_1_s_100	Bactra simpliciana	0	BGENL232-23	1	100	False	False	16402121	887	295	1530	4.0	154.0	48.87843137254902	38.0	Naturalis Biodiversity Center	1	6
1	1	data/BGE00169_MGE-BGE_r1_1.3_1.5_s50_100.fasta	None	Tortricidae	BLAST	family	COI-5P	657	1530	Tortricidae	BGENL232-23_r_1.3_s_50	Bactra simpliciana	0	BGENL232-23	1.3	50	False	False	16402121	1356	295	1530	9.0	186.0	62.92549019607843	51.0	Naturalis Biodiversity Center	1	6
0	0	data/BGE00169_MGE-BGE_r1_1.3_1.5_s50_100.fasta	None	Tortricidae	BLAST	family	COI-5P	657	1530	Tortricidae	BGENL232-23_r_1.3_s_100	Bactra simpliciana	0	BGENL232-23	1.3	100	False	False	16402121	887	295	1530	4.0	154.0	48.87843137254902	38.0	Naturalis Biodiversity Center	1	6
0	0	data/BGE00169_MGE-BGE_r1_1.3_1.5_s50_100.fasta	None	Tortricidae	BLAST	family	COI-5P	657	1530	Tortricidae	BGENL232-23_r_1.5_s_50	Bactra simpliciana	0	BGENL232-23	1.5	50	False	False	16402121	1287	295	1530	9.0	181.0	60.219607843137254	50.0	Naturalis Biodiversity Center	1	6
0	0	data/BGE00169_MGE-BGE_r1_1.3_1.5_s50_100.fasta	None	Tortricidae	BLAST	family	COI-5P	657	1530	Tortricidae	BGENL232-23_r_1.5_s_100	Bactra simpliciana	0	BGENL232-23	1.5	100	False	False	16402121	864	295	1530	4.0	153.0	47.437254901960785	37.0	Naturalis Biodiversity Center	1	6
5	6	data/BGE00169_MGE-BGE_r1_1.3_1.5_s50_100.fasta	None	Tortricidae	BLAST	family	COI-5P	656	1530	Tortricidae	BGENL233-23_r_1_s_50	Cochylimorpha meridiana	0	BGENL233-23	1	50	False	False	11817583	849	72	1530	10.0	89.0	34.719607843137254	34.0	Naturalis Biodiversity Center	1	6
0	0	data/BGE00169_MGE-BGE_r1_1.3_1.5_s50_100.fasta	None	Tortricidae	BLAST	family	COI-5P	656	1530	Tortricidae	BGENL233-23_r_1_s_100	Cochylimorpha meridiana	0	BGENL233-23	1	100	False	False	11817583	381	72	1530	1.0	54.0	20.32549019607843	20.0	Naturalis Biodiversity Center	1	6
0	0	data/BGE00169_MGE-BGE_r1_1.3_1.5_s50_100.fasta	None	Tortricidae	BLAST	family	COI-5P	656	1530	Tortricidae	BGENL233-23_r_1.3_s_50	Cochylimorpha meridiana	0	BGENL233-23	1.3	50	False	False	11817583	794	72	1530	8.0	85.0	32.8	32.0	Naturalis Biodiversity Center	1	6
0	0	data/BGE00169_MGE-BGE_r1_1.3_1.5_s50_100.fasta	None	Tortricidae	BLAST	family	COI-5P	656	1530	Tortricidae	BGENL233-23_r_1.3_s_100	Cochylimorpha meridiana	0	BGENL233-23	1.3	100	False	False	11817583	376	72	1530	1.0	54.0	19.933333333333334	20.0	Naturalis Biodiversity Center	1	6
0	4	data/BGE00169_MGE-BGE_r1_1.3_1.5_s50_100.fasta	None	Tortricidae	BLAST	family	COI-5P	656	1509	Tortricidae	BGENL233-23_r_1.5_s_50	Cochylimorpha meridiana	0	BGENL233-23	1.5	50	False	False	11817583	730	72	1530	0.0	77.0	30.141176470588235	30.0	Naturalis Biodiversity Center	1	6
0	4	data/BGE00169_MGE-BGE_r1_1.3_1.5_s50_100.fasta	None	Tortricidae	BLAST	family	COI-5P	656	1509	Tortricidae	BGENL233-23_r_1.5_s_100	Cochylimorpha meridiana	0	BGENL233-23	1.5	100	False	False	11817583	354	72	1530	0.0	48.0	18.66862745098039	18.0	Naturalis Biodiversity Center	1	6
0	0	data/BGE00169_MGE-BGE_r1_1.3_1.5_s50_100.fasta	None	Tortricidae	BLAST	family	COI-5P	657	1533	Tortricidae	BGENL234-23_r_1_s_50	Cydia negatana	0	BGENL234-23	1	50	False	False	14255118	1499	10	1533	24.0	153.0	79.05479452054794	78.0	Naturalis Biodiversity Center	1	6
0	0	data/BGE00169_MGE-BGE_r1_1.3_1.5_s50_100.fasta	None	Tortricidae	BLAST	family	COI-5P	657	1533	Tortricidae	BGENL234-23_r_1_s_100	Cydia negatana	0	BGENL234-23	1	100	False	False	14255118	1040	10	1533	15.0	124.0	65.9921722113503	62.0	Naturalis Biodiversity Center	1	6
0	0	data/BGE00169_MGE-BGE_r1_1.3_1.5_s50_100.fasta	None	Tortricidae	BLAST	family	COI-5P	657	1533	Tortricidae	BGENL234-23_r_1.3_s_50	Cydia negatana	0	BGENL234-23	1.3	50	False	False	14255118	1426	10	1533	23.0	146.0	76.60861056751467	75.0	Naturalis Biodiversity Center	1	6
0	0	data/BGE00169_MGE-BGE_r1_1.3_1.5_s50_100.fasta	None	Tortricidae	BLAST	family	COI-5P	657	1533	Tortricidae	BGENL234-23_r_1.3_s_100	Cydia negatana	0	BGENL234-23	1.3	100	False	False	14255118	1036	10	1533	14.0	124.0	65.68688845401174	62.0	Naturalis Biodiversity Center	1	6
0	0	data/BGE00169_MGE-BGE_r1_1.3_1.5_s50_100.fasta	None	Tortricidae	BLAST	family	COI-5P	657	1533	Tortricidae	BGENL234-23_r_1.5_s_50	Cydia negatana	0	BGENL234-23	1.5	50	False	False	14255118	1367	10	1533	21.0	130.0	74.92563600782779	73.0	Naturalis Biodiversity Center	1	6
0	0	data/BGE00169_MGE-BGE_r1_1.3_1.5_s50_100.fasta	None	Tortricidae	BLAST	family	COI-5P	657	1533	Tortricidae	BGENL234-23_r_1.5_s_100	Cydia negatana	0	BGENL234-23	1.5	100	False	False	14255118	1032	10	1533	14.0	124.0	65.43639921722114	62.0	Naturalis Biodiversity Center	1	6
0	0	data/BGE00169_MGE-BGE_r1_1.3_1.5_s50_100.fasta	None	Tortricidae	BLAST	family	COI-5P	657	1530	Tortricidae	BGENL235-23_r_1_s_50	Gynnidomorpha alismana	0	BGENL235-23	1	50	False	False	15595116	1600	0	1530	43.0	136.0	84.04313725490196	81.0	Naturalis Biodiversity Center	1	6
0	0	data/BGE00169_MGE-BGE_r1_1.3_1.5_s50_100.fasta	None	Tortricidae	BLAST	family	COI-5P	657	1530	Tortricidae	BGENL235-23_r_1_s_100	Gynnidomorpha alismana	0	BGENL235-23	1	100	False	False	15595116	1121	0	1530	27.0	108.0	69.32941176470588	69.0	Naturalis Biodiversity Center	1	6
0	0	data/BGE00169_MGE-BGE_r1_1.3_1.5_s50_100.fasta	None	Tortricidae	BLAST	family	COI-5P	657	1530	Tortricidae	BGENL235-23_r_1.3_s_50	Gynnidomorpha alismana	0	BGENL235-23	1.3	50	False	False	15595116	1525	0	1530	42.0	129.0	81.44117647058823	80.0	Naturalis Biodiversity Center	1	6
0	0	data/BGE00169_MGE-BGE_r1_1.3_1.5_s50_100.fasta	None	Tortricidae	BLAST	family	COI-5P	657	1530	Tortricidae	BGENL235-23_r_1.3_s_100	Gynnidomorpha alismana	0	BGENL235-23	1.3	100	False	False	15595116	1116	0	1530	26.0	108.0	68.94313725490196	69.0	Naturalis Biodiversity Center	1	6
0	0	data/BGE00169_MGE-BGE_r1_1.3_1.5_s50_100.fasta	None	Tortricidae	BLAST	family	COI-5P	657	1530	Tortricidae	BGENL235-23_r_1.5_s_50	Gynnidomorpha alismana	0	BGENL235-23	1.5	50	False	False	15595116	1438	0	1530	40.0	127.0	77.92549019607843	77.0	Naturalis Biodiversity Center	1	6
0	0	data/BGE00169_MGE-BGE_r1_1.3_1.5_s50_100.fasta	None	Tortricidae	BLAST	family	COI-5P	657	1530	Tortricidae	BGENL235-23_r_1.5_s_100	Gynnidomorpha alismana	0	BGENL235-23	1.5	100	False	False	15595116	1086	0	1530	24.0	108.0	67.12352941176471	68.0	Naturalis Biodiversity Center	1	6
0	0	data/BGE00169_MGE-BGE_r1_1.3_1.5_s50_100.fasta	None	Tortricidae	BLAST	family	COI-5P	657	1530	Tortricidae	BGENL236-23_r_1_s_50	Eucosma albuneana	0	BGENL236-23	1	50	False	False	12874090	6429	20	1530	180.0	558.0	340.50392156862745	340.0	Naturalis Biodiversity Center	1	6
0	0	data/BGE00169_MGE-BGE_r1_1.3_1.5_s50_100.fasta	None	Tortricidae	BLAST	family	COI-5P	657	1530	Tortricidae	BGENL236-23_r_1_s_100	Eucosma albuneana	0	BGENL236-23	1	100	False	False	12874090	4589	20	1530	146.0	447.0	285.0980392156863	273.0	Naturalis Biodiversity Center	1	6
0	0	data/BGE00169_MGE-BGE_r1_1.3_1.5_s50_100.fasta	None	Tortricidae	BLAST	family	COI-5P	657	1530	Tortricidae	BGENL236-23_r_1.3_s_50	Eucosma albuneana	0	BGENL236-23	1.3	50	False	False	12874090	6310	20	1530	176.0	554.0	335.70392156862744	333.5	Naturalis Biodiversity Center	1	6
0	0	data/BGE00169_MGE-BGE_r1_1.3_1.5_s50_100.fasta	None	Tortricidae	BLAST	family	COI-5P	657	1530	Tortricidae	BGENL236-23_r_1.3_s_100	Eucosma albuneana	0	BGENL236-23	1.3	100	False	False	12874090	4572	20	1530	146.0	446.0	283.878431372549	273.0	Naturalis Biodiversity Center	1	6
0	0	data/BGE00169_MGE-BGE_r1_1.3_1.5_s50_100.fasta	None	Tortricidae	BLAST	family	COI-5P	657	1530	Tortricidae	BGENL236-23_r_1.5_s_50	Eucosma albuneana	0	BGENL236-23	1.5	50	False	False	12874090	5925	20	1530	173.0	546.0	319.17058823529413	308.5	Naturalis Biodiversity Center	1	6
0	0	data/BGE00169_MGE-BGE_r1_1.3_1.5_s50_100.fasta	None	Tortricidae	BLAST	family	COI-5P	657	1530	Tortricidae	BGENL236-23_r_1.5_s_100	Eucosma albuneana	0	BGENL236-23	1.5	100	False	False	12874090	4420	20	1530	146.0	445.0	275.27647058823527	263.5	Naturalis Biodiversity Center	1	6
21	39	data/BGE00169_MGE-BGE_r1_1.3_1.5_s50_100.fasta	None	Tortricidae	BLAST	family	COI-5P	625	1248	Culicidae	BGENL237-23_r_1_s_50	Grapholita internana	0	BGENL237-23	1	50	False	False	289648	77	14	1533	0.0	10.0	3.1996086105675148	2.0	Naturalis Biodiversity Center	1	6
30	30	data/BGE00169_MGE-BGE_r1_1.3_1.5_s50_100.fasta	None	Tortricidae	BLAST	family	COI-5P	532	819	Culicidae,Dolichopodidae	BGENL237-23_r_1_s_100	Grapholita internana	0	BGENL237-23	1	100	False	False	289648	31	14	1533	0.0	10.0	1.7945205479452055	1.0	Naturalis Biodiversity Center	1	6
19	27	data/BGE00169_MGE-BGE_r1_1.3_1.5_s50_100.fasta	None	Tortricidae	BLAST	family	COI-5P	622	1197	Culicidae	BGENL237-23_r_1.3_s_50	Grapholita internana	0	BGENL237-23	1.3	50	False	False	289648	72	14	1533	0.0	10.0	2.9256360078277885	2.0	Naturalis Biodiversity Center	1	6
32	32	data/BGE00169_MGE-BGE_r1_1.3_1.5_s50_100.fasta	None	Tortricidae	BLAST	family	COI-5P	529	816	Culicidae,Phoridae	BGENL237-23_r_1.3_s_100	Grapholita internana	0	BGENL237-23	1.3	100	False	False	289648	30	14	1533	0.0	10.0	1.6966731898238747	1.0	Naturalis Biodiversity Center	1	6
18	26	data/BGE00169_MGE-BGE_r1_1.3_1.5_s50_100.fasta	None	Tortricidae	BLAST	family	COI-5P	489	960	Oecophoridae,Xyloryctidae,Geometridae	BGENL237-23_r_1.5_s_50	Grapholita internana	0	BGENL237-23	1.5	50	False	False	289648	55	14	1533	0.0	8.0	2.072407045009785	2.0	Naturalis Biodiversity Center	1	6
32	32	data/BGE00169_MGE-BGE_r1_1.3_1.5_s50_100.fasta	None	Tortricidae	BLAST	family	COI-5P	439	666	Geometridae	BGENL237-23_r_1.5_s_100	Grapholita internana	0	BGENL237-23	1.5	100	False	False	289648	21	14	1533	0.0	6.0	1.1135029354207437	0.0	Naturalis Biodiversity Center	1	6
0	2	data/BGE00169_MGE-BGE_r1_1.3_1.5_s50_100.fasta	None	Tortricidae	BLAST	family	COI-5P	657	1536	Tortricidae	BGENL238-23_r_1_s_50	Pammene agnotana	0	BGENL238-23	1	50	False	False	11287465	4376	30	1536	1.0	331.0	207.423828125	200.0	Naturalis Biodiversity Center	1	6
0	0	data/BGE00169_MGE-BGE_r1_1.3_1.5_s50_100.fasta	None	Tortricidae	BLAST	family	COI-5P	657	1530	Tortricidae	BGENL238-23_r_1_s_100	Pammene agnotana	0	BGENL238-23	1	100	False	False	11287465	2838	30	1536	0.0	275.0	161.689453125	163.0	Naturalis Biodiversity Center	1	6
0	0	data/BGE00169_MGE-BGE_r1_1.3_1.5_s50_100.fasta	None	Tortricidae	BLAST	family	COI-5P	657	1533	Tortricidae	BGENL238-23_r_1.3_s_50	Pammene agnotana	0	BGENL238-23	1.3	50	False	False	11287465	4305	30	1536	0.0	331.0	204.509765625	197.5	Naturalis Biodiversity Center	1	6
0	0	data/BGE00169_MGE-BGE_r1_1.3_1.5_s50_100.fasta	None	Tortricidae	BLAST	family	COI-5P	657	1530	Tortricidae	BGENL238-23_r_1.3_s_100	Pammene agnotana	0	BGENL238-23	1.3	100	False	False	11287465	2825	30	1536	0.0	275.0	160.658203125	162.0	Naturalis Biodiversity Center	1	6
0	0	data/BGE00169_MGE-BGE_r1_1.3_1.5_s50_100.fasta	None	Tortricidae	BLAST	family	COI-5P	657	1533	Tortricidae	BGENL238-23_r_1.5_s_50	Pammene agnotana	0	BGENL238-23	1.5	50	False	False	11287465	4131	30	1536	0.0	326.0	197.9609375	188.0	Naturalis Biodiversity Center	1	6
0	0	data/BGE00169_MGE-BGE_r1_1.3_1.5_s50_100.fasta	None	Tortricidae	BLAST	family	COI-5P	657	1530	Tortricidae	BGENL238-23_r_1.5_s_100	Pammene agnotana	0	BGENL238-23	1.5	100	False	False	11287465	2777	30	1536	0.0	271.0	157.916015625	158.0	Naturalis Biodiversity Center	1	6
0	0	data/BGE00169_MGE-BGE_r1_1.3_1.5_s50_100.fasta	None	Tortricidae	BLAST	family	COI-5P	657	1533	Tortricidae	BGENL239-23_r_1_s_50	Choristoneura lafauryana	0	BGENL239-23	1	50	False	False	12668813	1871	1	1533	41.0	174.0	96.77495107632095	95.0	Naturalis Biodiversity Center	1	6
0	0	data/BGE00169_MGE-BGE_r1_1.3_1.5_s50_100.fasta	None	Tortricidae	BLAST	family	COI-5P	657	1533	Tortricidae	BGENL239-23_r_1_s_100	Choristoneura lafauryana	0	BGENL239-23	1	100	False	False	12668813	1348	1	1533	20.0	149.0	80.92367906066536	79.0	Naturalis Biodiversity Center	1	6
0	0	data/BGE00169_MGE-BGE_r1_1.3_1.5_s50_100.fasta	None	Tortricidae	BLAST	family	COI-5P	657	1533	Tortricidae	BGENL239-23_r_1.3_s_50	Choristoneura lafauryana	0	BGENL239-23	1.3	50	False	False	12668813	1845	1	1533	41.0	172.0	95.79060665362036	92.0	Naturalis Biodiversity Center	1	6
0	0	data/BGE00169_MGE-BGE_r1_1.3_1.5_s50_100.fasta	None	Tortricidae	BLAST	family	COI-5P	657	1533	Tortricidae	BGENL239-23_r_1.3_s_100	Choristoneura lafauryana	0	BGENL239-23	1.3	100	False	False	12668813	1345	1	1533	20.0	149.0	80.63600782778865	78.0	Naturalis Biodiversity Center	1	6
0	0	data/BGE00169_MGE-BGE_r1_1.3_1.5_s50_100.fasta	None	Tortricidae	BLAST	family	COI-5P	657	1533	Tortricidae	BGENL239-23_r_1.5_s_50	Choristoneura lafauryana	0	BGENL239-23	1.5	50	False	False	12668813	1777	1	1533	40.0	172.0	93.23091976516633	89.0	Naturalis Biodiversity Center	1	6
0	0	data/BGE00169_MGE-BGE_r1_1.3_1.5_s50_100.fasta	None	Tortricidae	BLAST	family	COI-5P	657	1533	Tortricidae	BGENL239-23_r_1.5_s_100	Choristoneura lafauryana	0	BGENL239-23	1.5	100	False	False	12668813	1331	1	1533	20.0	149.0	79.8375733855186	76.0	Naturalis Biodiversity Center	1	6
0	0	data/BGE00169_MGE-BGE_r1_1.3_1.5_s50_100.fasta	None	Tortricidae	BLAST	family	COI-5P	657	1536	Tortricidae	BGENL240-23_r_1_s_50	Clepsis danilevskyi	0	BGENL240-23	1	50	False	False	27045671	10374	289	1536	12.0	899.0	597.84765625	588.0	Naturalis Biodiversity Center	1	6
0	0	data/BGE00169_MGE-BGE_r1_1.3_1.5_s50_100.fasta	None	Tortricidae	BLAST	family	COI-5P	657	1536	Tortricidae	BGENL240-23_r_1_s_100	Clepsis danilevskyi	0	BGENL240-23	1	100	False	False	27045671	8055	289	1536	6.0	800.0	526.767578125	518.0	Naturalis Biodiversity Center	1	6
0	0	data/BGE00169_MGE-BGE_r1_1.3_1.5_s50_100.fasta	None	Tortricidae	BLAST	family	COI-5P	657	1536	Tortricidae	BGENL240-23_r_1.3_s_50	Clepsis danilevskyi	0	BGENL240-23	1.3	50	False	False	27045671	10008	289	1536	6.0	896.0	584.521484375	575.0	Naturalis Biodiversity Center	1	6
0	0	data/BGE00169_MGE-BGE_r1_1.3_1.5_s50_100.fasta	None	Tortricidae	BLAST	family	COI-5P	657	1536	Tortricidae	BGENL240-23_r_1.3_s_100	Clepsis danilevskyi	0	BGENL240-23	1.3	100	False	False	27045671	8009	289	1536	2.0	800.0	523.330078125	515.5	Naturalis Biodiversity Center	1	6
0	0	data/BGE00169_MGE-BGE_r1_1.3_1.5_s50_100.fasta	None	Tortricidae	BLAST	family	COI-5P	657	1536	Tortricidae	BGENL240-23_r_1.5_s_50	Clepsis danilevskyi	0	BGENL240-23	1.5	50	False	False	27045671	9566	289	1536	2.0	890.0	563.63671875	555.5	Naturalis Biodiversity Center	1	6
0	0	data/BGE00169_MGE-BGE_r1_1.3_1.5_s50_100.fasta	None	Tortricidae	BLAST	family	COI-5P	657	1533	Tortricidae	BGENL240-23_r_1.5_s_100	Clepsis danilevskyi	0	BGENL240-23	1.5	100	False	False	27045671	7784	289	1536	0.0	794.0	509.861328125	497.0	Naturalis Biodiversity Center	1	6
0	0	data/BGE00169_MGE-BGE_r1_1.3_1.5_s50_100.fasta	None	Tortricidae	BLAST	family	COI-5P	657	1536	Tortricidae	BGENL241-23_r_1_s_50	Lozotaenia mabilliana	0	BGENL241-23	1	50	False	False	10678729	2905	42	1536	36.0	275.0	118.333984375	114.0	Naturalis Biodiversity Center	1	6
0	0	data/BGE00169_MGE-BGE_r1_1.3_1.5_s50_100.fasta	None	Tortricidae	BLAST	family	COI-5P	657	1536	Tortricidae	BGENL241-23_r_1_s_100	Lozotaenia mabilliana	0	BGENL241-23	1	100	False	False	10678729	1408	42	1536	16.0	185.0	72.17578125	70.0	Naturalis Biodiversity Center	1	6
0	0	data/BGE00169_MGE-BGE_r1_1.3_1.5_s50_100.fasta	None	Tortricidae	BLAST	family	COI-5P	657	1536	Tortricidae	BGENL241-23_r_1.3_s_50	Lozotaenia mabilliana	0	BGENL241-23	1.3	50	False	False	10678729	2884	42	1536	36.0	273.0	117.404296875	113.0	Naturalis Biodiversity Center	1	6
0	0	data/BGE00169_MGE-BGE_r1_1.3_1.5_s50_100.fasta	None	Tortricidae	BLAST	family	COI-5P	657	1536	Tortricidae	BGENL241-23_r_1.3_s_100	Lozotaenia mabilliana	0	BGENL241-23	1.3	100	False	False	10678729	1404	42	1536	16.0	184.0	71.92578125	69.0	Naturalis Biodiversity Center	1	6
0	0	data/BGE00169_MGE-BGE_r1_1.3_1.5_s50_100.fasta	None	Tortricidae	BLAST	family	COI-5P	657	1536	Tortricidae	BGENL241-23_r_1.5_s_50	Lozotaenia mabilliana	0	BGENL241-23	1.5	50	False	False	10678729	2710	42	1536	28.0	256.0	110.865234375	108.0	Naturalis Biodiversity Center	1	6
0	0	data/BGE00169_MGE-BGE_r1_1.3_1.5_s50_100.fasta	None	Tortricidae	BLAST	family	COI-5P	657	1536	Tortricidae	BGENL241-23_r_1.5_s_100	Lozotaenia mabilliana	0	BGENL241-23	1.5	100	False	False	10678729	1368	42	1536	16.0	176.0	69.880859375	69.0	Naturalis Biodiversity Center	1	6
17	46	data/BGE00169_MGE-BGE_r1_1.3_1.5_s50_100.fasta	None	Tortricidae	BLAST	family	COI-5P	621	1464	Tortricidae,Geometridae	BGENL242-23_r_1_s_50	Aethes deaurana	0	BGENL242-23	1	50	False	False	1083900	330	107	1530	0.0	41.0	12.550980392156863	10.0	Naturalis Biodiversity Center	1	6
3	14	data/BGE00169_MGE-BGE_r1_1.3_1.5_s50_100.fasta	None	Tortricidae	BLAST	family	COI-5P	615	1365	Drosophilidae,Noctuidae,Nymphalidae,Crambidae,Geometridae	BGENL242-23_r_1_s_100	Aethes deaurana	0	BGENL242-23	1	100	False	False	1083900	125	107	1530	0.0	25.0	6.456862745098039	5.0	Naturalis Biodiversity Center	1	6
2	10	data/BGE00169_MGE-BGE_r1_1.3_1.5_s50_100.fasta	None	Tortricidae	BLAST	family	COI-5P	621	1428	Tortricidae	BGENL242-23_r_1.3_s_50	Aethes deaurana	0	BGENL242-23	1.3	50	False	False	1083900	308	107	1530	0.0	37.0	11.511764705882353	10.0	Naturalis Biodiversity Center	1	6
3	11	data/BGE00169_MGE-BGE_r1_1.3_1.5_s50_100.fasta	None	Tortricidae	BLAST	family	COI-5P	615	1332	Bombycidae,Pyralidae,Crambidae	BGENL242-23_r_1.3_s_100	Aethes deaurana	0	BGENL242-23	1.3	100	False	False	1083900	123	107	1530	0.0	25.0	6.264705882352941	5.0	Naturalis Biodiversity Center	1	6
1	11	data/BGE00169_MGE-BGE_r1_1.3_1.5_s50_100.fasta	None	Tortricidae	BLAST	family	COI-5P	612	1419	Tortricidae	BGENL242-23_r_1.5_s_50	Aethes deaurana	0	BGENL242-23	1.5	50	False	False	1083900	281	107	1530	0.0	36.0	10.409803921568628	8.0	Naturalis Biodiversity Center	1	6
2	17	data/BGE00169_MGE-BGE_r1_1.3_1.5_s50_100.fasta	None	Tortricidae	BLAST	family	COI-5P	591	1308	Bombycidae,Lycaenidae,Nymphalidae,Crambidae,Hedylidae	BGENL242-23_r_1.5_s_100	Aethes deaurana	0	BGENL242-23	1.5	100	False	False	1083900	117	107	1530	0.0	25.0	5.762745098039216	4.0	Naturalis Biodiversity Center	1	6
10	39	data/BGE00169_MGE-BGE_r1_1.3_1.5_s50_100.fasta	None	Tortricidae	BLAST	family	COI-5P	575	1425	Drosophilidae,Limacodidae,Noctuidae,Geometridae	BGENL243-23_r_1_s_50	Agapeta largana	0	BGENL243-23	1	50	False	False	676228	123	131	1530	0.0	24.0	7.337254901960784	7.0	Naturalis Biodiversity Center	1	6
9	29	data/BGE00169_MGE-BGE_r1_1.3_1.5_s50_100.fasta	None	Tortricidae	BLAST	family	COI-5P	518	1314	Tortricidae,Nymphalidae	BGENL243-23_r_1_s_100	Agapeta largana	0	BGENL243-23	1	100	False	False	676228	70	131	1530	0.0	14.0	5.307843137254902	4.0	Naturalis Biodiversity Center	1	6
4	26	data/BGE00169_MGE-BGE_r1_1.3_1.5_s50_100.fasta	None	Tortricidae	BLAST	family	COI-5P	253	1083	Scarabaeidae,Syrphidae,Tachinidae,Tortricidae,Erebidae,Geometridae	BGENL243-23_r_1.3_s_50	Agapeta largana	0	BGENL243-23	1.3	50	False	False	676228	68	131	1530	0.0	13.0	3.768627450980392	2.0	Naturalis Biodiversity Center	1	6
16	25	data/BGE00169_MGE-BGE_r1_1.3_1.5_s50_100.fasta	None	Tortricidae	BLAST	family	COI-5P	288	960	Scarabaeidae,Syrphidae,Tachinidae,Tortricidae,Geometridae	BGENL243-23_r_1.3_s_100	Agapeta largana	0	BGENL243-23	1.3	100	False	False	676228	46	131	1530	0.0	12.0	3.092156862745098	2.0	Naturalis Biodiversity Center	1	6
0	9	data/BGE00169_MGE-BGE_r1_1.3_1.5_s50_100.fasta	None	Tortricidae	BLAST	family	COI-5P	195	816	Tortricidae,Limacodidae,Geometridae	BGENL243-23_r_1.5_s_50	Agapeta largana	0	BGENL243-23	1.5	50	False	False	676228	42	131	1530	0.0	10.0	2.268627450980392	2.0	Naturalis Biodiversity Center	1	6
0	9	data/BGE00169_MGE-BGE_r1_1.3_1.5_s50_100.fasta	None	Tortricidae	BLAST	family	COI-5P	169	633	Tortricidae,Limacodidae,Geometridae	BGENL243-23_r_1.5_s_100	Agapeta largana	0	BGENL243-23	1.5	100	False	False	676228	29	131	1530	0.0	10.0	1.9137254901960785	0.0	Naturalis Biodiversity Center	1	6
0	0	data/BGE00169_MGE-BGE_r1_1.3_1.5_s50_100.fasta	None	Tortricidae	BLAST	family	COI-5P	657	1530	Tortricidae	BGENL244-23_r_1_s_50	Clavigesta sylvestrana	0	BGENL244-23	1	50	False	False	7675327	1319	209	1530	22.0	117.0	58.207843137254905	54.0	Naturalis Biodiversity Center	1	6
0	0	data/BGE00169_MGE-BGE_r1_1.3_1.5_s50_100.fasta	None	Tortricidae	BLAST	family	COI-5P	657	1530	Tortricidae	BGENL244-23_r_1_s_100	Clavigesta sylvestrana	0	BGENL244-23	1	100	False	False	7675327	761	209	1530	11.0	86.0	41.36274509803921	40.0	Naturalis Biodiversity Center	1	6
0	0	data/BGE00169_MGE-BGE_r1_1.3_1.5_s50_100.fasta	None	Tortricidae	BLAST	family	COI-5P	657	1530	Tortricidae	BGENL244-23_r_1.3_s_50	Clavigesta sylvestrana	0	BGENL244-23	1.3	50	False	False	7675327	1299	209	1530	22.0	116.0	57.311764705882354	52.0	Naturalis Biodiversity Center	1	6
0	0	data/BGE00169_MGE-BGE_r1_1.3_1.5_s50_100.fasta	None	Tortricidae	BLAST	family	COI-5P	657	1530	Tortricidae	BGENL244-23_r_1.3_s_100	Clavigesta sylvestrana	0	BGENL244-23	1.3	100	False	False	7675327	755	209	1530	11.0	86.0	40.909803921568624	40.0	Naturalis Biodiversity Center	1	6
0	0	data/BGE00169_MGE-BGE_r1_1.3_1.5_s50_100.fasta	None	Tortricidae	BLAST	family	COI-5P	657	1530	Tortricidae	BGENL244-23_r_1.5_s_50	Clavigesta sylvestrana	0	BGENL244-23	1.5	50	False	False	7675327	1210	209	1530	16.0	114.0	53.3921568627451	50.0	Naturalis Biodiversity Center	1	6
0	0	data/BGE00169_MGE-BGE_r1_1.3_1.5_s50_100.fasta	None	Tortricidae	BLAST	family	COI-5P	657	1530	Tortricidae	BGENL244-23_r_1.5_s_100	Clavigesta sylvestrana	0	BGENL244-23	1.5	100	False	False	7675327	720	209	1530	11.0	83.0	38.64705882352941	37.5	Naturalis Biodiversity Center	1	6
0	2	data/BGE00169_MGE-BGE_r1_1.3_1.5_s50_100.fasta	None	Tortricidae	BLAST	family	COI-5P	657	1536	Tortricidae	BGENL245-23_r_1_s_50	Rudisociaria expeditana	0	BGENL245-23	1	50	False	False	9825397	3073	21	1536	6.0	239.0	150.34375	149.0	Naturalis Biodiversity Center	1	6
0	0	data/BGE00169_MGE-BGE_r1_1.3_1.5_s50_100.fasta	None	Tortricidae	BLAST	family	COI-5P	657	1536	Tortricidae	BGENL245-23_r_1_s_100	Rudisociaria expeditana	0	BGENL245-23	1	100	False	False	9825397	2016	21	1536	1.0	204.0	118.513671875	115.0	Naturalis Biodiversity Center	1	6
0	0	data/BGE00169_MGE-BGE_r1_1.3_1.5_s50_100.fasta	None	Tortricidae	BLAST	family	COI-5P	657	1536	Tortricidae	BGENL245-23_r_1.3_s_50	Rudisociaria expeditana	0	BGENL245-23	1.3	50	False	False	9825397	2972	21	1536	6.0	221.0	146.302734375	146.0	Naturalis Biodiversity Center	1	6
0	0	data/BGE00169_MGE-BGE_r1_1.3_1.5_s50_100.fasta	None	Tortricidae	BLAST	family	COI-5P	657	1536	Tortricidae	BGENL245-23_r_1.3_s_100	Rudisociaria expeditana	0	BGENL245-23	1.3	100	False	False	9825397	2000	21	1536	1.0	204.0	117.158203125	112.5	Naturalis Biodiversity Center	1	6
0	0	data/BGE00169_MGE-BGE_r1_1.3_1.5_s50_100.fasta	None	Tortricidae	BLAST	family	COI-5P	657	1536	Tortricidae	BGENL245-23_r_1.5_s_50	Rudisociaria expeditana	0	BGENL245-23	1.5	50	False	False	9825397	2760	21	1536	6.0	221.0	137.671875	137.0	Naturalis Biodiversity Center	1	6
0	0	data/BGE00169_MGE-BGE_r1_1.3_1.5_s50_100.fasta	None	Tortricidae	BLAST	family	COI-5P	657	1536	Tortricidae	BGENL245-23_r_1.5_s_100	Rudisociaria expeditana	0	BGENL245-23	1.5	100	False	False	9825397	1926	21	1536	1.0	204.0	112.4296875	110.5	Naturalis Biodiversity Center	1	6
6	12	data/BGE00169_MGE-BGE_r1_1.3_1.5_s50_100.fasta	None	Tortricidae	BLAST	family	COI-5P	657	1536	Tortricidae	BGENL246-23_r_1_s_50	Phiaris delitana	0	BGENL246-23	1	50	False	False	26033101	1051	776	1536	4.0	228.0	42.203125	37.0	Naturalis Biodiversity Center	1	6
0	0	data/BGE00169_MGE-BGE_r1_1.3_1.5_s50_100.fasta	None	Tortricidae	BLAST	family	COI-5P	657	1536	Tortricidae	BGENL246-23_r_1_s_100	Phiaris delitana	0	BGENL246-23	1	100	False	False	26033101	423	776	1536	2.0	48.0	23.8125	24.0	Naturalis Biodiversity Center	1	6
0	2	data/BGE00169_MGE-BGE_r1_1.3_1.5_s50_100.fasta	None	Tortricidae	BLAST	family	COI-5P	657	1536	Tortricidae	BGENL246-23_r_1.3_s_50	Phiaris delitana	0	BGENL246-23	1.3	50	False	False	26033101	823	776	1536	4.0	116.0	35.02734375	34.0	Naturalis Biodiversity Center	1	6
0	0	data/BGE00169_MGE-BGE_r1_1.3_1.5_s50_100.fasta	None	Tortricidae	BLAST	family	COI-5P	657	1536	Tortricidae	BGENL246-23_r_1.3_s_100	Phiaris delitana	0	BGENL246-23	1.3	100	False	False	26033101	413	776	1536	2.0	48.0	23.146484375	23.0	Naturalis Biodiversity Center	1	6
0	0	data/BGE00169_MGE-BGE_r1_1.3_1.5_s50_100.fasta	None	Tortricidae	BLAST	family	COI-5P	657	1536	Tortricidae	BGENL246-23_r_1.5_s_50	Phiaris delitana	0	BGENL246-23	1.5	50	False	False	26033101	658	776	1536	4.0	84.0	29.671875	30.0	Naturalis Biodiversity Center	1	6
0	0	data/BGE00169_MGE-BGE_r1_1.3_1.5_s50_100.fasta	None	Tortricidae	BLAST	family	COI-5P	657	1536	Tortricidae	BGENL246-23_r_1.5_s_100	Phiaris delitana	0	BGENL246-23	1.5	100	False	False	26033101	386	776	1536	2.0	48.0	21.544921875	21.0	Naturalis Biodiversity Center	1	6
6	11	data/BGE00169_MGE-BGE_r1_1.3_1.5_s50_100.fasta	None	Tortricidae	BLAST	family	COI-5P	656	1533	Noctuidae,Lycaenidae,Geometridae	BGENL247-23_r_1_s_50	Dichrorampha distinctana	0	BGENL247-23	1	50	False	False	2842827	617	22	1536	0.0	85.0	22.806640625	18.0	Naturalis Biodiversity Center	1	6
2	13	data/BGE00169_MGE-BGE_r1_1.3_1.5_s50_100.fasta	None	Tortricidae	BLAST	family	COI-5P	623	1491	Tortricidae	BGENL247-23_r_1_s_100	Dichrorampha distinctana	0	BGENL247-23	1	100	False	False	2842827	199	22	1536	0.0	42.0	10.470703125	7.0	Naturalis Biodiversity Center	1	6
2	2	data/BGE00169_MGE-BGE_r1_1.3_1.5_s50_100.fasta	None	Tortricidae	BLAST	family	COI-5P	657	1533	Tortricidae	BGENL247-23_r_1.3_s_50	Dichrorampha distinctana	0	BGENL247-23	1.3	50	False	False	2842827	543	22	1536	0.0	70.0	18.6171875	16.0	Naturalis Biodiversity Center	1	6
0	3	data/BGE00169_MGE-BGE_r1_1.3_1.5_s50_100.fasta	None	Tortricidae	BLAST	family	COI-5P	594	1461	Tortricidae	BGENL247-23_r_1.3_s_100	Dichrorampha distinctana	0	BGENL247-23	1.3	100	False	False	2842827	164	22	1536	0.0	27.0	7.8046875	6.0	Naturalis Biodiversity Center	1	6
2	2	data/BGE00169_MGE-BGE_r1_1.3_1.5_s50_100.fasta	None	Tortricidae	BLAST	family	COI-5P	657	1485	Tortricidae	BGENL247-23_r_1.5_s_50	Dichrorampha distinctana	0	BGENL247-23	1.5	50	False	False	2842827	488	22	1536	0.0	70.0	16.607421875	14.0	Naturalis Biodiversity Center	1	6
0	0	data/BGE00169_MGE-BGE_r1_1.3_1.5_s50_100.fasta	None	Tortricidae	BLAST	family	COI-5P	594	1278	Tortricidae	BGENL247-23_r_1.5_s_100	Dichrorampha distinctana	0	BGENL247-23	1.5	100	False	False	2842827	149	22	1536	0.0	27.0	7.041015625	5.0	Naturalis Biodiversity Center	1	6
0	2	data/BGE00169_MGE-BGE_r1_1.3_1.5_s50_100.fasta	None	Tortricidae	BLAST	family	COI-5P	657	1536	Tortricidae	BGENL248-23_r_1_s_50	Selania capparidana	0	BGENL248-23	1	50	False	False	14586273	715	353	1536	2.0	75.0	36.796875	35.0	Naturalis Biodiversity Center	1	6
0	0	data/BGE00169_MGE-BGE_r1_1.3_1.5_s50_100.fasta	None	Tortricidae	BLAST	family	COI-5P	657	1530	Tortricidae	BGENL248-23_r_1_s_100	Selania capparidana	0	BGENL248-23	1	100	False	False	14586273	476	353	1536	0.0	56.0	29.892578125	28.0	Naturalis Biodiversity Center	1	6
0	2	data/BGE00169_MGE-BGE_r1_1.3_1.5_s50_100.fasta	None	Tortricidae	BLAST	family	COI-5P	657	1536	Tortricidae	BGENL248-23_r_1.3_s_50	Selania capparidana	0	BGENL248-23	1.3	50	False	False	14586273	655	353	1536	2.0	58.0	34.884765625	33.0	Naturalis Biodiversity Center	1	6
0	0	data/BGE00169_MGE-BGE_r1_1.3_1.5_s50_100.fasta	None	Tortricidae	BLAST	family	COI-5P	657	1530	Tortricidae	BGENL248-23_r_1.3_s_100	Selania capparidana	0	BGENL248-23	1.3	100	False	False	14586273	475	353	1536	0.0	56.0	29.796875	28.0	Naturalis Biodiversity Center	1	6
0	0	data/BGE00169_MGE-BGE_r1_1.3_1.5_s50_100.fasta	None	Tortricidae	BLAST	family	COI-5P	657	1533	Tortricidae	BGENL248-23_r_1.5_s_50	Selania capparidana	0	BGENL248-23	1.5	50	False	False	14586273	597	353	1536	0.0	56.0	33.04296875	31.0	Naturalis Biodiversity Center	1	6
0	0	data/BGE00169_MGE-BGE_r1_1.3_1.5_s50_100.fasta	None	Tortricidae	BLAST	family	COI-5P	657	1530	Tortricidae	BGENL248-23_r_1.5_s_100	Selania capparidana	0	BGENL248-23	1.5	100	False	False	14586273	469	353	1536	0.0	56.0	29.34765625	28.0	Naturalis Biodiversity Center	1	6
0	2	data/BGE00169_MGE-BGE_r1_1.3_1.5_s50_100.fasta	None	Tortricidae	BLAST	family	COI-5P	657	1536	Tortricidae	BGENL249-23_r_1_s_50	Phiaris inquietana	0	BGENL249-23	1	50	False	False	22050632	1796	361	1536	4.0	192.0	89.998046875	86.0	Naturalis Biodiversity Center	1	6
0	0	data/BGE00169_MGE-BGE_r1_1.3_1.5_s50_100.fasta	None	Tortricidae	BLAST	family	COI-5P	657	1536	Tortricidae	BGENL249-23_r_1_s_100	Phiaris inquietana	0	BGENL249-23	1	100	False	False	22050632	1125	361	1536	1.0	115.0	70.6796875	69.0	Naturalis Biodiversity Center	1	6
0	2	data/BGE00169_MGE-BGE_r1_1.3_1.5_s50_100.fasta	None	Tortricidae	BLAST	family	COI-5P	657	1536	Tortricidae	BGENL249-23_r_1.3_s_50	Phiaris inquietana	0	BGENL249-23	1.3	50	False	False	22050632	1681	361	1536	4.0	147.0	86.439453125	82.0	Naturalis Biodiversity Center	1	6
0	0	data/BGE00169_MGE-BGE_r1_1.3_1.5_s50_100.fasta	None	Tortricidae	BLAST	family	COI-5P	657	1536	Tortricidae	BGENL249-23_r_1.3_s_100	Phiaris inquietana	0	BGENL249-23	1.3	100	False	False	22050632	1120	361	1536	1.0	115.0	70.373046875	69.0	Naturalis Biodiversity Center	1	6
0	1	data/BGE00169_MGE-BGE_r1_1.3_1.5_s50_100.fasta	None	Tortricidae	BLAST	family	COI-5P	657	1536	Tortricidae	BGENL249-23_r_1.5_s_50	Phiaris inquietana	0	BGENL249-23	1.5	50	False	False	22050632	1531	361	1536	4.0	135.0	81.771484375	79.0	Naturalis Biodiversity Center	1	6
0	0	data/BGE00169_MGE-BGE_r1_1.3_1.5_s50_100.fasta	None	Tortricidae	BLAST	family	COI-5P	657	1536	Tortricidae	BGENL249-23_r_1.5_s_100	Phiaris inquietana	0	BGENL249-23	1.5	100	False	False	22050632	1090	361	1536	1.0	114.0	68.736328125	66.5	Naturalis Biodiversity Center	1	6
1	2	data/BGE00169_MGE-BGE_r1_1.3_1.5_s50_100.fasta	None	Tortricidae	BLAST	family	COI-5P	657	1515	Tortricidae	BGENL250-23_r_1_s_50	Pammene christophana	0	BGENL250-23	1	50	False	False	5346355	713	63	1536	0.0	76.0	25.5859375	22.0	Naturalis Biodiversity Center	1	6
20	35	data/BGE00169_MGE-BGE_r1_1.3_1.5_s50_100.fasta	None	Tortricidae	BLAST	family	COI-5P	654	1506	Tortricidae,Noctuidae	BGENL250-23_r_1_s_100	Pammene christophana	0	BGENL250-23	1	100	False	False	5346355	206	63	1536	0.0	38.0	10.974609375	9.0	Naturalis Biodiversity Center	1	6
1	2	data/BGE00169_MGE-BGE_r1_1.3_1.5_s50_100.fasta	None	Tortricidae	BLAST	family	COI-5P	657	1515	Tortricidae	BGENL250-23_r_1.3_s_50	Pammene christophana	0	BGENL250-23	1.3	50	False	False	5346355	685	63	1536	0.0	75.0	23.2421875	18.0	Naturalis Biodiversity Center	1	6
17	18	data/BGE00169_MGE-BGE_r1_1.3_1.5_s50_100.fasta	None	Tortricidae	BLAST	family	COI-5P	657	1509	Tortricidae	BGENL250-23_r_1.3_s_100	Pammene christophana	0	BGENL250-23	1.3	100	False	False	5346355	183	63	1536	0.0	33.0	8.837890625	6.0	Naturalis Biodiversity Center	1	6
1	3	data/BGE00169_MGE-BGE_r1_1.3_1.5_s50_100.fasta	None	Tortricidae	BLAST	family	COI-5P	657	1491	Tortricidae	BGENL250-23_r_1.5_s_50	Pammene christophana	0	BGENL250-23	1.5	50	False	False	5346355	612	63	1536	0.0	61.0	20.78515625	16.0	Naturalis Biodiversity Center	1	6
22	23	data/BGE00169_MGE-BGE_r1_1.3_1.5_s50_100.fasta	None	Tortricidae	BLAST	family	COI-5P	657	1434	Tortricidae	BGENL250-23_r_1.5_s_100	Pammene christophana	0	BGENL250-23	1.5	100	False	False	5346355	173	63	1536	0.0	33.0	8.275390625	6.0	Naturalis Biodiversity Center	1	6
0	0	data/BGE00169_MGE-BGE_r1_1.3_1.5_s50_100.fasta	None	Tortricidae	BLAST	family	COI-5P	657	1533	Tortricidae	BGENL251-23_r_1_s_50	Choristoneura murinana	0	BGENL251-23	1	50	False	False	22036324	14822	15	1533	632.0	1357.0	940.2035225048924	934.0	Naturalis Biodiversity Center	1	6
0	0	data/BGE00169_MGE-BGE_r1_1.3_1.5_s50_100.fasta	None	Tortricidae	BLAST	family	COI-5P	657	1533	Tortricidae	BGENL251-23_r_1_s_100	Choristoneura murinana	0	BGENL251-23	1	100	False	False	22036324	12658	15	1533	421.0	1276.0	874.0802348336595	870.0	Naturalis Biodiversity Center	1	6
0	0	data/BGE00169_MGE-BGE_r1_1.3_1.5_s50_100.fasta	None	Tortricidae	BLAST	family	COI-5P	657	1533	Tortricidae	BGENL251-23_r_1.3_s_50	Choristoneura murinana	0	BGENL251-23	1.3	50	False	False	22036324	14691	15	1533	632.0	1356.0	935.6614481409002	929.0	Naturalis Biodiversity Center	1	6
0	0	data/BGE00169_MGE-BGE_r1_1.3_1.5_s50_100.fasta	None	Tortricidae	BLAST	family	COI-5P	657	1533	Tortricidae	BGENL251-23_r_1.3_s_100	Choristoneura murinana	0	BGENL251-23	1.3	100	False	False	22036324	12646	15	1533	421.0	1275.0	873.26614481409	870.0	Naturalis Biodiversity Center	1	6
0	0	data/BGE00169_MGE-BGE_r1_1.3_1.5_s50_100.fasta	None	Tortricidae	BLAST	family	COI-5P	657	1533	Tortricidae	BGENL251-23_r_1.5_s_50	Choristoneura murinana	0	BGENL251-23	1.5	50	False	False	22036324	14465	15	1533	631.0	1347.0	926.1272015655577	922.0	Naturalis Biodiversity Center	1	6
0	0	data/BGE00169_MGE-BGE_r1_1.3_1.5_s50_100.fasta	None	Tortricidae	BLAST	family	COI-5P	657	1533	Tortricidae	BGENL251-23_r_1.5_s_100	Choristoneura murinana	0	BGENL251-23	1.5	100	False	False	22036324	12580	15	1533	419.0	1266.0	868.9745596868885	865.0	Naturalis Biodiversity Center	1	6
0	1	data/BGE00169_MGE-BGE_r1_1.3_1.5_s50_100.fasta	None	Tortricidae	BLAST	family	COI-5P	657	1536	Tortricidae	BGENL252-23_r_1_s_50	Clepsis praeclarana	0	BGENL252-23	1	50	False	False	21278559	4838	329	1536	4.0	355.0	245.671875	239.0	Naturalis Biodiversity Center	1	6
0	0	data/BGE00169_MGE-BGE_r1_1.3_1.5_s50_100.fasta	None	Tortricidae	BLAST	family	COI-5P	657	1533	Tortricidae	BGENL252-23_r_1_s_100	Clepsis praeclarana	0	BGENL252-23	1	100	False	False	21278559	3373	329	1536	0.0	310.0	201.32421875	197.0	Naturalis Biodiversity Center	1	6
0	1	data/BGE00169_MGE-BGE_r1_1.3_1.5_s50_100.fasta	None	Tortricidae	BLAST	family	COI-5P	657	1536	Tortricidae	BGENL252-23_r_1.3_s_50	Clepsis praeclarana	0	BGENL252-23	1.3	50	False	False	21278559	4711	329	1536	4.0	353.0	241.1875	235.0	Naturalis Biodiversity Center	1	6
0	0	data/BGE00169_MGE-BGE_r1_1.3_1.5_s50_100.fasta	None	Tortricidae	BLAST	family	COI-5P	657	1533	Tortricidae	BGENL252-23_r_1.3_s_100	Clepsis praeclarana	0	BGENL252-23	1.3	100	False	False	21278559	3360	329	1536	0.0	310.0	200.390625	197.0	Naturalis Biodiversity Center	1	6
0	0	data/BGE00169_MGE-BGE_r1_1.3_1.5_s50_100.fasta	None	Tortricidae	BLAST	family	COI-5P	657	1536	Tortricidae	BGENL252-23_r_1.5_s_50	Clepsis praeclarana	0	BGENL252-23	1.5	50	False	False	21278559	4498	329	1536	2.0	349.0	232.26953125	229.0	Naturalis Biodiversity Center	1	6
0	0	data/BGE00169_MGE-BGE_r1_1.3_1.5_s50_100.fasta	None	Tortricidae	BLAST	family	COI-5P	657	1533	Tortricidae	BGENL252-23_r_1.5_s_100	Clepsis praeclarana	0	BGENL252-23	1.5	100	False	False	21278559	3278	329	1536	0.0	310.0	195.76171875	190.0	Naturalis Biodiversity Center	1	6
0	0	data/BGE00169_MGE-BGE_r1_1.3_1.5_s50_100.fasta	None	Tortricidae	BLAST	family	COI-5P	657	1533	Tortricidae	BGENL253-23_r_1_s_50	Oporopsamma wertheimsteini	0	BGENL253-23	1	50	False	False	9955538	1561	70	1536	0.0	136.0	70.5390625	67.0	Naturalis Biodiversity Center	1	6
0	0	data/BGE00169_MGE-BGE_r1_1.3_1.5_s50_100.fasta	None	Tortricidae	BLAST	family	COI-5P	657	1533	Tortricidae	BGENL253-23_r_1_s_100	Oporopsamma wertheimsteini	0	BGENL253-23	1	100	False	False	9955538	966	70	1536	0.0	109.0	52.4375	50.0	Naturalis Biodiversity Center	1	6
0	0	data/BGE00169_MGE-BGE_r1_1.3_1.5_s50_100.fasta	None	Tortricidae	BLAST	family	COI-5P	657	1533	Tortricidae	BGENL253-23_r_1.3_s_50	Oporopsamma wertheimsteini	0	BGENL253-23	1.3	50	False	False	9955538	1517	70	1536	0.0	135.0	68.689453125	65.0	Naturalis Biodiversity Center	1	6
0	0	data/BGE00169_MGE-BGE_r1_1.3_1.5_s50_100.fasta	None	Tortricidae	BLAST	family	COI-5P	657	1533	Tortricidae	BGENL253-23_r_1.3_s_100	Oporopsamma wertheimsteini	0	BGENL253-23	1.3	100	False	False	9955538	960	70	1536	0.0	109.0	51.9453125	49.0	Naturalis Biodiversity Center	1	6
0	0	data/BGE00169_MGE-BGE_r1_1.3_1.5_s50_100.fasta	None	Tortricidae	BLAST	family	COI-5P	657	1533	Tortricidae	BGENL253-23_r_1.5_s_50	Oporopsamma wertheimsteini	0	BGENL253-23	1.5	50	False	False	9955538	1437	70	1536	0.0	132.0	64.970703125	60.0	Naturalis Biodiversity Center	1	6
0	0	data/BGE00169_MGE-BGE_r1_1.3_1.5_s50_100.fasta	None	Tortricidae	BLAST	family	COI-5P	657	1533	Tortricidae	BGENL253-23_r_1.5_s_100	Oporopsamma wertheimsteini	0	BGENL253-23	1.5	100	False	False	9955538	920	70	1536	0.0	106.0	49.45703125	46.0	Naturalis Biodiversity Center	1	6
0	0	data/BGE00169_MGE-BGE_r1_1.3_1.5_s50_100.fasta	None	Tortricidae	BLAST	family	COI-5P	657	1530	Tortricidae	BGENL254-23_r_1_s_50	Aethes mauritanica	0	BGENL254-23	1	50	False	False	12577991	2366	352	1530	49.0	250.0	118.34117647058824	117.5	Naturalis Biodiversity Center	1	6
0	0	data/BGE00169_MGE-BGE_r1_1.3_1.5_s50_100.fasta	None	Tortricidae	BLAST	family	COI-5P	657	1530	Tortricidae	BGENL254-23_r_1_s_100	Aethes mauritanica	0	BGENL254-23	1	100	False	False	12577991	1598	352	1530	35.0	182.0	94.91372549019607	95.0	Naturalis Biodiversity Center	1	6
0	0	data/BGE00169_MGE-BGE_r1_1.3_1.5_s50_100.fasta	None	Tortricidae	BLAST	family	COI-5P	657	1530	Tortricidae	BGENL254-23_r_1.3_s_50	Aethes mauritanica	0	BGENL254-23	1.3	50	False	False	12577991	2283	352	1530	45.0	249.0	115.43333333333334	114.0	Naturalis Biodiversity Center	1	6
0	0	data/BGE00169_MGE-BGE_r1_1.3_1.5_s50_100.fasta	None	Tortricidae	BLAST	family	COI-5P	657	1530	Tortricidae	BGENL254-23_r_1.3_s_100	Aethes mauritanica	0	BGENL254-23	1.3	100	False	False	12577991	1593	352	1530	35.0	182.0	94.56274509803922	94.5	Naturalis Biodiversity Center	1	6
0	0	data/BGE00169_MGE-BGE_r1_1.3_1.5_s50_100.fasta	None	Tortricidae	BLAST	family	COI-5P	657	1530	Tortricidae	BGENL254-23_r_1.5_s_50	Aethes mauritanica	0	BGENL254-23	1.5	50	False	False	12577991	2179	352	1530	42.0	245.0	111.25882352941177	108.0	Naturalis Biodiversity Center	1	6
0	0	data/BGE00169_MGE-BGE_r1_1.3_1.5_s50_100.fasta	None	Tortricidae	BLAST	family	COI-5P	657	1530	Tortricidae	BGENL254-23_r_1.5_s_100	Aethes mauritanica	0	BGENL254-23	1.5	100	False	False	12577991	1567	352	1530	33.0	182.0	92.86078431372549	92.0	Naturalis Biodiversity Center	1	6
0	2	data/BGE00169_MGE-BGE_r1_1.3_1.5_s50_100.fasta	None	Tortricidae	BLAST	family	COI-5P	656	1533	Tortricidae	BGENL255-23_r_1_s_50	Aneuxanthis locupletana	0	BGENL255-23	1	50	False	False	1822723	1739	247	1536	0.0	205.0	65.013671875	54.5	Naturalis Biodiversity Center	1	6
0	1	data/BGE00169_MGE-BGE_r1_1.3_1.5_s50_100.fasta	None	Tortricidae	BLAST	family	COI-5P	656	1533	Tortricidae	BGENL255-23_r_1_s_100	Aneuxanthis locupletana	0	BGENL255-23	1	100	False	False	1822723	682	247	1536	0.0	103.0	33.4765625	30.0	Naturalis Biodiversity Center	1	6
0	1	data/BGE00169_MGE-BGE_r1_1.3_1.5_s50_100.fasta	None	Tortricidae	BLAST	family	COI-5P	656	1533	Tortricidae	BGENL255-23_r_1.3_s_50	Aneuxanthis locupletana	0	BGENL255-23	1.3	50	False	False	1822723	1696	247	1536	0.0	205.0	62.802734375	54.0	Naturalis Biodiversity Center	1	6
0	1	data/BGE00169_MGE-BGE_r1_1.3_1.5_s50_100.fasta	None	Tortricidae	BLAST	family	COI-5P	656	1533	Tortricidae	BGENL255-23_r_1.3_s_100	Aneuxanthis locupletana	0	BGENL255-23	1.3	100	False	False	1822723	671	247	1536	0.0	100.0	32.556640625	29.0	Naturalis Biodiversity Center	1	6
0	1	data/BGE00169_MGE-BGE_r1_1.3_1.5_s50_100.fasta	None	Tortricidae	BLAST	family	COI-5P	656	1533	Tortricidae	BGENL255-23_r_1.5_s_50	Aneuxanthis locupletana	0	BGENL255-23	1.5	50	False	False	1822723	1567	247	1536	0.0	199.0	57.818359375	48.0	Naturalis Biodiversity Center	1	6
0	1	data/BGE00169_MGE-BGE_r1_1.3_1.5_s50_100.fasta	None	Tortricidae	BLAST	family	COI-5P	656	1533	Tortricidae	BGENL255-23_r_1.5_s_100	Aneuxanthis locupletana	0	BGENL255-23	1.5	100	False	False	1822723	630	247	1536	0.0	100.0	30.453125	26.0	Naturalis Biodiversity Center	1	6
0	30	data/BGE00169_MGE-BGE_r1_1.3_1.5_s50_100.fasta	None	Tortricidae	BLAST	family	COI-5P	656	1503	Tortricidae	BGENL256-23_r_1_s_50	Philedonides rhombicana	0	BGENL256-23	1	50	False	False	914266	282	11	1536	0.0	32.0	10.091796875	8.0	Naturalis Biodiversity Center	1	6
11	15	data/BGE00169_MGE-BGE_r1_1.3_1.5_s50_100.fasta	None	Tortricidae	BLAST	family	COI-5P	506	1074	Tortricidae	BGENL256-23_r_1_s_100	Philedonides rhombicana	0	BGENL256-23	1	100	False	False	914266	81	11	1536	0.0	21.0	4.388671875	2.0	Naturalis Biodiversity Center	1	6
0	17	data/BGE00169_MGE-BGE_r1_1.3_1.5_s50_100.fasta	None	Tortricidae	BLAST	family	COI-5P	656	1449	Tortricidae	BGENL256-23_r_1.3_s_50	Philedonides rhombicana	0	BGENL256-23	1.3	50	False	False	914266	268	11	1536	0.0	28.0	9.369140625	8.0	Naturalis Biodiversity Center	1	6
11	16	data/BGE00169_MGE-BGE_r1_1.3_1.5_s50_100.fasta	None	Tortricidae	BLAST	family	COI-5P	506	1074	Tortricidae	BGENL256-23_r_1.3_s_100	Philedonides rhombicana	0	BGENL256-23	1.3	100	False	False	914266	78	11	1536	0.0	18.0	4.154296875	2.0	Naturalis Biodiversity Center	1	6
1	10	data/BGE00169_MGE-BGE_r1_1.3_1.5_s50_100.fasta	None	Tortricidae	BLAST	family	COI-5P	656	1431	Tortricidae	BGENL256-23_r_1.5_s_50	Philedonides rhombicana	0	BGENL256-23	1.5	50	False	False	914266	256	11	1536	0.0	28.0	8.8828125	7.0	Naturalis Biodiversity Center	1	6
3	9	data/BGE00169_MGE-BGE_r1_1.3_1.5_s50_100.fasta	None	Tortricidae	BLAST	family	COI-5P	506	1074	Tortricidae	BGENL256-23_r_1.5_s_100	Philedonides rhombicana	0	BGENL256-23	1.5	100	False	False	914266	75	11	1536	0.0	18.0	3.935546875	2.0	Naturalis Biodiversity Center	1	6
0	0	data/BGE00169_MGE-BGE_r1_1.3_1.5_s50_100.fasta	None	Tortricidae	BLAST	family	COI-5P	657	1530	Tortricidae	BGENL257-23_r_1_s_50	Cochylimorpha santolinana	0	BGENL257-23	1	50	False	False	17663159	3313	400	1530	108.0	252.0	188.62156862745098	186.0	Naturalis Biodiversity Center	1	6
0	0	data/BGE00169_MGE-BGE_r1_1.3_1.5_s50_100.fasta	None	Tortricidae	BLAST	family	COI-5P	657	1530	Tortricidae	BGENL257-23_r_1_s_100	Cochylimorpha santolinana	0	BGENL257-23	1	100	False	False	17663159	2443	400	1530	88.0	231.0	161.98823529411766	161.0	Naturalis Biodiversity Center	1	6
0	0	data/BGE00169_MGE-BGE_r1_1.3_1.5_s50_100.fasta	None	Tortricidae	BLAST	family	COI-5P	657	1530	Tortricidae	BGENL257-23_r_1.3_s_50	Cochylimorpha santolinana	0	BGENL257-23	1.3	50	False	False	17663159	3088	400	1530	96.0	250.0	179.97058823529412	177.0	Naturalis Biodiversity Center	1	6
0	0	data/BGE00169_MGE-BGE_r1_1.3_1.5_s50_100.fasta	None	Tortricidae	BLAST	family	COI-5P	657	1530	Tortricidae	BGENL257-23_r_1.3_s_100	Cochylimorpha santolinana	0	BGENL257-23	1.3	100	False	False	17663159	2409	400	1530	87.0	231.0	159.48627450980393	158.0	Naturalis Biodiversity Center	1	6
0	0	data/BGE00169_MGE-BGE_r1_1.3_1.5_s50_100.fasta	None	Tortricidae	BLAST	family	COI-5P	657	1530	Tortricidae	BGENL257-23_r_1.5_s_50	Cochylimorpha santolinana	0	BGENL257-23	1.5	50	False	False	17663159	2912	400	1530	85.0	249.0	172.38039215686274	169.0	Naturalis Biodiversity Center	1	6
0	0	data/BGE00169_MGE-BGE_r1_1.3_1.5_s50_100.fasta	None	Tortricidae	BLAST	family	COI-5P	657	1530	Tortricidae	BGENL257-23_r_1.5_s_100	Cochylimorpha santolinana	0	BGENL257-23	1.5	100	False	False	17663159	2342	400	1530	79.0	226.0	155.3	153.0	Naturalis Biodiversity Center	1	6
11	15	data/BGE00169_MGE-BGE_r1_1.3_1.5_s50_100.fasta	None	Tortricidae	BLAST	family	COI-5P	657	1533	Tortricidae	BGENL258-23_r_1_s_50	Cydia milleniana	0	BGENL258-23	1	50	False	False	3030586	826	58	1533	2.0	148.0	30.771037181996086	23.0	Naturalis Biodiversity Center	1	6
29	43	data/BGE00169_MGE-BGE_r1_1.3_1.5_s50_100.fasta	None	Tortricidae	BLAST	family	COI-5P	657	1533	Tortricidae	BGENL258-23_r_1_s_100	Cydia milleniana	0	BGENL258-23	1	100	False	False	3030586	258	58	1533	2.0	61.0	13.88454011741683	12.0	Naturalis Biodiversity Center	1	6
3	5	data/BGE00169_MGE-BGE_r1_1.3_1.5_s50_100.fasta	None	Tortricidae	BLAST	family	COI-5P	657	1533	Tortricidae	BGENL258-23_r_1.3_s_50	Cydia milleniana	0	BGENL258-23	1.3	50	False	False	3030586	801	58	1533	2.0	144.0	29.17808219178082	22.0	Naturalis Biodiversity Center	1	6
8	11	data/BGE00169_MGE-BGE_r1_1.3_1.5_s50_100.fasta	None	Tortricidae	BLAST	family	COI-5P	606	1497	Tortricidae	BGENL258-23_r_1.3_s_100	Cydia milleniana	0	BGENL258-23	1.3	100	False	False	3030586	241	58	1533	0.0	57.0	12.561643835616438	11.0	Naturalis Biodiversity Center	1	6
3	5	data/BGE00169_MGE-BGE_r1_1.3_1.5_s50_100.fasta	None	Tortricidae	BLAST	family	COI-5P	657	1533	Tortricidae	BGENL258-23_r_1.5_s_50	Cydia milleniana	0	BGENL258-23	1.5	50	False	False	3030586	678	58	1533	2.0	144.0	24.655577299412915	20.0	Naturalis Biodiversity Center	1	6
5	7	data/BGE00169_MGE-BGE_r1_1.3_1.5_s50_100.fasta	None	Tortricidae	BLAST	family	COI-5P	543	1410	Tortricidae	BGENL258-23_r_1.5_s_100	Cydia milleniana	0	BGENL258-23	1.5	100	False	False	3030586	226	58	1533	0.0	57.0	11.598825831702545	10.0	Naturalis Biodiversity Center	1	6
6	8	data/BGE00169_MGE-BGE_r1_1.3_1.5_s50_100.fasta	None	Tortricidae	BLAST	family	COI-5P	657	1536	Tortricidae	BGENL259-23_r_1_s_50	Dichrorampha gemellana	0	BGENL259-23	1	50	False	False	8249856	559	11	1536	2.0	179.0	22.37109375	16.0	Naturalis Biodiversity Center	1	6
0	3	data/BGE00169_MGE-BGE_r1_1.3_1.5_s50_100.fasta	None	Tortricidae	BLAST	family	COI-5P	654	1527	Tortricidae	BGENL259-23_r_1_s_100	Dichrorampha gemellana	0	BGENL259-23	1	100	False	False	8249856	238	11	1536	0.0	45.0	13.595703125	12.0	Naturalis Biodiversity Center	1	6
0	1	data/BGE00169_MGE-BGE_r1_1.3_1.5_s50_100.fasta	None	Tortricidae	BLAST	family	COI-5P	657	1536	Tortricidae	BGENL259-23_r_1.3_s_50	Dichrorampha gemellana	0	BGENL259-23	1.3	50	False	False	8249856	518	11	1536	2.0	169.0	20.751953125	16.0	Naturalis Biodiversity Center	1	6
0	3	data/BGE00169_MGE-BGE_r1_1.3_1.5_s50_100.fasta	None	Tortricidae	BLAST	family	COI-5P	654	1527	Tortricidae	BGENL259-23_r_1.3_s_100	Dichrorampha gemellana	0	BGENL259-23	1.3	100	False	False	8249856	232	11	1536	0.0	41.0	13.15625	12.0	Naturalis Biodiversity Center	1	6
0	0	data/BGE00169_MGE-BGE_r1_1.3_1.5_s50_100.fasta	None	Tortricidae	BLAST	family	COI-5P	657	1530	Tortricidae	BGENL259-23_r_1.5_s_50	Dichrorampha gemellana	0	BGENL259-23	1.5	50	False	False	8249856	330	11	1536	0.0	46.0	15.4453125	14.0	Naturalis Biodiversity Center	1	6
0	1	data/BGE00169_MGE-BGE_r1_1.3_1.5_s50_100.fasta	None	Tortricidae	BLAST	family	COI-5P	654	1527	Tortricidae	BGENL259-23_r_1.5_s_100	Dichrorampha gemellana	0	BGENL259-23	1.5	100	False	False	8249856	221	11	1536	0.0	40.0	12.318359375	11.0	Naturalis Biodiversity Center	1	6
0	6	data/BGE00169_MGE-BGE_r1_1.3_1.5_s50_100.fasta	None	Tortricidae	BLAST	family	COI-5P	657	1530	Tortricidae	BGENL260-23_r_1_s_50	Eucosma cumulana	0	BGENL260-23	1	50	False	False	1104182	1100	25	1530	9.0	108.0	40.088235294117645	34.5	Naturalis Biodiversity Center	1	6
3	16	data/BGE00169_MGE-BGE_r1_1.3_1.5_s50_100.fasta	None	Tortricidae	BLAST	family	COI-5P	648	1521	Tortricidae	BGENL260-23_r_1_s_100	Eucosma cumulana	0	BGENL260-23	1	100	False	False	1104182	378	25	1530	0.0	56.0	18.76078431372549	15.5	Naturalis Biodiversity Center	1	6
0	2	data/BGE00169_MGE-BGE_r1_1.3_1.5_s50_100.fasta	None	Tortricidae	BLAST	family	COI-5P	657	1530	Tortricidae	BGENL260-23_r_1.3_s_50	Eucosma cumulana	0	BGENL260-23	1.3	50	False	False	1104182	1086	25	1530	9.0	107.0	39.233333333333334	34.0	Naturalis Biodiversity Center	1	6
3	8	data/BGE00169_MGE-BGE_r1_1.3_1.5_s50_100.fasta	None	Tortricidae	BLAST	family	COI-5P	648	1521	Tortricidae	BGENL260-23_r_1.3_s_100	Eucosma cumulana	0	BGENL260-23	1.3	100	False	False	1104182	370	25	1530	0.0	56.0	18.129411764705882	15.0	Naturalis Biodiversity Center	1	6
0	2	data/BGE00169_MGE-BGE_r1_1.3_1.5_s50_100.fasta	None	Tortricidae	BLAST	family	COI-5P	657	1530	Tortricidae	BGENL260-23_r_1.5_s_50	Eucosma cumulana	0	BGENL260-23	1.5	50	False	False	1104182	1005	25	1530	7.0	99.0	36.325490196078434	32.0	Naturalis Biodiversity Center	1	6
3	8	data/BGE00169_MGE-BGE_r1_1.3_1.5_s50_100.fasta	None	Tortricidae	BLAST	family	COI-5P	648	1521	Tortricidae	BGENL260-23_r_1.5_s_100	Eucosma cumulana	0	BGENL260-23	1.5	100	False	False	1104182	355	25	1530	0.0	56.0	17.2921568627451	14.0	Naturalis Biodiversity Center	1	6
4	20	data/BGE00169_MGE-BGE_r1_1.3_1.5_s50_100.fasta	None	Tortricidae	BLAST	family	COI-5P	657	1533	Hepialidae,Limacodidae,Lycaenidae,Geometridae	BGENL261-23_r_1_s_50	Lobesia andereggiana	0	BGENL261-23	1	50	False	False	925994	432	53	1536	0.0	47.0	16.943359375	14.0	Naturalis Biodiversity Center	1	6
10	39	data/BGE00169_MGE-BGE_r1_1.3_1.5_s50_100.fasta	None	Tortricidae	BLAST	family	COI-5P	524	1350	Tortricidae,Noctuidae	BGENL261-23_r_1_s_100	Lobesia andereggiana	6	BGENL261-23	1	100	False	False	925994	156	53	1536	0.0	33.0	8.6796875	6.0	Naturalis Biodiversity Center	1	6
5	6	data/BGE00169_MGE-BGE_r1_1.3_1.5_s50_100.fasta	None	Tortricidae	BLAST	family	COI-5P	657	1533	Tortricidae	BGENL261-23_r_1.3_s_50	Lobesia andereggiana	0	BGENL261-23	1.3	50	False	False	925994	406	53	1536	0.0	44.0	15.18359375	13.0	Naturalis Biodiversity Center	1	6
1	16	data/BGE00169_MGE-BGE_r1_1.3_1.5_s50_100.fasta	None	Tortricidae	BLAST	family	COI-5P	524	1350	Tortricidae	BGENL261-23_r_1.3_s_100	Lobesia andereggiana	8	BGENL261-23	1.3	100	False	False	925994	138	53	1536	0.0	32.0	7.24609375	4.0	Naturalis Biodiversity Center	1	6
3	4	data/BGE00169_MGE-BGE_r1_1.3_1.5_s50_100.fasta	None	Tortricidae	BLAST	family	COI-5P	654	1530	Tortricidae	BGENL261-23_r_1.5_s_50	Lobesia andereggiana	0	BGENL261-23	1.5	50	False	False	925994	363	53	1536	0.0	37.0	13.19140625	10.5	Naturalis Biodiversity Center	1	6
1	12	data/BGE00169_MGE-BGE_r1_1.3_1.5_s50_100.fasta	None	Tortricidae	BLAST	family	COI-5P	524	1344	Tortricidae,Noctuidae	BGENL261-23_r_1.5_s_100	Lobesia andereggiana	8	BGENL261-23	1.5	100	False	False	925994	123	53	1536	0.0	25.0	6.119140625	3.0	Naturalis Biodiversity Center	1	6
8	10	data/BGE00169_MGE-BGE_r1_1.3_1.5_s50_100.fasta	None	Tortricidae	BLAST	family	COI-5P	657	1530	Tortricidae	BGENL262-23_r_1_s_50	Philedonides seeboldiana	0	BGENL262-23	1	50	False	False	1310040	692	27	1536	0.0	62.0	24.310546875	22.0	Naturalis Biodiversity Center	1	6
6	18	data/BGE00169_MGE-BGE_r1_1.3_1.5_s50_100.fasta	None	Tortricidae	BLAST	family	COI-5P	621	1413	Tortricidae	BGENL262-23_r_1_s_100	Philedonides seeboldiana	0	BGENL262-23	1	100	False	False	1310040	178	27	1536	0.0	39.0	9.8046875	8.0	Naturalis Biodiversity Center	1	6
3	5	data/BGE00169_MGE-BGE_r1_1.3_1.5_s50_100.fasta	None	Tortricidae	BLAST	family	COI-5P	657	1530	Tortricidae	BGENL262-23_r_1.3_s_50	Philedonides seeboldiana	0	BGENL262-23	1.3	50	False	False	1310040	683	27	1536	0.0	61.0	23.853515625	21.0	Naturalis Biodiversity Center	1	6
6	9	data/BGE00169_MGE-BGE_r1_1.3_1.5_s50_100.fasta	None	Tortricidae	BLAST	family	COI-5P	621	1371	Tortricidae	BGENL262-23_r_1.3_s_100	Philedonides seeboldiana	0	BGENL262-23	1.3	100	False	False	1310040	174	27	1536	0.0	39.0	9.505859375	8.0	Naturalis Biodiversity Center	1	6
1	2	data/BGE00169_MGE-BGE_r1_1.3_1.5_s50_100.fasta	None	Tortricidae	BLAST	family	COI-5P	657	1530	Tortricidae	BGENL262-23_r_1.5_s_50	Philedonides seeboldiana	0	BGENL262-23	1.5	50	False	False	1310040	599	27	1536	0.0	61.0	19.96875	17.0	Naturalis Biodiversity Center	1	6
3	3	data/BGE00169_MGE-BGE_r1_1.3_1.5_s50_100.fasta	None	Tortricidae	BLAST	family	COI-5P	567	1293	Tortricidae,Noctuidae,Crambidae	BGENL262-23_r_1.5_s_100	Philedonides seeboldiana	0	BGENL262-23	1.5	100	False	False	1310040	151	27	1536	0.0	37.0	7.580078125	6.0	Naturalis Biodiversity Center	1	6
0	0	data/BGE00169_MGE-BGE_r1_1.3_1.5_s50_100.fasta	None	Tortricidae	BLAST	family	COI-5P	657	1533	Tortricidae	BGENL263-23_r_1_s_50	Choristoneura simonyi	0	BGENL263-23	1	50	False	False	18507475	3265	418	1533	118.0	262.0	179.65753424657535	177.0	Naturalis Biodiversity Center	1	6
0	0	data/BGE00169_MGE-BGE_r1_1.3_1.5_s50_100.fasta	None	Tortricidae	BLAST	family	COI-5P	657	1533	Tortricidae	BGENL263-23_r_1_s_100	Choristoneura simonyi	0	BGENL263-23	1	100	False	False	18507475	2436	418	1533	85.0	244.0	154.6986301369863	149.0	Naturalis Biodiversity Center	1	6
0	0	data/BGE00169_MGE-BGE_r1_1.3_1.5_s50_100.fasta	None	Tortricidae	BLAST	family	COI-5P	657	1533	Tortricidae	BGENL263-23_r_1.3_s_50	Choristoneura simonyi	0	BGENL263-23	1.3	50	False	False	18507475	3115	418	1533	118.0	262.0	174.63600782778866	171.0	Naturalis Biodiversity Center	1	6
0	0	data/BGE00169_MGE-BGE_r1_1.3_1.5_s50_100.fasta	None	Tortricidae	BLAST	family	COI-5P	657	1533	Tortricidae	BGENL263-23_r_1.3_s_100	Choristoneura simonyi	0	BGENL263-23	1.3	100	False	False	18507475	2426	418	1533	85.0	244.0	154.06457925636008	149.0	Naturalis Biodiversity Center	1	6
0	0	data/BGE00169_MGE-BGE_r1_1.3_1.5_s50_100.fasta	None	Tortricidae	BLAST	family	COI-5P	657	1533	Tortricidae	BGENL263-23_r_1.5_s_50	Choristoneura simonyi	0	BGENL263-23	1.5	50	False	False	18507475	3051	418	1533	118.0	261.0	171.85518590998043	168.0	Naturalis Biodiversity Center	1	6
0	0	data/BGE00169_MGE-BGE_r1_1.3_1.5_s50_100.fasta	None	Tortricidae	BLAST	family	COI-5P	657	1533	Tortricidae	BGENL263-23_r_1.5_s_100	Choristoneura simonyi	0	BGENL263-23	1.5	100	False	False	18507475	2404	418	1533	85.0	244.0	152.60469667318984	146.0	Naturalis Biodiversity Center	1	6
2	3	data/BGE00169_MGE-BGE_r1_1.3_1.5_s50_100.fasta	None	Tortricidae	BLAST	family	COI-5P	657	1533	Tortricidae	BGENL264-23_r_1_s_50	Cnephasia chrysantheana	0	BGENL264-23	1	50	False	False	16516873	1058	375	1536	0.0	98.0	49.53515625	46.0	Naturalis Biodiversity Center	1	6
2	2	data/BGE00169_MGE-BGE_r1_1.3_1.5_s50_100.fasta	None	Tortricidae	BLAST	family	COI-5P	657	1533	Tortricidae	BGENL264-23_r_1_s_100	Cnephasia chrysantheana	0	BGENL264-23	1	100	False	False	16516873	635	375	1536	0.0	82.0	36.798828125	34.0	Naturalis Biodiversity Center	1	6
2	2	data/BGE00169_MGE-BGE_r1_1.3_1.5_s50_100.fasta	None	Tortricidae	BLAST	family	COI-5P	657	1533	Tortricidae	BGENL264-23_r_1.3_s_50	Cnephasia chrysantheana	0	BGENL264-23	1.3	50	False	False	16516873	998	375	1536	0.0	98.0	47.22265625	43.0	Naturalis Biodiversity Center	1	6
2	2	data/BGE00169_MGE-BGE_r1_1.3_1.5_s50_100.fasta	None	Tortricidae	BLAST	family	COI-5P	657	1533	Tortricidae	BGENL264-23_r_1.3_s_100	Cnephasia chrysantheana	0	BGENL264-23	1.3	100	False	False	16516873	628	375	1536	0.0	82.0	36.259765625	33.0	Naturalis Biodiversity Center	1	6
1	1	data/BGE00169_MGE-BGE_r1_1.3_1.5_s50_100.fasta	None	Tortricidae	BLAST	family	COI-5P	657	1533	Tortricidae	BGENL264-23_r_1.5_s_50	Cnephasia chrysantheana	0	BGENL264-23	1.5	50	False	False	16516873	907	375	1536	0.0	90.0	43.138671875	40.0	Naturalis Biodiversity Center	1	6
1	1	data/BGE00169_MGE-BGE_r1_1.3_1.5_s50_100.fasta	None	Tortricidae	BLAST	family	COI-5P	657	1533	Tortricidae	BGENL264-23_r_1.5_s_100	Cnephasia chrysantheana	0	BGENL264-23	1.5	100	False	False	16516873	594	375	1536	0.0	82.0	33.94140625	32.0	Naturalis Biodiversity Center	1	6
10	33	data/BGE00169_MGE-BGE_r1_1.3_1.5_s50_100.fasta	None	Tortricidae	BLAST	family	COI-5P	627	1479	Tortricidae	BGENL265-23_r_1_s_50	Oxypteron impar	0	BGENL265-23	1	50	False	False	1906136	330	81	1536	0.0	37.0	12.283203125	12.0	Naturalis Biodiversity Center	1	6
10	35	data/BGE00169_MGE-BGE_r1_1.3_1.5_s50_100.fasta	None	Tortricidae	BLAST	family	COI-5P	537	1344	Tortricidae,Papilionidae,Crambidae,Geometridae	BGENL265-23_r_1_s_100	Oxypteron impar	0	BGENL265-23	1	100	False	False	1906136	107	81	1536	0.0	19.0	6.087890625	5.0	Naturalis Biodiversity Center	1	6
3	9	data/BGE00169_MGE-BGE_r1_1.3_1.5_s50_100.fasta	None	Tortricidae	BLAST	family	COI-5P	627	1479	Tortricidae,Geometridae	BGENL265-23_r_1.3_s_50	Oxypteron impar	0	BGENL265-23	1.3	50	False	False	1906136	289	81	1536	0.0	30.0	10.271484375	10.0	Naturalis Biodiversity Center	1	6
8	14	data/BGE00169_MGE-BGE_r1_1.3_1.5_s50_100.fasta	None	Tortricidae	BLAST	family	COI-5P	563	1329	Tortricidae,Noctuidae,Papilionidae,Geometridae	BGENL265-23_r_1.3_s_100	Oxypteron impar	0	BGENL265-23	1.3	100	False	False	1906136	91	81	1536	0.0	14.0	4.875	4.0	Naturalis Biodiversity Center	1	6
3	7	data/BGE00169_MGE-BGE_r1_1.3_1.5_s50_100.fasta	None	Tortricidae	BLAST	family	COI-5P	612	1401	Batrachedridae,Tortricidae,Papilionidae,Pyralidae,Geometridae	BGENL265-23_r_1.5_s_50	Oxypteron impar	0	BGENL265-23	1.5	50	False	False	1906136	253	81	1536	0.0	30.0	8.869140625	8.0	Naturalis Biodiversity Center	1	6
19	25	data/BGE00169_MGE-BGE_r1_1.3_1.5_s50_100.fasta	None	Tortricidae	BLAST	family	COI-5P	513	1173	Tortricidae	BGENL265-23_r_1.5_s_100	Oxypteron impar	0	BGENL265-23	1.5	100	False	False	1906136	75	81	1536	0.0	14.0	3.9765625	4.0	Naturalis Biodiversity Center	1	6
7	39	data/BGE00169_MGE-BGE_r1_1.3_1.5_s50_100.fasta	None	Tortricidae	BLAST	family	COI-5P	596	1464	Tortricidae,Limacodidae,Zygaenidae,Erebidae,Papilionidae,Geometridae	BGENL266-23_r_1_s_50	Aethes tornella	0	BGENL266-23	1	50	False	False	487112	89	59	1530	0.0	12.0	4.990196078431373	5.0	Naturalis Biodiversity Center	1	6
6	36	data/BGE00169_MGE-BGE_r1_1.3_1.5_s50_100.fasta	None	Tortricidae	BLAST	family	COI-5P	597	1443	Tortricidae,Limacodidae,Erebidae,Papilionidae,Geometridae	BGENL266-23_r_1_s_100	Aethes tornella	0	BGENL266-23	1	100	False	False	487112	53	59	1530	0.0	11.0	3.7705882352941176	4.0	Naturalis Biodiversity Center	1	6
6	30	data/BGE00169_MGE-BGE_r1_1.3_1.5_s50_100.fasta	None	Tortricidae	BLAST	family	COI-5P	596	1452	Tortricidae	BGENL266-23_r_1.3_s_50	Aethes tornella	0	BGENL266-23	1.3	50	False	False	487112	70	59	1530	0.0	11.0	3.727450980392157	4.0	Naturalis Biodiversity Center	1	6
6	22	data/BGE00169_MGE-BGE_r1_1.3_1.5_s50_100.fasta	None	Tortricidae	BLAST	family	COI-5P	597	1395	Tortricidae	BGENL266-23_r_1.3_s_100	Aethes tornella	0	BGENL266-23	1.3	100	False	False	487112	44	59	1530	0.0	7.0	2.962745098039216	3.0	Naturalis Biodiversity Center	1	6
10	34	data/BGE00169_MGE-BGE_r1_1.3_1.5_s50_100.fasta	None	Tortricidae	BLAST	family	COI-5P	596	1452	Tortricidae	BGENL266-23_r_1.5_s_50	Aethes tornella	0	BGENL266-23	1.5	50	False	False	487112	52	59	1530	0.0	9.0	3.111764705882353	3.0	Naturalis Biodiversity Center	1	6
10	26	data/BGE00169_MGE-BGE_r1_1.3_1.5_s50_100.fasta	None	Tortricidae	BLAST	family	COI-5P	597	1395	Tortricidae	BGENL266-23_r_1.5_s_100	Aethes tornella	0	BGENL266-23	1.5	100	False	False	487112	40	59	1530	0.0	7.0	2.735294117647059	3.0	Naturalis Biodiversity Center	1	6
0	0	data/BGE00169_MGE-BGE_r1_1.3_1.5_s50_100.fasta	None	Tortricidae	BLAST	family	COI-5P	657	1536	Tortricidae	BGENL267-23_r_1_s_50	Apotomis geminata	0	BGENL267-23	1	50	False	False	8030738	2047	61	1536	2.0	168.0	86.6640625	83.0	Naturalis Biodiversity Center	1	6
0	0	data/BGE00169_MGE-BGE_r1_1.3_1.5_s50_100.fasta	None	Tortricidae	BLAST	family	COI-5P	657	1533	Tortricidae	BGENL267-23_r_1_s_100	Apotomis geminata	0	BGENL267-23	1	100	False	False	8030738	1193	61	1536	0.0	125.0	60.47265625	59.0	Naturalis Biodiversity Center	1	6
0	0	data/BGE00169_MGE-BGE_r1_1.3_1.5_s50_100.fasta	None	Tortricidae	BLAST	family	COI-5P	657	1536	Tortricidae	BGENL267-23_r_1.3_s_50	Apotomis geminata	0	BGENL267-23	1.3	50	False	False	8030738	2004	61	1536	2.0	168.0	84.50390625	80.0	Naturalis Biodiversity Center	1	6
0	0	data/BGE00169_MGE-BGE_r1_1.3_1.5_s50_100.fasta	None	Tortricidae	BLAST	family	COI-5P	657	1533	Tortricidae	BGENL267-23_r_1.3_s_100	Apotomis geminata	0	BGENL267-23	1.3	100	False	False	8030738	1173	61	1536	0.0	123.0	59.095703125	58.0	Naturalis Biodiversity Center	1	6
0	0	data/BGE00169_MGE-BGE_r1_1.3_1.5_s50_100.fasta	None	Tortricidae	BLAST	family	COI-5P	657	1536	Tortricidae	BGENL267-23_r_1.5_s_50	Apotomis geminata	0	BGENL267-23	1.5	50	False	False	8030738	1877	61	1536	2.0	168.0	79.568359375	77.0	Naturalis Biodiversity Center	1	6
0	0	data/BGE00169_MGE-BGE_r1_1.3_1.5_s50_100.fasta	None	Tortricidae	BLAST	family	COI-5P	657	1533	Tortricidae	BGENL267-23_r_1.5_s_100	Apotomis geminata	0	BGENL267-23	1.5	100	False	False	8030738	1140	61	1536	0.0	122.0	57.388671875	56.5	Naturalis Biodiversity Center	1	6
0	0	data/BGE00169_MGE-BGE_r1_1.3_1.5_s50_100.fasta	None	Tortricidae	BLAST	family	COI-5P	657	1530	Tortricidae	BGENL268-23_r_1_s_50	Cochylimorpha nodulana	0	BGENL268-23	1	50	False	False	16611830	6238	204	1530	6.0	492.0	323.89803921568625	319.0	Naturalis Biodiversity Center	1	6
0	0	data/BGE00169_MGE-BGE_r1_1.3_1.5_s50_100.fasta	None	Tortricidae	BLAST	family	COI-5P	657	1530	Tortricidae	BGENL268-23_r_1_s_100	Cochylimorpha nodulana	0	BGENL268-23	1	100	False	False	16611830	4454	204	1530	4.0	419.0	268.9490196078431	270.0	Naturalis Biodiversity Center	1	6
0	0	data/BGE00169_MGE-BGE_r1_1.3_1.5_s50_100.fasta	None	Tortricidae	BLAST	family	COI-5P	657	1530	Tortricidae	BGENL268-23_r_1.3_s_50	Cochylimorpha nodulana	0	BGENL268-23	1.3	50	False	False	16611830	6129	204	1530	6.0	488.0	320.3941176470588	316.5	Naturalis Biodiversity Center	1	6
0	0	data/BGE00169_MGE-BGE_r1_1.3_1.5_s50_100.fasta	None	Tortricidae	BLAST	family	COI-5P	657	1530	Tortricidae	BGENL268-23_r_1.3_s_100	Cochylimorpha nodulana	0	BGENL268-23	1.3	100	False	False	16611830	4445	204	1530	4.0	419.0	268.3588235294118	269.0	Naturalis Biodiversity Center	1	6
0	0	data/BGE00169_MGE-BGE_r1_1.3_1.5_s50_100.fasta	None	Tortricidae	BLAST	family	COI-5P	657	1530	Tortricidae	BGENL268-23_r_1.5_s_50	Cochylimorpha nodulana	0	BGENL268-23	1.5	50	False	False	16611830	5790	204	1530	6.0	483.0	305.95098039215685	310.5	Naturalis Biodiversity Center	1	6
0	0	data/BGE00169_MGE-BGE_r1_1.3_1.5_s50_100.fasta	None	Tortricidae	BLAST	family	COI-5P	657	1530	Tortricidae	BGENL268-23_r_1.5_s_100	Cochylimorpha nodulana	0	BGENL268-23	1.5	100	False	False	16611830	4312	204	1530	4.0	414.0	260.90784313725493	264.0	Naturalis Biodiversity Center	1	6
0	0	data/BGE00169_MGE-BGE_r1_1.3_1.5_s50_100.fasta	None	Tortricidae	BLAST	family	COI-5P	657	1530	Tortricidae	BGENL269-23_r_1_s_50	Commophila aeneana	0	BGENL269-23	1	50	False	False	34016438	16827	27	1530	619.0	1348.0	965.9098039215686	952.0	Naturalis Biodiversity Center	1	6
0	0	data/BGE00169_MGE-BGE_r1_1.3_1.5_s50_100.fasta	None	Tortricidae	BLAST	family	COI-5P	657	1530	Tortricidae	BGENL269-23_r_1_s_100	Commophila aeneana	0	BGENL269-23	1	100	False	False	34016438	12750	27	1530	355.0	1185.0	840.5823529411765	824.0	Naturalis Biodiversity Center	1	6
0	0	data/BGE00169_MGE-BGE_r1_1.3_1.5_s50_100.fasta	None	Tortricidae	BLAST	family	COI-5P	657	1530	Tortricidae	BGENL269-23_r_1.3_s_50	Commophila aeneana	0	BGENL269-23	1.3	50	False	False	34016438	16418	27	1530	618.0	1338.0	948.8450980392157	934.0	Naturalis Biodiversity Center	1	6
0	0	data/BGE00169_MGE-BGE_r1_1.3_1.5_s50_100.fasta	None	Tortricidae	BLAST	family	COI-5P	657	1530	Tortricidae	BGENL269-23_r_1.3_s_100	Commophila aeneana	0	BGENL269-23	1.3	100	False	False	34016438	12675	27	1530	354.0	1181.0	834.9313725490196	816.0	Naturalis Biodiversity Center	1	6
0	0	data/BGE00169_MGE-BGE_r1_1.3_1.5_s50_100.fasta	None	Tortricidae	BLAST	family	COI-5P	657	1530	Tortricidae	BGENL269-23_r_1.5_s_50	Commophila aeneana	0	BGENL269-23	1.5	50	False	False	34016438	15797	27	1530	498.0	1327.0	920.2627450980392	903.5	Naturalis Biodiversity Center	1	6
0	0	data/BGE00169_MGE-BGE_r1_1.3_1.5_s50_100.fasta	None	Tortricidae	BLAST	family	COI-5P	657	1530	Tortricidae	BGENL269-23_r_1.5_s_100	Commophila aeneana	0	BGENL269-23	1.5	100	False	False	34016438	12408	27	1530	351.0	1169.0	817.7	806.0	Naturalis Biodiversity Center	1	6
0	0	data/BGE00169_MGE-BGE_r1_1.3_1.5_s50_100.fasta	None	Tortricidae	BLAST	family	COI-5P	657	1533	Tortricidae	BGENL270-23_r_1_s_50	Cydia semicinctana	0	BGENL270-23	1	50	False	False	14960515	2063	23	1533	43.0	631.0	92.68493150684931	82.0	Naturalis Biodiversity Center	1	6
0	0	data/BGE00169_MGE-BGE_r1_1.3_1.5_s50_100.fasta	None	Tortricidae	BLAST	family	COI-5P	657	1533	Tortricidae	BGENL270-23_r_1_s_100	Cydia semicinctana	0	BGENL270-23	1	100	False	False	14960515	1085	23	1533	29.0	130.0	67.13894324853229	65.0	Naturalis Biodiversity Center	1	6
0	0	data/BGE00169_MGE-BGE_r1_1.3_1.5_s50_100.fasta	None	Tortricidae	BLAST	family	COI-5P	657	1533	Tortricidae	BGENL270-23_r_1.3_s_50	Cydia semicinctana	0	BGENL270-23	1.3	50	False	False	14960515	1969	23	1533	42.0	626.0	89.55381604696673	78.0	Naturalis Biodiversity Center	1	6
0	0	data/BGE00169_MGE-BGE_r1_1.3_1.5_s50_100.fasta	None	Tortricidae	BLAST	family	COI-5P	657	1533	Tortricidae	BGENL270-23_r_1.3_s_100	Cydia semicinctana	0	BGENL270-23	1.3	100	False	False	14960515	1080	23	1533	29.0	130.0	66.79647749510764	65.0	Naturalis Biodiversity Center	1	6
0	0	data/BGE00169_MGE-BGE_r1_1.3_1.5_s50_100.fasta	None	Tortricidae	BLAST	family	COI-5P	657	1533	Tortricidae	BGENL270-23_r_1.5_s_50	Cydia semicinctana	0	BGENL270-23	1.5	50	False	False	14960515	1384	23	1533	39.0	135.0	75.2563600782779	76.0	Naturalis Biodiversity Center	1	6
0	0	data/BGE00169_MGE-BGE_r1_1.3_1.5_s50_100.fasta	None	Tortricidae	BLAST	family	COI-5P	657	1533	Tortricidae	BGENL270-23_r_1.5_s_100	Cydia semicinctana	0	BGENL270-23	1.5	100	False	False	14960515	1068	23	1533	29.0	127.0	66.11545988258317	65.0	Naturalis Biodiversity Center	1	6
17	25	data/BGE00169_MGE-BGE_r1_1.3_1.5_s50_100.fasta	None	Tortricidae	BLAST	family	COI-5P	657	1530	Tortricidae	BGENL271-23_r_1_s_50	Dichrorampha harpeana	0	BGENL271-23	1	50	False	False	2366036	437	60	1536	0.0	42.0	21.3671875	20.0	Naturalis Biodiversity Center	1	6
18	40	data/BGE00169_MGE-BGE_r1_1.3_1.5_s50_100.fasta	None	Tortricidae	BLAST	family	COI-5P	657	1530	Tortricidae	BGENL271-23_r_1_s_100	Dichrorampha harpeana	0	BGENL271-23	1	100	False	False	2366036	269	60	1536	0.0	33.0	16.220703125	16.0	Naturalis Biodiversity Center	1	6
4	5	data/BGE00169_MGE-BGE_r1_1.3_1.5_s50_100.fasta	None	Tortricidae	BLAST	family	COI-5P	657	1530	Tortricidae	BGENL271-23_r_1.3_s_50	Dichrorampha harpeana	0	BGENL271-23	1.3	50	False	False	2366036	392	60	1536	0.0	40.0	18.84765625	18.0	Naturalis Biodiversity Center	1	6
5	15	data/BGE00169_MGE-BGE_r1_1.3_1.5_s50_100.fasta	None	Tortricidae	BLAST	family	COI-5P	657	1530	Tortricidae	BGENL271-23_r_1.3_s_100	Dichrorampha harpeana	0	BGENL271-23	1.3	100	False	False	2366036	245	60	1536	0.0	33.0	14.341796875	14.0	Naturalis Biodiversity Center	1	6
4	5	data/BGE00169_MGE-BGE_r1_1.3_1.5_s50_100.fasta	None	Tortricidae	BLAST	family	COI-5P	657	1530	Tortricidae	BGENL271-23_r_1.5_s_50	Dichrorampha harpeana	0	BGENL271-23	1.5	50	False	False	2366036	362	60	1536	0.0	36.0	17.09375	17.0	Naturalis Biodiversity Center	1	6
5	5	data/BGE00169_MGE-BGE_r1_1.3_1.5_s50_100.fasta	None	Tortricidae	BLAST	family	COI-5P	657	1530	Tortricidae	BGENL271-23_r_1.5_s_100	Dichrorampha harpeana	0	BGENL271-23	1.5	100	False	False	2366036	231	60	1536	0.0	28.0	13.189453125	13.0	Naturalis Biodiversity Center	1	6
0	0	data/BGE00169_MGE-BGE_r1_1.3_1.5_s50_100.fasta	None	Tortricidae	BLAST	family	COI-5P	657	1530	Tortricidae	BGENL272-23_r_1_s_50	Phtheochroa frigidana	0	BGENL272-23	1	50	False	False	18372351	4352	14	1530	67.0	426.0	207.10392156862744	193.0	Naturalis Biodiversity Center	1	6
0	0	data/BGE00169_MGE-BGE_r1_1.3_1.5_s50_100.fasta	None	Tortricidae	BLAST	family	COI-5P	657	1530	Tortricidae	BGENL272-23_r_1_s_100	Phtheochroa frigidana	0	BGENL272-23	1	100	False	False	18372351	2636	14	1530	49.0	349.0	154.04509803921567	144.0	Naturalis Biodiversity Center	1	6
0	0	data/BGE00169_MGE-BGE_r1_1.3_1.5_s50_100.fasta	None	Tortricidae	BLAST	family	COI-5P	657	1530	Tortricidae	BGENL272-23_r_1.3_s_50	Phtheochroa frigidana	0	BGENL272-23	1.3	50	False	False	18372351	4168	14	1530	60.0	422.0	200.76666666666668	182.5	Naturalis Biodiversity Center	1	6
0	0	data/BGE00169_MGE-BGE_r1_1.3_1.5_s50_100.fasta	None	Tortricidae	BLAST	family	COI-5P	657	1530	Tortricidae	BGENL272-23_r_1.3_s_100	Phtheochroa frigidana	0	BGENL272-23	1.3	100	False	False	18372351	2624	14	1530	49.0	349.0	153.2764705882353	143.0	Naturalis Biodiversity Center	1	6
0	0	data/BGE00169_MGE-BGE_r1_1.3_1.5_s50_100.fasta	None	Tortricidae	BLAST	family	COI-5P	657	1530	Tortricidae	BGENL272-23_r_1.5_s_50	Phtheochroa frigidana	0	BGENL272-23	1.5	50	False	False	18372351	3666	14	1530	55.0	417.0	180.39803921568628	165.0	Naturalis Biodiversity Center	1	6
0	0	data/BGE00169_MGE-BGE_r1_1.3_1.5_s50_100.fasta	None	Tortricidae	BLAST	family	COI-5P	657	1530	Tortricidae	BGENL272-23_r_1.5_s_100	Phtheochroa frigidana	0	BGENL272-23	1.5	100	False	False	18372351	2455	14	1530	48.0	349.0	144.19803921568626	131.0	Naturalis Biodiversity Center	1	6
0	0	data/BGE00169_MGE-BGE_r1_1.3_1.5_s50_100.fasta	None	Noctuidae	BLAST	family	COI-5P	657	1542	Noctuidae,Nolidae	BGENL273-23_r_1_s_50	Acontiola lascivalis	0	BGENL273-23	1	50	False	False	15534695	11565	208	1545	0.0	1157.0	623.7223300970874	597.0	Naturalis Biodiversity Center	1	6
0	0	data/BGE00169_MGE-BGE_r1_1.3_1.5_s50_100.fasta	None	Noctuidae	BLAST	family	COI-5P	657	1542	Noctuidae,Nolidae	BGENL273-23_r_1_s_100	Acontiola lascivalis	0	BGENL273-23	1	100	False	False	15534695	8609	208	1545	0.0	986.0	532.4970873786408	508.0	Naturalis Biodiversity Center	1	6
0	0	data/BGE00169_MGE-BGE_r1_1.3_1.5_s50_100.fasta	None	Noctuidae	BLAST	family	COI-5P	657	1542	Noctuidae,Nolidae	BGENL273-23_r_1.3_s_50	Acontiola lascivalis	0	BGENL273-23	1.3	50	False	False	15534695	11420	208	1545	0.0	1153.0	618.2446601941748	593.0	Naturalis Biodiversity Center	1	6
0	0	data/BGE00169_MGE-BGE_r1_1.3_1.5_s50_100.fasta	None	Noctuidae	BLAST	family	COI-5P	657	1542	Noctuidae,Nolidae	BGENL273-23_r_1.3_s_100	Acontiola lascivalis	0	BGENL273-23	1.3	100	False	False	15534695	8592	208	1545	0.0	982.0	531.3553398058252	508.0	Naturalis Biodiversity Center	1	6
0	0	data/BGE00169_MGE-BGE_r1_1.3_1.5_s50_100.fasta	None	Noctuidae	BLAST	family	COI-5P	657	1542	Noctuidae,Nolidae	BGENL273-23_r_1.5_s_50	Acontiola lascivalis	0	BGENL273-23	1.5	50	False	False	15534695	10865	208	1545	0.0	1144.0	593.7495145631068	573.0	Naturalis Biodiversity Center	1	6
0	0	data/BGE00169_MGE-BGE_r1_1.3_1.5_s50_100.fasta	None	Noctuidae	BLAST	family	COI-5P	657	1542	Noctuidae,Nolidae	BGENL273-23_r_1.5_s_100	Acontiola lascivalis	0	BGENL273-23	1.5	100	False	False	15534695	8360	208	1545	0.0	978.0	517.8582524271844	498.0	Naturalis Biodiversity Center	1	6
15	39	data/BGE00169_MGE-BGE_r1_1.3_1.5_s50_100.fasta	None	Tortricidae	BLAST	family	COI-5P	638	1497	Tortricidae	BGENL274-23_r_1_s_50	Pelochrista decolorana	0	BGENL274-23	1	50	False	False	1225384	308	43	1530	0.0	35.0	11.386274509803922	10.0	Naturalis Biodiversity Center	1	6
11	29	data/BGE00169_MGE-BGE_r1_1.3_1.5_s50_100.fasta	None	Tortricidae	BLAST	family	COI-5P	531	1344	Lycaenidae	BGENL274-23_r_1_s_100	Pelochrista decolorana	0	BGENL274-23	1	100	False	False	1225384	87	43	1530	0.0	15.0	5.090196078431372	4.0	Naturalis Biodiversity Center	1	6
14	24	data/BGE00169_MGE-BGE_r1_1.3_1.5_s50_100.fasta	None	Tortricidae	BLAST	family	COI-5P	638	1473	Tortricidae	BGENL274-23_r_1.3_s_50	Pelochrista decolorana	0	BGENL274-23	1.3	50	False	False	1225384	285	43	1530	0.0	30.0	9.790196078431373	10.0	Naturalis Biodiversity Center	1	6
11	17	data/BGE00169_MGE-BGE_r1_1.3_1.5_s50_100.fasta	None	Tortricidae	BLAST	family	COI-5P	531	1251	Tortricidae,Limacodidae,Pyralidae,Crambidae,Geometridae,Uraniidae	BGENL274-23_r_1.3_s_100	Pelochrista decolorana	0	BGENL274-23	1.3	100	False	False	1225384	70	43	1530	0.0	12.0	3.649019607843137	2.0	Naturalis Biodiversity Center	1	6
18	26	data/BGE00169_MGE-BGE_r1_1.3_1.5_s50_100.fasta	None	Tortricidae	BLAST	family	COI-5P	638	1446	Tortricidae	BGENL274-23_r_1.5_s_50	Pelochrista decolorana	0	BGENL274-23	1.5	50	False	False	1225384	252	43	1530	0.0	28.0	8.617647058823529	8.0	Naturalis Biodiversity Center	1	6
11	16	data/BGE00169_MGE-BGE_r1_1.3_1.5_s50_100.fasta	None	Tortricidae	BLAST	family	COI-5P	448	1077	Limacodidae,Pyralidae,Crambidae,Geometridae,Uraniidae	BGENL274-23_r_1.5_s_100	Pelochrista decolorana	0	BGENL274-23	1.5	100	False	False	1225384	60	43	1530	0.0	12.0	3.0941176470588236	2.0	Naturalis Biodiversity Center	1	6
0	0	data/BGE00169_MGE-BGE_r1_1.3_1.5_s50_100.fasta	None	Tortricidae	BLAST	family	COI-5P	657	1536	Tortricidae	BGENL275-23_r_1_s_50	Clepsis aerosana	0	BGENL275-23	1	50	False	False	10389646	2304	18	1536	12.0	151.0	93.50390625	94.0	Naturalis Biodiversity Center	1	6
0	0	data/BGE00169_MGE-BGE_r1_1.3_1.5_s50_100.fasta	None	Tortricidae	BLAST	family	COI-5P	657	1533	Tortricidae	BGENL275-23_r_1_s_100	Clepsis aerosana	0	BGENL275-23	1	100	False	False	10389646	1107	18	1536	0.0	122.0	57.390625	55.5	Naturalis Biodiversity Center	1	6
0	0	data/BGE00169_MGE-BGE_r1_1.3_1.5_s50_100.fasta	None	Tortricidae	BLAST	family	COI-5P	657	1536	Tortricidae	BGENL275-23_r_1.3_s_50	Clepsis aerosana	0	BGENL275-23	1.3	50	False	False	10389646	2262	18	1536	12.0	150.0	91.61328125	92.0	Naturalis Biodiversity Center	1	6
0	0	data/BGE00169_MGE-BGE_r1_1.3_1.5_s50_100.fasta	None	Tortricidae	BLAST	family	COI-5P	657	1533	Tortricidae	BGENL275-23_r_1.3_s_100	Clepsis aerosana	0	BGENL275-23	1.3	100	False	False	10389646	1099	18	1536	0.0	122.0	56.7265625	55.0	Naturalis Biodiversity Center	1	6
0	0	data/BGE00169_MGE-BGE_r1_1.3_1.5_s50_100.fasta	None	Tortricidae	BLAST	family	COI-5P	657	1536	Tortricidae	BGENL275-23_r_1.5_s_50	Clepsis aerosana	0	BGENL275-23	1.5	50	False	False	10389646	2069	18	1536	8.0	142.0	84.11328125	88.0	Naturalis Biodiversity Center	1	6
0	0	data/BGE00169_MGE-BGE_r1_1.3_1.5_s50_100.fasta	None	Tortricidae	BLAST	family	COI-5P	657	1533	Tortricidae	BGENL275-23_r_1.5_s_100	Clepsis aerosana	0	BGENL275-23	1.5	100	False	False	10389646	1049	18	1536	0.0	114.0	53.962890625	52.0	Naturalis Biodiversity Center	1	6
0	0	data/BGE00169_MGE-BGE_r1_1.3_1.5_s50_100.fasta	None	Crambidae	BLAST	family	COI-5P	656	1533	Crambidae	BGENL276-23_r_1_s_50	Achyra	0	BGENL276-23	1	50	False	False	42069879	25215	288	1533	29.0	2388.0	1818.7534246575342	1799.0	Naturalis Biodiversity Center	1	6
0	0	data/BGE00169_MGE-BGE_r1_1.3_1.5_s50_100.fasta	None	Crambidae	BLAST	family	COI-5P	656	1533	Crambidae	BGENL276-23_r_1_s_100	Achyra	0	BGENL276-23	1	100	False	False	42069879	22038	288	1533	9.0	2304.0	1722.8199608610566	1708.0	Naturalis Biodiversity Center	1	6
0	0	data/BGE00169_MGE-BGE_r1_1.3_1.5_s50_100.fasta	None	Crambidae	BLAST	family	COI-5P	656	1533	Crambidae	BGENL276-23_r_1.3_s_50	Achyra	0	BGENL276-23	1.3	50	False	False	42069879	24392	288	1533	17.0	2375.0	1781.123287671233	1747.0	Naturalis Biodiversity Center	1	6
0	0	data/BGE00169_MGE-BGE_r1_1.3_1.5_s50_100.fasta	None	Crambidae	BLAST	family	COI-5P	656	1530	Crambidae	BGENL276-23_r_1.3_s_100	Achyra	0	BGENL276-23	1.3	100	False	False	42069879	21828	288	1533	0.0	2294.0	1705.7005870841488	1689.0	Naturalis Biodiversity Center	1	6
0	0	data/BGE00169_MGE-BGE_r1_1.3_1.5_s50_100.fasta	None	Crambidae	BLAST	family	COI-5P	656	1533	Crambidae	BGENL276-23_r_1.5_s_50	Achyra	0	BGENL276-23	1.5	50	False	False	42069879	23989	288	1533	13.0	2356.0	1761.8375733855187	1729.0	Naturalis Biodiversity Center	1	6
0	0	data/BGE00169_MGE-BGE_r1_1.3_1.5_s50_100.fasta	None	Crambidae	BLAST	family	COI-5P	656	1530	Crambidae	BGENL276-23_r_1.5_s_100	Achyra	0	BGENL276-23	1.5	100	False	False	42069879	21643	288	1533	0.0	2289.0	1693.0567514677105	1677.0	Naturalis Biodiversity Center	1	6
0	0	data/BGE00169_MGE-BGE_r1_1.3_1.5_s50_100.fasta	None	Tortricidae	BLAST	family	COI-5P	657	1536	Tortricidae	BGENL277-23_r_1_s_50	Pandemis chondrillana	0	BGENL277-23	1	50	False	False	12955897	8663	99	1536	2.0	769.0	458.1015625	455.5	Naturalis Biodiversity Center	1	6
0	0	data/BGE00169_MGE-BGE_r1_1.3_1.5_s50_100.fasta	None	Tortricidae	BLAST	family	COI-5P	657	1533	Tortricidae	BGENL277-23_r_1_s_100	Pandemis chondrillana	0	BGENL277-23	1	100	False	False	12955897	6404	99	1536	0.0	655.0	389.724609375	390.5	Naturalis Biodiversity Center	1	6
0	0	data/BGE00169_MGE-BGE_r1_1.3_1.5_s50_100.fasta	None	Tortricidae	BLAST	family	COI-5P	657	1536	Tortricidae	BGENL277-23_r_1.3_s_50	Pandemis chondrillana	0	BGENL277-23	1.3	50	False	False	12955897	8575	99	1536	2.0	768.0	454.92578125	451.5	Naturalis Biodiversity Center	1	6
0	0	data/BGE00169_MGE-BGE_r1_1.3_1.5_s50_100.fasta	None	Tortricidae	BLAST	family	COI-5P	657	1533	Tortricidae	BGENL277-23_r_1.3_s_100	Pandemis chondrillana	0	BGENL277-23	1.3	100	False	False	12955897	6396	99	1536	0.0	655.0	389.2421875	390.0	Naturalis Biodiversity Center	1	6
0	0	data/BGE00169_MGE-BGE_r1_1.3_1.5_s50_100.fasta	None	Tortricidae	BLAST	family	COI-5P	657	1536	Tortricidae	BGENL277-23_r_1.5_s_50	Pandemis chondrillana	0	BGENL277-23	1.5	50	False	False	12955897	8251	99	1536	1.0	763.0	440.533203125	432.5	Naturalis Biodiversity Center	1	6
0	0	data/BGE00169_MGE-BGE_r1_1.3_1.5_s50_100.fasta	None	Tortricidae	BLAST	family	COI-5P	657	1533	Tortricidae	BGENL277-23_r_1.5_s_100	Pandemis chondrillana	0	BGENL277-23	1.5	100	False	False	12955897	6240	99	1536	0.0	650.0	380.49609375	378.0	Naturalis Biodiversity Center	1	6
0	0	data/BGE00169_MGE-BGE_r1_1.3_1.5_s50_100.fasta	None	Pyralidae	BLAST	family	COI-5P	657	1530	Pyralidae	BGENL278-23_r_1_s_50	Acrobasis dulcella	0	BGENL278-23	1	50	False	False	8695851	5625	246	1530	130.0	480.0	249.92745098039217	232.0	Naturalis Biodiversity Center	1	6
0	0	data/BGE00169_MGE-BGE_r1_1.3_1.5_s50_100.fasta	None	Pyralidae	BLAST	family	COI-5P	657	1530	Pyralidae	BGENL278-23_r_1_s_100	Acrobasis dulcella	0	BGENL278-23	1	100	False	False	8695851	3300	246	1530	86.0	339.0	180.04901960784315	168.5	Naturalis Biodiversity Center	1	6
0	0	data/BGE00169_MGE-BGE_r1_1.3_1.5_s50_100.fasta	None	Pyralidae	BLAST	family	COI-5P	657	1530	Pyralidae	BGENL278-23_r_1.3_s_50	Acrobasis dulcella	0	BGENL278-23	1.3	50	False	False	8695851	5549	246	1530	128.0	477.0	246.59411764705882	229.0	Naturalis Biodiversity Center	1	6
0	0	data/BGE00169_MGE-BGE_r1_1.3_1.5_s50_100.fasta	None	Pyralidae	BLAST	family	COI-5P	657	1530	Pyralidae	BGENL278-23_r_1.3_s_100	Acrobasis dulcella	0	BGENL278-23	1.3	100	False	False	8695851	3281	246	1530	86.0	337.0	178.63529411764705	168.0	Naturalis Biodiversity Center	1	6
0	0	data/BGE00169_MGE-BGE_r1_1.3_1.5_s50_100.fasta	None	Pyralidae	BLAST	family	COI-5P	657	1530	Pyralidae	BGENL278-23_r_1.5_s_50	Acrobasis dulcella	0	BGENL278-23	1.5	50	False	False	8695851	5317	246	1530	128.0	458.0	237.43529411764706	222.0	Naturalis Biodiversity Center	1	6
0	0	data/BGE00169_MGE-BGE_r1_1.3_1.5_s50_100.fasta	None	Pyralidae	BLAST	family	COI-5P	657	1530	Pyralidae	BGENL278-23_r_1.5_s_100	Acrobasis dulcella	0	BGENL278-23	1.5	100	False	False	8695851	3208	246	1530	83.0	335.0	174.31960784313725	163.5	Naturalis Biodiversity Center	1	6
0	0	data/BGE00169_MGE-BGE_r1_1.3_1.5_s50_100.fasta	None	Tortricidae	BLAST	family	COI-5P	657	1536	Tortricidae	BGENL279-23_r_1_s_50	Apotomis lutosana	0	BGENL279-23	1	50	False	False	16031542	2752	461	1536	3.0	238.0	124.390625	116.0	Naturalis Biodiversity Center	1	6
0	1	data/BGE00169_MGE-BGE_r1_1.3_1.5_s50_100.fasta	None	Tortricidae	BLAST	family	COI-5P	657	1536	Tortricidae	BGENL279-23_r_1_s_100	Apotomis lutosana	0	BGENL279-23	1	100	False	False	16031542	1637	461	1536	4.0	177.0	90.296875	85.5	Naturalis Biodiversity Center	1	6
0	0	data/BGE00169_MGE-BGE_r1_1.3_1.5_s50_100.fasta	None	Tortricidae	BLAST	family	COI-5P	657	1536	Tortricidae	BGENL279-23_r_1.3_s_50	Apotomis lutosana	0	BGENL279-23	1.3	50	False	False	16031542	2678	461	1536	3.0	238.0	121.587890625	111.5	Naturalis Biodiversity Center	1	6
0	1	data/BGE00169_MGE-BGE_r1_1.3_1.5_s50_100.fasta	None	Tortricidae	BLAST	family	COI-5P	657	1536	Tortricidae	BGENL279-23_r_1.3_s_100	Apotomis lutosana	0	BGENL279-23	1.3	100	False	False	16031542	1627	461	1536	4.0	175.0	89.58984375	84.0	Naturalis Biodiversity Center	1	6
0	1	data/BGE00169_MGE-BGE_r1_1.3_1.5_s50_100.fasta	None	Tortricidae	BLAST	family	COI-5P	657	1536	Tortricidae	BGENL279-23_r_1.5_s_50	Apotomis lutosana	0	BGENL279-23	1.5	50	False	False	16031542	2461	461	1536	2.0	235.0	112.658203125	104.0	Naturalis Biodiversity Center	1	6
0	0	data/BGE00169_MGE-BGE_r1_1.3_1.5_s50_100.fasta	None	Tortricidae	BLAST	family	COI-5P	657	1536	Tortricidae	BGENL279-23_r_1.5_s_100	Apotomis lutosana	0	BGENL279-23	1.5	100	False	False	16031542	1556	461	1536	3.0	174.0	85.5703125	79.0	Naturalis Biodiversity Center	1	6
0	0	data/BGE00169_MGE-BGE_r1_1.3_1.5_s50_100.fasta	None	Tortricidae	BLAST	family	COI-5P	657	1530	Tortricidae	BGENL280-23_r_1_s_50	Cochylimorpha hedemanniana	0	BGENL280-23	1	50	False	False	6616374	3784	73	1530	65.0	304.0	147.56470588235294	138.0	Naturalis Biodiversity Center	1	6
0	0	data/BGE00169_MGE-BGE_r1_1.3_1.5_s50_100.fasta	None	Tortricidae	BLAST	family	COI-5P	657	1530	Tortricidae	BGENL280-23_r_1_s_100	Cochylimorpha hedemanniana	0	BGENL280-23	1	100	False	False	6616374	1663	73	1530	19.0	175.0	84.58431372549019	82.0	Naturalis Biodiversity Center	1	6
0	0	data/BGE00169_MGE-BGE_r1_1.3_1.5_s50_100.fasta	None	Tortricidae	BLAST	family	COI-5P	657	1530	Tortricidae	BGENL280-23_r_1.3_s_50	Cochylimorpha hedemanniana	0	BGENL280-23	1.3	50	False	False	6616374	3735	73	1530	65.0	302.0	145.2235294117647	135.0	Naturalis Biodiversity Center	1	6
0	0	data/BGE00169_MGE-BGE_r1_1.3_1.5_s50_100.fasta	None	Tortricidae	BLAST	family	COI-5P	657	1530	Tortricidae	BGENL280-23_r_1.3_s_100	Cochylimorpha hedemanniana	0	BGENL280-23	1.3	100	False	False	6616374	1650	73	1530	19.0	175.0	83.41960784313726	80.0	Naturalis Biodiversity Center	1	6
0	0	data/BGE00169_MGE-BGE_r1_1.3_1.5_s50_100.fasta	None	Tortricidae	BLAST	family	COI-5P	657	1530	Tortricidae	BGENL280-23_r_1.5_s_50	Cochylimorpha hedemanniana	0	BGENL280-23	1.5	50	False	False	6616374	3592	73	1530	55.0	278.0	139.95686274509805	132.0	Naturalis Biodiversity Center	1	6
0	0	data/BGE00169_MGE-BGE_r1_1.3_1.5_s50_100.fasta	None	Tortricidae	BLAST	family	COI-5P	657	1530	Tortricidae	BGENL280-23_r_1.5_s_100	Cochylimorpha hedemanniana	0	BGENL280-23	1.5	100	False	False	6616374	1628	73	1530	18.0	174.0	82.16470588235295	79.0	Naturalis Biodiversity Center	1	6
5	6	data/BGE00169_MGE-BGE_r1_1.3_1.5_s50_100.fasta	None	Tortricidae	BLAST	family	COI-5P	657	1533	Tortricidae	BGENL281-23_r_1_s_50	Cydia adenocarpi	0	BGENL281-23	1	50	False	False	2603988	911	13	1533	4.0	80.0	34.86888454011741	32.0	Naturalis Biodiversity Center	1	6
5	11	data/BGE00169_MGE-BGE_r1_1.3_1.5_s50_100.fasta	None	Tortricidae	BLAST	family	COI-5P	657	1533	Tortricidae	BGENL281-23_r_1_s_100	Cydia adenocarpi	0	BGENL281-23	1	100	False	False	2603988	359	13	1533	2.0	57.0	18.80234833659491	17.0	Naturalis Biodiversity Center	1	6
0	1	data/BGE00169_MGE-BGE_r1_1.3_1.5_s50_100.fasta	None	Tortricidae	BLAST	family	COI-5P	657	1533	Tortricidae	BGENL281-23_r_1.3_s_50	Cydia adenocarpi	0	BGENL281-23	1.3	50	False	False	2603988	876	13	1533	4.0	80.0	33.037181996086105	30.0	Naturalis Biodiversity Center	1	6
5	6	data/BGE00169_MGE-BGE_r1_1.3_1.5_s50_100.fasta	None	Tortricidae	BLAST	family	COI-5P	657	1533	Tortricidae	BGENL281-23_r_1.3_s_100	Cydia adenocarpi	0	BGENL281-23	1.3	100	False	False	2603988	342	13	1533	2.0	54.0	17.504892367906066	15.0	Naturalis Biodiversity Center	1	6
0	1	data/BGE00169_MGE-BGE_r1_1.3_1.5_s50_100.fasta	None	Tortricidae	BLAST	family	COI-5P	657	1533	Tortricidae	BGENL281-23_r_1.5_s_50	Cydia adenocarpi	0	BGENL281-23	1.5	50	False	False	2603988	814	13	1533	4.0	80.0	30.76320939334638	28.0	Naturalis Biodiversity Center	1	6
1	3	data/BGE00169_MGE-BGE_r1_1.3_1.5_s50_100.fasta	None	Tortricidae	BLAST	family	COI-5P	657	1533	Tortricidae	BGENL281-23_r_1.5_s_100	Cydia adenocarpi	0	BGENL281-23	1.5	100	False	False	2603988	325	13	1533	2.0	52.0	16.544031311154598	15.0	Naturalis Biodiversity Center	1	6
0	0	data/BGE00169_MGE-BGE_r1_1.3_1.5_s50_100.fasta	None	Pyralidae	BLAST	family	COI-5P	657	1530	Pyralidae	BGENL282-23_r_1_s_50	Acrobasis romanella	0	BGENL282-23	1	50	False	False	28674369	3629	0	1530	112.0	314.0	193.81176470588235	191.0	Naturalis Biodiversity Center	1	6
0	0	data/BGE00169_MGE-BGE_r1_1.3_1.5_s50_100.fasta	None	Pyralidae	BLAST	family	COI-5P	657	1530	Pyralidae	BGENL282-23_r_1_s_100	Acrobasis romanella	0	BGENL282-23	1	100	False	False	28674369	2449	0	1530	90.0	261.0	158.2313725490196	159.0	Naturalis Biodiversity Center	1	6
0	0	data/BGE00169_MGE-BGE_r1_1.3_1.5_s50_100.fasta	None	Pyralidae	BLAST	family	COI-5P	657	1530	Pyralidae	BGENL282-23_r_1.3_s_50	Acrobasis romanella	0	BGENL282-23	1.3	50	False	False	28674369	3426	0	1530	110.0	311.0	186.88039215686274	185.0	Naturalis Biodiversity Center	1	6
0	0	data/BGE00169_MGE-BGE_r1_1.3_1.5_s50_100.fasta	None	Pyralidae	BLAST	family	COI-5P	657	1530	Pyralidae	BGENL282-23_r_1.3_s_100	Acrobasis romanella	0	BGENL282-23	1.3	100	False	False	28674369	2438	0	1530	90.0	261.0	157.51176470588234	158.0	Naturalis Biodiversity Center	1	6
0	0	data/BGE00169_MGE-BGE_r1_1.3_1.5_s50_100.fasta	None	Pyralidae	BLAST	family	COI-5P	657	1530	Pyralidae	BGENL282-23_r_1.5_s_50	Acrobasis romanella	0	BGENL282-23	1.5	50	False	False	28674369	3181	0	1530	94.0	300.0	176.87450980392157	176.5	Naturalis Biodiversity Center	1	6
0	0	data/BGE00169_MGE-BGE_r1_1.3_1.5_s50_100.fasta	None	Pyralidae	BLAST	family	COI-5P	657	1530	Pyralidae	BGENL282-23_r_1.5_s_100	Acrobasis romanella	0	BGENL282-23	1.5	100	False	False	28674369	2364	0	1530	81.0	255.0	152.75882352941176	154.5	Naturalis Biodiversity Center	1	6
23	39	data/BGE00169_MGE-BGE_r1_1.3_1.5_s50_100.fasta	None	Tortricidae	BLAST	family	COI-5P	498	1167	Bombycidae,Noctuidae,Nymphalidae	BGENL283-23_r_1_s_50	Ditula joannisiana	5	BGENL283-23	1	50	False	False	188761	54	1	1536	0.0	7.0	2.822265625	3.0	Naturalis Biodiversity Center	1	6
23	35	data/BGE00169_MGE-BGE_r1_1.3_1.5_s50_100.fasta	None	Tortricidae	BLAST	family	COI-5P	483	1020	Nymphalidae,Riodinidae,Pyralidae,Geometridae	BGENL283-23_r_1_s_100	Ditula joannisiana	0	BGENL283-23	1	100	False	False	188761	37	1	1536	0.0	7.0	2.275390625	2.0	Naturalis Biodiversity Center	1	6
22	34	data/BGE00169_MGE-BGE_r1_1.3_1.5_s50_100.fasta	None	Tortricidae	BLAST	family	COI-5P	531	1167	Nymphalidae	BGENL283-23_r_1.3_s_50	Ditula joannisiana	5	BGENL283-23	1.3	50	False	False	188761	52	1	1536	0.0	7.0	2.673828125	2.0	Naturalis Biodiversity Center	1	6
20	32	data/BGE00169_MGE-BGE_r1_1.3_1.5_s50_100.fasta	None	Tortricidae	BLAST	family	COI-5P	420	1020	Noctuidae,Nymphalidae	BGENL283-23_r_1.3_s_100	Ditula joannisiana	0	BGENL283-23	1.3	100	False	False	188761	35	1	1536	0.0	7.0	2.126953125	2.0	Naturalis Biodiversity Center	1	6
22	34	data/BGE00169_MGE-BGE_r1_1.3_1.5_s50_100.fasta	None	Tortricidae	BLAST	family	COI-5P	531	1071	Nymphalidae	BGENL283-23_r_1.5_s_50	Ditula joannisiana	5	BGENL283-23	1.5	50	False	False	188761	47	1	1536	0.0	7.0	2.431640625	2.0	Naturalis Biodiversity Center	1	6
20	32	data/BGE00169_MGE-BGE_r1_1.3_1.5_s50_100.fasta	None	Tortricidae	BLAST	family	COI-5P	420	924	Noctuidae,Nymphalidae	BGENL283-23_r_1.5_s_100	Ditula joannisiana	2	BGENL283-23	1.5	100	False	False	188761	33	1	1536	0.0	7.0	2.001953125	2.0	Naturalis Biodiversity Center	1	6
3	4	data/BGE00169_MGE-BGE_r1_1.3_1.5_s50_100.fasta	None	Tortricidae	BLAST	family	COI-5P	657	1530	Tortricidae	BGENL284-23_r_1_s_50	Eucosma fervidana	0	BGENL284-23	1	50	False	False	7497870	2329	61	1530	17.0	239.0	91.32745098039216	73.5	Naturalis Biodiversity Center	1	6
6	14	data/BGE00169_MGE-BGE_r1_1.3_1.5_s50_100.fasta	None	Tortricidae	BLAST	family	COI-5P	657	1530	Tortricidae	BGENL284-23_r_1_s_100	Eucosma fervidana	0	BGENL284-23	1	100	False	False	7497870	946	61	1530	7.0	152.0	48.93921568627451	38.0	Naturalis Biodiversity Center	1	6
0	0	data/BGE00169_MGE-BGE_r1_1.3_1.5_s50_100.fasta	None	Tortricidae	BLAST	family	COI-5P	657	1530	Tortricidae	BGENL284-23_r_1.3_s_50	Eucosma fervidana	0	BGENL284-23	1.3	50	False	False	7497870	2240	61	1530	17.0	239.0	86.60196078431373	69.5	Naturalis Biodiversity Center	1	6
4	6	data/BGE00169_MGE-BGE_r1_1.3_1.5_s50_100.fasta	None	Tortricidae	BLAST	family	COI-5P	657	1530	Tortricidae	BGENL284-23_r_1.3_s_100	Eucosma fervidana	0	BGENL284-23	1.3	100	False	False	7497870	911	61	1530	5.0	147.0	46.23725490196078	36.0	Naturalis Biodiversity Center	1	6
0	0	data/BGE00169_MGE-BGE_r1_1.3_1.5_s50_100.fasta	None	Tortricidae	BLAST	family	COI-5P	657	1530	Tortricidae	BGENL284-23_r_1.5_s_50	Eucosma fervidana	0	BGENL284-23	1.5	50	False	False	7497870	2048	61	1530	12.0	231.0	78.97058823529412	62.0	Naturalis Biodiversity Center	1	6
0	2	data/BGE00169_MGE-BGE_r1_1.3_1.5_s50_100.fasta	None	Tortricidae	BLAST	family	COI-5P	657	1530	Tortricidae	BGENL284-23_r_1.5_s_100	Eucosma fervidana	0	BGENL284-23	1.5	100	False	False	7497870	867	61	1530	5.0	136.0	43.44313725490196	31.0	Naturalis Biodiversity Center	1	6
0	6	data/BGE00169_MGE-BGE_r1_1.3_1.5_s50_100.fasta	None	Noctuidae	BLAST	family	COI-5P	657	1545	Noctuidae,Euteliidae	BGENL285-23_r_1_s_50	Acontiola	0	BGENL285-23	1	50	False	False	1090321	388	11	1545	2.0	51.0	15.170873786407768	14.0	Naturalis Biodiversity Center	1	6
2	7	data/BGE00169_MGE-BGE_r1_1.3_1.5_s50_100.fasta	None	Noctuidae	BLAST	family	COI-5P	600	1479	Noctuidae,Erebidae,Nymphalidae,Crambidae	BGENL285-23_r_1_s_100	Acontiola	0	BGENL285-23	1	100	False	False	1090321	147	11	1545	0.0	20.0	7.910679611650486	8.0	Naturalis Biodiversity Center	1	6
0	3	data/BGE00169_MGE-BGE_r1_1.3_1.5_s50_100.fasta	None	Noctuidae	BLAST	family	COI-5P	657	1545	Noctuidae,Euteliidae	BGENL285-23_r_1.3_s_50	Acontiola	0	BGENL285-23	1.3	50	False	False	1090321	379	11	1545	2.0	51.0	14.893203883495145	14.0	Naturalis Biodiversity Center	1	6
2	7	data/BGE00169_MGE-BGE_r1_1.3_1.5_s50_100.fasta	None	Noctuidae	BLAST	family	COI-5P	600	1479	Noctuidae,Erebidae,Nymphalidae,Crambidae	BGENL285-23_r_1.3_s_100	Acontiola	0	BGENL285-23	1.3	100	False	False	1090321	147	11	1545	0.0	20.0	7.910679611650486	8.0	Naturalis Biodiversity Center	1	6
0	1	data/BGE00169_MGE-BGE_r1_1.3_1.5_s50_100.fasta	None	Noctuidae	BLAST	family	COI-5P	657	1545	Noctuidae,Euteliidae	BGENL285-23_r_1.5_s_50	Acontiola	0	BGENL285-23	1.5	50	False	False	1090321	337	11	1545	1.0	46.0	13.095145631067961	12.0	Naturalis Biodiversity Center	1	6
2	3	data/BGE00169_MGE-BGE_r1_1.3_1.5_s50_100.fasta	None	Noctuidae	BLAST	family	COI-5P	600	1464	Noctuidae,Nymphalidae,Crambidae	BGENL285-23_r_1.5_s_100	Acontiola	0	BGENL285-23	1.5	100	False	False	1090321	135	11	1545	0.0	17.0	7.168932038834951	8.0	Naturalis Biodiversity Center	1	6
